Host,Vcs,Project,File,Buggy,PL,IssueTracking,TLOC,TNF,TNC,TND,LOC,CL,NStmt,NFunc,RCC,MNL,avg_WMC,max_WMC,total_WMC,avg_DIT,max_DIT,total_DIT,avg_RFC,max_RFC,total_RFC,avg_NOC,max_NOC,total_NOC,avg_CBO,max_CBO,total_CBO,avg_DIT.1,max_DIT.1,total_DIT.1,avg_NIV,max_NIV,total_NIV,avg_NIM,max_NIM,total_NIM,avg_NOM,max_NOM,total_NOM,avg_NPBM,max_NPBM,total_NPBM,avg_NPM,max_NPM,total_NPM,avg_NPRM,max_NPRM,total_NPRM,avg_CC,max_CC,total_CC,avg_FANIN,max_FANIN,total_FANIN,avg_FANOUT,max_FANOUT,total_FANOUT,NRev,NFix,avg_AddedLOC,max_AddedLOC,total_AddedLOC,avg_DeletedLOC,max_DeletedLOC,total_DeletedLOC,avg_ModifiedLOC,max_ModifiedLOC,total_ModifiedLOC
sf,svn,acegisecurity,/spring-security/trunk/acl/src/main/java/org/springframework/security/acls/domain/AclImpl.java,clean,java,IssueFalse,22713,231,2748,16,9,10,9,8,8,10,10,10,10,5,4,7,8,8,8,9,9,9,5,5,4,5,4,7,10,9,8,10,9,9,10,9,9,10,10,9,8,8,8,9,9,9,8,9,10,8,10,9,5,6,9,7,10,5,6,6,10,9,10,9,8,7
sf,svn,acegisecurity,/spring-security/trunk/acl/src/main/java/org/springframework/security/acls/jdbc/BasicLookupStrategy.java,buggy,java,IssueFalse,22713,231,2748,16,10,10,9,8,9,10,7,9,9,5,4,10,6,7,9,9,9,9,7,10,10,5,4,10,6,8,8,5,7,9,5,6,9,5,8,9,8,8,8,9,10,10,7,8,9,5,6,8,8,8,9,8,7,8,7,8,8,8,9,10,10,10
sf,svn,acegisecurity,/spring-security/trunk/acl/src/main/java/org/springframework/security/acls/jdbc/JdbcAclService.java,clean,java,IssueFalse,22713,231,2748,16,6,6,5,5,8,7,4,5,5,5,4,8,6,6,8,10,10,10,5,5,7,5,4,8,6,7,5,4,6,6,4,5,5,5,7,7,8,8,8,7,7,7,5,5,5,7,5,6,5,4,6,8,7,5,6,6,5,7,7,6,6,6
sf,svn,acegisecurity,/spring-security/trunk/acl/src/main/java/org/springframework/security/acls/jdbc/JdbcMutableAclService.java,clean,java,IssueFalse,22713,231,2748,16,9,10,9,8,9,9,8,9,9,6,9,9,7,8,8,9,9,9,6,6,8,6,9,9,9,10,9,7,9,8,8,8,8,6,7,7,10,10,10,7,8,8,6,7,9,8,7,9,7,7,9,8,7,6,7,7,8,8,8,9,9,9
sf,svn,acegisecurity,/spring-security/trunk/acl/src/main/java/org/springframework/security/acls/objectidentity/ObjectIdentityImpl.java,clean,java,IssueFalse,22713,231,2748,16,6,8,6,5,9,5,7,6,6,5,4,7,7,7,7,9,9,9,5,5,4,5,4,7,7,7,5,7,7,6,7,6,6,8,8,7,8,8,8,7,7,7,5,6,6,9,10,8,6,5,6,5,7,3,3,3,4,5,5,5,4,3
sf,svn,acegisecurity,/spring-security/trunk/acl/src/test/java/org/springframework/security/acls/domain/AclImplementationSecurityCheckTests.java,clean,java,IssueFalse,22713,231,2748,16,9,7,8,5,6,5,9,8,8,9,9,8,7,6,7,9,9,9,5,4,4,9,9,8,4,4,3,6,6,5,7,5,5,6,5,5,10,10,10,7,7,7,9,8,8,1,2,2,8,6,7,5,10,3,3,3,4,5,5,8,6,5
sf,svn,acegisecurity,/spring-security/trunk/acl/src/test/java/org/springframework/security/acls/jdbc/BasicLookupStrategyTests.java,clean,java,IssueFalse,22713,231,2748,16,9,4,9,7,4,5,8,7,7,5,4,7,7,7,7,9,9,9,7,6,6,5,4,7,6,6,4,8,8,7,9,8,8,9,9,9,8,8,8,9,9,9,4,4,7,3,7,6,6,8,8,5,7,5,5,5,7,6,7,5,4,3
sf,svn,acegisecurity,/spring-security/trunk/acl/src/test/java/org/springframework/security/acls/jdbc/JdbcAclServiceTests.java,clean,java,IssueFalse,22713,231,2748,16,9,10,9,7,9,5,9,8,8,9,9,8,7,7,7,9,9,9,8,7,6,9,9,8,8,7,6,9,8,8,9,8,7,9,9,8,10,10,10,7,7,7,6,6,8,3,6,5,8,10,9,8,7,4,5,5,8,9,9,6,6,6
sf,svn,acegisecurity,/spring-security/trunk/core-tiger/src/test/java/org/springframework/security/annotation/BusinessService.java,buggy,java,IssueFalse,22713,231,2748,16,2,3,1,4,10,3,4,4,3,1,1,5,5,5,6,10,10,10,1,1,1,1,1,5,4,4,3,6,5,5,6,4,4,6,6,6,8,8,8,7,7,7,3,3,3,4,6,4,2,2,2,8,7,5,5,6,6,7,7,4,4,4
sf,svn,acegisecurity,/spring-security/trunk/core-tiger/src/test/java/org/springframework/security/annotation/Jsr250BusinessServiceImpl.java,buggy,java,IssueFalse,22713,231,2748,16,2,2,1,4,7,3,4,4,3,5,4,7,6,6,7,9,9,9,1,1,1,5,4,7,4,4,3,6,5,5,6,4,4,6,6,6,8,8,8,7,7,7,3,3,3,1,2,2,2,2,2,8,7,4,4,4,5,6,6,4,4,4
sf,svn,acegisecurity,/spring-security/trunk/core-tiger/src/test/java/org/springframework/security/config/GlobalMethodSecurityBeanDefinitionParserTests.java,buggy,java,IssueFalse,22713,231,2748,16,6,2,5,5,3,5,6,5,5,5,4,7,7,7,7,9,9,9,5,4,4,5,4,7,7,7,5,7,7,6,7,6,6,7,7,7,8,8,8,9,8,8,4,4,5,3,5,4,4,4,6,7,10,9,8,8,5,6,6,4,4,3
sf,svn,acegisecurity,/spring-security/trunk/core-tiger/src/test/java/org/springframework/security/config/Jsr250AnnotationDrivenBeanDefinitionParserTests.java,clean,java,IssueFalse,22713,231,2748,16,5,1,4,5,3,5,5,5,4,5,4,7,7,6,7,9,9,9,3,3,3,5,4,7,7,7,5,6,6,5,7,5,5,7,7,6,8,8,8,7,7,7,4,4,4,2,2,3,5,3,5,5,7,7,6,6,4,5,5,3,3,2
sf,svn,acegisecurity,/spring-security/trunk/core/src/main/java/org/springframework/security/ConfigAttributeDefinition.java,clean,java,IssueFalse,22713,231,2748,16,6,9,6,6,10,7,8,7,7,5,4,7,7,7,7,9,9,9,6,5,5,5,4,7,6,6,4,8,7,7,8,7,6,8,8,8,8,8,8,9,8,8,6,6,7,10,10,10,6,4,7,7,7,9,8,8,8,7,8,4,4,3
sf,svn,acegisecurity,/spring-security/trunk/core/src/main/java/org/springframework/security/ConfigAttributeEditor.java,clean,java,IssueFalse,22713,231,2748,16,1,5,1,2,10,5,2,2,2,9,9,8,8,7,7,9,9,9,3,3,3,9,9,8,4,4,3,2,2,2,2,1,1,2,2,2,8,8,8,7,7,7,6,4,2,6,4,3,4,3,2,5,7,4,4,4,8,7,7,6,4,3
sf,svn,acegisecurity,/spring-security/trunk/core/src/main/java/org/springframework/security/GrantedAuthoritiesContainer.java,clean,java,IssueFalse,22713,231,2748,16,1,2,1,2,10,3,2,1,1,5,4,7,5,5,5,10,10,10,1,1,1,5,4,7,4,4,3,2,2,2,2,1,1,1,1,1,8,8,8,7,7,7,3,3,1,4,3,2,2,2,2,5,10,4,4,4,4,5,5,3,3,2
sf,svn,acegisecurity,/spring-security/trunk/core/src/main/java/org/springframework/security/afterinvocation/BasicAclEntryAfterInvocationCollectionFilteringProvider.java,clean,java,IssueFalse,22713,231,2748,16,8,9,7,7,9,10,9,9,8,5,4,7,7,7,7,9,9,9,6,5,5,5,4,7,8,8,7,9,8,8,9,7,7,9,9,8,8,8,8,7,7,7,8,9,8,9,9,8,4,7,6,5,7,4,4,4,4,5,5,3,3,2
sf,svn,acegisecurity,/spring-security/trunk/core/src/main/java/org/springframework/security/afterinvocation/BasicAclEntryAfterInvocationProvider.java,clean,java,IssueFalse,22713,231,2748,16,8,9,7,7,9,10,9,8,8,5,4,7,7,7,7,9,9,9,6,5,5,5,4,7,9,8,7,9,8,8,9,8,7,9,9,9,8,8,8,7,7,7,7,9,8,8,9,8,4,7,6,5,7,4,4,4,4,5,5,2,1,1
sf,svn,acegisecurity,/spring-security/trunk/core/src/main/java/org/springframework/security/authoritymapping/Attributes2GrantedAuthoritiesMapper.java,clean,java,IssueFalse,22713,231,2748,16,1,3,1,2,10,3,2,1,1,1,1,5,5,5,5,10,10,10,2,1,1,1,1,5,4,4,3,2,2,2,2,1,1,2,2,2,8,8,8,7,7,7,3,3,1,4,3,2,2,2,2,5,7,3,3,3,4,5,5,8,6,5
sf,svn,acegisecurity,/spring-security/trunk/core/src/main/java/org/springframework/security/authoritymapping/SimpleAttributes2GrantedAuthoritiesMapper.java,clean,java,IssueFalse,22713,231,2748,16,5,5,5,6,9,5,8,7,7,5,4,7,7,7,7,9,9,9,4,3,3,5,4,7,8,8,7,8,8,7,8,7,7,7,7,6,8,8,8,10,10,10,5,6,7,7,7,7,3,5,5,5,7,3,3,3,4,5,5,10,9,9
sf,svn,acegisecurity,/spring-security/trunk/core/src/main/java/org/springframework/security/concurrent/ConcurrentSessionFilter.java,buggy,java,IssueFalse,22713,231,2748,16,6,7,5,5,9,10,7,6,6,9,9,8,7,7,7,9,9,9,5,4,4,9,9,8,8,7,6,7,7,6,7,6,6,7,7,6,9,9,9,9,8,8,5,6,6,4,5,5,4,6,5,7,7,5,5,5,4,5,5,6,4,5
sf,svn,acegisecurity,/spring-security/trunk/core/src/main/java/org/springframework/security/config/AbstractUserDetailsServiceBeanDefinitionParser.java,clean,java,IssueFalse,22713,231,2748,16,5,2,5,4,5,5,6,5,5,5,4,7,6,6,7,10,10,10,5,4,4,5,4,7,6,6,4,6,5,5,6,4,4,2,2,2,10,10,10,9,8,8,6,6,5,6,5,5,6,6,5,8,7,9,9,9,5,6,6,6,5,5
sf,svn,acegisecurity,/spring-security/trunk/core/src/main/java/org/springframework/security/config/AnonymousBeanDefinitionParser.java,buggy,java,IssueFalse,22713,231,2748,16,5,1,5,2,3,5,4,4,3,5,4,7,6,6,6,9,9,9,4,3,3,5,4,7,6,6,4,2,2,2,2,1,1,2,2,2,8,8,8,7,7,7,10,6,3,10,8,4,10,7,4,9,7,6,8,8,4,5,5,7,7,8
sf,svn,acegisecurity,/spring-security/trunk/core/src/main/java/org/springframework/security/config/AuthenticationProviderBeanDefinitionParser.java,buggy,java,IssueFalse,22713,231,2748,16,7,3,7,4,5,7,5,5,6,5,4,8,6,6,7,9,9,9,5,7,7,5,4,8,6,7,5,3,3,4,3,3,4,4,4,5,8,8,8,7,7,7,8,8,6,5,5,4,9,9,6,10,10,8,9,10,8,9,10,7,6,8
sf,svn,acegisecurity,/spring-security/trunk/core/src/main/java/org/springframework/security/config/BeanIds.java,buggy,java,IssueFalse,22713,231,2748,16,5,2,5,1,6,3,1,1,1,5,4,7,6,6,6,9,9,9,2,1,1,5,4,7,4,4,3,1,1,1,1,1,1,1,1,1,8,8,8,7,7,7,1,1,1,1,2,2,2,1,2,10,10,5,8,9,5,6,7,4,4,8
sf,svn,acegisecurity,/spring-security/trunk/core/src/main/java/org/springframework/security/config/ConcurrentSessionsBeanDefinitionParser.java,clean,java,IssueFalse,22713,231,2748,16,6,2,6,2,5,5,4,4,3,5,4,7,6,6,6,9,9,9,5,5,4,5,4,7,4,4,3,2,2,2,2,1,1,2,2,2,8,8,8,7,7,7,10,6,3,10,8,4,10,8,5,9,10,6,7,8,4,5,5,6,6,6
sf,svn,acegisecurity,/spring-security/trunk/core/src/main/java/org/springframework/security/config/ConfigUtils.java,buggy,java,IssueFalse,22713,231,2748,16,8,5,7,7,6,7,7,8,8,5,4,8,7,7,8,9,9,9,5,7,7,5,4,8,4,6,4,2,3,3,7,7,7,4,3,5,8,8,8,9,9,9,6,6,8,8,9,8,6,5,8,10,10,7,9,10,8,9,10,6,6,9
sf,svn,acegisecurity,/spring-security/trunk/core/src/main/java/org/springframework/security/config/FilterChainProxyPostProcessor.java,buggy,java,IssueFalse,22713,231,2748,16,8,3,8,5,4,10,9,8,8,5,4,7,7,7,7,9,9,9,9,9,8,5,4,7,7,7,5,7,6,6,7,5,5,5,4,4,8,8,8,10,10,10,9,8,8,7,8,6,8,8,7,8,7,10,10,10,10,10,10,8,7,7
sf,svn,acegisecurity,/spring-security/trunk/core/src/main/java/org/springframework/security/config/FormLoginBeanDefinitionParser.java,buggy,java,IssueFalse,22713,231,2748,16,7,2,7,5,3,7,8,7,6,5,4,7,7,6,7,9,9,9,5,5,4,5,4,7,9,9,8,6,6,5,7,5,5,2,2,2,8,8,8,9,8,8,7,7,6,9,9,7,6,7,6,10,10,6,8,9,7,9,9,7,9,9
sf,svn,acegisecurity,/spring-security/trunk/core/src/main/java/org/springframework/security/config/GlobalMethodSecurityBeanDefinitionParser.java,clean,java,IssueFalse,22713,231,2748,16,8,3,8,5,4,7,8,7,7,5,4,7,7,7,7,9,9,9,9,8,8,5,4,7,4,4,3,7,7,6,7,6,6,2,2,2,8,8,8,10,10,10,7,6,7,9,8,8,9,7,8,10,10,7,9,9,8,9,10,9,9,9
sf,svn,acegisecurity,/spring-security/trunk/core/src/main/java/org/springframework/security/config/HttpSecurityBeanDefinitionParser.java,buggy,java,IssueFalse,22713,231,2748,16,10,6,10,7,3,9,10,10,10,5,4,7,7,7,7,9,9,9,10,10,10,5,4,7,6,6,4,8,8,7,9,8,7,2,2,2,8,8,8,10,10,10,10,9,10,10,9,9,10,9,10,10,10,9,10,10,9,10,10,8,9,10
sf,svn,acegisecurity,/spring-security/trunk/core/src/main/java/org/springframework/security/config/InterceptMethodsBeanDefinitionDecorator.java,clean,java,IssueFalse,22713,231,2748,16,5,3,5,3,7,9,3,4,4,6,9,9,6,6,7,9,9,9,5,5,6,6,9,9,6,6,5,2,2,3,2,1,2,1,2,2,8,9,9,7,7,7,8,6,4,9,6,4,9,7,5,8,7,7,7,8,10,9,10,9,7,8
sf,svn,acegisecurity,/spring-security/trunk/core/src/main/java/org/springframework/security/config/JdbcUserServiceBeanDefinitionParser.java,clean,java,IssueFalse,22713,231,2748,16,4,1,4,3,4,5,5,5,4,9,9,8,7,7,7,9,9,9,5,4,4,9,9,8,4,4,3,3,3,3,3,2,2,1,1,1,10,10,10,7,7,7,9,7,4,8,7,4,5,4,3,9,7,6,7,7,5,7,7,5,5,6
sf,svn,acegisecurity,/spring-security/trunk/core/src/main/java/org/springframework/security/config/LdapProviderBeanDefinitionParser.java,buggy,java,IssueFalse,22713,231,2748,16,6,2,6,2,4,9,7,6,5,5,4,7,6,6,6,9,9,9,7,6,5,5,4,7,6,6,4,2,2,2,2,1,1,2,2,2,8,8,8,7,7,7,10,8,5,10,7,4,10,8,5,9,10,7,8,8,9,10,10,9,9,9
sf,svn,acegisecurity,/spring-security/trunk/core/src/main/java/org/springframework/security/config/LdapServerBeanDefinitionParser.java,clean,java,IssueFalse,22713,231,2748,16,7,4,7,3,7,7,7,6,5,5,4,7,6,6,6,9,9,9,4,3,3,5,4,7,6,6,4,3,3,3,3,2,2,2,2,2,8,8,8,9,8,8,10,6,5,10,8,5,10,8,6,8,10,5,5,6,8,8,8,8,8,7
sf,svn,acegisecurity,/spring-security/trunk/core/src/main/java/org/springframework/security/config/LdapUserServiceBeanDefinitionParser.java,clean,java,IssueFalse,22713,231,2748,16,7,2,7,5,2,7,8,7,7,9,9,8,7,7,7,9,9,9,6,5,5,9,9,8,4,4,3,3,3,3,7,5,5,1,1,1,10,10,10,7,7,7,8,7,7,9,8,7,8,6,7,10,10,8,9,9,7,8,9,8,8,9
sf,svn,acegisecurity,/spring-security/trunk/core/src/main/java/org/springframework/security/config/LogoutBeanDefinitionParser.java,clean,java,IssueFalse,22713,231,2748,16,5,2,5,2,3,5,5,5,4,5,4,7,6,6,6,9,9,9,6,5,5,5,4,7,4,4,3,2,2,2,2,1,1,2,2,2,8,8,8,7,7,7,10,7,4,10,8,4,10,7,4,9,10,6,8,8,8,9,9,8,8,9
sf,svn,acegisecurity,/spring-security/trunk/core/src/main/java/org/springframework/security/config/OrderedFilterBeanDefinitionDecorator.java,clean,java,IssueFalse,22713,231,2748,16,7,2,6,6,5,5,6,6,7,5,4,8,7,7,8,9,9,9,5,5,6,5,4,8,6,7,6,6,7,7,6,6,7,6,7,7,8,8,8,7,8,8,5,6,7,5,6,6,4,5,6,10,7,7,9,9,7,9,10,7,7,9
sf,svn,acegisecurity,/spring-security/trunk/core/src/main/java/org/springframework/security/config/PasswordEncoderParser.java,clean,java,IssueFalse,22713,231,2748,16,6,2,6,4,4,9,6,5,5,5,4,7,6,6,6,9,9,9,5,5,4,5,4,7,8,7,6,5,4,4,5,3,4,5,4,4,8,8,8,9,8,8,7,7,5,8,7,5,6,7,5,9,10,5,6,7,5,6,7,6,6,7
sf,svn,acegisecurity,/spring-security/trunk/core/src/main/java/org/springframework/security/config/RememberMeBeanDefinitionParser.java,buggy,java,IssueFalse,22713,231,2748,16,6,2,6,2,3,7,5,5,4,5,4,7,6,6,6,9,9,9,5,5,4,5,4,7,6,6,4,2,2,2,2,1,1,2,2,2,8,8,8,7,7,7,10,7,4,10,8,4,10,7,4,10,10,5,7,8,6,8,8,7,8,9
sf,svn,acegisecurity,/spring-security/trunk/core/src/main/java/org/springframework/security/config/UserServiceBeanDefinitionParser.java,clean,java,IssueFalse,22713,231,2748,16,5,2,5,3,4,7,5,4,4,9,9,8,7,7,7,9,9,9,6,5,5,9,9,8,4,4,3,3,3,3,3,2,2,1,1,1,10,10,10,7,7,7,8,6,4,8,7,4,8,6,4,9,10,6,8,8,7,9,9,6,6,7
sf,svn,acegisecurity,/spring-security/trunk/core/src/main/java/org/springframework/security/config/X509BeanDefinitionParser.java,buggy,java,IssueFalse,22713,231,2748,16,4,2,5,2,6,5,3,3,2,5,4,7,6,6,6,9,9,9,5,5,4,5,4,7,4,4,3,2,2,2,2,1,1,2,2,2,8,8,8,7,7,7,8,5,2,10,7,4,10,7,4,9,7,4,5,6,6,7,7,4,4,5
sf,svn,acegisecurity,/spring-security/trunk/core/src/main/java/org/springframework/security/intercept/AbstractSecurityInterceptor.java,clean,java,IssueFalse,22713,231,2748,16,9,10,9,9,9,10,10,10,9,5,4,7,8,8,8,9,9,9,8,7,7,5,4,7,10,9,8,10,10,9,10,9,9,10,10,9,10,10,10,9,9,9,7,9,9,4,7,8,4,9,8,8,10,4,4,5,9,9,9,9,9,8
sf,svn,acegisecurity,/spring-security/trunk/core/src/main/java/org/springframework/security/intercept/ObjectDefinitionSource.java,clean,java,IssueFalse,22713,231,2748,16,1,8,1,3,10,3,3,3,2,1,1,5,5,5,6,10,10,10,4,3,3,1,1,5,4,4,3,4,3,4,4,3,3,1,1,1,8,8,8,7,7,7,3,3,2,4,3,3,2,2,2,5,7,3,3,3,6,6,6,3,3,2
sf,svn,acegisecurity,/spring-security/trunk/core/src/main/java/org/springframework/security/intercept/method/AbstractFallbackMethodDefinitionSource.java,clean,java,IssueFalse,22713,231,2748,16,7,9,7,6,9,9,7,7,8,5,4,8,6,6,8,10,10,10,5,6,7,5,4,8,6,7,6,6,6,7,6,5,6,5,5,7,9,10,10,7,8,8,7,6,8,6,6,6,6,7,7,5,7,4,4,4,4,5,5,6,4,3
sf,svn,acegisecurity,/spring-security/trunk/core/src/main/java/org/springframework/security/intercept/method/MapBasedMethodDefinitionSource.java,buggy,java,IssueFalse,22713,231,2748,16,8,10,8,8,9,9,8,9,9,6,9,9,7,8,8,9,9,9,8,9,9,6,9,9,7,7,7,8,8,9,8,8,8,6,7,8,9,10,10,9,10,10,6,8,9,6,7,8,6,8,9,5,7,4,4,4,4,5,5,7,5,4
sf,svn,acegisecurity,/spring-security/trunk/core/src/main/java/org/springframework/security/intercept/method/MethodDefinitionSourceEditor.java,clean,java,IssueFalse,22713,231,2748,16,3,5,3,2,10,5,3,3,2,9,9,8,8,7,7,9,9,9,8,7,7,9,9,8,4,4,3,2,2,2,2,1,1,2,2,2,8,8,8,7,7,7,8,5,2,10,9,5,10,7,4,7,7,3,3,3,6,6,7,5,5,4
sf,svn,acegisecurity,/spring-security/trunk/core/src/main/java/org/springframework/security/intercept/method/ProtectPointcutPostProcessor.java,buggy,java,IssueFalse,22713,231,2748,16,6,8,6,5,9,9,8,7,6,5,4,7,7,6,7,9,9,9,9,8,7,5,4,7,8,7,6,6,6,5,7,5,5,6,6,6,8,8,8,9,8,8,7,6,6,7,7,6,8,6,7,5,10,4,4,4,4,5,5,5,4,3
sf,svn,acegisecurity,/spring-security/trunk/core/src/main/java/org/springframework/security/intercept/method/aopalliance/MethodDefinitionSourceAdvisor.java,buggy,java,IssueFalse,22713,231,2748,16,6,8,6,7,10,5,4,5,6,6,9,10,6,7,8,9,9,9,4,4,7,6,9,10,7,9,8,5,6,8,5,5,7,6,7,8,8,9,9,7,7,7,3,4,6,2,5,5,4,4,6,8,10,9,9,8,7,7,8,9,6,8
sf,svn,acegisecurity,/spring-security/trunk/core/src/main/java/org/springframework/security/intercept/web/DefaultFilterInvocationDefinitionSource.java,buggy,java,IssueFalse,22713,231,2748,16,8,9,7,8,9,7,9,9,8,5,4,7,8,7,7,10,10,10,9,8,8,5,4,7,9,8,7,9,9,8,9,8,8,7,7,7,10,10,10,9,9,9,6,7,8,9,8,9,5,5,8,9,7,5,6,7,8,9,9,6,6,6
sf,svn,acegisecurity,/spring-security/trunk/core/src/main/java/org/springframework/security/intercept/web/FIDSToFilterChainMapConverter.java,clean,java,IssueFalse,22713,231,2748,16,4,3,4,3,7,9,5,5,4,5,4,7,6,6,6,9,9,9,9,8,7,5,4,7,7,7,5,4,3,4,4,3,3,5,4,4,8,8,8,7,7,7,7,6,4,6,5,4,8,8,5,8,7,4,5,5,7,7,8,6,5,5
sf,svn,acegisecurity,/spring-security/trunk/core/src/main/java/org/springframework/security/intercept/web/FilterInvocationDefinitionSourceEditor.java,clean,java,IssueFalse,22713,231,2748,16,7,8,7,3,8,10,9,8,8,9,9,8,8,8,8,9,9,9,8,7,7,9,9,8,4,4,3,3,3,3,3,2,2,2,2,2,8,8,8,9,8,8,10,10,8,10,10,6,10,9,6,9,7,7,8,8,9,9,9,8,8,8
sf,svn,acegisecurity,/spring-security/trunk/core/src/main/java/org/springframework/security/intercept/web/RequestKey.java,buggy,java,IssueFalse,22713,231,2748,16,4,2,3,5,5,5,7,6,5,5,4,7,7,6,7,9,9,9,2,1,1,5,4,7,7,7,5,6,6,5,7,5,5,6,5,5,8,8,8,7,7,7,5,6,5,6,5,5,3,3,4,7,7,7,7,7,5,6,6,8,6,6
sf,svn,acegisecurity,/spring-security/trunk/core/src/main/java/org/springframework/security/ldap/LdapAuthoritiesPopulator.java,clean,java,IssueFalse,22713,231,2748,16,1,6,1,2,10,3,2,1,1,1,1,5,5,5,5,10,10,10,2,1,1,1,1,5,4,4,3,2,2,2,2,1,1,1,1,1,8,8,8,7,7,7,3,3,1,4,3,2,2,2,2,5,7,3,3,3,7,7,7,3,3,2
sf,svn,acegisecurity,/spring-security/trunk/core/src/main/java/org/springframework/security/ldap/SpringSecurityLdapTemplate.java,buggy,java,IssueFalse,22713,231,2748,16,7,9,7,6,10,5,3,4,6,5,9,10,6,6,9,9,9,9,5,6,10,5,9,10,4,6,4,3,6,7,3,5,6,4,7,8,8,8,8,7,7,7,5,6,6,7,7,7,6,5,7,8,10,6,7,6,10,10,10,6,6,5
sf,svn,acegisecurity,/spring-security/trunk/core/src/main/java/org/springframework/security/ldap/populator/DefaultLdapAuthoritiesPopulator.java,clean,java,IssueFalse,22713,231,2748,16,7,10,7,7,10,7,9,8,8,5,4,7,7,7,7,9,9,9,7,6,5,5,4,7,10,9,8,9,8,8,9,8,8,8,8,8,10,10,10,9,9,9,6,7,8,7,7,8,5,6,7,8,10,4,5,5,5,6,7,6,6,6
sf,svn,acegisecurity,/spring-security/trunk/core/src/main/java/org/springframework/security/ldap/populator/UserDetailsServiceLdapAuthoritiesPopulator.java,clean,java,IssueFalse,22713,231,2748,16,2,2,2,3,9,3,2,2,2,5,4,7,6,6,6,9,9,9,2,1,1,5,4,7,6,6,4,3,3,3,3,2,2,4,3,3,8,8,8,7,7,7,3,3,2,4,3,3,4,3,3,7,7,5,5,5,4,5,5,5,5,4
sf,svn,acegisecurity,/spring-security/trunk/core/src/main/java/org/springframework/security/providers/AbstractAuthenticationToken.java,clean,java,IssueFalse,22713,231,2748,16,8,7,7,6,8,10,10,9,9,5,4,7,7,7,7,10,10,10,5,4,4,5,4,7,8,7,6,8,8,7,8,7,7,9,9,8,8,8,8,7,7,7,9,9,9,9,9,8,5,6,7,8,10,6,6,7,5,7,7,7,6,6
sf,svn,acegisecurity,/spring-security/trunk/core/src/main/java/org/springframework/security/providers/ProviderManager.java,buggy,java,IssueFalse,22713,231,2748,16,9,10,8,7,9,9,10,9,8,9,9,8,7,7,7,9,9,9,9,8,8,9,9,8,9,9,8,9,8,8,9,8,8,9,8,8,8,8,8,10,10,10,7,8,9,8,7,8,5,7,7,9,7,8,8,9,9,8,9,9,9,9
sf,svn,acegisecurity,/spring-security/trunk/core/src/main/java/org/springframework/security/providers/ldap/LdapAuthenticationProvider.java,clean,java,IssueFalse,22713,231,2748,16,7,10,7,7,10,5,6,7,7,5,4,8,7,7,8,9,9,9,4,6,6,5,4,8,7,8,7,7,8,8,7,8,8,5,7,7,10,10,10,9,9,9,4,6,7,7,9,8,4,6,7,8,7,6,7,7,4,5,5,9,9,8
sf,svn,acegisecurity,/spring-security/trunk/core/src/main/java/org/springframework/security/providers/preauth/PreAuthenticatedAuthenticationProvider.java,clean,java,IssueFalse,22713,231,2748,16,6,7,5,5,9,7,7,6,6,5,4,7,7,7,7,9,9,9,4,3,3,5,4,7,8,8,7,7,6,6,7,5,5,7,7,7,8,8,8,7,7,7,6,7,6,7,8,6,4,6,5,10,7,5,8,8,5,6,7,9,10,10
sf,svn,acegisecurity,/spring-security/trunk/core/src/main/java/org/springframework/security/providers/preauth/PreAuthenticatedAuthenticationToken.java,clean,java,IssueFalse,22713,231,2748,16,2,7,2,4,10,3,4,3,3,9,9,8,7,7,7,9,9,9,1,1,1,9,9,8,7,7,5,5,4,4,5,3,4,6,5,5,8,8,8,7,7,7,3,3,3,10,9,6,4,3,4,5,7,5,4,4,7,6,7,10,10,9
sf,svn,acegisecurity,/spring-security/trunk/core/src/main/java/org/springframework/security/providers/preauth/PreAuthenticatedGrantedAuthoritiesUserDetailsService.java,clean,java,IssueFalse,22713,231,2748,16,2,6,2,3,10,3,2,2,2,5,4,7,6,6,6,9,9,9,4,3,3,5,4,7,4,4,3,3,3,3,3,2,2,2,2,2,9,9,9,7,7,7,3,3,2,7,5,3,6,4,3,9,7,5,6,6,6,6,7,6,6,6
sf,svn,acegisecurity,/spring-security/trunk/core/src/main/java/org/springframework/security/securechannel/ChannelDecisionManagerImpl.java,clean,java,IssueFalse,22713,231,2748,16,5,6,5,5,9,7,8,7,6,5,4,7,7,6,7,9,9,9,7,6,5,5,4,7,6,6,4,6,6,5,7,5,5,6,5,5,9,9,9,9,8,8,7,6,6,9,7,7,6,5,6,5,7,3,3,3,4,5,5,5,4,3
sf,svn,acegisecurity,/spring-security/trunk/core/src/main/java/org/springframework/security/securechannel/ChannelProcessingFilter.java,clean,java,IssueFalse,22713,231,2748,16,6,5,6,5,8,9,8,7,7,9,9,8,7,7,7,9,9,9,7,6,6,9,9,8,7,7,5,7,6,6,7,5,5,7,7,7,8,8,8,7,7,7,7,8,7,8,7,7,5,7,6,9,7,3,4,4,6,7,8,5,4,6
sf,svn,acegisecurity,/spring-security/trunk/core/src/main/java/org/springframework/security/ui/AbstractProcessingFilter.java,buggy,java,IssueFalse,22713,231,2748,16,9,10,9,10,10,7,10,10,10,9,9,8,9,8,8,10,10,10,5,4,4,9,9,8,10,10,10,10,10,10,10,10,10,10,10,10,10,10,10,9,8,8,5,7,10,7,9,10,3,7,9,10,7,8,9,9,9,10,10,10,10,10
sf,svn,acegisecurity,/spring-security/trunk/core/src/main/java/org/springframework/security/ui/FilterChainOrder.java,buggy,java,IssueFalse,22713,231,2748,16,5,2,5,2,6,3,2,1,1,5,4,7,6,6,6,9,9,9,4,3,3,5,4,7,4,4,3,1,1,1,2,1,1,2,2,2,8,8,8,7,7,7,3,3,1,6,4,3,5,3,2,10,10,6,9,8,5,6,6,7,8,8
sf,svn,acegisecurity,/spring-security/trunk/core/src/main/java/org/springframework/security/ui/SessionFixationProtectionFilter.java,buggy,java,IssueFalse,22713,231,2748,16,7,8,6,7,9,7,6,6,7,9,9,9,7,7,8,9,9,9,4,4,5,9,9,9,7,7,7,6,6,8,7,5,7,5,5,7,9,10,10,9,8,9,5,6,7,6,6,7,4,4,6,8,10,6,6,7,5,6,6,5,5,5
sf,svn,acegisecurity,/spring-security/trunk/core/src/main/java/org/springframework/security/ui/TargetUrlResolverImpl.java,clean,java,IssueFalse,22713,231,2748,16,4,8,3,4,10,7,6,5,4,5,4,7,6,6,6,9,9,9,4,3,3,5,4,7,7,7,5,5,4,4,5,3,4,5,4,4,9,9,9,7,7,7,6,6,4,4,5,4,4,4,4,7,7,9,9,8,8,8,8,9,7,6
sf,svn,acegisecurity,/spring-security/trunk/core/src/main/java/org/springframework/security/ui/basicauth/BasicProcessingFilter.java,clean,java,IssueFalse,22713,231,2748,16,8,9,7,7,9,10,9,8,8,9,9,8,7,7,7,9,9,9,5,5,4,9,9,8,9,8,7,9,8,8,9,7,7,8,8,7,10,10,10,9,8,8,7,8,8,6,7,7,4,8,7,8,7,7,8,8,8,9,9,8,9,8
sf,svn,acegisecurity,/spring-security/trunk/core/src/main/java/org/springframework/security/ui/logout/LogoutFilter.java,buggy,java,IssueFalse,22713,231,2748,16,6,9,6,6,9,7,8,7,7,9,9,8,7,7,7,9,9,9,3,3,3,9,9,8,8,8,7,8,7,7,8,6,6,6,6,6,10,10,10,7,7,7,6,6,7,5,5,6,4,5,6,8,7,7,8,7,8,7,8,4,4,4
sf,svn,acegisecurity,/spring-security/trunk/core/src/main/java/org/springframework/security/ui/preauth/AbstractPreAuthenticatedProcessingFilter.java,buggy,java,IssueFalse,22713,231,2748,16,7,7,6,6,9,7,8,8,7,9,9,8,7,7,7,9,9,9,5,4,4,9,9,8,8,7,6,8,7,7,8,7,6,6,6,6,10,10,10,9,8,8,6,6,7,4,6,6,5,5,6,10,10,4,6,6,8,9,10,10,10,10
sf,svn,acegisecurity,/spring-security/trunk/core/src/main/java/org/springframework/security/ui/preauth/PreAuthenticatedGrantedAuthoritiesWebAuthenticationDetails.java,clean,java,IssueFalse,22713,231,2748,16,3,2,2,4,8,3,4,3,3,9,9,8,6,6,6,9,9,9,3,3,3,9,9,8,6,6,4,5,4,4,5,3,4,6,5,5,8,8,8,7,7,7,3,3,3,7,5,5,4,4,3,8,7,5,6,6,9,9,9,6,5,6
sf,svn,acegisecurity,/spring-security/trunk/core/src/main/java/org/springframework/security/ui/preauth/j2ee/J2eeBasedPreAuthenticatedWebAuthenticationDetailsSource.java,clean,java,IssueFalse,22713,231,2748,16,2,3,2,3,10,7,4,3,3,10,10,9,7,7,7,9,9,9,5,4,4,10,10,9,4,4,3,3,3,3,3,2,2,2,2,2,9,9,9,7,7,7,6,5,3,4,3,3,6,4,3,9,7,4,6,6,9,10,10,10,10,10
sf,svn,acegisecurity,/spring-security/trunk/core/src/main/java/org/springframework/security/ui/preauth/websphere/WebSpherePreAuthenticatedAuthenticationDetailsSource.java,clean,java,IssueFalse,22713,231,2748,16,4,6,4,4,10,5,5,5,4,9,9,8,7,7,7,9,9,9,7,6,6,9,9,8,6,6,4,6,5,5,6,4,4,6,5,5,8,8,8,9,8,8,5,4,4,2,4,3,4,4,4,5,7,4,4,4,4,5,5,6,4,3
sf,svn,acegisecurity,/spring-security/trunk/core/src/main/java/org/springframework/security/ui/rememberme/AbstractRememberMeServices.java,clean,java,IssueFalse,22713,231,2748,16,9,9,9,9,9,7,10,9,9,5,4,7,8,8,8,10,10,10,4,3,3,5,4,7,10,9,9,10,10,9,10,9,9,9,9,9,10,10,10,9,8,8,6,7,9,8,10,9,4,5,8,10,10,7,7,9,8,9,9,7,6,8
sf,svn,acegisecurity,/spring-security/trunk/core/src/main/java/org/springframework/security/ui/rememberme/TokenBasedRememberMeServices.java,clean,java,IssueFalse,22713,231,2748,16,6,10,5,5,10,5,8,7,7,9,9,8,8,8,8,9,9,9,6,5,5,9,9,8,4,4,3,7,7,6,7,6,6,4,3,3,10,10,10,9,8,8,6,6,7,5,5,6,7,6,7,8,7,7,8,7,7,8,8,7,6,6
sf,svn,acegisecurity,/spring-security/trunk/core/src/main/java/org/springframework/security/ui/switchuser/SwitchUserProcessingFilter.java,buggy,java,IssueFalse,22713,231,2748,16,9,10,9,8,10,7,10,9,9,9,9,8,8,8,8,9,9,9,8,7,6,9,9,8,10,10,9,10,9,9,10,9,9,9,9,9,10,10,10,10,10,10,6,6,9,8,9,9,5,6,9,10,7,6,8,9,9,10,10,8,9,9
sf,svn,acegisecurity,/spring-security/trunk/core/src/main/java/org/springframework/security/ui/webapp/DefaultLoginPageGeneratingFilter.java,clean,java,IssueFalse,22713,231,2748,16,8,2,8,5,3,9,9,8,8,9,9,8,7,7,7,9,9,9,5,5,4,9,9,8,10,9,8,7,6,6,7,5,5,5,4,4,9,9,9,10,9,9,9,8,8,7,9,6,8,7,7,9,10,9,9,9,6,7,8,9,9,9
sf,svn,acegisecurity,/spring-security/trunk/core/src/main/java/org/springframework/security/userdetails/User.java,clean,java,IssueFalse,22713,231,2748,16,8,10,7,7,10,9,9,9,8,5,4,7,7,7,7,9,9,9,5,5,4,5,4,7,9,9,8,9,8,8,9,8,8,9,9,9,9,9,9,7,7,7,7,8,8,9,10,9,5,5,8,5,10,3,3,3,6,6,6,3,3,2
sf,svn,acegisecurity,/spring-security/trunk/core/src/main/java/org/springframework/security/userdetails/jdbc/JdbcDaoImpl.java,clean,java,IssueFalse,22713,231,2748,16,9,10,8,9,10,5,6,8,8,9,9,10,7,8,9,9,10,10,7,7,10,9,9,10,7,10,9,7,9,9,7,9,9,4,8,8,10,10,10,7,8,8,4,6,9,6,10,9,4,6,8,8,10,8,8,8,8,8,9,7,6,7
sf,svn,acegisecurity,/spring-security/trunk/core/src/main/java/org/springframework/security/userdetails/jdbc/JdbcUserDetailsManager.java,buggy,java,IssueFalse,22713,231,2748,16,10,4,10,10,2,5,3,9,10,9,10,10,6,9,10,9,9,9,4,10,10,9,10,10,7,10,10,3,10,10,3,10,10,4,10,10,8,10,10,7,9,9,4,5,10,7,8,10,5,10,10,10,10,10,10,10,8,9,10,9,9,9
sf,svn,acegisecurity,/spring-security/trunk/core/src/main/java/org/springframework/security/userdetails/ldap/LdapUserDetails.java,clean,java,IssueFalse,22713,231,2748,16,1,6,1,3,10,3,2,2,2,9,9,8,6,5,6,10,10,10,2,2,2,9,9,8,4,4,3,3,3,3,3,2,2,1,1,1,8,8,8,7,7,7,3,3,2,3,3,3,2,2,2,7,7,3,3,3,5,6,6,5,4,4
sf,svn,acegisecurity,/spring-security/trunk/core/src/main/java/org/springframework/security/userdetails/ldap/LdapUserDetailsImpl.java,clean,java,IssueFalse,22713,231,2748,16,8,7,8,9,7,9,8,8,9,5,4,8,7,7,8,9,9,9,6,7,8,5,4,8,9,9,9,9,9,10,9,9,9,9,9,10,9,9,10,7,8,8,4,6,9,4,5,8,4,8,9,8,10,8,8,8,7,8,8,5,5,5
sf,svn,acegisecurity,/spring-security/trunk/core/src/main/java/org/springframework/security/userdetails/ldap/LdapUserDetailsManager.java,buggy,java,IssueFalse,22713,231,2748,16,9,9,9,9,8,7,5,9,9,5,4,10,6,8,9,9,9,9,6,8,10,5,4,10,7,10,9,5,10,9,5,9,9,5,9,9,8,10,10,7,9,9,4,5,9,8,7,9,5,8,9,5,7,4,4,4,4,5,5,7,5,4
sf,svn,acegisecurity,/spring-security/trunk/core/src/main/java/org/springframework/security/userdetails/ldap/LdapUserDetailsService.java,clean,java,IssueFalse,22713,231,2748,16,3,2,3,3,7,3,3,3,2,5,4,7,6,6,6,9,9,9,4,3,3,5,4,7,8,7,6,4,3,4,4,3,3,5,4,4,8,8,8,7,7,7,3,3,2,8,5,4,4,3,3,5,7,3,3,3,4,5,5,5,4,3
sf,svn,acegisecurity,/spring-security/trunk/core/src/main/java/org/springframework/security/util/FilterChainProxy.java,buggy,java,IssueFalse,22713,231,2748,16,9,10,8,8,10,9,9,9,9,5,4,8,7,7,8,9,9,9,8,9,9,5,4,8,8,8,8,7,9,8,8,8,8,7,9,9,8,9,9,9,9,9,7,7,9,7,7,8,7,6,9,10,7,5,7,7,5,6,7,7,8,9
sf,svn,acegisecurity,/spring-security/trunk/core/src/main/java/org/springframework/security/util/InMemoryXmlApplicationContext.java,clean,java,IssueFalse,22713,231,2748,16,3,2,2,3,8,3,4,3,3,9,9,8,6,6,6,9,9,9,2,1,1,9,9,8,6,6,4,4,3,4,4,3,3,4,3,3,9,9,9,7,7,7,4,4,3,9,8,5,3,3,3,8,10,3,4,4,6,7,7,6,6,5
sf,svn,acegisecurity,/spring-security/trunk/core/src/main/java/org/springframework/security/vote/BasicAclEntryVoter.java,clean,java,IssueFalse,22713,231,2748,16,8,9,7,7,9,10,10,9,9,9,9,8,7,7,7,9,9,9,8,7,7,9,9,8,8,8,7,9,8,8,9,7,7,9,9,8,8,8,8,7,7,7,8,10,9,10,9,9,4,8,6,5,7,4,4,4,4,5,5,3,3,2
sf,svn,acegisecurity,/spring-security/trunk/core/src/main/java/org/springframework/security/vote/LabelBasedAclVoter.java,clean,java,IssueFalse,22713,231,2748,16,7,10,7,4,10,10,9,8,8,9,9,8,6,6,7,9,9,9,7,6,5,9,9,8,8,7,6,6,5,5,6,4,4,6,6,6,8,8,8,7,7,7,9,9,8,6,7,5,8,9,6,5,7,4,4,4,4,5,5,3,3,2
sf,svn,acegisecurity,/spring-security/trunk/core/src/main/java/org/springframework/security/vote/RoleVoter.java,clean,java,IssueFalse,22713,231,2748,16,4,9,4,4,10,10,7,6,5,5,4,7,6,6,7,9,9,9,5,4,4,5,4,7,6,6,4,6,5,5,6,4,4,6,6,6,8,8,8,7,7,7,6,6,5,4,5,4,5,5,4,7,7,4,4,4,4,5,5,5,4,4
sf,svn,acegisecurity,/spring-security/trunk/core/src/main/java/org/springframework/security/vote/UnanimousBased.java,clean,java,IssueFalse,22713,231,2748,16,4,7,3,2,10,9,5,4,4,9,9,8,6,6,6,9,9,9,3,3,3,9,9,8,4,4,3,2,2,2,2,1,1,2,2,2,8,8,8,7,7,7,10,7,4,10,8,4,9,5,3,5,7,3,3,3,6,6,6,2,1,1
sf,svn,acegisecurity,/spring-security/trunk/core/src/test/java/org/springframework/security/GrantedAuthorityImplTests.java,buggy,java,IssueFalse,22713,231,2748,16,5,4,4,6,9,3,4,4,5,6,9,9,6,6,8,9,9,9,3,5,5,6,9,9,4,6,4,5,5,6,5,5,6,6,7,8,8,8,8,7,7,7,3,3,5,2,3,3,3,4,5,5,10,3,3,3,8,7,7,3,3,2
sf,svn,acegisecurity,/spring-security/trunk/core/src/test/java/org/springframework/security/afterinvocation/AfterInvocationProviderManagerTests.java,clean,java,IssueFalse,22713,231,2748,16,7,5,7,7,7,5,6,6,7,6,9,9,7,7,8,9,9,9,5,7,7,6,9,9,6,7,6,6,7,8,7,6,7,7,8,8,8,8,8,7,7,7,4,4,7,3,7,5,6,5,8,5,7,3,3,3,9,8,8,3,3,2
sf,svn,acegisecurity,/spring-security/trunk/core/src/test/java/org/springframework/security/afterinvocation/BasicAclEntryAfterInvocationCollectionFilteringProviderTests.java,clean,java,IssueFalse,22713,231,2748,16,9,9,9,7,7,5,6,7,7,6,9,9,7,7,8,9,9,9,5,7,7,6,9,9,4,4,3,7,8,8,7,8,8,7,9,9,8,8,8,7,7,7,4,4,7,1,2,3,8,6,9,5,7,4,4,4,10,9,9,9,7,6
sf,svn,acegisecurity,/spring-security/trunk/core/src/test/java/org/springframework/security/afterinvocation/BasicAclEntryAfterInvocationProviderTests.java,clean,java,IssueFalse,22713,231,2748,16,8,7,7,6,7,5,6,7,6,6,9,9,6,7,8,9,9,9,5,7,6,6,9,9,4,4,3,6,7,7,6,7,6,6,8,8,8,8,8,7,7,7,5,4,6,1,2,3,8,5,8,5,7,3,3,3,10,9,9,10,9,8
sf,svn,acegisecurity,/spring-security/trunk/core/src/test/java/org/springframework/security/authoritymapping/SimpleRoles2GrantedAuthoritiesMapperTests.java,clean,java,IssueFalse,22713,231,2748,16,7,2,7,6,2,5,8,7,6,9,9,8,7,7,7,9,9,9,6,5,5,9,9,8,4,4,3,8,8,7,8,7,7,8,8,8,8,8,8,9,9,9,4,5,6,3,8,5,5,4,7,5,7,3,3,3,4,5,5,9,7,6
sf,svn,acegisecurity,/spring-security/trunk/core/src/test/java/org/springframework/security/config/AuthenticationProviderBeanDefinitionParserTests.java,clean,java,IssueFalse,22713,231,2748,16,7,2,4,6,3,5,7,6,5,5,4,7,7,7,7,9,9,9,6,5,5,5,4,7,7,7,5,8,7,7,8,6,6,7,7,7,8,8,8,9,9,9,4,4,5,5,7,6,4,3,5,8,10,9,9,9,8,8,9,8,7,7
sf,svn,acegisecurity,/spring-security/trunk/core/src/test/java/org/springframework/security/config/HttpSecurityBeanDefinitionParserTests.java,buggy,java,IssueFalse,22713,231,2748,16,10,6,9,10,3,5,10,9,9,5,4,7,8,8,8,9,9,9,10,10,9,5,4,7,6,6,4,10,10,10,10,10,10,10,10,10,8,8,8,10,10,10,3,5,9,6,10,9,5,5,10,10,10,8,10,10,7,9,10,7,9,10
sf,svn,acegisecurity,/spring-security/trunk/core/src/test/java/org/springframework/security/config/JdbcUserServiceBeanDefinitionParserTests.java,clean,java,IssueFalse,22713,231,2748,16,7,2,5,6,2,5,7,6,5,5,4,7,7,7,7,9,9,9,8,7,7,5,4,7,6,6,4,8,7,7,8,6,6,8,8,7,8,8,8,9,8,8,4,4,5,6,7,6,5,5,7,9,7,8,8,9,7,7,8,7,7,8
sf,svn,acegisecurity,/spring-security/trunk/core/src/test/java/org/springframework/security/config/LdapProviderBeanDefinitionParserTests.java,clean,java,IssueFalse,22713,231,2748,16,6,2,5,6,3,5,7,6,5,5,4,7,7,7,7,9,9,9,7,6,6,5,4,7,6,6,4,8,7,7,8,7,6,8,8,7,8,8,8,9,9,9,4,4,5,3,7,5,5,4,6,9,10,8,8,9,6,7,8,6,6,7
sf,svn,acegisecurity,/spring-security/trunk/core/src/test/java/org/springframework/security/config/LdapUserServiceBeanDefinitionParserTests.java,clean,java,IssueFalse,22713,231,2748,16,7,2,6,6,3,5,7,6,5,5,4,7,7,7,7,9,9,9,6,5,5,5,4,7,6,6,4,8,7,7,8,7,6,8,8,8,8,8,8,9,8,8,4,4,5,3,7,5,6,5,7,9,10,8,8,9,5,7,7,4,4,6
sf,svn,acegisecurity,/spring-security/trunk/core/src/test/java/org/springframework/security/context/rmi/ContextPropagatingRemoteInvocationTests.java,clean,java,IssueFalse,22713,231,2748,16,5,6,5,5,9,5,6,5,4,9,9,8,7,7,7,9,9,9,6,5,5,9,9,8,4,4,3,7,6,6,7,5,5,6,6,6,9,9,9,9,8,8,4,4,4,2,4,3,5,5,6,5,7,3,3,3,4,5,5,5,4,3
sf,svn,acegisecurity,/spring-security/trunk/core/src/test/java/org/springframework/security/intercept/InterceptorStatusTokenTests.java,clean,java,IssueFalse,22713,231,2748,16,3,4,3,4,9,5,4,4,3,9,9,8,6,6,6,9,9,9,6,5,5,9,9,8,4,4,3,5,4,4,5,3,4,6,5,5,8,8,8,7,7,7,4,4,3,1,2,2,5,5,4,7,7,3,3,3,8,7,8,4,4,3
sf,svn,acegisecurity,/spring-security/trunk/core/src/test/java/org/springframework/security/intercept/method/MethodDefinitionSourceEditorTests.java,clean,java,IssueFalse,22713,231,2748,16,9,4,8,8,5,5,7,8,8,6,9,9,7,7,8,9,9,9,7,8,9,6,9,9,6,7,5,8,9,9,8,8,9,9,9,10,8,8,8,7,7,7,4,4,8,2,7,4,5,4,8,8,7,6,7,7,7,7,7,9,9,8
sf,svn,acegisecurity,/spring-security/trunk/core/src/test/java/org/springframework/security/intercept/method/MockMethodDefinitionSource.java,clean,java,IssueFalse,22713,231,2748,16,4,4,3,4,9,5,5,5,4,9,9,8,7,7,7,9,9,9,7,6,5,9,9,8,7,7,5,5,4,4,5,3,4,5,4,4,9,9,9,7,7,7,6,5,4,7,9,5,4,4,4,7,7,4,5,5,6,6,7,7,6,5
sf,svn,acegisecurity,/spring-security/trunk/core/src/test/java/org/springframework/security/intercept/method/aopalliance/MethodSecurityInterceptorTests.java,clean,java,IssueFalse,22713,231,2748,16,10,6,10,10,3,5,7,9,10,5,9,10,7,8,9,9,9,9,6,8,10,5,9,10,4,4,3,7,10,10,7,10,10,7,10,10,8,9,10,7,9,9,5,4,10,2,5,6,6,6,10,5,7,5,5,5,4,5,5,5,4,3
sf,svn,acegisecurity,/spring-security/trunk/core/src/test/java/org/springframework/security/intercept/method/aspectj/AspectJSecurityInterceptorTests.java,clean,java,IssueFalse,22713,231,2748,16,7,4,6,6,7,5,4,5,5,6,9,9,6,6,8,9,9,9,5,7,7,6,9,9,4,6,4,5,6,7,5,5,6,5,6,7,8,9,9,7,8,8,4,4,5,2,3,3,6,7,7,8,7,4,4,5,7,7,8,6,5,6
sf,svn,acegisecurity,/spring-security/trunk/core/src/test/java/org/springframework/security/intercept/web/DefaultFilterInvocationDefinitionSourceTests.java,clean,java,IssueFalse,22713,231,2748,16,8,7,7,7,7,3,8,7,6,5,4,7,7,7,7,9,9,9,6,5,5,5,4,7,6,6,4,9,8,8,9,8,8,9,9,9,8,8,8,9,8,8,3,3,6,3,8,6,6,4,8,8,7,8,8,8,8,8,9,7,7,6
sf,svn,acegisecurity,/spring-security/trunk/core/src/test/java/org/springframework/security/intercept/web/FilterInvocationDefinitionSourceEditorTests.java,clean,java,IssueFalse,22713,231,2748,16,9,6,8,9,6,5,9,9,8,9,9,8,8,8,8,9,9,9,8,7,7,9,9,8,4,4,3,10,10,9,10,9,9,10,10,10,8,8,8,7,7,7,4,4,8,1,2,3,6,4,9,9,7,7,9,8,7,8,9,8,8,8
sf,svn,acegisecurity,/spring-security/trunk/core/src/test/java/org/springframework/security/intercept/web/FilterSecurityInterceptorTests.java,clean,java,IssueFalse,22713,231,2748,16,9,7,8,9,6,5,4,6,8,5,9,10,6,7,9,9,9,9,5,8,9,5,9,10,4,7,6,5,7,9,5,7,9,6,8,10,8,9,9,7,8,8,4,4,8,2,5,5,5,7,9,9,7,4,5,6,8,8,9,7,6,7
sf,svn,acegisecurity,/spring-security/trunk/core/src/test/java/org/springframework/security/intercept/web/MockFilterInvocationDefinitionSource.java,clean,java,IssueFalse,22713,231,2748,16,4,4,3,3,9,5,5,4,4,9,9,8,8,8,8,9,9,9,5,5,4,9,9,8,7,7,5,4,3,4,4,3,3,5,4,4,8,8,8,7,7,7,6,5,4,4,5,3,5,4,4,8,7,3,4,4,7,8,8,6,5,6
sf,svn,acegisecurity,/spring-security/trunk/core/src/test/java/org/springframework/security/ldap/search/FilterBasedLdapUserSearchTests.java,buggy,java,IssueFalse,22713,231,2748,16,5,5,5,5,9,3,5,5,4,9,9,8,7,7,7,9,9,9,2,1,1,9,9,8,6,6,4,7,6,6,7,5,5,7,7,7,8,8,8,7,7,7,3,3,4,2,2,3,4,4,5,7,7,5,5,5,4,5,5,7,6,5
sf,svn,acegisecurity,/spring-security/trunk/core/src/test/java/org/springframework/security/providers/ProviderManagerTests.java,buggy,java,IssueFalse,22713,231,2748,16,9,4,8,9,5,5,3,7,8,5,4,10,6,7,9,9,9,9,2,8,9,5,4,10,4,4,3,4,8,9,4,8,9,4,9,10,8,8,8,7,9,9,4,4,8,2,6,5,5,5,9,7,10,10,10,9,10,10,10,9,9,7
sf,svn,acegisecurity,/spring-security/trunk/core/src/test/java/org/springframework/security/providers/dao/DaoAuthenticationProviderTests.java,clean,java,IssueFalse,22713,231,2748,16,10,6,10,9,3,5,5,9,10,5,9,10,6,8,9,9,9,9,4,8,10,5,9,10,4,6,4,4,10,10,4,9,10,5,10,10,8,8,8,7,7,7,6,5,10,1,3,4,7,6,10,7,7,3,3,3,9,9,9,10,9,9
sf,svn,acegisecurity,/spring-security/trunk/core/src/test/java/org/springframework/security/providers/ldap/LdapAuthenticationProviderTests.java,clean,java,IssueFalse,22713,231,2748,16,7,4,7,7,6,5,4,6,7,5,9,9,6,7,8,9,9,9,4,6,7,5,9,9,4,6,4,5,7,8,5,6,7,5,8,8,8,8,8,7,7,7,5,5,7,2,3,3,6,8,8,8,7,7,7,7,9,9,9,6,4,5
sf,svn,acegisecurity,/spring-security/trunk/core/src/test/java/org/springframework/security/providers/ldap/authenticator/PasswordComparisonAuthenticatorMockTests.java,clean,java,IssueFalse,22713,231,2748,16,3,4,3,2,10,3,2,1,1,9,9,8,6,6,6,9,9,9,7,6,5,9,9,8,4,4,3,2,2,2,2,1,1,2,2,2,8,8,8,7,7,7,3,3,1,4,3,2,10,7,5,5,10,4,4,4,4,5,5,3,3,2
sf,svn,acegisecurity,/spring-security/trunk/core/src/test/java/org/springframework/security/providers/preauth/PreAuthenticatedAuthenticationProviderTests.java,clean,java,IssueFalse,22713,231,2748,16,7,2,6,7,3,5,5,6,6,5,4,8,7,7,8,9,9,9,5,6,7,5,4,8,4,4,3,6,8,8,7,7,7,6,8,8,8,8,8,9,9,9,3,4,6,2,7,4,5,4,7,8,7,6,6,7,7,8,8,7,8,7
sf,svn,acegisecurity,/spring-security/trunk/core/src/test/java/org/springframework/security/providers/preauth/PreAuthenticatedGrantedAuthoritiesUserDetailsServiceTests.java,clean,java,IssueFalse,22713,231,2748,16,5,2,5,5,5,5,4,5,4,6,9,9,6,6,7,9,9,9,5,6,6,6,9,9,4,4,3,4,5,5,4,4,5,4,5,6,8,8,8,7,8,8,4,4,4,2,5,3,6,6,6,7,7,3,4,4,4,5,5,5,4,4
sf,svn,acegisecurity,/spring-security/trunk/core/src/test/java/org/springframework/security/securechannel/ChannelDecisionManagerImplTests.java,clean,java,IssueFalse,22713,231,2748,16,8,4,8,7,5,7,7,6,7,6,9,9,7,7,8,9,9,9,6,7,8,6,9,9,6,7,5,6,7,8,7,6,7,7,8,8,8,8,8,7,7,7,5,6,7,3,7,5,8,5,8,5,7,3,3,3,8,7,7,8,5,4
sf,svn,acegisecurity,/spring-security/trunk/core/src/test/java/org/springframework/security/securechannel/ChannelProcessingFilterTests.java,clean,java,IssueFalse,22713,231,2748,16,9,4,9,8,4,5,6,7,8,5,9,10,6,7,9,9,9,9,5,6,9,5,9,10,6,7,8,6,7,9,6,7,9,6,8,9,8,8,8,7,8,8,5,4,8,4,8,7,6,5,9,8,7,3,4,4,9,8,9,8,6,7
sf,svn,acegisecurity,/spring-security/trunk/core/src/test/java/org/springframework/security/ui/AbstractProcessingFilterTests.java,clean,java,IssueFalse,22713,231,2748,16,10,10,10,10,7,5,8,9,9,9,10,10,8,9,9,9,9,9,5,7,8,9,10,10,6,7,6,9,10,10,9,10,10,9,10,10,8,10,10,9,10,10,4,4,9,5,10,9,8,7,10,10,7,9,9,10,7,9,9,4,4,6
sf,svn,acegisecurity,/spring-security/trunk/core/src/test/java/org/springframework/security/ui/SessionFixationProtectionFilterTests.java,buggy,java,IssueFalse,22713,231,2748,16,7,2,7,7,2,3,4,6,6,5,9,9,6,7,8,9,10,10,3,5,6,5,9,9,4,6,4,5,7,8,5,7,7,6,8,8,8,8,8,7,8,8,3,3,6,2,5,4,5,4,7,5,7,10,8,8,6,6,6,8,6,5
sf,svn,acegisecurity,/spring-security/trunk/core/src/test/java/org/springframework/security/ui/basicauth/BasicProcessingFilterTests.java,clean,java,IssueFalse,22713,231,2748,16,9,7,9,8,7,5,9,8,7,9,9,8,8,7,7,9,9,9,7,6,6,9,9,8,6,6,4,9,9,8,9,9,8,9,9,9,10,10,10,9,8,8,4,4,8,3,8,6,8,6,9,5,10,4,4,4,10,9,9,9,7,6
sf,svn,acegisecurity,/spring-security/trunk/core/src/test/java/org/springframework/security/ui/preauth/PreAuthenticatedGrantedAuthoritiesWebAuthenticationDetailsTests.java,clean,java,IssueFalse,22713,231,2748,16,5,1,4,4,3,5,3,4,4,6,9,9,6,6,7,9,9,9,5,6,7,6,9,9,4,6,4,3,4,5,3,3,4,4,4,5,8,8,8,7,8,8,5,5,4,3,5,3,6,5,5,7,7,3,3,3,7,7,7,7,6,5
sf,svn,acegisecurity,/spring-security/trunk/core/src/test/java/org/springframework/security/ui/preauth/j2ee/J2eeBasedPreAuthenticatedWebAuthenticationDetailsSourceTests.java,clean,java,IssueFalse,22713,231,2748,16,8,1,7,7,2,5,6,7,7,6,9,9,7,7,8,9,9,9,7,8,8,6,9,9,4,6,4,7,8,8,7,8,8,6,8,8,8,8,8,9,10,10,4,5,7,3,8,5,4,6,7,9,7,3,3,3,5,6,6,6,6,7
sf,svn,acegisecurity,/spring-security/trunk/core/src/test/java/org/springframework/security/ui/rememberme/RememberMeProcessingFilterTests.java,clean,java,IssueFalse,22713,231,2748,16,8,6,8,8,7,5,4,6,7,5,9,10,6,7,9,9,9,9,2,6,7,5,9,10,4,6,5,5,7,8,5,7,8,5,7,9,8,10,10,7,8,8,4,4,7,2,7,6,5,6,8,5,10,3,3,3,8,7,7,3,3,2
sf,svn,acegisecurity,/spring-security/trunk/core/src/test/java/org/springframework/security/ui/rememberme/TokenBasedRememberMeServicesTests.java,clean,java,IssueFalse,22713,231,2748,16,9,7,9,8,5,7,7,8,8,6,9,9,7,7,8,9,9,9,6,7,8,6,9,9,6,7,5,8,9,9,8,9,9,8,9,9,8,8,8,9,9,9,4,5,8,4,8,7,9,7,10,5,7,3,3,3,8,7,7,8,6,5
sf,svn,acegisecurity,/spring-security/trunk/core/src/test/java/org/springframework/security/ui/switchuser/SwitchUserProcessingFilterTests.java,buggy,java,IssueFalse,22713,231,2748,16,10,9,9,9,7,5,7,9,9,5,9,9,7,8,9,9,9,9,5,6,8,5,9,9,4,6,4,7,9,9,7,9,9,8,10,10,8,9,9,7,8,8,5,6,9,2,7,6,8,7,10,8,7,9,8,9,7,7,7,5,5,5
sf,svn,acegisecurity,/spring-security/trunk/core/src/test/java/org/springframework/security/userdetails/UserTests.java,clean,java,IssueFalse,22713,231,2748,16,7,4,6,6,6,5,8,7,7,9,9,8,7,7,7,9,9,9,7,6,5,9,9,8,4,4,3,8,7,7,8,7,6,9,8,8,8,8,8,7,7,7,5,6,7,1,2,2,5,5,6,5,10,6,5,5,4,5,5,5,4,3
sf,svn,acegisecurity,/spring-security/trunk/core/src/test/java/org/springframework/security/userdetails/jdbc/JdbcDaoImplTests.java,clean,java,IssueFalse,22713,231,2748,16,8,4,7,8,6,5,7,8,7,9,9,9,7,7,8,9,9,9,4,5,5,9,9,9,4,4,3,7,9,8,8,8,8,7,9,9,8,9,9,9,9,9,4,4,7,2,7,4,6,6,9,5,7,9,7,7,8,7,7,8,5,4
sf,svn,acegisecurity,/spring-security/trunk/core/src/test/java/org/springframework/security/userdetails/jdbc/JdbcUserDetailsManagerTests.java,clean,java,IssueFalse,22713,231,2748,16,9,2,9,9,2,5,8,8,8,5,4,8,7,8,8,9,9,9,8,8,9,5,4,8,7,7,7,9,10,9,9,9,9,9,10,10,8,8,8,9,9,9,3,4,8,5,8,9,6,7,10,10,10,9,9,10,5,6,7,7,6,8
sf,svn,acegisecurity,/spring-security/trunk/core/src/test/java/org/springframework/security/userdetails/ldap/LdapUserDetailsManagerTests.java,buggy,java,IssueFalse,22713,231,2748,16,8,5,8,6,6,5,7,6,5,9,9,8,7,7,7,9,9,9,7,6,5,9,9,8,7,7,5,8,7,7,8,7,6,9,8,8,8,8,8,7,7,7,4,4,5,3,4,5,9,7,9,7,7,7,6,6,8,8,8,8,6,6
sf,svn,acegisecurity,/spring-security/trunk/core/src/test/java/org/springframework/security/util/FilterChainProxyTests.java,buggy,java,IssueFalse,22713,231,2748,16,8,4,8,7,5,5,6,7,7,5,4,8,7,7,8,9,9,9,5,7,7,5,4,8,4,6,4,7,8,8,7,8,8,7,9,9,8,8,8,9,9,9,4,4,7,2,6,5,5,5,8,9,7,6,6,7,8,9,9,6,6,6
sf,svn,acegisecurity,/spring-security/trunk/core/src/test/java/org/springframework/security/vote/AffirmativeBasedTests.java,clean,java,IssueFalse,22713,231,2748,16,7,4,6,7,7,5,8,7,6,9,9,8,7,7,7,9,9,9,8,7,6,9,9,8,4,4,3,8,8,7,9,7,7,9,8,8,8,8,8,9,9,9,4,4,6,2,6,5,5,4,7,5,7,3,3,3,6,6,6,3,3,2
sf,svn,acegisecurity,/spring-security/trunk/core/src/test/java/org/springframework/security/vote/BasicAclEntryVoterTests.java,clean,java,IssueFalse,22713,231,2748,16,10,9,9,9,7,5,8,9,8,6,9,9,7,8,8,9,9,9,5,7,7,6,9,9,4,4,3,8,9,9,8,9,9,9,10,9,8,8,8,9,9,9,4,4,8,2,7,5,7,6,10,8,7,3,3,3,8,8,9,10,10,9
sf,svn,acegisecurity,/spring-security/trunk/core/src/test/java/org/springframework/security/vote/ConsensusBasedTests.java,clean,java,IssueFalse,22713,231,2748,16,7,5,7,6,7,5,7,6,6,9,9,8,7,7,7,9,9,9,7,6,6,9,9,8,4,4,3,8,7,7,8,6,6,7,7,7,8,8,8,9,9,9,4,4,6,3,7,5,7,4,7,5,7,3,3,3,6,6,6,3,3,2
sf,svn,acegisecurity,/spring-security/trunk/core/src/test/java/org/springframework/security/vote/UnanimousBasedTests.java,clean,java,IssueFalse,22713,231,2748,16,7,4,7,7,6,5,8,7,6,9,9,8,7,7,7,9,9,9,8,7,6,9,9,8,4,4,3,9,8,8,9,7,7,8,8,7,8,8,8,10,10,10,4,4,6,2,6,5,6,4,8,5,7,3,3,3,6,6,6,3,3,2
sf,svn,acegisecurity,/spring-security/trunk/ntlm/src/main/java/org/springframework/security/ui/ntlm/NtlmProcessingFilter.java,buggy,java,IssueFalse,22713,231,2748,16,9,10,9,9,10,9,10,9,9,9,9,8,8,8,8,9,9,9,9,8,7,9,9,8,10,9,9,10,10,9,10,10,9,10,10,9,9,9,9,10,10,10,6,7,9,6,8,9,4,7,9,9,7,5,6,7,5,6,6,6,5,6
sf,svn,acegisecurity,/spring-security/trunk/openid/src/main/java/org/springframework/security/providers/openid/OpenIDAuthenticationToken.java,clean,java,IssueFalse,22713,231,2748,16,4,6,3,5,10,3,5,5,4,9,9,8,8,7,7,9,9,9,2,1,1,9,9,8,8,7,6,7,6,6,7,5,5,7,7,7,8,8,8,7,7,7,3,3,4,4,4,5,3,4,4,5,7,3,3,3,7,7,7,3,3,2
sf,svn,acegisecurity,/spring-security/trunk/openid/src/main/java/org/springframework/security/ui/openid/OpenIDAuthenticationProcessingFilter.java,clean,java,IssueFalse,22713,231,2748,16,8,6,7,8,7,9,9,9,8,10,10,9,9,9,9,9,9,9,6,5,5,10,10,9,7,7,5,9,9,8,9,8,8,8,8,7,10,10,10,9,8,8,6,6,8,4,6,7,5,6,8,5,7,3,3,3,4,5,5,3,3,2
sf,svn,acegisecurity,/spring-security/trunk/portlet/src/test/java/org/springframework/security/providers/portlet/PortletTestUtils.java,clean,java,IssueFalse,22713,231,2748,16,6,5,5,6,8,3,7,6,5,5,4,7,7,7,7,9,9,9,5,5,4,5,4,7,4,4,3,1,1,1,8,7,6,9,8,8,8,8,8,7,7,7,3,3,5,5,7,6,4,3,6,5,7,4,4,4,7,7,7,6,4,3
sf,svn,acegisecurity,/spring-security/trunk/samples/tutorial/src/main/java/bigbank/BankService.java,clean,java,IssueFalse,22713,231,2748,16,1,1,1,3,1,3,3,3,2,1,1,5,5,5,6,10,10,10,2,2,2,1,1,5,4,4,3,4,3,4,4,3,3,5,4,4,8,8,8,7,7,7,3,3,2,2,2,3,2,2,2,5,7,3,3,3,4,5,5,5,4,3
sf,svn,acegisecurity,/spring-security/trunk/samples/tutorial/src/main/java/bigbank/BankServiceImpl.java,clean,java,IssueFalse,22713,231,2748,16,3,1,3,4,3,5,5,4,4,5,4,7,6,6,7,9,9,9,3,3,3,5,4,7,6,6,4,6,5,5,6,4,4,6,6,6,8,8,8,7,7,7,4,4,4,3,4,3,4,4,4,5,7,6,5,5,4,5,5,3,3,2
sf,svn,acegisecurity,/spring-security/trunk/taglibs/src/test/java/org/springframework/security/taglibs/authz/AclTagTests.java,clean,java,IssueFalse,22713,231,2748,16,7,5,7,7,7,5,3,6,7,5,9,10,6,7,9,9,9,9,2,3,5,5,9,10,4,7,6,3,7,8,3,7,7,4,8,8,8,9,10,7,7,7,4,4,7,2,5,5,7,4,8,5,7,3,3,3,6,6,6,3,3,2
