Host,Vcs,Project,File,Buggy,PL,IssueTracking,TLOC,TNF,TNC,TND,LOC,CL,NStmt,NFunc,RCC,MNL,avg_WMC,max_WMC,total_WMC,avg_DIT,max_DIT,total_DIT,avg_RFC,max_RFC,total_RFC,avg_NOC,max_NOC,total_NOC,avg_CBO,max_CBO,total_CBO,avg_DIT.1,max_DIT.1,total_DIT.1,avg_NIV,max_NIV,total_NIV,avg_NIM,max_NIM,total_NIM,avg_NOM,max_NOM,total_NOM,avg_NPBM,max_NPBM,total_NPBM,avg_NPM,max_NPM,total_NPM,avg_NPRM,max_NPRM,total_NPRM,avg_CC,max_CC,total_CC,avg_FANIN,max_FANIN,total_FANIN,avg_FANOUT,max_FANOUT,total_FANOUT,NRev,NFix,avg_AddedLOC,max_AddedLOC,total_AddedLOC,avg_DeletedLOC,max_DeletedLOC,total_DeletedLOC,avg_ModifiedLOC,max_ModifiedLOC,total_ModifiedLOC
sf,svn,allacrost,/trunk/demo/src/defs.h,clean,cpp,IssueFalse,19023,57,426,30,7,8,7,1,5,2,7,7,7,7,8,5,5,5,5,9,9,9,6,6,6,7,8,5,6,6,6,6,6,6,6,6,6,6,6,6,9,9,9,8,8,9,1,1,2,1,1,3,2,2,2,7,4,4,4,4,5,5,5,5,5,5
sf,svn,allacrost,/trunk/demo/src/editor/editor.cpp,clean,cpp,IssueFalse,19023,57,426,30,10,10,10,10,4,10,7,7,7,7,8,5,5,5,5,9,9,9,6,6,6,7,8,5,6,6,6,6,6,6,6,6,6,6,6,6,9,9,9,8,8,9,9,10,10,6,7,9,8,9,10,4,4,3,3,3,5,5,5,1,1,1
sf,svn,allacrost,/trunk/demo/src/editor/grid.cpp,buggy,cpp,IssueFalse,19023,57,426,30,10,10,10,9,4,9,7,7,7,7,8,5,5,5,5,9,9,9,6,6,6,7,8,5,6,6,6,6,6,6,6,6,6,6,6,6,9,9,9,8,8,9,9,10,10,8,9,8,8,9,9,4,4,10,8,7,7,6,6,10,8,6
sf,svn,allacrost,/trunk/demo/src/global/global.cpp,buggy,cpp,IssueFalse,19023,57,426,30,10,9,10,9,2,7,7,7,7,7,8,5,5,5,5,9,9,9,6,6,6,7,8,5,6,6,6,6,6,6,6,6,6,6,6,6,9,9,9,8,8,9,10,10,10,10,9,10,9,9,9,7,10,5,5,5,5,5,5,1,3,2
sf,svn,allacrost,/trunk/demo/src/global/global_effects.cpp,clean,cpp,IssueFalse,19023,57,426,30,5,4,5,4,4,6,7,7,7,7,8,5,5,5,5,9,9,9,6,6,6,7,8,5,6,6,6,6,6,6,6,6,6,6,6,6,9,9,9,8,8,9,10,8,6,8,5,5,9,7,5,6,4,4,4,4,5,5,5,7,6,5
sf,svn,allacrost,/trunk/demo/src/global/global_effects.h,clean,cpp,IssueFalse,19023,57,426,30,4,9,5,9,9,2,9,9,9,7,8,5,7,7,8,9,9,9,7,7,8,7,8,5,9,9,9,9,10,10,9,10,10,10,10,10,9,9,9,8,8,9,3,3,7,2,2,5,2,3,4,4,4,7,6,5,5,5,5,6,4,3
sf,svn,allacrost,/trunk/demo/src/main.cpp,buggy,cpp,IssueFalse,19023,57,426,30,7,8,7,4,5,6,7,7,7,7,8,5,5,5,5,9,9,9,6,6,6,7,8,5,6,6,6,6,6,6,6,6,6,6,6,6,9,9,9,8,8,9,10,9,8,9,6,5,10,9,8,4,4,8,7,6,8,7,7,1,1,1
sf,svn,allacrost,/trunk/demo/src/modes/battle/battle.cpp,clean,cpp,IssueFalse,19023,57,426,30,10,10,10,10,4,7,7,7,7,7,8,5,5,5,5,9,9,9,6,6,7,7,8,5,6,6,6,6,6,6,6,6,6,6,6,7,9,9,9,8,8,9,9,10,10,9,9,9,8,9,10,8,4,9,9,9,8,8,8,2,4,4
sf,svn,allacrost,/trunk/demo/src/modes/battle/battle.h,clean,cpp,IssueFalse,19023,57,426,30,6,10,7,7,9,2,10,10,10,8,10,8,7,8,9,9,9,9,9,10,10,8,10,8,10,10,10,10,10,10,10,10,10,10,10,10,9,9,9,10,10,10,3,3,5,6,6,6,3,4,4,8,4,7,7,7,6,7,7,3,4,4
sf,svn,allacrost,/trunk/demo/src/modes/battle/battle_actors.cpp,buggy,cpp,IssueFalse,19023,57,426,30,8,8,8,9,4,6,7,7,7,7,8,5,5,5,5,9,9,9,6,6,6,7,8,5,6,6,6,6,6,6,6,6,6,6,6,6,9,9,9,8,8,9,8,8,9,7,7,8,8,7,9,8,4,9,8,8,10,9,10,9,8,9
sf,svn,allacrost,/trunk/demo/src/modes/battle/battle_actors.h,clean,cpp,IssueFalse,19023,57,426,30,5,9,6,9,8,2,9,9,10,8,10,8,8,8,9,10,10,10,9,9,10,8,10,8,8,9,9,10,10,10,10,10,10,10,10,10,9,9,9,9,9,9,3,3,7,5,6,7,2,3,4,6,4,8,7,6,9,9,9,9,7,6
sf,svn,allacrost,/trunk/demo/src/modes/battle/battle_windows.cpp,clean,cpp,IssueFalse,19023,57,426,30,10,10,10,10,3,10,7,7,7,7,8,5,5,5,5,9,9,9,6,6,6,7,8,5,6,6,6,6,6,6,6,6,6,6,6,6,9,9,9,8,8,9,9,9,10,3,5,7,9,7,10,4,4,3,3,3,5,5,5,3,3,2
sf,svn,allacrost,/trunk/demo/src/modes/boot/boot.cpp,buggy,cpp,IssueFalse,19023,57,426,30,10,10,10,10,3,7,7,7,7,7,8,5,5,5,5,9,9,9,6,6,6,7,8,5,6,6,6,6,6,6,6,6,6,6,6,6,9,9,9,8,8,9,7,10,10,6,10,10,7,10,10,10,10,10,10,10,5,5,5,3,7,6
sf,svn,allacrost,/trunk/demo/src/modes/boot/boot.h,buggy,cpp,IssueFalse,19023,57,426,30,6,10,7,1,8,2,10,10,10,10,10,7,10,10,9,9,9,9,10,10,9,10,10,7,10,10,10,10,10,10,10,10,10,10,10,9,9,9,9,10,10,10,1,1,2,1,1,3,2,2,2,6,4,6,6,5,5,5,5,1,1,1
sf,svn,allacrost,/trunk/demo/src/modes/defs_modes.cpp,buggy,cpp,IssueFalse,19023,57,426,30,8,6,3,2,2,2,7,7,7,7,8,5,5,5,5,9,9,9,6,6,6,7,8,5,6,6,6,6,6,6,6,6,6,6,6,6,9,9,9,8,8,9,3,3,2,10,10,7,9,4,3,9,4,6,7,7,6,7,8,6,8,7
sf,svn,allacrost,/trunk/demo/src/modes/map/map.cpp,clean,cpp,IssueFalse,19023,57,426,30,8,9,9,8,4,7,7,7,7,7,8,5,5,5,5,9,9,9,6,6,6,7,8,5,6,6,6,6,6,6,6,6,6,6,6,6,9,9,9,8,8,9,9,10,9,10,9,9,9,9,9,7,8,9,9,8,10,10,10,10,10,10
sf,svn,allacrost,/trunk/demo/src/modes/map/map.h,clean,cpp,IssueFalse,19023,57,426,30,5,10,5,8,9,2,10,10,10,10,10,7,8,8,8,9,9,9,10,10,10,10,10,7,10,10,10,10,10,10,10,10,10,10,10,10,9,9,9,10,10,10,3,3,6,8,10,7,2,3,4,7,4,10,10,9,10,10,10,8,8,6
sf,svn,allacrost,/trunk/demo/src/modes/map/map_dialogue.cpp,clean,cpp,IssueFalse,19023,57,426,30,8,8,8,9,3,7,7,7,7,7,8,5,5,5,5,9,9,9,6,6,6,7,8,5,6,6,6,6,6,6,6,6,6,6,6,6,9,9,9,8,8,9,9,8,9,9,7,9,9,8,9,4,4,5,4,4,9,8,8,9,6,5
sf,svn,allacrost,/trunk/demo/src/modes/map/map_dialogue.h,clean,cpp,IssueFalse,19023,57,426,30,6,10,7,9,9,4,9,10,10,8,10,7,7,8,9,9,9,9,9,9,10,8,10,7,9,9,10,9,10,10,9,10,10,10,10,10,9,9,9,9,10,10,4,4,8,4,4,7,2,3,5,4,4,6,5,5,5,5,5,3,3,2
sf,svn,allacrost,/trunk/demo/src/modes/map/map_events.cpp,clean,cpp,IssueFalse,19023,57,426,30,9,9,9,10,4,9,7,7,7,7,8,5,5,5,5,9,9,9,6,6,6,7,8,5,6,6,6,6,6,6,6,6,6,6,6,6,9,9,9,8,8,9,7,9,10,7,8,9,5,5,9,8,8,8,8,8,9,9,9,10,9,9
sf,svn,allacrost,/trunk/demo/src/modes/map/map_events.h,clean,cpp,IssueFalse,19023,57,426,30,6,10,6,8,10,2,8,9,10,10,10,10,6,6,10,10,10,10,7,8,10,10,10,10,7,8,10,8,9,10,7,9,10,7,9,10,10,10,10,9,9,9,3,3,5,7,6,6,3,3,5,8,4,8,8,8,8,8,8,6,5,6
sf,svn,allacrost,/trunk/demo/src/modes/map/map_sprites.cpp,buggy,cpp,IssueFalse,19023,57,426,30,9,9,9,9,3,9,7,7,7,7,8,5,5,5,5,9,9,9,6,6,6,7,8,5,6,6,6,6,6,6,6,6,6,6,6,6,9,9,9,8,8,9,9,9,10,9,9,9,8,7,9,8,9,8,8,8,10,9,10,10,9,9
sf,svn,allacrost,/trunk/demo/src/modes/map/map_sprites.h,clean,cpp,IssueFalse,19023,57,426,30,6,10,7,9,9,4,10,10,10,10,10,10,8,9,9,10,10,10,9,9,10,10,10,10,10,9,10,10,10,10,10,10,10,10,10,10,9,9,9,8,8,9,3,4,7,3,3,6,2,3,5,7,8,7,6,6,8,8,8,3,4,3
sf,svn,allacrost,/trunk/demo/src/modes/menu/menu.cpp,clean,cpp,IssueFalse,19023,57,426,30,9,9,10,9,3,7,7,7,7,7,8,5,5,5,5,9,9,9,6,6,6,7,8,5,6,6,6,6,6,6,6,6,6,6,6,6,9,9,9,8,8,9,9,10,10,2,7,5,8,9,9,4,8,5,4,4,10,9,9,9,6,5
sf,svn,allacrost,/trunk/demo/src/modes/save/save_mode.cpp,clean,cpp,IssueFalse,19023,57,426,30,6,5,7,5,3,7,7,7,7,7,8,5,5,5,5,9,9,9,6,6,6,7,8,5,6,6,6,6,6,6,6,6,6,6,6,6,9,9,9,8,8,9,10,10,7,10,8,6,10,8,7,4,8,9,7,6,5,5,5,1,1,1
sf,svn,allacrost,/trunk/demo/src/modes/shop/shop.cpp,buggy,cpp,IssueFalse,19023,57,426,30,8,5,9,8,2,7,7,7,7,7,8,5,5,5,5,9,9,9,6,6,6,7,8,5,6,6,6,6,6,6,6,6,6,6,6,6,9,9,9,8,8,9,10,9,10,10,9,8,9,8,9,8,4,10,10,10,6,7,7,9,7,8
sf,svn,allacrost,/trunk/demo/src/modes/shop/shop.h,clean,cpp,IssueFalse,19023,57,426,30,4,10,5,8,10,2,10,10,10,10,10,7,8,8,8,9,9,9,10,10,9,10,10,7,10,10,10,10,10,10,10,10,10,10,10,10,9,9,9,8,8,9,3,3,5,6,8,6,2,3,3,8,4,9,8,8,8,8,8,8,7,7
sf,svn,allacrost,/trunk/demo/src/modes/shop/shop_buy.cpp,buggy,cpp,IssueFalse,19023,57,426,30,7,6,8,7,3,9,7,7,7,7,8,5,5,5,5,9,9,9,6,6,6,7,8,5,6,6,6,6,6,6,6,6,6,6,6,6,9,9,9,8,8,9,9,9,9,8,7,7,9,8,8,6,4,10,10,10,10,10,10,10,10,9
sf,svn,allacrost,/trunk/demo/src/modes/shop/shop_buy.h,clean,cpp,IssueFalse,19023,57,426,30,3,8,3,3,10,2,9,9,9,8,10,7,6,6,7,9,9,9,9,9,9,8,10,7,8,9,9,9,8,9,8,8,9,9,9,9,9,9,9,9,9,9,3,3,3,3,3,4,3,3,2,6,4,10,10,9,9,8,8,10,9,9
sf,svn,allacrost,/trunk/demo/src/modes/shop/shop_confirm.cpp,buggy,cpp,IssueFalse,19023,57,426,30,4,8,4,6,8,4,7,7,7,7,8,5,5,5,5,9,9,9,6,6,6,7,8,5,6,6,6,6,6,6,6,6,6,6,6,6,9,9,9,8,8,9,5,6,5,2,2,4,5,6,5,4,4,8,6,5,5,5,5,9,6,5
sf,svn,allacrost,/trunk/demo/src/modes/shop/shop_confirm.h,clean,cpp,IssueFalse,19023,57,426,30,2,4,2,1,9,2,8,8,8,10,10,8,6,6,7,9,9,9,7,7,8,10,10,8,6,6,6,8,8,8,7,8,8,8,8,9,9,9,9,8,8,9,1,1,2,1,1,3,2,2,2,4,4,6,5,4,5,5,5,7,5,4
sf,svn,allacrost,/trunk/demo/src/modes/shop/shop_root.cpp,clean,cpp,IssueFalse,19023,57,426,30,7,6,8,8,3,7,7,7,7,7,8,5,5,5,5,9,9,9,6,6,6,7,8,5,6,6,6,6,6,6,6,6,6,6,6,6,9,9,9,8,8,9,8,10,8,8,8,7,8,7,8,4,4,8,7,6,5,5,5,9,6,5
sf,svn,allacrost,/trunk/demo/src/modes/shop/shop_root.h,clean,cpp,IssueFalse,19023,57,426,30,3,9,3,1,10,2,9,9,9,10,10,9,6,6,8,9,9,9,8,9,9,10,10,9,7,7,8,8,8,9,8,8,9,8,9,9,9,9,9,8,8,9,1,1,2,1,1,3,2,2,2,4,4,7,5,5,5,5,5,7,5,4
sf,svn,allacrost,/trunk/demo/src/modes/shop/shop_sell.cpp,buggy,cpp,IssueFalse,19023,57,426,30,4,8,4,7,8,4,7,7,7,7,8,5,5,5,5,9,9,9,6,6,6,7,8,5,6,6,6,6,6,6,6,6,6,6,6,6,9,9,9,8,8,9,5,7,6,3,4,5,5,6,6,4,4,8,6,5,5,5,5,9,6,5
sf,svn,allacrost,/trunk/demo/src/modes/shop/shop_sell.h,clean,cpp,IssueFalse,19023,57,426,30,2,6,2,1,9,2,8,8,8,10,10,8,6,6,7,9,9,9,7,7,8,10,10,8,7,8,7,8,8,9,8,8,8,9,8,9,9,9,9,8,8,9,1,1,2,1,1,3,2,2,2,4,4,6,5,4,5,5,5,7,5,4
sf,svn,allacrost,/trunk/demo/src/modes/shop/shop_trade.cpp,clean,cpp,IssueFalse,19023,57,426,30,2,3,2,5,7,4,7,7,7,7,8,5,5,5,5,9,9,9,6,6,6,7,8,5,6,6,6,6,6,6,6,6,6,6,6,6,9,9,9,8,8,9,4,4,4,1,2,4,2,3,2,4,4,8,6,5,5,5,5,9,6,5
sf,svn,allacrost,/trunk/demo/src/modes/shop/shop_utils.cpp,clean,cpp,IssueFalse,19023,57,426,30,8,6,8,7,3,9,7,7,7,7,8,5,5,5,5,9,9,9,6,6,6,7,8,5,6,6,6,6,6,6,6,6,6,6,6,6,9,9,9,8,8,9,10,9,9,9,8,7,7,7,7,6,4,10,10,9,5,5,5,5,4,4
sf,svn,allacrost,/trunk/demo/src/modes/shop/shop_utils.h,clean,cpp,IssueFalse,19023,57,426,30,5,9,5,7,8,2,9,10,10,8,10,7,6,7,8,10,10,10,8,9,9,8,10,7,9,9,9,9,9,10,9,9,10,9,10,10,9,9,9,9,9,9,3,3,5,6,5,6,2,3,3,6,4,10,10,9,7,7,7,9,7,6
sf,svn,allacrost,/trunk/demo/src/utils.cpp,buggy,cpp,IssueFalse,19023,57,426,30,8,9,9,10,5,7,7,7,7,7,8,5,5,5,5,9,9,9,6,6,6,7,8,5,6,6,6,6,6,6,6,6,6,6,6,6,9,9,9,8,8,9,7,7,10,6,9,9,4,4,9,9,10,8,10,9,8,9,9,7,8,8
sf,svn,allacrost,/trunk/demo/src/utils.h,clean,cpp,IssueFalse,19023,57,426,30,6,10,6,8,10,6,9,9,9,7,8,5,7,7,8,10,10,10,6,6,7,7,8,5,7,8,8,10,10,10,9,9,10,10,10,10,9,9,9,8,8,9,4,5,5,6,6,6,2,3,3,6,4,7,6,6,5,5,5,1,1,1
