Host,Vcs,Project,File,Buggy,PL,IssueTracking,TLOC,TNF,TNC,TND,LOC,CL,NStmt,NFunc,RCC,MNL,avg_WMC,max_WMC,total_WMC,avg_DIT,max_DIT,total_DIT,avg_RFC,max_RFC,total_RFC,avg_NOC,max_NOC,total_NOC,avg_CBO,max_CBO,total_CBO,avg_DIT.1,max_DIT.1,total_DIT.1,avg_NIV,max_NIV,total_NIV,avg_NIM,max_NIM,total_NIM,avg_NOM,max_NOM,total_NOM,avg_NPBM,max_NPBM,total_NPBM,avg_NPM,max_NPM,total_NPM,avg_NPRM,max_NPRM,total_NPRM,avg_CC,max_CC,total_CC,avg_FANIN,max_FANIN,total_FANIN,avg_FANOUT,max_FANOUT,total_FANOUT,NRev,NFix,avg_AddedLOC,max_AddedLOC,total_AddedLOC,avg_DeletedLOC,max_DeletedLOC,total_DeletedLOC,avg_ModifiedLOC,max_ModifiedLOC,total_ModifiedLOC
sf,cvs,anyconfig,anyconfig/anyconfig/src/AnyConfig.h,clean,cpp,IssueFalse,6811,46,361,2,2,7,2,2,9,4,7,7,7,8,9,5,8,9,5,9,9,9,6,6,6,8,9,5,6,6,6,6,6,6,6,6,6,6,6,6,9,9,9,8,8,9,2,2,2,2,2,3,3,2,2,6,5,3,3,3,4,4,4,10,10,10
sf,cvs,anyconfig,anyconfig/anyconfig/src/Attic/AnyCorbaCfg_impl.cpp,clean,cpp,IssueFalse,6811,46,361,2,6,3,5,7,3,9,7,7,7,8,9,5,8,9,5,9,9,9,6,6,6,8,9,5,6,6,6,6,6,6,6,6,6,6,6,6,9,9,9,8,8,9,8,8,6,6,7,7,8,8,7,3,8,5,4,4,4,4,4,3,3,3
sf,cvs,anyconfig,anyconfig/anyconfig/src/Attic/CorbaConfig.cpp,clean,cpp,IssueFalse,6811,46,361,2,4,10,3,8,10,4,7,7,7,8,9,5,8,9,5,9,9,9,6,6,6,8,9,5,6,6,6,6,6,6,6,6,6,6,6,6,9,9,9,8,8,9,4,4,5,3,4,6,4,3,4,6,5,9,8,8,6,6,6,10,10,10
sf,cvs,anyconfig,anyconfig/anyconfig/src/Attic/CorbaConfig.h,clean,cpp,IssueFalse,6811,46,361,2,2,9,2,2,10,4,8,8,8,10,10,8,10,10,8,9,9,9,8,7,8,10,10,8,7,7,7,9,9,8,9,9,8,9,9,9,9,9,9,9,9,9,2,2,2,2,2,3,3,2,2,6,5,7,8,7,7,6,6,10,10,9
sf,cvs,anyconfig,anyconfig/anyconfig/src/Attic/CorbaConfigServer.cpp,clean,cpp,IssueFalse,6811,46,361,2,7,5,7,5,3,9,7,7,7,8,9,5,8,9,5,9,9,9,6,6,6,8,9,5,6,6,6,6,6,6,6,6,6,6,6,6,9,9,9,8,8,9,10,10,6,9,8,7,10,10,7,3,8,10,9,8,10,9,9,10,9,9
sf,cvs,anyconfig,anyconfig/anyconfig/src/AutoDelete.cpp,clean,cpp,IssueFalse,6811,46,361,2,2,8,1,5,10,4,7,7,7,8,9,5,8,9,5,9,9,9,6,6,6,8,9,5,6,6,6,6,6,6,6,6,6,6,6,6,9,9,9,8,8,9,4,4,3,4,4,5,4,3,3,5,5,4,4,3,4,4,4,10,10,9
sf,cvs,anyconfig,anyconfig/anyconfig/src/AutoDelete.h,clean,cpp,IssueFalse,6811,46,361,2,1,6,1,2,10,4,7,7,7,8,9,5,9,9,6,9,9,9,6,6,7,8,9,5,7,7,7,7,7,7,7,7,7,7,7,7,9,9,9,9,9,9,2,2,2,2,2,3,3,2,2,3,5,3,3,3,6,5,5,10,9,9
sf,cvs,anyconfig,anyconfig/anyconfig/src/BufFileConfig.cpp,buggy,cpp,IssueFalse,6811,46,361,2,5,10,4,8,9,9,7,7,7,8,9,5,8,9,5,9,9,9,6,6,6,8,9,5,6,6,6,6,6,6,6,6,6,6,6,6,9,9,9,8,8,9,6,8,5,6,7,8,7,6,6,5,5,4,4,3,4,4,4,10,10,10
sf,cvs,anyconfig,anyconfig/anyconfig/src/BufFileConfig.h,clean,cpp,IssueFalse,6811,46,361,2,2,9,1,2,10,4,8,8,8,10,10,9,10,10,9,9,9,9,8,7,8,10,10,9,7,7,7,9,9,8,9,8,8,9,9,8,9,9,9,9,9,9,2,2,2,2,2,3,3,2,2,3,5,3,3,3,6,5,5,10,10,10
sf,cvs,anyconfig,anyconfig/anyconfig/src/CfgSource.cpp,buggy,cpp,IssueFalse,6811,46,361,2,3,9,2,5,10,7,7,7,7,8,9,5,8,9,5,9,9,9,6,6,6,8,9,5,6,6,6,6,6,6,6,6,6,6,6,6,9,9,9,8,8,9,8,7,3,6,7,5,7,7,4,6,5,4,4,4,5,5,5,10,10,10
sf,cvs,anyconfig,anyconfig/anyconfig/src/CfgSource.h,clean,cpp,IssueFalse,6811,46,361,2,2,9,1,2,10,4,8,7,7,8,9,5,9,9,6,9,9,9,7,7,7,8,9,5,10,9,9,7,7,7,7,7,7,7,7,7,9,9,9,9,9,9,2,2,2,2,2,3,3,2,2,6,5,4,4,4,5,5,6,10,10,10
sf,cvs,anyconfig,anyconfig/anyconfig/src/Configuration.cpp,buggy,cpp,IssueFalse,6811,46,361,2,10,10,10,10,8,10,7,7,7,8,9,5,8,9,5,9,9,9,6,6,6,8,9,5,6,6,6,6,6,6,6,6,6,6,6,6,9,9,9,8,8,9,9,10,9,6,8,9,7,10,9,6,5,8,8,7,4,4,4,10,10,10
sf,cvs,anyconfig,anyconfig/anyconfig/src/Configuration.h,buggy,cpp,IssueFalse,6811,46,361,2,4,10,4,2,10,4,10,10,10,8,9,5,10,10,8,10,10,10,9,9,9,8,9,5,7,7,7,10,10,9,10,10,10,10,10,10,10,10,10,10,9,9,2,2,2,2,2,3,3,2,2,3,5,3,3,3,6,5,5,10,10,10
sf,cvs,anyconfig,anyconfig/anyconfig/src/EnvConfig.cpp,clean,cpp,IssueFalse,6811,46,361,2,6,10,5,8,9,7,7,7,7,8,9,5,8,9,5,9,9,9,6,6,6,8,9,5,6,6,6,6,6,6,6,6,6,6,6,6,9,9,9,8,8,9,6,7,6,4,7,8,6,4,7,5,5,4,4,3,4,4,4,10,10,10
sf,cvs,anyconfig,anyconfig/anyconfig/src/EnvConfig.h,clean,cpp,IssueFalse,6811,46,361,2,2,9,1,2,10,4,9,8,8,10,10,8,10,10,8,9,9,9,6,6,7,10,10,8,6,6,6,9,9,8,9,9,8,9,9,9,9,9,9,9,9,9,2,2,2,2,2,3,3,2,2,3,5,3,3,3,6,5,5,10,10,9
sf,cvs,anyconfig,anyconfig/anyconfig/src/Exception.cpp,clean,cpp,IssueFalse,6811,46,361,2,2,9,1,6,10,4,7,7,7,8,9,5,8,9,5,9,9,9,6,6,6,8,9,5,6,6,6,6,6,6,6,6,6,6,6,6,9,9,9,8,8,9,4,4,3,7,7,7,5,3,3,5,5,4,4,3,4,4,4,10,10,9
sf,cvs,anyconfig,anyconfig/anyconfig/src/Exception.h,clean,cpp,IssueFalse,6811,46,361,2,1,8,1,2,10,4,8,7,7,10,10,7,10,10,8,9,9,9,6,6,6,10,10,7,6,6,6,7,7,7,7,7,7,7,7,7,9,9,9,9,9,9,2,2,2,2,2,3,3,2,2,3,5,3,3,3,6,5,5,10,10,9
sf,cvs,anyconfig,anyconfig/anyconfig/src/FileConfig.cpp,clean,cpp,IssueFalse,6811,46,361,2,8,10,8,9,8,10,7,7,7,8,9,5,8,9,5,9,9,9,6,6,6,8,9,5,6,6,6,6,6,6,6,6,6,6,6,6,9,9,9,8,8,9,9,10,8,6,7,8,7,8,8,5,5,4,4,3,4,4,4,10,10,10
sf,cvs,anyconfig,anyconfig/anyconfig/src/FileConfig.h,clean,cpp,IssueFalse,6811,46,361,2,2,9,2,2,10,4,10,9,9,10,10,8,10,10,8,9,9,9,8,8,8,10,10,8,7,7,7,9,9,9,9,9,9,9,9,9,10,9,9,9,9,9,2,2,2,2,2,3,3,2,2,3,5,3,3,3,6,5,5,10,10,10
sf,cvs,anyconfig,anyconfig/anyconfig/src/MemCfgItem.cpp,clean,cpp,IssueFalse,6811,46,361,2,3,9,2,6,10,7,7,7,7,8,9,5,8,9,5,9,9,9,6,6,6,8,9,5,6,6,6,6,6,6,6,6,6,6,6,6,9,9,9,8,8,9,6,6,4,5,6,6,6,5,5,5,5,4,4,3,4,4,4,10,10,10
sf,cvs,anyconfig,anyconfig/anyconfig/src/MemCfgItem.h,clean,cpp,IssueFalse,6811,46,361,2,2,8,2,3,10,4,8,8,8,8,9,5,9,9,6,9,9,9,7,7,7,8,9,5,10,9,9,8,8,8,8,8,7,8,8,8,9,9,9,9,9,9,4,4,2,3,3,3,4,2,2,3,5,3,3,3,6,5,5,10,10,9
sf,cvs,anyconfig,anyconfig/anyconfig/src/MemCfgSection.cpp,clean,cpp,IssueFalse,6811,46,361,2,10,10,10,10,2,10,7,7,7,8,9,5,8,9,5,9,9,9,6,6,6,8,9,5,6,6,6,6,6,6,6,6,6,6,6,6,9,9,9,8,8,9,10,10,10,7,8,10,6,7,9,5,5,4,4,3,4,4,4,10,10,10
sf,cvs,anyconfig,anyconfig/anyconfig/src/MemCfgSection.h,clean,cpp,IssueFalse,6811,46,361,2,6,9,6,8,7,8,8,8,8,8,9,5,10,10,8,9,9,9,7,7,8,8,9,5,10,10,10,9,9,10,9,9,10,10,10,10,9,9,9,9,9,9,6,7,5,5,7,8,6,4,6,3,5,3,3,3,6,5,5,10,10,10
sf,cvs,anyconfig,anyconfig/anyconfig/src/MemConfig.cpp,clean,cpp,IssueFalse,6811,46,361,2,10,10,10,10,3,10,7,7,7,8,9,5,8,9,5,9,9,9,6,6,6,8,9,5,6,6,6,6,6,6,6,6,6,6,6,6,9,9,9,8,8,9,10,10,10,9,9,10,7,7,10,5,5,4,4,3,4,4,4,10,10,10
sf,cvs,anyconfig,anyconfig/anyconfig/src/MemConfig.h,clean,cpp,IssueFalse,6811,46,361,2,7,9,6,8,7,8,10,10,10,10,10,8,10,10,9,10,10,10,7,7,8,10,10,8,9,9,9,10,10,10,10,10,10,10,10,10,9,9,9,9,9,9,6,7,5,6,7,8,6,4,6,3,5,3,3,3,6,5,5,10,10,10
sf,cvs,anyconfig,anyconfig/anyconfig/src/MySQLConfig.cpp,clean,cpp,IssueFalse,6811,46,361,2,5,10,3,9,10,7,7,7,7,8,9,5,8,9,5,9,9,9,6,6,6,8,9,5,6,6,6,6,6,6,6,6,6,6,6,6,9,9,9,8,8,9,5,6,6,3,6,7,5,7,6,5,5,4,4,3,4,4,4,10,10,10
sf,cvs,anyconfig,anyconfig/anyconfig/src/MySQLConfig.h,clean,cpp,IssueFalse,6811,46,361,2,3,10,3,2,10,4,9,8,8,10,10,8,10,10,8,9,9,9,7,7,7,10,10,8,10,9,9,10,9,9,9,9,9,10,9,9,10,10,10,9,9,9,2,2,2,2,2,3,3,2,2,3,5,3,3,3,6,5,5,10,10,10
sf,cvs,anyconfig,anyconfig/anyconfig/src/RegConfig.cpp,clean,cpp,IssueFalse,6811,46,361,2,5,10,4,9,10,4,7,7,7,8,9,5,8,9,5,9,9,9,6,6,6,8,9,5,6,6,6,6,6,6,6,6,6,6,6,6,9,9,9,8,8,9,4,4,5,4,6,7,5,4,6,5,5,4,4,3,4,4,4,10,10,10
sf,cvs,anyconfig,anyconfig/anyconfig/src/RegConfig.h,clean,cpp,IssueFalse,6811,46,361,2,3,9,2,2,10,4,9,8,8,10,10,7,10,10,8,9,9,9,8,7,8,10,10,7,7,7,7,9,9,9,9,9,9,9,9,9,9,9,9,10,10,10,2,2,2,2,2,3,3,2,2,3,5,3,3,3,6,5,5,10,10,9
sf,cvs,anyconfig,anyconfig/anyconfig/src/WriteableConfig.cpp,clean,cpp,IssueFalse,6811,46,361,2,3,10,2,7,10,4,7,7,7,8,9,5,8,9,5,9,9,9,6,6,6,8,9,5,6,6,6,6,6,6,6,6,6,6,6,6,9,9,9,8,8,9,4,4,3,7,7,7,4,3,3,5,5,4,4,3,4,4,4,10,10,10
sf,cvs,anyconfig,anyconfig/anyconfig/src/WriteableConfig.h,clean,cpp,IssueFalse,6811,46,361,2,2,9,1,2,10,4,8,7,7,10,10,7,10,10,8,10,10,10,6,6,7,10,10,7,6,6,6,8,8,8,8,8,7,8,8,8,9,9,9,9,9,9,2,2,2,2,2,3,3,2,2,3,5,3,3,3,6,5,5,10,10,9
