Host,Vcs,Project,File,Buggy,PL,IssueTracking,TLOC,TNF,TNC,TND,LOC,CL,NStmt,NFunc,RCC,MNL,avg_WMC,max_WMC,total_WMC,avg_DIT,max_DIT,total_DIT,avg_RFC,max_RFC,total_RFC,avg_NOC,max_NOC,total_NOC,avg_CBO,max_CBO,total_CBO,avg_DIT.1,max_DIT.1,total_DIT.1,avg_NIV,max_NIV,total_NIV,avg_NIM,max_NIM,total_NIM,avg_NOM,max_NOM,total_NOM,avg_NPBM,max_NPBM,total_NPBM,avg_NPM,max_NPM,total_NPM,avg_NPRM,max_NPRM,total_NPRM,avg_CC,max_CC,total_CC,avg_FANIN,max_FANIN,total_FANIN,avg_FANOUT,max_FANOUT,total_FANOUT,NRev,NFix,avg_AddedLOC,max_AddedLOC,total_AddedLOC,avg_DeletedLOC,max_DeletedLOC,total_DeletedLOC,avg_ModifiedLOC,max_ModifiedLOC,total_ModifiedLOC
sf,cvs,aquachat,aquachat/AquaChat/ACConnectionsWindowController.h,clean,c,IssueFalse,305,27,836,9,1,1,2,3,1,3,7,7,7,5,4,5,5,5,5,9,9,9,6,6,6,5,4,5,6,6,6,6,6,6,6,6,6,6,6,6,9,9,9,8,8,9,3,3,2,3,2,2,3,3,2,4,4,5,5,5,4,4,4,2,3,2
sf,cvs,aquachat,aquachat/AquaChat/ACController.h,clean,c,IssueFalse,305,27,836,9,1,2,2,3,7,3,7,7,7,5,4,5,5,5,5,9,9,9,6,6,6,5,4,5,6,6,6,6,6,6,6,6,6,6,6,6,9,9,9,8,8,9,3,3,2,3,2,2,3,3,2,8,8,6,7,7,5,5,5,2,4,4
sf,cvs,aquachat,aquachat/AquaChat/ACIRCConnection.h,clean,c,IssueFalse,305,27,836,9,2,3,3,3,6,3,7,7,7,5,4,5,5,5,5,9,9,9,6,6,6,5,4,5,6,6,6,6,6,6,6,6,6,6,6,6,9,9,9,8,8,9,3,3,2,3,2,2,3,3,2,8,6,7,8,8,9,8,9,7,6,7
sf,cvs,aquachat,aquachat/AquaChat/ACImageAdditions.h,clean,c,IssueFalse,305,27,836,9,1,2,1,2,9,3,7,7,7,5,4,5,5,5,5,9,9,9,6,6,6,5,4,5,6,6,6,6,6,6,6,6,6,6,6,6,9,9,9,8,8,9,3,3,2,3,2,2,3,2,2,4,8,7,7,7,5,6,6,2,3,3
sf,cvs,aquachat,aquachat/AquaChat/ACMessageRouter.h,clean,c,IssueFalse,305,27,836,9,1,3,2,3,7,3,7,7,7,5,4,5,5,5,5,9,9,9,6,6,6,5,4,5,6,6,6,6,6,6,6,6,6,6,6,6,9,9,9,8,8,9,3,3,2,3,2,2,3,3,2,2,4,8,6,6,4,4,4,7,5,4
sf,cvs,aquachat,aquachat/AquaChat/ACNetworkEditorController.h,clean,c,IssueFalse,305,27,836,9,2,1,2,3,1,3,7,7,7,5,4,5,5,5,5,9,9,9,6,6,6,5,4,5,6,6,6,6,6,6,6,6,6,6,6,6,9,9,9,8,8,9,3,3,2,3,2,2,3,3,2,5,6,5,5,6,4,4,4,2,3,2
sf,cvs,aquachat,aquachat/AquaChat/ACPreferencesController.h,clean,c,IssueFalse,305,27,836,9,1,2,2,3,6,3,7,7,7,5,4,5,5,5,5,9,9,9,6,6,6,5,4,5,6,6,6,6,6,6,6,6,6,6,6,6,9,9,9,8,8,9,3,3,2,3,2,2,3,3,2,2,4,9,7,6,4,4,4,2,1,1
sf,cvs,aquachat,aquachat/AquaChat/ACPreferencesGroupedIconView.h,clean,c,IssueFalse,305,27,836,9,1,2,2,3,7,3,7,7,7,5,4,5,5,5,5,9,9,9,6,6,6,5,4,5,6,6,6,6,6,6,6,6,6,6,6,6,9,9,9,8,8,9,3,3,2,3,2,2,3,3,2,2,4,9,7,6,4,4,4,2,1,1
sf,cvs,aquachat,aquachat/AquaChat/ACPreferencesMultipleIconView.h,clean,c,IssueFalse,305,27,836,9,1,2,2,3,7,3,7,7,7,5,4,5,5,5,5,9,9,9,6,6,6,5,4,5,6,6,6,6,6,6,6,6,6,6,6,6,9,9,9,8,8,9,3,3,2,3,2,2,3,3,2,2,4,9,7,6,4,4,4,2,1,1
sf,cvs,aquachat,aquachat/AquaChat/ACScannerAdditions.h,clean,c,IssueFalse,305,27,836,9,1,2,1,2,9,3,7,7,7,5,4,5,5,5,5,9,9,9,6,6,6,5,4,5,6,6,6,6,6,6,6,6,6,6,6,6,9,9,9,8,8,9,3,3,2,3,2,2,3,2,2,6,8,5,6,6,4,4,4,4,5,5
sf,cvs,aquachat,aquachat/AquaChat/ACServerController.h,buggy,c,IssueFalse,305,27,836,9,1,2,2,3,7,3,7,7,7,5,4,5,5,5,5,9,9,9,6,6,6,5,4,5,6,6,6,6,6,6,6,6,6,6,6,6,9,9,9,8,8,9,3,3,2,3,2,2,3,3,2,6,4,7,7,7,5,5,5,3,3,4
sf,cvs,aquachat,aquachat/AquaChat/ACStringAdditions.h,clean,c,IssueFalse,305,27,836,9,1,3,1,2,10,3,7,7,7,5,4,5,5,5,5,9,9,9,6,6,6,5,4,5,6,6,6,6,6,6,6,6,6,6,6,6,9,9,9,8,8,9,3,3,2,3,2,2,3,2,2,4,6,8,7,7,5,6,6,5,5,5
sf,cvs,aquachat,aquachat/AquaChat/ACTab.h,buggy,c,IssueFalse,305,27,836,9,1,2,2,3,6,3,7,7,7,5,4,5,5,5,5,9,9,9,6,6,6,5,4,5,6,6,6,6,6,6,6,6,6,6,6,6,9,9,9,8,8,9,3,3,2,3,2,2,3,3,2,9,9,5,6,8,5,7,7,4,5,7
sf,cvs,aquachat,aquachat/AquaChat/ACTabView.h,clean,c,IssueFalse,305,27,836,9,1,2,1,3,10,3,7,7,7,5,4,5,5,5,5,9,9,9,6,6,6,5,4,5,6,6,6,6,6,6,6,6,6,6,6,6,9,9,9,8,8,9,3,3,2,3,2,2,3,3,2,4,4,7,7,6,6,6,6,2,3,2
sf,cvs,aquachat,aquachat/AquaChat/ACTextField.h,clean,c,IssueFalse,305,27,836,9,1,2,1,3,10,3,7,7,7,5,4,5,5,5,5,9,9,9,6,6,6,5,4,5,6,6,6,6,6,6,6,6,6,6,6,6,9,9,9,8,8,9,3,3,2,3,2,2,3,3,2,3,4,7,7,6,4,4,4,3,3,3
sf,cvs,aquachat,aquachat/AquaChat/ACTextView.h,clean,c,IssueFalse,305,27,836,9,1,2,1,3,9,3,7,7,7,5,4,5,5,5,5,9,9,9,6,6,6,5,4,5,6,6,6,6,6,6,6,6,6,6,6,6,9,9,9,8,8,9,3,3,2,3,2,2,3,3,2,5,4,8,7,6,4,4,4,2,3,2
sf,cvs,aquachat,aquachat/AquaChat/ACToolbarAdditions.h,clean,c,IssueFalse,305,27,836,9,1,2,2,2,8,3,7,7,7,5,4,5,5,5,5,9,9,9,6,6,6,5,4,5,6,6,6,6,6,6,6,6,6,6,6,6,9,9,9,8,8,9,3,3,2,3,2,2,3,2,2,3,8,8,7,6,4,4,4,2,3,2
sf,cvs,aquachat,aquachat/AquaChat/Attic/ACChannelController.h,buggy,c,IssueFalse,305,27,836,9,1,2,1,3,10,3,7,7,7,5,4,5,5,5,5,9,9,9,6,6,6,5,4,5,6,6,6,6,6,6,6,6,6,6,6,6,9,9,9,8,8,9,3,3,2,3,2,2,3,3,2,2,6,3,3,3,4,4,4,4,3,3
sf,cvs,aquachat,aquachat/AquaChat/Attic/ACIRCParser.h,clean,c,IssueFalse,305,27,836,9,1,2,2,3,7,3,7,7,7,5,4,5,5,5,5,9,9,9,6,6,6,5,4,5,6,6,6,6,6,6,6,6,6,6,6,6,9,9,9,8,8,9,3,3,2,3,2,2,3,3,2,4,4,8,7,7,4,4,4,2,3,3
sf,cvs,aquachat,aquachat/AquaChat/ChannelTab.h,buggy,c,IssueFalse,305,27,836,9,1,2,1,3,8,3,7,7,7,5,4,5,5,5,5,9,9,9,6,6,6,5,4,5,6,6,6,6,6,6,6,6,6,6,6,6,9,9,9,8,8,9,3,3,2,3,2,2,3,3,2,4,4,7,6,6,4,4,4,5,5,4
sf,cvs,aquachat,aquachat/AquaChat/Conveniences.h,clean,c,IssueFalse,305,27,836,9,1,5,1,2,10,3,7,7,7,5,4,5,5,5,5,9,9,9,6,6,6,5,4,5,6,6,6,6,6,6,6,6,6,6,6,6,9,9,9,8,8,9,3,3,2,3,2,2,3,2,2,6,4,8,8,8,5,6,6,4,4,4
sf,cvs,aquachat,aquachat/AquaChat/DCCTab.h,clean,c,IssueFalse,305,27,836,9,1,2,1,3,8,3,7,7,7,5,4,5,5,5,5,9,9,9,6,6,6,5,4,5,6,6,6,6,6,6,6,6,6,6,6,6,9,9,9,8,8,9,3,3,2,3,2,2,3,3,2,4,4,6,6,6,4,4,4,5,5,5
sf,cvs,aquachat,aquachat/AquaChat/ITChasingArrowsView 1.0/ITChasingArrowsView.h,clean,c,IssueFalse,305,27,836,9,1,2,1,3,8,3,7,7,7,5,4,5,5,5,5,9,9,9,6,6,6,5,4,5,6,6,6,6,6,6,6,6,6,6,6,6,9,9,9,8,8,9,3,3,2,3,2,2,3,3,2,3,4,7,6,6,5,5,5,5,4,4
sf,cvs,aquachat,aquachat/AquaChat/QueryTab.h,clean,c,IssueFalse,305,27,836,9,1,2,1,3,10,3,7,7,7,5,4,5,5,5,5,9,9,9,6,6,6,5,4,5,6,6,6,6,6,6,6,6,6,6,6,6,9,9,9,8,8,9,3,3,2,3,2,2,3,3,2,4,4,6,6,6,4,4,4,5,5,4
sf,cvs,aquachat,aquachat/AquaChat/ServerTab.h,clean,c,IssueFalse,305,27,836,9,1,2,1,3,10,3,7,7,7,5,4,5,5,5,5,9,9,9,6,6,6,5,4,5,6,6,6,6,6,6,6,6,6,6,6,6,9,9,9,8,8,9,3,3,2,3,2,2,3,3,2,8,6,6,6,7,7,7,8,4,4,5
sf,cvs,aquachat,aquachat/AquaChat/StreamCallbacks.h,clean,c,IssueFalse,305,27,836,9,1,4,1,2,10,3,7,7,7,5,4,5,5,5,5,9,9,9,6,6,6,5,4,5,6,6,6,6,6,6,6,6,6,6,6,6,9,9,9,8,8,9,3,3,2,3,2,2,3,2,2,3,4,8,7,7,6,6,6,6,5,5
