Host,Vcs,Project,File,Buggy,PL,IssueTracking,TLOC,TNF,TNC,TND,LOC,CL,NStmt,NFunc,RCC,MNL,avg_WMC,max_WMC,total_WMC,avg_DIT,max_DIT,total_DIT,avg_RFC,max_RFC,total_RFC,avg_NOC,max_NOC,total_NOC,avg_CBO,max_CBO,total_CBO,avg_DIT.1,max_DIT.1,total_DIT.1,avg_NIV,max_NIV,total_NIV,avg_NIM,max_NIM,total_NIM,avg_NOM,max_NOM,total_NOM,avg_NPBM,max_NPBM,total_NPBM,avg_NPM,max_NPM,total_NPM,avg_NPRM,max_NPRM,total_NPRM,avg_CC,max_CC,total_CC,avg_FANIN,max_FANIN,total_FANIN,avg_FANOUT,max_FANOUT,total_FANOUT,NRev,NFix,avg_AddedLOC,max_AddedLOC,total_AddedLOC,avg_DeletedLOC,max_DeletedLOC,total_DeletedLOC,avg_ModifiedLOC,max_ModifiedLOC,total_ModifiedLOC
sf,cvs,ardour,ardour/ardour/gtk_ardour/Attic/about.cc,buggy,cpp,IssueFalse,68859,277,3145,5,7,5,7,7,2,8,7,7,7,8,7,5,4,5,5,9,9,9,6,6,8,8,7,5,6,6,6,6,6,6,6,6,6,6,6,6,9,9,9,8,8,9,8,9,7,9,9,8,10,10,9,9,9,10,10,10,9,10,10,10,10,10
sf,cvs,ardour,ardour/ardour/gtk_ardour/Attic/about.h,buggy,cpp,IssueFalse,68859,277,3145,5,2,4,3,1,8,4,9,9,9,10,9,7,7,6,7,9,9,9,8,7,9,10,9,7,10,9,10,9,9,8,9,9,8,8,7,7,10,9,9,10,10,10,2,2,2,3,2,2,3,2,2,7,9,7,6,7,4,4,4,8,8,9
sf,cvs,ardour,ardour/ardour/gtk_ardour/Attic/ardour_dialog.cc,buggy,cpp,IssueFalse,68859,277,3145,5,3,3,3,6,6,7,7,7,7,8,7,5,4,5,5,9,9,9,6,6,8,8,7,5,6,6,6,6,6,6,6,6,6,6,6,6,9,9,9,8,8,9,5,6,5,10,10,8,6,5,5,5,5,4,3,4,4,4,4,2,3,4
sf,cvs,ardour,ardour/ardour/gtk_ardour/Attic/ardour_ui.cc,buggy,cpp,IssueFalse,68859,277,3145,5,10,9,10,10,1,10,7,7,7,10,10,8,7,7,8,9,9,9,6,7,9,10,10,8,10,9,10,7,7,7,7,7,7,7,8,8,9,9,9,8,8,9,8,10,10,8,10,10,8,10,10,10,10,8,9,10,9,10,10,9,10,10
sf,cvs,ardour,ardour/ardour/gtk_ardour/Attic/ardour_ui.h,buggy,cpp,IssueFalse,68859,277,3145,5,8,7,9,8,2,4,10,10,10,10,10,9,10,10,10,9,9,9,10,10,10,10,10,9,10,10,10,10,10,10,10,10,10,10,10,10,10,10,10,10,10,10,4,4,5,10,10,9,5,8,6,10,10,6,7,9,7,8,9,7,9,10
sf,cvs,ardour,ardour/ardour/gtk_ardour/Attic/ardour_ui2.cc,buggy,cpp,IssueFalse,68859,277,3145,5,7,4,8,7,2,7,7,7,7,8,7,5,4,5,5,9,9,9,6,6,8,8,7,5,6,6,6,6,6,6,6,6,6,6,6,6,9,9,9,8,8,9,6,8,5,10,10,9,8,9,8,10,10,9,9,10,9,10,10,10,10,10
sf,cvs,ardour,ardour/ardour/gtk_ardour/Attic/ardour_ui_dependents.cc,buggy,cpp,IssueFalse,68859,277,3145,5,4,5,3,5,6,7,7,7,7,8,7,5,4,5,5,9,9,9,6,6,8,8,7,5,6,6,6,6,6,6,6,6,6,6,6,6,9,9,9,8,8,9,6,6,4,8,6,6,7,7,5,9,5,4,5,5,5,5,5,5,6,8
sf,cvs,ardour,ardour/ardour/gtk_ardour/Attic/ardour_ui_dialogs.cc,clean,cpp,IssueFalse,68859,277,3145,5,7,6,7,8,3,8,7,7,7,8,7,5,4,5,5,9,9,9,6,6,8,8,7,5,6,6,6,6,6,6,6,6,6,6,6,6,9,9,9,8,8,9,8,9,9,9,10,9,8,9,9,10,10,6,7,8,8,9,9,5,9,9
sf,cvs,ardour,ardour/ardour/gtk_ardour/Attic/ardour_ui_ed.cc,buggy,cpp,IssueFalse,68859,277,3145,5,6,6,6,3,4,7,7,7,7,8,7,5,4,5,5,9,9,9,6,6,8,8,7,5,6,6,6,6,6,6,6,6,6,6,6,6,9,9,9,8,8,9,8,7,3,10,10,7,10,10,7,10,9,7,8,9,7,8,8,5,6,9
sf,cvs,ardour,ardour/ardour/gtk_ardour/Attic/audio_clock.cc,buggy,cpp,IssueFalse,68859,277,3145,5,10,8,10,9,2,10,7,7,7,8,7,5,4,5,5,9,9,9,6,6,8,8,7,5,6,6,6,6,6,6,6,6,6,6,6,6,9,9,9,8,8,9,10,10,10,10,10,10,9,10,10,10,10,9,10,10,9,10,10,10,10,10
sf,cvs,ardour,ardour/ardour/gtk_ardour/Attic/audio_clock.h,clean,cpp,IssueFalse,68859,277,3145,5,5,4,5,2,4,4,10,10,10,10,9,7,9,8,8,9,9,9,8,8,9,10,9,7,10,10,10,10,10,9,10,10,9,9,8,8,9,9,9,10,10,10,4,4,2,7,3,2,4,3,2,7,8,4,5,5,4,4,4,7,7,8
sf,cvs,ardour,ardour/ardour/gtk_ardour/Attic/audio_time_axis.cc,buggy,cpp,IssueFalse,68859,277,3145,5,10,9,10,10,2,9,7,7,7,8,7,5,4,5,5,9,9,9,6,6,8,8,7,5,6,6,6,6,6,6,6,6,6,6,6,6,9,9,9,8,8,9,8,9,10,9,10,10,9,10,10,10,10,7,9,10,9,10,10,8,10,10
sf,cvs,ardour,ardour/ardour/gtk_ardour/Attic/audio_time_axis.h,buggy,cpp,IssueFalse,68859,277,3145,5,6,5,7,1,3,4,10,10,10,10,10,9,10,10,10,9,9,9,10,10,10,10,10,9,10,10,10,10,10,10,10,10,10,10,10,10,9,9,9,10,10,10,2,2,2,3,2,2,3,2,2,8,8,5,6,6,4,4,4,5,5,7
sf,cvs,ardour,ardour/ardour/gtk_ardour/Attic/automation_gain_line.cc,clean,cpp,IssueFalse,68859,277,3145,5,2,3,1,3,9,4,7,7,7,8,7,5,4,5,5,9,9,9,6,6,8,8,7,5,6,6,6,6,6,6,6,6,6,6,6,6,9,9,9,8,8,9,4,4,3,9,7,4,6,5,3,5,8,6,6,5,5,5,5,7,6,7
sf,cvs,ardour,ardour/ardour/gtk_ardour/Attic/automation_gain_line.h,clean,cpp,IssueFalse,68859,277,3145,5,2,1,1,1,2,4,7,7,7,10,10,9,10,9,9,9,9,9,7,7,9,10,10,9,7,6,7,7,7,7,7,7,7,7,7,7,9,9,9,8,8,9,2,2,2,3,2,2,3,2,2,3,8,5,4,4,6,5,5,2,2,2
sf,cvs,ardour,ardour/ardour/gtk_ardour/Attic/automation_line.cc,buggy,cpp,IssueFalse,68859,277,3145,5,9,10,9,10,3,10,7,7,7,8,7,5,4,5,5,9,9,9,6,6,8,8,7,5,6,6,6,6,6,6,6,6,6,6,6,6,9,9,9,8,8,9,8,10,10,10,9,10,8,10,10,10,10,8,9,9,9,10,10,9,10,10
sf,cvs,ardour,ardour/ardour/gtk_ardour/Attic/automation_line.h,clean,cpp,IssueFalse,68859,277,3145,5,6,4,6,6,3,4,9,10,10,10,10,10,9,9,10,10,10,10,8,8,10,10,10,10,10,10,10,9,10,10,9,10,10,9,10,10,10,10,10,9,10,10,4,4,4,8,6,7,4,3,4,9,10,5,5,6,7,7,7,6,8,9
sf,cvs,ardour,ardour/ardour/gtk_ardour/Attic/automation_pan_line.cc,clean,cpp,IssueFalse,68859,277,3145,5,2,3,1,3,9,7,7,7,7,8,7,5,4,5,5,9,9,9,6,6,8,8,7,5,6,6,6,6,6,6,6,6,6,6,6,6,9,9,9,8,8,9,6,6,3,8,7,4,5,5,3,5,9,6,5,5,6,6,6,6,5,6
sf,cvs,ardour,ardour/ardour/gtk_ardour/Attic/automation_pan_line.h,clean,cpp,IssueFalse,68859,277,3145,5,1,1,1,1,2,4,7,7,7,10,10,9,10,9,9,9,9,9,7,7,9,10,10,9,7,6,7,7,7,7,7,7,7,7,7,7,9,9,9,8,8,9,2,2,2,3,2,2,3,2,2,3,8,5,4,4,7,6,6,2,2,2
sf,cvs,ardour,ardour/ardour/gtk_ardour/Attic/axis_view.cc,clean,cpp,IssueFalse,68859,277,3145,5,2,4,3,3,8,9,7,7,7,8,7,5,4,5,5,9,9,9,6,6,8,8,7,5,6,6,6,6,6,6,6,6,6,6,6,6,9,9,9,8,8,9,8,8,4,9,6,5,7,7,4,5,10,3,3,3,10,10,9,5,5,5
sf,cvs,ardour,ardour/ardour/gtk_ardour/Attic/axis_view.h,clean,cpp,IssueFalse,68859,277,3145,5,2,7,2,3,10,4,8,8,8,10,9,7,5,5,6,10,10,10,8,7,9,10,9,7,9,8,8,7,7,7,8,7,7,7,7,7,10,10,10,8,8,9,4,4,2,9,5,3,4,3,2,3,9,3,3,3,10,10,9,4,3,4
sf,cvs,ardour,ardour/ardour/gtk_ardour/Attic/canvas-waveview.c,buggy,cpp,IssueFalse,68859,277,3145,5,9,9,9,8,3,9,7,7,7,8,7,5,4,5,5,9,9,9,6,6,8,8,7,5,6,6,6,6,6,6,6,6,6,6,6,6,9,9,9,8,8,9,10,10,9,10,10,10,10,10,10,5,9,3,3,3,4,4,4,6,5,6
sf,cvs,ardour,ardour/ardour/gtk_ardour/Attic/connection_editor.cc,clean,cpp,IssueFalse,68859,277,3145,5,9,5,9,9,2,9,7,7,7,8,7,5,4,5,5,9,9,9,6,6,8,8,7,5,6,6,6,6,6,6,6,6,6,6,6,6,9,9,9,8,8,9,8,9,9,9,10,9,9,10,10,7,9,4,4,4,7,7,7,8,8,9
sf,cvs,ardour,ardour/ardour/gtk_ardour/Attic/default_keys.cc,clean,cpp,IssueFalse,68859,277,3145,5,3,3,4,2,6,4,7,7,7,8,7,5,4,5,5,9,9,9,6,6,8,8,7,5,6,6,6,6,6,6,6,6,6,6,6,6,9,9,9,8,8,9,4,4,2,5,2,2,7,5,2,3,5,4,3,3,4,4,4,4,3,4
sf,cvs,ardour,ardour/ardour/gtk_ardour/Attic/editor.cc,buggy,cpp,IssueFalse,68859,277,3145,5,10,10,10,10,2,10,7,7,7,8,7,5,4,5,5,9,9,9,6,6,8,8,7,5,6,6,6,6,6,6,6,6,6,6,6,6,9,9,9,8,8,9,8,10,10,10,10,10,9,10,10,10,10,3,3,3,4,4,4,2,2,2
sf,cvs,ardour,ardour/ardour/gtk_ardour/Attic/editor.h,buggy,cpp,IssueFalse,68859,277,3145,5,10,9,10,7,2,7,10,10,10,9,10,9,10,10,10,9,9,9,9,10,10,9,10,9,10,10,10,10,10,10,10,10,10,9,10,10,9,10,10,10,10,10,5,6,5,9,7,8,4,4,5,10,10,6,8,9,7,9,10,6,8,10
sf,cvs,ardour,ardour/ardour/gtk_ardour/Attic/editor_audiotrack.cc,buggy,cpp,IssueFalse,68859,277,3145,5,2,1,3,3,1,9,7,7,7,8,7,5,4,5,5,9,9,9,6,6,8,8,7,5,6,6,6,6,6,6,6,6,6,6,6,6,9,9,9,8,8,9,10,8,4,10,7,5,9,6,4,5,8,5,4,4,4,4,4,2,2,2
sf,cvs,ardour,ardour/ardour/gtk_ardour/Attic/editor_canvas_events.cc,buggy,cpp,IssueFalse,68859,277,3145,5,9,5,8,10,2,7,7,7,7,8,7,5,4,5,5,9,9,9,6,6,8,8,7,5,6,6,6,6,6,6,6,6,6,6,6,6,9,9,9,8,8,9,8,9,10,9,9,10,7,7,10,7,10,9,7,8,5,6,6,5,6,7
sf,cvs,ardour,ardour/ardour/gtk_ardour/Attic/editor_cursors.cc,buggy,cpp,IssueFalse,68859,277,3145,5,4,4,4,4,6,7,7,7,7,8,7,5,4,5,5,9,9,9,6,6,8,8,7,5,6,6,6,6,6,6,6,6,6,6,6,6,9,9,9,8,8,9,8,7,4,10,10,7,9,9,6,6,10,6,5,5,5,5,5,5,5,7
sf,cvs,ardour,ardour/ardour/gtk_ardour/Attic/editor_edit_groups.cc,clean,cpp,IssueFalse,68859,277,3145,5,5,5,5,6,4,8,7,7,7,8,7,5,4,5,5,9,9,9,6,6,8,8,7,5,6,6,6,6,6,6,6,6,6,6,6,6,9,9,9,8,8,9,8,8,7,8,7,7,8,7,8,5,9,3,3,3,5,5,5,5,5,5
sf,cvs,ardour,ardour/ardour/gtk_ardour/Attic/editor_export_audio.cc,buggy,cpp,IssueFalse,68859,277,3145,5,7,4,8,7,2,10,7,7,7,8,7,5,4,5,5,9,9,9,6,6,8,8,7,5,6,6,6,6,6,6,6,6,6,6,6,6,9,9,9,8,8,9,10,10,9,9,7,8,9,10,9,7,8,9,9,9,9,9,8,10,10,10
sf,cvs,ardour,ardour/ardour/gtk_ardour/Attic/editor_hscroller.cc,clean,cpp,IssueFalse,68859,277,3145,5,6,4,6,6,3,8,7,7,7,8,7,5,4,5,5,9,9,9,6,6,8,8,7,5,6,6,6,6,6,6,6,6,6,6,6,6,9,9,9,8,8,9,8,8,6,9,9,7,8,9,7,9,9,5,6,6,9,9,9,8,9,9
sf,cvs,ardour,ardour/ardour/gtk_ardour/Attic/editor_keys.cc,clean,cpp,IssueFalse,68859,277,3145,5,5,4,5,5,3,7,7,7,7,8,7,5,4,5,5,9,9,9,6,6,8,8,7,5,6,6,6,6,6,6,6,6,6,6,6,6,9,9,9,8,8,9,7,7,5,8,9,6,6,5,5,7,8,4,4,4,4,4,4,7,7,8
sf,cvs,ardour,ardour/ardour/gtk_ardour/Attic/editor_markers.cc,clean,cpp,IssueFalse,68859,277,3145,5,6,4,6,8,3,8,7,7,7,8,7,5,4,5,5,9,9,9,6,6,8,8,7,5,6,6,6,6,6,6,6,6,6,6,6,6,9,9,9,8,8,9,8,8,8,9,9,9,7,9,8,5,9,9,8,8,8,7,7,8,8,7
sf,cvs,ardour,ardour/ardour/gtk_ardour/Attic/editor_mixer.cc,buggy,cpp,IssueFalse,68859,277,3145,5,4,5,5,4,5,10,7,7,7,8,7,5,4,5,5,9,9,9,6,6,8,8,7,5,6,6,6,6,6,6,6,6,6,6,6,6,9,9,9,8,8,9,9,8,6,9,7,6,10,9,7,9,8,9,8,9,7,8,8,6,6,9
sf,cvs,ardour,ardour/ardour/gtk_ardour/Attic/editor_mouse.cc,buggy,cpp,IssueFalse,68859,277,3145,5,10,10,10,10,2,10,7,7,7,8,7,5,4,5,5,9,9,9,6,6,8,8,7,5,6,6,6,6,6,6,6,6,6,6,6,6,9,9,9,8,8,9,10,10,10,10,10,10,10,10,10,10,10,3,3,3,4,4,4,2,2,2
sf,cvs,ardour,ardour/ardour/gtk_ardour/Attic/editor_ops.cc,buggy,cpp,IssueFalse,68859,277,3145,5,10,9,10,10,2,10,7,7,7,8,7,5,4,5,5,9,9,9,6,6,8,8,7,5,6,6,6,6,6,6,6,6,6,6,6,6,9,9,9,8,8,9,9,9,10,9,8,10,9,10,10,10,10,8,10,10,9,10,10,9,10,10
sf,cvs,ardour,ardour/ardour/gtk_ardour/Attic/editor_region_list.cc,buggy,cpp,IssueFalse,68859,277,3145,5,9,9,9,8,3,10,7,7,7,8,7,5,4,5,5,9,9,9,6,6,8,8,7,5,6,6,6,6,6,6,6,6,6,6,6,6,9,9,9,8,8,9,10,10,9,8,8,8,9,10,9,10,10,10,10,10,7,8,8,10,10,10
sf,cvs,ardour,ardour/ardour/gtk_ardour/Attic/editor_route_list.cc,buggy,cpp,IssueFalse,68859,277,3145,5,7,5,7,8,3,9,7,7,7,8,7,5,4,5,5,9,9,9,6,6,8,8,7,5,6,6,6,6,6,6,6,6,6,6,6,6,9,9,9,8,8,9,8,8,8,8,9,8,8,9,9,9,10,7,8,8,8,8,8,8,8,10
sf,cvs,ardour,ardour/ardour/gtk_ardour/Attic/editor_rulers.cc,buggy,cpp,IssueFalse,68859,277,3145,5,9,10,9,7,4,10,7,7,7,8,7,5,4,5,5,9,9,9,6,6,8,8,7,5,6,6,6,6,6,6,6,6,6,6,6,6,9,9,9,8,8,9,10,10,10,10,9,9,9,9,9,9,8,9,9,9,10,10,10,10,10,10
sf,cvs,ardour,ardour/ardour/gtk_ardour/Attic/editor_scrub.cc,clean,cpp,IssueFalse,68859,277,3145,5,5,3,5,5,4,7,7,7,7,8,7,5,4,5,5,9,9,9,6,6,8,8,7,5,6,6,6,6,6,6,6,6,6,6,6,6,9,9,9,8,8,9,8,7,5,10,8,7,9,9,7,7,9,9,9,8,8,8,8,8,8,9
sf,cvs,ardour,ardour/ardour/gtk_ardour/Attic/editor_selection_list.cc,buggy,cpp,IssueFalse,68859,277,3145,5,5,4,5,6,4,10,7,7,7,8,7,5,4,5,5,9,9,9,6,6,8,8,7,5,6,6,6,6,6,6,6,6,6,6,6,6,9,9,9,8,8,9,8,9,6,8,8,6,7,8,7,7,9,4,4,4,4,4,4,5,5,7
sf,cvs,ardour,ardour/ardour/gtk_ardour/Attic/editor_tempodisplay.cc,buggy,cpp,IssueFalse,68859,277,3145,5,8,6,8,8,3,10,7,7,7,8,7,5,4,5,5,9,9,9,6,6,8,8,7,5,6,6,6,6,6,6,6,6,6,6,6,6,9,9,9,8,8,9,9,10,8,10,9,9,10,9,10,9,5,5,5,6,9,10,9,6,7,8
sf,cvs,ardour,ardour/ardour/gtk_ardour/Attic/editor_timefx.cc,buggy,cpp,IssueFalse,68859,277,3145,5,5,4,6,5,3,8,7,7,7,8,7,5,4,5,5,9,9,9,6,6,8,8,7,5,6,6,6,6,6,6,6,6,6,6,6,6,9,9,9,8,8,9,8,8,6,10,9,8,10,10,8,3,9,6,5,5,4,4,4,4,3,4
sf,cvs,ardour,ardour/ardour/gtk_ardour/Attic/export_dialog.cc,buggy,cpp,IssueFalse,68859,277,3145,5,9,5,9,8,2,9,7,7,7,8,7,5,4,5,5,9,9,9,6,6,8,8,7,5,6,6,6,6,6,6,6,6,6,6,6,6,9,9,9,8,8,9,10,10,9,10,10,9,10,10,10,9,10,5,6,6,6,7,7,8,9,9
sf,cvs,ardour,ardour/ardour/gtk_ardour/Attic/gain_pan_meter.cc,buggy,cpp,IssueFalse,68859,277,3145,5,9,7,9,9,2,9,7,7,7,8,7,5,4,5,5,9,9,9,6,6,8,8,7,5,6,6,6,6,6,6,6,6,6,6,6,6,9,9,9,8,8,9,9,10,9,10,10,9,9,10,10,10,10,8,9,9,5,6,6,7,8,10
sf,cvs,ardour,ardour/ardour/gtk_ardour/Attic/gain_pan_meter.h,clean,cpp,IssueFalse,68859,277,3145,5,4,4,5,3,5,4,10,10,10,9,9,7,7,7,8,9,9,9,9,9,10,9,9,7,10,10,10,9,10,9,9,10,9,8,9,9,9,9,9,10,10,10,4,4,2,4,2,2,6,5,3,6,8,6,5,6,5,5,5,6,6,7
sf,cvs,ardour,ardour/ardour/gtk_ardour/Attic/io_selector.cc,buggy,cpp,IssueFalse,68859,277,3145,5,9,8,9,9,2,10,7,7,7,8,7,5,4,5,5,9,9,9,6,6,8,8,7,5,6,6,6,6,6,6,6,6,6,6,6,6,9,9,9,8,8,9,8,10,9,10,10,10,9,10,10,8,5,3,3,4,5,5,5,6,6,8
sf,cvs,ardour,ardour/ardour/gtk_ardour/Attic/keyboard.cc,buggy,cpp,IssueFalse,68859,277,3145,5,9,8,9,9,2,10,7,7,7,8,7,5,4,5,5,9,9,9,6,6,8,8,7,5,6,6,6,6,6,6,6,6,6,6,6,6,9,9,9,8,8,9,10,10,10,10,9,10,7,9,9,9,8,9,9,10,9,10,9,9,9,10
sf,cvs,ardour,ardour/ardour/gtk_ardour/Attic/keyboard.h,buggy,cpp,IssueFalse,68859,277,3145,5,4,4,5,4,5,4,10,10,10,10,9,7,10,8,8,9,9,9,8,7,9,10,9,7,10,10,10,10,10,9,10,10,10,10,10,10,9,9,9,10,10,10,4,4,3,10,9,6,4,3,3,7,9,8,8,8,9,9,8,9,9,9
sf,cvs,ardour,ardour/ardour/gtk_ardour/Attic/keyboard_target.cc,clean,cpp,IssueFalse,68859,277,3145,5,5,4,5,7,3,10,7,7,7,8,7,5,4,5,5,9,9,9,6,6,8,8,7,5,6,6,6,6,6,6,6,6,6,6,6,6,9,9,9,8,8,9,8,8,7,6,5,6,7,7,7,3,5,3,3,3,8,7,6,4,3,4
sf,cvs,ardour,ardour/ardour/gtk_ardour/Attic/library_ui.cc,buggy,cpp,IssueFalse,68859,277,3145,5,10,6,10,10,1,8,7,7,7,8,7,5,4,5,5,9,9,9,6,6,8,8,7,5,6,6,6,6,6,6,6,6,6,6,6,6,9,9,9,8,8,9,8,9,10,10,10,10,9,10,10,10,10,10,10,10,9,9,10,10,10,10
sf,cvs,ardour,ardour/ardour/gtk_ardour/Attic/library_ui.h,buggy,cpp,IssueFalse,68859,277,3145,5,5,4,6,1,3,4,9,9,10,10,10,10,9,8,10,9,9,9,9,9,10,10,10,10,10,10,10,9,10,10,9,9,10,7,7,8,9,9,9,10,10,10,2,2,2,3,2,2,3,2,2,9,9,9,9,9,7,7,7,7,8,9
sf,cvs,ardour,ardour/ardour/gtk_ardour/Attic/location_ui.cc,buggy,cpp,IssueFalse,68859,277,3145,5,9,7,9,9,2,8,7,7,7,8,7,5,4,5,5,9,9,9,6,6,8,8,7,5,6,6,6,6,6,6,6,6,6,6,6,6,9,9,9,8,8,9,8,9,9,8,9,9,8,10,10,10,10,5,5,7,8,8,8,8,9,10
sf,cvs,ardour,ardour/ardour/gtk_ardour/Attic/main.cc,buggy,cpp,IssueFalse,68859,277,3145,5,6,7,6,5,5,10,7,7,7,8,7,5,4,5,5,9,9,9,6,6,8,8,7,5,6,6,6,6,6,6,6,6,6,6,6,6,9,9,9,8,8,9,10,9,7,9,8,6,10,10,8,10,10,7,8,9,9,9,9,8,9,10
sf,cvs,ardour,ardour/ardour/gtk_ardour/Attic/meter_bridge.cc,clean,cpp,IssueFalse,68859,277,3145,5,6,4,6,7,3,8,7,7,7,8,7,5,4,5,5,9,9,9,6,6,8,8,7,5,6,6,6,6,6,6,6,6,6,6,6,6,9,9,9,8,8,9,7,7,6,5,7,5,9,9,8,7,9,4,4,4,4,4,4,7,7,8
sf,cvs,ardour,ardour/ardour/gtk_ardour/Attic/meter_bridge_strip.cc,clean,cpp,IssueFalse,68859,277,3145,5,6,4,6,5,3,9,7,7,7,8,7,5,4,5,5,9,9,9,6,6,8,8,7,5,6,6,6,6,6,6,6,6,6,6,6,6,9,9,9,8,8,9,9,9,6,10,10,7,10,10,8,9,5,6,6,6,8,8,8,8,8,9
sf,cvs,ardour,ardour/ardour/gtk_ardour/Attic/meter_bridge_strip.h,clean,cpp,IssueFalse,68859,277,3145,5,3,4,4,5,6,4,9,9,8,10,9,7,6,6,6,9,9,9,9,9,10,10,9,7,10,10,10,9,9,8,9,9,8,9,9,9,9,9,9,9,9,9,4,4,3,6,3,4,4,3,3,5,5,3,3,3,7,6,6,5,5,5
sf,cvs,ardour,ardour/ardour/gtk_ardour/Attic/mixer_strip.cc,buggy,cpp,IssueFalse,68859,277,3145,5,10,8,10,10,1,10,7,7,7,8,7,5,4,5,5,9,9,9,6,6,8,8,7,5,6,6,6,6,6,6,6,6,6,6,6,6,9,9,9,8,8,9,8,10,10,9,10,10,9,10,10,10,10,8,9,10,8,10,10,7,8,10
sf,cvs,ardour,ardour/ardour/gtk_ardour/Attic/mixer_strip.h,buggy,cpp,IssueFalse,68859,277,3145,5,6,4,7,3,3,4,10,10,10,10,10,9,10,10,9,9,9,9,10,10,10,10,10,9,10,10,10,10,10,10,10,10,10,8,8,8,10,10,10,10,10,10,4,4,3,8,4,4,4,3,2,9,8,4,6,6,6,7,7,5,5,9
sf,cvs,ardour,ardour/ardour/gtk_ardour/Attic/mixer_ui.cc,buggy,cpp,IssueFalse,68859,277,3145,5,9,7,9,10,2,9,7,7,7,8,7,5,4,5,5,9,9,9,6,6,8,8,7,5,6,6,6,6,6,6,6,6,6,6,6,7,9,9,9,8,8,9,8,10,10,9,10,10,9,10,10,10,10,8,9,10,7,9,9,6,8,10
sf,cvs,ardour,ardour/ardour/gtk_ardour/Attic/mixer_ui.h,clean,cpp,IssueFalse,68859,277,3145,5,4,4,5,3,4,4,10,10,10,10,9,7,10,9,9,9,9,9,10,10,10,10,9,7,10,10,10,10,10,10,10,10,10,9,9,9,9,9,9,10,10,10,4,4,2,7,4,3,4,3,2,9,8,5,5,6,5,5,5,5,6,8
sf,cvs,ardour,ardour/ardour/gtk_ardour/Attic/option_editor.cc,buggy,cpp,IssueFalse,68859,277,3145,5,10,6,10,10,1,9,7,7,7,8,7,5,4,5,5,9,9,9,6,6,8,8,7,5,6,6,6,6,6,6,6,6,6,6,6,6,9,9,9,8,8,9,8,9,10,9,10,10,9,10,10,10,10,10,10,10,10,10,10,10,10,10
sf,cvs,ardour,ardour/ardour/gtk_ardour/Attic/option_editor.h,buggy,cpp,IssueFalse,68859,277,3145,5,5,6,6,1,5,4,10,10,10,10,10,8,10,9,9,9,9,9,10,9,10,10,10,8,10,10,10,10,10,10,10,10,10,9,8,8,10,10,10,10,10,10,2,2,2,3,2,2,3,2,2,10,9,7,9,9,8,9,9,7,9,10
sf,cvs,ardour,ardour/ardour/gtk_ardour/Attic/opts.cc,buggy,cpp,IssueFalse,68859,277,3145,5,4,3,4,3,5,8,7,7,7,8,7,5,4,5,5,9,9,9,6,6,8,8,7,5,6,6,6,6,6,6,6,6,6,6,6,6,9,9,9,8,8,9,10,9,5,9,5,3,9,8,4,6,8,6,6,6,6,6,6,6,6,7
sf,cvs,ardour,ardour/ardour/gtk_ardour/Attic/opts.h,buggy,cpp,IssueFalse,68859,277,3145,5,1,4,1,1,10,4,7,7,7,8,7,5,4,5,5,9,9,9,6,6,8,8,7,5,6,6,6,6,6,6,6,6,6,6,6,6,9,9,9,8,8,9,2,2,2,3,2,2,3,2,2,3,8,4,3,3,4,4,4,9,7,7
sf,cvs,ardour,ardour/ardour/gtk_ardour/Attic/panner.cc,clean,cpp,IssueFalse,68859,277,3145,5,8,4,8,9,2,9,7,7,7,8,7,5,4,5,5,9,9,9,6,6,8,8,7,5,6,6,6,6,6,6,6,6,6,6,6,6,9,9,9,8,8,9,8,9,9,10,9,10,8,9,9,7,8,8,7,8,4,4,4,5,5,7
sf,cvs,ardour,ardour/ardour/gtk_ardour/Attic/panner.h,clean,cpp,IssueFalse,68859,277,3145,5,3,4,4,2,6,4,9,10,9,9,9,7,7,8,8,9,9,9,6,7,9,9,9,7,10,9,10,9,10,10,9,10,10,9,10,9,10,10,10,9,10,10,4,4,2,8,4,3,4,3,2,3,8,5,4,4,4,4,4,4,3,4
sf,cvs,ardour,ardour/ardour/gtk_ardour/Attic/plugin_manager.cc,clean,cpp,IssueFalse,68859,277,3145,5,7,5,7,8,2,8,7,7,7,8,7,5,4,5,5,9,9,9,6,6,8,8,7,5,6,6,6,6,6,6,6,6,6,6,6,6,9,9,9,8,8,9,7,8,7,9,8,8,8,10,9,7,8,7,7,7,6,6,6,10,9,10
sf,cvs,ardour,ardour/ardour/gtk_ardour/Attic/plugin_ui.cc,buggy,cpp,IssueFalse,68859,277,3145,5,9,7,9,9,2,10,7,7,7,8,7,5,4,5,5,9,9,9,6,6,8,8,7,5,6,6,6,6,6,6,6,6,6,6,6,6,9,9,9,8,8,9,9,10,9,10,10,10,10,10,10,9,9,9,9,9,5,6,6,9,9,10
sf,cvs,ardour,ardour/ardour/gtk_ardour/Attic/plugin_ui.h,clean,cpp,IssueFalse,68859,277,3145,5,5,4,5,3,4,4,9,10,10,10,10,9,6,8,8,9,9,9,9,10,10,10,10,9,10,10,10,8,9,10,8,9,10,7,8,9,9,9,9,10,10,10,4,4,3,5,3,3,6,6,3,7,9,7,7,7,4,4,4,4,5,7
sf,cvs,ardour,ardour/ardour/gtk_ardour/Attic/redirect_automation_line.cc,buggy,cpp,IssueFalse,68859,277,3145,5,5,4,4,6,4,8,7,7,7,8,7,5,4,5,5,9,9,9,6,6,8,8,7,5,6,6,6,6,6,6,6,6,6,6,6,6,9,9,9,8,8,9,7,9,6,10,9,8,7,9,7,8,9,5,5,6,5,5,6,5,5,7
sf,cvs,ardour,ardour/ardour/gtk_ardour/Attic/redirect_automation_line.h,clean,cpp,IssueFalse,68859,277,3145,5,2,4,3,3,8,4,9,8,8,10,10,9,10,9,9,9,9,9,8,8,9,10,10,9,10,8,9,9,9,8,9,9,8,8,8,8,9,9,9,10,10,10,4,4,2,5,2,2,4,3,2,5,8,4,3,4,4,4,4,5,5,5
sf,cvs,ardour,ardour/ardour/gtk_ardour/Attic/region_editor.cc,clean,cpp,IssueFalse,68859,277,3145,5,9,4,9,9,2,8,7,7,7,8,7,5,4,5,5,9,9,9,6,6,8,8,7,5,6,6,6,6,6,6,6,6,6,6,6,6,9,9,9,8,8,9,7,7,9,6,10,8,7,10,10,3,5,9,8,7,10,9,8,8,6,6
sf,cvs,ardour,ardour/ardour/gtk_ardour/Attic/region_gain_line.cc,clean,cpp,IssueFalse,68859,277,3145,5,3,1,2,5,1,4,7,7,7,8,7,5,4,5,5,9,9,9,6,6,8,8,7,5,6,6,6,6,6,6,6,6,6,6,6,6,9,9,9,8,8,9,4,4,4,9,7,7,6,6,5,6,8,6,5,6,5,5,5,2,3,5
sf,cvs,ardour,ardour/ardour/gtk_ardour/Attic/region_gain_line.h,clean,cpp,IssueFalse,68859,277,3145,5,2,1,2,1,1,4,8,8,7,10,10,9,10,9,9,9,9,9,8,8,9,10,10,9,8,7,7,8,8,8,8,8,8,7,7,7,9,9,9,10,10,10,2,2,2,3,2,2,3,2,2,3,5,5,4,4,6,5,5,2,2,2
sf,cvs,ardour,ardour/ardour/gtk_ardour/Attic/regionview.cc,buggy,cpp,IssueFalse,68859,277,3145,5,9,9,9,9,3,10,7,7,7,8,7,5,4,5,5,9,9,9,6,6,8,8,7,5,6,6,6,6,6,6,6,6,6,6,6,6,9,9,9,8,8,9,9,9,9,10,10,10,9,10,10,10,10,6,8,8,7,8,8,8,9,10
sf,cvs,ardour,ardour/ardour/gtk_ardour/Attic/regionview.h,buggy,cpp,IssueFalse,68859,277,3145,5,4,6,5,4,6,4,10,10,10,10,9,7,9,8,8,10,10,10,10,9,10,10,9,7,10,10,10,10,10,10,10,10,10,10,10,10,9,9,9,8,8,9,4,4,3,8,7,5,4,3,3,6,9,4,4,4,5,5,5,4,3,5
sf,cvs,ardour,ardour/ardour/gtk_ardour/Attic/route_params_ui.cc,clean,cpp,IssueFalse,68859,277,3145,5,9,9,9,10,2,10,7,7,7,8,7,5,4,5,5,9,9,9,6,6,8,8,7,5,6,6,6,6,6,6,6,6,6,6,6,6,9,9,9,8,8,9,9,10,10,10,10,10,9,10,10,10,10,8,10,9,8,9,9,10,10,10
sf,cvs,ardour,ardour/ardour/gtk_ardour/Attic/route_ui.cc,clean,cpp,IssueFalse,68859,277,3145,5,9,5,9,10,2,9,7,7,7,8,7,5,4,5,5,9,9,9,6,6,8,8,7,5,6,6,6,6,6,6,6,6,6,6,6,6,9,9,9,8,8,9,8,9,9,10,10,10,9,9,10,10,10,6,8,8,7,8,8,9,9,10
sf,cvs,ardour,ardour/ardour/gtk_ardour/Attic/route_ui.h,clean,cpp,IssueFalse,68859,277,3145,5,4,4,4,2,6,4,10,10,10,10,10,8,10,8,8,10,10,10,9,9,10,10,10,8,10,9,10,10,10,10,10,10,10,9,9,9,10,10,10,8,8,9,4,4,2,10,7,4,4,3,2,8,10,4,5,5,6,7,6,7,8,9
sf,cvs,ardour,ardour/ardour/gtk_ardour/Attic/selection.cc,buggy,cpp,IssueFalse,68859,277,3145,5,8,5,7,9,2,8,7,7,7,8,7,5,4,5,5,9,9,9,6,7,9,8,7,5,6,6,6,6,6,6,6,6,6,6,6,7,9,9,9,8,8,9,7,8,9,9,9,10,7,9,9,3,9,10,8,7,4,4,4,4,3,4
sf,cvs,ardour,ardour/ardour/gtk_ardour/Attic/selection.h,buggy,cpp,IssueFalse,68859,277,3145,5,3,4,4,2,7,4,10,9,9,10,9,7,9,7,7,9,9,9,10,9,10,10,9,7,10,9,9,10,10,9,10,10,9,10,10,10,9,9,9,8,8,9,4,4,2,7,3,2,9,6,3,3,9,5,4,4,4,4,4,4,3,4
sf,cvs,ardour,ardour/ardour/gtk_ardour/Attic/streamview.cc,buggy,cpp,IssueFalse,68859,277,3145,5,7,3,7,8,2,9,7,7,7,8,7,5,4,5,5,9,9,9,6,6,8,8,7,5,6,6,6,6,6,6,6,6,6,6,6,6,9,9,9,8,8,9,8,8,8,9,8,9,9,10,9,7,10,6,6,6,7,7,7,2,5,5
sf,cvs,ardour,ardour/ardour/gtk_ardour/Attic/streamview.h,buggy,cpp,IssueFalse,68859,277,3145,5,3,4,4,4,7,4,10,9,9,10,9,7,8,7,7,9,9,9,10,9,10,10,9,7,10,9,10,10,10,9,10,10,9,10,9,9,9,9,9,10,10,10,4,4,3,5,2,3,4,3,2,6,9,5,5,5,6,6,6,5,5,6
sf,cvs,ardour,ardour/ardour/gtk_ardour/Attic/time_axis_view.cc,buggy,cpp,IssueFalse,68859,277,3145,5,7,7,7,8,3,8,7,7,7,8,7,5,4,5,5,9,9,9,6,6,8,8,7,5,6,6,6,6,6,6,6,6,6,6,6,6,9,9,9,8,8,9,8,10,8,10,9,9,8,10,9,10,10,7,8,9,5,7,7,8,9,10
sf,cvs,ardour,ardour/ardour/gtk_ardour/Attic/time_axis_view.h,buggy,cpp,IssueFalse,68859,277,3145,5,4,10,4,3,10,4,10,9,9,10,10,8,9,8,8,10,10,10,9,9,10,10,10,8,10,10,10,10,10,9,10,10,9,10,9,9,10,10,10,8,8,9,4,4,3,9,7,4,4,3,2,9,10,5,5,6,5,6,6,8,8,9
sf,cvs,ardour,ardour/ardour/gtk_ardour/Attic/utils.cc,clean,cpp,IssueFalse,68859,277,3145,5,4,6,4,4,7,8,7,7,7,8,7,5,4,5,5,9,9,9,6,6,8,8,7,5,6,6,6,6,6,6,6,6,6,6,6,6,9,9,9,8,8,9,10,9,6,10,8,6,6,5,4,7,8,8,7,8,4,4,4,4,5,7
sf,cvs,ardour,ardour/ardour/gtk_ardour/Attic/utils.h,clean,cpp,IssueFalse,68859,277,3145,5,1,4,1,3,10,7,7,7,7,8,7,5,4,5,5,9,9,9,6,6,8,8,7,5,6,6,6,6,6,6,6,6,6,6,6,6,9,9,9,8,8,9,6,6,3,10,7,4,6,4,3,6,8,4,4,5,4,4,4,4,3,5
sf,cvs,ardour,ardour/ardour/ksi_ardour/Attic/ksi.cc,buggy,cpp,IssueFalse,68859,277,3145,5,10,10,10,10,2,10,7,7,7,8,7,5,4,5,5,9,9,9,6,6,8,8,7,5,6,6,6,6,6,6,6,6,6,6,6,6,9,9,9,8,8,9,10,10,10,10,10,10,9,10,10,9,10,3,3,3,4,4,4,2,2,2
sf,cvs,ardour,ardour/ardour/ksi_ardour/Attic/ksi.h,clean,cpp,IssueFalse,68859,277,3145,5,7,4,8,7,2,7,10,10,10,10,9,7,10,10,9,9,9,9,10,10,10,10,9,7,10,10,10,10,10,10,10,10,10,10,10,10,10,9,9,10,10,10,5,6,5,9,9,7,4,3,5,7,10,3,4,4,6,6,7,5,5,7
sf,cvs,ardour,ardour/ardour/ksi_ardour/Attic/main.cc,buggy,cpp,IssueFalse,68859,277,3145,5,4,4,4,3,5,7,7,7,7,8,7,5,4,5,5,9,9,9,6,6,8,8,7,5,6,6,6,6,6,6,6,6,6,6,6,6,9,9,9,8,8,9,9,8,5,10,7,5,9,9,5,3,8,3,3,3,10,8,7,7,6,5
sf,cvs,ardour,ardour/ardour/libs/ardour/Attic/audio_library.cc,buggy,cpp,IssueFalse,68859,277,3145,5,8,7,8,9,2,8,7,7,7,8,7,5,4,5,5,9,9,9,6,6,8,8,7,5,6,6,6,6,6,6,6,6,6,6,6,7,9,9,9,8,8,9,7,8,8,9,7,9,10,9,10,9,10,10,10,10,10,10,10,10,10,10
sf,cvs,ardour,ardour/ardour/libs/ardour/Attic/audio_track.cc,buggy,cpp,IssueFalse,68859,277,3145,5,8,8,8,8,3,10,7,7,7,8,7,5,4,5,5,9,9,9,6,6,8,8,7,5,6,6,6,6,6,6,6,6,6,6,6,6,9,9,9,8,8,9,9,10,9,7,6,7,8,10,9,10,10,6,7,8,6,7,8,7,8,10
sf,cvs,ardour,ardour/ardour/libs/ardour/Attic/audioengine.cc,clean,cpp,IssueFalse,68859,277,3145,5,8,8,8,9,3,9,7,7,7,8,7,5,4,5,5,9,9,9,6,6,8,8,7,5,6,6,6,6,6,6,6,6,6,6,6,6,9,9,9,8,8,9,9,9,9,5,6,7,7,8,9,9,10,6,6,6,7,8,8,9,10,10
sf,cvs,ardour,ardour/ardour/libs/ardour/Attic/auditioner.cc,clean,cpp,IssueFalse,68859,277,3145,5,4,4,4,4,6,7,7,7,7,8,7,5,4,5,5,9,9,9,6,6,8,8,7,5,6,6,6,6,6,6,6,6,6,6,6,6,9,9,9,8,8,9,9,8,5,5,4,3,9,7,6,6,8,5,5,5,9,8,8,5,6,7
sf,cvs,ardour,ardour/ardour/libs/ardour/Attic/configuration.cc,clean,cpp,IssueFalse,68859,277,3145,5,9,6,9,10,1,10,7,7,7,8,7,5,4,5,5,9,9,9,6,6,8,8,7,5,6,6,6,6,6,6,6,6,6,6,6,6,9,9,9,8,8,9,9,10,10,4,5,7,5,10,9,10,10,9,10,10,10,10,10,10,10,10
sf,cvs,ardour,ardour/ardour/libs/ardour/Attic/curve.cc,buggy,cpp,IssueFalse,68859,277,3145,5,9,9,9,8,3,10,7,7,7,8,7,5,4,5,5,9,9,9,6,6,8,8,7,5,6,6,6,6,6,6,6,6,6,6,6,6,9,9,9,8,8,9,10,10,9,7,8,8,6,6,8,9,10,9,9,10,10,10,10,10,9,10
sf,cvs,ardour,ardour/ardour/libs/ardour/Attic/diskstream.cc,buggy,cpp,IssueFalse,68859,277,3145,5,10,10,10,10,3,10,7,7,7,8,7,5,4,5,5,9,9,9,6,6,8,8,7,5,6,6,6,6,6,6,6,6,6,6,6,6,9,9,9,8,8,9,10,10,10,8,9,10,9,10,10,10,10,9,10,10,10,10,10,10,10,10
sf,cvs,ardour,ardour/ardour/libs/ardour/Attic/filesource.cc,buggy,cpp,IssueFalse,68859,277,3145,5,9,9,9,8,3,10,7,7,7,8,7,5,4,5,5,9,9,9,6,6,8,8,7,5,6,6,6,6,6,6,6,6,6,6,6,6,9,9,9,8,8,9,10,10,9,9,9,9,9,10,10,9,9,9,9,9,9,9,9,9,9,10
sf,cvs,ardour,ardour/ardour/libs/ardour/Attic/globals.cc,clean,cpp,IssueFalse,68859,277,3145,5,5,6,5,5,5,9,7,7,7,8,7,5,4,5,5,9,9,9,6,6,8,8,7,5,6,6,6,6,6,6,6,6,6,6,6,6,9,9,9,8,8,9,9,10,7,8,9,6,8,9,7,9,8,8,9,9,8,8,9,8,8,10
sf,cvs,ardour,ardour/ardour/libs/ardour/Attic/import.cc,clean,cpp,IssueFalse,68859,277,3145,5,6,6,6,2,4,10,7,7,7,8,7,5,4,5,5,9,9,9,6,6,8,8,7,5,6,6,6,6,6,6,6,6,6,6,6,6,9,9,9,8,8,9,10,10,7,10,8,4,10,10,6,7,5,3,3,3,4,4,4,6,6,8
sf,cvs,ardour,ardour/ardour/libs/ardour/Attic/insert.cc,buggy,cpp,IssueFalse,68859,277,3145,5,8,8,8,9,3,10,7,7,7,8,7,5,4,5,5,9,9,9,6,6,8,8,7,5,6,6,6,6,6,6,6,6,6,6,6,6,9,9,9,8,8,9,9,10,9,7,7,8,7,9,9,5,9,10,9,9,9,8,7,10,10,10
sf,cvs,ardour,ardour/ardour/libs/ardour/Attic/io.cc,buggy,cpp,IssueFalse,68859,277,3145,5,10,10,10,10,2,10,7,7,7,8,7,5,4,5,5,9,9,9,6,6,8,8,7,5,6,6,6,6,6,6,6,6,6,6,6,6,9,9,9,8,8,9,10,10,10,6,7,9,9,10,10,10,10,8,9,9,7,7,8,7,8,10
sf,cvs,ardour,ardour/ardour/libs/ardour/Attic/ladspa_plugin.cc,buggy,cpp,IssueFalse,68859,277,3145,5,9,7,9,9,2,10,7,7,7,8,7,5,4,5,5,9,9,9,6,6,8,8,7,5,6,6,6,6,6,6,6,6,6,6,6,6,9,9,9,8,8,9,10,10,10,8,7,9,9,10,10,9,9,9,9,9,6,7,7,9,10,10
sf,cvs,ardour,ardour/ardour/libs/ardour/Attic/mtc_slave.cc,clean,cpp,IssueFalse,68859,277,3145,5,6,7,6,6,4,10,7,7,7,8,7,5,4,5,5,9,9,9,6,6,8,8,7,5,6,6,6,6,6,6,6,6,6,6,6,6,9,9,9,8,8,9,9,9,7,7,6,6,9,9,8,5,5,4,4,4,4,4,4,6,5,6
sf,cvs,ardour,ardour/ardour/libs/ardour/Attic/playlist.cc,buggy,cpp,IssueFalse,68859,277,3145,5,10,10,10,10,4,10,8,8,8,8,7,5,4,5,6,9,9,9,6,7,9,8,7,5,7,7,8,6,7,7,6,6,7,6,7,8,9,9,9,8,8,9,9,10,10,7,9,10,8,9,10,10,10,7,9,9,9,10,10,9,9,10
sf,cvs,ardour,ardour/ardour/libs/ardour/Attic/region.cc,buggy,cpp,IssueFalse,68859,277,3145,5,10,9,10,10,2,10,7,7,7,8,7,5,4,5,5,9,9,9,6,6,8,8,7,5,6,6,6,6,6,6,6,6,6,6,6,6,9,9,9,8,8,9,10,10,10,7,9,10,8,10,10,10,10,7,8,8,8,9,9,7,9,9
sf,cvs,ardour,ardour/ardour/libs/ardour/Attic/route.cc,buggy,cpp,IssueFalse,68859,277,3145,5,10,10,10,10,2,10,7,7,7,8,7,5,4,5,5,9,9,9,6,6,8,8,7,5,6,6,6,6,6,6,6,6,6,6,6,7,9,9,9,8,8,9,10,10,10,6,7,9,7,10,10,10,10,9,9,10,8,9,9,9,8,10
sf,cvs,ardour,ardour/ardour/libs/ardour/Attic/send.cc,clean,cpp,IssueFalse,68859,277,3145,5,4,4,4,5,5,10,7,7,7,8,7,5,4,5,5,9,9,9,6,6,8,8,7,5,6,6,6,6,6,6,6,6,6,6,6,6,9,9,9,8,8,9,8,8,6,6,4,5,7,7,6,3,8,5,4,4,4,4,4,4,3,4
sf,cvs,ardour,ardour/ardour/libs/ardour/Attic/session.cc,buggy,cpp,IssueFalse,68859,277,3145,5,10,10,10,10,3,10,7,7,7,8,7,5,4,5,5,9,9,9,6,6,8,8,7,5,6,6,6,6,6,6,6,6,6,6,6,7,9,9,9,8,8,9,9,10,10,6,7,10,9,10,10,10,10,9,9,10,9,10,10,9,10,10
sf,cvs,ardour,ardour/ardour/libs/ardour/Attic/session_butler.cc,buggy,cpp,IssueFalse,68859,277,3145,5,7,8,7,7,5,9,7,7,7,8,7,5,4,5,5,9,9,9,6,6,8,8,7,5,6,6,6,6,6,6,6,6,6,6,6,6,9,9,9,8,8,9,9,10,8,4,5,4,8,10,8,9,10,9,9,9,8,7,8,9,9,10
sf,cvs,ardour,ardour/ardour/libs/ardour/Attic/session_click.cc,clean,cpp,IssueFalse,68859,277,3145,5,6,4,6,5,3,9,7,7,7,8,7,5,4,5,5,9,9,9,6,6,8,8,7,5,6,6,6,6,6,6,6,6,6,6,6,6,9,9,9,8,8,9,10,10,7,8,9,5,8,9,6,5,5,6,6,5,4,4,4,9,8,8
sf,cvs,ardour,ardour/ardour/libs/ardour/Attic/session_events.cc,clean,cpp,IssueFalse,68859,277,3145,5,7,5,8,6,2,9,7,7,7,8,7,5,4,5,5,9,9,9,6,6,8,8,7,5,6,6,6,6,6,6,6,6,6,6,6,6,9,9,9,8,8,9,10,10,9,10,10,8,8,10,8,10,10,8,8,9,8,9,9,9,10,10
sf,cvs,ardour,ardour/ardour/libs/ardour/Attic/session_export.cc,buggy,cpp,IssueFalse,68859,277,3145,5,7,7,7,3,4,10,7,7,7,8,7,5,4,5,5,9,9,9,6,6,8,8,7,5,6,6,6,6,6,6,6,6,6,6,6,6,9,9,9,8,8,9,10,10,8,10,9,6,10,10,8,5,9,6,5,5,4,4,4,9,8,8
sf,cvs,ardour,ardour/ardour/libs/ardour/Attic/session_midi.cc,clean,cpp,IssueFalse,68859,277,3145,5,9,10,9,9,3,10,7,7,7,8,7,5,4,5,5,9,9,9,6,6,8,8,7,5,6,6,6,6,6,6,6,6,6,6,6,6,9,9,9,8,8,9,9,10,10,7,10,9,7,9,9,10,10,9,10,10,8,9,9,9,9,10
sf,cvs,ardour,ardour/ardour/libs/ardour/Attic/session_process.cc,buggy,cpp,IssueFalse,68859,277,3145,5,8,9,8,6,3,10,7,7,7,8,7,5,4,5,5,9,9,9,6,6,8,8,7,5,6,6,6,6,6,6,6,6,6,6,6,6,9,9,9,8,8,9,10,10,9,6,5,5,10,10,9,10,10,8,9,10,10,10,10,10,10,10
sf,cvs,ardour,ardour/ardour/libs/ardour/Attic/session_state.cc,buggy,cpp,IssueFalse,68859,277,3145,5,10,10,10,10,2,10,7,7,7,8,7,5,4,5,5,9,9,9,6,6,8,8,7,5,6,6,6,6,6,6,6,6,6,6,6,6,9,9,9,8,8,9,10,10,10,6,10,9,9,10,10,10,10,7,9,10,7,9,9,8,10,10
sf,cvs,ardour,ardour/ardour/libs/ardour/Attic/session_time.cc,clean,cpp,IssueFalse,68859,277,3145,5,6,5,7,6,3,9,7,7,7,8,7,5,4,5,5,9,9,9,6,6,8,8,7,5,6,6,6,6,6,6,6,6,6,6,6,6,9,9,9,8,8,9,8,8,6,9,9,7,9,10,8,7,9,8,7,8,5,6,6,7,7,8
sf,cvs,ardour,ardour/ardour/libs/ardour/Attic/session_timefx.cc,clean,cpp,IssueFalse,68859,277,3145,5,5,6,5,2,6,9,7,7,7,8,7,5,4,5,5,9,9,9,6,6,8,8,7,5,6,6,6,6,6,6,6,6,6,6,6,6,9,9,9,8,8,9,10,10,5,10,7,4,10,10,7,8,9,4,5,5,6,6,6,6,6,8
sf,cvs,ardour,ardour/ardour/libs/ardour/Attic/session_transport.cc,buggy,cpp,IssueFalse,68859,277,3145,5,9,9,9,10,2,10,7,7,7,8,7,5,4,5,5,9,9,9,6,6,8,8,7,5,6,6,6,6,6,6,6,6,6,6,6,6,9,9,9,8,8,9,9,10,10,7,7,9,7,9,10,10,10,9,10,10,10,10,10,10,10,10
sf,cvs,ardour,ardour/ardour/libs/ardour/Attic/sndfilesource.cc,buggy,cpp,IssueFalse,68859,277,3145,5,5,5,5,5,5,8,7,7,7,8,7,5,4,5,5,9,9,9,6,6,8,8,7,5,6,6,6,6,6,6,6,6,6,6,6,6,9,9,9,8,8,9,9,8,6,7,5,5,8,8,6,8,9,5,5,6,6,6,6,8,8,9
sf,cvs,ardour,ardour/ardour/libs/ardour/Attic/source.cc,buggy,cpp,IssueFalse,68859,277,3145,5,8,9,8,7,3,10,7,7,7,8,7,5,4,5,5,9,9,9,6,6,8,8,7,5,6,6,6,6,6,6,6,6,6,6,6,6,9,9,9,8,8,9,10,10,9,5,7,5,9,9,9,7,10,8,8,8,8,8,7,7,6,8
sf,cvs,ardour,ardour/ardour/libs/ardour/Attic/tempo.cc,buggy,cpp,IssueFalse,68859,277,3145,5,9,10,9,10,3,10,7,7,7,8,7,5,4,5,5,9,9,9,6,6,8,8,7,5,6,6,6,6,6,6,6,6,6,6,6,7,9,9,9,8,8,9,9,10,10,7,6,9,9,9,10,6,5,7,7,6,10,9,9,10,10,10
sf,cvs,ardour,ardour/ardour/libs/ardour/Attic/utils.cc,clean,cpp,IssueFalse,68859,277,3145,5,5,4,5,5,4,8,7,7,7,8,7,5,4,5,5,9,9,9,6,6,8,8,7,5,6,6,6,6,6,6,6,6,6,6,6,6,9,9,9,8,8,9,10,9,7,8,5,5,7,7,5,6,8,8,7,8,4,4,4,6,6,7
sf,cvs,ardour,ardour/ardour/libs/ardour/ardour/Attic/ardour.h,clean,cpp,IssueFalse,68859,277,3145,5,2,5,2,1,10,4,7,7,7,8,7,5,4,5,5,9,9,9,6,6,8,8,7,5,6,6,6,6,6,6,6,6,6,6,6,6,9,9,9,8,8,9,2,2,2,3,2,2,3,2,2,5,5,4,4,4,4,4,4,5,5,5
sf,cvs,ardour,ardour/ardour/libs/ardour/ardour/Attic/audio_library.h,clean,cpp,IssueFalse,68859,277,3145,5,3,5,3,1,8,4,7,7,7,8,7,5,8,7,7,9,9,9,8,7,9,8,7,5,10,9,9,10,10,9,10,9,9,10,10,9,9,9,9,10,10,10,2,2,2,3,2,2,3,2,2,8,9,7,6,7,5,6,6,7,8,8
sf,cvs,ardour,ardour/ardour/libs/ardour/ardour/Attic/audio_track.h,buggy,cpp,IssueFalse,68859,277,3145,5,3,4,3,3,8,4,10,10,9,10,10,9,10,10,10,10,10,10,9,9,10,10,10,9,10,8,9,10,10,10,10,10,10,10,10,10,9,9,9,10,9,9,4,4,3,3,2,2,4,3,2,6,9,4,3,4,4,4,4,5,5,7
sf,cvs,ardour,ardour/ardour/libs/ardour/ardour/Attic/audioengine.h,clean,cpp,IssueFalse,68859,277,3145,5,4,6,5,6,6,7,10,10,10,10,9,7,10,8,8,9,9,9,9,8,10,10,9,7,10,10,10,10,10,10,10,10,10,10,10,10,9,9,9,9,9,9,5,6,5,6,3,5,4,3,4,3,5,8,6,6,6,5,5,4,3,4
sf,cvs,ardour,ardour/ardour/libs/ardour/ardour/Attic/configuration.h,clean,cpp,IssueFalse,68859,277,3145,5,5,5,6,1,4,4,7,7,7,9,9,7,9,9,9,9,9,9,7,7,9,9,9,7,10,10,10,10,10,10,10,10,10,10,10,10,9,9,9,9,10,10,2,2,2,3,2,2,3,2,2,10,8,6,7,8,7,8,8,8,9,10
sf,cvs,ardour,ardour/ardour/libs/ardour/ardour/Attic/curve.h,clean,cpp,IssueFalse,68859,277,3145,5,4,4,5,5,5,8,10,10,10,10,9,7,9,8,8,9,9,9,7,7,9,10,9,7,10,10,10,10,10,10,10,10,10,10,10,10,9,9,9,9,9,9,7,7,4,8,7,5,5,5,4,7,8,5,4,5,6,6,6,9,9,9
sf,cvs,ardour,ardour/ardour/libs/ardour/ardour/Attic/diskstream.h,buggy,cpp,IssueFalse,68859,277,3145,5,7,5,8,9,3,7,9,9,9,9,10,8,10,10,10,9,9,9,8,9,10,9,10,8,10,10,10,10,10,10,10,10,10,10,10,10,10,10,10,10,10,10,6,7,8,6,5,8,4,5,7,10,10,6,6,8,8,9,9,7,7,10
sf,cvs,ardour,ardour/ardour/libs/ardour/ardour/Attic/filesource.h,clean,cpp,IssueFalse,68859,277,3145,5,4,6,5,3,6,4,7,7,7,9,10,10,6,9,9,10,10,10,6,7,9,9,10,10,10,9,10,7,9,9,7,10,9,7,9,9,9,9,9,9,10,10,4,4,3,5,4,3,5,5,3,3,5,3,3,3,7,6,6,4,3,4
sf,cvs,ardour,ardour/ardour/libs/ardour/ardour/Attic/insert.h,buggy,cpp,IssueFalse,68859,277,3145,5,4,4,4,4,6,7,9,10,10,10,10,10,10,10,10,10,10,10,8,8,10,10,10,10,9,8,9,10,10,10,10,10,10,10,10,10,9,9,9,8,8,9,5,6,3,4,3,3,4,3,3,3,8,8,6,5,4,4,4,8,6,6
sf,cvs,ardour,ardour/ardour/libs/ardour/ardour/Attic/io.h,buggy,cpp,IssueFalse,68859,277,3145,5,6,4,7,9,3,8,10,10,10,10,9,9,9,10,9,10,10,10,8,9,10,10,9,9,10,10,10,10,10,10,10,10,10,10,10,10,9,10,10,9,9,9,5,7,7,6,5,7,4,5,6,6,9,5,4,5,4,4,4,4,3,5
sf,cvs,ardour,ardour/ardour/libs/ardour/ardour/Attic/ladspa_plugin.h,buggy,cpp,IssueFalse,68859,277,3145,5,5,4,6,9,4,7,9,10,10,9,9,8,7,8,9,9,9,9,8,9,10,9,9,8,10,9,10,9,10,10,9,10,10,9,10,10,9,9,9,9,9,9,5,6,7,7,7,8,4,6,6,6,8,6,6,6,5,5,5,4,3,5
sf,cvs,ardour,ardour/ardour/libs/ardour/ardour/Attic/playlist.h,buggy,cpp,IssueFalse,68859,277,3145,5,6,5,7,8,3,7,10,10,10,9,9,7,9,10,9,9,9,9,8,9,10,9,9,7,10,10,10,10,10,10,10,10,10,10,10,10,9,9,9,9,10,10,5,7,6,6,7,6,5,5,5,9,8,5,5,6,6,7,7,6,6,8
sf,cvs,ardour,ardour/ardour/libs/ardour/ardour/Attic/port.h,buggy,cpp,IssueFalse,68859,277,3145,5,5,5,5,9,5,8,9,9,9,10,9,7,10,8,8,9,9,9,7,7,9,10,9,7,10,10,10,10,10,10,10,10,10,10,10,10,9,9,9,9,9,9,5,7,7,5,5,7,5,4,7,3,5,6,5,4,4,4,4,4,3,4
sf,cvs,ardour,ardour/ardour/libs/ardour/ardour/Attic/region.h,clean,cpp,IssueFalse,68859,277,3145,5,7,7,8,9,3,7,10,10,10,9,9,7,10,10,10,9,10,10,8,8,10,9,9,7,10,10,10,10,10,10,10,10,10,10,10,10,9,9,9,10,10,10,5,8,8,5,5,7,4,5,7,9,8,5,5,6,5,6,6,7,8,9
sf,cvs,ardour,ardour/ardour/libs/ardour/ardour/Attic/route.h,buggy,cpp,IssueFalse,68859,277,3145,5,7,7,8,9,3,10,10,10,10,10,10,8,10,10,10,10,10,10,10,10,10,10,10,8,10,10,10,10,10,10,10,10,10,10,10,10,10,9,9,8,8,9,5,8,7,5,5,6,4,5,6,9,9,4,4,5,6,6,6,7,7,9
sf,cvs,ardour,ardour/ardour/libs/ardour/ardour/Attic/session.h,buggy,cpp,IssueFalse,68859,277,3145,5,10,10,10,10,2,8,10,10,10,8,9,7,10,10,10,9,9,9,9,10,10,8,9,7,10,10,10,10,10,10,10,10,10,10,10,10,9,9,9,10,10,10,5,7,9,5,6,9,4,7,10,10,10,7,9,10,8,10,10,9,10,10
sf,cvs,ardour,ardour/ardour/libs/ardour/ardour/Attic/sndfilesource.h,clean,cpp,IssueFalse,68859,277,3145,5,2,4,2,3,9,4,7,7,7,10,10,8,10,8,8,9,9,9,7,7,9,10,10,8,10,8,9,9,8,8,9,8,8,9,8,8,9,9,9,9,9,9,4,4,3,5,3,3,3,3,2,3,5,3,3,3,4,4,4,6,5,5
sf,cvs,ardour,ardour/ardour/libs/ardour/ardour/Attic/source.h,clean,cpp,IssueFalse,68859,277,3145,5,5,4,6,8,5,7,9,10,10,9,9,7,7,8,8,10,10,10,7,8,10,9,9,7,10,10,10,9,10,10,9,10,10,9,10,10,9,10,10,8,8,9,5,6,6,4,4,5,4,4,5,5,8,7,6,6,4,4,4,5,5,5
sf,cvs,ardour,ardour/ardour/libs/ardour/ardour/Attic/tempo.h,clean,cpp,IssueFalse,68859,277,3145,5,6,7,7,9,5,4,7,8,9,9,9,9,6,8,9,10,10,10,7,9,10,9,9,9,9,9,10,9,10,10,9,10,10,9,10,10,9,9,9,9,10,10,4,4,7,6,6,7,5,6,7,6,5,5,5,5,7,7,7,5,5,6
sf,cvs,ardour,ardour/ardour/libs/ardour/ardour/Attic/types.h,clean,cpp,IssueFalse,68859,277,3145,5,4,5,4,6,5,4,7,7,8,8,7,5,4,5,6,9,9,9,6,7,9,8,7,5,9,8,10,6,7,8,6,7,8,7,7,9,9,9,9,8,8,9,4,4,5,8,5,7,6,6,6,5,9,5,5,5,4,4,4,5,5,5
sf,cvs,ardour,ardour/ardour/libs/ardour/ardour/Attic/utils.h,clean,cpp,IssueFalse,68859,277,3145,5,1,4,2,2,10,4,7,7,7,8,7,5,4,5,5,9,9,9,6,6,8,8,7,5,6,6,6,6,6,6,6,6,6,6,6,6,9,9,9,8,8,9,4,4,2,7,3,2,5,3,2,6,10,4,4,5,4,4,4,4,3,5
sf,cvs,ardour,ardour/ardour/libs/gtkmm/src/gtk--/Attic/menushell.h,clean,cpp,IssueFalse,68859,277,3145,5,7,10,7,9,8,7,7,8,9,9,9,10,7,7,9,10,10,10,7,8,10,9,9,10,6,6,9,9,10,10,9,10,10,9,10,10,10,10,10,9,10,10,4,4,7,4,5,6,5,4,8,6,10,3,3,3,4,4,4,5,6,7
sf,cvs,ardour,ardour/ardour/libs/gtkmmext/Attic/auto_spin.cc,buggy,cpp,IssueFalse,68859,277,3145,5,6,7,6,6,5,10,7,7,7,8,7,5,4,5,5,9,9,9,6,6,8,8,7,5,6,6,6,6,6,6,6,6,6,6,6,6,9,9,9,8,8,9,9,9,7,8,5,6,6,5,6,5,8,5,5,5,9,7,7,5,5,5
sf,cvs,ardour,ardour/ardour/libs/gtkmmext/Attic/fastmeter.cc,clean,cpp,IssueFalse,68859,277,3145,5,6,6,6,6,3,8,7,7,7,8,7,5,4,5,5,9,9,9,6,6,8,8,7,5,6,6,6,6,6,6,6,6,6,6,6,6,9,9,9,8,8,9,9,8,7,9,7,7,8,9,8,7,9,10,9,9,5,5,6,10,9,10
sf,cvs,ardour,ardour/ardour/libs/gtkmmext/Attic/gtk_ui.cc,clean,cpp,IssueFalse,68859,277,3145,5,8,6,8,9,2,8,7,7,7,8,7,5,4,5,5,9,9,9,6,6,8,8,7,5,6,6,6,6,6,6,6,6,6,6,6,6,9,9,9,8,8,9,8,9,9,7,8,8,8,9,10,7,8,8,8,8,10,9,9,10,10,10
sf,cvs,ardour,ardour/ardour/libs/gtkmmext/Attic/selector.cc,clean,cpp,IssueFalse,68859,277,3145,5,7,6,7,8,3,9,7,7,7,8,7,5,4,5,5,9,9,9,6,6,8,8,7,5,6,6,6,6,6,6,6,6,6,6,6,7,9,9,9,8,8,9,8,8,8,7,7,8,6,7,8,3,5,8,6,6,4,4,4,10,8,7
sf,cvs,ardour,ardour/ardour/libs/gtkmmext/Attic/tearoff.cc,buggy,cpp,IssueFalse,68859,277,3145,5,5,3,5,5,4,7,7,7,7,8,7,5,4,5,5,9,9,9,6,6,8,8,7,5,6,6,6,6,6,6,6,6,6,6,6,6,9,9,9,8,8,9,5,6,4,6,7,5,8,9,7,6,5,5,5,5,4,4,4,5,5,6
sf,cvs,ardour,ardour/ardour/libs/gtkmmext/gtkmmext/Attic/fastmeter.h,clean,cpp,IssueFalse,68859,277,3145,5,2,4,3,1,8,4,7,7,7,10,9,7,6,6,6,9,9,9,6,6,8,10,9,7,10,9,9,9,9,8,9,9,8,8,8,8,10,10,10,9,9,9,2,2,2,3,2,2,3,2,2,6,8,8,7,7,6,6,6,9,9,9
sf,cvs,ardour,ardour/ardour/libs/gtkmmext/gtkmmext/Attic/gtk_ui.h,clean,cpp,IssueFalse,68859,277,3145,5,5,6,6,6,5,7,8,7,8,9,9,7,8,8,8,9,9,9,9,9,10,9,9,7,10,10,10,10,10,10,10,10,10,10,10,10,10,10,10,10,10,10,5,6,4,5,3,4,5,4,4,6,8,5,4,5,7,7,7,7,6,7
sf,cvs,ardour,ardour/ardour/libs/gtkmmext/gtkmmext/Attic/tearoff.h,buggy,cpp,IssueFalse,68859,277,3145,5,2,4,2,2,9,4,8,8,8,10,9,7,6,6,6,9,9,9,8,7,9,10,9,7,10,10,10,9,9,8,9,9,8,9,9,8,9,9,9,8,8,9,4,4,2,5,2,2,4,3,2,3,5,4,3,3,4,4,4,4,3,4
sf,cvs,ardour,ardour/ardour/libs/midi++/Attic/midiparser.cc,clean,cpp,IssueFalse,68859,277,3145,5,9,10,9,7,4,10,7,7,7,8,7,5,4,5,5,9,9,9,6,6,8,8,7,5,6,6,6,6,6,6,6,6,6,6,6,6,9,9,9,8,8,9,10,10,10,10,9,8,7,9,8,3,8,10,8,7,4,4,4,9,7,7
sf,cvs,ardour,ardour/ardour/libs/pbd/Attic/pool.cc,clean,cpp,IssueFalse,68859,277,3145,5,4,5,3,7,6,7,7,7,7,8,7,5,4,5,5,9,9,9,6,6,8,8,7,5,6,6,6,6,6,6,6,6,6,6,6,6,9,9,9,8,8,9,5,6,5,5,4,5,5,5,5,7,9,8,8,8,9,9,8,10,10,10
sf,cvs,ardour,ardour/ardour/libs/pbd/pbd/Attic/atomic.h,clean,cpp,IssueFalse,68859,277,3145,5,2,5,1,4,10,4,7,7,7,8,7,5,4,5,5,9,9,9,6,6,8,8,7,5,6,6,6,6,6,6,6,6,6,6,6,6,9,9,9,8,8,9,4,4,3,5,2,3,3,3,2,3,8,10,10,10,4,4,4,6,5,5
sf,cvs,ardour,ardour/ardour/libs/pbd/pbd/Attic/pool.h,clean,cpp,IssueFalse,68859,277,3145,5,2,4,2,2,8,4,8,7,8,9,9,8,5,6,7,10,10,10,6,6,9,9,9,8,7,7,9,8,8,9,8,8,9,8,8,9,9,9,9,8,8,9,4,4,2,5,2,2,4,3,2,5,9,8,7,7,6,6,6,10,8,9
