Host,Vcs,Project,File,Buggy,PL,IssueTracking,TLOC,TNF,TNC,TND,LOC,CL,NStmt,NFunc,RCC,MNL,avg_WMC,max_WMC,total_WMC,avg_DIT,max_DIT,total_DIT,avg_RFC,max_RFC,total_RFC,avg_NOC,max_NOC,total_NOC,avg_CBO,max_CBO,total_CBO,avg_DIT.1,max_DIT.1,total_DIT.1,avg_NIV,max_NIV,total_NIV,avg_NIM,max_NIM,total_NIM,avg_NOM,max_NOM,total_NOM,avg_NPBM,max_NPBM,total_NPBM,avg_NPM,max_NPM,total_NPM,avg_NPRM,max_NPRM,total_NPRM,avg_CC,max_CC,total_CC,avg_FANIN,max_FANIN,total_FANIN,avg_FANOUT,max_FANOUT,total_FANOUT,NRev,NFix,avg_AddedLOC,max_AddedLOC,total_AddedLOC,avg_DeletedLOC,max_DeletedLOC,total_DeletedLOC,avg_ModifiedLOC,max_ModifiedLOC,total_ModifiedLOC
sf,cvs,arianne,arianne/marauroa/src/marauroa/client/ClientFramework.java,buggy,java,IssueTrue,49959,346,43592,45,9,10,9,9,10,8,9,9,9,5,5,5,8,8,7,10,10,10,7,7,6,5,5,5,8,7,8,9,9,9,9,9,9,9,8,8,10,10,10,9,8,8,7,8,8,8,9,9,5,6,7,5,8,3,4,2,8,8,7,9,8,7
sf,cvs,arianne,arianne/marauroa/src/marauroa/client/net/TCPNetworkClientManager.java,buggy,java,IssueTrue,49959,346,43592,45,8,10,8,7,10,9,6,6,8,5,9,10,8,10,10,9,9,9,8,8,10,5,9,10,9,10,10,5,6,8,3,5,8,5,6,8,8,7,7,7,9,9,8,7,8,8,7,8,8,7,7,3,5,3,4,2,4,4,4,6,5,4
sf,cvs,arianne,arianne/marauroa/src/marauroa/common/game/RPClass.java,buggy,java,IssueTrue,49959,346,43592,45,9,10,9,9,10,7,9,10,9,5,5,8,7,9,9,10,10,10,7,8,9,5,5,8,9,9,9,9,9,10,8,10,10,9,10,10,8,7,7,7,8,8,7,8,9,10,10,10,4,4,8,3,8,3,4,2,4,4,4,6,5,4
sf,cvs,arianne,arianne/marauroa/src/marauroa/common/game/RPObject.java,buggy,java,IssueTrue,49959,346,43592,45,10,10,10,10,10,10,10,10,10,6,9,9,10,10,10,10,10,10,8,9,9,6,9,9,9,10,10,10,10,10,10,10,10,10,10,10,8,7,7,7,8,8,8,10,10,9,10,10,6,8,10,7,9,8,9,7,9,9,8,7,6,7
sf,cvs,arianne,arianne/marauroa/src/marauroa/common/game/RPSlot.java,clean,java,IssueTrue,49959,346,43592,45,9,10,9,9,10,8,10,9,9,5,5,5,9,8,8,10,10,10,9,9,8,5,5,5,9,9,9,10,10,10,10,9,10,10,10,10,8,7,7,9,8,8,7,8,9,9,10,10,5,5,8,3,8,5,5,3,4,4,4,6,5,4
sf,cvs,arianne,arianne/marauroa/src/marauroa/server/db/DBTransaction.java,buggy,java,IssueTrue,49959,346,43592,45,6,9,5,6,9,9,7,7,6,5,5,5,5,5,5,9,9,9,8,7,7,5,5,5,8,7,8,7,6,7,6,6,6,6,6,6,10,10,10,7,7,7,7,8,6,10,9,8,5,5,5,10,8,9,10,10,5,7,7,4,7,7
sf,cvs,arianne,arianne/marauroa/src/marauroa/server/db/TransactionPool.java,buggy,java,IssueTrue,49959,346,43592,45,5,2,4,5,5,8,6,5,5,5,5,5,5,4,4,9,9,9,8,7,7,5,5,5,9,9,9,6,5,5,5,5,5,6,6,6,8,7,7,9,8,8,6,6,5,10,10,9,6,3,5,7,5,7,6,6,4,4,4,7,6,7
sf,cvs,arianne,arianne/marauroa/src/marauroa/server/db/adapter/DatabaseAdapter.java,buggy,java,IssueTrue,49959,346,43592,45,1,3,1,5,10,3,4,4,3,1,1,2,1,1,1,10,10,10,4,4,4,1,1,2,4,4,6,7,6,6,6,5,6,6,6,6,8,7,7,7,7,7,3,3,4,2,3,4,1,1,2,6,5,9,7,7,4,4,4,2,2,2
sf,cvs,arianne,arianne/marauroa/src/marauroa/server/db/adapter/MySQLDatabaseAdapter.java,buggy,java,IssueTrue,49959,346,43592,45,6,6,6,7,7,7,7,6,6,5,5,5,6,6,6,9,9,9,9,8,8,5,5,5,8,7,8,8,7,8,7,7,7,8,7,7,8,7,7,9,9,9,5,5,6,5,5,7,5,4,6,6,5,10,10,9,4,4,4,2,2,2
sf,cvs,arianne,arianne/marauroa/src/marauroa/server/game/GameServerManager.java,buggy,java,IssueTrue,49959,346,43592,45,10,10,10,8,10,9,8,10,10,6,9,10,10,10,10,9,9,9,7,8,10,6,9,10,8,9,9,6,9,9,5,8,9,5,5,7,8,7,7,10,10,10,9,9,9,10,9,10,9,8,9,3,9,4,4,3,4,4,4,4,3,3
sf,cvs,arianne,arianne/marauroa/src/marauroa/server/game/db/AccountDAO.java,buggy,java,IssueTrue,49959,346,43592,45,9,2,9,9,1,8,9,9,9,5,5,5,8,8,8,9,9,9,8,8,8,5,5,5,4,4,6,10,9,9,9,9,9,10,9,9,8,7,7,9,8,8,6,6,8,7,7,9,7,3,9,5,5,10,10,9,10,9,8,2,2,2
sf,cvs,arianne,arianne/marauroa/src/marauroa/server/game/db/Attic/JDBCDatabase.java,clean,java,IssueTrue,49959,346,43592,45,10,10,10,10,8,9,10,10,10,5,5,8,8,9,9,10,10,10,8,10,10,5,5,8,8,8,9,9,10,10,9,10,10,9,10,10,10,10,10,9,9,9,8,8,10,9,9,10,9,7,10,6,9,4,5,3,4,4,4,9,7,8
sf,cvs,arianne,arianne/marauroa/src/marauroa/server/game/db/CharacterDAO.java,buggy,java,IssueTrue,49959,346,43592,45,8,9,7,7,8,7,8,7,7,5,5,5,6,6,6,9,9,9,9,8,8,5,5,5,4,4,6,8,7,8,7,7,7,8,8,8,8,7,7,7,7,7,7,6,7,8,7,8,9,5,8,5,5,10,10,9,9,8,8,2,2,2
sf,cvs,arianne,arianne/marauroa/src/marauroa/server/game/db/DAORegister.java,buggy,java,IssueTrue,49959,346,43592,45,3,6,2,4,10,5,4,3,3,5,5,5,4,4,4,9,9,9,8,8,8,5,5,5,6,6,7,5,4,4,4,4,4,5,3,4,8,7,7,9,9,9,5,4,4,9,8,6,3,2,3,5,8,9,8,6,4,4,4,4,5,4
sf,cvs,arianne,arianne/marauroa/src/marauroa/server/game/db/GameEventDAO.java,buggy,java,IssueTrue,49959,346,43592,45,3,1,2,3,1,8,5,4,4,5,5,5,2,2,2,9,9,9,7,6,6,5,5,5,4,4,6,3,3,3,2,2,2,3,3,3,8,7,7,7,7,7,9,7,4,9,7,5,8,4,3,3,5,9,6,5,4,4,4,2,2,2
sf,cvs,arianne,arianne/marauroa/src/marauroa/server/game/db/LoginEventDAO.java,buggy,java,IssueTrue,49959,346,43592,45,5,5,4,5,8,7,3,4,5,5,5,8,3,3,7,9,9,9,6,8,8,5,5,8,6,7,8,4,4,5,2,3,5,5,4,6,8,7,7,7,7,7,7,6,5,8,7,6,8,6,5,5,5,8,7,6,8,7,7,2,3,3
sf,cvs,arianne,arianne/marauroa/src/marauroa/server/game/db/RPObjectDAO.java,buggy,java,IssueTrue,49959,346,43592,45,7,2,6,6,2,7,6,5,5,5,5,5,5,5,5,9,9,9,9,9,9,5,5,5,6,6,7,7,6,7,6,6,6,8,7,7,8,7,7,7,7,7,5,6,5,5,5,6,8,6,7,7,8,8,9,7,6,6,6,7,6,7
sf,cvs,arianne,arianne/marauroa/src/marauroa/server/game/db/RPZoneDAO.java,buggy,java,IssueTrue,49959,346,43592,45,6,2,6,5,2,9,7,6,6,5,5,5,5,4,4,9,9,9,9,9,9,5,5,5,6,6,7,6,5,6,5,5,5,7,6,6,8,7,7,7,7,7,8,8,6,5,6,5,9,7,6,7,8,8,8,6,6,6,6,7,6,6
sf,cvs,arianne,arianne/marauroa/src/marauroa/server/game/db/StatisticsDAO.java,buggy,java,IssueTrue,49959,346,43592,45,3,1,1,3,1,7,3,3,3,5,5,5,2,2,2,9,9,9,6,5,5,5,5,5,4,4,6,3,3,3,2,2,2,3,3,3,8,7,7,7,7,7,7,5,3,8,5,4,6,2,3,3,5,9,6,5,4,4,4,2,2,2
sf,cvs,arianne,arianne/marauroa/src/marauroa/server/game/rp/RPServerManager.java,buggy,java,IssueTrue,49959,346,43592,45,9,10,9,8,9,9,9,9,8,9,9,8,10,10,10,9,9,9,10,10,9,9,9,8,10,10,10,9,9,9,9,9,9,9,8,9,9,9,9,10,10,10,7,8,8,9,8,9,7,7,8,3,8,3,4,2,4,4,4,6,5,4
sf,cvs,arianne,arianne/marauroa/src/marauroa/server/game/rp/RPWorld.java,buggy,java,IssueTrue,49959,346,43592,45,7,10,6,9,10,7,9,8,8,5,5,5,8,8,7,10,10,10,8,7,7,5,5,5,7,7,7,9,9,9,9,9,9,9,9,9,10,9,9,7,7,7,6,6,8,6,7,8,4,3,6,3,8,7,5,4,4,4,4,6,5,4
sf,cvs,arianne,arianne/marauroa/src/marauroa/server/marauroad.java,buggy,java,IssueTrue,49959,346,43592,45,8,10,7,6,10,7,5,7,6,6,9,9,9,10,10,9,9,9,7,8,8,6,9,9,6,7,8,4,4,5,3,5,6,5,5,6,8,9,9,9,9,9,8,6,6,6,7,6,7,5,6,6,8,3,4,2,4,4,4,7,6,6
sf,cvs,arianne,arianne/marauroa/tests/marauroa/common/game/RPObjectTest.java,buggy,java,IssueTrue,49959,346,43592,45,7,9,7,7,8,5,4,5,5,9,10,10,10,10,10,9,9,9,6,9,8,9,10,10,4,6,7,6,8,8,5,7,7,6,8,8,8,7,7,7,7,7,4,4,5,2,3,5,8,4,7,3,8,10,8,6,4,4,4,4,3,3
sf,cvs,arianne,arianne/stendhal/src/games/stendhal/bot/postman/Postman.java,clean,java,IssueTrue,49959,346,43592,45,9,9,8,7,6,10,9,9,9,5,5,5,7,6,6,9,9,9,10,10,9,5,5,5,8,7,8,8,8,8,7,7,8,6,5,5,8,7,7,10,10,10,9,9,8,8,7,8,8,7,8,6,8,6,5,5,4,4,4,4,3,4
sf,cvs,arianne,arianne/stendhal/src/games/stendhal/client/GameScreen.java,buggy,java,IssueTrue,49959,346,43592,45,10,10,10,10,10,8,10,10,10,5,5,8,9,10,10,9,9,9,9,10,10,5,5,8,10,10,10,10,10,10,10,10,10,10,10,10,10,10,10,7,7,7,6,9,10,8,9,10,4,8,9,8,8,6,6,6,10,10,10,7,7,8
sf,cvs,arianne,arianne/stendhal/src/games/stendhal/client/IGameScreen.java,buggy,java,IssueTrue,49959,346,43592,45,5,10,4,10,10,3,9,9,8,1,1,2,9,9,9,10,10,10,7,7,6,1,1,2,6,6,7,10,10,10,10,10,10,1,1,1,8,7,7,7,7,7,3,3,8,1,3,5,1,1,4,3,5,3,4,2,10,9,8,2,2,2
sf,cvs,arianne,arianne/stendhal/src/games/stendhal/client/StendhalClient.java,buggy,java,IssueTrue,49959,346,43592,45,9,10,9,9,8,8,7,9,9,9,9,10,7,9,10,9,9,9,7,10,10,9,9,10,9,10,10,7,10,10,6,9,10,7,9,9,10,10,10,7,8,8,6,7,9,7,8,9,5,6,8,6,8,3,4,2,5,6,6,6,6,6
sf,cvs,arianne,arianne/stendhal/src/games/stendhal/client/UserContext.java,clean,java,IssueTrue,49959,346,43592,45,9,10,9,9,10,8,10,10,10,5,5,5,9,8,8,9,9,9,7,7,6,5,5,5,10,9,9,10,10,10,10,9,10,9,9,9,10,10,10,9,8,8,8,7,9,6,8,9,4,4,8,5,9,4,5,4,6,6,6,8,7,6
sf,cvs,arianne,arianne/stendhal/src/games/stendhal/client/actions/GMHelpAction.java,buggy,java,IssueTrue,49959,346,43592,45,5,6,2,3,8,7,5,4,4,5,5,5,3,3,3,9,9,9,4,3,3,5,5,5,4,4,6,4,3,4,2,2,3,5,3,4,8,7,7,7,7,7,8,7,4,1,2,2,3,2,3,8,5,9,10,8,4,4,4,5,7,7
sf,cvs,arianne,arianne/stendhal/src/games/stendhal/client/actions/HelpAction.java,buggy,java,IssueTrue,49959,346,43592,45,3,5,1,3,9,5,2,2,2,5,5,5,3,3,3,9,9,9,2,2,2,5,5,5,4,4,6,4,3,4,2,2,3,5,3,4,8,7,7,7,7,7,4,4,3,1,2,2,2,1,2,5,5,3,4,3,4,4,4,4,5,4
sf,cvs,arianne,arianne/stendhal/src/games/stendhal/client/actions/SlashActionRepository.java,buggy,java,IssueTrue,49959,346,43592,45,4,3,3,3,7,3,2,2,2,5,5,5,2,2,2,9,9,9,4,4,4,5,5,5,4,4,6,2,1,1,2,2,2,3,3,3,8,7,7,7,7,7,3,3,2,6,4,3,2,1,2,3,5,4,4,3,4,4,4,2,2,2
sf,cvs,arianne,arianne/stendhal/src/games/stendhal/client/entity/ActionType.java,buggy,java,IssueTrue,49959,346,43592,45,5,7,3,6,8,7,1,1,1,1,1,2,1,1,1,9,9,9,1,1,1,1,1,2,4,4,6,2,1,1,1,1,1,1,1,1,8,7,7,7,7,7,6,6,5,6,6,6,4,5,4,6,8,9,9,8,4,4,4,5,5,5
sf,cvs,arianne,arianne/stendhal/src/games/stendhal/client/entity/GrainField.java,buggy,java,IssueTrue,49959,346,43592,45,3,9,2,5,10,5,5,4,4,9,9,8,4,4,4,9,9,9,5,5,4,9,9,8,7,7,7,6,5,5,5,4,5,6,6,6,8,7,7,7,7,7,5,5,4,2,5,3,4,2,4,3,5,7,5,4,8,6,6,6,5,4
sf,cvs,arianne,arianne/stendhal/src/games/stendhal/client/entity/RPEntity.java,buggy,java,IssueTrue,49959,346,43592,45,10,10,10,10,9,8,10,10,10,6,9,9,9,10,10,10,10,10,8,10,9,6,9,9,10,10,10,10,10,10,10,10,10,10,10,10,9,10,10,7,8,8,7,10,10,6,9,10,4,10,9,9,8,6,7,7,6,7,7,8,8,9
sf,cvs,arianne,arianne/stendhal/src/games/stendhal/client/entity/User.java,buggy,java,IssueTrue,49959,346,43592,45,8,9,7,9,8,8,9,8,8,10,10,10,10,10,10,9,9,9,8,7,7,10,10,10,7,7,7,9,9,9,9,9,9,9,9,9,10,9,9,7,7,7,5,8,8,5,9,8,3,3,6,3,8,3,4,2,4,4,4,9,7,6
sf,cvs,arianne,arianne/stendhal/src/games/stendhal/client/entity/factory/EntityMap.java,buggy,java,IssueTrue,49959,346,43592,45,6,7,6,3,8,5,3,3,3,5,5,5,3,3,3,9,9,9,7,7,6,5,5,5,4,4,6,2,1,1,2,2,3,2,2,2,8,7,7,9,9,9,5,5,3,7,6,4,2,1,2,9,8,4,5,5,10,10,9,5,8,7
sf,cvs,arianne,arianne/stendhal/src/games/stendhal/client/gui/Attic/CreateAccountDialog.java,clean,java,IssueTrue,49959,346,43592,45,9,9,9,7,6,10,5,8,8,9,10,10,10,10,10,9,9,9,7,10,10,9,10,10,9,10,10,3,6,7,2,6,7,3,5,7,8,7,7,9,10,10,9,9,8,9,10,8,9,10,8,3,8,3,4,2,4,4,4,9,7,6
sf,cvs,arianne,arianne/stendhal/src/games/stendhal/client/gui/KTextEdit.java,buggy,java,IssueTrue,49959,346,43592,45,8,8,8,9,6,7,3,7,8,6,10,10,10,10,10,9,9,9,5,10,10,6,10,10,4,7,8,5,9,9,3,8,9,4,7,9,8,10,10,7,9,10,5,5,8,6,7,9,5,4,8,3,8,3,4,2,4,4,4,10,8,6
sf,cvs,arianne,arianne/stendhal/src/games/stendhal/client/gui/QuitDialog.java,clean,java,IssueTrue,49959,346,43592,45,4,3,4,5,7,3,2,2,3,5,5,9,2,3,8,9,9,9,4,7,8,5,5,9,4,6,7,3,4,5,2,3,5,2,3,5,8,9,9,7,7,7,3,3,3,3,5,4,6,5,5,3,5,3,4,2,6,5,5,2,2,2
sf,cvs,arianne,arianne/stendhal/src/games/stendhal/client/gui/bag/BagPanel.java,clean,java,IssueTrue,49959,346,43592,45,2,1,1,3,1,3,1,1,2,6,9,9,2,2,6,9,9,9,2,3,4,6,9,9,4,6,7,2,2,3,1,1,2,2,2,3,8,7,7,7,7,7,3,3,2,5,5,3,6,3,3,9,5,7,8,7,9,9,9,9,9,9
sf,cvs,arianne,arianne/stendhal/src/games/stendhal/client/gui/bag/CircledCollection.java,clean,java,IssueTrue,49959,346,43592,45,4,1,3,5,1,5,2,3,4,5,5,8,3,4,7,9,9,9,1,2,3,5,5,8,8,8,9,5,5,6,3,4,6,4,5,5,8,9,9,9,9,9,4,4,4,6,5,6,3,2,3,3,5,3,4,2,9,7,7,2,2,2
sf,cvs,arianne,arianne/stendhal/src/games/stendhal/client/gui/bag/ItemImageLoader.java,buggy,java,IssueTrue,49959,346,43592,45,4,1,3,5,1,8,5,4,4,5,5,5,4,4,4,9,9,9,8,7,7,5,5,5,4,4,6,5,4,5,5,4,5,6,5,5,8,7,7,9,8,8,5,6,4,4,6,5,4,3,4,8,8,8,8,8,7,8,7,9,9,9
sf,cvs,arianne,arianne/stendhal/src/games/stendhal/client/gui/bag/ItemPanel.java,buggy,java,IssueTrue,49959,346,43592,45,4,1,3,4,1,5,5,4,4,10,10,10,10,10,10,9,9,9,7,6,6,10,10,10,8,7,8,5,4,5,4,4,4,5,3,4,9,9,9,9,8,8,6,5,4,5,5,4,4,2,3,10,5,7,8,9,8,9,9,8,9,9
sf,cvs,arianne,arianne/stendhal/src/games/stendhal/client/gui/imageviewer/ImageViewPanel.java,clean,java,IssueTrue,49959,346,43592,45,4,3,3,3,8,5,4,3,3,9,9,8,3,3,3,9,9,9,6,6,5,9,9,8,8,7,8,4,3,4,2,2,3,2,2,2,8,7,7,9,9,9,7,6,4,9,7,5,6,2,3,6,8,4,5,4,7,7,7,6,6,6
sf,cvs,arianne,arianne/stendhal/src/games/stendhal/client/gui/imageviewer/ImageViewWindow.java,clean,java,IssueTrue,49959,346,43592,45,3,2,3,5,5,3,4,3,3,9,9,8,5,4,4,9,9,9,6,5,5,9,9,8,7,7,7,6,5,6,5,5,5,7,6,6,8,7,7,7,7,7,3,3,4,6,6,6,5,3,4,5,5,3,4,2,4,4,4,5,5,4
sf,cvs,arianne,arianne/stendhal/src/games/stendhal/client/gui/j2DClient.java,buggy,java,IssueTrue,49959,346,43592,45,10,10,10,10,9,9,5,10,10,5,5,10,4,9,10,9,9,9,6,10,10,5,5,10,8,10,10,6,10,10,5,10,10,6,9,10,8,10,10,7,10,10,6,9,10,8,10,10,6,10,10,10,9,7,9,9,8,8,9,9,10,10
sf,cvs,arianne,arianne/stendhal/src/games/stendhal/client/gui/j2d/TextBoxFactory.java,buggy,java,IssueTrue,49959,346,43592,45,8,9,8,7,7,9,7,8,7,5,5,8,4,5,8,9,9,9,9,10,10,5,5,8,6,6,7,6,7,8,5,7,7,4,3,5,8,7,7,10,10,10,8,8,7,9,9,9,8,6,7,6,8,4,5,4,5,5,5,8,8,7
sf,cvs,arianne,arianne/stendhal/src/games/stendhal/client/gui/j2d/entity/Corpse2DView.java,clean,java,IssueTrue,49959,346,43592,45,6,10,5,7,10,7,8,8,7,9,9,8,10,10,9,9,9,9,6,6,5,9,9,8,8,8,8,8,7,8,7,7,7,8,7,7,10,9,9,7,7,7,7,9,7,3,6,6,3,4,5,3,5,3,4,2,9,7,7,9,8,6
sf,cvs,arianne,arianne/stendhal/src/games/stendhal/client/gui/j2d/entity/Entity2DView.java,buggy,java,IssueTrue,49959,346,43592,45,9,10,9,10,10,7,10,9,9,5,5,5,9,9,9,10,10,10,9,9,9,5,5,5,10,10,10,10,10,10,10,10,10,9,9,9,10,10,10,7,7,7,6,7,9,6,8,9,4,5,8,7,5,7,7,6,9,8,9,8,6,7
sf,cvs,arianne,arianne/stendhal/src/games/stendhal/client/gui/j2d/entity/EntityViewFactory.java,buggy,java,IssueTrue,49959,346,43592,45,6,9,6,5,9,7,6,5,5,5,5,5,5,4,4,9,9,9,7,7,6,5,5,5,4,4,6,3,3,3,5,5,5,6,5,5,9,9,9,9,8,8,6,6,5,6,6,6,4,5,4,8,8,10,10,9,10,10,9,10,10,10
sf,cvs,arianne,arianne/stendhal/src/games/stendhal/client/gui/j2d/entity/RPEntity2DView.java,buggy,java,IssueTrue,49959,346,43592,45,9,10,9,9,10,8,10,9,9,9,9,8,8,8,8,9,9,9,9,9,9,9,9,8,10,9,10,10,9,9,9,9,9,6,6,6,10,10,10,7,7,7,7,9,9,9,10,10,5,5,8,5,5,6,5,4,10,8,8,10,9,8
sf,cvs,arianne,arianne/stendhal/src/games/stendhal/client/gui/j2d/entity/User2DView.java,clean,java,IssueTrue,49959,346,43592,45,4,8,2,4,10,5,5,4,4,9,9,8,3,3,3,9,9,9,6,5,5,9,9,8,4,4,6,5,4,4,3,3,4,3,3,3,10,9,9,7,7,7,7,6,4,7,7,5,6,2,4,6,5,3,4,3,10,8,9,8,7,7
sf,cvs,arianne,arianne/stendhal/src/games/stendhal/client/gui/login/LoginDialog.java,clean,java,IssueTrue,49959,346,43592,45,9,10,9,7,8,7,3,7,7,9,10,10,10,10,10,9,9,9,7,10,10,9,10,10,7,10,10,4,7,8,2,6,8,2,3,6,8,10,10,7,10,10,6,7,7,8,9,8,9,10,8,5,5,5,5,4,6,6,6,6,6,5
sf,cvs,arianne,arianne/stendhal/src/games/stendhal/client/gui/tradingcenter/AcceptTradeOfferAction.java,clean,java,IssueTrue,49959,346,43592,45,2,1,1,3,1,3,2,2,2,5,5,5,2,2,2,9,9,9,4,4,4,5,5,5,8,7,8,3,3,3,2,2,2,2,2,2,9,9,9,7,7,7,3,3,2,9,7,4,4,2,3,8,5,7,8,7,6,6,7,8,8,8
sf,cvs,arianne,arianne/stendhal/src/games/stendhal/client/gui/tradingcenter/Attic/TradePanel.java,clean,java,IssueTrue,49959,346,43592,45,2,1,1,3,1,7,2,2,2,5,5,5,2,2,2,9,9,9,2,3,3,5,5,5,6,6,7,3,3,3,2,2,2,1,1,1,10,9,9,7,7,7,6,5,3,4,3,3,2,1,2,7,8,5,6,5,4,4,4,6,6,7
sf,cvs,arianne,arianne/stendhal/src/games/stendhal/client/gui/wt/Attic/Buddies.java,clean,java,IssueTrue,49959,346,43592,45,7,9,7,5,9,9,5,6,6,6,9,9,9,10,10,9,9,9,7,9,9,6,9,9,7,8,9,4,4,6,2,4,5,2,3,4,9,9,9,9,8,9,8,7,6,6,7,6,8,5,6,3,5,3,4,2,4,4,4,9,7,5
sf,cvs,arianne,arianne/stendhal/src/games/stendhal/client/gui/wt/Attic/Minimap.java,clean,java,IssueTrue,49959,346,43592,45,9,10,9,7,9,8,10,9,9,9,9,8,10,10,10,9,9,9,10,10,9,9,9,8,10,10,10,9,8,8,8,8,8,6,5,5,10,10,10,10,10,10,9,9,9,9,9,9,8,7,8,9,9,6,6,6,4,5,5,8,8,9
sf,cvs,arianne,arianne/stendhal/src/games/stendhal/client/gui/wt/Character.java,clean,java,IssueTrue,49959,346,43592,45,7,9,6,5,9,9,6,6,5,9,9,8,10,10,10,9,9,9,9,9,9,9,9,8,9,8,9,6,5,5,5,4,5,3,3,3,10,10,10,9,8,8,8,8,5,7,7,6,9,9,6,8,8,4,6,5,5,6,6,7,7,8
sf,cvs,arianne,arianne/stendhal/src/games/stendhal/client/gui/wt/EntityContainer.java,clean,java,IssueTrue,49959,346,43592,45,7,10,7,6,9,8,8,7,6,9,9,8,10,10,10,10,10,10,9,8,8,9,9,8,8,8,8,7,7,7,6,6,6,6,5,5,10,9,9,10,9,9,7,8,7,8,7,7,8,5,6,3,5,3,4,2,4,4,4,6,5,4
sf,cvs,arianne,arianne/stendhal/src/games/stendhal/client/gui/wt/core/WtPanel.java,clean,java,IssueTrue,49959,346,43592,45,10,10,10,10,9,8,10,10,10,5,5,5,10,10,10,10,10,10,10,10,9,5,5,5,10,10,10,10,10,10,10,10,10,10,10,10,10,10,10,10,10,10,7,8,10,8,9,10,4,8,10,5,5,8,7,5,8,7,7,9,8,7
sf,cvs,arianne,arianne/stendhal/src/games/stendhal/client/soundreview/SoundMaster.java,buggy,java,IssueTrue,49959,346,43592,45,6,3,5,6,4,8,6,7,7,5,5,8,4,5,7,9,9,9,6,7,8,5,5,8,4,4,6,4,4,5,4,6,7,6,7,8,8,7,7,7,7,7,7,8,7,6,7,7,3,3,4,3,8,4,4,3,4,4,4,2,2,2
sf,cvs,arianne,arianne/stendhal/src/games/stendhal/client/sprite/TilesetGroupAnimationMap.java,buggy,java,IssueTrue,49959,346,43592,45,6,10,5,5,10,8,7,7,6,5,5,5,5,4,5,9,9,9,8,7,7,5,5,5,6,6,7,7,6,6,6,5,6,6,6,6,10,9,9,7,7,7,8,9,6,5,5,6,5,4,5,3,5,3,4,2,4,4,4,10,8,7
sf,cvs,arianne,arianne/stendhal/src/games/stendhal/client/stendhal.java,clean,java,IssueTrue,49959,346,43592,45,5,7,5,4,8,7,5,5,4,5,5,5,4,4,4,9,9,9,9,8,8,5,5,5,4,4,6,2,1,1,4,4,4,2,2,2,8,7,7,10,10,10,7,6,5,4,5,4,6,4,4,5,5,3,4,2,4,4,4,7,6,6
sf,cvs,arianne,arianne/stendhal/src/games/stendhal/client/update/Version.java,clean,java,IssueTrue,49959,346,43592,45,4,8,3,4,9,7,6,5,5,5,5,5,3,3,3,9,9,9,2,3,3,5,5,5,4,4,6,2,2,2,3,3,4,5,3,4,8,7,7,9,8,8,8,8,5,4,5,4,5,3,3,7,5,3,4,2,4,4,4,6,5,6
sf,cvs,arianne,arianne/stendhal/src/games/stendhal/common/Constants.java,clean,java,IssueTrue,49959,346,43592,45,1,1,1,1,8,3,1,1,1,1,1,2,1,1,1,10,10,10,1,1,1,1,1,2,9,9,9,2,1,1,1,1,1,1,1,1,8,7,7,7,7,7,1,1,2,1,2,2,1,1,2,3,5,5,5,3,4,4,4,2,2,2
sf,cvs,arianne,arianne/stendhal/src/games/stendhal/common/Debug.java,clean,java,IssueTrue,49959,346,43592,45,1,5,1,1,10,3,1,1,1,1,1,2,1,1,1,9,9,9,1,1,1,1,1,2,8,7,8,2,1,1,1,1,1,1,1,1,8,7,7,7,7,7,1,1,2,1,2,2,1,1,2,8,5,4,6,5,6,7,7,4,3,5
sf,cvs,arianne,arianne/stendhal/src/games/stendhal/common/constants/Actions.java,buggy,java,IssueTrue,49959,346,43592,45,5,7,5,2,9,3,1,1,1,5,5,5,2,2,2,9,9,9,2,2,2,5,5,5,4,4,6,2,2,2,1,1,1,1,1,1,8,7,7,9,8,8,3,3,2,1,2,2,2,1,2,5,5,5,5,4,4,4,4,2,3,3
sf,cvs,arianne,arianne/stendhal/src/games/stendhal/server/actions/CommandCenter.java,buggy,java,IssueTrue,49959,346,43592,45,6,1,6,5,1,7,4,5,5,5,5,8,3,4,7,9,9,9,7,8,9,5,5,8,4,4,6,2,2,2,3,5,6,3,3,5,8,7,7,9,10,10,7,5,6,10,10,9,5,3,5,6,5,4,5,3,5,5,5,2,5,4
sf,cvs,arianne,arianne/stendhal/src/games/stendhal/server/actions/OutfitAction.java,clean,java,IssueTrue,49959,346,43592,45,2,3,1,3,10,7,2,2,2,5,5,5,2,2,2,9,9,9,4,4,4,5,5,5,4,4,6,2,2,2,2,2,2,3,3,3,8,7,7,7,7,7,6,5,3,8,7,4,5,3,3,3,5,3,4,2,6,5,5,7,6,4
sf,cvs,arianne,arianne/stendhal/src/games/stendhal/server/actions/SentenceAction.java,clean,java,IssueTrue,49959,346,43592,45,1,3,1,3,10,5,2,2,2,5,5,5,2,2,2,9,9,9,2,3,3,5,5,5,4,4,6,2,2,2,2,2,2,3,3,3,8,7,7,7,7,7,5,4,3,5,4,3,3,2,2,3,5,4,4,3,4,4,4,4,3,3
sf,cvs,arianne,arianne/stendhal/src/games/stendhal/server/actions/admin/AdministrationAction.java,buggy,java,IssueTrue,49959,346,43592,45,5,5,5,5,7,8,6,5,5,5,5,5,5,4,5,10,10,10,8,8,8,5,5,5,4,4,6,5,4,4,6,5,6,6,5,5,10,10,10,7,7,7,6,6,5,8,8,7,4,2,4,7,8,6,6,6,8,8,8,8,8,8
sf,cvs,arianne,arianne/stendhal/src/games/stendhal/server/actions/admin/BanAction.java,clean,java,IssueTrue,49959,346,43592,45,3,1,2,3,1,7,3,3,3,9,9,8,6,5,5,9,9,9,7,7,6,9,9,8,4,4,6,2,2,2,2,2,2,2,2,2,9,9,9,7,7,7,7,6,3,6,5,3,8,4,3,5,5,3,4,3,6,5,6,2,3,3
sf,cvs,arianne,arianne/stendhal/src/games/stendhal/server/actions/admin/DestroyAction.java,clean,java,IssueTrue,49959,346,43592,45,5,1,4,3,1,8,6,5,5,9,9,8,6,5,5,9,9,9,9,9,9,9,9,8,4,4,6,2,2,2,2,2,2,3,3,3,8,7,7,7,7,7,10,9,5,5,5,3,10,7,4,5,5,3,4,2,8,7,7,6,6,5
sf,cvs,arianne,arianne/stendhal/src/games/stendhal/server/actions/admin/GhostModeAction.java,clean,java,IssueTrue,49959,346,43592,45,2,2,1,3,5,5,2,2,2,9,9,8,6,5,5,9,9,9,6,5,5,9,9,8,4,4,6,2,2,2,2,2,2,3,3,3,8,7,7,7,7,7,5,4,3,5,4,3,6,3,3,3,5,3,4,2,4,4,4,9,7,5
sf,cvs,arianne,arianne/stendhal/src/games/stendhal/server/actions/admin/JailAction.java,buggy,java,IssueTrue,49959,346,43592,45,3,1,1,3,1,7,3,3,3,9,9,8,6,5,5,9,9,9,7,7,6,9,9,8,4,4,6,2,2,2,2,2,2,3,3,3,8,7,7,7,7,7,7,6,3,8,6,4,6,3,3,3,5,6,5,4,7,6,6,2,2,2
sf,cvs,arianne,arianne/stendhal/src/games/stendhal/server/actions/admin/SupportAnswerAction.java,clean,java,IssueTrue,49959,346,43592,45,4,2,3,3,5,8,6,5,5,9,9,8,6,5,5,9,9,9,7,6,6,9,9,8,4,4,6,2,2,2,2,2,2,3,3,3,8,7,7,7,7,7,10,9,5,7,5,3,8,5,3,9,5,7,9,8,7,8,8,8,8,9
sf,cvs,arianne,arianne/stendhal/src/games/stendhal/server/actions/admin/TeleportAction.java,clean,java,IssueTrue,49959,346,43592,45,4,1,3,3,1,8,3,3,3,9,9,8,6,5,5,9,9,9,8,8,8,9,9,8,4,4,6,2,2,2,2,2,2,3,3,3,8,7,7,7,7,7,8,6,3,9,7,4,9,6,4,3,5,4,4,3,8,6,6,4,3,3
sf,cvs,arianne,arianne/stendhal/src/games/stendhal/server/actions/chat/AnswerAction.java,clean,java,IssueTrue,49959,346,43592,45,2,1,1,2,6,7,2,2,2,5,5,5,2,2,2,9,9,9,2,3,3,5,5,5,4,4,6,2,2,2,1,1,1,2,2,2,8,7,7,7,7,7,8,5,3,9,5,3,6,2,2,3,5,3,4,2,4,4,4,4,3,3
sf,cvs,arianne,arianne/stendhal/src/games/stendhal/server/actions/chat/AskForSupportAction.java,clean,java,IssueTrue,49959,346,43592,45,3,2,2,2,5,9,3,3,3,5,5,5,2,2,2,9,9,9,8,7,7,5,5,5,6,6,7,2,2,2,1,1,1,2,2,2,8,7,7,7,7,7,10,7,3,8,5,3,10,5,3,8,5,4,5,4,6,6,7,4,5,5
sf,cvs,arianne,arianne/stendhal/src/games/stendhal/server/actions/chat/EmoteAction.java,clean,java,IssueTrue,49959,346,43592,45,2,2,1,2,8,5,2,2,2,5,5,5,2,2,2,9,9,9,7,6,6,5,5,5,4,4,6,2,2,2,1,1,1,2,2,2,8,7,7,7,7,7,8,5,3,6,4,3,10,4,3,3,5,4,4,3,6,5,5,6,5,4
sf,cvs,arianne,arianne/stendhal/src/games/stendhal/server/actions/chat/PublicChatAction.java,clean,java,IssueTrue,49959,346,43592,45,2,1,1,2,4,5,2,2,2,5,5,5,2,2,2,9,9,9,7,6,6,5,5,5,4,4,6,2,2,2,1,1,1,2,2,2,8,7,7,7,7,7,8,5,3,6,4,3,10,4,3,3,5,4,4,3,7,6,6,4,3,3
sf,cvs,arianne,arianne/stendhal/src/games/stendhal/server/actions/chat/TellAction.java,clean,java,IssueTrue,49959,346,43592,45,7,3,6,6,3,9,8,8,7,5,5,5,6,5,5,9,9,9,8,8,8,5,5,5,9,8,9,7,7,7,6,6,6,2,2,2,8,7,7,10,10,10,8,8,7,8,7,8,7,6,6,5,5,3,4,3,6,6,6,4,3,4
sf,cvs,arianne,arianne/stendhal/src/games/stendhal/server/actions/equip/DestinationObject.java,buggy,java,IssueTrue,49959,346,43592,45,8,9,7,5,8,10,9,8,8,9,9,8,5,4,5,9,9,9,9,8,8,9,9,8,8,7,8,7,6,6,6,5,6,7,6,6,8,7,7,9,8,8,9,9,7,8,6,7,9,7,7,5,8,9,8,6,4,4,4,2,3,3
sf,cvs,arianne,arianne/stendhal/src/games/stendhal/server/actions/equip/DisplaceAction.java,buggy,java,IssueTrue,49959,346,43592,45,6,10,5,6,10,7,7,7,6,5,5,5,6,5,5,9,9,9,8,8,7,5,5,5,4,4,6,7,6,7,6,6,6,3,3,3,8,7,7,10,10,10,7,6,6,8,6,8,6,3,6,9,8,9,10,9,5,6,6,8,8,8
sf,cvs,arianne,arianne/stendhal/src/games/stendhal/server/actions/equip/DropAction.java,clean,java,IssueTrue,49959,346,43592,45,3,1,2,3,2,8,5,4,4,9,9,8,2,2,2,9,9,9,7,6,6,9,9,8,4,4,6,2,2,2,2,2,2,2,2,2,9,9,9,7,7,7,9,8,4,6,5,3,9,5,3,3,8,7,5,4,4,4,4,6,5,4
sf,cvs,arianne,arianne/stendhal/src/games/stendhal/server/actions/equip/EquipAction.java,buggy,java,IssueTrue,49959,346,43592,45,4,2,3,3,6,7,4,4,3,9,9,8,2,2,2,9,9,9,7,7,6,9,9,8,4,4,6,2,2,2,2,2,2,2,2,2,9,9,9,7,7,7,9,7,4,5,5,3,9,6,4,7,8,5,6,5,7,7,7,2,3,4
sf,cvs,arianne,arianne/stendhal/src/games/stendhal/server/core/engine/GenerateINI.java,clean,java,IssueTrue,49959,346,43592,45,8,6,7,8,5,7,7,7,6,5,5,5,7,7,6,9,9,9,8,8,7,5,5,5,4,4,6,2,1,1,8,8,8,5,4,5,10,10,10,10,10,10,4,6,6,7,9,8,5,8,7,8,5,7,8,7,8,9,8,4,5,6
sf,cvs,arianne,arianne/stendhal/src/games/stendhal/server/core/engine/GenericRPClassGenerator.java,buggy,java,IssueTrue,49959,346,43592,45,3,2,3,4,3,7,5,5,4,5,5,5,3,3,3,9,9,9,4,4,4,5,5,5,6,6,7,5,4,4,3,3,4,2,2,2,8,7,7,10,9,9,8,6,5,6,5,4,7,3,4,6,5,8,9,7,5,5,5,5,6,5
sf,cvs,arianne,arianne/stendhal/src/games/stendhal/server/core/engine/ItemLogger.java,buggy,java,IssueTrue,49959,346,43592,45,7,8,7,8,7,8,9,8,8,5,5,5,8,7,7,9,9,9,9,8,8,5,5,5,4,4,6,9,9,9,8,8,9,8,7,8,8,7,7,10,10,10,6,6,7,9,9,9,5,3,7,7,5,8,8,7,6,6,6,10,9,9
sf,cvs,arianne,arianne/stendhal/src/games/stendhal/server/core/engine/RPClassGenerator.java,buggy,java,IssueTrue,49959,346,43592,45,6,2,6,3,2,5,2,2,2,5,5,5,3,3,3,9,9,9,9,9,9,5,5,5,4,4,6,4,3,4,2,2,3,2,2,2,8,7,7,9,9,9,4,4,3,7,5,4,9,6,4,6,5,6,6,5,4,4,4,2,2,2
sf,cvs,arianne,arianne/stendhal/src/games/stendhal/server/core/engine/SingletonRepository.java,clean,java,IssueTrue,49959,346,43592,45,5,3,4,8,6,5,7,6,6,5,5,5,7,7,7,9,9,9,7,6,6,5,5,5,4,4,6,2,1,1,8,8,8,9,9,9,8,7,7,7,7,7,3,4,6,10,10,10,2,1,5,6,5,3,4,2,7,6,7,2,3,3
sf,cvs,arianne,arianne/stendhal/src/games/stendhal/server/core/engine/StendhalPlayerDatabase.java,clean,java,IssueTrue,49959,346,43592,45,9,9,9,9,5,9,7,9,9,5,9,10,8,10,10,9,9,9,8,10,10,5,9,10,6,7,8,6,8,9,6,8,9,6,7,9,8,9,9,9,10,10,7,6,9,8,7,9,8,8,9,7,10,9,9,8,7,7,7,8,8,8
sf,cvs,arianne,arianne/stendhal/src/games/stendhal/server/core/engine/StendhalRPObjectFactory.java,buggy,java,IssueTrue,49959,346,43592,45,4,2,3,3,6,5,3,3,3,9,9,8,5,4,4,9,9,9,8,7,7,9,9,8,6,6,7,3,3,3,2,2,3,5,3,4,8,7,7,7,7,7,6,5,3,4,4,3,6,2,3,9,5,4,5,5,4,4,4,2,5,4
sf,cvs,arianne,arianne/stendhal/src/games/stendhal/server/core/engine/StendhalRPRuleProcessor.java,buggy,java,IssueTrue,49959,346,43592,45,9,10,9,10,7,10,6,10,10,5,5,10,5,9,10,9,9,9,6,10,10,5,5,10,6,9,9,6,10,10,5,10,10,6,9,10,9,10,10,7,10,10,6,7,9,7,10,10,5,5,9,9,8,9,10,9,7,7,8,7,8,8
sf,cvs,arianne,arianne/stendhal/src/games/stendhal/server/core/engine/StendhalRPWorld.java,buggy,java,IssueTrue,49959,346,43592,45,7,9,6,7,9,7,8,8,7,9,9,8,9,9,9,9,9,9,9,9,8,9,9,8,6,6,7,8,7,8,7,7,8,8,7,7,10,10,10,9,8,8,7,7,7,7,10,8,4,3,6,9,10,6,6,7,10,10,10,7,7,8
sf,cvs,arianne,arianne/stendhal/src/games/stendhal/server/core/engine/StendhalRPZone.java,buggy,java,IssueTrue,49959,346,43592,45,10,10,10,10,9,9,10,10,10,9,9,8,10,10,10,10,10,10,10,10,10,9,9,8,10,10,10,10,10,10,10,10,10,10,10,10,10,9,9,10,10,10,7,9,10,8,10,10,4,6,10,7,8,9,8,8,7,7,7,7,7,7
sf,cvs,arianne,arianne/stendhal/src/games/stendhal/server/core/engine/transformer/OfferTransformer.java,clean,java,IssueTrue,49959,346,43592,45,1,1,1,2,1,3,1,1,1,5,5,5,2,2,2,9,9,9,2,2,2,5,5,5,4,4,6,2,2,2,1,1,1,2,2,2,8,7,7,7,7,7,3,3,2,2,2,2,2,1,2,3,5,3,4,2,4,4,4,4,3,3
sf,cvs,arianne,arianne/stendhal/src/games/stendhal/server/core/engine/transformer/PlayerTransformer.java,buggy,java,IssueTrue,49959,346,43592,45,9,9,8,6,7,10,9,9,9,5,5,5,6,5,5,9,9,9,10,10,9,5,5,5,4,4,6,8,7,7,7,7,7,5,3,4,9,9,9,10,10,10,10,9,9,8,7,8,9,8,8,5,5,8,7,5,6,6,6,4,5,4
sf,cvs,arianne,arianne/stendhal/src/games/stendhal/server/core/events/TutorialEventType.java,clean,java,IssueTrue,49959,346,43592,45,3,3,1,3,8,3,1,1,1,1,1,2,1,1,1,9,9,9,1,1,1,1,1,2,4,4,6,2,1,1,1,1,1,1,1,1,8,7,7,7,7,7,3,3,3,2,3,3,2,1,2,9,5,3,5,3,4,4,4,4,5,6
sf,cvs,arianne,arianne/stendhal/src/games/stendhal/server/core/events/TutorialNotifier.java,clean,java,IssueTrue,49959,346,43592,45,5,9,4,6,10,7,8,7,7,5,5,5,6,5,5,9,9,9,6,5,5,5,5,5,4,4,6,2,1,1,6,6,6,8,7,7,8,7,7,9,8,8,8,8,7,9,8,8,2,2,4,8,5,3,5,3,4,4,4,4,3,5
sf,cvs,arianne,arianne/stendhal/src/games/stendhal/server/core/rp/StendhalQuestSystem.java,buggy,java,IssueTrue,49959,346,43592,45,8,3,8,5,2,7,7,6,6,5,5,5,5,4,5,9,9,9,10,9,9,5,5,5,7,7,7,6,5,6,6,5,6,5,4,5,8,7,7,10,10,10,7,6,6,6,6,6,5,2,5,9,8,10,10,10,10,10,10,7,9,8
sf,cvs,arianne,arianne/stendhal/src/games/stendhal/server/core/rp/StendhalRPAction.java,buggy,java,IssueTrue,49959,346,43592,45,9,10,9,6,9,8,10,10,9,5,5,5,6,5,5,9,9,9,9,9,9,5,5,5,4,4,6,2,1,1,7,7,7,7,6,6,8,7,7,10,10,10,10,10,9,9,9,8,9,8,8,8,8,10,10,9,10,10,9,9,9,9
sf,cvs,arianne,arianne/stendhal/src/games/stendhal/server/entity/Entity.java,buggy,java,IssueTrue,49959,346,43592,45,9,10,9,10,10,8,10,10,9,10,10,9,10,10,10,10,10,10,8,8,8,10,10,9,10,9,9,10,10,10,10,10,10,10,10,10,9,9,9,7,7,7,6,8,9,8,9,10,4,3,8,7,8,9,9,8,9,9,9,5,6,6
sf,cvs,arianne,arianne/stendhal/src/games/stendhal/server/entity/RPEntity.java,buggy,java,IssueTrue,49959,346,43592,45,10,10,10,10,9,10,10,10,10,9,9,8,10,10,10,10,10,10,10,10,10,9,9,8,10,10,10,10,10,10,10,10,10,10,10,10,10,10,10,10,10,10,7,9,10,9,10,10,5,5,10,10,8,9,10,10,8,8,9,10,10,10
sf,cvs,arianne,arianne/stendhal/src/games/stendhal/server/entity/creature/Creature.java,buggy,java,IssueTrue,49959,346,43592,45,9,10,9,10,8,8,10,10,10,9,9,8,9,9,9,10,10,10,10,10,9,9,9,8,10,10,10,10,10,10,10,10,10,10,10,10,10,9,9,10,9,9,7,8,9,6,9,9,6,9,9,6,5,10,9,8,10,9,9,8,8,7
sf,cvs,arianne,arianne/stendhal/src/games/stendhal/server/entity/creature/ItemGuardCreature.java,clean,java,IssueTrue,49959,346,43592,45,3,7,2,4,10,7,4,3,3,10,10,9,9,9,9,9,9,9,7,7,6,10,10,9,7,7,7,5,4,4,3,3,4,5,4,5,8,7,7,7,7,7,6,5,4,7,7,5,7,4,4,3,5,3,4,2,4,4,4,4,3,3
sf,cvs,arianne,arianne/stendhal/src/games/stendhal/server/entity/creature/Pet.java,clean,java,IssueTrue,49959,346,43592,45,8,9,7,7,8,9,9,8,8,9,9,8,7,6,6,9,9,9,7,7,6,9,9,8,10,9,9,8,8,8,7,7,8,7,6,6,9,9,9,10,10,10,8,9,8,7,7,8,6,7,6,6,8,8,8,6,9,8,8,8,8,7
sf,cvs,arianne,arianne/stendhal/src/games/stendhal/server/entity/creature/Sheep.java,clean,java,IssueTrue,49959,346,43592,45,8,10,8,8,9,8,7,8,8,6,9,9,5,6,8,9,9,9,6,8,8,6,9,9,6,7,8,6,8,8,6,8,8,5,6,7,10,10,10,7,8,8,8,7,8,7,7,8,8,5,8,5,8,3,4,2,7,6,6,7,6,5
sf,cvs,arianne,arianne/stendhal/src/games/stendhal/server/entity/item/Corpse.java,clean,java,IssueTrue,49959,346,43592,45,8,9,7,9,9,7,7,8,8,6,9,9,6,8,8,9,9,9,6,8,8,6,9,9,6,7,7,8,9,9,7,9,9,8,9,9,8,9,9,9,9,9,6,6,8,5,7,8,5,7,7,7,5,8,8,7,9,9,8,7,6,7
sf,cvs,arianne,arianne/stendhal/src/games/stendhal/server/entity/item/HouseKey.java,clean,java,IssueTrue,49959,346,43592,45,4,5,2,5,9,5,4,4,3,10,10,9,9,9,9,10,10,10,5,5,4,10,10,9,4,4,6,6,5,5,5,4,5,6,5,5,8,7,7,9,8,8,4,4,4,8,8,6,4,2,4,6,5,8,8,6,5,5,6,7,8,6
sf,cvs,arianne,arianne/stendhal/src/games/stendhal/server/entity/item/Item.java,clean,java,IssueTrue,49959,346,43592,45,9,10,8,9,10,7,10,9,9,9,9,8,9,9,8,10,10,10,9,9,8,9,9,8,7,7,7,10,10,10,10,10,10,10,10,10,8,7,7,9,8,8,6,8,9,9,10,10,4,3,8,8,5,9,10,8,10,9,9,7,8,8
sf,cvs,arianne,arianne/stendhal/src/games/stendhal/server/entity/item/MasterKey.java,buggy,java,IssueTrue,49959,346,43592,45,2,2,1,4,8,3,2,2,2,10,10,10,9,9,9,9,9,9,2,3,3,10,10,10,4,4,6,5,4,4,3,3,4,5,4,5,8,7,7,7,7,7,3,3,3,2,5,3,2,1,2,5,5,8,6,6,4,4,4,2,3,3
sf,cvs,arianne,arianne/stendhal/src/games/stendhal/server/entity/item/WeddingRing.java,buggy,java,IssueTrue,49959,346,43592,45,6,8,5,4,9,7,7,6,5,9,9,8,4,4,4,9,9,9,8,7,7,9,9,8,4,4,6,5,4,5,4,4,4,5,4,5,8,7,7,9,8,8,9,8,6,3,5,4,7,6,4,5,8,8,6,6,4,4,4,4,3,4
sf,cvs,arianne,arianne/stendhal/src/games/stendhal/server/entity/mapstuff/area/MessagingArea.java,buggy,java,IssueTrue,49959,346,43592,45,3,5,2,5,9,5,5,4,4,9,9,8,4,4,4,9,9,9,4,3,3,9,9,8,8,7,8,6,5,5,5,4,5,6,6,6,8,7,7,7,7,7,5,4,4,4,5,4,3,2,3,6,5,4,5,3,4,4,4,8,7,7
sf,cvs,arianne,arianne/stendhal/src/games/stendhal/server/entity/mapstuff/chest/StoredChest.java,clean,java,IssueTrue,49959,346,43592,45,6,5,5,3,7,10,7,6,5,9,9,8,3,3,3,9,9,9,8,7,7,9,9,8,4,4,6,4,3,4,2,2,3,3,3,3,8,7,7,9,8,8,10,9,6,5,5,4,9,7,4,3,5,3,4,2,4,4,4,6,5,4
sf,cvs,arianne,arianne/stendhal/src/games/stendhal/server/entity/mapstuff/portal/HousePortal.java,buggy,java,IssueTrue,49959,346,43592,45,6,9,6,8,9,8,8,7,6,9,9,8,7,7,6,9,9,9,8,7,7,9,9,8,4,4,6,9,8,8,8,8,8,9,8,8,9,9,9,9,8,8,5,6,6,9,9,9,4,3,6,10,9,7,8,8,4,4,4,8,8,9
sf,cvs,arianne,arianne/stendhal/src/games/stendhal/server/entity/mapstuff/portal/Portal.java,buggy,java,IssueTrue,49959,346,43592,45,6,9,6,7,9,7,7,7,6,10,10,10,10,10,10,9,9,9,8,7,7,10,10,10,8,8,8,8,8,8,7,7,8,8,8,8,9,9,9,7,7,7,5,7,6,7,7,8,4,5,6,7,8,6,6,6,5,6,6,8,8,7
sf,cvs,arianne,arianne/stendhal/src/games/stendhal/server/entity/mapstuff/sign/Attic/TradeCenterSign.java,clean,java,IssueTrue,49959,346,43592,45,2,1,1,3,2,3,2,2,2,9,9,8,3,3,3,9,9,9,2,2,2,9,9,8,4,4,6,4,3,4,2,2,3,5,3,4,8,7,7,7,7,7,3,3,3,1,2,2,4,2,3,3,5,3,4,2,6,5,5,6,5,4
sf,cvs,arianne,arianne/stendhal/src/games/stendhal/server/entity/mapstuff/source/FishSource.java,clean,java,IssueTrue,49959,346,43592,45,4,9,3,5,10,5,5,5,4,9,9,8,5,4,5,9,9,9,7,6,6,9,9,8,6,6,7,6,5,6,6,5,6,3,3,3,10,10,10,9,8,8,4,4,5,3,4,4,4,2,4,3,5,3,4,2,4,4,4,6,5,4
sf,cvs,arianne,arianne/stendhal/src/games/stendhal/server/entity/mapstuff/source/WellSource.java,clean,java,IssueTrue,49959,346,43592,45,4,9,3,5,10,7,5,5,4,9,9,8,5,4,4,9,9,9,6,6,5,9,9,8,4,4,6,6,5,5,5,5,5,3,3,3,10,10,10,7,7,7,5,6,5,2,4,4,5,4,4,3,5,3,4,2,4,4,4,6,5,4
sf,cvs,arianne,arianne/stendhal/src/games/stendhal/server/entity/npc/ShopList.java,clean,java,IssueTrue,49959,346,43592,45,9,8,9,4,5,5,4,4,3,5,5,5,4,4,4,9,9,9,6,6,5,5,5,5,7,7,7,5,4,4,4,4,4,5,4,5,8,7,7,9,8,8,5,4,4,5,5,4,5,3,4,3,8,6,5,4,4,4,4,2,2,2
sf,cvs,arianne,arianne/stendhal/src/games/stendhal/server/entity/npc/SpeakerNPC.java,clean,java,IssueTrue,49959,346,43592,45,9,10,8,10,10,8,6,10,9,5,9,10,6,9,10,10,10,10,5,8,10,5,9,10,6,9,9,7,10,10,6,10,10,7,10,10,9,10,10,7,10,10,5,9,9,10,10,10,3,6,8,3,8,9,7,6,4,4,4,10,9,8
sf,cvs,arianne,arianne/stendhal/src/games/stendhal/server/entity/npc/behaviour/adder/BuyerAdder.java,buggy,java,IssueTrue,49959,346,43592,45,6,1,3,3,1,8,2,4,4,5,5,9,2,2,8,9,9,9,4,5,8,5,5,9,4,4,6,2,2,4,1,1,3,2,2,4,8,7,7,7,7,7,9,8,5,8,5,5,9,6,4,5,9,6,5,4,4,4,4,8,7,6
sf,cvs,arianne,arianne/stendhal/src/games/stendhal/server/entity/npc/behaviour/adder/SellerAdder.java,buggy,java,IssueTrue,49959,346,43592,45,6,1,3,4,1,9,2,3,4,5,5,9,2,2,8,9,9,9,4,5,8,5,5,9,4,4,6,2,3,4,1,2,4,2,3,5,8,7,7,7,7,7,8,7,5,7,5,5,7,5,4,5,9,6,6,5,4,4,4,6,6,5
sf,cvs,arianne,arianne/stendhal/src/games/stendhal/server/entity/npc/parser/Sentence.java,buggy,java,IssueTrue,49959,346,43592,45,9,10,9,10,10,8,10,10,10,9,9,8,9,9,9,9,9,9,7,6,6,9,9,8,8,8,8,10,10,10,10,10,10,10,10,10,10,10,10,10,10,10,7,8,10,4,7,9,4,4,9,6,5,4,5,4,5,6,6,6,6,6
sf,cvs,arianne,arianne/stendhal/src/games/stendhal/server/entity/player/GagManager.java,clean,java,IssueTrue,49959,346,43592,45,6,9,5,7,9,5,5,7,6,5,5,8,4,5,8,9,9,9,5,6,7,5,5,8,4,4,6,5,6,7,5,7,7,5,6,7,8,7,7,9,9,9,6,5,6,8,9,8,5,3,6,3,5,3,4,2,6,5,5,2,2,2
sf,cvs,arianne,arianne/stendhal/src/games/stendhal/server/entity/player/Jail.java,clean,java,IssueTrue,49959,346,43592,45,8,8,7,8,7,8,5,7,8,5,5,10,4,6,9,9,9,9,6,9,10,5,5,10,6,7,8,5,7,9,4,7,9,5,6,9,8,9,9,7,9,9,6,6,8,7,8,9,5,4,7,5,5,9,8,6,9,8,8,8,8,6
sf,cvs,arianne,arianne/stendhal/src/games/stendhal/server/entity/player/Player.java,buggy,java,IssueTrue,49959,346,43592,45,10,10,10,10,10,10,10,10,10,10,10,9,10,10,10,10,10,10,10,10,10,10,10,9,10,10,10,10,10,10,10,10,10,10,10,10,10,10,10,9,8,8,6,9,10,9,10,10,4,6,10,10,9,7,8,7,10,10,10,9,10,10
sf,cvs,arianne,arianne/stendhal/src/games/stendhal/server/entity/player/PlayerDieer.java,clean,java,IssueTrue,49959,346,43592,45,8,7,7,5,6,10,8,8,7,5,5,5,5,4,5,9,9,9,10,10,9,5,5,5,8,7,8,7,6,6,6,5,6,3,3,3,9,9,9,10,10,10,9,8,7,7,7,6,9,9,7,5,5,9,8,6,4,4,4,10,9,8
sf,cvs,arianne,arianne/stendhal/src/games/stendhal/server/entity/player/PlayerQuests.java,clean,java,IssueTrue,49959,346,43592,45,4,8,3,5,10,8,6,5,5,5,5,5,5,4,5,9,9,9,6,6,5,5,5,5,6,6,7,7,6,6,6,5,6,7,6,7,8,7,7,7,7,7,6,6,5,6,5,6,4,2,4,3,5,3,4,2,6,5,5,6,5,4
sf,cvs,arianne,arianne/stendhal/src/games/stendhal/server/entity/player/PlayerRPClass.java,buggy,java,IssueTrue,49959,346,43592,45,4,6,4,2,9,3,1,1,1,5,5,5,2,2,2,9,9,9,4,4,4,5,5,5,4,4,6,2,1,1,1,1,1,1,1,1,8,7,7,7,7,7,3,3,2,10,9,5,7,2,2,9,8,5,6,6,10,10,10,6,6,8
sf,cvs,arianne,arianne/stendhal/src/games/stendhal/server/entity/player/UpdateConverter.java,clean,java,IssueTrue,49959,346,43592,45,8,9,8,5,7,10,9,9,8,5,5,5,4,4,4,9,9,9,9,8,8,5,5,5,4,4,6,2,1,1,5,4,5,5,4,5,8,7,7,9,8,8,10,9,8,7,7,6,9,5,6,3,5,3,4,2,4,4,4,4,3,3
sf,cvs,arianne,arianne/stendhal/src/games/stendhal/server/maps/ados/outside/AnimalKeeperNPC.java,buggy,java,IssueTrue,49959,346,43592,45,6,7,6,6,7,7,2,2,4,5,9,10,2,3,10,9,9,9,4,7,10,5,9,10,4,6,7,2,3,7,1,2,6,2,3,6,8,9,9,7,8,8,4,5,5,3,4,5,4,4,5,6,8,5,5,4,5,6,6,4,5,4
sf,cvs,arianne,arianne/stendhal/src/games/stendhal/server/maps/ados/rosshouse/FatherNPC.java,clean,java,IssueTrue,49959,346,43592,45,3,2,2,4,7,3,2,2,2,5,5,8,2,2,6,9,9,9,2,3,4,5,5,8,4,4,6,3,3,4,2,2,4,1,2,2,9,9,9,7,8,8,3,3,3,2,3,3,4,2,3,3,5,3,4,2,4,4,4,4,3,3
sf,cvs,arianne,arianne/stendhal/src/games/stendhal/server/maps/ados/rosshouse/LittleGirlNPC.java,buggy,java,IssueTrue,49959,346,43592,45,6,3,4,4,3,3,2,2,2,5,5,8,2,2,6,9,9,9,4,3,5,5,5,8,4,4,6,3,3,4,2,2,4,1,2,2,9,9,9,7,8,8,3,3,3,2,3,3,6,3,4,5,5,3,4,2,5,5,5,2,3,3
sf,cvs,arianne,arianne/stendhal/src/games/stendhal/server/maps/deathmatch/CreatureSpawner.java,buggy,java,IssueTrue,49959,346,43592,45,6,7,5,5,8,9,7,7,6,5,5,5,5,4,5,9,9,9,8,7,7,5,5,5,7,7,7,7,6,6,6,5,6,5,4,5,8,7,7,7,7,7,8,6,6,5,7,6,6,4,5,9,8,3,5,4,6,8,7,4,5,6
sf,cvs,arianne,arianne/stendhal/src/games/stendhal/server/maps/magic/house1/ChallengerNPC.java,buggy,java,IssueTrue,49959,346,43592,45,7,5,6,5,5,7,2,3,5,5,9,10,2,3,9,9,9,9,7,9,10,5,9,10,4,4,6,2,4,6,1,3,5,2,4,6,8,7,7,7,7,7,6,6,5,6,8,6,8,8,5,10,8,7,8,8,6,7,8,9,9,9
sf,cvs,arianne,arianne/stendhal/src/games/stendhal/server/maps/quests/AmazonPrincess.java,buggy,java,IssueTrue,49959,346,43592,45,7,7,4,5,7,5,2,3,3,5,9,10,2,4,8,9,9,9,5,5,8,5,9,10,4,4,6,3,4,6,2,4,5,2,3,5,8,7,7,7,9,9,4,4,4,4,5,5,4,2,4,3,5,7,5,4,8,6,6,2,2,2
sf,cvs,arianne,arianne/stendhal/src/games/stendhal/server/maps/quests/CloaksForBario.java,buggy,java,IssueTrue,49959,346,43592,45,7,7,5,6,7,7,2,3,5,5,9,10,2,4,9,9,9,9,4,6,9,5,9,10,4,4,6,3,5,7,2,4,6,2,3,6,8,7,7,7,9,9,5,5,5,3,4,5,5,5,5,5,5,5,5,4,6,6,6,4,3,4
sf,cvs,arianne,arianne/stendhal/src/games/stendhal/server/maps/quests/DailyMonsterQuest.java,buggy,java,IssueTrue,49959,346,43592,45,9,8,9,7,5,8,6,8,9,5,9,10,3,4,9,9,9,9,7,8,10,5,9,10,4,7,7,4,6,8,3,5,8,4,4,7,8,7,7,9,10,10,9,9,8,4,7,7,7,5,7,9,5,8,9,8,7,6,7,2,3,4
sf,cvs,arianne,arianne/stendhal/src/games/stendhal/server/maps/quests/HungryJoshua.java,buggy,java,IssueTrue,49959,346,43592,45,8,7,5,5,6,5,4,5,5,6,9,9,3,4,7,9,9,9,6,6,8,6,9,9,4,4,6,5,5,6,3,5,6,4,4,5,8,7,7,9,9,9,6,7,5,3,4,5,4,3,4,5,5,5,5,4,8,6,7,4,3,4
sf,cvs,arianne,arianne/stendhal/src/games/stendhal/server/maps/quests/KanmararnSoldiers.java,buggy,java,IssueTrue,49959,346,43592,45,9,9,8,7,7,8,3,5,7,5,9,10,2,4,10,9,9,9,6,8,10,5,9,10,4,7,8,3,5,8,2,4,8,2,3,8,8,7,7,7,9,10,7,8,7,4,5,7,8,5,8,5,5,5,5,4,6,6,6,5,5,4
sf,cvs,arianne,arianne/stendhal/src/games/stendhal/server/maps/quests/LearnAboutKarma.java,buggy,java,IssueTrue,49959,346,43592,45,5,7,3,5,8,5,2,3,3,6,9,9,3,4,7,9,9,9,4,5,6,6,9,9,4,4,6,4,4,5,2,4,5,4,4,5,8,7,7,7,8,8,4,5,4,2,3,3,3,2,3,5,5,5,5,4,6,6,6,7,7,6
sf,cvs,arianne,arianne/stendhal/src/games/stendhal/server/maps/quests/LookBookforCeryl.java,buggy,java,IssueTrue,49959,346,43592,45,7,5,5,5,5,5,6,5,5,9,9,8,5,4,4,9,9,9,6,6,5,9,9,8,4,4,6,6,5,6,5,5,5,5,4,5,8,7,7,10,9,9,6,7,5,4,6,5,4,3,4,3,5,7,5,4,8,6,6,4,3,3
sf,cvs,arianne,arianne/stendhal/src/games/stendhal/server/maps/quests/ReverseArrow.java,buggy,java,IssueTrue,49959,346,43592,45,9,10,8,9,8,8,3,7,8,5,9,10,3,6,10,9,9,9,4,9,10,5,9,10,6,9,10,4,8,9,2,7,9,2,6,8,8,9,10,7,10,10,6,6,8,5,7,8,6,5,8,6,5,4,5,4,5,5,5,2,3,4
sf,cvs,arianne,arianne/stendhal/src/games/stendhal/server/maps/quests/SevenCherubs.java,clean,java,IssueTrue,49959,346,43592,45,7,7,6,6,7,9,3,5,6,9,10,10,7,9,10,9,9,9,6,7,9,9,10,10,4,4,6,4,4,7,2,4,6,4,5,6,8,9,9,7,7,7,7,7,6,3,5,5,6,6,6,3,5,7,5,4,4,4,4,2,2,2
sf,cvs,arianne,arianne/stendhal/src/games/stendhal/server/maps/quests/houses/BuyHouseChatAction.java,buggy,java,IssueTrue,49959,346,43592,45,5,3,4,3,5,8,4,3,3,9,9,8,3,3,3,9,9,9,8,8,7,9,9,8,6,6,7,3,3,3,2,2,3,2,2,2,8,7,7,9,8,8,7,6,4,7,6,4,9,7,4,3,5,10,8,6,6,5,5,9,7,5
sf,cvs,arianne,arianne/stendhal/src/games/stendhal/server/maps/quests/houses/HouseBuyingMain.java,clean,java,IssueTrue,49959,346,43592,45,4,5,4,5,8,9,5,4,4,5,5,5,4,4,4,9,9,9,8,8,7,5,5,5,8,8,8,6,5,5,5,4,5,3,3,3,8,7,7,10,10,10,5,6,4,6,5,5,6,5,4,10,10,10,10,10,10,10,10,10,10,10
sf,cvs,arianne,arianne/stendhal/src/games/stendhal/server/maps/quests/houses/HouseTax.java,clean,java,IssueTrue,49959,346,43592,45,7,9,6,7,8,9,3,6,6,5,5,10,3,5,9,9,9,9,6,8,10,5,5,10,4,6,7,4,7,8,2,6,7,2,3,5,8,9,9,9,10,10,6,7,6,6,7,7,6,4,6,10,10,7,9,8,5,6,7,9,9,10
sf,cvs,arianne,arianne/stendhal/src/games/stendhal/server/maps/quests/houses/HouseUtilities.java,buggy,java,IssueTrue,49959,346,43592,45,6,7,5,6,8,10,6,7,6,5,5,8,3,4,7,9,9,9,6,8,8,5,5,8,4,4,6,2,2,3,3,5,6,1,2,2,10,10,10,9,9,9,8,7,7,6,7,6,6,4,6,9,5,8,9,8,5,7,7,7,8,8
sf,cvs,arianne,arianne/stendhal/src/games/stendhal/server/maps/semos/city/SignLessorNPC.java,buggy,java,IssueTrue,49959,346,43592,45,7,2,5,5,2,7,2,3,5,5,9,10,2,2,9,9,9,9,6,7,10,5,9,10,4,7,7,3,3,6,2,2,6,3,3,7,8,7,7,7,7,7,6,6,5,4,5,5,7,5,5,6,5,3,4,3,5,5,5,4,5,4
sf,cvs,arianne,arianne/stendhal/src/games/stendhal/server/script/DeepInspect.java,clean,java,IssueTrue,49959,346,43592,45,3,2,2,2,7,7,3,3,3,9,9,8,2,2,2,9,9,9,7,7,6,9,9,8,4,4,6,2,2,2,1,1,1,2,2,2,8,7,7,7,7,7,10,7,3,4,3,2,10,5,3,3,5,3,4,2,4,4,4,6,5,4
sf,cvs,arianne,arianne/stendhal/src/games/stendhal/server/script/DropPlayerItems.java,clean,java,IssueTrue,49959,346,43592,45,4,2,2,2,5,7,4,3,3,9,9,8,2,2,2,9,9,9,7,7,6,9,9,8,4,4,6,2,2,2,1,1,1,2,2,2,8,7,7,7,7,7,10,7,4,4,3,2,10,5,3,3,8,9,7,6,7,6,6,9,8,6
sf,cvs,arianne,arianne/stendhal/src/games/stendhal/server/trade/Attic/Earning.java,clean,java,IssueTrue,49959,346,43592,45,3,2,2,4,8,3,3,3,3,10,10,9,10,10,10,9,9,9,4,4,4,10,10,9,7,7,7,5,4,4,4,4,4,6,5,5,8,7,7,7,7,7,3,3,3,5,5,4,5,3,4,3,5,3,4,2,4,4,4,9,7,6
sf,cvs,arianne,arianne/stendhal/src/games/stendhal/server/trade/Attic/Offer.java,buggy,java,IssueTrue,49959,346,43592,45,4,1,3,5,2,3,4,4,3,10,10,9,10,10,10,9,9,9,6,6,5,10,10,9,8,7,8,6,5,6,6,5,6,7,6,7,8,7,7,7,7,7,3,3,4,6,7,6,5,4,4,8,5,7,9,7,7,6,7,6,8,7
sf,cvs,arianne,arianne/stendhal/src/games/stendhal/server/trade/Attic/Shop.java,buggy,java,IssueTrue,49959,346,43592,45,4,1,3,4,1,8,5,5,4,5,5,5,4,4,4,9,9,9,9,9,8,5,5,5,7,7,7,5,4,5,4,4,4,5,4,5,8,7,7,9,8,8,7,6,5,9,7,6,8,4,5,9,5,7,7,7,6,7,7,7,7,8
sf,cvs,arianne,arianne/stendhal/src/games/stendhal/tools/BalanceRPGame.java,clean,java,IssueTrue,49959,346,43592,45,8,4,8,6,3,8,6,8,8,5,5,9,3,4,8,9,9,9,6,9,9,5,5,9,4,6,7,2,3,4,2,5,6,2,3,5,8,7,7,9,10,10,9,9,8,7,7,7,9,9,7,6,5,3,4,3,8,8,7,7,7,6
sf,cvs,arianne,arianne/stendhal/src/games/stendhal/tools/playerUpdate/UpdatePlayerEntities.java,clean,java,IssueTrue,49959,346,43592,45,4,2,3,5,4,7,5,4,4,5,5,5,5,4,4,9,9,9,9,8,8,5,5,5,6,6,7,6,5,5,5,5,5,3,3,3,8,7,7,9,9,9,5,6,4,4,5,5,4,2,4,9,8,7,8,7,5,6,6,9,10,10
sf,cvs,arianne,arianne/stendhal/src/games/stendhal/tools/updateprop/UpdatePropUpdater.java,buggy,java,IssueTrue,49959,346,43592,45,4,3,4,6,7,5,5,5,4,5,5,5,5,5,5,9,9,9,8,7,7,5,5,5,9,8,9,7,6,6,6,6,6,5,3,4,8,7,7,10,10,10,4,4,5,6,5,6,4,3,4,3,5,3,4,2,4,4,4,6,5,4
sf,cvs,arianne,arianne/stendhal/tests/games/stendhal/client/gui/FormatTextParserTest.java,clean,java,IssueTrue,49959,346,43592,45,2,1,1,4,1,3,3,3,3,5,5,5,4,4,4,9,9,9,2,2,2,5,5,5,4,4,6,4,3,4,4,4,4,6,5,5,8,7,7,7,7,7,3,3,3,1,2,2,1,1,2,3,8,3,4,2,7,6,6,2,2,2
sf,cvs,arianne,arianne/stendhal/tests/games/stendhal/client/gui/bag/PopupMenuListenerTest.java,clean,java,IssueTrue,49959,346,43592,45,5,1,4,6,1,3,2,4,4,6,9,9,3,4,7,9,9,9,3,3,5,6,9,9,4,6,7,4,5,6,3,5,6,5,6,7,8,9,9,7,7,7,3,3,4,2,2,3,4,3,5,3,5,3,4,2,4,4,4,10,8,7
sf,cvs,arianne,arianne/stendhal/tests/games/stendhal/client/gui/tradingcenter/Attic/OrderPanelTest.java,buggy,java,IssueTrue,49959,346,43592,45,2,1,1,2,1,3,1,1,1,5,5,5,2,2,2,9,9,9,6,5,5,5,5,5,4,4,6,2,1,1,1,1,1,2,2,2,8,7,7,7,7,7,3,3,2,6,4,3,10,4,3,3,5,3,4,2,4,4,4,10,8,7
sf,cvs,arianne,arianne/stendhal/tests/games/stendhal/server/actions/AdministrationActionTest.java,buggy,java,IssueTrue,49959,346,43592,45,10,2,10,9,1,3,5,7,7,5,5,9,6,8,9,9,9,9,4,7,8,5,5,9,4,4,6,7,9,10,6,9,10,8,10,10,8,7,7,7,7,7,3,3,7,1,2,2,9,6,10,6,5,3,4,2,4,4,4,4,3,4
sf,cvs,arianne,arianne/stendhal/tests/games/stendhal/server/actions/OutfitActionTest.java,clean,java,IssueTrue,49959,346,43592,45,3,1,2,4,1,3,2,2,2,5,5,5,3,3,3,9,9,9,4,4,4,5,5,5,4,4,6,4,3,4,3,3,4,5,4,5,8,7,7,7,7,7,3,3,3,1,2,2,4,3,3,3,5,3,4,2,6,5,5,2,2,2
sf,cvs,arianne,arianne/stendhal/tests/games/stendhal/server/actions/PlayersQueryTest.java,clean,java,IssueTrue,49959,346,43592,45,7,1,7,6,1,3,3,4,4,5,5,8,4,5,7,9,9,9,4,6,7,5,5,8,6,7,7,5,6,7,4,6,7,6,7,8,8,7,7,7,7,7,3,3,5,2,4,5,8,5,7,6,5,4,5,4,7,7,7,9,9,8
sf,cvs,arianne,arianne/stendhal/tests/games/stendhal/server/actions/admin/AlterActionTest.java,clean,java,IssueTrue,49959,346,43592,45,8,1,9,7,1,3,6,5,5,5,5,5,7,6,6,9,9,9,6,6,5,5,5,5,4,4,6,8,8,8,8,8,8,9,8,9,8,7,7,7,7,7,3,3,5,2,7,4,9,5,8,3,5,7,5,4,4,4,4,8,6,5
sf,cvs,arianne,arianne/stendhal/tests/games/stendhal/server/actions/admin/GhostModeActionTest.java,clean,java,IssueTrue,49959,346,43592,45,3,1,3,3,1,3,2,2,2,5,5,5,2,2,2,9,9,9,4,3,3,5,5,5,4,4,6,2,2,2,2,2,2,3,3,3,8,7,7,7,7,7,3,3,2,1,2,2,8,5,3,3,5,3,4,2,4,4,4,4,3,3
sf,cvs,arianne,arianne/stendhal/tests/games/stendhal/server/actions/pet/NameActionTest.java,clean,java,IssueTrue,49959,346,43592,45,6,1,6,6,1,3,5,4,4,5,5,5,6,5,5,9,9,9,4,3,3,5,5,5,4,4,6,7,6,6,6,6,6,8,7,7,8,7,7,7,7,7,3,3,4,1,2,2,8,5,6,3,5,4,4,3,4,4,4,2,2,2
sf,cvs,arianne,arianne/stendhal/tests/games/stendhal/server/core/engine/GenericRPClassGeneratorTest.java,buggy,java,IssueTrue,49959,346,43592,45,3,1,2,3,1,3,2,2,2,5,5,5,3,3,3,9,9,9,4,4,4,5,5,5,4,4,6,4,3,4,2,2,3,5,3,4,8,7,7,7,7,7,3,3,3,2,3,2,4,3,3,7,5,7,6,6,8,7,7,4,6,5
sf,cvs,arianne,arianne/stendhal/tests/games/stendhal/server/entity/RPEntityTest.java,buggy,java,IssueTrue,49959,346,43592,45,9,4,9,10,2,3,2,6,8,5,10,10,6,10,10,9,10,10,2,7,10,5,10,10,4,4,6,4,8,10,2,8,10,4,8,10,8,9,10,7,7,7,3,3,8,1,2,3,3,5,8,5,5,10,10,9,6,6,6,10,10,10
sf,cvs,arianne,arianne/stendhal/tests/games/stendhal/server/entity/creature/impl/HandToHandTest.java,clean,java,IssueTrue,49959,346,43592,45,8,1,8,8,1,7,3,5,6,5,5,9,4,6,9,9,9,9,4,6,7,5,5,9,4,4,6,5,7,8,4,7,8,6,8,9,8,9,9,7,7,7,4,5,6,1,2,2,7,5,8,5,5,10,10,9,9,8,7,10,10,9
sf,cvs,arianne,arianne/stendhal/tests/games/stendhal/server/entity/item/ItemTest.java,clean,java,IssueTrue,49959,346,43592,45,9,1,8,9,1,3,8,7,7,5,5,5,9,8,8,9,9,9,9,8,8,5,5,5,4,4,6,10,9,9,9,9,9,10,10,10,8,7,7,7,7,7,3,3,7,1,2,3,7,5,9,7,5,7,7,6,5,6,6,2,5,4
sf,cvs,arianne,arianne/stendhal/tests/games/stendhal/server/entity/npc/condition/AlwaysTrueConditionTest.java,buggy,java,IssueTrue,49959,346,43592,45,3,2,2,5,5,3,2,3,3,5,5,8,3,4,7,9,9,9,2,3,3,5,5,8,4,4,6,3,4,5,2,4,5,5,6,6,8,7,7,7,7,7,3,3,3,1,2,2,3,2,3,3,5,3,4,2,7,6,6,2,2,2
sf,cvs,arianne,arianne/stendhal/tests/games/stendhal/server/entity/npc/condition/AndConditionTest.java,buggy,java,IssueTrue,49959,346,43592,45,6,1,4,6,1,3,3,4,4,5,5,8,4,5,7,9,9,9,2,4,4,5,5,8,6,7,7,5,6,7,4,6,6,6,7,7,8,7,7,7,7,7,3,3,4,2,3,3,3,2,4,3,5,3,4,2,7,6,6,2,2,2
sf,cvs,arianne,arianne/stendhal/tests/games/stendhal/server/entity/npc/condition/LevelGreaterThanConditionTest.java,buggy,java,IssueTrue,49959,346,43592,45,4,1,3,6,1,3,5,4,4,5,5,5,5,5,5,9,9,9,4,3,3,5,5,5,6,6,7,6,5,6,6,6,6,8,7,7,8,7,7,7,7,7,3,3,4,1,2,2,2,2,3,3,5,3,4,2,7,6,6,2,2,2
sf,cvs,arianne,arianne/stendhal/tests/games/stendhal/server/entity/npc/condition/NotConditionTest.java,buggy,java,IssueTrue,49959,346,43592,45,6,1,4,7,1,3,2,4,4,5,5,9,3,5,8,9,9,9,3,4,6,5,5,9,5,7,7,4,6,7,3,6,7,5,7,8,8,7,7,7,7,7,3,3,5,2,3,4,3,2,4,3,8,3,4,2,4,4,4,6,5,4
sf,cvs,arianne,arianne/stendhal/tests/games/stendhal/server/entity/npc/condition/QuestStartedConditionTest.java,buggy,java,IssueTrue,49959,346,43592,45,5,1,3,5,1,3,3,3,3,5,5,5,4,4,4,9,9,9,4,3,3,5,5,5,4,4,6,5,4,5,5,4,5,6,6,6,8,7,7,7,7,7,3,3,3,1,2,2,4,2,3,3,5,3,4,2,7,6,6,2,2,2
sf,cvs,arianne,arianne/stendhal/tests/games/stendhal/server/entity/player/PlayerTest.java,clean,java,IssueTrue,49959,346,43592,45,8,1,7,8,1,5,5,7,6,5,5,8,6,7,8,9,9,9,4,6,6,5,5,8,7,8,8,7,9,9,6,9,9,8,9,9,8,7,7,7,7,7,3,5,6,2,4,6,6,3,8,3,5,3,4,2,6,5,5,2,2,2
sf,cvs,arianne,arianne/stendhal/tests/games/stendhal/server/extension/SpouseExtensionTest.java,clean,java,IssueTrue,49959,346,43592,45,4,2,4,4,2,3,2,2,2,5,5,5,3,3,3,9,9,9,5,5,4,5,5,5,4,4,6,4,3,4,3,3,4,5,4,5,8,7,7,7,7,7,3,3,3,2,2,3,6,4,4,3,5,3,4,2,4,4,4,4,3,3
sf,cvs,arianne,arianne/stendhal/tests/games/stendhal/server/maps/quests/AbstractQuestTest.java,clean,java,IssueTrue,49959,346,43592,45,7,2,6,9,2,3,2,4,6,5,9,10,3,5,10,9,9,9,2,4,9,5,9,10,4,4,6,3,6,9,2,6,9,5,7,9,8,7,7,7,7,7,3,3,6,1,2,3,2,2,5,5,5,10,9,8,8,7,7,2,3,3
sf,cvs,arianne,arianne/stendhal/tests/games/stendhal/server/maps/quests/AdosDeathmatchTest.java,clean,java,IssueTrue,49959,346,43592,45,5,1,5,3,1,3,2,2,2,5,5,5,3,3,3,9,9,9,6,6,5,5,5,5,4,4,6,2,2,2,2,2,3,5,3,4,8,7,7,7,7,7,3,3,3,3,3,3,8,4,4,7,9,8,8,7,7,7,7,8,8,7
sf,cvs,arianne,arianne/stendhal/tests/games/stendhal/server/maps/quests/ArmorForDagobertTest.java,clean,java,IssueTrue,49959,346,43592,45,6,2,6,3,2,3,2,2,2,5,5,5,3,3,3,9,9,9,7,6,6,5,5,5,8,8,8,3,3,3,2,2,3,5,3,4,8,7,7,7,7,7,3,3,3,4,5,3,9,6,4,5,5,3,4,2,8,7,7,2,3,3
sf,cvs,arianne,arianne/stendhal/tests/games/stendhal/server/maps/quests/BeerForHayunnTest.java,clean,java,IssueTrue,49959,346,43592,45,6,1,6,4,1,3,2,2,3,6,9,9,2,3,7,9,9,9,5,7,7,6,9,9,4,4,6,3,3,4,2,3,4,4,4,5,8,7,7,7,7,7,3,3,3,2,3,3,9,6,5,3,5,3,4,2,8,7,6,4,3,3
sf,cvs,arianne,arianne/stendhal/tests/games/stendhal/server/maps/quests/CloakCollectorTest.java,clean,java,IssueTrue,49959,346,43592,45,6,1,6,5,1,5,5,4,4,5,5,5,5,4,5,9,9,9,6,5,5,5,5,5,4,4,6,6,5,6,6,5,6,7,6,7,8,7,7,7,7,7,4,4,4,1,2,2,8,8,6,5,5,3,4,2,4,4,4,4,3,4
sf,cvs,arianne,arianne/stendhal/tests/games/stendhal/server/maps/quests/DailyMonsterQuestTest.java,clean,java,IssueTrue,49959,346,43592,45,6,1,6,5,1,5,6,5,5,5,5,5,5,4,5,9,9,9,7,6,6,5,5,5,4,4,6,6,5,5,6,5,6,7,6,7,8,7,7,7,7,7,5,7,5,2,3,3,8,4,6,5,5,3,4,2,5,5,5,2,3,3
sf,cvs,arianne,arianne/stendhal/tests/games/stendhal/server/maps/quests/ElvishArmorTest.java,clean,java,IssueTrue,49959,346,43592,45,8,6,8,8,4,5,9,8,8,5,5,5,8,7,7,9,9,9,7,6,6,5,5,5,4,4,6,9,9,9,9,9,9,9,9,9,8,7,7,7,7,7,6,4,8,7,5,9,8,4,9,5,8,5,5,4,10,9,9,10,9,8
sf,cvs,arianne,arianne/stendhal/tests/games/stendhal/server/maps/quests/HatForMonogenesTest.java,buggy,java,IssueTrue,49959,346,43592,45,7,2,7,4,2,3,3,3,3,5,5,5,4,4,4,9,9,9,8,7,7,5,5,5,9,8,9,5,4,4,4,4,4,6,5,5,8,7,7,7,7,7,3,3,3,3,5,4,9,5,5,5,5,3,4,3,7,6,6,5,5,4
sf,cvs,arianne,arianne/stendhal/tests/games/stendhal/server/maps/quests/HouseBuyingAthorTest.java,clean,java,IssueTrue,49959,346,43592,45,6,2,6,4,2,5,3,3,3,9,9,8,3,3,3,9,9,9,7,6,6,9,9,8,4,4,6,3,3,3,3,3,4,5,4,5,8,7,7,7,7,7,5,4,3,4,5,4,9,7,5,3,5,5,5,3,4,4,4,6,5,4
sf,cvs,arianne,arianne/stendhal/tests/games/stendhal/server/maps/quests/HouseBuyingTest.java,clean,java,IssueTrue,49959,346,43592,45,7,2,6,5,2,5,5,4,4,9,9,8,5,4,4,9,9,9,7,6,6,9,9,8,4,4,6,5,4,5,5,5,5,7,6,6,8,7,7,7,7,7,4,4,4,3,5,4,8,7,6,10,9,8,10,8,7,8,8,7,8,9
sf,cvs,arianne,arianne/stendhal/tests/games/stendhal/server/maps/quests/LookBookforCerylTest.java,clean,java,IssueTrue,49959,346,43592,45,8,1,8,6,1,3,5,5,4,5,5,5,6,5,5,9,9,9,8,7,7,5,5,5,7,7,7,7,7,7,7,7,7,8,7,8,8,7,7,7,7,7,3,3,5,2,4,4,8,5,7,3,5,3,4,2,9,7,7,9,8,6
sf,cvs,arianne,arianne/stendhal/tests/games/stendhal/server/maps/quests/LookUpQuoteTest.java,clean,java,IssueTrue,49959,346,43592,45,7,2,6,5,2,5,6,5,5,9,9,8,4,4,4,9,9,9,4,3,3,9,9,8,4,4,6,5,4,4,5,4,5,6,6,6,8,7,7,7,7,7,7,8,5,6,8,5,7,5,5,5,5,3,4,2,4,4,4,4,3,4
sf,cvs,arianne,arianne/stendhal/tests/games/stendhal/server/maps/quests/MithrilCloakTest.java,clean,java,IssueTrue,49959,346,43592,45,10,8,10,5,3,3,4,4,3,5,5,5,5,4,5,9,9,9,7,6,6,5,5,5,8,7,8,6,5,6,6,5,6,7,6,7,8,7,7,7,7,7,3,3,4,7,5,6,10,6,7,5,5,3,4,2,5,5,5,5,6,4
sf,cvs,arianne,arianne/stendhal/tests/games/stendhal/server/maps/quests/RingMakerTest.java,clean,java,IssueTrue,49959,346,43592,45,9,2,9,8,1,3,7,6,5,5,5,5,7,7,7,9,9,9,8,7,7,5,5,5,6,6,7,9,8,8,8,8,8,9,8,9,8,7,7,9,8,8,3,3,6,4,6,7,9,6,9,3,5,3,4,2,4,4,4,6,5,4
sf,cvs,arianne,arianne/stendhal/tests/games/stendhal/server/maps/quests/WeaponsCollectorTest.java,clean,java,IssueTrue,49959,346,43592,45,6,1,6,5,1,5,5,4,4,5,5,5,5,4,5,9,9,9,6,5,5,5,5,5,4,4,6,6,5,6,6,5,6,7,6,7,8,7,7,7,7,7,4,4,4,1,2,2,8,8,6,5,8,3,4,2,4,4,4,5,5,4
sf,cvs,arianne,arianne/stendhal/tests/games/stendhal/server/maps/quests/WizardBankTest.java,clean,java,IssueTrue,49959,346,43592,45,7,2,7,4,2,3,3,3,3,9,9,8,4,4,4,9,9,9,4,3,3,9,9,8,4,4,6,5,4,4,4,4,4,6,5,5,8,7,7,7,7,7,3,3,3,5,5,4,8,4,5,3,5,3,4,2,4,4,4,4,3,3
sf,cvs,arianne,arianne/stendhal/tests/games/stendhal/server/maps/quests/houses/AdosHouseSellerTest.java,clean,java,IssueTrue,49959,346,43592,45,6,1,6,6,1,3,5,4,4,5,5,5,6,5,5,9,9,9,8,7,7,5,5,5,4,4,6,7,6,6,6,6,6,8,7,7,8,7,7,7,7,7,3,3,4,2,4,4,7,7,6,3,5,7,5,4,4,4,4,9,7,6
sf,cvs,arianne,arianne/stendhal/tests/games/stendhal/server/maps/quests/houses/BuyHouseChatActionTest.java,clean,java,IssueTrue,49959,346,43592,45,4,1,3,4,1,3,3,3,3,5,5,5,4,4,4,9,9,9,8,8,7,5,5,5,4,4,6,4,3,4,4,4,4,6,5,5,8,7,7,7,7,7,3,3,3,1,2,2,6,6,4,3,5,3,4,2,4,4,4,4,3,3
sf,cvs,arianne,arianne/stendhal/tests/games/stendhal/server/maps/semos/townhall/LeaderNPCTest.java,clean,java,IssueTrue,49959,346,43592,45,7,2,7,4,2,3,3,3,3,5,5,5,4,4,4,9,9,9,6,6,5,5,5,5,8,7,8,4,3,4,4,4,4,6,5,5,8,7,7,7,7,7,3,3,3,2,4,3,7,5,4,3,5,3,4,2,4,4,4,10,8,6
sf,cvs,arianne,arianne/stendhal/tests/games/stendhal/server/trade/Attic/OfferTest.java,clean,java,IssueTrue,49959,346,43592,45,2,1,1,3,1,3,2,2,2,5,5,5,2,2,2,9,9,9,7,6,6,5,5,5,4,4,6,2,2,2,2,2,2,3,3,3,8,7,7,7,7,7,3,3,2,1,2,2,8,5,3,7,5,8,8,6,4,4,4,7,8,7
sf,cvs,arianne,arianne/stendhal/tests/games/stendhal/server/trade/Attic/TradeTest.java,buggy,java,IssueTrue,49959,346,43592,45,5,1,5,4,1,3,3,3,3,5,5,5,4,4,4,9,9,9,7,7,6,5,5,5,4,4,6,4,3,4,4,4,4,6,5,5,8,7,7,7,7,7,3,3,3,2,3,3,10,6,6,9,8,4,5,5,6,7,6,5,7,6
sf,cvs,arianne,arianne/stendhal/tests/games/stendhal/tools/loganalyser/util/ResultSetIteratorTest.java,clean,java,IssueTrue,49959,346,43592,45,8,2,8,10,1,3,5,8,9,5,9,10,6,9,10,10,10,10,4,5,9,5,9,10,4,6,7,7,10,10,6,10,10,8,10,10,8,9,10,7,8,8,3,3,8,1,7,4,2,4,7,6,9,9,9,7,10,10,10,10,10,9
sf,cvs,arianne,arianne/stendhal/tests/games/stendhal/tools/playerUpdate/UpdatePlayerEntitiesTest.java,buggy,java,IssueTrue,49959,346,43592,45,3,1,3,3,2,5,2,2,2,5,5,5,2,2,2,9,9,9,7,6,6,5,5,5,4,4,6,3,3,3,2,2,2,3,3,3,8,7,7,7,7,7,5,4,3,1,2,2,10,7,4,10,8,6,8,7,6,7,8,6,8,8
sf,cvs,arianne,arianne/stendhal/tests/utilities/MockScreen.java,clean,java,IssueTrue,49959,346,43592,45,7,1,6,10,1,3,9,9,8,5,5,5,10,9,9,9,9,9,7,7,6,5,5,5,4,4,6,10,10,10,10,10,10,10,10,10,8,7,7,7,7,7,3,3,8,1,2,2,1,1,4,3,5,3,4,2,10,9,9,2,2,2
sf,cvs,arianne,arianne/stendhal/tests/utilities/RPClass/OfferTestHelper.java,clean,java,IssueTrue,49959,346,43592,45,1,1,1,2,1,5,2,2,2,5,5,5,2,2,2,9,9,9,2,2,2,5,5,5,4,4,6,2,1,1,1,1,1,2,2,2,8,7,7,7,7,7,6,4,2,1,2,2,4,1,2,3,5,3,4,2,4,4,4,4,3,3
