Host,Vcs,Project,File,Buggy,PL,IssueTracking,TLOC,TNF,TNC,TND,LOC,CL,NStmt,NFunc,RCC,MNL,avg_WMC,max_WMC,total_WMC,avg_DIT,max_DIT,total_DIT,avg_RFC,max_RFC,total_RFC,avg_NOC,max_NOC,total_NOC,avg_CBO,max_CBO,total_CBO,avg_DIT.1,max_DIT.1,total_DIT.1,avg_NIV,max_NIV,total_NIV,avg_NIM,max_NIM,total_NIM,avg_NOM,max_NOM,total_NOM,avg_NPBM,max_NPBM,total_NPBM,avg_NPM,max_NPM,total_NPM,avg_NPRM,max_NPRM,total_NPRM,avg_CC,max_CC,total_CC,avg_FANIN,max_FANIN,total_FANIN,avg_FANOUT,max_FANOUT,total_FANOUT,NRev,NFix,avg_AddedLOC,max_AddedLOC,total_AddedLOC,avg_DeletedLOC,max_DeletedLOC,total_DeletedLOC,avg_ModifiedLOC,max_ModifiedLOC,total_ModifiedLOC
sf,cvs,audela,audela/audela/src/audela/libaudela/src/buf_tcl.cpp,buggy,c,IssueTrue,42975,68,11291,12,10,10,10,10,3,10,7,7,7,10,10,10,8,9,9,9,9,9,9,9,6,10,10,10,6,6,6,9,10,10,9,10,10,9,9,10,10,10,10,8,8,9,10,9,10,6,5,10,9,8,10,5,5,3,3,3,4,4,4,2,2,2
sf,cvs,audela,audela/audela/src/audela/libaudela/src/cbuffer.cpp,buggy,c,IssueTrue,42975,68,11291,12,10,10,10,10,4,9,7,7,7,10,10,10,8,9,9,9,9,9,9,9,6,10,10,10,6,6,6,9,10,10,9,10,10,9,9,10,10,10,10,8,8,9,9,10,10,9,10,10,7,9,10,5,5,3,3,3,4,4,4,2,2,2
sf,cvs,audela,audela/audela/src/audela/libaudela/src/cfile.cpp,buggy,c,IssueTrue,42975,68,11291,12,6,8,6,5,6,4,7,7,7,10,10,10,8,9,9,9,9,9,9,9,6,10,10,10,6,6,6,9,10,10,9,10,10,9,9,10,10,10,10,8,8,9,8,7,6,6,6,6,9,9,6,5,5,4,3,4,4,4,4,4,5,4
sf,cvs,audela,audela/audela/src/audela/libaudela/src/cpixels.cpp,clean,c,IssueTrue,42975,68,11291,12,9,8,9,7,4,9,7,7,7,10,10,10,8,9,9,9,9,9,9,9,6,10,10,10,6,6,6,9,10,10,9,10,10,9,9,10,10,10,10,8,8,9,10,10,9,8,7,8,7,7,7,3,5,3,3,3,4,4,4,3,3,3
sf,cvs,audela,audela/audela/src/audela/libaudela/src/cpixels.h,clean,c,IssueTrue,42975,68,11291,12,3,3,2,2,5,3,10,10,10,10,10,10,10,10,10,10,10,10,9,9,6,10,10,10,6,6,6,10,10,10,10,10,10,10,10,10,10,10,10,8,8,9,2,2,2,2,2,2,2,1,2,3,5,5,4,4,6,5,5,3,3,3
sf,cvs,audela,audela/audela/src/audela/libaudela/src/cpixelsgray.cpp,clean,c,IssueTrue,42975,68,11291,12,8,8,8,8,4,9,7,7,7,10,10,10,8,9,9,9,9,9,9,9,6,10,10,10,6,6,6,9,10,10,9,10,10,9,9,10,10,10,10,8,8,9,8,9,8,7,8,9,4,4,7,3,5,10,9,9,4,4,4,2,2,2
sf,cvs,audela,audela/audela/src/audela/libaudela/src/cpixelsgray.h,clean,c,IssueTrue,42975,68,11291,12,2,3,2,2,6,3,10,10,10,10,10,10,10,10,10,9,9,9,9,9,6,10,10,10,8,7,7,10,10,10,10,10,10,10,10,10,10,10,10,8,8,9,2,2,2,2,2,2,2,1,2,3,5,5,4,4,9,8,7,5,5,4
sf,cvs,audela,audela/audela/src/audela/libaudela/src/cpixelsrgb.cpp,clean,c,IssueTrue,42975,68,11291,12,9,10,10,8,7,9,7,7,7,10,10,10,8,9,9,9,9,9,9,9,6,10,10,10,6,6,6,9,10,10,9,10,10,9,9,10,10,10,10,8,8,9,9,10,9,6,8,8,3,5,6,3,5,10,9,9,4,4,4,2,2,2
sf,cvs,audela,audela/audela/src/audela/libaudela/src/cpixelsrgb.h,clean,c,IssueTrue,42975,68,11291,12,2,3,2,2,6,3,10,10,10,10,10,10,10,10,10,9,9,9,9,9,6,10,10,10,8,8,7,10,10,10,10,10,10,10,10,10,10,10,10,8,8,9,2,2,2,2,2,2,2,1,2,3,5,3,3,3,10,8,7,8,8,6
sf,cvs,audela,audela/audela/src/audela/libaudela/src/libstd.cpp,clean,c,IssueTrue,42975,68,11291,12,5,7,5,6,5,6,7,7,7,10,10,10,8,9,9,9,9,9,9,9,6,10,10,10,6,6,6,9,10,10,9,10,10,9,9,10,10,10,10,8,8,9,6,6,5,4,4,5,7,6,6,5,5,7,5,6,6,6,6,5,6,5
sf,cvs,audela,audela/audela/src/audela/libmc/src/libmc.c,clean,c,IssueTrue,42975,68,11291,12,2,3,3,2,5,3,7,7,7,10,10,10,8,9,9,9,9,9,9,9,6,10,10,10,6,6,6,9,10,10,9,10,10,9,9,10,10,10,10,8,8,9,2,2,2,2,2,2,2,1,2,3,5,4,3,4,4,4,4,2,2,2
sf,cvs,audela,audela/audela/src/audela/libmc/src/libmc.h,clean,c,IssueTrue,42975,68,11291,12,3,3,3,2,5,3,7,7,7,10,10,10,8,9,9,9,9,9,9,9,6,10,10,10,6,6,6,9,10,10,9,10,10,9,9,10,10,10,10,8,8,9,2,2,2,2,2,2,2,1,2,3,5,4,3,4,9,7,7,2,2,2
sf,cvs,audela,audela/audela/src/audela/libmc/src/libmc2.c,clean,c,IssueTrue,42975,68,11291,12,10,10,10,7,5,10,7,7,7,10,10,10,8,9,9,9,9,9,9,9,6,10,10,10,9,8,8,9,10,10,9,10,10,9,9,10,10,10,10,8,8,9,10,10,10,10,9,9,10,10,10,6,5,3,3,3,4,4,4,2,2,2
sf,cvs,audela,audela/audela/src/audela/libmc/src/mc.h,clean,c,IssueTrue,42975,68,11291,12,7,10,8,2,9,3,7,7,7,10,10,10,8,9,9,9,9,9,9,9,6,10,10,10,10,10,10,9,10,10,9,10,10,9,9,10,10,10,10,8,8,9,2,2,2,2,2,2,2,1,2,5,5,3,3,3,4,4,4,2,2,2
sf,cvs,audela,audela/audela/src/audela/libtt/src/tt_user5.c,clean,c,IssueTrue,42975,68,11291,12,10,10,10,8,4,10,7,7,7,10,10,10,8,9,9,9,9,9,9,9,6,10,10,10,6,6,6,9,10,10,9,10,10,9,9,10,10,10,10,8,8,9,10,10,10,9,9,9,8,9,9,10,10,3,3,3,4,4,4,2,2,2
sf,cvs,audela,audela/audela/src/audela/libtt/src/tt_util1.c,clean,c,IssueTrue,42975,68,11291,12,9,9,9,7,4,8,7,7,7,10,10,10,8,9,9,9,9,9,9,9,6,10,10,10,6,6,6,9,10,10,9,10,10,9,9,10,10,10,10,8,8,9,10,9,9,6,6,7,7,6,7,3,5,8,6,6,8,7,6,7,7,5
sf,cvs,audela,audela/audela/src/external/blt/blt2.4z/src/bltNsUtil.h,clean,c,IssueTrue,42975,68,11291,12,1,4,1,2,9,3,7,7,7,10,10,10,8,9,9,9,9,9,9,9,6,10,10,10,6,6,6,9,10,10,9,10,10,9,9,10,10,10,10,8,8,9,2,2,2,2,2,2,2,1,2,3,5,3,3,3,4,4,4,8,8,7
sf,cvs,audela,audela/audela/src/libcam/libcam.c,clean,c,IssueTrue,42975,68,11291,12,10,9,10,9,3,10,7,7,7,10,10,10,8,9,9,9,9,9,9,9,6,10,10,10,6,6,6,9,10,10,9,10,10,9,9,10,10,10,10,8,8,9,8,9,9,9,9,10,8,10,9,8,5,3,3,3,4,4,4,2,2,2
sf,cvs,audela,audela/audela/src/libcam/libdigicam/src/camera.c,clean,c,IssueTrue,42975,68,11291,12,7,9,6,8,6,10,7,7,7,10,10,10,8,9,9,9,9,9,9,9,6,10,10,10,10,9,9,9,10,10,9,10,10,9,9,10,10,10,10,8,8,9,5,7,7,6,7,8,5,9,7,3,5,3,3,3,4,4,4,5,5,4
sf,cvs,audela,audela/audela/src/libcam/libethernaude/src/camtcl.c,clean,c,IssueTrue,42975,68,11291,12,8,7,8,7,3,8,7,7,7,10,10,10,8,9,9,9,9,9,9,9,6,10,10,10,6,6,6,9,10,10,9,10,10,9,9,10,10,10,10,8,8,9,8,8,7,9,9,8,9,10,8,3,5,9,7,7,4,4,4,2,2,2
sf,cvs,audela,audela/audela/src/libcam/libfingerlakes/src/camera.c,clean,c,IssueTrue,42975,68,11291,12,7,7,7,6,4,6,7,7,7,10,10,10,8,9,9,9,9,9,9,9,6,10,10,10,6,6,6,9,10,10,9,10,10,9,9,10,10,10,10,8,8,9,8,9,7,8,8,7,8,10,7,6,5,10,10,10,10,10,10,10,10,10
sf,cvs,audela,audela/audela/src/libcam/libqsi/src/camera.cpp,clean,c,IssueTrue,42975,68,11291,12,7,7,7,7,4,6,7,7,7,10,10,10,8,9,9,9,9,9,10,9,7,10,10,10,8,8,7,9,10,10,9,10,10,9,9,10,10,10,10,8,8,9,7,6,7,8,8,8,7,9,7,7,5,9,9,9,10,10,9,6,8,8
sf,cvs,audela,audela/audela/src/libcam/libqsi/src/camtcl.c,clean,c,IssueTrue,42975,68,11291,12,3,4,2,3,7,8,7,7,7,10,10,10,8,9,9,9,9,9,9,9,6,10,10,10,6,6,6,9,10,10,9,10,10,9,9,10,10,10,10,8,8,9,7,6,3,5,4,3,7,5,4,3,5,3,3,3,4,4,4,5,5,4
sf,cvs,audela,audela/audela/src/libcam/libwebcam/src/camera.cpp,clean,c,IssueTrue,42975,68,11291,12,7,9,6,8,7,9,7,7,7,10,10,10,8,9,9,9,9,9,9,9,6,10,10,10,7,7,7,9,10,10,9,10,10,9,9,10,10,10,10,8,8,9,6,8,7,6,8,8,4,9,7,6,5,10,10,10,5,5,5,5,6,6
sf,cvs,audela,audela/audela/src/liblink/liblink.cpp,clean,c,IssueTrue,42975,68,11291,12,5,7,5,7,6,6,7,7,7,10,10,10,8,9,9,9,9,9,9,9,6,10,10,10,6,6,6,9,10,10,9,10,10,9,9,10,10,10,10,8,8,9,5,5,5,4,5,6,6,7,6,3,5,5,4,4,7,6,6,8,8,6
sf,cvs,audela,audela/audela/src/liblink/libquickremote/src/cquickremote.cpp,clean,c,IssueTrue,42975,68,11291,12,5,6,5,6,5,4,7,7,7,10,10,10,8,9,9,9,9,9,9,9,6,10,10,10,6,6,6,9,10,10,9,10,10,9,9,10,10,10,10,8,8,9,7,8,5,5,4,5,4,4,5,7,8,8,9,9,6,6,6,6,8,8
sf,cvs,audela,audela/audela/src/libtel/libeqmod/src/telescop.c,clean,c,IssueTrue,42975,68,11291,12,9,9,9,9,5,8,7,7,7,10,10,10,8,9,9,9,9,9,9,9,6,10,10,10,6,6,6,9,10,10,9,10,10,9,9,10,10,10,10,8,8,9,8,8,9,8,8,9,7,10,9,6,5,10,10,10,10,10,10,10,10,10
sf,cvs,audela,audela/audela/src/libtel/libeqmod/src/telescop.h,clean,c,IssueTrue,42975,68,11291,12,3,6,3,2,8,3,7,7,7,10,10,10,8,9,9,9,9,9,9,9,6,10,10,10,10,10,10,9,10,10,9,10,10,9,9,10,10,10,10,8,8,9,2,2,2,2,2,2,2,1,2,3,5,8,6,6,10,8,8,10,10,9
sf,cvs,audela,audela/audela/src/libtel/libeqmod/src/teltcl.c,clean,c,IssueTrue,42975,68,11291,12,6,6,6,6,4,10,7,7,7,10,10,10,8,9,9,9,9,9,9,9,6,10,10,10,6,6,6,9,10,10,9,10,10,9,9,10,10,10,10,8,8,9,8,8,6,7,5,6,8,8,6,3,5,10,9,9,7,6,6,10,10,9
sf,cvs,audela,audela/audela/src/libtel/libt193/src/telcmd.h,clean,c,IssueTrue,42975,68,11291,12,1,3,1,2,10,3,7,7,7,10,10,10,8,9,9,9,9,9,9,9,6,10,10,10,6,6,6,9,10,10,9,10,10,9,9,10,10,10,10,8,8,9,2,2,2,2,2,2,2,1,2,3,5,4,3,4,4,4,4,3,3,3
sf,cvs,audela,audela/audela/src/libtel/libt193/src/telescop.c,clean,c,IssueTrue,42975,68,11291,12,7,9,7,8,6,9,7,7,7,10,10,10,8,9,9,9,9,9,9,9,6,10,10,10,6,6,6,9,10,10,9,10,10,9,9,10,10,10,10,8,8,9,6,10,7,6,8,8,5,10,7,6,5,10,10,10,9,9,8,10,10,10
sf,cvs,audela,audela/audela/src/libtel/libt193/src/telescop.h,clean,c,IssueTrue,42975,68,11291,12,2,5,3,2,8,3,7,7,7,10,10,10,8,9,9,9,9,9,9,9,6,10,10,10,10,10,10,9,10,10,9,10,10,9,9,10,10,10,10,8,8,9,2,2,2,2,2,2,2,1,2,3,5,6,5,5,6,5,5,6,6,5
sf,cvs,audela,audela/audela/src/libtel/libt193/src/teltcl.c,clean,c,IssueTrue,42975,68,11291,12,4,7,4,4,7,6,7,7,7,10,10,10,8,9,9,9,9,9,9,9,6,10,10,10,6,6,6,9,10,10,9,10,10,9,9,10,10,10,10,8,8,9,8,6,5,6,4,4,7,5,5,3,5,10,9,9,4,4,4,8,8,6
sf,cvs,audela,audela/audela/src/libtel/libt193/src/teltcl.h,clean,c,IssueTrue,42975,68,11291,12,1,2,1,2,10,3,7,7,7,10,10,10,8,9,9,9,9,9,9,9,6,10,10,10,6,6,6,9,10,10,9,10,10,9,9,10,10,10,10,8,8,9,2,2,2,2,2,2,2,1,2,3,5,4,3,4,4,4,4,5,5,4
sf,cvs,audela,audela/audela/src/libtel/libtel.c,clean,c,IssueTrue,42975,68,11291,12,8,7,8,8,3,10,7,7,7,10,10,10,8,9,9,9,9,9,9,9,6,10,10,10,6,6,6,9,10,10,9,10,10,9,9,10,10,10,10,8,8,9,8,9,8,7,6,8,7,9,8,5,5,6,5,5,4,4,4,5,6,5
