Host,Vcs,Project,File,Buggy,PL,IssueTracking,TLOC,TNF,TNC,TND,LOC,CL,NStmt,NFunc,RCC,MNL,avg_WMC,max_WMC,total_WMC,avg_DIT,max_DIT,total_DIT,avg_RFC,max_RFC,total_RFC,avg_NOC,max_NOC,total_NOC,avg_CBO,max_CBO,total_CBO,avg_DIT.1,max_DIT.1,total_DIT.1,avg_NIV,max_NIV,total_NIV,avg_NIM,max_NIM,total_NIM,avg_NOM,max_NOM,total_NOM,avg_NPBM,max_NPBM,total_NPBM,avg_NPM,max_NPM,total_NPM,avg_NPRM,max_NPRM,total_NPRM,avg_CC,max_CC,total_CC,avg_FANIN,max_FANIN,total_FANIN,avg_FANOUT,max_FANOUT,total_FANOUT,NRev,NFix,avg_AddedLOC,max_AddedLOC,total_AddedLOC,avg_DeletedLOC,max_DeletedLOC,total_DeletedLOC,avg_ModifiedLOC,max_ModifiedLOC,total_ModifiedLOC
sf,cvs,azureus,azureus/azureus2/com/aelitis/azureus/core/diskmanager/cache/impl/CacheFileWithoutCacheMT.java,clean,java,IssueFalse,190940,354,45775,44,6,3,6,7,3,9,9,8,10,6,4,7,8,8,8,9,9,9,8,9,9,6,4,7,9,8,8,9,9,8,9,8,7,9,9,8,10,10,10,8,8,9,7,5,6,8,6,7,5,3,6,7,8,10,10,10,7,8,7,6,7,6
sf,cvs,azureus,azureus/azureus2/com/aelitis/azureus/core/diskmanager/file/impl/FMFileAccessLinear.java,clean,java,IssueFalse,190940,354,45775,44,4,3,5,3,4,10,9,6,9,6,4,7,5,7,7,9,9,9,10,10,10,6,4,7,6,6,6,6,6,5,6,5,4,6,6,5,10,9,9,8,8,9,10,8,5,9,6,5,8,7,4,4,5,8,7,5,5,5,5,2,2,2
sf,cvs,azureus,azureus/azureus2/com/aelitis/azureus/core/diskmanager/file/impl/FMFileImpl.java,clean,java,IssueFalse,190940,354,45775,44,7,5,7,8,3,9,9,9,10,6,4,8,7,8,8,9,9,9,7,10,10,6,4,8,9,9,9,8,9,9,8,9,8,6,8,7,10,10,10,9,9,9,8,7,7,8,5,8,7,7,8,4,5,10,10,9,5,5,5,2,2,2
sf,cvs,azureus,azureus/azureus2/com/aelitis/azureus/core/impl/AzureusCoreImpl.java,buggy,java,IssueFalse,190940,354,45775,44,9,6,9,10,2,7,4,8,10,6,4,10,3,8,10,9,9,9,3,10,10,6,4,10,5,10,9,4,9,10,3,9,10,4,9,10,9,10,10,9,9,9,6,8,9,4,6,8,5,9,9,9,5,10,10,10,10,10,10,9,10,10
sf,cvs,azureus,azureus/azureus2/com/aelitis/azureus/core/lws/LWSDiskManager.java,clean,java,IssueFalse,190940,354,45775,44,7,2,7,10,2,6,9,8,10,6,4,8,9,9,9,9,9,9,7,9,9,6,4,8,9,9,9,10,10,10,10,10,10,10,10,10,10,10,10,8,8,9,3,5,7,2,5,6,3,6,8,5,8,8,6,5,5,5,5,2,2,2
sf,cvs,azureus,azureus/azureus2/com/aelitis/azureus/core/networkmanager/NetworkConnection.java,clean,java,IssueFalse,190940,354,45775,44,1,6,1,5,10,2,3,2,8,6,9,8,1,7,7,10,10,10,2,7,8,6,9,8,4,6,6,6,6,6,5,5,5,6,6,7,9,9,9,8,8,9,3,3,3,6,4,4,2,1,1,4,8,3,3,2,5,5,5,3,3,3
sf,cvs,azureus,azureus/azureus2/com/aelitis/azureus/core/networkmanager/admin/NetworkAdmin.java,buggy,java,IssueFalse,190940,354,45775,44,3,4,2,8,8,3,8,5,9,6,4,7,8,8,8,10,10,10,4,7,8,6,4,7,4,6,6,9,9,9,9,9,8,10,9,9,9,9,9,8,8,9,3,3,5,2,7,5,2,1,2,7,5,6,6,6,5,5,5,4,6,5
sf,cvs,azureus,azureus/azureus2/com/aelitis/azureus/core/networkmanager/admin/impl/NetworkAdminImpl.java,buggy,java,IssueFalse,190940,354,45775,44,9,4,10,10,2,9,6,10,10,6,9,10,4,9,10,9,9,9,4,10,10,6,9,10,6,9,10,5,10,10,4,10,10,4,9,10,10,10,10,9,9,9,8,9,9,6,5,9,7,9,10,8,5,10,9,9,10,10,10,9,10,9
sf,cvs,azureus,azureus/azureus2/com/aelitis/azureus/core/networkmanager/impl/NetworkConnectionImpl.java,clean,java,IssueFalse,190940,354,45775,44,4,4,5,8,5,4,6,5,9,6,9,9,6,8,9,9,9,9,5,8,9,6,9,9,9,9,9,8,8,9,7,8,9,8,8,10,9,9,9,8,8,9,4,4,5,3,6,6,4,3,6,4,8,3,3,2,5,5,5,6,6,4
sf,cvs,azureus,azureus/azureus2/com/aelitis/azureus/core/networkmanager/impl/tcp/VirtualChannelSelectorImpl.java,buggy,java,IssueFalse,190940,354,45775,44,6,9,7,5,8,10,8,8,10,6,4,9,4,7,8,9,9,9,8,10,10,6,4,9,10,10,10,5,6,6,4,6,6,4,6,7,9,10,10,9,9,9,10,10,7,10,9,6,10,10,7,8,8,10,9,10,10,10,10,9,10,9
sf,cvs,azureus,azureus/azureus2/com/aelitis/azureus/core/peermanager/piecepicker/impl/PiecePickerImpl.java,clean,java,IssueFalse,190940,354,45775,44,9,10,10,9,7,10,8,10,10,6,4,10,5,9,10,9,9,9,4,10,10,6,4,10,9,10,10,6,10,10,5,9,10,6,9,10,10,10,10,9,10,10,9,10,9,9,9,9,8,9,10,4,5,3,3,2,5,5,5,2,2,2
sf,cvs,azureus,azureus/azureus2/com/aelitis/azureus/core/peermanager/utils/BTPeerIDByteDecoderDefinitions.java,clean,java,IssueFalse,190940,354,45775,44,5,7,6,6,8,4,5,5,9,6,4,9,5,8,8,9,9,9,4,9,9,6,4,9,8,8,8,1,3,2,5,8,7,4,6,6,9,9,9,10,10,10,4,5,4,8,5,6,4,3,4,5,8,3,3,2,5,5,5,3,3,4
sf,cvs,azureus,azureus/azureus2/com/aelitis/azureus/core/security/impl/CryptoHandlerECC.java,buggy,java,IssueFalse,190940,354,45775,44,6,3,7,7,2,6,7,7,10,6,9,9,6,8,9,9,9,9,6,9,10,6,9,9,6,8,8,7,9,9,7,8,8,6,9,8,10,10,10,8,8,9,6,6,6,7,6,7,6,6,7,4,9,3,3,2,9,9,8,3,3,3
sf,cvs,azureus,azureus/azureus2/com/aelitis/azureus/core/update/impl/AzureusRestarterImpl.java,clean,java,IssueFalse,190940,354,45775,44,6,8,6,5,8,9,8,8,10,6,4,8,5,7,8,9,9,9,8,10,10,6,4,8,6,7,7,6,7,7,6,7,6,3,4,4,9,9,9,10,10,10,9,7,6,9,6,6,8,8,6,4,5,3,3,2,10,9,8,6,6,4
sf,cvs,azureus,azureus/azureus2/com/aelitis/azureus/core/util/CopyOnWriteList.java,clean,java,IssueFalse,190940,354,45775,44,3,4,4,6,7,6,4,4,9,6,4,9,4,7,8,9,9,9,4,8,9,6,4,9,6,7,8,6,7,7,5,7,7,6,8,8,9,9,9,8,8,9,4,4,4,10,10,8,4,3,4,4,5,4,4,3,5,5,5,2,2,2
sf,cvs,azureus,azureus/azureus2/com/aelitis/azureus/core/util/HTTPUtils.java,clean,java,IssueFalse,190940,354,45775,44,3,4,4,2,6,10,8,5,9,6,4,7,4,6,6,9,9,9,9,9,9,6,4,7,4,6,6,1,1,1,4,3,2,5,5,4,9,9,9,8,8,9,10,7,4,8,3,3,9,7,3,8,8,5,6,5,5,5,5,5,6,7
sf,cvs,azureus,azureus/azureus2/com/aelitis/azureus/core/versioncheck/VersionCheckClient.java,buggy,java,IssueFalse,190940,354,45775,44,8,8,8,7,5,10,9,9,10,6,4,9,5,8,9,9,9,9,9,10,10,6,4,9,7,9,8,6,8,8,6,8,8,6,8,8,9,10,10,10,10,10,9,9,8,9,7,8,9,9,9,8,8,9,9,9,10,10,10,9,9,9
sf,cvs,azureus,azureus/azureus2/com/aelitis/azureus/plugins/extseed/impl/ExternalSeedReaderImpl.java,clean,java,IssueFalse,190940,354,45775,44,8,5,8,9,2,10,8,9,10,6,4,9,7,9,9,9,9,9,4,9,9,6,4,9,9,10,10,8,10,10,8,9,9,7,9,9,10,10,10,8,8,9,7,8,8,5,6,8,5,7,9,4,5,3,3,2,7,7,6,2,2,2
sf,cvs,azureus,azureus/azureus2/com/aelitis/azureus/plugins/net/buddy/BuddyPlugin.java,buggy,java,IssueFalse,190940,354,45775,44,10,6,10,10,2,9,5,10,10,1,4,10,3,10,10,9,10,10,3,10,10,1,4,10,6,10,10,5,10,10,4,10,10,3,10,10,10,10,10,8,8,9,6,8,10,7,7,10,6,9,10,10,8,3,3,2,5,5,5,2,2,2
sf,cvs,azureus,azureus/azureus2/com/aelitis/azureus/plugins/net/buddy/BuddyPluginBuddy.java,clean,java,IssueFalse,190940,354,45775,44,10,6,10,10,2,9,7,10,10,1,4,10,6,10,10,9,10,10,5,10,10,1,4,10,9,10,10,7,10,10,7,10,10,6,10,10,10,10,10,8,8,9,6,8,10,8,8,10,5,8,10,9,8,9,10,10,9,10,10,8,10,9
sf,cvs,azureus,azureus/azureus2/com/aelitis/azureus/plugins/net/buddy/swt/BuddyPluginViewInstance.java,clean,java,IssueFalse,190940,354,45775,44,9,4,9,9,2,9,3,5,10,6,4,10,2,7,10,9,9,9,3,9,10,6,4,10,4,8,9,3,8,10,2,7,10,2,6,10,9,10,10,8,8,9,7,8,8,6,9,8,7,10,10,5,5,6,6,5,7,8,7,9,9,8
sf,cvs,azureus,azureus/azureus2/com/aelitis/azureus/plugins/startstoprules/defaultplugin/StartStopRulesDefaultPlugin.java,clean,java,IssueFalse,190940,354,45775,44,9,10,9,8,7,9,6,10,10,6,4,10,3,8,10,9,9,9,4,10,10,6,4,10,9,10,10,4,8,9,3,8,9,4,7,9,9,10,10,9,10,10,10,10,9,9,9,9,9,9,9,7,5,3,3,2,5,5,5,2,2,2
sf,cvs,azureus,azureus/azureus2/com/aelitis/azureus/plugins/tracker/local/LocalTrackerPlugin.java,clean,java,IssueFalse,190940,354,45775,44,6,3,6,7,3,7,4,7,9,6,4,10,3,7,9,9,9,9,4,9,10,6,4,10,6,10,9,4,8,8,3,7,8,4,7,8,10,10,10,8,8,9,7,5,6,7,4,6,8,9,8,4,5,9,8,7,5,5,5,6,6,4
sf,cvs,azureus,azureus/azureus2/com/aelitis/azureus/ui/UIFunctions.java,clean,java,IssueFalse,190940,354,45775,44,2,6,2,5,10,2,4,3,8,6,9,8,3,7,7,10,10,10,2,7,7,6,9,8,4,6,6,6,8,7,6,7,6,4,5,5,9,9,9,8,8,9,3,3,3,8,8,6,2,1,1,4,5,9,8,6,5,5,5,2,2,2
sf,cvs,azureus,azureus/azureus2/com/aelitis/azureus/ui/common/table/TableColumnCore.java,clean,java,IssueFalse,190940,354,45775,44,2,10,2,8,10,2,8,6,9,6,4,7,9,9,9,10,10,10,4,7,8,6,4,7,4,6,6,10,10,9,10,9,9,9,9,9,9,9,9,8,8,9,3,3,5,3,5,6,2,1,2,4,5,7,6,5,5,5,5,2,2,2
sf,cvs,azureus,azureus/azureus2/com/aelitis/azureus/ui/common/table/TableView.java,clean,java,IssueFalse,190940,354,45775,44,2,10,3,9,10,2,9,7,9,9,9,8,9,9,9,10,10,10,5,8,8,9,9,8,4,6,6,10,10,10,10,10,9,2,2,2,9,9,9,8,8,9,3,3,6,5,8,8,2,1,2,8,8,3,4,3,8,9,8,7,9,8
sf,cvs,azureus,azureus/azureus2/com/aelitis/azureus/ui/common/table/impl/TableColumnImpl.java,clean,java,IssueFalse,190940,354,45775,44,8,8,9,10,4,7,10,10,10,6,4,7,9,10,9,9,9,9,10,10,10,6,4,7,10,10,10,10,10,10,10,10,10,10,10,10,9,9,9,9,9,9,6,7,9,6,6,9,4,5,9,7,5,8,8,8,8,9,8,6,8,6
sf,cvs,azureus,azureus/azureus2/com/aelitis/azureus/ui/common/table/impl/TableViewImpl.java,clean,java,IssueFalse,190940,354,45775,44,3,2,4,6,5,6,8,6,9,6,4,7,7,7,7,10,10,10,4,7,8,6,4,7,9,8,8,8,8,7,8,7,6,7,7,6,10,10,10,8,8,9,6,5,5,6,4,5,4,2,3,4,8,3,3,2,5,5,5,5,5,4
sf,cvs,azureus,azureus/azureus2/com/aelitis/net/natpmp/upnp/impl/NatPMPUPnPRootDeviceImpl.java,clean,java,IssueFalse,190940,354,45775,44,5,3,4,9,4,3,5,4,9,6,4,10,5,8,9,9,9,9,3,8,9,6,4,10,6,8,8,7,8,9,6,8,9,7,9,10,9,9,9,8,8,9,3,3,5,2,3,4,2,3,4,5,5,6,5,5,5,5,5,2,2,2
sf,cvs,azureus,azureus/azureus2/com/aelitis/net/udp/mc/impl/MCGroupImpl.java,clean,java,IssueFalse,190940,354,45775,44,6,4,6,5,4,9,6,7,10,6,4,10,3,7,9,9,9,9,5,10,10,6,4,10,7,9,9,4,6,6,3,6,6,3,6,7,10,10,10,8,8,9,9,8,6,9,6,6,9,9,7,4,5,3,3,2,7,7,6,10,9,7
sf,cvs,azureus,azureus/azureus2/com/aelitis/net/upnp/UPnP.java,clean,java,IssueFalse,190940,354,45775,44,1,4,1,4,10,2,4,2,8,1,1,5,1,5,6,10,10,10,2,6,7,1,1,5,4,6,6,7,6,5,6,5,4,7,7,6,9,9,9,8,8,9,3,3,3,2,3,2,2,1,1,5,5,5,5,5,5,5,5,2,2,2
sf,cvs,azureus,azureus/azureus2/com/aelitis/net/upnp/UPnPSSDP.java,clean,java,IssueFalse,190940,354,45775,44,1,2,1,2,10,2,3,1,7,1,1,5,1,5,6,10,10,10,2,6,7,1,1,5,4,6,6,5,5,3,5,4,3,6,5,5,9,9,9,8,8,9,3,3,3,2,2,2,2,1,1,4,5,3,3,2,5,5,5,3,3,3
sf,cvs,azureus,azureus/azureus2/com/aelitis/net/upnp/impl/UPnPImpl.java,clean,java,IssueFalse,190940,354,45775,44,7,9,7,7,7,9,7,7,10,6,9,9,6,8,9,9,9,9,10,10,10,6,9,9,9,9,9,7,9,9,7,8,8,7,9,9,10,10,10,8,8,9,7,6,6,7,6,7,8,9,8,9,5,8,8,8,7,9,8,8,10,9
sf,cvs,azureus,azureus/azureus2/com/aelitis/net/upnp/impl/ssdp/SSDPCore.java,clean,java,IssueFalse,190940,354,45775,44,6,6,6,6,6,6,7,7,9,6,4,9,4,7,8,9,9,9,7,10,10,6,4,9,8,9,9,5,7,7,5,7,6,5,7,7,10,10,10,8,8,9,8,9,6,9,6,7,6,9,5,5,5,9,8,8,5,5,5,9,9,7
sf,cvs,azureus,azureus/azureus2/org/gudy/azureus2/core3/config/impl/ConfigurationDefaults.java,clean,java,IssueFalse,190940,354,45775,44,6,7,8,7,6,6,7,6,9,6,4,8,6,8,8,9,9,9,8,10,10,6,4,8,6,7,7,8,9,8,7,8,8,7,8,8,10,10,10,9,9,9,5,5,5,6,4,6,5,5,6,4,5,7,6,5,5,5,5,2,2,2
sf,cvs,azureus,azureus/azureus2/org/gudy/azureus2/core3/disk/DiskManager.java,clean,java,IssueFalse,190940,354,45775,44,3,7,3,9,9,2,8,6,9,1,1,5,8,8,8,9,9,9,4,7,8,1,1,5,4,6,6,10,10,10,10,10,9,10,10,10,9,9,9,8,8,9,3,3,5,4,5,6,2,1,3,5,8,5,4,4,5,5,5,2,2,2
sf,cvs,azureus,azureus/azureus2/org/gudy/azureus2/core3/disk/impl/DiskManagerImpl.java,clean,java,IssueFalse,190940,354,45775,44,10,10,10,10,4,10,8,10,10,6,9,10,6,9,10,9,10,10,6,10,10,6,9,10,8,10,10,7,10,10,7,10,10,8,10,10,9,10,10,9,10,10,7,9,10,7,7,10,6,10,10,8,9,3,3,2,5,5,5,2,2,2
sf,cvs,azureus,azureus/azureus2/org/gudy/azureus2/core3/download/impl/DownloadManagerImpl.java,buggy,java,IssueFalse,190940,354,45775,44,10,10,10,10,5,10,7,10,10,6,10,10,6,10,10,9,9,9,4,10,10,6,10,10,8,10,10,7,10,10,7,10,10,7,10,10,10,10,10,9,10,10,6,9,10,7,9,10,5,10,10,5,5,3,3,2,5,5,5,2,2,2
sf,cvs,azureus,azureus/azureus2/org/gudy/azureus2/core3/global/impl/GlobalManagerImpl.java,clean,java,IssueFalse,190940,354,45775,44,9,9,10,10,4,10,7,10,10,6,9,10,4,9,10,9,9,9,5,10,10,6,9,10,7,10,10,5,10,10,5,10,10,5,10,10,9,10,10,9,9,10,8,9,9,8,7,9,7,10,10,8,5,3,3,2,5,5,5,2,2,2
sf,cvs,azureus,azureus/azureus2/org/gudy/azureus2/core3/internat/MessageText.java,clean,java,IssueFalse,190940,354,45775,44,7,8,7,8,6,9,6,9,10,1,4,10,3,8,9,9,10,10,6,10,10,1,4,10,4,6,6,3,4,5,5,9,9,5,9,9,9,9,10,9,10,10,8,7,7,10,10,10,7,9,8,4,5,4,4,3,5,5,5,3,3,3
sf,cvs,azureus,azureus/azureus2/org/gudy/azureus2/core3/peer/impl/control/PEPeerControlImpl.java,buggy,java,IssueFalse,190940,354,45775,44,10,10,10,10,5,10,9,10,10,6,9,10,7,10,10,9,9,9,5,10,10,6,9,10,9,10,10,9,10,10,8,10,10,8,10,10,9,10,10,10,10,10,8,9,10,7,8,10,7,9,10,8,8,3,3,2,5,5,5,2,2,2
sf,cvs,azureus,azureus/azureus2/org/gudy/azureus2/core3/peer/impl/transport/PEPeerTransportProtocol.java,buggy,java,IssueFalse,190940,354,45775,44,10,10,10,10,5,7,8,10,10,6,10,10,7,10,10,9,9,9,5,10,10,6,10,10,9,10,10,8,10,10,8,10,10,7,10,10,10,10,10,9,10,10,7,9,10,7,8,10,6,10,10,7,8,3,3,2,5,5,5,2,2,2
sf,cvs,azureus,azureus/azureus2/org/gudy/azureus2/core3/tracker/client/impl/bt/TRTrackerBTAnnouncerImpl.java,buggy,java,IssueFalse,190940,354,45775,44,10,9,10,9,4,10,9,10,10,6,9,10,6,9,9,9,9,9,8,10,10,6,9,10,10,10,10,7,10,10,7,10,9,6,9,9,10,10,10,9,10,10,10,10,10,9,7,9,9,10,10,8,10,3,3,2,5,5,5,2,2,2
sf,cvs,azureus,azureus/azureus2/org/gudy/azureus2/core3/tracker/server/impl/tcp/blocking/TRBlockingServerProcessor.java,clean,java,IssueFalse,190940,354,45775,44,4,4,5,2,5,9,8,6,9,10,10,9,6,7,7,9,9,9,10,10,10,10,10,9,8,7,7,5,4,3,4,3,2,3,3,3,10,10,10,8,8,9,10,9,5,9,5,4,10,9,4,4,5,3,3,2,5,5,5,3,3,3
sf,cvs,azureus,azureus/azureus2/org/gudy/azureus2/core3/util/AEDiagnostics.java,clean,java,IssueFalse,190940,354,45775,44,6,4,6,6,4,10,7,7,9,6,4,9,4,7,8,9,9,9,7,10,10,6,4,9,5,7,7,1,3,2,5,7,7,6,8,8,10,10,10,8,8,9,8,7,6,8,8,6,7,7,6,5,5,7,7,6,10,10,10,7,7,6
sf,cvs,azureus,azureus/azureus2/org/gudy/azureus2/core3/util/AEDiagnosticsLogger.java,clean,java,IssueFalse,190940,354,45775,44,4,5,5,5,6,6,8,6,9,6,4,7,7,7,7,9,9,9,10,10,10,6,4,7,10,9,9,8,7,6,8,7,6,7,6,6,10,10,10,10,10,10,7,5,5,9,9,6,6,4,5,8,5,10,9,9,7,8,8,8,9,8
sf,cvs,azureus,azureus/azureus2/org/gudy/azureus2/core3/util/AEThread2.java,clean,java,IssueFalse,190940,354,45775,44,4,3,4,6,5,9,6,5,9,6,9,9,8,9,9,10,10,10,5,8,9,6,9,9,8,8,9,5,6,7,5,7,7,6,8,8,10,10,10,8,8,9,6,6,5,10,10,8,5,7,5,7,5,8,9,8,5,5,5,6,6,6
sf,cvs,azureus,azureus/azureus2/org/gudy/azureus2/core3/util/Constants.java,clean,java,IssueFalse,190940,354,45775,44,4,6,4,4,8,7,8,5,9,6,4,7,6,7,7,9,9,9,8,9,9,6,4,7,6,6,6,1,1,1,7,6,5,7,7,7,9,9,9,8,8,9,7,6,4,10,9,6,5,3,3,10,5,4,8,7,5,5,5,4,5,8
sf,cvs,azureus,azureus/azureus2/org/gudy/azureus2/core3/util/DisplayFormatters.java,clean,java,IssueFalse,190940,354,45775,44,8,8,8,9,5,7,7,9,10,6,4,10,5,9,9,9,9,9,5,10,10,6,4,10,4,6,6,1,3,3,6,10,9,7,10,10,9,9,9,9,9,9,8,8,8,9,9,9,5,7,8,5,8,6,5,5,5,5,5,5,6,5
sf,cvs,azureus,azureus/azureus2/org/gudy/azureus2/core3/util/FileUtil.java,buggy,java,IssueFalse,190940,354,45775,44,9,9,9,9,5,10,10,10,10,6,4,7,9,9,9,9,9,9,10,10,10,6,4,7,4,6,6,1,1,1,10,10,9,10,10,10,10,9,9,10,10,10,8,9,9,9,7,9,7,7,9,7,5,9,9,8,5,5,5,7,8,7
sf,cvs,azureus,azureus/azureus2/org/gudy/azureus2/core3/util/ListenerManager.java,clean,java,IssueFalse,190940,354,45775,44,5,5,5,7,5,7,6,7,9,6,4,9,4,8,9,9,9,9,5,9,10,6,4,9,7,9,8,5,8,8,5,8,7,5,8,8,10,10,10,8,8,9,7,6,6,10,9,8,5,3,6,7,9,3,3,2,5,5,5,10,9,9
sf,cvs,azureus,azureus/azureus2/org/gudy/azureus2/core3/util/SystemTime.java,buggy,java,IssueFalse,190940,354,45775,44,5,8,6,7,8,7,3,3,9,1,4,10,1,7,9,9,10,10,4,9,10,1,4,10,6,9,9,3,4,7,3,7,8,4,8,9,9,9,9,9,9,9,5,6,5,10,10,10,4,6,6,4,5,3,3,2,5,5,5,3,3,3
sf,cvs,azureus,azureus/azureus2/org/gudy/azureus2/core3/util/UrlUtils.java,clean,java,IssueFalse,190940,354,45775,44,7,6,7,7,5,7,9,9,10,6,4,8,6,8,8,9,9,9,9,10,10,6,4,8,4,6,6,1,3,2,8,8,8,8,9,9,9,9,9,9,9,9,8,7,7,7,5,7,7,7,8,7,9,10,10,9,5,5,5,2,3,3
sf,cvs,azureus,azureus/azureus2/org/gudy/azureus2/platform/macosx/PlatformManagerImpl.java,clean,java,IssueFalse,190940,354,45775,44,6,9,7,8,7,6,8,8,10,6,4,8,7,8,9,9,9,9,8,10,10,6,4,8,4,6,6,8,9,9,9,9,9,8,9,9,10,10,10,9,9,9,6,5,7,3,4,6,5,5,8,4,5,7,6,5,5,5,5,2,2,2
sf,cvs,azureus,azureus/azureus2/org/gudy/azureus2/platform/win32/PlatformManagerImpl.java,buggy,java,IssueFalse,190940,354,45775,44,8,8,7,8,5,9,10,9,10,6,4,7,9,8,8,9,9,9,9,9,9,6,4,7,9,8,8,10,10,9,10,9,9,9,9,9,10,10,10,10,9,9,8,6,8,8,6,8,5,5,8,7,5,10,9,8,8,8,7,8,8,7
sf,cvs,azureus,azureus/azureus2/org/gudy/azureus2/plugins/ui/tables/TableManager.java,clean,java,IssueFalse,190940,354,45775,44,1,8,2,3,10,2,3,2,7,1,1,5,1,5,6,9,9,9,3,7,7,1,1,5,4,6,6,6,5,4,5,4,3,6,6,5,9,9,9,8,8,9,3,3,3,3,3,3,2,1,1,4,5,3,3,2,5,5,5,3,3,3
sf,cvs,azureus,azureus/azureus2/org/gudy/azureus2/pluginsimpl/local/PluginInitializer.java,clean,java,IssueFalse,190940,354,45775,44,9,7,9,9,3,10,6,10,10,6,4,10,4,9,10,9,9,9,5,10,10,6,4,10,5,9,9,4,9,9,4,10,9,4,8,9,10,10,10,9,10,10,8,10,9,8,10,9,7,10,9,7,5,8,7,7,8,8,8,7,8,7
sf,cvs,azureus,azureus/azureus2/org/gudy/azureus2/pluginsimpl/local/ipc/IPCInterfaceImpl.java,clean,java,IssueFalse,190940,354,45775,44,3,4,4,3,7,9,8,5,9,6,4,7,5,7,7,9,9,9,9,9,9,6,4,7,8,7,7,6,5,4,5,5,4,6,5,5,10,10,10,8,8,9,9,7,4,6,4,4,7,3,3,4,5,9,8,7,5,5,5,8,7,6
sf,cvs,azureus,azureus/azureus2/org/gudy/azureus2/pluginsimpl/local/logging/LoggerChannelImpl.java,clean,java,IssueFalse,190940,354,45775,44,4,3,5,8,4,4,7,7,9,6,4,8,7,8,8,9,9,9,6,9,9,6,4,8,8,8,8,8,9,9,8,9,8,8,9,8,10,10,10,9,10,10,5,5,6,7,5,7,4,2,5,4,5,5,4,4,5,5,5,5,5,4
sf,cvs,azureus,azureus/azureus2/org/gudy/azureus2/pluginsimpl/local/messaging/GenericMessageConnectionDirect.java,clean,java,IssueFalse,190940,354,45775,44,5,3,5,8,3,6,5,6,9,6,4,10,5,7,9,9,9,9,4,8,10,6,4,10,7,9,9,6,8,9,5,7,9,6,8,9,9,10,10,8,8,9,5,4,6,4,5,6,3,5,5,4,8,3,3,2,5,5,5,3,3,3
sf,cvs,azureus,azureus/azureus2/org/gudy/azureus2/pluginsimpl/local/network/ConnectionImpl.java,clean,java,IssueFalse,190940,354,45775,44,2,2,2,5,9,3,4,3,8,6,4,8,5,7,8,9,9,9,3,7,8,6,4,8,7,8,8,6,6,7,6,6,6,6,7,8,9,9,9,8,8,9,3,3,3,3,3,4,3,3,2,4,8,3,3,2,5,5,5,3,3,3
sf,cvs,azureus,azureus/azureus2/org/gudy/azureus2/pluginsimpl/local/peers/PeerForeignDelegate.java,buggy,java,IssueFalse,190940,354,45775,44,7,6,7,10,4,7,9,9,10,6,4,8,9,10,9,9,9,9,5,9,9,6,4,8,9,9,9,10,10,10,10,10,10,10,10,10,10,10,10,8,8,9,3,4,8,2,3,7,3,3,8,5,8,3,3,2,5,5,5,3,3,4
sf,cvs,azureus,azureus/azureus2/org/gudy/azureus2/pluginsimpl/local/test/Test.java,clean,java,IssueFalse,190940,354,45775,44,6,6,5,8,5,10,3,3,9,6,4,10,2,6,10,9,9,9,3,8,10,6,4,10,4,6,6,3,5,9,2,4,8,3,4,9,9,10,10,8,8,9,5,5,6,3,3,5,5,6,6,4,5,10,8,7,5,5,5,2,2,2
sf,cvs,azureus,azureus/azureus2/org/gudy/azureus2/pluginsimpl/local/tracker/TrackerWebPageRequestImpl.java,clean,java,IssueFalse,190940,354,45775,44,2,2,3,5,7,3,6,3,8,6,4,7,7,7,7,9,9,9,8,9,9,6,4,7,8,7,7,8,7,7,8,7,6,8,7,7,10,10,10,8,8,9,3,3,3,3,3,4,4,3,3,5,9,10,8,7,10,9,8,10,9,8
sf,cvs,azureus,azureus/azureus2/org/gudy/azureus2/pluginsimpl/local/ui/model/BasicPluginConfigModelImpl.java,clean,java,IssueFalse,190940,354,45775,44,4,2,4,7,4,3,8,5,9,6,4,7,8,8,8,9,9,9,4,7,8,6,4,7,9,8,8,9,9,8,9,8,8,9,9,9,10,9,9,8,8,9,3,3,4,8,6,7,4,3,5,4,5,8,6,5,5,5,5,10,9,7
sf,cvs,azureus,azureus/azureus2/org/gudy/azureus2/pluginsimpl/local/utils/UtilitiesImpl.java,clean,java,IssueFalse,190940,354,45775,44,8,3,7,10,2,7,4,8,10,1,9,10,3,9,10,9,10,10,3,10,10,1,9,10,5,8,9,5,10,10,5,10,10,5,10,10,9,10,10,9,9,9,4,5,7,4,5,8,4,5,8,8,5,7,8,7,5,5,5,5,7,7
sf,cvs,azureus,azureus/azureus2/org/gudy/azureus2/pluginsimpl/local/utils/xml/rss/RSSUtils.java,clean,java,IssueFalse,190940,354,45775,44,2,3,2,1,9,6,4,2,7,6,4,7,2,6,6,9,9,9,6,8,8,6,4,7,4,6,6,1,1,1,2,2,2,3,3,3,9,9,9,8,8,9,8,4,3,6,3,3,6,2,1,4,5,4,4,3,5,5,5,2,2,2
sf,cvs,azureus,azureus/azureus2/org/gudy/azureus2/ui/swt/PropertiesWindow.java,clean,java,IssueFalse,190940,354,45775,44,3,3,4,3,7,3,2,2,8,6,4,10,2,6,9,9,9,9,2,7,8,6,4,10,4,6,6,3,3,4,2,2,3,2,2,5,9,9,9,8,8,9,5,4,3,7,7,4,7,8,3,5,8,6,7,5,5,5,5,5,5,5
sf,cvs,azureus,azureus/azureus2/org/gudy/azureus2/ui/swt/TorrentUtil.java,buggy,java,IssueFalse,190940,354,45775,44,9,9,9,9,5,7,3,8,10,6,4,10,2,7,10,10,10,10,3,10,10,6,4,10,4,7,7,3,5,10,2,7,10,2,7,10,9,9,9,9,10,10,7,10,9,5,7,8,5,10,9,8,8,9,9,9,7,8,7,8,9,8
sf,cvs,azureus,azureus/azureus2/org/gudy/azureus2/ui/swt/Utils.java,clean,java,IssueFalse,190940,354,45775,44,9,10,10,10,7,9,7,10,10,6,9,10,4,9,10,9,10,10,4,10,10,6,9,10,4,7,8,3,4,8,5,10,10,6,10,10,9,9,9,9,10,10,8,7,9,10,10,10,6,6,10,8,8,3,3,2,5,5,5,2,2,2
sf,cvs,azureus,azureus/azureus2/org/gudy/azureus2/ui/swt/components/shell/Attic/LightBoxShell.java,clean,java,IssueFalse,190940,354,45775,44,5,7,6,8,7,4,3,6,10,6,4,10,3,8,10,9,9,9,2,8,10,6,4,10,6,10,9,4,9,9,3,8,9,4,9,9,9,9,9,9,10,10,5,4,6,6,6,7,4,5,6,5,8,3,3,2,6,7,6,2,3,3
sf,cvs,azureus,azureus/azureus2/org/gudy/azureus2/ui/swt/donations/DonationWindow.java,buggy,java,IssueFalse,190940,354,45775,44,4,4,5,6,5,6,3,5,9,6,4,10,2,7,10,9,9,9,2,9,10,6,4,10,4,6,6,3,3,6,2,6,7,3,7,8,9,9,9,8,8,9,6,6,5,4,4,5,5,8,6,10,10,7,9,10,7,9,9,7,9,10
sf,cvs,azureus,azureus/azureus2/org/gudy/azureus2/ui/swt/mainwindow/IMenuConstants.java,clean,java,IssueFalse,190940,354,45775,44,2,4,3,1,9,2,2,1,7,1,1,5,1,5,5,10,10,10,2,6,7,1,1,5,4,6,6,1,1,1,1,1,1,1,1,1,9,9,9,8,8,9,2,2,2,1,2,2,2,1,1,4,5,3,3,2,5,5,5,3,3,3
sf,cvs,azureus,azureus/azureus2/org/gudy/azureus2/ui/swt/mainwindow/MainMenu.java,clean,java,IssueFalse,190940,354,45775,44,3,8,4,5,9,4,7,5,9,6,4,7,7,7,7,9,9,9,7,8,8,6,4,7,7,7,7,8,7,6,8,7,6,6,5,5,9,9,9,10,10,10,5,4,4,6,4,5,8,6,6,7,8,3,4,3,9,9,8,4,6,4
sf,cvs,azureus,azureus/azureus2/org/gudy/azureus2/ui/swt/mainwindow/MainStatusBar.java,clean,java,IssueFalse,190940,354,45775,44,8,10,9,9,7,6,3,8,10,6,10,10,2,8,10,9,10,10,2,10,10,6,10,10,6,10,10,3,9,10,2,8,10,2,8,10,9,9,9,9,10,10,7,7,8,7,9,9,7,10,9,8,5,10,10,10,10,10,10,10,10,10
sf,cvs,azureus,azureus/azureus2/org/gudy/azureus2/ui/swt/mainwindow/MainWindow.java,clean,java,IssueFalse,190940,354,45775,44,9,9,9,10,5,10,5,10,10,6,9,10,3,9,10,9,9,9,2,10,10,6,9,10,6,10,10,4,10,10,3,10,10,3,9,10,10,10,10,9,10,10,7,7,9,7,8,9,6,10,10,9,8,6,6,7,8,9,8,6,9,8
sf,cvs,azureus,azureus/azureus2/org/gudy/azureus2/ui/swt/mainwindow/MenuFactory.java,clean,java,IssueFalse,190940,354,45775,44,8,8,9,10,5,6,2,9,10,6,4,10,2,9,10,9,9,9,2,8,10,6,4,10,4,6,6,3,7,10,2,10,10,4,10,10,9,9,9,9,10,10,4,6,9,5,10,10,4,5,10,9,8,6,7,7,9,10,10,8,10,9
sf,cvs,azureus,azureus/azureus2/org/gudy/azureus2/ui/swt/mainwindow/SWTThread.java,clean,java,IssueFalse,190940,354,45775,44,4,4,4,4,6,9,6,6,9,6,4,9,4,7,8,9,9,9,5,9,9,6,4,9,7,8,8,4,6,5,4,6,5,4,7,7,9,9,9,9,9,9,8,8,5,10,8,6,7,9,5,8,5,5,6,5,7,8,7,3,5,4
sf,cvs,azureus,azureus/azureus2/org/gudy/azureus2/ui/swt/mainwindow/UIFunctionsImpl.java,clean,java,IssueFalse,190940,354,45775,44,6,4,6,10,4,4,2,8,10,6,4,10,3,9,10,9,9,9,2,9,10,6,4,10,4,6,6,3,10,10,2,10,10,4,10,10,9,9,9,9,10,10,3,7,7,3,6,7,3,4,7,7,8,8,8,8,5,5,5,3,5,4
sf,cvs,azureus,azureus/azureus2/org/gudy/azureus2/ui/swt/nat/NatTestWindow.java,clean,java,IssueFalse,190940,354,45775,44,4,2,5,5,5,4,2,1,8,6,9,10,2,6,10,9,9,9,2,7,10,6,9,10,5,8,8,3,3,6,2,2,5,2,3,7,9,9,9,8,8,9,5,4,4,5,6,4,6,7,4,4,8,7,6,5,5,5,5,7,6,5
sf,cvs,azureus,azureus/azureus2/org/gudy/azureus2/ui/swt/pluginsimpl/BasicPluginConfigImpl.java,clean,java,IssueFalse,190940,354,45775,44,6,4,7,5,4,9,4,7,10,6,4,10,2,7,9,9,9,9,2,9,10,6,4,10,4,7,7,3,5,7,2,5,6,3,6,8,9,9,9,8,8,9,9,10,6,3,5,4,8,10,6,4,8,7,6,5,5,5,5,2,2,2
sf,cvs,azureus,azureus/azureus2/org/gudy/azureus2/ui/swt/pluginsimpl/UISWTInstanceImpl.java,buggy,java,IssueFalse,190940,354,45775,44,7,5,7,9,3,6,4,8,10,6,4,10,4,8,10,9,9,9,4,10,10,6,4,10,5,8,9,5,9,10,4,9,10,5,9,10,9,9,10,8,8,9,5,9,8,5,4,8,4,10,8,5,8,6,6,5,9,9,9,5,5,5
sf,cvs,azureus,azureus/azureus2/org/gudy/azureus2/ui/swt/shells/CoreWaiterSWT.java,clean,java,IssueFalse,190940,354,45775,44,2,1,2,3,1,3,2,2,8,6,4,10,2,6,9,9,9,9,3,8,9,6,4,10,4,6,6,1,3,3,2,3,4,2,3,5,9,9,9,8,8,9,5,4,3,8,6,5,4,2,2,7,5,5,5,5,10,10,9,4,5,5
sf,cvs,azureus,azureus/azureus2/org/gudy/azureus2/ui/swt/shells/GCStringPrinter.java,clean,java,IssueFalse,190940,354,45775,44,8,9,9,8,6,10,8,10,10,6,4,10,4,8,9,9,9,9,4,10,10,6,4,10,9,9,10,5,8,9,5,8,8,5,9,9,9,9,9,9,10,10,9,10,8,10,9,9,8,10,9,4,8,3,3,2,5,5,5,7,6,5
sf,cvs,azureus,azureus/azureus2/org/gudy/azureus2/ui/swt/update/FullUpdateWindow.java,buggy,java,IssueFalse,190940,354,45775,44,3,2,4,5,4,4,2,3,9,6,4,10,2,6,10,9,9,9,2,9,10,6,4,10,4,6,6,3,3,6,2,3,6,2,4,7,9,9,9,8,8,9,7,5,5,4,4,4,6,7,4,5,8,10,9,9,10,10,9,10,10,10
sf,cvs,azureus,azureus/azureus2/org/gudy/azureus2/ui/swt/update/UpdateMonitor.java,clean,java,IssueFalse,190940,354,45775,44,6,7,6,7,6,6,3,6,10,6,4,10,2,7,10,9,9,9,3,9,10,6,4,10,4,8,8,3,7,9,2,6,8,2,5,8,9,10,10,9,9,9,7,7,7,6,4,6,7,5,8,7,5,5,6,5,5,5,5,4,5,5
sf,cvs,azureus,azureus/azureus2/org/gudy/azureus2/ui/swt/views/ConfigView.java,clean,java,IssueFalse,190940,354,45775,44,7,7,8,8,5,10,4,8,10,6,9,10,3,8,10,9,9,9,3,10,10,6,9,10,6,10,9,4,9,9,3,8,9,3,8,9,9,10,10,9,10,10,7,7,7,7,9,7,7,10,9,8,8,6,7,6,10,10,9,6,7,6
sf,cvs,azureus,azureus/azureus2/org/gudy/azureus2/ui/swt/views/FilesView.java,buggy,java,IssueFalse,190940,354,45775,44,7,7,8,8,5,9,5,8,10,6,9,10,3,8,10,9,9,9,4,10,10,6,9,10,5,8,8,4,9,9,3,8,8,4,8,9,9,9,9,9,10,10,7,7,7,4,3,6,7,7,8,5,5,4,4,4,6,7,6,9,8,8
sf,cvs,azureus,azureus/azureus2/org/gudy/azureus2/ui/swt/views/GeneralView.java,buggy,java,IssueFalse,190940,354,45775,44,8,8,9,8,4,10,4,9,10,6,9,10,2,7,10,9,9,9,3,10,10,6,9,10,7,10,10,3,8,9,2,7,9,3,7,9,9,9,9,9,10,10,8,9,8,9,10,8,8,10,9,5,9,5,5,4,5,5,5,2,3,3
sf,cvs,azureus,azureus/azureus2/org/gudy/azureus2/ui/swt/views/MySharesView.java,buggy,java,IssueFalse,190940,354,45775,44,6,5,7,8,4,9,5,8,10,6,9,10,4,8,9,9,9,9,2,9,10,6,9,10,4,8,8,5,9,9,4,9,9,4,8,9,9,9,9,9,10,10,6,6,7,3,3,5,5,5,7,5,5,8,8,7,10,10,9,8,8,7
sf,cvs,azureus,azureus/azureus2/org/gudy/azureus2/ui/swt/views/MyTorrentsView.java,buggy,java,IssueFalse,190940,354,45775,44,9,9,10,10,5,7,4,10,10,6,9,10,3,9,10,9,10,10,2,10,10,6,9,10,6,10,10,4,10,10,2,10,10,4,10,10,9,10,10,9,10,10,7,9,9,6,8,9,6,9,10,10,10,6,9,8,9,10,10,9,10,10
sf,cvs,azureus,azureus/azureus2/org/gudy/azureus2/ui/swt/views/MyTrackerView.java,clean,java,IssueFalse,190940,354,45775,44,6,6,6,8,5,6,3,7,10,6,9,10,3,8,10,9,9,9,2,10,10,6,9,10,4,8,8,4,9,9,2,8,9,3,8,9,9,9,9,9,10,10,5,5,6,3,3,5,4,6,7,5,5,8,8,6,9,9,8,9,8,8
sf,cvs,azureus,azureus/azureus2/org/gudy/azureus2/ui/swt/views/PeerSuperView.java,clean,java,IssueFalse,190940,354,45775,44,3,4,3,6,8,4,5,4,8,7,9,9,5,7,8,9,9,9,7,9,9,7,9,9,6,7,7,7,8,7,6,7,7,7,8,8,9,9,9,9,9,9,4,4,4,2,3,4,4,5,4,4,5,9,7,6,10,9,8,10,9,8
sf,cvs,azureus,azureus/azureus2/org/gudy/azureus2/ui/swt/views/PeersView.java,clean,java,IssueFalse,190940,354,45775,44,5,4,5,6,5,6,5,6,9,6,9,10,4,7,9,9,9,9,4,9,9,6,9,10,5,7,7,5,7,7,5,7,7,5,7,8,9,9,9,9,9,9,6,6,5,4,4,5,5,5,5,5,5,3,4,3,6,7,6,5,6,5
sf,cvs,azureus,azureus/azureus2/org/gudy/azureus2/ui/swt/views/columnsetup/TableColumnSetupWindow.java,buggy,java,IssueFalse,190940,354,45775,44,8,7,9,9,4,7,3,8,10,6,10,10,5,10,10,9,9,9,2,10,10,6,10,10,6,10,10,3,7,10,2,7,9,3,6,10,9,10,10,9,9,9,7,8,8,5,9,8,6,10,9,10,9,9,10,10,9,10,10,9,10,10
sf,cvs,azureus,azureus/azureus2/org/gudy/azureus2/ui/swt/views/configsections/ConfigSectionFile.java,clean,java,IssueFalse,190940,354,45775,44,5,6,7,3,6,4,4,4,8,6,4,9,3,6,8,9,9,9,3,8,9,6,4,9,4,6,6,4,5,5,2,4,4,4,6,6,9,9,9,8,8,9,7,7,4,2,4,3,6,7,3,4,5,9,7,6,5,5,5,3,3,3
sf,cvs,azureus,azureus/azureus2/org/gudy/azureus2/ui/swt/views/configsections/ConfigSectionInterfaceDisplay.java,clean,java,IssueFalse,190940,354,45775,44,4,3,4,3,5,6,5,4,8,6,4,8,3,6,8,9,9,9,6,9,9,6,4,8,4,6,6,4,5,4,3,4,4,4,6,5,9,9,9,8,8,9,7,6,4,3,5,3,5,6,2,4,5,8,6,5,10,9,8,8,7,6
sf,cvs,azureus,azureus/azureus2/org/gudy/azureus2/ui/swt/views/configsections/ConfigSectionInterfaceStart.java,clean,java,IssueFalse,190940,354,45775,44,2,3,3,3,7,6,3,2,8,6,4,8,3,6,8,9,9,9,2,7,8,6,4,8,4,6,6,4,5,4,3,4,4,4,6,5,9,9,9,8,8,9,5,4,3,2,3,2,4,3,2,4,5,5,4,4,5,5,5,8,7,5
sf,cvs,azureus,azureus/azureus2/org/gudy/azureus2/ui/swt/views/configsections/ConfigSectionTrackerServer.java,clean,java,IssueFalse,190940,354,45775,44,6,6,7,5,5,4,2,3,8,6,4,10,2,7,9,9,9,9,2,7,9,6,4,10,4,6,6,3,5,7,2,5,6,3,6,8,9,9,9,8,8,9,4,5,4,2,4,3,3,6,3,4,5,7,6,5,10,10,9,3,3,3
sf,cvs,azureus,azureus/azureus2/org/gudy/azureus2/ui/swt/views/stats/TransferStatsView.java,buggy,java,IssueFalse,190940,354,45775,44,8,4,8,8,2,10,5,6,10,6,9,10,4,7,10,9,9,9,3,9,10,6,9,10,9,10,10,5,7,9,4,7,9,4,6,8,9,10,10,9,10,10,7,9,7,8,6,8,7,9,8,4,5,9,7,6,10,10,9,9,8,7
sf,cvs,azureus,azureus/azureus2/org/gudy/azureus2/ui/swt/views/table/impl/TableCellImpl.java,clean,java,IssueFalse,190940,354,45775,44,8,8,9,10,5,9,8,10,10,6,4,10,6,10,10,9,9,9,4,10,10,6,4,10,8,10,10,8,10,10,7,10,10,8,10,10,9,9,9,9,10,10,7,9,9,7,9,9,5,8,10,4,5,7,6,5,5,5,5,2,2,2
sf,cvs,azureus,azureus/azureus2/org/gudy/azureus2/ui/swt/views/table/impl/TableViewSWTImpl.java,buggy,java,IssueFalse,190940,354,45775,44,10,10,10,10,6,10,5,10,10,6,9,10,4,10,10,9,10,10,2,10,10,6,9,10,6,10,10,4,10,10,3,10,10,4,10,10,9,10,10,9,10,10,8,9,10,8,8,10,7,10,10,10,10,3,3,2,5,5,5,2,2,2
sf,cvs,azureus,azureus/azureus2/org/gudy/azureus2/ui/swt/views/table/utils/TableColumnManager.java,buggy,java,IssueFalse,190940,354,45775,44,5,9,6,7,8,7,7,8,10,6,4,9,5,8,9,9,9,9,7,10,10,6,4,9,7,8,8,6,9,8,6,8,8,7,9,9,9,9,9,9,10,10,7,5,6,9,9,8,7,5,7,5,8,9,8,7,7,8,7,8,8,7
sf,cvs,azureus,azureus/azureus2/org/gudy/azureus2/ui/swt/views/tableitems/mytorrents/CommentIconItem.java,clean,java,IssueFalse,190940,354,45775,44,2,3,3,2,8,4,6,3,8,9,9,8,4,6,7,9,9,9,5,8,8,9,9,8,4,6,6,5,5,3,5,4,3,6,5,5,9,9,9,8,8,9,7,5,3,7,3,3,5,3,2,4,5,7,6,5,5,5,5,3,3,3
sf,cvs,azureus,azureus/azureus2/org/gudy/azureus2/update/CoreUpdateChecker.java,clean,java,IssueFalse,190940,354,45775,44,7,8,7,6,5,10,6,8,10,6,4,10,3,7,9,9,9,9,5,10,10,6,4,10,5,8,8,3,7,7,3,7,7,3,6,7,10,10,10,9,9,9,9,8,7,8,6,6,9,9,8,9,8,10,10,10,7,8,8,5,6,7
sf,cvs,azureus,azureus/azureus3/com/aelitis/azureus/activities/VuzeActivitiesEntry.java,clean,java,IssueFalse,190940,354,45775,44,6,8,7,9,7,6,9,8,10,6,4,8,8,9,9,9,9,9,7,10,10,6,4,8,10,10,9,9,10,10,9,10,9,9,10,10,9,9,9,8,8,9,6,7,7,8,6,8,5,6,8,8,5,7,7,7,8,9,9,6,8,7
sf,cvs,azureus,azureus/azureus3/com/aelitis/azureus/activities/VuzeActivitiesManager.java,clean,java,IssueFalse,190940,354,45775,44,6,7,7,8,5,9,5,8,10,6,4,10,4,8,10,9,9,9,5,10,10,6,4,10,4,6,6,3,5,7,4,8,9,4,8,9,9,9,9,9,10,10,7,7,7,7,6,7,7,7,8,7,8,4,4,4,7,8,7,4,5,5
sf,cvs,azureus,azureus/azureus3/com/aelitis/azureus/buddy/Attic/VuzeBuddy.java,buggy,java,IssueFalse,190940,354,45775,44,2,7,3,8,10,2,8,6,9,6,4,7,8,8,8,10,10,10,5,8,8,6,4,7,4,6,6,10,10,9,10,9,9,9,9,9,9,9,9,8,8,9,3,3,5,2,4,5,2,1,2,5,5,4,5,4,5,5,5,2,3,3
sf,cvs,azureus,azureus/azureus3/com/aelitis/azureus/buddy/impl/Attic/VuzeBuddyImpl.java,buggy,java,IssueFalse,190940,354,45775,44,6,4,7,9,4,9,9,8,10,6,4,8,8,9,9,9,9,9,9,10,10,6,4,8,9,9,8,9,10,10,9,10,9,9,10,10,10,10,10,9,9,9,6,6,7,4,3,7,6,7,8,9,5,6,6,7,8,9,9,7,9,8
sf,cvs,azureus,azureus/azureus3/com/aelitis/azureus/buddy/impl/Attic/VuzeBuddyManager.java,buggy,java,IssueFalse,190940,354,45775,44,9,10,9,10,7,9,6,9,10,6,4,10,4,9,10,9,9,9,6,10,10,6,4,10,4,8,8,3,5,9,5,10,10,4,9,10,9,10,10,9,10,10,7,7,9,8,9,9,7,9,10,8,8,6,8,7,5,5,5,4,7,7
sf,cvs,azureus,azureus/azureus3/com/aelitis/azureus/core/cnetwork/ContentNetwork.java,clean,java,IssueFalse,190940,354,45775,44,3,8,3,7,9,2,7,5,9,1,1,5,7,7,7,9,9,9,2,6,7,1,1,5,4,6,6,9,9,8,9,8,8,9,9,9,9,9,9,8,8,9,3,3,4,5,6,6,2,1,2,5,5,5,6,5,5,5,5,5,7,5
sf,cvs,azureus,azureus/azureus3/com/aelitis/azureus/core/cnetwork/impl/ContentNetworkVuzeGeneric.java,clean,java,IssueFalse,190940,354,45775,44,5,2,6,5,3,4,8,7,9,7,9,9,4,7,8,9,9,9,8,10,10,7,9,9,9,9,9,6,7,6,5,6,5,4,6,5,10,10,10,8,8,9,9,9,6,10,10,7,7,5,5,9,8,5,6,6,5,7,7,3,6,6
sf,cvs,azureus,azureus/azureus3/com/aelitis/azureus/core/crypto/VuzeCryptoManager.java,clean,java,IssueFalse,190940,354,45775,44,4,3,4,6,5,9,3,4,9,6,4,10,3,7,9,9,9,9,3,8,10,6,4,10,5,8,8,4,6,7,3,6,7,4,6,8,9,10,10,8,8,9,5,6,5,4,4,5,4,4,4,4,8,4,4,3,10,9,8,9,8,7
sf,cvs,azureus,azureus/azureus3/com/aelitis/azureus/core/devices/Device.java,clean,java,IssueFalse,190940,354,45775,44,2,2,2,6,8,2,5,4,8,1,1,5,1,7,7,10,10,10,2,7,8,1,1,5,4,6,6,7,8,8,7,8,7,7,8,8,9,9,9,8,8,9,3,3,4,5,7,5,2,1,2,10,10,5,7,8,6,9,8,2,5,4
sf,cvs,azureus,azureus/azureus3/com/aelitis/azureus/core/devices/DeviceManager.java,clean,java,IssueFalse,190940,354,45775,44,1,2,1,5,8,2,3,3,8,1,1,5,1,5,6,10,10,10,3,8,8,1,1,5,4,6,6,6,7,6,5,6,5,6,7,7,9,9,9,8,8,9,3,3,3,5,5,4,2,1,1,9,8,7,7,8,5,5,5,2,3,3
sf,cvs,azureus,azureus/azureus3/com/aelitis/azureus/core/devices/DeviceManagerListener.java,clean,java,IssueFalse,190940,354,45775,44,1,2,1,2,10,2,3,1,7,1,1,5,1,5,6,10,10,10,2,6,7,1,1,5,4,6,6,5,4,3,4,3,2,5,5,4,9,9,9,8,8,9,3,3,3,2,2,2,2,1,1,5,5,6,6,5,5,5,5,2,2,2
sf,cvs,azureus,azureus/azureus3/com/aelitis/azureus/core/devices/DeviceMediaRenderer.java,clean,java,IssueFalse,190940,354,45775,44,1,2,2,4,9,2,5,3,8,6,4,7,8,8,8,10,10,10,2,7,7,6,4,7,4,6,6,8,7,6,7,6,5,8,7,7,9,9,9,8,8,9,3,3,3,4,4,4,2,1,1,9,5,7,8,9,8,10,9,2,5,6
sf,cvs,azureus,azureus/azureus3/com/aelitis/azureus/core/devices/TranscodeFile.java,clean,java,IssueFalse,190940,354,45775,44,2,2,2,6,8,2,7,4,8,1,1,5,6,7,7,10,10,10,4,7,8,1,1,5,4,6,6,9,8,8,9,8,7,9,9,8,9,9,9,8,8,9,3,3,4,4,4,5,2,1,2,10,10,6,7,9,6,9,8,2,5,5
sf,cvs,azureus,azureus/azureus3/com/aelitis/azureus/core/devices/TranscodeProfile.java,clean,java,IssueFalse,190940,354,45775,44,1,2,1,3,10,2,4,2,7,1,1,5,1,5,6,10,10,10,2,7,7,1,1,5,4,6,6,6,6,5,6,5,4,7,6,6,9,9,9,8,8,9,3,3,3,6,6,4,2,1,1,8,5,5,5,6,5,5,5,2,2,2
sf,cvs,azureus,azureus/azureus3/com/aelitis/azureus/core/devices/TranscodeProvider.java,clean,java,IssueFalse,190940,354,45775,44,1,2,1,2,9,2,3,1,7,1,1,5,1,5,6,10,10,10,3,7,7,1,1,5,4,6,6,5,5,3,5,4,3,6,5,5,9,9,9,8,8,9,3,3,3,2,3,2,2,1,1,9,5,5,6,7,5,5,5,2,6,5
sf,cvs,azureus,azureus/azureus3/com/aelitis/azureus/core/devices/TranscodeTarget.java,clean,java,IssueFalse,190940,354,45775,44,1,2,2,5,8,2,6,3,8,1,1,5,4,6,6,10,10,10,5,8,8,1,1,5,4,6,6,8,8,7,8,7,6,8,8,8,9,9,9,8,8,9,3,3,3,4,4,4,2,1,1,9,5,6,7,8,7,9,8,2,3,4
sf,cvs,azureus,azureus/azureus3/com/aelitis/azureus/core/devices/impl/DeviceContentDirectoryImpl.java,clean,java,IssueFalse,190940,354,45775,44,1,2,2,2,9,3,3,1,7,10,10,9,10,10,9,9,9,9,4,7,8,10,10,9,4,6,6,4,4,3,3,3,2,1,1,1,10,10,10,8,8,9,5,4,3,5,3,3,3,1,1,7,5,8,8,7,5,5,5,5,6,6
sf,cvs,azureus,azureus/azureus3/com/aelitis/azureus/core/devices/impl/DeviceImpl.java,buggy,java,IssueFalse,190940,354,45775,44,9,2,9,10,2,7,9,10,10,6,4,9,8,9,9,10,10,10,9,10,10,6,4,9,9,10,9,9,10,10,9,10,10,8,10,10,10,10,10,8,8,9,6,6,9,8,6,9,5,7,10,10,10,10,10,10,9,10,10,6,9,10
sf,cvs,azureus,azureus/azureus3/com/aelitis/azureus/core/devices/impl/DeviceInternetGatewayImpl.java,clean,java,IssueFalse,190940,354,45775,44,4,2,4,5,4,7,5,4,9,7,10,10,9,10,10,9,9,9,5,9,9,7,10,10,6,7,8,5,6,7,5,5,6,3,5,5,10,10,10,8,8,9,7,5,5,5,3,4,5,4,4,10,10,9,10,10,7,9,9,6,8,9
sf,cvs,azureus,azureus/azureus3/com/aelitis/azureus/core/devices/impl/DeviceManagerImpl.java,clean,java,IssueFalse,190940,354,45775,44,7,3,7,8,2,9,4,7,10,6,4,10,4,8,10,9,9,9,4,10,10,6,4,10,6,9,9,5,9,9,5,9,9,4,8,9,10,10,10,9,9,9,5,5,6,7,5,7,5,5,7,10,9,9,10,10,7,10,10,6,9,10
sf,cvs,azureus,azureus/azureus3/com/aelitis/azureus/core/devices/impl/DeviceManagerUPnPImpl.java,clean,java,IssueFalse,190940,354,45775,44,6,4,6,8,3,7,4,6,10,6,4,10,3,7,10,9,9,9,5,10,10,6,4,10,4,8,8,4,8,9,3,7,9,4,7,9,10,10,10,8,8,9,6,7,7,4,4,6,5,8,7,10,10,9,10,10,8,10,10,8,10,10
sf,cvs,azureus,azureus/azureus3/com/aelitis/azureus/core/devices/impl/DeviceMediaRendererImpl.java,clean,java,IssueFalse,190940,354,45775,44,3,2,2,5,6,3,6,3,8,10,10,9,10,10,10,9,9,9,6,8,8,10,10,9,4,6,6,8,7,6,8,7,6,6,6,5,10,10,10,8,8,9,3,4,3,3,4,4,3,2,2,10,9,8,9,10,9,10,10,4,8,9
sf,cvs,azureus,azureus/azureus3/com/aelitis/azureus/core/devices/impl/DeviceUPnPImpl.java,buggy,java,IssueFalse,190940,354,45775,44,7,2,7,8,2,9,7,8,10,6,9,10,7,10,10,10,10,10,7,10,10,6,9,10,6,8,8,6,9,9,6,9,9,4,8,8,10,10,10,8,8,9,7,7,8,7,5,8,6,5,9,10,10,10,10,10,9,10,10,6,10,10
sf,cvs,azureus,azureus/azureus3/com/aelitis/azureus/core/devices/impl/DeviceiTunes.java,clean,java,IssueFalse,190940,354,45775,44,6,3,6,8,3,7,6,7,10,6,9,10,8,10,10,9,9,9,5,10,10,6,9,10,7,9,9,6,9,9,5,8,8,5,8,8,10,10,10,8,8,9,6,7,6,4,5,6,4,7,6,10,10,9,10,10,8,10,10,5,8,9
sf,cvs,azureus,azureus/azureus3/com/aelitis/azureus/core/devices/impl/DeviceiTunesManager.java,clean,java,IssueFalse,190940,354,45775,44,2,2,3,4,6,4,3,2,8,6,4,9,2,6,8,9,9,9,2,7,8,6,4,9,4,7,7,3,4,5,2,3,4,2,4,5,9,10,10,9,9,9,5,4,4,3,3,3,4,2,2,4,5,7,6,5,5,5,5,5,5,4
sf,cvs,azureus,azureus/azureus3/com/aelitis/azureus/core/devices/impl/TranscodeFileImpl.java,buggy,java,IssueFalse,190940,354,45775,44,6,3,6,9,3,9,9,8,10,6,4,7,9,9,9,9,9,9,9,9,9,6,4,7,8,7,7,10,10,10,10,10,9,9,9,9,10,10,10,9,9,9,5,5,7,8,6,8,4,4,7,10,10,9,10,10,5,8,8,4,8,9
sf,cvs,azureus,azureus/azureus3/com/aelitis/azureus/core/devices/impl/TranscodeJobImpl.java,clean,java,IssueFalse,190940,354,45775,44,7,3,7,9,3,6,9,8,10,6,4,7,9,9,8,9,9,9,10,10,10,6,4,7,10,10,9,10,10,9,10,9,9,9,9,9,10,10,10,8,8,9,5,5,7,8,5,8,5,6,8,10,10,9,10,10,6,8,9,5,9,10
sf,cvs,azureus,azureus/azureus3/com/aelitis/azureus/core/devices/impl/TranscodeProfileImpl.java,clean,java,IssueFalse,190940,354,45775,44,2,2,2,4,7,2,5,2,8,6,4,7,5,7,7,9,9,9,3,7,7,6,4,7,8,8,7,7,6,5,6,5,4,7,6,6,10,9,9,8,8,9,3,3,3,3,3,3,3,2,2,8,5,7,7,8,5,5,5,2,3,3
sf,cvs,azureus,azureus/azureus3/com/aelitis/azureus/core/devices/impl/TranscodeProviderVuze.java,clean,java,IssueFalse,190940,354,45775,44,6,2,6,7,2,9,5,5,10,6,9,10,3,7,9,9,10,10,4,9,10,6,9,10,4,7,7,4,6,8,3,5,8,4,5,8,9,10,10,8,8,9,8,7,6,4,5,5,5,7,6,10,5,10,10,10,9,10,10,9,10,10
sf,cvs,azureus,azureus/azureus3/com/aelitis/azureus/core/devices/impl/TranscodeQueueImpl.java,buggy,java,IssueFalse,190940,354,45775,44,8,4,8,9,2,9,6,8,10,6,4,10,4,8,10,9,9,9,4,10,10,6,4,10,6,9,9,5,9,10,5,9,9,4,8,10,10,10,10,8,8,9,7,9,8,6,7,8,5,10,9,10,10,10,10,10,9,10,10,7,10,10
sf,cvs,azureus,azureus/azureus3/com/aelitis/azureus/core/download/DiskManagerFileInfoStream.java,buggy,java,IssueFalse,190940,354,45775,44,6,2,6,9,2,6,5,5,10,1,4,10,4,8,9,9,10,10,5,9,10,1,4,10,8,8,10,6,8,10,6,8,9,6,9,10,10,10,10,8,8,9,5,6,7,3,5,7,3,5,7,8,8,6,6,6,7,8,7,4,6,6
sf,cvs,azureus,azureus/azureus3/com/aelitis/azureus/core/download/DownloadManagerEnhancer.java,clean,java,IssueFalse,190940,354,45775,44,4,3,5,6,5,9,4,4,9,6,4,10,3,7,9,9,9,9,5,9,10,6,4,10,5,7,7,4,5,7,3,5,6,4,6,8,9,10,10,8,8,9,7,7,5,6,5,5,6,6,5,4,8,3,3,2,9,8,7,8,7,6
sf,cvs,azureus,azureus/azureus3/com/aelitis/azureus/core/messenger/PlatformMessenger.java,clean,java,IssueFalse,190940,354,45775,44,7,7,7,8,6,9,6,8,10,6,9,10,4,8,9,9,9,9,7,10,10,6,9,10,4,6,6,3,7,7,4,7,8,4,7,9,9,10,10,9,9,9,8,9,7,8,6,7,7,9,8,8,5,8,9,9,10,10,10,7,9,8
sf,cvs,azureus,azureus/azureus3/com/aelitis/azureus/core/messenger/config/PlatformConfigMessenger.java,clean,java,IssueFalse,190940,354,45775,44,4,3,4,5,6,6,5,4,9,1,4,8,1,7,8,9,10,10,6,9,10,1,4,8,4,6,6,3,3,3,3,5,6,4,7,7,9,9,9,8,8,9,7,7,5,6,5,5,5,8,4,4,5,5,4,4,5,5,5,6,6,4
sf,cvs,azureus,azureus/azureus3/com/aelitis/azureus/core/messenger/config/PlatformDevicesMessenger.java,clean,java,IssueFalse,190940,354,45775,44,3,3,4,2,6,6,7,4,8,6,4,7,4,6,7,9,9,9,9,9,9,6,4,7,4,6,6,1,1,1,5,4,3,5,5,4,9,9,9,9,9,9,9,6,4,9,4,4,10,9,5,9,8,8,9,9,7,9,9,8,9,9
sf,cvs,azureus,azureus/azureus3/com/aelitis/azureus/core/metasearch/Engine.java,clean,java,IssueFalse,190940,354,45775,44,3,4,3,8,7,2,8,5,9,1,1,5,7,8,8,10,10,10,4,7,8,1,1,5,4,6,6,9,9,9,9,9,8,9,9,9,9,9,9,8,8,9,3,3,4,5,6,6,2,1,2,4,8,5,4,4,5,5,5,2,2,2
sf,cvs,azureus,azureus/azureus3/com/aelitis/azureus/core/metasearch/impl/EngineImpl.java,buggy,java,IssueFalse,190940,354,45775,44,8,4,8,9,2,7,9,9,10,6,4,8,8,9,9,10,10,10,9,10,10,6,4,8,10,10,9,10,10,10,10,10,10,8,9,9,10,10,10,9,9,9,6,6,8,8,7,9,5,8,9,7,8,7,7,6,5,5,5,2,3,3
sf,cvs,azureus,azureus/azureus3/com/aelitis/azureus/core/metasearch/impl/MetaSearchManagerImpl.java,clean,java,IssueFalse,190940,354,45775,44,8,4,8,9,2,10,7,9,10,6,4,10,4,8,10,9,9,9,5,10,10,6,4,10,6,8,9,5,8,10,5,8,9,5,8,10,10,10,10,9,9,9,8,10,8,6,8,8,6,10,9,7,5,10,10,10,8,9,8,4,6,5
sf,cvs,azureus,azureus/azureus3/com/aelitis/azureus/core/metasearch/impl/web/WebEngine.java,buggy,java,IssueFalse,190940,354,45775,44,7,5,8,8,3,10,9,9,10,7,9,9,9,10,9,10,10,10,9,10,10,7,9,9,10,9,9,8,9,9,8,9,9,8,8,8,10,10,10,8,8,9,8,10,7,8,7,8,7,10,8,9,9,10,10,10,9,10,9,7,9,8
sf,cvs,azureus,azureus/azureus3/com/aelitis/azureus/core/metasearch/impl/web/rss/RSSEngine.java,buggy,java,IssueFalse,190940,354,45775,44,5,1,5,4,2,10,9,7,9,10,10,9,10,10,9,9,9,9,9,9,9,10,10,9,4,6,6,6,6,5,7,6,5,6,6,5,10,10,10,8,8,9,10,10,6,9,6,5,9,10,5,5,8,10,9,8,6,7,6,5,6,5
sf,cvs,azureus,azureus/azureus3/com/aelitis/azureus/core/subs/Subscription.java,clean,java,IssueFalse,190940,354,45775,44,3,2,2,8,6,2,8,6,9,1,1,5,8,8,8,10,10,10,3,7,7,1,1,5,4,6,6,10,9,9,10,9,9,10,10,10,9,9,9,8,8,9,3,3,5,6,7,7,2,1,2,4,5,5,4,4,5,5,5,2,2,2
sf,cvs,azureus,azureus/azureus3/com/aelitis/azureus/core/subs/impl/SubscriptionImpl.java,buggy,java,IssueFalse,190940,354,45775,44,9,4,9,10,2,6,8,10,10,6,4,10,7,9,10,9,9,9,7,10,10,6,4,10,10,10,10,9,10,10,8,10,10,7,10,10,10,10,10,8,8,9,5,7,8,8,9,10,6,8,10,4,5,8,7,6,5,5,5,2,2,2
sf,cvs,azureus,azureus/azureus3/com/aelitis/azureus/core/subs/impl/SubscriptionManagerImpl.java,buggy,java,IssueFalse,190940,354,45775,44,10,7,10,10,2,10,5,10,10,6,9,10,4,10,10,9,10,10,4,10,10,6,9,10,5,10,10,5,10,10,4,10,10,4,9,10,10,10,10,8,8,9,7,8,10,7,10,10,6,9,10,8,9,3,3,2,5,5,5,2,2,2
sf,cvs,azureus,azureus/azureus3/com/aelitis/azureus/core/subs/impl/SubscriptionSchedulerImpl.java,clean,java,IssueFalse,190940,354,45775,44,6,2,6,7,2,9,4,6,9,6,4,10,3,7,9,9,9,9,5,10,10,6,4,10,6,9,8,4,8,8,3,7,7,4,7,8,10,10,10,8,8,9,7,6,6,6,6,6,6,8,7,8,8,9,9,9,9,10,9,7,8,7
sf,cvs,azureus,azureus/azureus3/com/aelitis/azureus/core/torrent/PlatformTorrentUtils.java,clean,java,IssueFalse,190940,354,45775,44,7,7,8,10,4,9,8,9,10,6,4,9,7,9,9,9,9,9,7,10,10,6,4,9,4,6,6,3,3,3,8,10,10,8,10,10,9,9,9,9,10,10,6,8,8,9,8,9,5,9,9,7,5,4,4,4,5,5,5,2,3,4
sf,cvs,azureus,azureus/azureus3/com/aelitis/azureus/ui/swt/Initializer.java,clean,java,IssueFalse,190940,354,45775,44,5,6,6,7,6,7,4,6,9,6,4,10,4,7,9,9,9,9,5,10,10,6,4,10,6,8,9,4,7,8,4,7,8,4,8,9,9,9,9,9,9,9,6,5,6,5,5,6,6,7,7,8,5,7,9,8,7,8,8,6,8,7
sf,cvs,azureus,azureus/azureus3/com/aelitis/azureus/ui/swt/UIConfigDefaultsSWTv3.java,clean,java,IssueFalse,190940,354,45775,44,3,4,3,1,8,2,4,3,8,6,4,8,2,6,7,9,9,9,4,8,8,6,4,8,4,6,6,1,3,2,2,2,2,2,2,3,9,9,9,8,8,9,10,7,3,5,3,2,10,7,2,4,8,3,3,2,7,7,6,7,6,5
sf,cvs,azureus,azureus/azureus3/com/aelitis/azureus/ui/swt/browser/BrowserContext.java,buggy,java,IssueFalse,190940,354,45775,44,6,7,7,8,5,10,4,6,10,6,9,10,3,8,10,10,10,10,3,9,10,6,9,10,6,10,9,3,8,9,2,8,9,3,8,9,9,10,10,9,9,9,7,9,7,7,7,7,6,9,8,9,9,7,8,8,8,9,9,8,9,9
sf,cvs,azureus,azureus/azureus3/com/aelitis/azureus/ui/swt/browser/listener/DisplayListener.java,clean,java,IssueFalse,190940,354,45775,44,5,6,6,6,6,7,4,6,9,6,9,10,3,7,9,9,9,9,5,10,10,6,9,10,4,6,6,3,7,7,2,7,7,3,5,7,9,9,9,9,10,10,7,7,6,7,6,6,6,8,6,9,8,6,6,7,5,8,7,7,9,9
sf,cvs,azureus,azureus/azureus3/com/aelitis/azureus/ui/swt/browser/listener/MetaSearchListener.java,clean,java,IssueFalse,190940,354,45775,44,9,6,9,9,2,9,5,9,10,6,9,10,3,7,10,9,9,9,6,10,10,6,9,10,4,7,8,4,6,9,2,5,9,4,6,9,9,10,10,9,9,10,9,10,9,8,10,8,8,10,9,8,8,3,3,2,5,5,5,2,2,2
sf,cvs,azureus,azureus/azureus3/com/aelitis/azureus/ui/swt/browser/listener/TorrentListener.java,clean,java,IssueFalse,190940,354,45775,44,3,1,4,4,2,4,3,4,8,6,9,10,3,7,8,9,9,9,4,9,9,6,9,10,4,6,6,3,5,5,2,5,5,4,6,6,9,9,9,9,9,9,6,5,4,6,4,4,6,5,4,7,5,7,8,7,9,10,9,9,9,8
sf,cvs,azureus,azureus/azureus3/com/aelitis/azureus/ui/swt/columns/torrent/Attic/ColumnAzProduct.java,clean,java,IssueFalse,190940,354,45775,44,3,1,3,4,5,6,5,4,8,7,9,9,4,7,8,9,9,9,5,9,9,7,9,9,4,6,6,5,6,5,4,5,4,5,6,6,9,9,9,8,8,9,7,5,4,5,4,4,5,3,3,9,8,5,6,7,6,9,8,7,9,9
sf,cvs,azureus,azureus/azureus3/com/aelitis/azureus/ui/swt/columns/torrent/Attic/ColumnMediaThumb.java,clean,java,IssueFalse,190940,354,45775,44,6,6,7,6,5,9,8,8,10,7,9,10,4,7,8,9,9,9,7,10,10,7,9,10,8,9,9,6,8,8,5,7,7,6,8,8,9,9,9,9,10,10,9,10,7,8,8,6,8,10,7,5,5,3,3,2,5,5,5,5,6,5
sf,cvs,azureus,azureus/azureus3/com/aelitis/azureus/ui/swt/columns/torrent/ColumnProgressETA.java,buggy,java,IssueFalse,190940,354,45775,44,4,3,5,5,4,6,7,6,9,7,9,9,5,7,8,9,9,9,8,9,10,7,9,9,8,8,8,6,6,6,5,6,6,5,5,6,9,9,9,10,10,10,8,8,5,7,5,5,8,9,6,7,8,9,9,8,5,7,6,4,6,5
sf,cvs,azureus,azureus/azureus3/com/aelitis/azureus/ui/swt/columns/torrent/ColumnThumbnail.java,clean,java,IssueFalse,190940,354,45775,44,3,6,3,4,9,6,4,4,8,6,9,9,3,7,8,9,9,9,4,9,9,6,9,9,4,6,6,4,6,5,3,5,5,4,6,7,9,9,9,8,8,9,6,5,4,6,4,4,5,4,3,8,5,7,7,8,6,8,7,3,5,6
sf,cvs,azureus,azureus/azureus3/com/aelitis/azureus/ui/swt/columns/utils/TableColumnCreatorV3.java,clean,java,IssueFalse,190940,354,45775,44,5,4,6,5,4,4,6,7,9,6,4,9,4,7,8,9,9,9,7,10,10,6,4,9,5,7,7,3,3,3,4,5,5,4,6,7,9,9,9,9,9,9,9,5,6,8,4,5,9,5,7,7,8,4,4,4,9,9,8,9,9,8
sf,cvs,azureus,azureus/azureus3/com/aelitis/azureus/ui/swt/columns/vuzeactivity/ColumnActivityActions.java,clean,java,IssueFalse,190940,354,45775,44,5,5,6,4,4,10,7,8,10,6,9,9,4,7,8,9,9,9,6,9,10,6,9,9,7,8,8,5,6,6,4,5,5,4,6,7,9,9,9,9,9,9,10,8,6,9,6,6,9,9,7,7,5,4,4,4,6,8,7,4,6,5
sf,cvs,azureus,azureus/azureus3/com/aelitis/azureus/ui/swt/columns/vuzeactivity/ColumnActivityText.java,clean,java,IssueFalse,190940,354,45775,44,4,3,4,3,6,9,8,5,9,9,9,8,5,7,7,9,9,9,8,9,9,9,9,8,7,7,7,6,6,5,6,5,4,6,6,5,9,9,9,9,9,9,9,7,5,8,5,4,9,7,5,4,5,3,3,2,5,5,5,3,3,3
sf,cvs,azureus,azureus/azureus3/com/aelitis/azureus/ui/swt/devices/DeviceInfoArea.java,clean,java,IssueFalse,190940,354,45775,44,5,4,6,6,4,3,3,4,9,6,9,10,2,6,9,9,9,9,4,9,10,6,9,10,4,8,7,3,5,7,2,4,6,2,4,7,9,9,10,9,9,9,6,6,5,5,5,5,6,5,5,9,5,10,10,10,10,10,10,10,10,10
sf,cvs,azureus,azureus/azureus3/com/aelitis/azureus/ui/swt/devices/DeviceManagerUI.java,buggy,java,IssueFalse,190940,354,45775,44,10,6,9,10,2,9,3,8,10,6,10,10,2,8,10,9,10,10,3,10,10,6,10,10,5,10,10,3,8,10,2,8,10,2,6,10,9,10,10,9,9,9,6,8,9,6,7,9,5,8,10,10,10,10,10,10,9,10,10,8,10,10
sf,cvs,azureus,azureus/azureus3/com/aelitis/azureus/ui/swt/devices/DevicesFTUX.java,buggy,java,IssueFalse,190940,354,45775,44,4,5,6,6,6,4,2,4,9,6,4,10,2,7,9,9,9,9,2,10,10,6,4,10,5,9,8,3,5,7,2,5,7,2,4,7,9,10,10,9,9,9,5,6,5,6,7,5,6,8,5,10,5,8,9,9,7,9,9,7,9,9
sf,cvs,azureus,azureus/azureus3/com/aelitis/azureus/ui/swt/devices/DevicesWizard.java,clean,java,IssueFalse,190940,354,45775,44,4,1,5,3,1,4,3,3,8,6,4,9,2,6,8,9,9,9,3,8,9,6,4,9,7,9,9,3,4,4,2,4,4,2,3,5,9,9,9,9,9,9,7,5,4,9,5,5,8,8,4,4,5,9,7,6,7,7,6,9,8,7
sf,cvs,azureus,azureus/azureus3/com/aelitis/azureus/ui/swt/devices/SBC_DevicesView.java,buggy,java,IssueFalse,190940,354,45775,44,8,8,9,9,4,7,3,9,10,6,9,10,2,8,10,9,9,9,3,10,10,6,9,10,4,9,9,3,9,10,2,8,10,3,8,10,9,10,10,9,10,10,8,7,9,4,5,8,5,7,9,10,10,9,10,10,9,10,10,9,10,10
sf,cvs,azureus,azureus/azureus3/com/aelitis/azureus/ui/swt/devices/TranscodeChooser.java,buggy,java,IssueFalse,190940,354,45775,44,6,6,7,7,5,7,3,6,10,6,4,10,2,7,10,9,10,10,3,10,10,6,4,10,5,9,9,3,6,8,2,6,8,2,5,8,9,10,10,9,9,9,8,7,7,8,8,7,8,9,8,10,10,10,10,10,10,10,10,9,10,10
sf,cvs,azureus,azureus/azureus3/com/aelitis/azureus/ui/swt/devices/columns/ColumnTJ_Completion.java,clean,java,IssueFalse,190940,354,45775,44,3,3,4,3,6,6,5,4,8,6,4,8,4,7,8,9,9,9,7,9,9,6,4,8,7,8,7,5,5,5,4,5,4,4,5,5,9,9,9,9,9,9,7,6,4,7,5,4,7,7,3,9,8,7,8,8,7,9,8,6,8,8
sf,cvs,azureus,azureus/azureus3/com/aelitis/azureus/ui/swt/devices/columns/ColumnTJ_CopiedToDevice.java,clean,java,IssueFalse,190940,354,45775,44,1,2,2,2,9,4,3,2,7,6,4,8,2,6,7,9,9,9,5,8,9,6,4,8,4,6,6,3,3,3,2,2,2,2,3,3,9,9,9,8,8,9,7,5,3,6,4,3,7,3,2,7,5,8,8,7,5,7,6,4,6,5
sf,cvs,azureus,azureus/azureus3/com/aelitis/azureus/ui/swt/extlistener/StimulusRPC.java,clean,java,IssueFalse,190940,354,45775,44,3,4,4,2,7,7,6,5,9,6,4,8,2,6,7,9,9,9,8,10,10,6,4,8,4,6,6,3,3,2,2,2,2,2,3,3,9,9,9,8,8,9,10,9,5,9,6,3,10,9,3,8,5,4,5,5,5,5,5,3,5,5
sf,cvs,azureus,azureus/azureus3/com/aelitis/azureus/ui/swt/shells/Attic/LightBoxBrowserWindow.java,clean,java,IssueFalse,190940,354,45775,44,4,8,5,7,8,6,2,4,9,1,4,10,2,7,10,9,10,10,2,9,10,1,4,10,6,10,9,3,7,9,2,7,8,3,7,9,9,9,9,9,9,9,5,5,5,6,8,6,5,9,6,5,5,8,8,7,5,5,5,4,5,4
sf,cvs,azureus,azureus/azureus3/com/aelitis/azureus/ui/swt/shells/friends/Attic/SharePage.java,clean,java,IssueFalse,190940,354,45775,44,5,9,6,8,9,4,3,6,9,6,9,10,3,8,10,9,9,9,3,10,10,6,9,10,6,10,9,4,9,9,3,8,9,4,8,9,9,9,9,9,10,10,5,5,6,4,5,6,6,5,8,7,5,5,6,5,8,9,8,8,9,8
sf,cvs,azureus,azureus/azureus3/com/aelitis/azureus/ui/swt/shells/main/DebugMenuHelper.java,clean,java,IssueFalse,190940,354,45775,44,2,7,3,3,10,3,2,1,8,6,4,10,2,6,9,9,9,9,2,7,9,6,4,10,4,6,6,1,3,4,2,2,4,2,2,5,9,9,9,8,8,9,4,3,3,2,3,2,4,3,2,8,5,6,7,6,8,9,8,2,3,4
sf,cvs,azureus,azureus/azureus3/com/aelitis/azureus/ui/swt/shells/main/MainMenu.java,clean,java,IssueFalse,190940,354,45775,44,7,7,7,9,5,6,2,6,10,6,4,10,2,8,10,9,9,9,3,9,10,6,4,10,4,8,8,3,8,10,2,8,9,2,6,9,9,9,9,9,10,10,6,6,7,4,4,7,6,6,9,9,5,4,6,6,8,9,9,8,9,9
sf,cvs,azureus,azureus/azureus3/com/aelitis/azureus/ui/swt/shells/main/MainWindow.java,clean,java,IssueFalse,190940,354,45775,44,10,9,10,10,4,9,4,10,10,6,4,10,2,9,10,9,9,9,3,10,10,6,4,10,4,10,10,3,10,10,2,10,10,3,9,10,9,10,10,9,10,10,8,7,10,6,7,9,7,10,10,10,8,3,3,2,5,5,5,2,2,2
sf,cvs,azureus,azureus/azureus3/com/aelitis/azureus/ui/swt/shells/main/UIFunctionsImpl.java,clean,java,IssueFalse,190940,354,45775,44,7,7,8,9,5,7,5,9,10,6,4,10,4,9,10,9,9,9,5,10,10,6,4,10,4,8,7,5,10,10,4,10,9,5,10,10,9,9,9,8,8,9,6,7,8,6,7,8,5,5,9,9,8,9,9,9,7,9,8,5,7,7
sf,cvs,azureus,azureus/azureus3/com/aelitis/azureus/ui/swt/skin/SWTSkin.java,clean,java,IssueFalse,190940,354,45775,44,9,10,9,9,7,10,8,10,10,6,4,10,5,9,10,9,9,9,4,10,10,6,4,10,7,10,9,6,10,10,6,10,10,5,9,9,9,10,10,10,10,10,9,10,9,9,9,9,7,7,9,7,8,10,9,9,10,10,10,10,10,10
sf,cvs,azureus,azureus/azureus3/com/aelitis/azureus/ui/swt/skin/SWTSkinObjectBasic.java,buggy,java,IssueFalse,190940,354,45775,44,7,7,8,9,5,9,5,9,10,6,4,10,4,8,10,10,10,10,3,10,10,6,4,10,7,10,10,5,10,10,4,9,9,5,10,10,9,10,10,8,8,9,7,8,8,8,6,9,5,8,8,8,9,8,8,8,6,8,7,7,9,8
sf,cvs,azureus,azureus/azureus3/com/aelitis/azureus/ui/swt/skin/SWTSkinObjectBrowser.java,buggy,java,IssueFalse,190940,354,45775,44,4,4,5,6,6,6,4,6,9,6,9,10,6,9,9,9,9,9,4,10,10,6,9,10,6,9,8,4,7,8,3,7,7,4,8,8,9,9,9,8,8,9,7,6,6,9,7,6,6,8,6,5,8,6,6,5,8,8,7,8,8,7
sf,cvs,azureus,azureus/azureus3/com/aelitis/azureus/ui/swt/skin/SWTSkinObjectContainer.java,clean,java,IssueFalse,190940,354,45775,44,4,4,5,5,6,7,5,5,9,6,9,10,7,9,9,9,9,9,2,8,9,6,9,10,4,7,7,5,7,7,4,7,6,4,7,7,9,10,10,9,9,9,7,5,5,9,5,6,5,3,5,5,8,5,5,5,5,5,5,5,7,5
sf,cvs,azureus,azureus/azureus3/com/aelitis/azureus/ui/swt/skin/SWTSkinObjectImage.java,buggy,java,IssueFalse,190940,354,45775,44,5,3,6,6,3,7,5,5,10,6,9,10,5,9,10,9,9,9,4,8,10,6,9,10,5,8,8,3,7,7,2,6,7,3,6,7,9,10,10,9,9,9,9,8,6,8,7,6,7,7,6,4,5,10,9,8,10,10,9,9,8,6
sf,cvs,azureus,azureus/azureus3/com/aelitis/azureus/ui/swt/skin/SWTSkinObjectText2.java,clean,java,IssueFalse,190940,354,45775,44,6,5,7,6,4,7,5,7,10,6,9,10,4,9,10,9,9,9,3,9,10,6,9,10,6,10,9,3,7,8,2,6,7,3,7,8,9,9,9,9,9,9,9,9,7,9,7,7,8,9,7,8,5,6,6,7,5,5,5,2,3,4
sf,cvs,azureus,azureus/azureus3/com/aelitis/azureus/ui/swt/subscriptions/SubscriptionManagerUI.java,buggy,java,IssueFalse,190940,354,45775,44,9,9,9,10,4,9,3,6,10,6,9,10,2,7,10,9,9,9,3,10,10,6,9,10,4,10,10,3,7,10,2,7,10,2,7,10,9,10,10,9,9,9,6,6,9,5,7,9,6,8,10,10,8,9,10,10,10,10,10,5,8,9
sf,cvs,azureus,azureus/azureus3/com/aelitis/azureus/ui/swt/subscriptions/SubscriptionSelectedContent.java,buggy,java,IssueFalse,190940,354,45775,44,2,2,2,2,7,6,4,2,7,9,9,8,4,6,7,9,9,9,7,8,8,9,9,8,7,7,7,5,5,3,5,4,3,5,5,4,10,9,9,8,8,9,4,4,3,4,3,3,7,5,2,5,5,10,9,9,8,9,8,2,3,3
sf,cvs,azureus,azureus/azureus3/com/aelitis/azureus/ui/swt/subscriptions/SubscriptionWizard.java,clean,java,IssueFalse,190940,354,45775,44,8,7,9,8,4,6,2,5,10,6,4,10,2,7,10,9,9,9,2,9,10,6,4,10,6,10,10,3,7,9,2,7,9,2,4,9,9,10,10,9,10,10,6,5,7,9,9,8,8,9,9,4,5,7,6,5,9,8,7,5,5,4
sf,cvs,azureus,azureus/azureus3/com/aelitis/azureus/ui/swt/subscriptions/SubscriptionsView.java,clean,java,IssueFalse,190940,354,45775,44,5,1,5,7,2,4,4,5,9,6,4,10,4,8,9,9,9,9,3,9,10,6,4,10,5,8,7,5,8,9,5,8,8,5,9,9,9,9,9,9,9,9,5,4,5,3,5,5,4,9,6,7,5,6,7,6,5,7,6,4,5,5
sf,cvs,azureus,azureus/azureus3/com/aelitis/azureus/ui/swt/utils/Attic/SWTLoginUtils.java,clean,java,IssueFalse,190940,354,45775,44,2,4,3,5,9,3,2,2,8,6,4,10,2,7,9,10,10,10,2,8,10,6,4,10,4,7,7,3,5,6,2,5,6,4,6,8,9,9,9,8,8,9,4,4,4,3,3,4,3,2,3,4,5,3,3,2,8,8,7,6,6,4
sf,cvs,azureus,azureus/azureus3/com/aelitis/azureus/ui/swt/utils/TorrentUIUtilsV3.java,clean,java,IssueFalse,190940,354,45775,44,5,6,6,5,6,7,4,6,9,1,4,10,1,6,9,9,10,10,5,10,10,1,4,10,4,6,6,1,3,5,2,4,6,2,5,7,9,9,9,9,9,9,9,7,6,8,5,5,8,8,6,8,5,8,7,8,5,7,6,9,9,9
sf,cvs,azureus,azureus/azureus3/com/aelitis/azureus/ui/swt/views/skin/Attic/AvatarWidget.java,buggy,java,IssueFalse,190940,354,45775,44,8,9,9,10,5,9,4,8,10,2,4,10,3,9,10,9,10,10,3,10,10,2,4,10,6,10,10,4,10,10,3,10,10,4,10,10,9,10,10,9,10,10,6,9,8,5,9,9,5,10,9,8,8,5,6,6,7,8,7,7,8,8
sf,cvs,azureus,azureus/azureus3/com/aelitis/azureus/ui/swt/views/skin/Attic/BuddiesViewer.java,buggy,java,IssueFalse,190940,354,45775,44,7,8,8,9,5,9,4,8,10,6,9,10,3,8,10,9,9,9,3,9,10,6,9,10,6,10,10,4,9,10,3,9,9,4,9,10,9,9,9,9,10,10,6,6,8,7,8,8,5,9,9,4,5,9,8,6,5,5,5,8,7,6
sf,cvs,azureus,azureus/azureus3/com/aelitis/azureus/ui/swt/views/skin/Attic/UserAreaUtils.java,clean,java,IssueFalse,190940,354,45775,44,4,8,5,6,9,6,3,4,9,6,4,10,2,7,9,9,9,9,3,8,10,6,4,10,4,8,7,3,5,8,2,5,7,2,3,8,9,9,9,9,10,10,6,4,5,5,4,5,5,3,5,8,8,3,4,3,10,10,9,4,8,6
sf,cvs,azureus,azureus/azureus3/com/aelitis/azureus/ui/swt/views/skin/Attic/VuzeShareUtils.java,clean,java,IssueFalse,190940,354,45775,44,4,1,4,7,3,4,5,4,9,6,4,9,5,7,9,9,9,9,5,9,10,6,4,9,4,6,6,6,7,9,6,6,8,6,7,9,9,9,9,8,8,9,4,4,5,3,5,5,4,4,5,9,9,10,10,10,10,10,10,7,9,9
sf,cvs,azureus,azureus/azureus3/com/aelitis/azureus/ui/swt/views/skin/Browse.java,clean,java,IssueFalse,190940,354,45775,44,4,3,5,6,5,7,2,4,9,6,9,10,2,6,10,9,9,9,4,10,10,6,9,10,4,8,8,3,4,7,2,3,6,2,5,8,9,9,9,8,8,9,6,5,5,4,4,4,6,8,6,9,8,6,7,8,8,9,9,6,8,9
sf,cvs,azureus,azureus/azureus3/com/aelitis/azureus/ui/swt/views/skin/MyTorrentsView_Big.java,clean,java,IssueFalse,190940,354,45775,44,2,1,3,2,2,4,6,3,8,10,10,9,9,9,9,9,9,9,8,9,9,10,10,9,6,6,6,5,5,3,5,4,3,4,4,3,10,10,10,8,8,9,7,4,3,8,5,4,4,3,2,7,9,5,6,5,8,9,8,5,6,6
sf,cvs,azureus,azureus/azureus3/com/aelitis/azureus/ui/swt/views/skin/SBC_ActivityTableView.java,clean,java,IssueFalse,190940,354,45775,44,4,3,5,6,5,9,4,5,9,6,9,10,3,7,9,9,9,9,5,10,10,6,9,10,5,8,7,4,7,8,3,7,7,4,7,8,9,9,9,8,8,9,6,7,5,4,6,5,5,8,6,7,5,3,4,3,5,5,5,4,6,5
sf,cvs,azureus,azureus/azureus3/com/aelitis/azureus/ui/swt/views/skin/SBC_LibraryTableView.java,clean,java,IssueFalse,190940,354,45775,44,5,5,6,7,5,9,4,7,10,6,9,10,2,7,10,9,9,9,4,10,10,6,9,10,4,8,8,3,7,8,2,7,7,3,7,8,9,10,10,8,8,9,7,7,6,6,7,6,6,9,7,9,9,8,8,9,9,10,10,7,8,9
sf,cvs,azureus,azureus/azureus3/com/aelitis/azureus/ui/swt/views/skin/SBC_LibraryView.java,clean,java,IssueFalse,190940,354,45775,44,7,4,8,8,2,9,4,8,10,6,9,10,2,7,10,9,9,9,2,10,10,6,9,10,4,9,9,3,5,9,2,6,9,3,6,9,9,10,10,9,9,9,9,8,8,8,8,8,7,8,8,9,8,9,10,9,8,9,9,8,9,9
sf,cvs,azureus,azureus/azureus3/com/aelitis/azureus/ui/swt/views/skin/SearchResultsTabArea.java,clean,java,IssueFalse,190940,354,45775,44,5,5,6,7,5,4,2,4,9,6,9,10,2,7,10,9,9,9,3,9,10,6,9,10,4,8,8,3,7,9,2,6,8,2,7,9,9,9,9,9,9,9,6,5,6,4,4,5,6,6,7,7,8,9,9,8,10,10,9,4,5,5
sf,cvs,azureus,azureus/azureus3/com/aelitis/azureus/ui/swt/views/skin/SkinnedDialog.java,clean,java,IssueFalse,190940,354,45775,44,2,4,2,4,9,4,2,2,8,1,4,9,1,7,8,10,10,10,3,8,9,1,4,9,6,8,7,4,6,6,2,5,5,4,6,7,9,9,9,8,8,9,4,4,3,6,4,4,4,5,2,4,5,8,6,5,5,5,5,3,3,3
sf,cvs,azureus,azureus/azureus3/com/aelitis/azureus/ui/swt/views/skin/ToolBarView.java,buggy,java,IssueFalse,190940,354,45775,44,8,7,8,8,4,9,4,8,10,6,9,10,2,7,10,9,9,9,3,10,10,6,9,10,4,8,8,3,8,9,2,7,9,3,7,9,9,10,10,9,10,10,9,10,8,5,6,7,8,8,9,9,8,8,10,9,8,10,9,10,10,10
sf,cvs,azureus,azureus/azureus3/com/aelitis/azureus/ui/swt/views/skin/TorrentListViewsUtils.java,clean,java,IssueFalse,190940,354,45775,44,7,7,7,8,5,9,6,8,10,6,4,10,4,8,9,9,9,9,6,10,10,6,4,10,4,6,6,3,3,5,4,8,8,4,8,9,9,9,9,9,10,10,8,8,7,7,4,7,8,10,8,9,5,8,8,9,7,9,8,4,7,7
sf,cvs,azureus,azureus/azureus3/com/aelitis/azureus/ui/swt/views/skin/WelcomeView.java,clean,java,IssueFalse,190940,354,45775,44,2,2,2,2,8,4,2,1,7,6,9,9,2,6,8,9,9,9,4,8,9,6,9,9,4,6,6,3,3,3,2,2,2,2,2,3,9,9,9,8,8,9,6,4,3,5,3,3,8,4,2,4,5,5,4,4,7,7,6,3,3,3
sf,cvs,azureus,azureus/azureus3/com/aelitis/azureus/ui/swt/views/skin/sidebar/SideBar.java,buggy,java,IssueFalse,190940,354,45775,44,10,10,10,10,5,9,5,10,10,6,9,10,3,9,10,9,10,10,3,10,10,6,9,10,5,10,10,3,10,10,2,10,10,3,9,10,9,10,10,9,10,10,9,9,10,9,10,10,8,10,10,10,10,3,3,2,5,5,5,2,2,2
sf,cvs,azureus,azureus/azureus3/com/aelitis/azureus/ui/swt/views/skin/sidebar/SideBarEntrySWT.java,clean,java,IssueFalse,190940,354,45775,44,5,3,6,9,4,4,8,8,10,6,4,8,8,9,9,9,9,9,6,9,9,6,4,8,10,10,10,9,10,10,9,10,9,9,10,10,10,10,10,8,8,9,4,4,6,6,5,8,3,2,6,5,5,6,6,5,5,5,5,2,2,2
sf,cvs,azureus,azureus/azureus3/com/aelitis/azureus/ui/swt/views/skin/sidebar/SideBarVitalityImageSWT.java,clean,java,IssueFalse,190940,354,45775,44,4,5,4,7,7,4,4,6,9,6,4,10,4,8,9,9,9,9,3,9,9,6,4,10,8,9,9,5,8,8,4,8,7,5,8,8,9,9,9,9,9,9,5,4,5,6,5,6,4,3,4,5,8,7,6,6,7,8,7,2,2,2
sf,cvs,azureus,azureus/azureus3/com/aelitis/azureus/util/Attic/DCAdManager.java,clean,java,IssueFalse,190940,354,45775,44,7,9,8,9,8,9,5,9,10,1,4,10,3,8,10,9,10,10,4,10,10,1,4,10,4,8,8,4,9,9,3,9,9,4,8,9,9,9,9,9,10,10,7,6,8,6,7,8,6,7,9,5,5,4,4,4,5,5,5,3,3,4
sf,cvs,azureus,azureus/azureus3/com/aelitis/azureus/util/DataSourceUtils.java,clean,java,IssueFalse,190940,354,45775,44,4,4,5,3,5,9,9,7,9,6,4,7,4,6,7,9,9,9,8,9,9,6,4,7,4,6,6,1,1,1,5,4,3,6,6,5,9,9,9,8,8,9,10,8,6,10,6,5,9,5,4,9,9,9,9,9,5,8,7,4,7,7
sf,cvs,azureus,azureus/azureus3/com/aelitis/azureus/util/InitialisationFunctions.java,clean,java,IssueFalse,190940,354,45775,44,3,2,3,5,6,4,2,2,8,6,4,10,2,6,9,9,9,9,3,8,10,6,4,10,4,6,6,3,4,5,2,3,5,3,5,7,9,10,10,8,8,9,4,4,3,4,3,4,4,2,3,9,5,5,6,7,5,7,6,3,7,6
sf,cvs,azureus,azureus/plugins/azemp/com/azureus/plugins/azemp/ui/swt/emp/EmbeddedMPlayer.java,buggy,java,IssueFalse,190940,354,45775,44,8,7,9,10,3,10,5,9,10,1,4,10,3,9,10,9,10,10,4,10,10,1,4,10,6,10,10,4,10,10,3,10,10,4,10,10,9,9,9,9,10,10,7,8,9,7,8,9,5,9,9,7,5,6,6,6,7,8,7,5,7,6
sf,cvs,azureus,azureus/plugins/azemp/com/azureus/plugins/azemp/ui/swt/emp/EmbeddedPlayerWindowSWT.java,clean,java,IssueFalse,190940,354,45775,44,10,9,10,10,3,9,5,10,10,6,4,10,2,9,10,9,9,9,2,10,10,6,4,10,6,10,10,3,10,10,2,10,10,3,9,10,9,10,10,9,10,10,9,10,10,9,10,10,8,10,10,8,5,3,3,2,5,5,5,2,2,2
sf,cvs,azureus,azureus/plugins/azupnpav/com/aelitis/azureus/plugins/upnpmediaserver/UPnPMediaServer.java,clean,java,IssueFalse,190940,354,45775,44,10,8,10,10,2,10,5,10,10,6,4,10,4,9,10,9,9,9,5,10,10,6,4,10,7,10,10,5,10,10,4,10,10,4,8,10,10,10,10,9,9,9,7,8,9,7,8,10,7,10,10,10,10,3,3,2,5,5,5,2,2,2
sf,cvs,azureus,azureus/plugins/azupnpav/com/aelitis/azureus/plugins/upnpmediaserver/UPnPMediaServerContentDirectory.java,clean,java,IssueFalse,190940,354,45775,44,9,6,9,10,2,10,8,9,10,6,9,10,7,9,10,9,10,10,6,10,10,6,9,10,8,10,10,8,9,10,7,9,10,1,3,5,10,10,10,9,9,9,6,7,9,7,5,10,5,6,10,10,9,10,10,10,9,10,10,9,10,10
sf,cvs,azureus,azureus/plugins/azupnpav/com/aelitis/azureus/plugins/upnpmediaserver/UPnPMediaServerContentServer.java,clean,java,IssueFalse,190940,354,45775,44,8,7,9,9,3,10,7,7,10,6,9,10,3,7,10,9,10,10,7,10,10,6,9,10,9,10,10,5,8,9,4,7,9,2,5,8,10,10,10,8,8,9,9,9,8,7,7,8,8,9,9,10,5,10,10,10,10,10,10,10,10,10
sf,cvs,azureus,azureus/plugins/azupnpav/com/aelitis/azureus/plugins/upnpmediaserver/UPnPMediaServerHTTP.java,clean,java,IssueFalse,190940,354,45775,44,4,3,4,3,5,9,6,5,9,6,4,8,4,6,8,9,9,9,8,10,10,6,4,8,6,7,7,5,5,5,4,4,4,2,3,3,10,10,10,8,8,9,9,6,4,7,4,4,9,8,5,10,9,9,10,10,9,10,10,7,9,9
sf,cvs,azureus,azureus/plugins/xmlhttp/com/aelitis/azureus/plugins/xmlhttp/GenericRPAttributes.java,clean,java,IssueFalse,190940,354,45775,44,7,2,8,5,2,4,7,5,9,9,10,9,8,9,9,9,9,9,8,9,10,9,10,9,6,7,7,6,7,6,6,6,6,7,7,8,9,9,9,8,8,9,7,8,5,6,4,5,10,10,8,4,5,10,9,8,7,7,6,8,7,5
