Host,Vcs,Project,File,Buggy,PL,IssueTracking,TLOC,TNF,TNC,TND,LOC,CL,NStmt,NFunc,RCC,MNL,avg_WMC,max_WMC,total_WMC,avg_DIT,max_DIT,total_DIT,avg_RFC,max_RFC,total_RFC,avg_NOC,max_NOC,total_NOC,avg_CBO,max_CBO,total_CBO,avg_DIT.1,max_DIT.1,total_DIT.1,avg_NIV,max_NIV,total_NIV,avg_NIM,max_NIM,total_NIM,avg_NOM,max_NOM,total_NOM,avg_NPBM,max_NPBM,total_NPBM,avg_NPM,max_NPM,total_NPM,avg_NPRM,max_NPRM,total_NPRM,avg_CC,max_CC,total_CC,avg_FANIN,max_FANIN,total_FANIN,avg_FANOUT,max_FANOUT,total_FANOUT,NRev,NFix,avg_AddedLOC,max_AddedLOC,total_AddedLOC,avg_DeletedLOC,max_DeletedLOC,total_DeletedLOC,avg_ModifiedLOC,max_ModifiedLOC,total_ModifiedLOC
sf,cvs,bigdata,bigdata/bigdata-gom/src/java/com/bigdata/gom/PersistenceStore.java,clean,java,IssueFalse,74970,412,2795,2,9,10,10,10,7,7,9,10,10,5,8,10,8,9,9,9,9,9,8,10,10,5,8,10,9,9,10,8,10,9,8,10,10,7,9,9,8,10,10,10,10,10,7,9,9,7,8,9,8,8,9,3,8,9,8,7,6,6,6,5,5,5
sf,cvs,bigdata,bigdata/bigdata-jini/src/java/com/bigdata/service/jini/AbstractServer.java,buggy,java,IssueFalse,74970,412,2795,2,9,9,9,9,7,9,7,10,9,6,8,10,8,10,10,10,10,10,4,10,10,6,8,10,6,10,9,3,9,8,3,9,9,2,8,7,9,10,10,8,10,9,9,9,9,10,10,10,7,10,8,9,9,9,9,10,10,10,10,10,9,10
sf,cvs,bigdata,bigdata/bigdata-jini/src/java/com/bigdata/service/jini/Attic/RemoteChunkedIterator.java,buggy,java,IssueFalse,74970,412,2795,2,4,3,4,4,6,7,7,5,5,5,4,7,7,3,3,9,9,9,5,8,8,5,4,7,9,8,7,5,4,3,5,3,3,5,4,3,9,9,9,8,9,8,8,6,5,8,5,5,6,4,3,4,8,9,7,8,9,9,8,9,8,7
sf,cvs,bigdata,bigdata/bigdata-jini/src/java/com/bigdata/service/jini/Attic/ResourceLockClient.java,clean,java,IssueFalse,74970,412,2795,2,4,4,5,4,6,7,8,5,5,5,4,7,7,4,3,9,9,9,6,8,8,5,4,7,9,8,7,6,5,3,6,4,4,4,3,3,10,10,10,8,9,8,8,7,5,9,6,6,5,4,4,2,4,8,6,5,4,4,4,8,6,5
sf,cvs,bigdata,bigdata/bigdata-jini/src/java/com/bigdata/service/jini/Attic/ResourceLockServer.java,buggy,java,IssueFalse,74970,412,2795,2,5,5,5,7,6,7,4,6,6,6,9,10,9,9,9,9,10,10,5,9,10,6,9,10,4,6,4,4,7,6,4,7,7,4,7,7,9,10,10,8,9,8,5,5,6,3,4,6,4,4,6,4,6,8,7,7,5,5,5,5,5,5
sf,cvs,bigdata,bigdata/bigdata-jini/src/java/com/bigdata/service/jini/Attic/TimestampServer.java,buggy,java,IssueFalse,74970,412,2795,2,5,5,5,7,6,5,4,5,6,6,9,10,8,8,9,9,10,10,5,9,10,6,9,10,4,6,4,4,7,6,4,6,7,4,7,7,9,10,10,8,9,8,5,4,6,4,5,6,4,4,5,6,9,7,7,8,10,10,9,4,5,6
sf,cvs,bigdata,bigdata/bigdata-jini/src/java/com/bigdata/service/jini/Attic/TimestampServiceClient.java,clean,java,IssueFalse,74970,412,2795,2,4,4,5,4,6,7,8,5,5,5,4,7,7,4,3,9,9,9,6,8,8,5,4,7,9,8,7,6,5,3,6,4,4,4,3,3,10,10,10,8,9,8,8,7,5,9,6,6,5,4,4,3,4,7,6,6,10,9,9,8,6,6
sf,cvs,bigdata,bigdata/bigdata-jini/src/java/com/bigdata/service/jini/DataServer.java,buggy,java,IssueFalse,74970,412,2795,2,5,6,5,8,7,5,4,5,6,6,9,10,9,9,9,10,10,10,6,9,10,6,9,10,4,6,4,4,7,7,5,7,8,5,7,7,9,10,10,8,9,8,4,4,6,5,7,7,4,4,6,8,8,9,9,9,10,10,10,10,10,10
sf,cvs,bigdata,bigdata/bigdata-jini/src/java/com/bigdata/service/jini/DataServicesClient.java,buggy,java,IssueFalse,74970,412,2795,2,7,7,7,6,6,7,10,8,8,5,4,7,8,5,4,9,9,9,8,9,9,5,4,7,9,9,8,8,7,6,8,7,7,8,7,6,10,10,10,8,9,8,9,7,8,9,7,8,6,6,6,5,6,8,7,8,8,8,7,9,8,8
sf,cvs,bigdata,bigdata/bigdata-jini/src/java/com/bigdata/service/jini/DumpFederation.java,buggy,java,IssueFalse,74970,412,2795,2,7,6,7,7,6,9,8,7,7,5,4,8,7,4,6,9,9,9,9,10,10,5,4,8,8,8,8,6,6,6,7,6,7,6,5,6,8,9,9,8,9,8,8,7,7,7,5,7,7,8,6,6,4,10,10,10,10,10,9,10,9,9
sf,cvs,bigdata,bigdata/bigdata-jini/src/java/com/bigdata/service/jini/JiniClient.java,buggy,java,IssueFalse,74970,412,2795,2,6,6,6,6,6,8,8,7,7,9,9,9,9,8,8,9,9,9,8,10,10,9,9,9,8,8,8,4,5,4,6,6,7,5,6,5,10,10,10,8,9,8,7,6,7,10,8,9,6,6,6,8,8,9,9,9,8,9,9,9,8,9
sf,cvs,bigdata,bigdata/bigdata-jini/src/java/com/bigdata/service/jini/JiniFederation.java,buggy,java,IssueFalse,74970,412,2795,2,9,7,9,8,5,9,10,9,9,9,10,10,10,10,9,9,9,9,9,10,10,9,10,10,8,9,8,8,9,8,8,9,8,9,9,8,8,9,9,9,10,9,8,9,9,7,7,9,6,8,8,10,9,10,10,10,9,10,10,9,9,9
sf,cvs,bigdata,bigdata/bigdata-jini/src/java/com/bigdata/service/jini/JiniServicesHelper.java,buggy,java,IssueFalse,74970,412,2795,2,6,7,6,5,7,8,9,7,6,5,4,7,8,4,4,9,9,9,10,10,10,5,4,7,10,9,8,5,4,3,7,5,5,7,6,5,8,9,9,10,10,9,8,8,6,8,7,7,8,7,6,4,4,10,9,9,10,10,9,10,9,9
sf,cvs,bigdata,bigdata/bigdata-jini/src/java/com/bigdata/service/jini/LoadBalancerClient.java,buggy,java,IssueFalse,74970,412,2795,2,4,5,5,4,7,7,8,5,5,5,4,7,7,4,3,9,9,9,6,8,8,5,4,7,9,8,7,6,5,3,6,4,4,4,3,3,10,10,10,8,9,8,8,7,5,9,6,6,5,4,4,6,4,6,6,5,4,4,4,7,6,6
sf,cvs,bigdata,bigdata/bigdata-jini/src/java/com/bigdata/service/jini/LoadBalancerServer.java,buggy,java,IssueFalse,74970,412,2795,2,6,6,6,8,6,7,5,6,7,6,9,10,9,9,10,9,10,10,6,9,10,6,9,10,4,6,4,4,7,7,4,7,8,4,7,7,9,10,10,8,9,8,6,5,7,5,5,7,4,4,6,8,9,9,10,9,10,10,10,9,9,9
sf,cvs,bigdata,bigdata/bigdata-jini/src/java/com/bigdata/service/jini/MetadataServer.java,buggy,java,IssueFalse,74970,412,2795,2,5,6,5,8,6,5,4,5,6,9,10,10,9,10,10,9,10,10,6,9,10,9,10,10,4,6,4,4,7,7,5,7,8,5,8,7,9,10,10,8,9,8,4,4,6,4,5,7,4,4,6,8,6,8,7,8,9,9,9,7,7,8
sf,cvs,bigdata,bigdata/bigdata-jini/src/java/com/bigdata/service/jini/ServiceCache.java,clean,java,IssueFalse,74970,412,2795,2,4,5,4,5,7,7,8,6,6,5,4,7,8,4,4,9,9,9,6,8,8,5,4,7,7,7,5,7,6,4,7,5,5,7,7,5,8,9,9,8,9,8,7,7,6,9,6,7,6,6,5,3,6,8,8,7,7,6,6,9,8,7
sf,cvs,bigdata,bigdata/bigdata-jini/src/java/com/bigdata/service/mapred/jini/MapServer.java,buggy,java,IssueFalse,74970,412,2795,2,4,4,4,7,6,5,3,4,5,6,9,10,8,8,9,9,10,10,4,8,9,6,9,10,4,7,5,3,6,6,4,5,7,4,7,7,8,9,10,8,9,8,4,4,5,4,5,6,4,3,5,6,8,8,7,7,6,7,6,9,8,8
sf,cvs,bigdata,bigdata/bigdata-jini/src/java/com/bigdata/service/mapred/jini/ReduceServer.java,buggy,java,IssueFalse,74970,412,2795,2,4,4,4,7,6,5,3,4,5,6,8,10,8,8,9,9,10,10,4,8,9,6,8,10,4,7,5,3,6,6,4,5,7,4,7,7,8,9,10,8,9,8,4,4,5,4,5,6,4,3,5,6,8,8,7,7,5,6,6,6,6,6
sf,cvs,bigdata,bigdata/bigdata-jini/src/test/com/bigdata/service/jini/AbstractServerTestCase.java,buggy,java,IssueFalse,74970,412,2795,2,6,8,6,6,8,9,9,7,6,9,8,8,8,5,4,10,10,10,10,10,10,9,8,8,7,7,5,7,6,5,8,7,6,7,6,5,10,10,10,8,9,8,7,6,6,7,6,7,6,5,5,3,6,3,3,3,4,4,4,5,4,4
sf,cvs,bigdata,bigdata/bigdata-jini/src/test/com/bigdata/service/jini/TestAll.java,clean,java,IssueFalse,74970,412,2795,2,3,4,3,3,8,5,5,3,3,9,8,8,7,3,2,9,9,9,7,8,8,9,8,8,4,4,3,3,3,2,4,3,3,5,4,3,8,9,9,8,9,8,6,6,3,1,2,2,6,6,3,5,4,3,3,3,10,10,9,2,3,3
sf,cvs,bigdata,bigdata/bigdata-jini/src/test/com/bigdata/service/jini/TestBigdataClient.java,clean,java,IssueFalse,74970,412,2795,2,7,6,7,7,5,5,3,5,6,5,9,10,7,7,9,9,9,9,5,10,10,5,9,10,6,10,9,3,6,6,3,5,7,3,6,7,8,9,9,8,9,8,5,7,6,5,7,7,8,9,7,7,6,9,9,8,7,8,7,5,6,6
sf,cvs,bigdata,bigdata/bigdata-jini/src/test/com/bigdata/service/jini/TestMetadataServer0.java,clean,java,IssueFalse,74970,412,2795,2,5,5,5,6,6,5,3,4,4,6,9,10,7,7,8,9,9,9,4,9,9,6,9,10,5,7,6,3,6,5,3,5,6,4,6,6,8,10,10,8,9,8,4,4,5,4,5,5,5,6,5,3,4,7,5,5,6,5,5,9,7,6
sf,cvs,bigdata,bigdata/bigdata-jini/src/test/com/bigdata/service/mapred/jini/TestMaster.java,clean,java,IssueFalse,74970,412,2795,2,6,6,6,6,7,5,3,5,5,5,9,10,7,6,9,9,9,9,4,9,10,5,9,10,6,9,8,2,5,5,2,4,6,3,6,6,8,9,9,8,9,8,6,8,5,5,6,6,7,8,6,4,4,10,9,8,8,6,6,5,4,4
sf,cvs,bigdata,bigdata/bigdata-rdf/src/java/com/bigdata/rdf/inf/Justification.java,clean,java,IssueFalse,74970,412,2795,2,8,9,9,8,7,10,10,9,9,5,4,8,8,5,7,9,9,9,8,9,10,5,4,8,7,7,7,6,6,6,7,7,8,8,8,8,8,9,9,8,9,8,9,10,9,7,7,8,6,8,7,10,10,8,9,10,8,9,9,9,10,10
sf,cvs,bigdata,bigdata/bigdata-rdf/src/java/com/bigdata/rdf/inf/JustificationIterator.java,buggy,java,IssueFalse,74970,412,2795,2,7,7,7,6,6,8,9,8,8,5,4,8,7,5,6,9,9,9,8,10,10,5,4,8,9,10,9,6,7,5,6,6,6,5,6,5,8,9,9,10,10,10,9,7,8,8,7,8,8,6,7,3,6,4,4,4,4,4,4,6,6,5
sf,cvs,bigdata,bigdata/bigdata-rdf/src/java/com/bigdata/rdf/inf/OwlSameAsPropertiesExpandingIterator.java,clean,java,IssueFalse,74970,412,2795,2,9,4,9,9,2,8,8,8,9,5,4,10,8,6,9,9,9,9,6,10,10,5,4,10,8,10,10,7,8,9,7,8,9,7,8,9,8,9,9,10,10,10,7,7,9,6,7,9,6,7,9,4,6,5,5,5,4,4,4,5,5,5
sf,cvs,bigdata,bigdata/bigdata-rdf/src/java/com/bigdata/rdf/inf/RdfTypeRdfsResourceFilter.java,buggy,java,IssueFalse,74970,412,2795,2,2,1,3,4,5,5,5,3,3,5,4,7,7,4,3,9,9,9,4,7,8,5,4,7,7,7,5,6,5,3,6,4,4,6,6,5,8,9,9,8,9,8,4,4,3,3,3,4,3,3,3,4,9,4,4,4,4,4,4,7,5,6
sf,cvs,bigdata,bigdata/bigdata-rdf/src/java/com/bigdata/rdf/inf/TruthMaintenance.java,buggy,java,IssueFalse,74970,412,2795,2,8,9,8,5,7,10,10,9,8,5,4,7,8,4,4,9,9,9,9,9,9,5,4,7,8,8,7,6,5,4,7,5,5,7,6,5,8,9,9,10,10,9,10,10,8,9,8,7,10,9,7,9,9,5,6,7,5,6,6,8,8,9
sf,cvs,bigdata,bigdata/bigdata-rdf/src/java/com/bigdata/rdf/lexicon/Id2TermWriteProc.java,buggy,java,IssueFalse,74970,412,2795,2,5,4,5,5,6,10,6,5,5,9,9,10,8,7,7,9,9,9,5,9,9,9,9,10,4,4,3,4,4,4,4,3,5,4,4,4,8,9,9,9,10,9,8,9,6,5,6,5,6,8,4,5,9,5,5,5,5,5,6,6,6,6
sf,cvs,bigdata,bigdata/bigdata-rdf/src/java/com/bigdata/rdf/lexicon/LexiconRelation.java,buggy,java,IssueFalse,74970,412,2795,2,10,10,10,10,6,9,7,10,10,5,9,10,7,9,10,9,9,9,7,10,10,5,9,10,6,9,10,4,10,10,4,10,10,4,10,9,8,10,10,8,10,9,8,9,10,8,9,10,7,9,10,9,9,9,10,10,9,10,10,10,10,10
sf,cvs,bigdata,bigdata/bigdata-rdf/src/java/com/bigdata/rdf/lexicon/Term2IdTupleSerializer.java,buggy,java,IssueFalse,74970,412,2795,2,5,7,6,7,8,7,7,6,7,6,8,9,9,8,8,9,9,9,7,9,9,6,8,9,6,6,5,7,6,7,7,6,7,7,7,7,8,9,9,8,9,8,6,7,7,6,5,7,6,7,7,3,9,4,4,4,8,7,7,5,4,5
sf,cvs,bigdata,bigdata/bigdata-rdf/src/java/com/bigdata/rdf/lexicon/Term2IdWriteProc.java,buggy,java,IssueFalse,74970,412,2795,2,8,8,8,7,6,10,7,7,8,9,9,10,8,8,8,9,9,9,8,10,10,9,9,10,6,7,7,6,7,7,6,6,7,5,5,7,9,10,10,9,10,9,7,9,8,7,6,8,6,9,6,5,9,10,10,9,10,10,9,9,9,8
sf,cvs,bigdata,bigdata/bigdata-rdf/src/java/com/bigdata/rdf/rio/AbstractStatementBuffer.java,buggy,java,IssueFalse,74970,412,2795,2,8,9,8,9,8,8,9,9,9,6,8,9,9,8,8,10,10,10,7,9,9,6,8,9,9,10,9,9,9,8,9,9,9,8,9,8,10,10,10,8,9,8,7,8,8,7,7,9,5,7,7,6,9,7,7,7,7,8,7,10,10,10
sf,cvs,bigdata,bigdata/bigdata-rdf/src/java/com/bigdata/rdf/rio/BasicRioLoader.java,buggy,java,IssueFalse,74970,412,2795,2,6,4,6,8,5,7,8,7,7,5,4,8,8,7,7,10,10,10,6,9,9,5,4,8,7,8,7,8,8,8,8,8,8,8,8,8,10,10,10,8,9,8,5,8,7,4,8,7,3,7,5,8,9,6,7,7,7,7,8,6,7,7
sf,cvs,bigdata,bigdata/bigdata-rdf/src/java/com/bigdata/rdf/rules/AbstractRuleFastClosure_3_5_6_7_9.java,buggy,java,IssueFalse,74970,412,2795,2,8,8,8,7,7,10,7,7,8,5,8,10,7,4,8,9,9,9,7,10,10,5,8,10,8,9,9,4,6,6,4,5,7,4,4,6,9,10,10,8,9,8,8,8,8,7,6,8,8,9,8,9,10,4,6,7,6,7,8,7,8,9
sf,cvs,bigdata,bigdata/bigdata-rdf/src/java/com/bigdata/rdf/rules/BackchainAccessPath.java,buggy,java,IssueFalse,74970,412,2795,2,6,7,6,7,7,7,9,7,7,5,4,7,8,6,5,9,9,9,9,9,9,5,4,7,7,7,5,9,7,6,9,7,7,9,8,7,8,9,9,8,9,8,7,8,7,7,9,7,5,7,6,8,8,8,9,9,8,9,9,7,7,8
sf,cvs,bigdata,bigdata/bigdata-rdf/src/java/com/bigdata/rdf/rules/InferenceEngine.java,buggy,java,IssueFalse,74970,412,2795,2,7,8,6,3,8,7,5,5,4,1,4,7,5,3,2,10,10,10,5,9,9,1,4,7,10,10,10,2,3,3,2,3,3,2,4,3,8,9,9,8,9,8,9,7,5,10,9,7,10,8,5,10,10,9,10,10,10,10,10,9,9,10
sf,cvs,bigdata,bigdata/bigdata-rdf/src/java/com/bigdata/rdf/rules/MatchRule.java,buggy,java,IssueFalse,74970,412,2795,2,3,2,2,2,5,3,2,1,1,9,8,8,6,2,2,9,9,9,2,7,7,9,8,8,4,4,3,2,2,2,2,1,1,2,2,2,8,9,9,8,9,8,3,3,2,9,5,3,6,3,2,6,9,5,5,6,5,5,6,5,5,7
sf,cvs,bigdata,bigdata/bigdata-rdf/src/java/com/bigdata/rdf/rules/RDFJoinNexus.java,buggy,java,IssueFalse,74970,412,2795,2,10,10,10,10,6,8,7,10,10,5,9,10,8,9,10,9,9,9,7,10,10,5,9,10,7,10,10,6,10,10,6,10,10,6,10,10,9,10,10,8,10,9,7,8,10,6,9,10,6,8,9,10,10,10,10,10,9,10,10,9,9,10
sf,cvs,bigdata,bigdata/bigdata-rdf/src/java/com/bigdata/rdf/rules/RDFJoinNexusFactory.java,buggy,java,IssueFalse,74970,412,2795,2,5,5,6,4,6,5,7,5,4,5,4,7,7,4,3,9,9,9,8,9,9,5,4,7,10,10,10,6,5,3,6,4,4,6,6,5,8,9,9,8,9,8,7,6,5,10,8,7,8,7,5,8,9,9,9,10,5,7,7,8,8,9
sf,cvs,bigdata,bigdata/bigdata-rdf/src/java/com/bigdata/rdf/spo/DistinctTermAdvancer.java,buggy,java,IssueFalse,74970,412,2795,2,2,4,2,3,8,5,3,2,2,9,8,8,7,4,3,9,9,9,6,8,8,9,8,8,6,6,4,3,3,2,3,2,2,2,2,2,9,9,9,8,9,8,5,4,3,5,4,3,6,5,3,2,8,8,6,6,6,5,5,3,3,3
sf,cvs,bigdata,bigdata/bigdata-rdf/src/java/com/bigdata/rdf/spo/FastRDFKeyCompression.java,buggy,java,IssueFalse,74970,412,2795,2,6,5,6,5,6,7,9,6,6,5,4,7,8,4,4,9,9,9,9,10,9,5,4,7,6,6,4,7,6,5,7,6,5,7,6,5,10,10,10,8,9,8,7,7,6,5,5,5,7,8,5,4,8,4,5,4,4,4,4,4,4,5
sf,cvs,bigdata,bigdata/bigdata-rdf/src/java/com/bigdata/rdf/spo/FastRDFValueCompression.java,clean,java,IssueFalse,74970,412,2795,2,3,3,3,4,6,7,6,4,4,5,4,7,7,4,3,9,9,9,7,8,8,5,4,7,4,4,3,6,5,3,6,4,4,6,6,5,8,9,9,8,9,8,6,5,4,2,3,3,3,4,3,2,6,3,3,3,4,4,4,5,4,4
sf,cvs,bigdata,bigdata/bigdata-rdf/src/java/com/bigdata/rdf/spo/SPO.java,clean,java,IssueFalse,74970,412,2795,2,8,8,8,9,6,8,10,9,9,5,4,7,10,8,7,9,9,9,7,9,9,5,4,7,9,9,8,10,10,9,10,10,9,10,10,9,8,9,9,8,9,8,7,8,9,8,8,10,4,5,8,10,10,9,10,10,10,10,10,9,9,10
sf,cvs,bigdata,bigdata/bigdata-rdf/src/java/com/bigdata/rdf/spo/SPOAccessPath.java,buggy,java,IssueFalse,74970,412,2795,2,5,4,5,4,5,5,8,6,5,9,8,8,9,8,7,9,9,9,7,8,8,9,8,8,8,8,7,6,5,3,6,4,4,6,5,4,9,9,9,8,9,8,8,8,5,8,7,6,6,4,4,6,9,6,6,6,6,7,7,7,7,7
sf,cvs,bigdata,bigdata/bigdata-rdf/src/java/com/bigdata/rdf/spo/SPOIndexWriteProc.java,buggy,java,IssueFalse,74970,412,2795,2,6,6,6,6,7,10,7,6,6,9,9,10,8,7,7,9,9,9,7,9,9,9,9,10,6,7,5,5,6,5,5,5,6,4,4,4,10,10,10,9,10,9,7,9,6,5,6,6,5,8,5,6,9,7,7,7,5,6,6,2,3,4
sf,cvs,bigdata,bigdata/bigdata-rdf/src/java/com/bigdata/rdf/spo/SPOIndexWriter.java,buggy,java,IssueFalse,74970,412,2795,2,5,6,5,3,7,7,7,5,4,5,4,7,6,2,2,9,9,9,9,9,9,5,4,7,10,9,8,3,3,2,3,2,2,4,3,3,8,9,9,8,9,8,10,7,5,10,8,6,10,7,4,4,9,4,4,4,4,4,4,6,6,6
sf,cvs,bigdata,bigdata/bigdata-rdf/src/java/com/bigdata/rdf/spo/SPOPredicate.java,buggy,java,IssueFalse,74970,412,2795,2,8,6,8,9,5,7,10,9,9,5,4,7,9,8,7,9,9,9,7,8,8,5,4,7,10,9,8,10,9,8,10,10,9,10,10,9,9,9,9,8,9,8,7,8,9,8,9,9,4,5,7,8,10,9,9,10,6,8,8,7,7,8
sf,cvs,bigdata,bigdata/bigdata-rdf/src/java/com/bigdata/rdf/spo/SPORelation.java,buggy,java,IssueFalse,74970,412,2795,2,10,9,10,9,5,9,10,10,10,6,9,10,9,9,9,9,9,9,10,10,10,6,9,10,8,9,9,8,10,9,8,10,9,8,10,9,9,10,10,9,10,9,9,9,10,9,9,10,8,8,9,10,10,8,9,10,6,8,9,8,8,10
sf,cvs,bigdata,bigdata/bigdata-rdf/src/java/com/bigdata/rdf/store/AbstractTripleStore.java,buggy,java,IssueFalse,74970,412,2795,2,10,10,10,10,7,9,10,10,10,5,8,9,10,10,10,10,10,10,10,10,10,5,8,9,10,10,10,10,10,10,10,10,10,10,10,10,9,10,10,9,10,9,7,10,10,9,10,10,6,9,10,10,10,3,3,3,4,4,4,2,2,2
sf,cvs,bigdata,bigdata/bigdata-rdf/src/java/com/bigdata/rdf/store/Attic/ConcurrentDataLoader.java,buggy,java,IssueFalse,74970,412,2795,2,10,10,10,10,7,9,5,8,10,5,8,10,6,6,10,9,10,10,5,10,10,5,8,10,7,10,10,3,7,10,3,7,10,3,7,9,8,10,10,8,10,9,7,9,10,8,8,10,6,7,9,10,10,10,10,10,10,10,10,10,10,10
sf,cvs,bigdata,bigdata/bigdata-rdf/src/java/com/bigdata/rdf/store/BigdataSolutionResolverator.java,buggy,java,IssueFalse,74970,412,2795,2,4,4,5,4,5,7,8,5,5,9,8,8,8,5,4,9,9,9,9,9,9,9,8,8,4,4,3,5,4,3,5,3,3,4,3,3,9,9,9,10,10,9,9,7,5,8,6,5,8,6,4,3,6,9,8,8,10,10,10,10,9,8
sf,cvs,bigdata,bigdata/bigdata-rdf/src/java/com/bigdata/rdf/store/BigdataStatementIteratorImpl.java,buggy,java,IssueFalse,74970,412,2795,2,4,3,4,3,5,7,7,4,4,9,8,8,8,5,4,9,9,9,7,8,8,9,8,8,4,4,3,4,3,3,4,3,3,4,3,3,9,9,9,8,9,8,9,8,4,8,6,5,8,7,4,10,9,9,10,10,10,10,10,9,9,10
sf,cvs,bigdata,bigdata/bigdata-rdf/src/java/com/bigdata/rdf/store/DataLoader.java,buggy,java,IssueFalse,74970,412,2795,2,9,9,9,8,7,8,9,9,9,1,4,8,6,7,7,9,10,10,8,10,10,1,4,8,8,9,8,6,9,8,7,9,8,6,9,8,9,10,10,8,9,8,8,9,9,8,9,9,6,8,8,9,9,10,10,10,8,8,9,9,9,9
sf,cvs,bigdata,bigdata/bigdata-rdf/src/java/com/bigdata/rdf/store/IRawTripleStore.java,buggy,java,IssueFalse,74970,412,2795,2,3,8,4,9,10,3,9,7,6,9,8,8,9,8,6,10,10,10,2,7,7,9,8,8,7,7,5,10,9,8,10,9,9,10,10,9,8,9,9,8,9,8,3,3,6,1,2,2,2,2,4,9,10,8,8,9,7,8,8,9,8,9
sf,cvs,bigdata,bigdata/bigdata-rdf/src/java/com/bigdata/rdf/store/LocalTripleStore.java,buggy,java,IssueFalse,74970,412,2795,2,4,5,4,6,7,5,5,5,5,9,8,9,6,5,4,9,9,9,4,9,9,9,8,9,4,6,4,6,7,5,6,7,6,6,8,7,8,9,9,8,9,8,5,4,5,5,5,6,5,5,5,9,10,10,10,10,10,10,10,10,9,10
sf,cvs,bigdata,bigdata/bigdata-rdf/src/java/com/bigdata/rdf/store/ScaleOutTripleStore.java,clean,java,IssueFalse,74970,412,2795,2,2,6,2,4,10,3,4,2,2,10,9,9,10,10,9,9,9,9,4,7,8,10,9,9,4,4,3,5,4,3,5,3,3,6,5,4,8,9,9,8,9,8,3,3,3,4,6,4,3,2,2,9,9,7,8,8,10,10,10,9,8,9
sf,cvs,bigdata,bigdata/bigdata-rdf/src/java/com/bigdata/rdf/store/TempTripleStore.java,buggy,java,IssueFalse,74970,412,2795,2,4,7,4,7,8,7,6,6,6,9,8,9,6,6,5,9,9,9,6,9,9,9,8,9,4,6,4,6,7,6,7,8,7,6,8,7,8,9,9,10,10,10,5,6,6,5,5,7,4,5,5,9,10,8,9,10,10,10,10,9,9,10
sf,cvs,bigdata,bigdata/bigdata-rdf/src/java/com/bigdata/rdf/store/TripleStoreSchema.java,buggy,java,IssueFalse,74970,412,2795,2,1,2,1,2,7,3,2,1,1,9,8,8,6,2,2,9,9,9,3,7,7,9,8,8,4,4,3,2,2,2,2,1,1,2,2,2,8,9,9,8,9,8,3,3,2,1,2,2,2,2,2,2,4,7,5,5,4,4,4,2,2,2
sf,cvs,bigdata,bigdata/bigdata-rdf/src/test/com/bigdata/rdf/rules/AbstractRuleTestCase.java,buggy,java,IssueFalse,74970,412,2795,2,8,7,8,7,6,9,7,8,8,5,8,9,7,5,7,10,10,10,7,10,10,5,8,9,4,4,3,4,6,5,5,7,7,2,4,4,10,10,10,9,10,10,8,8,8,7,6,7,8,6,7,9,10,10,10,10,10,10,10,9,9,9
sf,cvs,bigdata,bigdata/bigdata-rdf/src/test/com/bigdata/rdf/rules/TestCompareFullAndFastClosure.java,buggy,java,IssueFalse,74970,412,2795,2,3,4,3,4,7,5,4,2,2,10,9,9,9,6,5,9,9,9,8,9,9,10,9,9,4,4,3,5,4,3,5,3,3,5,4,3,9,9,9,8,9,8,3,3,3,4,6,4,6,6,3,6,9,9,9,9,7,7,7,8,6,7
sf,cvs,bigdata,bigdata/bigdata-rdf/src/test/com/bigdata/rdf/rules/TestDatabaseAtOnceClosure.java,buggy,java,IssueFalse,74970,412,2795,2,8,7,8,7,6,9,9,7,6,10,9,9,9,8,6,9,9,9,10,10,10,10,9,9,4,4,3,9,7,6,9,7,7,8,8,6,10,10,10,10,10,9,6,8,6,2,6,5,8,10,7,10,9,9,10,10,7,8,9,8,9,10
sf,cvs,bigdata,bigdata/bigdata-rdf/src/test/com/bigdata/rdf/rules/TestRuleExpansion.java,clean,java,IssueFalse,74970,412,2795,2,8,5,8,8,4,7,7,5,8,5,8,10,7,5,8,9,9,9,6,10,10,5,8,10,4,4,3,6,7,8,6,7,8,6,8,8,8,9,9,9,10,9,6,8,8,2,5,5,5,9,7,3,6,5,4,4,4,4,4,4,4,4
sf,cvs,bigdata,bigdata/bigdata-rdf/src/test/com/bigdata/rdf/spo/TestKeyCompression.java,buggy,java,IssueFalse,74970,412,2795,2,1,4,1,3,10,3,3,2,2,9,8,8,7,3,2,9,9,9,2,6,7,9,8,8,4,4,3,4,3,3,4,3,3,5,4,3,8,9,9,8,9,8,3,3,3,1,2,2,2,2,2,2,6,7,5,5,4,4,4,2,2,2
sf,cvs,bigdata,bigdata/bigdata-rdf/src/test/com/bigdata/rdf/spo/TestSPORelation.java,buggy,java,IssueFalse,74970,412,2795,2,9,8,8,5,6,8,4,4,4,9,8,10,8,8,8,9,9,9,7,10,10,9,8,10,4,4,3,3,5,4,3,4,5,4,6,5,8,9,9,8,9,8,6,6,5,6,5,6,10,10,8,8,9,6,6,8,9,10,9,8,8,8
sf,cvs,bigdata,bigdata/bigdata-rdf/src/test/com/bigdata/rdf/store/AbstractTestCase.java,buggy,java,IssueFalse,74970,412,2795,2,9,8,10,9,5,8,9,9,10,5,8,10,8,8,9,9,10,10,8,10,10,5,8,10,6,8,8,6,8,8,7,9,9,6,9,8,9,10,10,9,10,10,8,9,9,5,5,9,6,9,9,10,10,9,10,10,8,10,10,8,9,10
sf,cvs,bigdata,bigdata/bigdata-rdf/src/test/com/bigdata/rdf/store/RDFLoadAndValidateHelper.java,clean,java,IssueFalse,74970,412,2795,2,3,3,4,5,6,3,5,3,3,5,4,7,7,4,3,9,9,9,9,9,9,5,4,7,10,9,9,6,5,4,7,5,5,6,6,5,9,9,9,8,9,8,3,3,3,10,9,9,6,5,4,2,6,8,6,6,4,4,4,2,2,2
sf,cvs,bigdata,bigdata/bigdata-rdf/src/test/com/bigdata/rdf/store/TestLocalTripleStoreTransactionSemantics.java,buggy,java,IssueFalse,74970,412,2795,2,3,2,3,4,5,5,3,3,3,10,10,10,9,8,8,9,9,9,3,8,8,10,10,10,4,4,3,3,4,3,3,3,3,4,5,4,8,9,9,8,9,8,5,5,3,2,2,2,6,5,4,3,8,6,5,5,9,8,8,9,8,7
sf,cvs,bigdata,bigdata/bigdata-rdf/src/test/com/bigdata/rdf/store/TestScaleOutTripleStoreWithJiniFederation.java,clean,java,IssueFalse,74970,412,2795,2,7,7,7,8,7,5,3,6,6,5,9,10,7,9,9,9,9,9,4,10,10,5,9,10,6,9,8,3,7,7,3,7,8,4,8,8,8,10,10,8,9,8,5,8,7,4,6,7,5,8,6,8,9,8,8,9,5,5,5,4,6,6
sf,cvs,bigdata,bigdata/bigdata-rdf/src/test/com/bigdata/rdf/store/TestTripleStoreLoadRateWithEmbeddedFederation.java,buggy,java,IssueFalse,74970,412,2795,2,5,5,5,6,6,5,6,5,5,6,8,9,7,4,6,9,9,9,9,10,10,6,8,9,7,8,7,5,6,5,5,6,6,6,7,6,8,9,9,8,9,8,5,5,5,7,7,7,6,7,5,10,10,7,9,9,6,7,7,8,9,9
sf,cvs,bigdata,bigdata/bigdata-rdf/src/test/com/bigdata/rdf/store/TestTripleStoreLoadRateWithExistingJiniFederation.java,buggy,java,IssueFalse,74970,412,2795,2,4,5,4,3,8,5,3,3,3,5,4,8,6,2,5,9,9,9,8,10,10,5,4,8,4,4,3,1,2,2,2,1,2,2,2,3,8,9,9,8,9,8,9,6,4,6,5,3,10,9,4,8,8,7,6,8,6,7,7,6,7,7
sf,cvs,bigdata,bigdata/bigdata-rdf/src/test/com/bigdata/rdf/store/TestTripleStoreLoadRateWithJiniFederation.java,clean,java,IssueFalse,74970,412,2795,2,4,5,4,5,7,5,5,5,5,6,8,9,7,4,6,9,9,9,6,9,9,6,8,9,7,8,7,4,5,4,5,5,5,6,7,6,8,9,9,8,9,8,6,5,5,6,5,6,6,7,5,8,10,8,8,8,7,8,8,10,9,9
sf,cvs,bigdata,bigdata/bigdata-rdf/src/test/com/bigdata/rdf/store/TestTripleStoreLoadRateWithLocalDataServiceFederation.java,clean,java,IssueFalse,74970,412,2795,2,5,5,5,6,6,5,6,5,5,6,8,9,7,5,6,9,9,9,9,10,10,6,8,9,7,8,7,5,6,5,6,6,6,6,8,7,8,9,9,8,9,8,5,5,5,7,7,7,6,7,5,9,10,8,9,9,6,7,7,8,9,9
sf,cvs,bigdata,bigdata/bigdata-sails/src/java/com/bigdata/rdf/sail/BigdataEvaluationStrategyImpl.java,buggy,java,IssueFalse,74970,412,2795,2,9,8,9,8,6,8,10,9,9,9,8,8,9,7,5,9,9,9,10,10,10,9,8,8,9,8,7,9,8,7,9,8,8,6,5,4,10,10,10,10,10,10,9,9,9,8,7,8,8,7,8,10,9,10,10,10,10,10,10,10,10,10
sf,cvs,bigdata,bigdata/bigdata-sails/src/java/com/bigdata/rdf/sail/BigdataSail.java,buggy,java,IssueFalse,74970,412,2795,2,10,10,10,10,7,9,8,10,10,5,8,10,8,9,9,9,10,10,7,10,10,5,8,10,7,9,10,7,10,10,8,10,10,7,10,10,9,10,10,9,10,10,7,7,10,7,8,10,5,6,9,10,10,7,10,10,7,10,9,5,10,9
sf,cvs,bigdata,bigdata/bigdata-sails/src/java/com/bigdata/rdf/sail/BigdataTripleSource.java,buggy,java,IssueFalse,74970,412,2795,2,2,1,3,4,4,5,4,3,3,5,4,7,7,3,3,9,9,9,2,7,7,5,4,7,7,7,5,5,4,3,5,3,3,4,3,3,9,9,9,8,9,8,4,4,3,7,6,5,3,3,3,3,4,3,3,3,4,4,4,3,3,4
sf,cvs,bigdata,bigdata/bigdata-sails/src/java/com/bigdata/rdf/sail/FreeTextSearchExpander.java,buggy,java,IssueFalse,74970,412,2795,2,6,1,6,8,1,5,5,5,6,5,4,9,7,6,8,9,9,9,6,9,10,5,4,9,7,7,8,6,7,7,6,7,8,6,8,8,8,9,9,9,10,9,4,4,6,3,5,6,5,4,6,2,4,4,3,3,7,6,6,5,4,4
sf,cvs,bigdata,bigdata/bigdata-sails/src/test/com/bigdata/rdf/sail/TestBigdataSailEvaluationStrategyImpl.java,buggy,java,IssueFalse,74970,412,2795,2,9,4,9,6,2,9,9,7,6,9,8,8,8,5,4,9,9,9,8,9,9,9,8,8,4,4,3,8,7,5,8,6,6,8,8,6,8,9,9,8,9,8,7,5,6,5,3,6,10,9,9,4,4,10,10,10,5,6,6,3,3,4
sf,cvs,bigdata,bigdata/bigdata-sails/src/test/com/bigdata/rdf/sail/TestBigdataSailWithSids.java,buggy,java,IssueFalse,74970,412,2795,2,3,3,3,5,7,5,5,3,3,9,8,8,7,4,3,9,9,9,8,9,9,9,8,8,4,4,3,6,5,3,7,5,5,6,5,4,10,10,10,8,9,8,4,4,4,3,3,4,4,3,3,2,4,5,4,4,4,4,4,2,2,2
sf,cvs,bigdata,bigdata/bigdata-sails/src/test/com/bigdata/rdf/sail/TestBigdataSailWithoutSids.java,buggy,java,IssueFalse,74970,412,2795,2,3,3,3,5,7,5,5,3,3,9,8,8,7,4,3,9,9,9,8,9,9,9,8,8,4,4,3,6,5,3,7,5,5,6,5,4,10,10,10,8,9,8,4,4,4,3,3,4,4,3,3,2,4,5,4,4,4,4,4,2,2,2
sf,cvs,bigdata,bigdata/bigdata/src/java/com/bigdata/bfs/BigdataFileSystem.java,buggy,java,IssueFalse,74970,412,2795,2,10,10,10,10,8,7,10,10,10,5,8,9,8,9,9,9,9,9,10,10,10,5,8,9,6,8,7,9,10,9,9,10,10,9,10,9,9,10,10,9,10,9,8,8,9,9,8,10,8,8,10,2,6,3,3,3,4,4,4,2,2,2
sf,cvs,bigdata,bigdata/bigdata/src/java/com/bigdata/bfs/GlobalFileSystemHelper.java,buggy,java,IssueFalse,74970,412,2795,2,2,2,2,3,6,5,5,3,3,5,4,7,7,3,2,9,9,9,7,9,9,5,4,7,7,7,5,4,3,3,4,3,3,5,4,3,8,9,9,8,9,8,7,5,4,9,7,5,6,4,3,2,8,3,3,3,4,4,4,3,3,3
sf,cvs,bigdata,bigdata/bigdata/src/java/com/bigdata/btree/AbstractBTree.java,buggy,java,IssueFalse,74970,412,2795,2,10,10,10,10,7,8,8,10,10,5,4,10,8,10,10,9,10,10,5,10,10,5,4,10,6,10,9,7,10,10,7,10,10,6,10,10,10,10,10,8,9,8,7,8,10,10,10,10,6,8,10,10,10,3,3,3,4,4,4,2,2,2
sf,cvs,bigdata,bigdata/bigdata/src/java/com/bigdata/btree/AbstractBTreeTupleCursor.java,buggy,java,IssueFalse,74970,412,2795,2,10,10,10,10,7,9,9,10,10,6,9,10,9,9,10,10,10,10,5,10,10,6,9,10,6,9,9,8,10,10,8,10,10,7,9,10,10,10,10,9,10,10,7,9,10,7,7,10,6,6,10,7,8,10,10,10,10,10,10,10,10,10
sf,cvs,bigdata,bigdata/bigdata/src/java/com/bigdata/btree/AbstractNode.java,buggy,java,IssueFalse,74970,412,2795,2,8,10,9,10,8,8,9,9,9,5,8,9,8,9,9,10,10,10,7,10,10,5,8,9,8,9,9,9,10,9,9,10,10,8,10,9,10,10,10,9,10,9,6,8,9,8,9,10,4,7,8,6,9,3,3,3,7,8,8,8,8,8
sf,cvs,bigdata,bigdata/bigdata/src/java/com/bigdata/btree/Attic/Counters.java,buggy,java,IssueFalse,74970,412,2795,2,8,8,8,10,6,5,2,5,8,5,4,10,6,5,10,9,9,9,2,7,10,5,4,10,5,10,10,2,7,9,2,7,10,1,8,8,8,9,10,8,9,8,4,4,8,4,10,9,3,9,7,3,8,10,10,9,10,10,9,9,8,7
sf,cvs,bigdata,bigdata/bigdata/src/java/com/bigdata/btree/BTree.java,buggy,java,IssueFalse,74970,412,2795,2,10,10,10,10,8,8,9,9,10,5,8,10,9,10,10,10,10,10,6,10,10,5,8,10,7,9,10,8,9,10,8,10,10,8,10,10,8,10,10,10,10,10,7,8,10,9,10,10,5,8,9,10,10,10,10,10,8,10,9,7,9,9
sf,cvs,bigdata,bigdata/bigdata/src/java/com/bigdata/btree/BytesUtil.java,clean,java,IssueFalse,74970,412,2795,2,7,9,8,7,8,7,9,8,8,5,4,8,8,6,7,9,9,9,5,9,9,5,4,8,6,7,5,1,2,2,7,8,7,7,8,7,8,9,9,10,10,10,8,6,8,10,10,10,4,3,5,3,6,5,5,5,4,4,4,2,3,3
sf,cvs,bigdata,bigdata/bigdata/src/java/com/bigdata/btree/Checkpoint.java,buggy,java,IssueFalse,74970,412,2795,2,6,6,6,8,7,5,9,7,6,5,4,7,9,7,6,10,10,10,9,9,9,5,4,7,10,9,8,9,9,7,10,9,8,10,9,8,8,9,9,10,10,9,4,4,6,9,9,9,4,5,6,4,9,7,5,5,4,4,4,8,6,5
sf,cvs,bigdata,bigdata/bigdata/src/java/com/bigdata/btree/DefaultTupleSerializer.java,buggy,java,IssueFalse,74970,412,2795,2,5,6,6,8,6,5,9,7,7,5,4,7,9,7,6,10,10,10,9,9,9,5,4,7,8,8,7,9,8,7,10,9,8,10,9,8,8,9,9,8,9,8,5,6,7,4,4,7,4,4,6,7,10,9,10,10,7,8,8,6,7,7
sf,cvs,bigdata,bigdata/bigdata/src/java/com/bigdata/btree/DelegateIndex.java,buggy,java,IssueFalse,74970,412,2795,2,5,2,5,9,4,5,9,7,6,5,4,7,9,8,6,10,10,10,5,8,8,5,4,7,6,6,4,10,9,8,10,9,9,10,10,8,8,9,9,8,9,8,3,4,6,5,6,8,3,4,6,6,9,8,6,8,4,4,4,2,5,4
sf,cvs,bigdata,bigdata/bigdata/src/java/com/bigdata/btree/FusedView.java,buggy,java,IssueFalse,74970,412,2795,2,8,8,9,9,6,8,8,9,9,5,4,9,8,8,9,9,10,10,5,10,10,5,4,9,6,9,8,7,10,9,8,10,9,7,10,9,9,10,10,9,10,9,6,8,9,8,9,10,5,5,8,8,10,10,10,10,6,7,7,6,7,7
sf,cvs,bigdata,bigdata/bigdata/src/java/com/bigdata/btree/IIndex.java,clean,java,IssueFalse,74970,412,2795,2,2,5,2,5,9,3,5,3,3,9,8,8,9,7,6,10,10,10,2,6,7,9,8,8,4,4,3,7,6,4,7,5,5,7,7,5,8,9,9,8,9,8,3,3,4,10,10,9,2,2,2,5,9,4,5,4,7,7,7,4,4,5
sf,cvs,bigdata,bigdata/bigdata/src/java/com/bigdata/btree/IRangeQuery.java,buggy,java,IssueFalse,74970,412,2795,2,2,8,2,5,10,3,5,3,3,1,1,5,5,1,1,10,10,10,1,6,6,1,1,5,4,4,3,6,5,4,7,5,5,7,6,5,8,9,9,8,9,8,3,3,3,10,10,9,2,2,2,7,9,9,8,9,9,9,9,9,8,8
sf,cvs,bigdata,bigdata/bigdata/src/java/com/bigdata/btree/ITuple.java,buggy,java,IssueFalse,74970,412,2795,2,2,7,2,8,10,3,8,6,5,1,1,5,7,4,3,10,10,10,2,7,7,1,1,5,4,4,3,9,9,7,9,9,8,10,9,8,8,9,9,8,9,8,3,3,6,10,10,9,2,2,3,5,8,6,5,6,4,4,4,2,4,4
sf,cvs,bigdata,bigdata/bigdata/src/java/com/bigdata/btree/ITupleCursor.java,buggy,java,IssueFalse,74970,412,2795,2,1,6,1,5,10,3,6,4,3,9,8,8,8,4,4,10,10,10,2,7,7,9,8,8,4,4,3,7,6,5,7,6,5,1,1,1,8,9,9,8,9,8,3,3,4,6,6,6,2,2,3,5,6,9,8,8,10,10,10,9,9,8
sf,cvs,bigdata,bigdata/bigdata/src/java/com/bigdata/btree/ITupleSerializer.java,buggy,java,IssueFalse,74970,412,2795,2,1,7,2,5,10,3,5,3,3,9,8,8,8,4,4,10,10,10,2,7,7,9,8,8,4,4,3,7,6,4,7,5,5,2,2,2,8,9,9,8,9,8,3,3,4,8,9,7,2,2,3,7,9,8,8,9,9,10,9,6,7,7
sf,cvs,bigdata,bigdata/bigdata/src/java/com/bigdata/btree/ImmutableKeyBuffer.java,buggy,java,IssueFalse,74970,412,2795,2,9,8,9,9,6,7,10,9,9,6,8,9,9,8,8,9,9,9,7,9,10,6,8,9,7,8,7,9,10,9,9,10,9,9,10,9,10,10,10,8,9,8,7,8,9,6,7,9,4,4,7,2,6,10,10,10,4,4,4,2,2,2
sf,cvs,bigdata,bigdata/bigdata/src/java/com/bigdata/btree/IndexMetadata.java,buggy,java,IssueFalse,74970,412,2795,2,9,9,9,10,8,5,10,9,9,5,4,7,10,9,8,10,10,10,10,10,10,5,4,7,10,10,10,10,10,9,10,10,10,10,10,10,8,9,9,8,9,8,5,6,9,10,10,10,4,8,8,9,10,9,10,10,10,10,10,9,9,9
sf,cvs,bigdata,bigdata/bigdata/src/java/com/bigdata/btree/IndexSegment.java,buggy,java,IssueFalse,74970,412,2795,2,9,9,9,10,6,8,7,8,9,9,10,10,10,10,10,9,9,9,6,10,10,9,10,10,5,7,8,7,9,10,7,9,10,7,9,10,9,10,10,9,10,10,5,6,9,7,7,10,4,7,9,9,10,10,10,10,10,10,10,7,8,8
sf,cvs,bigdata,bigdata/bigdata/src/java/com/bigdata/btree/IndexSegmentAddressManager.java,buggy,java,IssueFalse,74970,412,2795,2,4,5,4,5,7,5,7,5,4,9,8,8,9,8,6,9,9,9,3,7,7,9,8,8,9,9,8,6,5,4,7,5,5,7,6,5,8,9,9,8,9,8,6,6,5,10,9,8,6,5,4,2,8,10,9,8,10,8,8,10,8,7
sf,cvs,bigdata,bigdata/bigdata/src/java/com/bigdata/btree/IndexSegmentBuilder.java,buggy,java,IssueFalse,74970,412,2795,2,10,10,10,10,7,9,9,9,10,5,8,10,8,7,9,10,10,10,7,10,10,5,8,10,10,10,10,7,8,9,8,8,10,7,8,9,10,10,10,9,10,10,7,9,10,9,10,10,7,10,9,9,10,3,3,3,4,4,4,2,2,2
sf,cvs,bigdata,bigdata/bigdata/src/java/com/bigdata/btree/IndexSegmentCheckpoint.java,buggy,java,IssueFalse,74970,412,2795,2,8,8,9,5,7,7,10,8,7,5,4,7,8,4,4,9,9,9,9,9,9,5,4,7,10,10,10,7,6,4,7,5,5,7,6,5,8,9,9,10,10,9,9,9,7,10,10,9,10,10,8,6,9,10,10,10,10,10,9,10,10,9
sf,cvs,bigdata,bigdata/bigdata/src/java/com/bigdata/btree/IndexSegmentStore.java,buggy,java,IssueFalse,74970,412,2795,2,9,9,9,10,6,8,6,10,10,5,8,10,7,9,10,9,10,10,4,10,10,5,8,10,6,10,10,5,10,9,5,10,10,4,10,9,9,10,10,9,10,10,6,8,9,8,9,10,5,8,9,10,10,10,10,10,9,10,10,9,9,10
sf,cvs,bigdata,bigdata/bigdata/src/java/com/bigdata/btree/Leaf.java,buggy,java,IssueFalse,74970,412,2795,2,10,10,10,9,7,7,10,10,10,6,9,9,9,10,9,10,10,10,9,10,10,6,9,9,7,8,7,9,10,9,9,10,9,9,10,8,10,10,10,9,10,9,9,9,10,9,8,10,7,8,9,6,9,10,10,9,7,8,7,9,9,9
sf,cvs,bigdata,bigdata/bigdata/src/java/com/bigdata/btree/MutableKeyBuffer.java,buggy,java,IssueFalse,74970,412,2795,2,8,8,8,9,6,7,10,9,9,9,8,8,9,8,7,9,9,9,8,9,9,9,8,8,7,7,5,10,10,8,10,10,9,10,10,9,10,10,10,8,9,8,7,6,9,7,6,9,4,4,7,2,6,3,3,3,4,4,4,6,5,4
sf,cvs,bigdata,bigdata/bigdata/src/java/com/bigdata/btree/Node.java,buggy,java,IssueFalse,74970,412,2795,2,10,10,10,10,7,10,10,10,10,6,9,10,9,10,9,9,10,10,7,10,10,6,9,10,6,8,7,9,10,9,9,10,10,7,9,8,10,10,10,9,10,10,9,10,10,10,10,10,8,9,10,7,9,3,3,3,4,4,4,2,2,2
sf,cvs,bigdata,bigdata/bigdata/src/java/com/bigdata/btree/NodeSerializer.java,buggy,java,IssueFalse,74970,412,2795,2,9,9,9,8,7,7,10,9,9,5,4,7,9,7,6,9,9,9,10,10,10,5,4,7,10,9,9,10,9,8,10,9,8,8,8,6,10,10,10,10,10,10,8,7,9,9,8,9,8,8,8,9,10,9,9,10,10,10,10,10,10,10
sf,cvs,bigdata,bigdata/bigdata/src/java/com/bigdata/btree/ResultSet.java,buggy,java,IssueFalse,74970,412,2795,2,9,9,9,9,6,8,10,10,10,5,4,7,9,8,7,9,9,9,10,10,10,5,4,7,10,10,10,10,9,8,10,10,9,10,9,8,10,10,10,10,10,9,9,9,9,9,8,9,6,9,8,8,10,10,10,10,10,10,10,10,10,10
sf,cvs,bigdata,bigdata/bigdata/src/java/com/bigdata/btree/UnisolatedReadWriteIndex.java,buggy,java,IssueFalse,74970,412,2795,2,8,8,8,9,6,7,9,9,8,6,8,9,9,8,8,9,9,9,8,10,10,6,8,9,6,7,5,9,10,9,9,10,9,9,10,9,9,10,10,10,10,10,5,6,8,8,9,10,5,4,8,7,9,8,9,9,5,6,6,8,9,8
sf,cvs,bigdata,bigdata/bigdata/src/java/com/bigdata/btree/filter/PrefixFilter.java,buggy,java,IssueFalse,74970,412,2795,2,5,6,5,5,7,9,7,5,6,5,4,8,7,4,6,9,9,9,5,8,9,5,4,8,8,8,8,5,5,5,5,4,5,5,5,5,8,9,9,8,9,8,8,7,6,6,6,6,6,6,5,2,6,5,4,4,8,6,6,3,3,3
sf,cvs,bigdata,bigdata/bigdata/src/java/com/bigdata/btree/keys/IKeyBuilder.java,buggy,java,IssueFalse,74970,412,2795,2,2,9,2,8,10,3,8,6,6,9,8,8,9,7,6,10,10,10,2,7,7,9,8,8,6,6,4,9,9,7,10,9,8,10,9,8,8,9,9,8,9,8,3,3,6,10,10,10,2,2,3,2,6,3,3,3,4,4,4,3,3,3
sf,cvs,bigdata,bigdata/bigdata/src/java/com/bigdata/btree/keys/KeyBuilder.java,buggy,java,IssueFalse,74970,412,2795,2,9,10,10,10,7,7,10,10,10,1,4,7,8,9,8,10,10,10,7,10,10,1,4,7,8,9,9,8,10,9,9,10,10,9,10,10,8,10,10,8,9,8,7,9,10,9,10,10,4,8,9,3,6,9,7,7,7,6,6,9,7,7
sf,cvs,bigdata,bigdata/bigdata/src/java/com/bigdata/btree/proc/AbstractKeyArrayIndexProcedure.java,clean,java,IssueFalse,74970,412,2795,2,8,8,8,9,6,7,6,7,9,5,8,10,7,6,9,10,10,10,5,9,10,5,8,10,7,9,10,6,8,9,7,8,9,6,7,9,9,10,10,8,9,8,5,8,8,6,8,9,4,4,7,2,6,5,4,4,7,6,6,3,3,3
sf,cvs,bigdata,bigdata/bigdata/src/java/com/bigdata/cache/LRUCache.java,clean,java,IssueFalse,74970,412,2795,2,8,8,8,10,6,10,8,9,9,1,4,9,8,8,9,9,10,10,4,9,10,1,4,9,9,10,10,8,9,9,8,9,10,8,9,9,8,10,10,10,10,10,6,7,9,7,8,10,4,7,8,3,4,4,3,3,4,4,4,3,3,3
sf,cvs,bigdata,bigdata/bigdata/src/java/com/bigdata/cache/WeakValueCache.java,buggy,java,IssueFalse,74970,412,2795,2,7,8,7,8,7,8,8,8,8,1,4,7,7,7,6,9,9,9,5,9,9,1,4,7,9,10,9,8,9,7,8,9,8,8,9,8,8,9,9,9,10,9,6,7,7,9,9,9,6,6,7,5,9,7,6,6,4,4,4,5,5,5
sf,cvs,bigdata,bigdata/bigdata/src/java/com/bigdata/concurrent/LockManagerTask.java,buggy,java,IssueFalse,74970,412,2795,2,6,6,6,6,7,8,9,7,7,5,4,7,8,5,4,9,9,9,9,9,9,5,4,7,9,9,8,8,7,6,8,7,7,9,8,7,8,9,9,10,10,9,8,8,7,6,7,7,5,8,5,2,6,3,3,3,4,4,4,5,4,4
sf,cvs,bigdata,bigdata/bigdata/src/java/com/bigdata/counters/AbstractStatisticsCollector.java,buggy,java,IssueFalse,74970,412,2795,2,8,8,8,8,6,7,4,8,8,1,4,10,6,6,9,9,10,10,4,10,10,1,4,10,4,7,7,2,5,6,3,7,8,2,8,8,8,10,10,8,9,8,7,9,8,5,7,8,6,7,7,8,10,10,10,10,7,8,8,7,8,8
sf,cvs,bigdata,bigdata/bigdata/src/java/com/bigdata/counters/ActiveProcess.java,buggy,java,IssueFalse,74970,412,2795,2,4,4,5,4,6,7,9,6,6,5,4,7,7,3,3,9,9,9,9,9,9,5,4,7,8,8,7,5,4,3,5,3,3,6,5,4,8,9,9,8,9,8,10,7,6,9,6,6,9,6,5,7,9,7,6,7,4,4,4,6,6,6
sf,cvs,bigdata,bigdata/bigdata/src/java/com/bigdata/counters/CounterSet.java,buggy,java,IssueFalse,74970,412,2795,2,8,8,8,9,6,8,6,9,9,5,8,10,7,7,9,9,9,9,5,10,10,5,8,10,4,6,4,4,9,8,4,9,9,4,9,8,8,9,10,9,10,10,7,8,8,9,10,10,6,7,8,8,10,10,10,10,10,10,10,10,9,9
sf,cvs,bigdata,bigdata/bigdata/src/java/com/bigdata/counters/History.java,buggy,java,IssueFalse,74970,412,2795,2,9,8,9,9,6,9,8,9,9,5,4,9,8,7,9,9,9,9,7,9,10,5,4,9,9,10,10,7,9,9,8,9,9,8,9,9,9,10,10,8,9,8,7,9,9,6,8,9,5,7,8,8,10,10,10,10,8,9,8,9,9,9
sf,cvs,bigdata,bigdata/bigdata/src/java/com/bigdata/counters/XMLUtility.java,buggy,java,IssueFalse,74970,412,2795,2,8,7,9,7,5,9,9,8,9,6,8,9,9,8,8,9,9,9,10,10,10,6,8,9,9,10,9,6,5,5,7,6,7,5,5,5,10,10,10,10,10,10,9,9,9,9,8,9,7,7,7,4,9,8,7,7,7,7,7,8,6,6
sf,cvs,bigdata,bigdata/bigdata/src/java/com/bigdata/counters/httpd/CounterSetHTTPD.java,buggy,java,IssueFalse,74970,412,2795,2,3,2,3,3,5,5,3,2,2,10,9,9,9,7,6,10,10,10,9,9,9,10,9,9,6,6,4,3,3,2,3,2,2,4,3,3,8,9,9,8,9,8,5,4,3,9,5,4,8,6,3,4,8,8,6,5,4,4,4,5,4,4
sf,cvs,bigdata,bigdata/bigdata/src/java/com/bigdata/counters/httpd/CounterSetHTTPDServer.java,buggy,java,IssueFalse,74970,412,2795,2,5,4,5,5,6,8,6,5,5,6,8,9,10,10,9,9,9,9,8,10,10,6,8,9,7,7,7,3,3,3,4,3,5,5,5,5,8,9,9,8,9,8,7,7,5,7,5,6,7,7,5,7,10,7,7,7,7,7,6,2,4,4
sf,cvs,bigdata,bigdata/bigdata/src/java/com/bigdata/counters/httpd/XHTMLRenderer.java,buggy,java,IssueFalse,74970,412,2795,2,10,9,10,9,6,9,10,10,10,5,4,9,8,7,8,9,9,9,9,10,10,5,4,9,9,10,10,7,9,8,8,9,9,5,6,6,10,10,10,8,9,8,9,10,10,9,8,10,8,9,9,9,10,10,10,10,10,10,10,10,10,10
sf,cvs,bigdata,bigdata/bigdata/src/java/com/bigdata/counters/linux/PIDStatCollector.java,clean,java,IssueFalse,74970,412,2795,2,8,8,8,8,6,9,5,5,7,9,9,10,7,5,9,10,10,10,7,10,10,9,9,10,7,9,9,4,5,7,4,4,8,4,5,7,8,10,10,8,9,8,7,8,7,5,6,7,5,7,6,9,10,9,9,10,9,10,9,9,9,9
sf,cvs,bigdata,bigdata/bigdata/src/java/com/bigdata/counters/linux/SarCpuUtilizationCollector.java,clean,java,IssueFalse,74970,412,2795,2,7,6,7,7,6,8,5,5,7,9,9,10,7,5,8,9,10,10,7,9,10,9,9,10,6,8,8,4,5,6,4,4,7,4,5,7,8,10,10,8,9,8,6,8,7,4,5,6,5,6,6,9,10,8,8,9,9,10,9,7,7,8
sf,cvs,bigdata,bigdata/bigdata/src/java/com/bigdata/counters/linux/StatisticsCollectorForLinux.java,buggy,java,IssueFalse,74970,412,2795,2,3,3,3,4,7,5,5,3,3,9,8,8,9,7,5,9,9,9,5,8,8,9,8,8,8,8,7,5,4,3,5,3,3,6,5,4,8,9,9,8,9,8,5,4,3,8,5,5,6,4,4,3,9,3,3,3,7,6,6,2,2,2
sf,cvs,bigdata,bigdata/bigdata/src/java/com/bigdata/counters/linux/SysstatUtil.java,buggy,java,IssueFalse,74970,412,2795,2,2,4,2,3,8,5,3,2,2,5,4,7,6,2,2,9,9,9,5,8,8,5,4,7,4,4,3,1,1,1,3,2,2,4,3,3,8,9,9,8,9,8,5,4,3,8,6,4,5,4,3,3,8,8,7,7,4,4,4,2,2,2
sf,cvs,bigdata,bigdata/bigdata/src/java/com/bigdata/counters/win/TypeperfCollector.java,clean,java,IssueFalse,74970,412,2795,2,8,7,7,7,6,9,6,5,7,6,8,10,7,4,8,9,9,9,8,10,10,6,8,10,7,8,8,4,5,6,4,5,7,5,6,7,8,9,9,9,10,9,7,8,7,6,7,7,6,9,6,6,9,8,6,7,8,8,8,8,7,7
sf,cvs,bigdata,bigdata/bigdata/src/java/com/bigdata/io/ByteArrayBuffer.java,clean,java,IssueFalse,74970,412,2795,2,9,9,9,10,7,7,10,10,10,9,8,8,10,10,9,10,10,10,8,9,9,9,8,8,9,8,7,10,10,10,10,10,10,10,10,10,10,10,10,8,9,8,5,7,9,8,9,10,4,4,9,7,10,9,8,8,4,4,4,4,5,5
sf,cvs,bigdata,bigdata/bigdata/src/java/com/bigdata/io/DirectBufferPool.java,buggy,java,IssueFalse,74970,412,2795,2,6,8,7,6,7,7,7,7,6,1,4,7,6,5,4,9,9,9,8,10,10,1,4,7,9,9,9,6,7,6,6,7,7,5,7,5,8,9,9,10,10,10,7,7,7,9,7,8,5,5,5,3,9,9,9,8,7,6,6,8,6,6
sf,cvs,bigdata,bigdata/bigdata/src/java/com/bigdata/io/FileChannelUtility.java,buggy,java,IssueFalse,74970,412,2795,2,6,6,5,3,7,7,9,7,6,5,4,7,7,3,2,9,9,9,7,9,9,5,4,7,4,4,3,1,1,1,4,3,3,5,4,3,8,9,9,8,9,8,10,9,7,10,8,7,9,6,4,5,9,9,8,9,8,8,8,9,8,8
sf,cvs,bigdata,bigdata/bigdata/src/java/com/bigdata/io/FileLockUtility.java,buggy,java,IssueFalse,74970,412,2795,2,6,7,6,5,7,9,9,7,7,5,4,7,7,4,3,9,9,9,10,10,10,5,4,7,4,4,3,1,1,1,7,5,5,6,6,5,8,9,9,10,10,9,9,8,7,9,8,7,9,7,6,2,4,8,6,6,8,7,7,7,5,5
sf,cvs,bigdata,bigdata/bigdata/src/java/com/bigdata/io/SerializerUtil.java,buggy,java,IssueFalse,74970,412,2795,2,4,5,4,5,7,5,5,5,5,5,4,8,7,4,6,9,9,9,5,9,9,5,4,8,4,4,3,2,3,2,4,4,5,5,6,5,8,9,9,8,9,8,6,5,5,10,9,8,6,5,5,2,6,9,7,7,9,7,7,3,3,3
sf,cvs,bigdata,bigdata/bigdata/src/java/com/bigdata/isolation/IsolatedFusedView.java,buggy,java,IssueFalse,74970,412,2795,2,7,9,6,5,8,10,10,8,8,9,8,8,10,9,8,9,9,9,8,9,9,9,8,8,7,7,5,7,6,5,7,6,5,8,7,6,8,9,9,8,9,8,9,9,7,8,7,7,8,8,6,3,9,5,4,4,4,4,4,3,3,3
sf,cvs,bigdata,bigdata/bigdata/src/java/com/bigdata/journal/AbstractBufferStrategy.java,buggy,java,IssueFalse,74970,412,2795,2,6,8,6,8,8,5,9,7,6,9,8,8,9,7,5,10,10,10,9,9,9,9,8,8,9,9,8,9,8,6,9,8,8,9,8,7,10,10,10,8,9,8,5,6,7,8,7,9,4,5,5,6,9,9,8,8,9,9,9,9,9,8
sf,cvs,bigdata,bigdata/bigdata/src/java/com/bigdata/journal/AbstractJournal.java,buggy,java,IssueFalse,74970,412,2795,2,10,10,10,10,7,9,10,10,10,5,4,10,9,10,9,10,10,10,8,10,10,5,4,10,8,10,10,9,10,10,9,10,10,9,10,10,10,10,10,8,10,9,8,10,10,10,10,10,6,10,10,10,10,3,3,3,4,4,4,2,2,2
sf,cvs,bigdata,bigdata/bigdata/src/java/com/bigdata/journal/AbstractLocalTransactionManager.java,buggy,java,IssueFalse,74970,412,2795,2,8,8,8,8,7,8,7,9,8,6,8,10,8,8,9,10,10,10,7,10,10,6,8,10,6,9,8,6,8,8,6,8,8,6,9,8,8,9,10,8,9,8,7,8,8,7,7,9,5,7,7,8,10,6,5,6,4,4,4,5,5,6
sf,cvs,bigdata,bigdata/bigdata/src/java/com/bigdata/journal/AbstractTask.java,buggy,java,IssueFalse,74970,412,2795,2,10,10,10,10,6,9,9,10,10,6,10,10,9,9,10,10,10,10,8,10,10,6,10,10,7,10,10,9,10,10,9,10,10,9,10,10,8,10,10,9,10,10,5,9,10,6,10,10,4,8,10,10,10,9,10,10,10,10,10,3,7,8
sf,cvs,bigdata,bigdata/bigdata/src/java/com/bigdata/journal/Attic/QueueStatisticsTask.java,buggy,java,IssueFalse,74970,412,2795,2,9,9,9,9,7,9,2,6,8,5,8,10,6,4,10,9,9,9,2,9,10,5,8,10,7,10,10,2,6,9,2,6,9,1,7,8,8,9,10,8,9,8,4,8,8,6,10,9,4,9,7,6,9,10,10,10,9,9,9,10,9,9
sf,cvs,bigdata,bigdata/bigdata/src/java/com/bigdata/journal/BasicBufferStrategy.java,buggy,java,IssueFalse,74970,412,2795,2,6,6,6,6,6,7,9,7,7,10,9,9,9,8,7,10,10,10,9,9,9,10,9,9,9,8,7,8,7,6,8,7,7,8,7,6,10,10,10,8,9,8,7,7,7,8,7,8,7,7,6,5,9,6,6,6,7,7,7,7,7,6
sf,cvs,bigdata,bigdata/bigdata/src/java/com/bigdata/journal/CommitRecordIndex.java,buggy,java,IssueFalse,74970,412,2795,2,6,8,6,7,8,7,8,7,7,9,9,9,10,10,9,9,9,9,7,10,9,9,9,9,7,7,7,6,7,6,7,8,7,6,7,6,10,10,10,9,10,9,7,6,7,8,6,8,6,5,6,4,9,3,3,3,8,7,7,3,4,4
sf,cvs,bigdata,bigdata/bigdata/src/java/com/bigdata/journal/ConcurrencyManager.java,buggy,java,IssueFalse,74970,412,2795,2,10,9,10,8,6,10,9,10,10,5,8,9,6,7,7,10,10,10,9,10,10,5,8,9,9,10,10,6,9,8,6,9,8,6,9,8,8,10,10,9,10,9,9,10,9,10,10,10,8,9,9,10,10,10,10,10,10,10,10,9,8,10
sf,cvs,bigdata,bigdata/bigdata/src/java/com/bigdata/journal/DiskBackedBufferStrategy.java,buggy,java,IssueFalse,74970,412,2795,2,5,5,5,7,6,7,9,7,6,10,10,9,10,9,8,10,10,10,9,9,9,10,10,9,8,7,6,9,8,6,9,8,7,9,8,7,8,9,9,10,10,9,6,6,7,6,8,7,5,4,5,3,4,3,3,3,4,4,4,5,4,5
sf,cvs,bigdata,bigdata/bigdata/src/java/com/bigdata/journal/DiskOnlyStrategy.java,buggy,java,IssueFalse,74970,412,2795,2,10,10,10,10,7,9,3,10,10,5,9,10,6,9,10,9,9,9,2,10,10,5,9,10,5,10,10,2,9,10,2,10,10,2,9,10,8,9,10,8,10,10,7,9,10,6,9,10,5,9,10,10,10,8,10,10,8,9,9,5,8,8
sf,cvs,bigdata,bigdata/bigdata/src/java/com/bigdata/journal/DumpJournal.java,buggy,java,IssueFalse,74970,412,2795,2,7,5,7,5,5,8,9,7,7,5,4,7,7,4,3,9,9,9,10,10,10,5,4,7,4,4,3,2,2,2,7,5,5,6,5,4,8,9,9,10,10,10,9,8,7,10,9,7,10,9,7,7,10,8,7,9,8,9,9,8,7,8
sf,cvs,bigdata,bigdata/bigdata/src/java/com/bigdata/journal/FileMetadata.java,buggy,java,IssueFalse,74970,412,2795,2,8,8,8,2,7,9,10,9,8,5,4,7,6,2,2,9,9,9,10,10,10,5,4,7,10,10,10,2,2,2,2,1,1,1,1,1,8,9,9,8,9,8,10,10,8,10,10,8,10,10,6,9,10,10,10,10,10,10,10,9,8,9
sf,cvs,bigdata,bigdata/bigdata/src/java/com/bigdata/journal/IBufferStrategy.java,buggy,java,IssueFalse,74970,412,2795,2,1,6,2,6,10,3,7,5,4,9,8,8,8,5,4,10,10,10,4,7,8,9,8,8,4,4,3,8,7,6,8,7,7,9,8,7,8,9,9,8,9,8,3,3,5,4,6,6,2,2,3,2,6,3,3,3,7,6,6,3,3,3
sf,cvs,bigdata,bigdata/bigdata/src/java/com/bigdata/journal/IConcurrencyManager.java,buggy,java,IssueFalse,74970,412,2795,2,2,7,2,6,10,3,6,4,4,5,4,7,6,1,1,10,10,10,7,9,9,5,4,7,4,4,3,8,7,5,8,6,6,8,8,6,8,9,9,8,9,8,3,3,4,2,4,4,2,2,3,4,6,3,3,3,8,7,7,4,5,4
sf,cvs,bigdata,bigdata/bigdata/src/java/com/bigdata/journal/IIndexManager.java,clean,java,IssueFalse,74970,412,2795,2,1,3,1,3,10,3,2,2,2,5,4,7,5,1,1,10,10,10,2,7,7,5,4,7,4,4,3,3,3,2,3,2,2,4,3,3,8,9,9,8,9,8,3,3,2,9,6,5,2,1,2,4,6,5,5,5,7,7,7,2,2,2
sf,cvs,bigdata,bigdata/bigdata/src/java/com/bigdata/journal/IIndexStore.java,buggy,java,IssueFalse,74970,412,2795,2,1,6,2,5,10,3,6,4,3,1,1,5,5,1,1,10,10,10,7,8,8,1,1,5,4,4,3,7,6,5,7,6,5,8,7,6,8,9,9,8,9,8,3,3,4,9,9,8,2,2,3,9,10,7,7,9,5,6,6,2,5,6
sf,cvs,bigdata,bigdata/bigdata/src/java/com/bigdata/journal/IResourceLock.java,clean,java,IssueFalse,74970,412,2795,2,1,1,1,2,8,3,2,1,1,5,4,7,4,1,1,10,10,10,2,6,7,5,4,7,4,4,3,2,2,2,2,1,1,2,2,2,8,9,9,8,9,8,3,3,2,2,2,2,2,1,2,2,4,8,6,6,9,7,7,8,6,5
sf,cvs,bigdata,bigdata/bigdata/src/java/com/bigdata/journal/IResourceManager.java,buggy,java,IssueFalse,74970,412,2795,2,3,8,3,8,10,3,8,6,6,5,4,7,8,5,4,10,10,10,8,9,9,5,4,7,4,4,3,9,9,7,10,9,8,10,9,8,8,9,9,8,9,8,3,3,6,4,8,7,2,2,3,7,10,8,7,7,7,7,7,10,8,9
sf,cvs,bigdata,bigdata/bigdata/src/java/com/bigdata/journal/ITask.java,buggy,java,IssueFalse,74970,412,2795,2,1,6,1,5,10,3,5,3,3,5,4,7,5,1,1,10,10,10,3,7,7,5,4,7,4,4,3,7,6,4,7,5,5,7,7,5,8,9,9,8,9,8,3,3,4,1,2,2,2,2,3,3,6,6,5,5,4,4,4,2,2,2
sf,cvs,bigdata,bigdata/bigdata/src/java/com/bigdata/journal/ITx.java,buggy,java,IssueFalse,74970,412,2795,2,2,7,2,7,10,3,8,5,5,1,1,5,7,3,2,10,10,10,2,7,7,1,1,5,4,4,3,9,8,7,9,8,7,9,9,8,8,9,9,8,9,8,3,3,5,9,8,9,2,2,3,3,6,8,6,5,4,4,4,6,5,4
sf,cvs,bigdata,bigdata/bigdata/src/java/com/bigdata/journal/Journal.java,buggy,java,IssueFalse,74970,412,2795,2,9,7,9,10,5,8,8,10,9,6,8,10,9,10,10,9,9,9,7,10,10,6,8,10,7,9,8,8,10,9,8,10,10,9,10,10,8,9,9,8,9,8,5,9,9,9,10,10,4,7,8,10,10,8,9,9,8,9,9,8,8,9
sf,cvs,bigdata,bigdata/bigdata/src/java/com/bigdata/journal/Name2Addr.java,buggy,java,IssueFalse,74970,412,2795,2,9,9,9,9,7,8,8,8,9,6,9,10,9,10,10,9,10,10,8,10,10,6,9,10,7,8,8,6,8,8,7,8,9,6,8,8,9,10,10,10,10,10,7,8,9,9,8,10,7,8,9,9,10,10,10,10,10,10,10,10,10,10
sf,cvs,bigdata,bigdata/bigdata/src/java/com/bigdata/journal/Options.java,buggy,java,IssueFalse,74970,412,2795,2,4,9,5,1,10,3,1,1,1,1,1,5,4,1,1,10,10,10,4,7,8,1,1,5,10,10,10,1,1,1,1,1,1,1,1,1,8,9,9,8,9,8,1,1,2,1,2,2,2,1,2,9,10,7,7,8,4,4,4,4,4,6
sf,cvs,bigdata,bigdata/bigdata/src/java/com/bigdata/journal/RegisterIndexTask.java,buggy,java,IssueFalse,74970,412,2795,2,2,3,2,3,7,7,5,3,3,9,8,8,9,8,7,9,9,9,7,8,8,9,8,8,6,6,4,3,3,2,3,2,2,2,2,2,9,9,9,8,9,8,8,6,3,9,6,4,8,5,3,3,4,5,4,4,4,4,4,7,5,5
sf,cvs,bigdata,bigdata/bigdata/src/java/com/bigdata/journal/ResourceLockService.java,buggy,java,IssueFalse,74970,412,2795,2,5,6,5,7,7,7,5,6,6,5,8,9,7,8,7,9,10,10,3,8,9,5,8,9,5,6,5,6,8,7,6,8,7,5,8,7,9,10,10,9,10,9,4,5,6,4,5,7,4,3,5,2,4,9,8,7,10,9,8,2,2,2
sf,cvs,bigdata,bigdata/bigdata/src/java/com/bigdata/journal/TemporaryRawStore.java,buggy,java,IssueFalse,74970,412,2795,2,7,7,7,9,6,8,9,8,8,9,8,9,9,8,8,10,10,10,8,10,10,9,8,9,7,8,7,9,9,8,9,10,9,9,10,9,9,10,10,8,9,8,5,6,8,6,8,9,4,6,7,10,10,10,10,10,10,10,10,9,10,10
sf,cvs,bigdata,bigdata/bigdata/src/java/com/bigdata/journal/TemporaryStore.java,buggy,java,IssueFalse,74970,412,2795,2,7,6,7,8,6,7,7,7,7,9,9,9,9,9,8,9,9,9,8,10,10,9,9,9,8,9,8,8,9,8,8,9,8,9,9,8,8,9,9,9,10,9,4,6,7,4,6,7,5,5,7,10,10,9,9,10,7,9,9,7,8,9
sf,cvs,bigdata,bigdata/bigdata/src/java/com/bigdata/journal/TimestampServiceUtil.java,buggy,java,IssueFalse,74970,412,2795,2,2,2,2,2,7,7,4,2,2,5,4,7,6,2,2,9,9,9,5,8,8,5,4,7,4,4,3,1,1,1,2,1,1,2,2,2,8,9,9,8,9,8,9,6,3,8,4,3,7,4,2,3,6,3,3,3,4,4,4,3,3,3
sf,cvs,bigdata,bigdata/bigdata/src/java/com/bigdata/journal/TimestampUtility.java,buggy,java,IssueFalse,74970,412,2795,2,2,4,2,5,8,5,7,5,4,5,4,7,8,4,4,10,10,10,3,7,7,5,4,7,4,4,3,1,1,1,7,5,5,7,7,5,8,9,9,8,9,8,5,6,5,8,6,6,2,2,3,4,9,9,8,7,4,4,4,2,2,2
sf,cvs,bigdata,bigdata/bigdata/src/java/com/bigdata/journal/Tx.java,buggy,java,IssueFalse,74970,412,2795,2,6,8,6,5,8,8,9,7,7,9,8,8,8,4,4,9,9,9,10,10,10,9,8,8,7,7,5,7,6,5,7,6,5,6,5,4,10,10,10,10,10,9,9,8,7,6,5,6,9,8,7,5,9,8,6,6,7,7,7,7,6,6
sf,cvs,bigdata,bigdata/bigdata/src/java/com/bigdata/journal/WriteExecutorService.java,buggy,java,IssueFalse,74970,412,2795,2,10,10,10,9,7,9,10,10,10,10,9,9,10,10,9,9,9,9,10,10,10,10,9,9,10,10,10,10,10,8,10,10,9,10,9,8,10,10,10,10,10,10,9,9,9,10,9,10,8,9,9,10,10,10,10,10,9,10,9,8,9,9
sf,cvs,bigdata,bigdata/bigdata/src/java/com/bigdata/mdi/AbstractResourceMetadata.java,clean,java,IssueFalse,74970,412,2795,2,4,4,4,6,6,5,8,6,5,5,4,7,8,5,4,10,10,10,8,9,9,5,4,7,8,7,6,8,7,6,8,7,7,9,8,7,9,9,9,8,9,8,5,5,5,4,5,6,5,4,5,3,9,3,3,3,7,6,6,10,8,7
sf,cvs,bigdata,bigdata/bigdata/src/java/com/bigdata/mdi/JournalMetadata.java,buggy,java,IssueFalse,74970,412,2795,2,2,3,2,5,7,5,6,4,3,9,8,8,9,7,6,9,9,9,4,7,8,9,8,8,4,4,3,6,5,4,7,5,5,6,6,5,8,9,9,10,10,9,4,4,4,3,5,4,4,4,3,4,9,6,5,5,4,4,4,7,6,6
sf,cvs,bigdata,bigdata/bigdata/src/java/com/bigdata/mdi/LocalPartitionMetadata.java,buggy,java,IssueFalse,74970,412,2795,2,7,7,7,7,6,8,10,8,8,5,4,7,8,6,5,9,9,9,9,9,9,5,4,7,9,9,8,9,8,6,9,8,7,9,8,7,9,9,9,8,9,8,8,8,8,10,9,9,6,6,6,6,9,4,4,4,4,4,4,7,7,6
sf,cvs,bigdata,bigdata/bigdata/src/java/com/bigdata/mdi/MetadataIndex.java,buggy,java,IssueFalse,74970,412,2795,2,6,7,6,9,7,5,5,4,7,9,9,10,10,10,10,9,9,9,6,9,10,9,9,10,6,7,7,6,6,8,6,6,9,7,7,8,8,9,9,8,9,8,4,4,7,4,5,8,4,5,7,2,6,8,6,6,6,5,5,5,4,4
sf,cvs,bigdata,bigdata/bigdata/src/java/com/bigdata/mdi/MetadataIndexView.java,buggy,java,IssueFalse,74970,412,2795,2,5,6,5,6,7,8,8,6,6,9,8,8,10,9,7,9,9,9,8,9,9,9,8,8,8,7,6,8,7,5,8,7,6,6,6,5,8,9,9,10,10,10,6,6,6,6,5,6,5,4,5,2,6,10,9,9,8,6,6,9,7,6
sf,cvs,bigdata,bigdata/bigdata/src/java/com/bigdata/mdi/PartitionLocator.java,buggy,java,IssueFalse,74970,412,2795,2,6,6,6,6,6,7,9,8,7,5,4,7,8,5,4,9,9,9,8,9,9,5,4,7,8,8,7,8,7,6,8,7,7,9,8,7,8,9,9,8,9,8,8,8,7,9,8,8,5,5,5,2,4,3,3,3,4,4,4,5,4,4
sf,cvs,bigdata,bigdata/bigdata/src/java/com/bigdata/rawstore/SimpleMemoryRawStore.java,buggy,java,IssueFalse,74970,412,2795,2,6,6,6,8,7,5,8,7,7,6,8,9,8,7,7,9,9,9,6,9,9,6,8,9,7,8,7,8,8,8,8,8,8,9,9,8,8,9,9,8,9,8,5,7,7,4,10,8,3,5,6,2,8,3,3,3,4,4,4,8,6,5
sf,cvs,bigdata,bigdata/bigdata/src/java/com/bigdata/relation/AbstractRelation.java,buggy,java,IssueFalse,74970,412,2795,2,3,5,3,4,8,7,5,3,3,9,8,8,9,7,6,10,10,10,8,9,9,9,8,8,4,4,3,5,4,3,5,3,3,4,3,3,10,10,10,8,9,8,6,6,4,9,7,6,5,4,3,9,8,9,9,10,10,10,10,7,8,9
sf,cvs,bigdata,bigdata/bigdata/src/java/com/bigdata/relation/AbstractResource.java,buggy,java,IssueFalse,74970,412,2795,2,6,6,6,7,6,9,9,8,7,5,4,7,8,6,5,10,10,10,10,10,10,5,4,7,9,9,8,9,8,6,9,8,7,9,8,7,10,10,10,8,9,8,7,7,7,10,10,10,7,7,7,8,9,9,8,9,7,7,7,8,8,8
sf,cvs,bigdata,bigdata/bigdata/src/java/com/bigdata/relation/accesspath/AbstractAccessPath.java,buggy,java,IssueFalse,74970,412,2795,2,9,8,9,9,6,8,9,9,9,5,8,9,8,8,8,9,10,10,7,10,10,5,8,9,9,10,9,8,9,8,8,9,9,7,9,8,10,10,10,9,10,10,8,9,9,8,8,9,5,7,8,10,10,9,10,10,9,9,10,9,9,10
sf,cvs,bigdata,bigdata/bigdata/src/java/com/bigdata/relation/accesspath/AbstractArrayBuffer.java,buggy,java,IssueFalse,74970,412,2795,2,4,4,4,6,6,8,9,7,6,5,4,7,8,5,4,10,10,10,4,7,8,5,4,7,9,8,7,8,7,5,8,6,6,6,6,5,10,10,10,10,10,9,7,7,6,5,5,6,5,5,5,6,6,8,9,9,10,9,9,8,7,8
sf,cvs,bigdata,bigdata/bigdata/src/java/com/bigdata/relation/accesspath/BlockingBuffer.java,buggy,java,IssueFalse,74970,412,2795,2,9,9,9,9,7,9,10,9,9,5,4,8,9,6,8,9,9,9,9,10,10,5,4,8,9,9,9,9,8,8,9,8,9,9,9,8,8,9,9,10,10,10,8,9,9,8,8,9,5,7,8,10,9,10,10,10,10,10,10,10,10,10
sf,cvs,bigdata,bigdata/bigdata/src/java/com/bigdata/relation/accesspath/IAsynchronousIterator.java,clean,java,IssueFalse,74970,412,2795,2,1,5,1,4,10,3,4,2,2,9,8,8,7,3,3,10,10,10,2,6,7,9,8,8,4,4,3,5,4,3,5,3,3,6,5,4,8,9,9,8,9,8,3,3,3,2,3,3,2,2,2,2,4,10,9,8,10,8,8,9,6,6
sf,cvs,bigdata,bigdata/bigdata/src/java/com/bigdata/relation/accesspath/IBlockingBuffer.java,buggy,java,IssueFalse,74970,412,2795,2,1,5,1,4,10,3,4,3,3,5,4,7,5,1,1,10,10,10,3,7,7,5,4,7,4,4,3,6,5,3,6,4,4,6,6,5,8,9,9,8,9,8,3,3,3,2,2,3,2,2,2,4,6,9,8,8,4,4,4,5,6,5
sf,cvs,bigdata,bigdata/bigdata/src/java/com/bigdata/relation/accesspath/IBuffer.java,buggy,java,IssueFalse,74970,412,2795,2,1,4,1,4,10,3,4,3,3,1,1,5,5,1,1,10,10,10,1,6,6,1,1,5,4,4,3,6,5,3,6,4,4,6,6,5,8,9,9,8,9,8,3,3,3,5,5,5,2,2,2,4,4,7,7,6,7,7,7,8,7,7
sf,cvs,bigdata,bigdata/bigdata/src/java/com/bigdata/relation/accesspath/TupleObjectResolver.java,buggy,java,IssueFalse,74970,412,2795,2,1,1,1,3,6,3,2,2,2,9,8,8,6,2,2,9,9,9,3,7,7,9,8,8,4,4,3,3,3,2,3,2,2,2,2,2,9,9,9,8,9,8,3,3,2,2,2,2,3,2,2,2,6,4,3,3,4,4,4,3,3,3
sf,cvs,bigdata,bigdata/bigdata/src/java/com/bigdata/relation/accesspath/UnsynchronizedArrayBuffer.java,buggy,java,IssueFalse,74970,412,2795,2,5,5,5,6,6,7,9,7,6,5,4,7,8,5,4,9,9,9,5,8,8,5,4,7,9,9,8,8,7,5,8,6,6,7,7,5,10,10,10,8,9,8,7,7,6,7,6,7,5,5,5,6,9,10,10,10,10,10,10,9,8,8
sf,cvs,bigdata,bigdata/bigdata/src/java/com/bigdata/relation/locator/AbstractCachingResourceLocator.java,buggy,java,IssueFalse,74970,412,2795,2,3,4,3,5,7,5,7,4,4,5,4,7,7,4,3,10,10,10,4,7,8,5,4,7,7,7,5,6,5,4,7,5,5,2,2,2,10,10,10,8,9,8,5,5,4,6,5,5,4,3,4,5,8,7,7,7,5,6,6,3,4,5
sf,cvs,bigdata,bigdata/bigdata/src/java/com/bigdata/relation/locator/DefaultResourceLocator.java,buggy,java,IssueFalse,74970,412,2795,2,8,8,8,5,6,10,10,9,9,9,8,8,9,6,5,9,9,9,10,10,10,9,8,8,8,8,7,7,6,5,7,6,5,6,6,5,10,10,10,8,9,8,10,9,8,10,7,8,9,8,7,9,10,9,9,10,8,9,9,9,8,9
sf,cvs,bigdata,bigdata/bigdata/src/java/com/bigdata/relation/locator/IResourceLocator.java,buggy,java,IssueFalse,74970,412,2795,2,1,3,1,2,10,3,2,1,1,1,1,5,4,1,1,10,10,10,2,6,7,1,1,5,4,4,3,2,2,2,2,1,1,2,2,2,8,9,9,8,9,8,3,3,2,10,8,5,2,2,2,3,6,3,3,3,4,4,4,5,5,5
sf,cvs,bigdata,bigdata/bigdata/src/java/com/bigdata/relation/rule/ArrayBindingSet.java,buggy,java,IssueFalse,74970,412,2795,2,6,5,7,8,5,8,7,8,8,5,4,9,7,6,8,9,9,9,4,8,9,5,4,9,6,7,7,6,8,7,7,8,8,7,8,8,8,9,9,8,9,8,7,7,8,4,5,7,4,3,6,5,6,5,6,6,5,6,6,4,4,5
sf,cvs,bigdata,bigdata/bigdata/src/java/com/bigdata/relation/rule/IBindingSet.java,buggy,java,IssueFalse,74970,412,2795,2,1,6,2,6,10,3,6,4,4,5,4,7,5,1,1,10,10,10,2,6,7,5,4,7,4,4,3,8,7,5,8,6,6,8,8,6,8,9,9,8,9,8,3,3,4,7,7,7,2,2,2,3,6,6,5,5,4,4,4,2,2,2
sf,cvs,bigdata,bigdata/bigdata/src/java/com/bigdata/relation/rule/IPredicate.java,buggy,java,IssueFalse,74970,412,2795,2,2,7,2,8,10,3,8,6,5,5,4,7,7,3,3,10,10,10,3,7,7,5,4,7,4,4,3,9,8,7,9,8,8,10,9,8,8,9,9,8,9,8,3,3,5,4,8,7,2,2,3,8,9,8,8,9,6,7,7,3,5,6
sf,cvs,bigdata,bigdata/bigdata/src/java/com/bigdata/relation/rule/ISolutionExpander.java,clean,java,IssueFalse,74970,412,2795,2,1,5,1,2,10,3,2,1,1,5,4,7,4,1,1,10,10,10,1,6,6,5,4,7,4,4,3,2,2,2,2,1,1,1,1,1,8,9,9,8,9,8,3,3,2,2,2,2,2,2,2,3,6,4,4,4,4,4,4,10,9,8
sf,cvs,bigdata,bigdata/bigdata/src/java/com/bigdata/relation/rule/OR.java,buggy,java,IssueFalse,74970,412,2795,2,1,2,1,3,7,5,4,2,2,5,4,7,6,2,2,9,9,9,2,7,7,5,4,7,7,7,5,3,3,2,3,2,2,4,3,3,8,9,9,8,9,8,6,5,3,6,3,3,4,3,2,2,4,3,3,3,4,4,4,5,4,4
sf,cvs,bigdata,bigdata/bigdata/src/java/com/bigdata/relation/rule/Predicate.java,buggy,java,IssueFalse,74970,412,2795,2,7,5,8,8,5,7,10,9,8,5,4,7,9,7,6,10,10,10,6,8,8,5,4,7,10,9,8,10,9,8,10,9,8,10,9,8,10,10,10,8,9,8,7,7,8,5,7,8,5,5,7,7,9,9,8,9,4,4,4,8,7,8
sf,cvs,bigdata,bigdata/bigdata/src/java/com/bigdata/relation/rule/QueryOptions.java,buggy,java,IssueFalse,74970,412,2795,2,2,3,2,4,7,5,5,3,3,5,4,7,7,4,3,9,9,9,2,7,7,5,4,7,8,8,7,6,5,3,6,4,4,6,6,5,8,9,9,8,9,8,4,4,3,3,5,4,3,4,3,3,6,7,7,6,4,4,4,2,3,3
sf,cvs,bigdata,bigdata/bigdata/src/java/com/bigdata/relation/rule/eval/AbstractSolutionBuffer.java,buggy,java,IssueFalse,74970,412,2795,2,4,6,4,7,7,5,2,3,5,6,9,10,8,6,9,10,10,10,2,7,9,6,9,10,5,7,7,3,5,7,3,4,7,2,6,5,9,10,10,8,9,8,3,4,5,3,5,6,3,3,4,5,4,9,8,8,8,7,8,7,7,7
sf,cvs,bigdata,bigdata/bigdata/src/java/com/bigdata/relation/rule/eval/AbstractStepTask.java,clean,java,IssueFalse,74970,412,2795,2,9,8,9,8,6,9,10,9,9,5,4,8,8,7,7,10,10,10,10,10,10,5,4,8,7,8,7,8,9,7,8,9,8,4,5,4,10,10,10,10,10,10,9,8,9,9,7,9,9,8,9,10,10,9,10,10,9,9,10,9,10,10
sf,cvs,bigdata,bigdata/bigdata/src/java/com/bigdata/relation/rule/eval/DefaultEvaluationPlan.java,buggy,java,IssueFalse,74970,412,2795,2,7,8,8,6,7,9,10,8,8,5,4,7,8,5,4,9,9,9,9,9,9,5,4,7,10,10,9,8,7,5,8,6,6,7,7,5,8,9,9,10,10,10,9,10,8,9,8,8,9,9,7,7,9,10,10,10,10,10,10,9,10,9
sf,cvs,bigdata,bigdata/bigdata/src/java/com/bigdata/relation/rule/eval/DefaultEvaluationPlan2.java,buggy,java,IssueFalse,74970,412,2795,2,8,7,9,9,5,9,8,9,9,1,4,9,7,6,8,10,10,10,4,9,10,1,4,9,9,9,10,7,8,9,7,8,9,6,7,8,9,10,10,9,10,10,7,9,9,6,6,9,5,6,8,8,8,7,8,9,7,9,8,7,8,8
sf,cvs,bigdata,bigdata/bigdata/src/java/com/bigdata/relation/rule/eval/IJoinNexus.java,buggy,java,IssueFalse,74970,412,2795,2,4,9,5,9,10,3,9,8,7,1,1,5,9,7,6,10,10,10,7,8,8,1,1,5,8,8,7,10,10,9,10,10,9,1,1,1,8,9,9,8,9,8,3,3,7,3,5,8,2,2,4,10,10,9,9,10,8,9,9,5,7,9
sf,cvs,bigdata,bigdata/bigdata/src/java/com/bigdata/relation/rule/eval/IJoinNexusFactory.java,buggy,java,IssueFalse,74970,412,2795,2,1,3,1,3,10,3,3,2,2,5,4,7,5,1,1,10,10,10,2,7,7,5,4,7,4,4,3,4,3,3,4,3,3,1,1,1,8,9,9,8,9,8,3,3,3,9,8,5,2,2,2,6,8,6,6,7,8,8,8,5,6,7
sf,cvs,bigdata,bigdata/bigdata/src/java/com/bigdata/relation/rule/eval/IRuleStatisticsFactory.java,buggy,java,IssueFalse,74970,412,2795,2,1,3,1,3,10,3,2,2,2,1,1,5,4,1,1,10,10,10,2,6,7,1,1,5,4,4,3,3,3,2,3,2,2,1,1,1,8,9,9,8,9,8,3,3,2,6,5,3,2,2,2,2,4,8,6,5,4,4,4,3,3,3
sf,cvs,bigdata,bigdata/bigdata/src/java/com/bigdata/relation/rule/eval/MutationTask.java,buggy,java,IssueFalse,74970,412,2795,2,6,6,6,4,6,8,9,7,7,9,8,8,9,8,6,9,9,9,10,10,10,9,8,8,4,4,3,6,5,3,6,4,4,2,2,2,10,10,10,8,9,8,10,8,7,9,6,6,10,8,6,9,9,8,10,9,8,9,9,8,9,9
sf,cvs,bigdata,bigdata/bigdata/src/java/com/bigdata/relation/rule/eval/NestedSubqueryWithJoinThreadsTask.java,buggy,java,IssueFalse,74970,412,2795,2,9,10,9,7,8,9,9,9,9,5,4,8,8,6,7,9,9,9,9,10,10,5,4,8,9,9,9,7,7,6,7,7,7,4,3,4,10,10,10,8,9,8,9,8,9,10,8,9,9,8,8,9,10,10,10,10,10,10,10,9,9,10
sf,cvs,bigdata,bigdata/bigdata/src/java/com/bigdata/relation/rule/eval/ProgramTask.java,buggy,java,IssueFalse,74970,412,2795,2,8,8,8,5,7,8,10,9,8,5,4,7,8,4,4,9,9,9,10,10,10,5,4,7,9,8,7,7,6,5,7,6,5,6,5,4,10,10,10,8,9,8,10,8,8,10,7,8,10,8,7,6,4,9,9,9,9,9,9,9,9,9
sf,cvs,bigdata,bigdata/bigdata/src/java/com/bigdata/relation/rule/eval/ProgramUtility.java,buggy,java,IssueFalse,74970,412,2795,2,2,7,3,3,10,7,7,5,5,5,4,7,7,3,2,9,9,9,3,7,7,5,4,7,4,4,3,4,3,3,4,3,3,4,3,3,8,9,9,10,10,9,9,7,5,5,3,3,7,4,3,7,8,9,10,9,10,10,10,10,10,10
sf,cvs,bigdata,bigdata/bigdata/src/java/com/bigdata/relation/rule/eval/RuleState.java,buggy,java,IssueFalse,74970,412,2795,2,6,9,7,6,8,10,9,8,7,5,4,7,8,5,4,9,9,9,8,9,9,5,4,7,9,9,8,8,7,5,8,6,6,8,7,6,9,9,9,8,9,8,9,8,7,9,6,7,8,7,6,9,9,8,9,9,9,10,10,10,10,10
sf,cvs,bigdata,bigdata/bigdata/src/java/com/bigdata/relation/rule/eval/RuleStats.java,buggy,java,IssueFalse,74970,412,2795,2,7,8,8,7,7,9,10,9,9,5,4,7,8,6,5,10,10,10,7,8,8,5,4,7,10,10,10,9,7,6,9,7,7,7,7,5,9,9,9,10,10,10,9,10,8,9,9,8,7,6,7,9,8,10,10,10,9,10,10,9,9,10
sf,cvs,bigdata,bigdata/bigdata/src/java/com/bigdata/relation/rule/eval/RunRuleAndFlushBufferTask.java,buggy,java,IssueFalse,74970,412,2795,2,2,2,2,3,6,5,5,3,3,5,4,7,6,2,2,9,9,9,5,8,8,5,4,7,7,7,5,3,3,2,3,2,2,4,3,3,8,9,9,8,9,8,8,5,3,6,3,3,7,4,3,3,6,8,7,7,4,4,4,9,7,7
sf,cvs,bigdata,bigdata/bigdata/src/java/com/bigdata/resources/AbstractResourceManagerTask.java,buggy,java,IssueFalse,74970,412,2795,2,2,4,2,3,8,3,2,2,2,9,8,8,9,8,7,10,10,10,3,7,7,9,8,8,6,6,4,3,3,2,3,2,2,4,3,3,8,9,9,8,9,8,3,3,2,10,7,5,5,3,3,4,8,5,4,4,4,4,4,3,3,3
sf,cvs,bigdata,bigdata/bigdata/src/java/com/bigdata/resources/Attic/BuildIndexSegmentTask.java,buggy,java,IssueFalse,74970,412,2795,2,6,7,6,5,7,5,5,5,6,9,9,10,9,8,9,9,9,9,8,10,10,9,9,10,6,7,7,3,3,4,3,2,5,3,3,5,8,9,9,8,9,8,9,8,6,9,6,7,10,10,6,7,10,9,9,9,10,10,10,9,8,9
sf,cvs,bigdata,bigdata/bigdata/src/java/com/bigdata/resources/Attic/MoveIndexPartitionTask.java,buggy,java,IssueFalse,74970,412,2795,2,8,8,8,8,6,8,6,6,8,9,9,10,9,8,10,9,9,9,9,10,10,9,9,10,7,8,9,4,5,7,4,5,8,4,6,7,8,9,10,8,9,8,8,8,8,7,7,8,8,9,8,9,10,6,8,8,5,6,7,5,6,8
sf,cvs,bigdata,bigdata/bigdata/src/java/com/bigdata/resources/DefaultSplitHandler.java,buggy,java,IssueFalse,74970,412,2795,2,8,8,8,8,6,9,9,9,8,5,4,8,8,7,7,9,9,9,8,10,10,5,4,8,8,8,8,8,9,7,8,9,8,8,9,8,8,9,9,8,9,8,7,8,8,8,7,9,6,8,8,8,10,6,8,8,5,6,6,8,9,8
sf,cvs,bigdata,bigdata/bigdata/src/java/com/bigdata/resources/IndexManager.java,buggy,java,IssueFalse,74970,412,2795,2,9,9,9,7,6,10,10,10,9,9,9,10,9,10,9,10,10,10,10,10,10,9,9,10,8,8,8,7,8,6,7,8,7,6,8,7,9,10,10,8,9,8,10,10,9,10,8,9,9,8,8,10,10,9,10,10,9,10,10,9,10,10
sf,cvs,bigdata,bigdata/bigdata/src/java/com/bigdata/resources/IndexSegmentIndex.java,buggy,java,IssueFalse,74970,412,2795,2,3,4,3,4,8,5,5,3,3,10,9,9,10,10,9,9,9,9,7,8,8,10,9,9,6,6,4,4,3,3,5,3,3,5,4,3,9,9,9,8,9,8,6,6,4,6,5,4,7,5,4,3,9,4,3,3,6,5,5,3,3,3
sf,cvs,bigdata,bigdata/bigdata/src/java/com/bigdata/resources/JoinIndexPartitionTask.java,buggy,java,IssueFalse,74970,412,2795,2,6,7,6,5,7,7,5,4,6,9,9,10,9,8,9,9,9,9,9,10,10,9,9,10,6,7,6,3,3,4,3,2,5,2,3,3,9,10,10,8,9,8,8,8,6,8,5,6,10,10,7,8,10,6,7,7,7,7,7,6,7,7
sf,cvs,bigdata,bigdata/bigdata/src/java/com/bigdata/resources/JournalIndex.java,buggy,java,IssueFalse,74970,412,2795,2,4,6,4,5,8,7,8,6,5,10,9,9,10,10,9,9,9,9,7,9,9,10,9,9,6,6,4,7,6,4,7,6,5,7,6,5,9,9,9,10,10,9,7,6,6,6,5,6,6,4,5,5,9,8,8,7,5,5,6,4,5,5
sf,cvs,bigdata,bigdata/bigdata/src/java/com/bigdata/resources/OverflowManager.java,buggy,java,IssueFalse,74970,412,2795,2,9,10,9,6,7,8,9,9,9,10,10,10,10,10,9,10,10,10,10,10,10,10,10,10,10,10,10,5,7,5,5,6,6,6,7,6,8,9,9,8,9,8,10,9,8,10,9,9,10,10,8,10,10,9,9,10,9,10,10,9,9,10
sf,cvs,bigdata,bigdata/bigdata/src/java/com/bigdata/resources/PostProcessOldJournalTask.java,buggy,java,IssueFalse,74970,412,2795,2,10,10,10,7,7,9,10,10,10,5,4,8,7,5,7,9,9,9,10,10,10,5,4,8,9,9,9,6,7,6,7,7,7,5,4,5,10,10,10,8,9,8,10,10,9,10,8,9,10,10,9,10,10,6,8,8,6,8,7,2,6,6
sf,cvs,bigdata,bigdata/bigdata/src/java/com/bigdata/resources/ResourceEvents.java,buggy,java,IssueFalse,74970,412,2795,2,5,8,5,7,8,5,9,7,7,5,4,7,9,6,5,10,10,10,7,9,9,5,4,7,4,4,3,1,1,1,9,8,7,9,9,7,8,9,9,8,9,8,6,4,7,8,8,8,2,3,3,4,9,3,3,3,5,5,5,3,4,4
sf,cvs,bigdata,bigdata/bigdata/src/java/com/bigdata/resources/ResourceManager.java,buggy,java,IssueFalse,74970,412,2795,2,8,6,8,10,5,7,2,5,8,5,10,10,6,10,10,9,10,10,2,9,10,5,10,10,4,7,6,2,5,9,2,4,10,2,6,10,8,9,9,8,9,8,4,5,8,2,6,7,3,5,7,10,10,8,8,10,5,7,7,4,6,8
sf,cvs,bigdata,bigdata/bigdata/src/java/com/bigdata/resources/SplitIndexPartitionTask.java,buggy,java,IssueFalse,74970,412,2795,2,9,8,9,6,6,7,7,6,8,9,9,10,9,8,10,9,9,9,10,10,10,9,9,10,6,7,8,3,3,5,3,3,6,2,3,4,9,10,10,8,9,8,10,9,8,9,7,8,10,10,8,9,10,9,8,10,6,8,8,9,8,9
sf,cvs,bigdata,bigdata/bigdata/src/java/com/bigdata/resources/StoreManager.java,buggy,java,IssueFalse,74970,412,2795,2,10,10,10,10,7,10,10,10,10,6,10,10,9,10,10,9,10,10,10,10,10,6,10,10,9,10,10,8,10,10,8,10,10,7,10,9,9,10,10,10,10,10,9,10,10,9,10,10,8,10,10,10,10,3,3,3,4,4,4,2,2,2
sf,cvs,bigdata,bigdata/bigdata/src/java/com/bigdata/search/FullTextIndex.java,buggy,java,IssueFalse,74970,412,2795,2,9,10,9,9,7,8,4,9,9,5,9,10,6,9,10,10,10,10,3,10,10,5,9,10,5,9,9,3,9,9,3,9,9,3,9,9,8,10,10,8,10,9,6,9,9,5,8,9,5,9,8,10,10,9,10,10,9,10,10,9,9,10
sf,cvs,bigdata,bigdata/bigdata/src/java/com/bigdata/search/ReadIndexTask.java,buggy,java,IssueFalse,74970,412,2795,2,4,3,4,3,5,8,6,4,3,5,4,7,6,2,2,9,9,9,8,9,9,5,4,7,9,9,8,3,3,2,3,2,2,4,3,3,8,9,9,8,9,8,9,7,4,10,6,5,10,7,4,6,8,5,5,5,6,6,6,7,7,7
sf,cvs,bigdata,bigdata/bigdata/src/java/com/bigdata/search/TokenBuffer.java,buggy,java,IssueFalse,74970,412,2795,2,6,6,7,5,6,8,9,7,6,5,4,7,8,4,4,9,9,9,8,9,9,5,4,7,10,9,8,7,6,4,7,5,5,7,6,5,9,9,9,8,9,8,9,8,7,9,8,7,8,7,5,7,8,5,5,5,4,4,4,7,7,7
sf,cvs,bigdata,bigdata/bigdata/src/java/com/bigdata/service/AbstractClient.java,buggy,java,IssueFalse,74970,412,2795,2,7,4,6,8,4,5,10,8,8,5,4,7,9,7,5,10,10,10,8,9,9,5,4,7,10,10,9,9,8,7,9,8,8,9,9,7,10,10,10,8,9,8,7,9,8,8,8,8,4,8,5,8,9,9,9,10,7,8,8,6,7,7
sf,cvs,bigdata,bigdata/bigdata/src/java/com/bigdata/service/AbstractDistributedFederation.java,buggy,java,IssueFalse,74970,412,2795,2,2,5,2,4,9,3,4,3,3,10,9,9,10,9,8,10,10,10,3,7,7,10,9,9,4,4,3,6,5,3,6,4,4,6,6,5,8,9,9,8,9,8,3,3,3,2,3,3,2,2,2,8,9,7,7,8,10,10,10,5,6,7
sf,cvs,bigdata,bigdata/bigdata/src/java/com/bigdata/service/AbstractFederation.java,buggy,java,IssueFalse,74970,412,2795,2,9,9,9,10,6,8,9,9,10,5,4,9,8,8,9,10,10,10,10,10,10,5,4,9,9,10,10,8,10,9,8,10,10,8,10,9,10,10,10,8,9,8,7,8,9,9,10,10,6,7,9,10,10,10,10,10,10,10,10,9,10,10
sf,cvs,bigdata,bigdata/bigdata/src/java/com/bigdata/service/AbstractScaleOutFederation.java,buggy,java,IssueFalse,74970,412,2795,2,6,7,6,6,7,8,9,7,6,9,8,8,10,9,8,10,10,10,10,10,10,9,8,8,8,7,6,8,7,5,8,7,6,7,7,5,10,10,10,8,9,8,7,8,6,8,6,7,6,7,6,5,6,9,9,9,10,10,10,4,5,5
sf,cvs,bigdata,bigdata/bigdata/src/java/com/bigdata/service/AbstractService.java,buggy,java,IssueFalse,74970,412,2795,2,3,5,3,6,8,5,7,5,5,5,4,7,8,5,4,10,10,10,6,8,8,5,4,7,7,7,5,8,7,5,8,7,6,8,8,6,9,9,9,8,9,8,4,6,5,10,10,8,2,3,3,6,4,9,9,9,4,4,4,2,3,3
sf,cvs,bigdata,bigdata/bigdata/src/java/com/bigdata/service/Attic/TimestampService.java,buggy,java,IssueFalse,74970,412,2795,2,3,4,3,6,7,7,5,5,5,5,8,8,7,7,6,10,10,10,3,8,8,5,8,8,4,6,4,5,7,5,5,6,6,5,7,5,9,10,10,8,9,8,5,5,5,4,5,5,3,3,3,4,6,6,6,6,9,8,8,7,7,6
sf,cvs,bigdata,bigdata/bigdata/src/java/com/bigdata/service/Attic/TransactionService.java,buggy,java,IssueFalse,74970,412,2795,2,7,8,8,9,7,7,5,7,8,5,9,10,8,8,9,9,9,9,5,10,10,5,9,10,6,9,9,6,8,9,6,8,9,6,8,9,8,9,9,8,9,8,4,8,8,3,5,8,3,7,7,2,6,3,3,3,8,7,6,3,3,3
sf,cvs,bigdata,bigdata/bigdata/src/java/com/bigdata/service/ClientIndexView.java,buggy,java,IssueFalse,74970,412,2795,2,10,10,10,10,6,10,9,10,10,6,8,10,8,9,10,10,10,10,9,10,10,6,8,10,9,10,10,8,10,10,8,10,10,7,10,9,10,10,10,9,10,10,8,8,10,9,9,10,7,8,10,10,10,3,3,3,4,4,4,2,2,2
sf,cvs,bigdata,bigdata/bigdata/src/java/com/bigdata/service/DataService.java,buggy,java,IssueFalse,74970,412,2795,2,9,9,10,10,6,8,5,9,10,6,10,10,8,9,10,10,10,10,6,10,10,6,10,10,6,8,10,4,9,9,4,10,10,5,10,9,8,10,10,8,9,8,6,7,9,8,9,10,6,6,9,10,10,9,10,10,10,10,10,10,10,10
sf,cvs,bigdata,bigdata/bigdata/src/java/com/bigdata/service/DataServiceIndex.java,buggy,java,IssueFalse,74970,412,2795,2,8,5,8,9,4,7,10,9,9,5,4,7,9,8,7,9,9,9,10,10,10,5,4,7,10,9,8,10,9,8,10,10,9,10,10,9,9,9,9,8,9,8,6,6,8,8,8,9,6,7,8,9,10,9,9,10,8,9,9,6,7,8
sf,cvs,bigdata,bigdata/bigdata/src/java/com/bigdata/service/DataServiceTupleIterator.java,buggy,java,IssueFalse,74970,412,2795,2,3,5,2,4,8,5,5,3,3,10,9,9,9,8,7,10,10,10,6,8,8,10,9,9,6,6,4,5,4,3,5,3,3,4,3,3,10,10,10,8,9,8,5,4,3,7,7,5,4,3,3,3,8,4,4,4,4,4,4,3,3,4
sf,cvs,bigdata,bigdata/bigdata/src/java/com/bigdata/service/EmbeddedClient.java,buggy,java,IssueFalse,74970,412,2795,2,2,4,2,4,8,7,4,4,4,10,10,10,7,8,6,9,9,9,2,7,8,10,10,10,4,6,4,3,5,3,3,4,4,4,6,5,8,9,9,8,9,8,6,5,4,3,3,4,3,3,3,6,6,3,3,3,5,6,6,2,3,4
sf,cvs,bigdata,bigdata/bigdata/src/java/com/bigdata/service/EmbeddedFederation.java,buggy,java,IssueFalse,74970,412,2795,2,9,8,9,9,5,9,7,9,9,9,9,10,8,10,10,9,9,9,8,10,10,9,9,10,6,9,8,5,9,8,5,9,9,6,9,9,8,9,9,8,10,9,8,9,9,6,9,9,6,10,8,10,10,9,9,10,9,10,10,8,9,9
sf,cvs,bigdata,bigdata/bigdata/src/java/com/bigdata/service/IBigdataClient.java,buggy,java,IssueFalse,74970,412,2795,2,3,8,4,7,10,3,6,5,5,1,1,5,5,3,2,10,10,10,2,7,8,1,1,5,10,10,10,7,8,7,7,8,7,8,9,8,8,9,9,8,9,8,3,3,5,2,3,5,2,2,3,9,10,8,9,9,6,7,8,4,7,7
sf,cvs,bigdata,bigdata/bigdata/src/java/com/bigdata/service/IBigdataFederation.java,buggy,java,IssueFalse,74970,412,2795,2,3,8,3,9,10,3,9,7,6,9,8,8,9,8,6,10,10,10,8,9,9,9,8,8,4,4,3,10,9,8,10,9,9,10,10,9,8,9,9,8,9,8,3,3,6,6,9,9,2,2,4,10,10,7,7,9,8,9,9,7,9,9
sf,cvs,bigdata,bigdata/bigdata/src/java/com/bigdata/service/IDataService.java,buggy,java,IssueFalse,74970,412,2795,2,3,9,3,6,10,3,7,4,4,9,8,8,9,6,5,10,10,10,7,9,9,9,8,8,4,4,3,8,7,5,8,7,6,9,8,7,8,9,9,8,9,8,3,3,4,5,6,6,2,2,2,9,9,5,7,7,9,9,9,6,7,8
sf,cvs,bigdata,bigdata/bigdata/src/java/com/bigdata/service/ILoadBalancerService.java,buggy,java,IssueFalse,74970,412,2795,2,1,7,1,5,10,3,5,3,3,9,8,8,6,1,1,10,10,10,5,8,8,9,8,8,4,4,3,7,6,4,7,5,5,7,7,5,8,9,9,8,9,8,3,3,4,2,3,3,2,2,2,4,4,4,4,4,9,8,8,3,4,4
sf,cvs,bigdata,bigdata/bigdata/src/java/com/bigdata/service/IService.java,clean,java,IssueFalse,74970,412,2795,2,1,4,1,4,10,3,4,2,2,5,4,7,5,1,1,10,10,10,4,7,8,5,4,7,4,4,3,5,4,3,5,3,3,1,1,1,8,9,9,8,9,8,3,3,3,8,8,5,2,2,2,4,4,8,6,7,4,4,4,2,2,2
sf,cvs,bigdata,bigdata/bigdata/src/java/com/bigdata/service/LoadBalancerService.java,buggy,java,IssueFalse,74970,412,2795,2,10,10,10,10,6,10,10,10,10,5,8,10,8,9,9,9,10,10,9,10,10,5,8,10,10,10,10,8,10,9,8,10,10,6,9,9,10,10,10,8,9,8,9,9,10,9,9,10,7,8,10,10,10,3,3,3,4,4,4,2,2,2
sf,cvs,bigdata,bigdata/bigdata/src/java/com/bigdata/service/LocalDataServiceClient.java,buggy,java,IssueFalse,74970,412,2795,2,2,4,2,4,7,7,4,4,4,10,10,10,7,7,6,9,9,9,2,7,7,10,10,10,4,6,4,3,5,3,3,4,4,4,6,5,8,9,9,8,9,8,6,5,4,2,3,3,3,3,3,7,8,5,6,6,7,8,7,2,4,5
sf,cvs,bigdata,bigdata/bigdata/src/java/com/bigdata/service/LocalDataServiceFederation.java,buggy,java,IssueFalse,74970,412,2795,2,8,6,8,9,5,7,6,8,9,6,8,10,8,10,10,9,9,9,6,10,10,6,8,10,6,8,8,6,9,9,6,9,9,6,10,9,8,10,10,8,9,8,5,6,8,4,5,8,5,8,8,10,10,9,9,10,9,9,10,8,9,10
sf,cvs,bigdata,bigdata/bigdata/src/java/com/bigdata/service/MetadataService.java,buggy,java,IssueFalse,74970,412,2795,2,10,9,9,9,5,8,6,7,10,9,10,10,9,9,10,9,10,10,8,10,10,9,10,10,6,9,10,3,7,8,3,7,9,2,8,7,9,10,10,8,9,8,8,9,9,8,9,9,8,8,9,10,10,8,9,9,6,7,8,9,9,9
sf,cvs,bigdata,bigdata/bigdata/src/java/com/bigdata/service/PartitionedTupleIterator.java,buggy,java,IssueFalse,74970,412,2795,2,7,8,7,6,7,9,7,7,7,5,4,9,7,4,7,9,9,9,6,10,10,5,4,9,9,10,10,4,6,5,4,6,6,4,6,5,8,9,9,9,10,10,9,9,7,9,8,8,7,6,6,3,8,6,5,5,4,4,4,7,6,6
sf,cvs,bigdata,bigdata/bigdata/src/java/com/bigdata/service/RawDataServiceTupleIterator.java,buggy,java,IssueFalse,74970,412,2795,2,5,6,5,5,7,5,8,6,5,9,8,8,9,8,7,10,10,10,8,9,9,9,8,8,8,8,7,7,6,4,7,5,5,2,2,2,10,10,10,8,9,8,7,6,5,9,8,7,5,4,4,3,8,4,4,4,5,5,5,4,4,4
sf,cvs,bigdata,bigdata/bigdata/src/java/com/bigdata/sparse/AbstractAtomicRowReadOrWrite.java,buggy,java,IssueFalse,74970,412,2795,2,5,6,6,5,7,8,9,6,6,9,8,8,8,4,4,10,10,10,9,10,9,9,8,8,9,9,8,6,5,3,7,5,5,5,4,3,10,10,10,8,9,8,8,8,6,9,7,7,8,8,5,4,8,4,4,5,6,6,6,7,6,6
sf,cvs,bigdata,bigdata/bigdata/src/java/com/bigdata/sparse/AtomicRowDelete.java,buggy,java,IssueFalse,74970,412,2795,2,3,5,3,4,7,7,7,5,4,10,9,9,8,6,5,9,9,9,9,9,9,10,9,9,4,4,3,6,5,3,6,4,4,6,5,4,9,9,9,8,9,8,7,6,5,8,6,6,7,6,4,4,8,5,5,5,4,4,4,2,3,4
sf,cvs,bigdata,bigdata/bigdata/src/java/com/bigdata/sparse/AtomicRowFilter.java,buggy,java,IssueFalse,74970,412,2795,2,5,6,5,5,7,7,6,6,6,6,8,9,7,4,6,9,9,9,6,9,9,6,8,9,8,9,8,4,4,4,4,3,5,4,3,4,8,9,9,9,10,9,8,7,6,7,5,6,8,6,5,2,8,3,3,3,4,4,4,3,3,3
sf,cvs,bigdata,bigdata/bigdata/src/java/com/bigdata/sparse/AtomicRowRead.java,buggy,java,IssueFalse,74970,412,2795,2,1,2,1,3,8,3,3,2,2,10,9,9,8,5,4,9,9,9,2,6,7,10,9,9,4,4,3,4,3,3,4,3,3,5,4,3,8,9,9,8,9,8,3,3,3,3,5,3,2,2,2,3,8,5,5,5,6,5,6,2,3,3
sf,cvs,bigdata,bigdata/bigdata/src/java/com/bigdata/sparse/AtomicRowWriteRead.java,buggy,java,IssueFalse,74970,412,2795,2,6,5,6,5,5,9,9,7,7,10,9,9,9,6,5,9,9,9,10,10,10,10,9,9,7,7,5,7,6,5,7,6,5,7,6,5,10,10,10,8,9,8,9,7,7,8,6,7,9,8,7,6,8,8,9,8,9,9,9,6,6,7
sf,cvs,bigdata,bigdata/bigdata/src/java/com/bigdata/sparse/GlobalRowStoreHelper.java,buggy,java,IssueFalse,74970,412,2795,2,3,2,3,3,5,8,7,5,4,5,4,7,7,3,2,9,9,9,9,9,9,5,4,7,7,7,5,4,3,3,4,3,3,4,3,3,8,9,9,10,10,9,9,7,5,9,7,5,8,5,4,4,9,7,6,6,8,8,7,9,7,7
sf,cvs,bigdata,bigdata/bigdata/src/java/com/bigdata/sparse/ITPS.java,buggy,java,IssueFalse,74970,412,2795,2,1,5,1,6,10,3,7,4,4,1,1,5,5,1,1,10,10,10,4,7,8,1,1,5,4,4,3,8,7,5,8,7,6,9,8,7,8,9,9,8,9,8,3,3,4,3,8,5,2,2,3,4,6,6,5,5,4,4,4,2,3,3
sf,cvs,bigdata,bigdata/bigdata/src/java/com/bigdata/sparse/Schema.java,buggy,java,IssueFalse,74970,412,2795,2,7,7,6,7,7,7,10,8,8,5,4,7,9,6,5,10,10,10,10,10,9,5,4,7,9,8,7,9,8,6,9,8,7,9,8,7,10,10,10,10,10,9,8,9,8,9,8,9,7,7,7,3,9,8,7,7,4,4,4,5,5,5
sf,cvs,bigdata,bigdata/bigdata/src/java/com/bigdata/sparse/SparseRowStore.java,buggy,java,IssueFalse,74970,412,2795,2,6,9,5,6,9,5,7,7,7,5,4,8,7,5,6,9,9,9,8,10,10,5,4,8,6,7,6,6,7,6,6,7,7,6,8,7,8,9,9,8,9,8,7,6,7,10,8,9,7,6,6,9,10,9,9,10,10,10,10,8,8,9
sf,cvs,bigdata,bigdata/bigdata/src/java/com/bigdata/sparse/TPS.java,buggy,java,IssueFalse,74970,412,2795,2,8,7,8,9,5,7,8,9,9,5,4,9,8,7,9,9,9,9,6,10,10,5,4,9,7,8,9,7,9,9,7,9,9,7,9,9,8,10,10,9,10,9,7,8,9,8,8,10,5,8,8,7,10,7,7,8,5,6,6,5,6,7
sf,cvs,bigdata,bigdata/bigdata/src/java/com/bigdata/sparse/ValueType.java,buggy,java,IssueFalse,74970,412,2795,2,7,5,7,6,5,8,2,1,2,5,4,9,6,2,7,9,9,9,1,6,7,5,4,9,4,4,3,2,2,3,2,1,3,1,1,1,8,9,9,9,10,10,9,9,8,8,9,8,6,8,6,3,4,9,8,7,4,4,4,9,6,6
sf,cvs,bigdata,bigdata/bigdata/src/java/com/bigdata/striterator/ChunkedWrappedIterator.java,buggy,java,IssueFalse,74970,412,2795,2,5,5,5,6,6,7,7,7,6,5,4,8,7,5,6,9,9,9,4,8,8,5,4,8,8,9,8,6,7,5,6,6,6,6,8,6,8,9,9,8,9,8,7,6,6,5,6,6,5,4,5,2,6,3,3,3,7,6,6,5,4,4
sf,cvs,bigdata,bigdata/bigdata/src/java/com/bigdata/util/httpd/AbstractHTTPD.java,buggy,java,IssueFalse,74970,412,2795,2,3,2,3,5,5,7,7,5,4,9,8,8,9,6,5,10,10,10,6,8,8,9,8,8,4,4,3,6,5,4,7,5,5,7,6,5,8,9,9,8,9,8,6,7,5,8,7,6,4,4,3,4,8,7,5,5,8,6,6,9,7,6
sf,cvs,bigdata,bigdata/bigdata/src/java/com/bigdata/util/httpd/NanoHTTPD.java,buggy,java,IssueFalse,74970,412,2795,2,10,8,10,8,4,10,9,9,10,5,4,9,7,5,8,9,10,10,10,10,10,5,4,9,8,9,9,5,6,7,6,6,8,5,7,8,8,9,9,10,10,10,10,10,10,9,8,9,9,9,9,8,10,9,9,9,7,7,7,10,9,9
sf,cvs,bigdata,bigdata/bigdata/src/test/com/bigdata/TestAll.java,buggy,java,IssueFalse,74970,412,2795,2,3,3,3,3,6,5,4,2,2,9,8,8,7,3,2,9,9,9,7,8,8,9,8,8,4,4,3,3,3,2,4,3,3,5,4,3,8,9,9,8,9,8,4,4,3,1,2,2,7,7,3,6,6,3,3,4,4,4,4,2,3,4
sf,cvs,bigdata,bigdata/bigdata/src/test/com/bigdata/btree/AbstractBTreeTestCase.java,buggy,java,IssueFalse,74970,412,2795,2,10,10,10,10,6,9,10,10,10,9,9,10,10,10,10,10,10,10,10,10,10,9,9,10,6,7,5,9,10,9,10,10,10,10,10,9,10,10,10,8,9,8,9,9,10,10,8,10,8,9,9,7,9,3,3,3,4,4,4,2,2,2
sf,cvs,bigdata,bigdata/bigdata/src/test/com/bigdata/btree/AbstractIndexSegmentTestCase.java,buggy,java,IssueFalse,74970,412,2795,2,3,3,4,4,6,7,6,4,3,10,9,9,10,9,8,10,10,10,5,8,8,10,9,9,4,4,3,5,4,3,5,3,3,6,5,4,8,9,9,8,9,8,6,5,4,8,6,5,7,5,4,3,8,7,6,6,8,8,7,8,7,6
sf,cvs,bigdata,bigdata/bigdata/src/test/com/bigdata/btree/AbstractTupleCursorTestCase.java,buggy,java,IssueFalse,74970,412,2795,2,10,8,10,6,4,5,9,7,7,9,8,8,8,5,4,10,10,10,9,9,9,9,8,8,4,4,3,8,7,5,8,7,6,5,4,3,10,10,10,8,9,8,8,8,7,9,8,8,9,8,7,4,9,6,6,6,10,9,9,10,9,8
sf,cvs,bigdata,bigdata/bigdata/src/test/com/bigdata/btree/TestAll.java,buggy,java,IssueFalse,74970,412,2795,2,4,5,4,3,8,3,3,2,2,9,8,8,7,3,2,9,9,9,9,9,9,9,8,8,4,4,3,3,3,2,4,3,3,5,4,3,8,9,9,8,9,8,3,3,3,2,2,2,3,3,2,8,9,6,6,8,7,8,8,5,7,7
sf,cvs,bigdata,bigdata/bigdata/src/test/com/bigdata/btree/TestBloomFilter.java,buggy,java,IssueFalse,74970,412,2795,2,4,5,4,4,7,7,7,5,4,9,8,8,7,3,3,9,9,9,5,8,8,9,8,8,4,4,3,5,4,3,5,3,3,6,5,4,8,9,9,8,9,8,8,8,5,2,2,2,4,5,3,4,9,3,3,3,4,4,4,3,3,3
sf,cvs,bigdata,bigdata/bigdata/src/test/com/bigdata/btree/TestFusedView.java,buggy,java,IssueFalse,74970,412,2795,2,10,9,10,8,5,5,4,7,7,5,9,10,8,9,9,9,9,9,5,10,10,5,9,10,4,4,3,4,8,7,4,8,8,4,8,7,9,9,10,8,9,8,5,7,7,5,6,7,10,9,9,2,6,10,10,10,7,6,6,10,10,10
sf,cvs,bigdata,bigdata/bigdata/src/test/com/bigdata/btree/TestIndexSegmentAddressManager.java,clean,java,IssueFalse,74970,412,2795,2,6,6,6,5,6,5,7,4,4,10,9,9,10,9,8,9,9,9,7,8,8,10,9,9,4,4,3,6,5,4,7,5,5,7,6,5,9,9,9,8,9,8,5,6,4,4,6,5,6,6,4,4,8,9,8,7,7,7,6,10,9,8
sf,cvs,bigdata,bigdata/bigdata/src/test/com/bigdata/btree/TestIndexSegmentBuilderWithLargeTrees.java,buggy,java,IssueFalse,74970,412,2795,2,5,7,5,5,8,7,7,5,5,10,10,9,10,9,8,9,9,9,9,10,9,10,10,9,7,7,5,7,6,4,7,5,5,7,7,5,8,9,9,8,9,8,6,6,5,4,5,5,7,8,5,6,9,4,5,5,5,6,6,5,6,6
sf,cvs,bigdata,bigdata/bigdata/src/test/com/bigdata/btree/TestIndexSegmentBuilderWithSmallTree.java,buggy,java,IssueFalse,74970,412,2795,2,8,7,9,7,6,5,9,6,6,10,10,9,10,9,8,9,9,9,9,10,9,10,10,9,7,7,5,9,8,6,9,8,7,9,8,7,9,9,9,8,9,8,5,5,6,7,7,8,10,9,9,5,9,9,9,9,8,8,8,9,8,8
sf,cvs,bigdata,bigdata/bigdata/src/test/com/bigdata/btree/TestIndexSegmentCheckpoint.java,buggy,java,IssueFalse,74970,412,2795,2,5,5,5,3,6,5,4,2,2,9,8,8,7,3,2,9,9,9,8,9,9,9,8,8,4,4,3,4,3,3,4,3,3,5,4,3,8,9,9,8,9,8,4,4,3,10,9,6,8,8,4,4,8,7,6,6,8,7,7,10,8,8
sf,cvs,bigdata,bigdata/bigdata/src/test/com/bigdata/btree/TestIndexSegmentCursors.java,clean,java,IssueFalse,74970,412,2795,2,3,4,3,5,6,5,7,5,4,10,9,9,9,7,6,9,9,9,9,9,9,10,9,9,7,7,5,7,6,5,7,6,5,6,5,4,10,10,10,8,9,8,4,4,5,3,5,5,6,5,5,6,6,8,8,8,6,7,7,8,8,8
sf,cvs,bigdata,bigdata/bigdata/src/test/com/bigdata/btree/TestIndexSegmentWithBloomFilter.java,buggy,java,IssueFalse,74970,412,2795,2,7,7,8,6,6,7,9,7,6,10,9,9,10,9,8,9,9,9,10,10,10,10,9,9,7,7,5,8,7,5,8,6,6,8,7,6,9,9,9,8,9,8,7,7,6,7,6,7,9,9,7,6,10,4,5,5,4,4,4,5,6,6
sf,cvs,bigdata,bigdata/bigdata/src/test/com/bigdata/btree/TestReadOnlyBTreeCursors.java,buggy,java,IssueFalse,74970,412,2795,2,2,2,2,4,6,5,5,3,3,9,8,8,7,4,3,9,9,9,8,9,9,9,8,8,4,4,3,6,5,3,6,4,4,5,4,3,10,10,10,8,9,8,4,4,3,3,5,3,5,6,3,5,4,7,8,7,4,4,4,3,4,5
sf,cvs,bigdata,bigdata/bigdata/src/test/com/bigdata/journal/StressTestConcurrentTx.java,buggy,java,IssueFalse,74970,412,2795,2,8,8,8,7,7,8,4,6,7,6,8,10,6,5,8,9,9,9,8,10,10,6,8,10,6,9,8,3,5,5,3,6,7,4,7,7,8,9,9,8,9,8,6,8,7,8,8,8,8,9,7,5,9,7,6,6,7,6,6,4,5,4
sf,cvs,bigdata,bigdata/bigdata/src/test/com/bigdata/journal/StressTestConcurrentUnisolatedIndices.java,buggy,java,IssueFalse,74970,412,2795,2,8,8,9,7,6,8,6,7,8,9,10,10,8,8,9,9,9,9,9,10,10,9,10,10,6,9,8,2,5,5,3,6,7,4,7,7,8,9,9,8,9,8,8,9,8,9,9,9,9,10,7,5,9,3,3,3,4,4,4,7,6,6
sf,cvs,bigdata,bigdata/bigdata/src/test/com/bigdata/journal/StressTestLockContention.java,buggy,java,IssueFalse,74970,412,2795,2,4,5,4,4,7,9,4,4,4,6,8,9,6,3,5,9,9,9,7,10,9,6,8,9,4,4,3,3,3,3,3,3,3,2,4,3,8,9,9,8,9,8,7,7,4,2,4,3,6,7,4,2,6,6,5,5,4,4,4,6,5,4
sf,cvs,bigdata,bigdata/bigdata/src/test/com/bigdata/journal/TestConcurrentJournal.java,buggy,java,IssueFalse,74970,412,2795,2,10,10,10,10,7,7,3,8,9,5,10,10,7,8,10,9,9,9,6,10,10,5,10,10,4,4,3,3,8,9,3,8,10,1,9,8,9,10,10,8,9,8,5,8,9,2,4,7,9,9,10,7,10,3,3,3,4,4,4,2,2,2
sf,cvs,bigdata,bigdata/bigdata/src/test/com/bigdata/journal/TestDiskJournal.java,buggy,java,IssueFalse,74970,412,2795,2,8,7,8,8,5,7,4,5,7,9,10,10,8,8,9,9,9,9,7,9,10,9,10,10,4,4,3,5,6,8,5,6,8,5,7,8,8,9,10,8,9,8,4,5,7,4,7,7,7,7,8,3,9,10,10,10,4,4,4,2,2,2
sf,cvs,bigdata,bigdata/bigdata/src/test/com/bigdata/journal/TestTx.java,buggy,java,IssueFalse,74970,412,2795,2,9,8,9,7,6,5,8,5,5,9,8,8,8,6,5,9,9,9,10,10,9,9,8,8,4,4,3,9,8,6,9,8,7,9,9,7,8,9,9,8,9,8,3,4,5,2,3,4,10,9,9,3,6,6,5,4,4,4,4,7,5,5
sf,cvs,bigdata,bigdata/bigdata/src/test/com/bigdata/journal/TestUnisolatedWriteTasks.java,clean,java,IssueFalse,74970,412,2795,2,8,7,8,7,5,7,3,4,7,5,8,10,6,4,9,9,9,9,6,9,10,5,8,10,4,8,7,2,5,6,2,4,7,1,6,5,8,9,10,8,9,8,7,6,7,5,5,7,9,7,8,3,9,4,3,3,6,5,5,2,2,2
sf,cvs,bigdata,bigdata/bigdata/src/test/com/bigdata/rawstore/SimpleFileRawStore.java,buggy,java,IssueFalse,74970,412,2795,2,7,6,7,8,6,7,9,8,8,6,8,9,8,6,7,9,9,9,7,9,9,6,8,9,7,8,7,8,8,8,8,8,8,9,9,8,8,9,9,8,9,8,6,6,8,3,4,7,4,5,6,4,8,9,8,8,9,9,8,9,8,7
sf,cvs,bigdata,bigdata/bigdata/src/test/com/bigdata/relation/locator/TestDefaultResourceLocator.java,buggy,java,IssueFalse,74970,412,2795,2,6,5,6,7,5,5,6,5,6,9,9,10,9,8,8,9,9,9,8,9,10,9,9,10,6,7,5,7,7,7,7,7,7,7,8,7,8,9,9,9,10,9,4,5,6,3,5,6,4,7,6,6,8,5,6,6,8,8,8,7,7,7
sf,cvs,bigdata,bigdata/bigdata/src/test/com/bigdata/relation/rule/eval/TestDefaultEvaluationPlan.java,buggy,java,IssueFalse,74970,412,2795,2,7,5,7,10,5,5,8,8,8,5,8,9,9,9,9,9,9,9,6,9,10,5,8,9,5,6,5,9,10,9,9,10,10,9,10,10,8,9,9,8,9,8,3,5,8,1,3,4,2,6,6,6,9,7,7,8,6,7,7,4,5,6
sf,cvs,bigdata,bigdata/bigdata/src/test/com/bigdata/resources/AbstractResourceManagerTestCase.java,buggy,java,IssueFalse,74970,412,2795,2,9,5,9,10,3,7,8,7,9,5,9,10,9,8,9,10,10,10,8,10,10,5,9,10,6,9,8,9,10,10,9,10,10,9,10,10,8,10,10,8,9,8,4,6,9,2,6,8,3,7,8,10,10,9,10,10,8,10,9,6,9,8
sf,cvs,bigdata,bigdata/bigdata/src/test/com/bigdata/resources/TestAll.java,buggy,java,IssueFalse,74970,412,2795,2,2,4,2,3,8,3,3,2,2,9,8,8,7,3,2,9,9,9,7,9,9,9,8,8,4,4,3,3,3,2,4,3,3,5,4,3,8,9,9,8,9,8,3,3,3,2,2,2,2,2,2,3,8,3,3,3,7,6,6,2,2,2
sf,cvs,bigdata,bigdata/bigdata/src/test/com/bigdata/resources/TestBuildTask.java,buggy,java,IssueFalse,74970,412,2795,2,6,5,5,3,6,5,4,2,2,10,10,9,9,7,5,9,9,9,10,10,10,10,10,9,4,4,3,4,3,3,4,3,3,5,4,3,8,9,9,8,9,8,4,4,3,5,5,3,10,10,5,4,9,6,5,5,8,8,7,8,7,6
sf,cvs,bigdata,bigdata/bigdata/src/test/com/bigdata/resources/TestOverflow.java,buggy,java,IssueFalse,74970,412,2795,2,4,5,4,3,7,5,4,2,2,10,10,9,9,7,5,9,9,9,10,10,10,10,10,9,4,4,3,4,3,3,4,3,3,5,4,3,8,9,9,8,9,8,4,4,3,2,2,2,10,9,5,3,8,3,3,3,4,4,4,5,5,5
sf,cvs,bigdata,bigdata/bigdata/src/test/com/bigdata/resources/TestReleaseResources.java,buggy,java,IssueFalse,74970,412,2795,2,6,7,7,7,7,5,4,3,5,10,10,10,9,7,9,10,10,10,8,10,10,10,10,10,4,6,4,4,4,6,4,3,7,5,5,7,8,9,9,8,9,8,4,4,5,4,6,6,7,9,7,8,10,10,10,10,7,8,7,8,8,8
sf,cvs,bigdata,bigdata/bigdata/src/test/com/bigdata/resources/TestResourceManagerBootstrap.java,buggy,java,IssueFalse,74970,412,2795,2,9,8,9,8,6,7,4,6,6,9,10,10,9,10,10,9,9,9,6,10,10,9,10,10,4,4,3,3,7,7,3,6,8,4,7,8,8,9,9,9,10,10,5,6,7,4,6,7,9,10,9,7,10,6,7,7,7,8,7,6,6,7
sf,cvs,bigdata,bigdata/bigdata/src/test/com/bigdata/search/TestAll.java,buggy,java,IssueFalse,74970,412,2795,2,1,2,1,3,7,3,3,2,2,9,8,8,7,3,2,9,9,9,3,7,7,9,8,8,4,4,3,3,3,2,4,3,3,5,4,3,8,9,9,8,9,8,3,3,3,2,2,2,2,2,2,3,6,3,3,3,4,4,4,3,3,3
sf,cvs,bigdata,bigdata/bigdata/src/test/com/bigdata/search/TestSearch.java,buggy,java,IssueFalse,74970,412,2795,2,5,5,4,6,6,5,5,4,5,6,8,9,7,4,6,9,9,9,5,9,9,6,8,9,8,8,8,6,6,6,6,5,7,6,6,7,8,9,9,8,9,8,4,4,5,3,5,5,4,5,5,3,4,7,5,5,4,4,4,3,3,3
sf,cvs,bigdata,bigdata/bigdata/src/test/com/bigdata/service/AbstractEmbeddedFederationTestCase.java,buggy,java,IssueFalse,74970,412,2795,2,6,6,7,7,6,8,9,7,7,10,9,9,10,9,8,10,10,10,10,10,10,10,9,9,9,9,8,8,7,6,9,7,7,8,7,6,10,10,10,10,10,9,7,7,7,9,8,9,7,8,6,8,9,6,6,7,10,10,10,4,6,6
sf,cvs,bigdata,bigdata/bigdata/src/test/com/bigdata/service/StressTestConcurrent.java,buggy,java,IssueFalse,74970,412,2795,2,9,9,9,7,7,8,6,7,7,10,10,10,9,10,9,9,9,9,10,10,10,10,10,10,7,9,9,3,6,5,4,6,7,5,8,7,8,9,9,9,10,9,8,9,7,9,9,9,8,10,8,9,10,9,10,10,8,8,8,9,9,9
sf,cvs,bigdata,bigdata/bigdata/src/test/com/bigdata/service/TestAll.java,buggy,java,IssueFalse,74970,412,2795,2,2,3,2,3,8,3,3,2,2,9,8,8,7,3,2,9,9,9,7,9,9,9,8,8,4,4,3,3,3,2,4,3,3,5,4,3,8,9,9,8,9,8,3,3,3,2,2,2,2,2,2,5,4,5,5,5,4,4,4,2,3,3
sf,cvs,bigdata,bigdata/bigdata/src/test/com/bigdata/service/TestBasicIndexStuff.java,buggy,java,IssueFalse,74970,412,2795,2,8,7,7,4,6,5,6,4,3,10,10,9,10,9,8,9,9,9,9,9,9,10,10,9,4,4,3,6,5,3,6,4,4,6,6,5,8,9,9,8,9,8,5,6,4,6,6,5,10,8,6,6,8,3,3,3,4,4,4,5,5,5
sf,cvs,bigdata,bigdata/bigdata/src/test/com/bigdata/service/TestEmbeddedClient.java,buggy,java,IssueFalse,74970,412,2795,2,7,6,6,5,6,3,5,3,3,10,10,9,10,10,8,9,9,9,10,10,9,10,10,9,4,4,3,6,5,4,7,5,5,7,6,5,8,9,9,8,9,8,3,3,3,5,4,5,9,7,6,6,6,8,8,7,5,6,6,7,6,6
sf,cvs,bigdata,bigdata/bigdata/src/test/com/bigdata/service/TestIndexPartitionMove.java,buggy,java,IssueFalse,74970,412,2795,2,7,6,7,4,5,7,7,5,5,10,10,9,10,9,8,9,9,9,10,10,10,10,10,9,4,4,3,5,4,3,5,3,3,6,5,4,8,9,9,8,9,8,8,8,5,8,7,5,10,10,6,6,8,7,8,7,6,6,6,4,4,5
sf,cvs,bigdata,bigdata/bigdata/src/test/com/bigdata/service/TestOverflow.java,buggy,java,IssueFalse,74970,412,2795,2,7,8,7,4,7,7,6,4,4,10,10,9,10,9,8,9,9,9,10,10,10,10,10,9,4,4,3,6,5,3,6,4,4,6,6,5,8,9,9,8,9,8,6,6,4,6,5,5,10,10,6,5,9,3,3,3,5,5,5,6,6,6
sf,cvs,bigdata,bigdata/bigdata/src/test/com/bigdata/service/TestRestartSafe.java,clean,java,IssueFalse,74970,412,2795,2,6,5,6,4,6,5,6,4,4,10,10,9,10,9,8,9,9,9,10,10,10,10,10,9,4,4,3,5,4,3,5,3,3,6,5,4,8,9,9,8,9,8,7,7,4,6,6,4,10,10,5,4,8,3,3,3,5,5,5,3,4,4
sf,cvs,bigdata,bigdata/bigdata/src/test/com/bigdata/sparse/TestSparseRowStore.java,buggy,java,IssueFalse,74970,412,2795,2,9,7,9,7,5,7,5,6,6,5,8,9,7,6,8,9,9,9,8,10,10,5,8,9,6,7,6,6,8,7,6,8,7,6,8,7,8,9,9,8,9,8,4,6,6,4,4,6,9,9,8,6,9,9,9,9,6,6,7,8,8,8
