Host,Vcs,Project,File,Buggy,PL,IssueTracking,TLOC,TNF,TNC,TND,LOC,CL,NStmt,NFunc,RCC,MNL,avg_WMC,max_WMC,total_WMC,avg_DIT,max_DIT,total_DIT,avg_RFC,max_RFC,total_RFC,avg_NOC,max_NOC,total_NOC,avg_CBO,max_CBO,total_CBO,avg_DIT.1,max_DIT.1,total_DIT.1,avg_NIV,max_NIV,total_NIV,avg_NIM,max_NIM,total_NIM,avg_NOM,max_NOM,total_NOM,avg_NPBM,max_NPBM,total_NPBM,avg_NPM,max_NPM,total_NPM,avg_NPRM,max_NPRM,total_NPRM,avg_CC,max_CC,total_CC,avg_FANIN,max_FANIN,total_FANIN,avg_FANOUT,max_FANOUT,total_FANOUT,NRev,NFix,avg_AddedLOC,max_AddedLOC,total_AddedLOC,avg_DeletedLOC,max_DeletedLOC,total_DeletedLOC,avg_ModifiedLOC,max_ModifiedLOC,total_ModifiedLOC
sf,cvs,bossogg,bossogg/boWindows/ArtistsTreeView.cpp,clean,cpp,IssueFalse,2534,20,1699,5,8,10,8,9,6,9,7,7,7,5,4,5,5,5,5,9,9,9,6,6,6,5,4,5,6,6,6,6,6,6,6,6,6,6,6,6,9,9,9,8,8,9,7,8,7,8,8,9,8,9,9,2,5,10,7,6,5,5,5,2,2,2
sf,cvs,bossogg,bossogg/boWindows/Bossogg.cpp,clean,cpp,IssueFalse,2534,20,1699,5,7,5,7,9,3,8,7,7,7,5,4,5,5,5,5,9,9,9,6,6,6,5,4,5,6,6,6,6,6,6,6,6,6,6,6,6,9,9,9,8,8,9,6,8,7,6,10,9,6,6,8,5,10,10,9,8,8,8,8,8,7,7
sf,cvs,bossogg,bossogg/boWindows/Bossogg.h,clean,cpp,IssueFalse,2534,20,1699,5,3,3,3,5,6,4,9,9,9,5,4,5,8,8,8,9,9,9,8,7,8,5,4,5,10,10,9,10,10,10,10,10,10,10,10,10,10,9,9,8,8,9,3,4,3,3,4,4,5,2,3,4,9,8,7,7,7,7,6,2,3,3
sf,cvs,bossogg,bossogg/boWindows/ChooseServerDlg.cpp,clean,cpp,IssueFalse,2534,20,1699,5,2,5,2,5,8,4,7,7,7,5,4,5,5,5,5,9,9,9,6,6,6,5,4,5,6,6,6,6,6,6,6,6,6,6,6,6,9,9,9,8,8,9,3,4,3,2,3,3,4,2,3,2,5,10,7,6,5,5,5,2,2,2
sf,cvs,bossogg,bossogg/boWindows/MusicInfo.cpp,clean,cpp,IssueFalse,2534,20,1699,5,9,5,8,9,2,9,7,7,7,5,4,5,5,5,5,9,9,9,6,6,6,5,4,5,6,6,6,6,6,6,6,6,6,6,6,6,9,9,9,8,8,9,8,10,8,3,6,8,7,8,9,5,8,9,8,8,9,9,9,8,7,7
sf,cvs,bossogg,bossogg/boWindows/MusicInfo.h,clean,cpp,IssueFalse,2534,20,1699,5,2,3,3,2,7,4,10,9,9,5,4,5,7,7,7,9,9,9,9,8,8,5,4,5,10,9,9,10,9,9,10,9,9,10,10,9,9,9,9,8,8,9,1,2,2,2,2,3,3,1,2,3,8,8,7,6,8,7,7,2,3,3
sf,cvs,bossogg,bossogg/boWindows/PlaylistView.cpp,clean,cpp,IssueFalse,2534,20,1699,5,9,8,10,10,2,8,7,7,7,5,4,5,5,5,5,9,9,9,6,6,6,5,4,5,6,6,6,6,6,6,6,6,6,6,6,6,9,9,9,8,8,9,7,8,8,7,8,10,8,9,10,6,9,10,9,9,6,6,6,6,7,6
sf,cvs,bossogg,bossogg/boWindows/PlaylistView.h,clean,cpp,IssueFalse,2534,20,1699,5,3,4,4,2,6,4,10,9,9,7,6,7,8,8,8,9,9,9,9,8,8,7,6,7,10,10,9,10,10,9,10,10,9,6,6,6,10,10,10,10,10,10,1,2,2,2,2,3,3,1,2,3,5,9,7,7,5,5,5,2,2,2
sf,cvs,bossogg,bossogg/boWindows/ResultsView.cpp,buggy,cpp,IssueFalse,2534,20,1699,5,9,8,9,9,3,8,7,7,7,5,4,5,5,5,5,9,9,9,6,6,6,5,4,5,6,6,6,6,6,6,6,6,6,6,6,6,9,9,9,8,8,9,7,9,8,6,8,9,8,9,9,3,5,8,7,6,8,7,7,8,6,5
sf,cvs,bossogg,bossogg/boWindows/Status.cpp,clean,cpp,IssueFalse,2534,20,1699,5,5,4,4,9,4,7,7,7,7,5,4,5,5,5,5,9,9,9,6,6,6,5,4,5,6,6,6,6,6,6,6,6,6,6,6,6,9,9,9,8,8,9,3,6,6,2,4,4,5,3,6,2,8,10,7,6,5,5,5,2,2,2
sf,cvs,bossogg,bossogg/boWindows/Status.h,clean,cpp,IssueFalse,2534,20,1699,5,2,4,3,3,7,4,7,7,7,5,4,5,7,7,7,9,9,9,7,7,7,5,4,5,9,9,8,10,9,9,10,9,9,10,10,9,9,9,9,8,8,9,3,4,2,3,3,3,4,2,2,2,8,10,7,6,5,5,5,2,2,2
sf,cvs,bossogg,bossogg/boWindows/boWindows.cpp,clean,cpp,IssueFalse,2534,20,1699,5,6,8,6,7,6,8,7,7,7,7,6,7,5,5,6,9,9,9,6,6,6,7,6,7,6,6,6,7,7,7,7,7,7,6,6,7,10,10,10,8,8,9,7,9,5,3,4,5,8,10,7,6,10,8,7,7,6,7,6,6,7,6
sf,cvs,bossogg,bossogg/boWindows/boWindowsDoc.cpp,clean,cpp,IssueFalse,2534,20,1699,5,9,7,9,10,2,10,7,7,7,5,4,5,5,5,5,9,9,9,6,6,6,5,4,5,6,6,6,6,6,6,6,6,6,6,6,6,9,9,9,8,8,9,6,10,9,4,9,9,7,9,10,6,10,8,7,7,10,10,10,6,6,6
sf,cvs,bossogg,bossogg/boWindows/boWindowsDoc.h,clean,cpp,IssueFalse,2534,20,1699,5,5,5,5,2,5,4,9,9,9,5,6,7,6,8,8,9,9,9,8,9,9,5,6,7,10,10,10,9,10,10,9,10,9,7,7,8,10,10,10,8,8,9,1,2,2,2,2,3,3,1,2,2,8,10,7,6,5,5,5,2,2,2
sf,cvs,bossogg,bossogg/boWindows/resource.h,clean,cpp,IssueFalse,2534,20,1699,5,1,2,1,2,1,4,7,7,7,5,4,5,5,5,5,9,9,9,6,6,6,5,4,5,6,6,6,6,6,6,6,6,6,6,6,6,9,9,9,8,8,9,1,2,2,2,2,3,3,1,2,5,5,6,6,6,7,7,7,5,5,5
