Host,Vcs,Project,File,Buggy,PL,IssueTracking,TLOC,TNF,TNC,TND,LOC,CL,NStmt,NFunc,RCC,MNL,avg_WMC,max_WMC,total_WMC,avg_DIT,max_DIT,total_DIT,avg_RFC,max_RFC,total_RFC,avg_NOC,max_NOC,total_NOC,avg_CBO,max_CBO,total_CBO,avg_DIT.1,max_DIT.1,total_DIT.1,avg_NIV,max_NIV,total_NIV,avg_NIM,max_NIM,total_NIM,avg_NOM,max_NOM,total_NOM,avg_NPBM,max_NPBM,total_NPBM,avg_NPM,max_NPM,total_NPM,avg_NPRM,max_NPRM,total_NPRM,avg_CC,max_CC,total_CC,avg_FANIN,max_FANIN,total_FANIN,avg_FANOUT,max_FANOUT,total_FANOUT,NRev,NFix,avg_AddedLOC,max_AddedLOC,total_AddedLOC,avg_DeletedLOC,max_DeletedLOC,total_DeletedLOC,avg_ModifiedLOC,max_ModifiedLOC,total_ModifiedLOC
gc,svn,buddata-ebxml-registry,/trunk/ErgoRR/ErgoRR-backend-client/src/main/java/be/kzen/ergorr/interfaces/soap/CswBackendClient.java,buggy,java,IssueTrue,8473,93,384,3,8,4,7,6,4,7,7,7,7,6,5,4,6,5,4,9,9,9,10,9,9,6,5,4,7,7,7,8,7,7,7,7,6,8,7,6,8,8,8,9,9,9,6,5,6,8,7,7,8,8,8,9,10,8,9,9,5,6,6,4,7,7
gc,svn,buddata-ebxml-registry,/trunk/ErgoRR/ErgoRR-backend-client/src/test/java/be/kzen/ergorr/interfaces/soap/CswBackendClientTest.java,clean,java,IssueTrue,8473,93,384,3,4,3,4,5,7,3,4,5,4,6,5,4,5,4,4,9,9,9,4,3,3,6,5,4,4,4,6,7,6,6,6,5,5,7,7,5,8,8,8,7,7,7,3,3,4,2,2,2,2,6,3,7,8,5,6,6,7,7,7,7,8,8
gc,svn,buddata-ebxml-registry,/trunk/ErgoRR/ErgoRR-backend/src/main/java/be/kzen/ergorr/deploy/ant/BackendInvokerTask.java,buggy,java,IssueTrue,8473,93,384,3,7,3,6,5,5,7,4,7,7,7,9,8,3,4,6,9,9,9,7,9,9,7,9,8,6,7,7,4,5,5,3,4,5,4,5,5,8,8,8,7,8,8,8,6,5,6,7,5,8,8,7,3,8,9,8,7,5,5,5,2,2,2
gc,svn,buddata-ebxml-registry,/trunk/ErgoRR/ErgoRR-backend/src/main/java/be/kzen/ergorr/deploy/ant/CreateDbTask.java,buggy,java,IssueTrue,8473,93,384,3,6,3,5,5,6,7,6,7,6,9,9,7,5,5,4,9,9,9,8,7,7,9,9,7,9,8,9,7,7,6,7,6,6,7,6,5,8,8,8,9,9,9,6,6,5,5,7,5,3,6,5,3,5,4,4,4,5,5,5,2,2,2
gc,svn,buddata-ebxml-registry,/trunk/ErgoRR/ErgoRR-backend/src/main/java/be/kzen/ergorr/deploy/ant/WsInvokerTask.java,buggy,java,IssueTrue,8473,93,384,3,7,3,6,5,5,7,4,7,6,7,9,8,3,4,6,9,9,9,6,8,8,7,9,8,6,7,8,4,5,5,3,4,5,4,5,5,8,8,8,7,8,8,7,6,5,6,7,5,7,8,6,5,5,3,3,3,7,6,6,4,6,4
gc,svn,buddata-ebxml-registry,/trunk/ErgoRR/ErgoRR-backend/src/main/java/be/kzen/ergorr/query/QueryBuilder.java,buggy,java,IssueTrue,8473,93,384,3,1,6,1,4,10,3,2,3,3,1,1,1,1,1,1,10,10,10,2,2,2,1,1,1,4,4,6,5,4,4,4,3,4,6,5,4,8,8,8,7,7,7,3,3,3,2,2,2,2,2,2,3,5,10,8,7,5,5,5,2,2,2
gc,svn,buddata-ebxml-registry,/trunk/ErgoRR/ErgoRR-backend/src/main/java/be/kzen/ergorr/query/QueryBuilderImpl2.java,buggy,java,IssueTrue,8473,93,384,3,10,10,10,10,7,10,10,10,10,6,5,4,9,9,8,9,9,9,10,10,9,6,5,4,9,9,9,10,10,10,10,10,10,9,9,7,8,8,8,10,10,10,7,7,10,7,9,9,7,9,10,10,10,8,10,9,9,9,9,5,7,8
gc,svn,buddata-ebxml-registry,/trunk/ErgoRR/ErgoRR-backend/src/main/java/be/kzen/ergorr/query/QueryManager.java,buggy,java,IssueTrue,8473,93,384,3,8,7,8,4,6,10,7,8,7,6,5,4,4,4,3,9,9,9,10,9,9,6,5,4,6,6,7,6,5,5,5,4,4,5,4,3,8,8,8,9,9,9,9,7,6,10,9,7,10,10,8,9,10,8,9,9,9,9,9,8,10,9
gc,svn,buddata-ebxml-registry,/trunk/ErgoRR/ErgoRR-backend/src/main/java/be/kzen/ergorr/query/QueryObject.java,buggy,java,IssueTrue,8473,93,384,3,4,4,3,5,8,5,4,5,4,6,5,4,5,4,4,9,9,9,5,4,4,6,5,4,8,7,8,7,6,6,6,5,5,7,7,5,8,8,8,7,7,7,4,4,4,9,9,7,3,4,4,6,8,3,4,4,7,7,6,4,6,5
gc,svn,buddata-ebxml-registry,/trunk/ErgoRR/ErgoRR-backend/src/main/java/be/kzen/ergorr/query/SqlQuery.java,buggy,java,IssueTrue,8473,93,384,3,9,4,8,8,3,9,9,9,9,6,5,4,8,7,6,9,9,9,9,8,8,6,5,4,10,9,9,10,9,9,9,9,9,9,9,7,8,8,8,10,10,10,6,7,8,7,8,8,6,9,9,6,8,5,5,6,9,9,9,7,8,7
gc,svn,buddata-ebxml-registry,/trunk/ErgoRR/ErgoRR-backend/src/main/java/be/kzen/ergorr/query/StoredQueryBuilder.java,buggy,java,IssueTrue,8473,93,384,3,5,2,4,3,6,10,4,5,4,6,5,4,2,2,2,9,9,9,7,6,6,6,5,4,7,7,7,3,3,3,2,2,2,4,3,3,8,8,8,7,7,7,9,7,4,8,5,4,10,9,5,6,8,6,7,7,6,6,6,4,5,5
gc,svn,buddata-ebxml-registry,/trunk/ErgoRR/ErgoRR-backend/src/main/java/be/kzen/ergorr/query/xpath/XPathToSqlConverter.java,buggy,java,IssueTrue,8473,93,384,3,6,3,5,3,6,10,5,6,5,6,5,4,3,3,2,9,9,9,8,7,6,6,5,4,7,7,7,4,3,4,3,3,3,4,3,3,8,8,8,9,8,8,9,8,5,10,9,6,9,8,6,3,5,9,7,7,5,5,5,2,2,2
gc,svn,buddata-ebxml-registry,/trunk/ErgoRR/ErgoRR-backend/src/main/java/be/kzen/ergorr/query/xpath/parser/CustomXPathHandler.java,buggy,java,IssueTrue,8473,93,384,3,9,6,8,10,4,7,10,10,10,6,5,4,9,9,8,9,9,9,4,3,3,6,5,4,8,7,8,10,10,10,10,10,10,10,10,10,8,8,8,7,7,7,5,9,9,2,6,7,2,5,5,3,5,4,4,4,5,5,5,2,2,2
gc,svn,buddata-ebxml-registry,/trunk/ErgoRR/ErgoRR-backend/src/main/java/be/kzen/ergorr/query/xpath/parser/XPathNode.java,buggy,java,IssueTrue,8473,93,384,3,6,1,5,8,2,9,8,8,8,6,5,4,8,7,6,9,9,9,2,2,2,6,5,4,10,9,9,10,9,9,9,9,9,10,9,8,8,8,8,7,7,7,4,6,6,8,8,8,2,5,6,3,5,4,4,4,5,5,5,3,3,3
gc,svn,buddata-ebxml-registry,/trunk/ErgoRR/ErgoRR-backend/src/main/java/be/kzen/ergorr/service/HarvestService.java,buggy,java,IssueTrue,8473,93,384,3,7,6,6,3,7,7,5,6,5,6,5,4,3,3,2,9,9,9,9,8,8,6,5,4,7,7,7,4,3,4,3,3,3,4,3,3,8,8,8,9,8,8,9,7,4,9,7,5,10,8,7,9,9,7,8,8,9,9,9,9,9,9
gc,svn,buddata-ebxml-registry,/trunk/ErgoRR/ErgoRR-backend/src/main/java/be/kzen/ergorr/service/LCManager.java,buggy,java,IssueTrue,8473,93,384,3,9,9,9,6,7,10,9,10,10,6,5,4,6,6,4,9,9,9,10,9,9,6,5,4,6,6,7,8,8,7,8,7,7,6,6,5,8,8,8,10,10,10,10,10,9,9,8,8,9,10,9,9,10,8,9,9,8,8,8,9,10,10
gc,svn,buddata-ebxml-registry,/trunk/ErgoRR/ErgoRR-backend/src/main/java/be/kzen/ergorr/service/TransactionService.java,buggy,java,IssueTrue,8473,93,384,3,9,8,8,6,6,9,8,9,8,6,5,4,5,5,4,9,9,9,10,9,8,6,5,4,9,8,9,8,7,7,7,6,6,5,4,3,8,8,8,10,10,10,9,8,7,9,7,7,9,9,9,9,10,7,8,9,8,8,8,9,10,10
gc,svn,buddata-ebxml-registry,/trunk/ErgoRR/ErgoRR-backend/src/main/java/be/kzen/ergorr/service/translator/Translator.java,buggy,java,IssueTrue,8473,93,384,3,1,5,1,3,10,3,2,2,2,1,1,1,1,1,1,10,10,10,2,1,1,1,1,1,4,4,6,3,3,3,2,2,2,4,3,3,8,8,8,7,7,7,3,3,2,5,4,3,2,2,2,5,8,6,6,6,5,5,5,3,3,4
gc,svn,buddata-ebxml-registry,/trunk/ErgoRR/ErgoRR-backend/src/main/java/be/kzen/ergorr/service/translator/TranslatorFactory.java,buggy,java,IssueTrue,8473,93,384,3,4,5,3,2,9,7,2,3,3,6,5,4,2,2,2,9,9,9,8,7,6,6,5,4,4,4,6,1,1,1,1,1,1,2,2,2,8,8,8,7,7,7,9,6,3,10,7,4,10,8,4,5,8,3,4,4,7,7,6,3,5,4
gc,svn,buddata-ebxml-registry,/trunk/ErgoRR/ErgoRR-backend/src/main/java/be/kzen/ergorr/service/translator/eo/ATMTranslator.java,buggy,java,IssueTrue,8473,93,384,3,7,3,6,4,5,10,6,7,7,9,9,7,8,7,6,9,9,9,5,5,4,9,9,7,4,4,6,5,4,4,4,3,4,4,3,3,10,10,10,7,7,7,9,9,5,6,5,4,10,10,7,9,10,4,5,6,7,7,8,6,8,8
gc,svn,buddata-ebxml-registry,/trunk/ErgoRR/ErgoRR-backend/src/main/java/be/kzen/ergorr/service/translator/eo/HMATranslator.java,buggy,java,IssueTrue,8473,93,384,3,10,4,10,7,1,10,10,10,10,6,5,4,7,7,5,10,10,10,9,8,8,6,5,4,8,8,8,9,9,8,9,8,8,6,5,4,10,10,10,9,8,8,10,10,10,8,8,8,10,10,10,9,10,9,9,10,9,9,9,10,10,10
gc,svn,buddata-ebxml-registry,/trunk/ErgoRR/ErgoRR-backend/src/main/java/be/kzen/ergorr/service/translator/eo/OPTTranslator.java,buggy,java,IssueTrue,8473,93,384,3,5,3,4,3,6,10,6,6,6,9,9,7,7,7,6,9,9,9,4,3,3,9,9,7,4,4,6,4,3,4,3,3,3,2,2,2,10,10,10,7,7,7,9,8,5,4,3,3,9,9,6,8,10,4,5,5,7,7,7,6,7,7
gc,svn,buddata-ebxml-registry,/trunk/ErgoRR/ErgoRR-backend/src/main/java/be/kzen/ergorr/service/translator/eo/PHRTranslator.java,buggy,java,IssueTrue,8473,93,384,3,2,3,1,3,10,3,2,2,2,9,9,7,7,7,6,9,9,9,3,3,3,9,9,7,4,4,6,3,3,3,2,2,2,2,2,2,9,9,9,7,7,7,3,3,2,4,3,3,3,2,2,6,9,4,5,5,8,7,7,5,6,6
gc,svn,buddata-ebxml-registry,/trunk/ErgoRR/ErgoRR-backend/src/main/java/be/kzen/ergorr/service/translator/eo/SARTranslator.java,buggy,java,IssueTrue,8473,93,384,3,5,3,4,3,6,10,6,6,6,9,9,7,7,7,6,9,9,9,4,3,3,9,9,7,4,4,6,4,3,4,3,3,3,2,2,2,10,10,10,7,7,7,9,8,5,4,3,3,10,10,6,8,10,4,6,5,7,7,7,6,7,7
gc,svn,buddata-ebxml-registry,/trunk/ErgoRR/ErgoRR-backend/src/main/java/be/kzen/ergorr/service/validator/AbstractValidator.java,buggy,java,IssueTrue,8473,93,384,3,6,8,5,7,9,9,7,8,7,6,5,4,6,6,5,10,10,10,7,6,6,6,5,4,9,8,9,9,8,8,8,7,7,9,8,7,10,10,10,7,7,7,6,7,6,8,7,8,3,4,5,5,8,10,9,9,9,8,7,9,9,8
gc,svn,buddata-ebxml-registry,/trunk/ErgoRR/ErgoRR-backend/src/main/java/be/kzen/ergorr/service/validator/AssociationTypeV.java,buggy,java,IssueTrue,8473,93,384,3,4,4,3,2,9,9,4,5,4,10,10,8,8,7,6,9,9,9,6,5,5,10,10,8,4,4,6,2,2,2,1,1,1,2,2,2,8,8,8,7,7,7,10,7,4,5,3,2,10,6,4,5,8,4,5,5,5,5,5,2,2,2
gc,svn,buddata-ebxml-registry,/trunk/ErgoRR/ErgoRR-backend/src/main/java/be/kzen/ergorr/service/validator/ClassificationTypeV.java,clean,java,IssueTrue,8473,93,384,3,3,4,2,2,9,9,3,4,4,10,10,8,8,7,6,9,9,9,5,4,4,10,10,8,4,4,6,2,2,2,1,1,1,2,2,2,8,8,8,7,7,7,10,7,3,5,3,2,9,6,3,3,5,5,5,5,5,5,5,2,2,2
gc,svn,buddata-ebxml-registry,/trunk/ErgoRR/ErgoRR-backend/src/main/java/be/kzen/ergorr/service/validator/ExternalIdentifierTypeV.java,buggy,java,IssueTrue,8473,93,384,3,1,3,1,1,10,3,1,1,1,10,10,8,7,7,6,9,9,9,1,1,1,10,10,8,4,4,6,1,1,1,1,1,1,1,1,1,8,8,8,7,7,7,1,1,2,2,2,2,2,1,2,3,5,4,4,4,5,5,5,3,3,3
gc,svn,buddata-ebxml-registry,/trunk/ErgoRR/ErgoRR-backend/src/main/java/be/kzen/ergorr/service/validator/RegistryObjectTypeV.java,buggy,java,IssueTrue,8473,93,384,3,7,7,6,5,7,10,7,8,7,9,9,7,7,7,6,10,10,10,9,8,7,9,9,7,4,4,6,6,6,5,6,5,5,4,3,3,10,10,10,7,7,7,8,7,6,9,7,7,8,7,7,6,9,10,10,9,8,7,7,5,7,6
gc,svn,buddata-ebxml-registry,/trunk/ErgoRR/ErgoRR-backend/src/main/java/be/kzen/ergorr/service/validator/RegistryPackageTypeV.java,buggy,java,IssueTrue,8473,93,384,3,4,3,3,3,7,9,4,5,4,10,10,8,8,7,6,9,9,9,9,8,7,10,10,8,4,4,6,3,3,3,2,2,2,4,3,3,8,8,8,7,7,7,9,7,4,9,8,4,8,7,4,5,8,9,9,8,5,5,5,3,3,4
gc,svn,buddata-ebxml-registry,/trunk/ErgoRR/ErgoRR-backend/src/main/java/be/kzen/ergorr/service/validator/RimValidator.java,buggy,java,IssueTrue,8473,93,384,3,5,5,5,3,8,7,5,6,5,6,5,4,3,3,2,9,9,9,9,8,8,6,5,4,7,7,7,4,3,4,3,3,3,5,4,3,8,8,8,7,7,7,9,6,5,10,7,6,9,7,5,3,8,8,7,6,10,8,7,2,2,2
gc,svn,buddata-ebxml-registry,/trunk/ErgoRR/ErgoRR-backend/src/test/java/be/kzen/ergorr/service/translator/TranslationFactoryTest.java,clean,java,IssueTrue,8473,93,384,3,3,1,3,2,5,3,1,1,1,6,5,4,2,2,2,9,9,9,8,7,6,6,5,4,4,4,6,2,2,2,1,1,1,2,2,2,8,8,8,7,7,7,3,3,2,8,5,3,10,7,4,6,5,7,8,7,9,8,8,6,6,7
gc,svn,buddata-ebxml-registry,/trunk/ErgoRR/ErgoRR-client/src/main/java/be/kzen/ergorr/interfaces/soap/CswSoapClient.java,buggy,java,IssueTrue,8473,93,384,3,5,5,4,6,9,3,5,5,5,6,5,4,5,5,4,9,9,9,5,4,4,6,5,4,6,6,7,8,7,7,7,6,6,8,8,6,8,8,8,7,7,7,3,3,4,4,3,5,4,4,5,3,5,4,4,4,5,5,5,2,2,2
gc,svn,buddata-ebxml-registry,/trunk/ErgoRR/ErgoRR-commons/src/main/java/be/kzen/ergorr/commons/CommonFunctions.java,clean,java,IssueTrue,8473,93,384,3,3,7,2,4,10,5,5,5,5,6,5,4,4,4,3,9,9,9,5,4,4,6,5,4,4,4,6,1,1,1,5,4,4,6,6,5,8,8,8,7,7,7,6,4,4,4,3,3,6,6,5,5,5,8,7,7,5,5,5,2,2,2
gc,svn,buddata-ebxml-registry,/trunk/ErgoRR/ErgoRR-commons/src/main/java/be/kzen/ergorr/commons/CommonProperties.java,buggy,java,IssueTrue,8473,93,384,3,7,8,5,6,9,9,7,7,7,6,5,4,6,5,4,9,9,9,9,8,7,6,5,4,6,6,7,8,7,7,7,7,6,8,8,6,8,8,8,9,8,8,6,6,6,10,9,8,5,6,7,6,5,9,9,9,5,5,5,6,7,6
gc,svn,buddata-ebxml-registry,/trunk/ErgoRR/ErgoRR-commons/src/main/java/be/kzen/ergorr/commons/InternalConstants.java,buggy,java,IssueTrue,8473,93,384,3,2,3,2,1,9,3,1,1,1,6,5,4,1,1,1,9,9,9,2,1,1,6,5,4,4,4,6,1,1,1,1,1,1,1,1,1,8,8,8,7,7,7,1,1,2,2,2,2,2,1,2,7,5,6,7,7,5,6,5,3,6,5
gc,svn,buddata-ebxml-registry,/trunk/ErgoRR/ErgoRR-commons/src/main/java/be/kzen/ergorr/commons/NamespaceConstants.java,buggy,java,IssueTrue,8473,93,384,3,2,5,1,1,10,3,1,1,1,6,5,4,1,1,1,9,9,9,2,1,1,6,5,4,4,4,6,1,1,1,1,1,1,1,1,1,8,8,8,7,7,7,1,1,2,2,2,2,2,1,2,6,8,5,5,6,5,5,5,2,2,2
gc,svn,buddata-ebxml-registry,/trunk/ErgoRR/ErgoRR-commons/src/main/java/be/kzen/ergorr/commons/RIMConstants.java,buggy,java,IssueTrue,8473,93,384,3,8,6,7,1,7,3,1,1,1,1,1,1,1,1,1,9,9,9,2,2,2,1,1,1,4,4,6,1,1,1,1,1,1,1,1,1,8,8,8,7,7,7,1,1,2,2,2,2,2,1,2,6,8,8,7,8,9,9,8,5,7,6
gc,svn,buddata-ebxml-registry,/trunk/ErgoRR/ErgoRR-commons/src/main/java/be/kzen/ergorr/commons/RequestContext.java,buggy,java,IssueTrue,8473,93,384,3,4,3,3,5,8,7,4,5,4,6,5,4,4,4,3,9,9,9,5,5,4,6,5,4,7,7,7,6,6,5,6,5,5,7,6,5,8,8,8,7,7,7,4,5,4,10,9,8,3,4,4,3,5,4,4,4,5,5,5,2,2,2
gc,svn,buddata-ebxml-registry,/trunk/ErgoRR/ErgoRR-commons/src/main/java/be/kzen/ergorr/geometry/GeometryTranslator.java,buggy,java,IssueTrue,8473,93,384,3,9,9,8,7,7,10,9,9,9,6,5,4,6,6,5,9,9,9,7,6,5,6,5,4,4,4,6,2,2,2,8,7,7,9,8,7,8,8,8,7,7,7,9,8,8,7,5,7,9,8,9,5,5,9,9,8,6,6,5,7,8,6
gc,svn,buddata-ebxml-registry,/trunk/ErgoRR/ErgoRR-jaxb/src/main/java/be/kzen/ergorr/model/util/JAXBUtil.java,buggy,java,IssueTrue,8473,93,384,3,7,1,6,6,2,5,6,6,6,6,5,4,6,5,4,9,9,9,9,8,8,6,5,4,6,6,7,8,7,7,7,7,6,8,8,6,8,8,8,9,8,8,4,4,5,9,8,7,5,6,7,5,5,8,8,7,5,5,5,5,6,5
gc,svn,buddata-ebxml-registry,/trunk/ErgoRR/ErgoRR-jaxb/src/main/java/be/kzen/ergorr/model/util/OFactory.java,buggy,java,IssueTrue,8473,93,384,3,2,1,2,3,5,3,2,2,2,6,5,4,2,2,2,9,9,9,5,4,4,6,5,4,4,4,6,1,1,1,2,2,2,4,3,3,8,8,8,7,7,7,3,3,2,7,5,3,4,3,3,5,8,3,4,4,5,5,5,2,3,3
gc,svn,buddata-ebxml-registry,/trunk/ErgoRR/ErgoRR-persistence/src/main/java/be/kzen/ergorr/persist/InternalSlotTypes.java,buggy,java,IssueTrue,8473,93,384,3,6,3,5,6,6,9,7,7,7,6,5,4,6,5,4,9,9,9,9,8,8,6,5,4,6,6,7,7,6,6,7,7,6,9,8,7,8,8,8,7,7,7,6,6,6,8,7,7,4,6,6,6,9,4,5,5,7,7,7,2,3,3
gc,svn,buddata-ebxml-registry,/trunk/ErgoRR/ErgoRR-persistence/src/main/java/be/kzen/ergorr/persist/dao/AdhocQueryTypeDAO.java,buggy,java,IssueTrue,8473,93,384,3,6,1,4,6,3,5,6,6,6,10,10,9,10,10,9,9,9,9,7,6,6,10,10,9,4,4,6,8,7,7,7,7,6,7,6,5,10,10,10,7,7,7,4,4,5,3,3,4,5,5,6,6,5,4,5,5,9,9,9,5,7,6
gc,svn,buddata-ebxml-registry,/trunk/ErgoRR/ErgoRR-persistence/src/main/java/be/kzen/ergorr/persist/dao/AssociationTypeDAO.java,buggy,java,IssueTrue,8473,93,384,3,5,1,4,6,2,5,5,6,6,10,10,9,10,10,9,9,9,9,6,5,5,10,10,9,4,4,6,8,7,7,7,7,6,6,6,5,10,10,10,7,7,7,4,4,5,3,3,4,4,5,6,5,5,5,5,5,9,7,7,7,7,6
gc,svn,buddata-ebxml-registry,/trunk/ErgoRR/ErgoRR-persistence/src/main/java/be/kzen/ergorr/persist/dao/ClassificationNodeTypeDAO.java,buggy,java,IssueTrue,8473,93,384,3,7,1,5,7,1,7,7,8,7,10,10,9,10,10,9,9,9,9,9,8,8,10,10,9,4,4,6,9,8,8,8,7,7,7,6,5,10,10,10,7,7,7,5,6,6,5,7,6,6,8,8,6,5,4,5,5,8,7,7,6,7,6
gc,svn,buddata-ebxml-registry,/trunk/ErgoRR/ErgoRR-persistence/src/main/java/be/kzen/ergorr/persist/dao/ClassificationSchemeTypeDAO.java,buggy,java,IssueTrue,8473,93,384,3,6,1,5,6,2,7,6,7,7,10,10,9,10,10,9,9,9,9,8,7,7,10,10,9,4,4,6,8,8,7,8,7,7,6,6,5,10,10,10,7,7,7,5,6,5,4,5,5,5,7,7,6,5,4,5,5,8,7,7,5,6,6
gc,svn,buddata-ebxml-registry,/trunk/ErgoRR/ErgoRR-persistence/src/main/java/be/kzen/ergorr/persist/dao/ClassificationTypeDAO.java,buggy,java,IssueTrue,8473,93,384,3,6,1,5,7,2,5,6,7,6,10,10,9,10,10,9,9,9,9,7,6,6,10,10,9,4,4,6,9,8,8,8,7,7,7,7,5,10,10,10,7,7,7,4,4,5,5,4,6,6,7,8,5,5,5,6,5,9,8,8,8,8,7
gc,svn,buddata-ebxml-registry,/trunk/ErgoRR/ErgoRR-persistence/src/main/java/be/kzen/ergorr/persist/dao/DescriptionDAO.java,buggy,java,IssueTrue,8473,93,384,3,6,1,4,5,2,7,6,6,6,10,10,8,9,8,7,9,9,9,7,6,6,10,10,8,4,4,6,7,7,6,7,6,6,7,6,5,10,10,10,7,7,7,5,6,5,4,5,5,6,8,6,3,5,8,7,6,9,7,7,8,7,5
gc,svn,buddata-ebxml-registry,/trunk/ErgoRR/ErgoRR-persistence/src/main/java/be/kzen/ergorr/persist/dao/ExternalIdentifierTypeDAO.java,buggy,java,IssueTrue,8473,93,384,3,6,1,5,7,2,5,6,7,6,10,10,9,10,10,9,9,9,9,7,6,6,10,10,9,4,4,6,9,8,8,8,7,7,7,7,5,10,10,10,7,7,7,4,4,5,5,4,6,6,7,7,5,5,5,6,5,9,8,8,8,8,7
gc,svn,buddata-ebxml-registry,/trunk/ErgoRR/ErgoRR-persistence/src/main/java/be/kzen/ergorr/persist/dao/ExtrinsicObjectTypeDAO.java,buggy,java,IssueTrue,8473,93,384,3,8,1,7,6,1,7,7,8,7,10,10,9,10,10,9,10,10,10,7,6,5,10,10,9,4,4,6,8,8,7,8,7,7,6,6,5,10,10,10,7,7,7,6,6,6,5,7,6,7,8,8,9,10,5,7,7,9,9,9,9,10,10
gc,svn,buddata-ebxml-registry,/trunk/ErgoRR/ErgoRR-persistence/src/main/java/be/kzen/ergorr/persist/dao/GenericComposedObjectDAO.java,buggy,java,IssueTrue,8473,93,384,3,3,1,2,5,6,3,3,4,4,9,9,7,8,8,6,10,10,10,5,4,4,9,9,7,6,6,7,6,6,5,6,5,5,6,6,5,9,9,9,7,7,7,3,3,3,8,7,6,3,3,3,3,5,4,4,4,9,7,7,3,3,3
gc,svn,buddata-ebxml-registry,/trunk/ErgoRR/ErgoRR-persistence/src/main/java/be/kzen/ergorr/persist/dao/GenericDAO.java,buggy,java,IssueTrue,8473,93,384,3,6,3,5,8,5,5,8,8,8,6,5,4,7,7,6,10,10,10,8,7,7,6,5,4,7,7,7,9,9,8,9,9,8,8,8,6,10,10,10,7,7,7,5,5,7,10,10,9,3,5,7,7,5,7,7,8,9,9,9,2,5,4
gc,svn,buddata-ebxml-registry,/trunk/ErgoRR/ErgoRR-persistence/src/main/java/be/kzen/ergorr/persist/dao/GenericObjectDAO.java,buggy,java,IssueTrue,8473,93,384,3,4,3,4,7,7,3,6,6,6,9,9,7,9,8,7,10,10,10,5,5,4,9,9,7,6,6,7,9,8,8,8,8,7,8,7,6,10,10,10,7,7,7,3,3,5,6,9,7,3,4,5,5,5,5,6,6,7,6,6,8,8,7
gc,svn,buddata-ebxml-registry,/trunk/ErgoRR/ErgoRR-persistence/src/main/java/be/kzen/ergorr/persist/dao/IdentifiableTypeDAO.java,buggy,java,IssueTrue,8473,93,384,3,7,1,6,8,1,5,8,8,8,10,10,8,9,9,8,10,10,10,9,8,8,10,10,8,7,7,7,9,9,9,9,9,8,8,8,6,10,10,10,7,7,7,4,5,7,7,8,8,4,6,8,7,5,5,6,7,8,8,8,5,7,7
gc,svn,buddata-ebxml-registry,/trunk/ErgoRR/ErgoRR-persistence/src/main/java/be/kzen/ergorr/persist/dao/NameDAO.java,buggy,java,IssueTrue,8473,93,384,3,6,1,5,5,2,7,6,6,6,10,10,8,9,8,7,9,9,9,7,6,6,10,10,8,4,4,6,7,7,6,7,6,6,7,6,5,10,10,10,7,7,7,5,6,5,4,5,5,6,8,6,3,5,8,7,6,9,7,7,8,7,5
gc,svn,buddata-ebxml-registry,/trunk/ErgoRR/ErgoRR-persistence/src/main/java/be/kzen/ergorr/persist/dao/OrganizationTypeDAO.java,buggy,java,IssueTrue,8473,93,384,3,8,1,7,7,1,5,7,7,7,10,10,9,10,10,9,9,9,9,8,7,7,10,10,9,4,4,6,9,8,8,8,8,8,6,6,5,10,10,10,7,7,7,4,4,6,4,4,6,6,6,8,6,5,5,6,6,7,6,6,4,6,5
gc,svn,buddata-ebxml-registry,/trunk/ErgoRR/ErgoRR-persistence/src/main/java/be/kzen/ergorr/persist/dao/PersonTypeDAO.java,buggy,java,IssueTrue,8473,93,384,3,8,1,7,7,1,7,7,8,7,10,10,9,10,10,9,9,9,9,9,8,7,10,10,9,4,4,6,9,8,8,8,8,8,6,6,5,10,10,10,7,7,7,5,5,6,4,4,6,6,6,8,6,5,5,6,6,5,6,5,4,5,5
gc,svn,buddata-ebxml-registry,/trunk/ErgoRR/ErgoRR-persistence/src/main/java/be/kzen/ergorr/persist/dao/RegistryObjectTypeDAO.java,buggy,java,IssueTrue,8473,93,384,3,8,3,7,7,3,5,7,8,7,10,10,9,10,9,8,10,10,10,9,8,7,10,10,9,4,4,6,9,8,8,8,8,7,6,5,4,10,10,10,7,7,7,5,5,6,10,9,9,7,7,8,9,9,7,8,9,9,9,9,7,9,8
gc,svn,buddata-ebxml-registry,/trunk/ErgoRR/ErgoRR-persistence/src/main/java/be/kzen/ergorr/persist/dao/RegistryPackageTypeDAO.java,buggy,java,IssueTrue,8473,93,384,3,6,1,5,5,2,7,5,6,5,10,10,9,10,10,9,9,9,9,9,8,7,10,10,9,4,4,6,7,6,6,6,5,5,6,6,5,10,10,10,7,7,7,5,6,4,4,6,4,6,9,6,3,8,9,7,7,10,9,8,9,8,6
gc,svn,buddata-ebxml-registry,/trunk/ErgoRR/ErgoRR-persistence/src/main/java/be/kzen/ergorr/persist/dao/ServiceBindingTypeDAO.java,buggy,java,IssueTrue,8473,93,384,3,6,1,5,7,2,5,6,7,7,10,10,9,10,10,9,9,9,9,8,7,6,10,10,9,4,4,6,9,8,8,8,7,7,6,6,5,10,10,10,7,7,7,4,4,5,4,4,6,5,7,7,7,5,4,5,5,8,8,8,5,7,7
gc,svn,buddata-ebxml-registry,/trunk/ErgoRR/ErgoRR-persistence/src/main/java/be/kzen/ergorr/persist/dao/ServiceTypeDAO.java,buggy,java,IssueTrue,8473,93,384,3,4,1,2,5,3,5,4,5,4,10,10,9,10,10,9,9,9,9,5,5,4,10,10,9,4,4,6,7,6,6,6,5,5,6,6,5,10,10,10,7,7,7,4,4,4,3,3,4,3,4,4,6,5,3,4,4,5,6,5,2,3,4
gc,svn,buddata-ebxml-registry,/trunk/ErgoRR/ErgoRR-persistence/src/main/java/be/kzen/ergorr/persist/dao/SlotTypeDAO.java,buggy,java,IssueTrue,8473,93,384,3,10,3,9,7,2,10,8,9,9,9,10,9,7,9,8,9,9,9,10,10,10,9,10,9,9,10,10,7,8,8,6,7,8,6,7,6,9,10,10,9,9,9,9,8,8,9,9,9,9,9,9,7,9,9,9,9,9,8,9,10,10,10
gc,svn,buddata-ebxml-registry,/trunk/ErgoRR/ErgoRR-persistence/src/main/java/be/kzen/ergorr/persist/dao/SpecificationLinkTypeDAO.java,buggy,java,IssueTrue,8473,93,384,3,7,1,5,7,1,5,7,7,7,10,10,9,10,10,9,9,9,9,8,7,7,10,10,9,4,4,6,9,8,8,8,8,7,7,6,5,10,10,10,7,7,7,4,4,6,5,4,6,6,7,8,7,5,5,5,6,8,7,8,6,8,7
gc,svn,buddata-ebxml-registry,/trunk/ErgoRR/ErgoRR-persistence/src/main/java/be/kzen/ergorr/persist/dao/UsageDescriptionDAO.java,buggy,java,IssueTrue,8473,93,384,3,6,1,4,5,2,9,6,6,6,10,10,8,9,8,7,9,9,9,7,6,6,10,10,8,4,4,6,7,7,6,7,6,6,6,5,4,10,10,10,7,7,7,5,6,5,4,4,4,6,8,6,3,5,8,6,6,9,7,7,8,7,5
gc,svn,buddata-ebxml-registry,/trunk/ErgoRR/ErgoRR-persistence/src/main/java/be/kzen/ergorr/persist/dao/UsageParameterDAO.java,buggy,java,IssueTrue,8473,93,384,3,5,1,3,5,2,5,5,6,5,10,10,8,9,8,7,9,9,9,7,6,6,10,10,8,4,4,6,7,7,6,7,6,6,6,5,4,10,10,10,7,7,7,4,4,4,4,4,4,4,7,6,3,5,8,7,6,5,5,5,5,5,4
gc,svn,buddata-ebxml-registry,/trunk/ErgoRR/ErgoRR-persistence/src/main/java/be/kzen/ergorr/persist/dao/WrsExtrinsicObjectTypeDAO.java,buggy,java,IssueTrue,8473,93,384,3,2,1,2,4,4,3,2,3,3,10,10,10,10,10,9,9,9,9,4,3,3,10,10,10,4,4,6,5,4,4,4,3,4,6,5,4,8,8,8,7,7,7,3,3,3,3,3,3,3,3,3,3,5,8,7,6,5,5,5,3,3,3
gc,svn,buddata-ebxml-registry,/trunk/ErgoRR/ErgoRR-persistence/src/main/java/be/kzen/ergorr/persist/service/DbConnectionParams.java,buggy,java,IssueTrue,8473,93,384,3,5,3,4,7,6,5,6,7,6,6,5,4,7,6,5,9,9,9,3,3,3,6,5,4,8,8,8,9,8,8,8,8,7,9,9,7,8,8,8,7,7,7,3,4,5,8,5,8,3,4,5,5,8,9,7,8,5,5,5,2,3,3
gc,svn,buddata-ebxml-registry,/trunk/ErgoRR/ErgoRR-persistence/src/main/java/be/kzen/ergorr/persist/service/SqlPersistence.java,buggy,java,IssueTrue,8473,93,384,3,10,9,9,8,7,10,10,10,10,6,5,4,7,7,5,9,9,9,10,10,10,6,5,4,6,6,7,9,9,8,9,8,8,9,9,8,8,8,8,9,8,8,9,9,9,10,10,9,10,10,10,9,10,7,8,9,9,9,9,5,8,8
gc,svn,buddata-ebxml-registry,/trunk/ErgoRR/ErgoRR-web/src/main/java/be/kzen/ergorr/interfaces/soap/CswServiceImpl.java,buggy,java,IssueTrue,8473,93,384,3,8,7,8,6,6,5,7,7,7,6,5,4,5,5,4,9,9,9,10,9,9,6,5,4,7,7,7,7,7,6,7,6,6,7,7,5,9,9,9,9,8,8,6,5,6,8,6,7,9,8,8,9,10,8,9,9,6,7,7,5,8,8
gc,svn,buddata-ebxml-registry,/trunk/ErgoRR/ErgoRR-web/src/main/java/be/kzen/ergorr/interfaces/soap/RimLcmServiceImpl.java,buggy,java,IssueTrue,8473,93,384,3,7,7,7,5,8,10,6,7,6,6,5,4,5,5,4,9,9,9,9,8,8,6,5,4,4,4,6,7,7,6,7,6,6,7,7,5,8,8,8,9,8,8,6,7,5,6,6,5,8,9,7,3,8,3,3,3,9,7,7,7,6,5
