Host,Vcs,Project,File,Buggy,PL,IssueTracking,TLOC,TNF,TNC,TND,LOC,CL,NStmt,NFunc,RCC,MNL,avg_WMC,max_WMC,total_WMC,avg_DIT,max_DIT,total_DIT,avg_RFC,max_RFC,total_RFC,avg_NOC,max_NOC,total_NOC,avg_CBO,max_CBO,total_CBO,avg_DIT.1,max_DIT.1,total_DIT.1,avg_NIV,max_NIV,total_NIV,avg_NIM,max_NIM,total_NIM,avg_NOM,max_NOM,total_NOM,avg_NPBM,max_NPBM,total_NPBM,avg_NPM,max_NPM,total_NPM,avg_NPRM,max_NPRM,total_NPRM,avg_CC,max_CC,total_CC,avg_FANIN,max_FANIN,total_FANIN,avg_FANOUT,max_FANOUT,total_FANOUT,NRev,NFix,avg_AddedLOC,max_AddedLOC,total_AddedLOC,avg_DeletedLOC,max_DeletedLOC,total_DeletedLOC,avg_ModifiedLOC,max_ModifiedLOC,total_ModifiedLOC
sf,cvs,bzbyte,bzbyte/bzdev/codegen/src/com/bzbyte/codegen/CodeGen.java,buggy,java,IssueTrue,21843,163,158,1,10,9,10,9,2,10,10,10,10,5,4,4,9,8,7,9,9,9,10,10,9,5,4,4,6,6,7,10,10,9,10,9,9,6,6,6,9,9,9,10,10,10,10,10,10,8,7,9,10,10,10,8,8,10,9,9,10,10,10,10,10,9
sf,cvs,bzbyte,bzbyte/bzdev/codegen/src/com/bzbyte/codegen/base/EntityBeanBase.java,clean,java,IssueTrue,21843,163,158,1,6,3,5,7,4,5,7,6,7,5,4,4,7,6,5,9,9,9,5,4,4,5,4,4,7,7,7,9,8,7,9,8,7,9,9,8,9,9,9,8,7,7,4,4,6,3,4,5,2,6,5,8,8,4,5,4,4,5,5,2,3,3
sf,cvs,bzbyte,bzbyte/bzdev/codegen/src/com/bzbyte/codegen/base/JCollectionPlain.java,buggy,java,IssueTrue,21843,163,158,1,2,4,2,7,9,3,6,5,6,9,9,7,7,6,5,10,10,10,2,2,2,9,9,7,4,4,6,8,8,6,8,7,7,8,8,8,9,9,9,8,7,7,3,3,5,4,7,5,1,2,3,7,8,4,3,3,4,5,5,5,5,4
sf,cvs,bzbyte,bzbyte/bzdev/codegen/src/com/bzbyte/codegen/base/JCollectionPlainBase.java,buggy,java,IssueTrue,21843,163,158,1,7,5,7,8,4,7,6,7,8,5,4,7,6,7,7,9,9,9,4,5,5,5,4,7,8,9,9,7,9,8,7,8,8,8,9,9,9,9,9,8,7,7,4,6,7,6,7,8,3,5,7,8,8,8,7,7,5,6,6,6,8,6
sf,cvs,bzbyte,bzbyte/bzdev/codegen/src/com/bzbyte/codegen/base/PlainBeanBase.java,clean,java,IssueTrue,21843,163,158,1,5,4,5,6,5,5,6,5,6,5,4,4,6,5,4,9,9,9,5,5,4,5,4,4,8,8,8,8,7,6,8,7,7,8,8,8,9,9,9,8,7,7,4,4,5,5,4,6,3,4,5,7,5,4,3,3,4,5,5,6,6,5
sf,cvs,bzbyte,bzbyte/bzdev/codegen/src/com/bzbyte/codegen/gen/BeanBaseGenerator.java,buggy,java,IssueTrue,21843,163,158,1,10,9,10,8,3,10,10,10,10,5,4,4,7,7,6,9,9,9,7,6,6,5,4,4,4,4,6,7,6,5,9,8,8,8,8,8,9,9,9,10,10,10,10,9,10,6,5,8,10,9,10,9,9,6,6,6,4,5,5,6,8,7
sf,cvs,bzbyte,bzbyte/bzdev/codegen/src/com/bzbyte/codegen/gen/CollectionGenerator.java,buggy,java,IssueTrue,21843,163,158,1,10,10,10,3,9,10,9,9,9,5,4,4,3,3,2,9,9,9,7,6,5,5,4,4,4,4,6,2,2,2,4,2,3,3,4,3,9,9,9,10,8,8,10,10,8,7,4,4,10,10,8,9,9,10,10,10,9,9,9,5,8,7
sf,cvs,bzbyte,bzbyte/bzdev/codegen/src/com/bzbyte/codegen/gen/DBInfoTranslator.java,clean,java,IssueTrue,21843,163,158,1,6,4,6,6,5,7,4,5,7,5,4,7,4,4,6,9,9,9,3,4,4,5,4,7,6,7,8,5,4,5,5,4,6,6,6,7,9,9,9,8,7,7,6,5,6,7,5,7,5,4,6,8,9,3,3,2,4,5,5,3,3,3
sf,cvs,bzbyte,bzbyte/bzdev/codegen/src/com/bzbyte/codegen/gen/JavascriptBeanBaseGenerator.java,buggy,java,IssueTrue,21843,163,158,1,10,10,10,8,5,10,10,10,10,5,4,4,7,7,6,9,9,9,10,9,9,5,4,4,6,6,7,9,8,7,9,8,8,3,4,3,9,9,9,10,10,10,10,10,9,8,7,8,10,10,10,7,5,10,8,8,10,9,9,10,10,9
sf,cvs,bzbyte,bzbyte/bzdev/codegen/src/com/bzbyte/codegen/gen/PlainImplGenerator.java,buggy,java,IssueTrue,21843,163,158,1,8,6,8,3,4,10,8,7,8,5,4,4,3,3,2,9,9,9,7,6,6,5,4,4,4,4,6,2,2,2,4,2,3,5,5,4,9,9,9,8,7,7,10,9,7,8,5,4,10,9,8,7,5,5,4,4,6,6,6,3,3,3
sf,cvs,bzbyte,bzbyte/bzdev/codegen/src/com/bzbyte/codegen/gen/SimpleEntityGen.java,buggy,java,IssueTrue,21843,163,158,1,8,6,8,3,4,10,7,6,7,5,4,4,3,3,2,9,9,9,6,5,5,5,4,4,4,4,6,4,3,3,4,2,3,2,3,2,9,9,9,10,9,9,10,9,6,6,4,3,10,10,7,8,8,3,3,2,4,5,5,4,5,4
sf,cvs,bzbyte,bzbyte/bzdev/codegen/src/com/bzbyte/codegen/util/Attic/JavascriptObjectOutputStreamEnv.java,buggy,java,IssueTrue,21843,163,158,1,8,8,8,9,6,7,9,9,9,5,4,4,8,8,7,9,9,9,8,7,7,5,4,4,8,8,8,9,9,8,10,9,9,9,9,9,9,9,9,10,10,10,6,8,8,7,8,9,3,8,8,8,9,10,9,9,9,8,8,8,9,8
sf,cvs,bzbyte,bzbyte/bzdev/codegen/src/com/bzbyte/codegen/util/GenUtil.java,buggy,java,IssueTrue,21843,163,158,1,10,8,10,9,3,10,10,10,10,5,4,4,9,8,7,9,9,9,9,8,8,5,4,4,4,4,6,2,1,1,10,9,9,10,10,10,9,9,9,10,8,8,8,8,9,10,9,10,8,8,10,8,9,9,8,8,8,8,8,6,7,6
sf,cvs,bzbyte,bzbyte/bzdev/codegen/src/com/bzbyte/codegen/util/ObjectIDMapping.java,buggy,java,IssueTrue,21843,163,158,1,4,7,4,5,9,5,4,3,4,5,4,4,4,4,3,9,9,9,2,2,2,5,4,4,7,7,7,6,5,4,5,4,5,6,6,5,9,9,9,10,8,8,4,4,4,10,10,8,4,4,4,7,8,9,7,7,10,10,10,9,8,7
sf,cvs,bzbyte,bzbyte/bzdev/common/src/com/bzbyte/event/CollectionChangeEvent.java,clean,java,IssueTrue,21843,163,158,1,2,1,2,4,4,3,2,2,3,5,4,4,3,3,3,9,9,9,1,1,1,5,4,4,8,7,8,5,4,3,5,3,3,5,5,5,9,9,9,8,7,7,3,3,3,9,7,6,2,4,3,7,8,3,3,2,6,6,6,3,3,3
sf,cvs,bzbyte,bzbyte/bzdev/common/src/com/bzbyte/event/CollectionChangeHelper.java,buggy,java,IssueTrue,21843,163,158,1,4,1,4,4,2,7,5,5,5,5,4,4,4,4,3,9,9,9,3,3,3,5,4,4,6,6,7,5,4,3,5,4,4,6,6,5,9,9,9,8,7,7,7,6,5,8,5,5,4,4,4,8,8,6,5,5,5,6,6,4,5,4
sf,cvs,bzbyte,bzbyte/bzdev/common/src/com/bzbyte/event/PropertyChangeHelper.java,buggy,java,IssueTrue,21843,163,158,1,3,1,3,4,3,7,4,3,4,5,4,4,4,4,3,9,9,9,3,3,3,5,4,4,6,6,7,5,4,3,5,4,4,6,6,5,9,9,9,8,7,7,5,5,4,8,5,5,2,4,3,8,8,5,5,4,5,6,6,4,5,4
sf,cvs,bzbyte,bzbyte/bzdev/common/src/com/bzbyte/util/HashVector.java,clean,java,IssueTrue,21843,163,158,1,6,3,5,7,4,5,7,6,7,5,4,4,7,6,5,9,9,9,5,4,4,5,4,4,8,7,8,9,8,7,9,8,7,9,9,8,9,9,9,8,7,7,4,5,6,10,10,9,4,4,7,8,8,7,6,6,4,5,5,2,3,3
sf,cvs,bzbyte,bzbyte/bzdev/common/src/com/bzbyte/util/Util.java,buggy,java,IssueTrue,21843,163,158,1,10,5,10,10,1,10,10,10,10,5,4,4,10,9,9,9,9,9,10,10,10,5,4,4,4,4,6,2,1,1,10,10,10,10,10,10,9,9,9,10,9,9,7,8,10,8,9,10,6,7,10,10,9,10,9,10,6,8,8,6,9,8
sf,cvs,bzbyte,bzbyte/bzdev/common/src/com/bzbyte/util/WebUtil.java,buggy,java,IssueTrue,21843,163,158,1,5,4,5,5,5,7,5,4,5,5,4,4,4,4,3,9,9,9,7,6,6,5,4,4,4,4,6,2,1,1,5,4,5,6,6,6,9,9,9,8,7,7,5,5,4,7,7,5,7,5,6,7,5,4,4,3,4,5,5,2,2,2
sf,cvs,bzbyte,bzbyte/bzdev/common/src/com/bzbyte/util/chart/BZChart.java,buggy,java,IssueTrue,21843,163,158,1,5,3,6,8,5,3,7,6,7,5,4,4,8,7,6,9,9,9,2,2,2,5,4,4,10,9,10,9,9,7,9,8,8,9,9,9,9,9,9,8,7,7,3,3,6,5,4,7,2,3,5,8,8,10,9,9,5,6,6,5,5,5
sf,cvs,bzbyte,bzbyte/bzdev/common/src/com/bzbyte/util/chart/BZChartData.java,clean,java,IssueTrue,21843,163,158,1,5,1,5,5,3,5,6,6,7,5,4,4,5,5,4,9,9,9,5,4,4,5,4,4,8,7,8,7,6,5,6,5,5,7,6,6,9,9,9,10,8,8,6,5,5,8,7,6,4,4,5,9,9,8,6,7,4,5,5,7,8,8
sf,cvs,bzbyte,bzbyte/bzdev/common/src/com/bzbyte/util/chart/BZChartUtil.java,buggy,java,IssueTrue,21843,163,158,1,9,7,9,4,4,9,9,9,9,5,4,4,3,3,3,9,9,9,8,7,7,5,4,4,4,4,6,2,1,1,5,3,3,5,5,4,9,9,9,10,8,8,10,10,8,9,9,6,10,10,9,9,9,10,9,10,7,8,8,10,10,10
sf,cvs,bzbyte,bzbyte/bzdev/common/src/com/bzbyte/util/db/DBColumnMeta.java,buggy,java,IssueTrue,21843,163,158,1,7,5,7,9,4,5,8,7,8,5,4,4,8,7,6,9,9,9,4,3,3,5,4,4,10,10,10,9,9,8,9,9,9,10,10,9,9,9,9,8,7,7,3,4,7,9,10,9,3,8,8,8,8,9,8,8,8,8,8,6,8,6
sf,cvs,bzbyte,bzbyte/bzdev/common/src/com/bzbyte/util/db/DBConnectionInfo.java,buggy,java,IssueTrue,21843,163,158,1,7,4,7,7,4,9,8,7,8,5,4,4,7,6,5,9,9,9,9,8,8,5,4,4,9,9,9,8,8,6,9,7,7,9,9,8,9,9,9,8,7,7,6,8,7,8,9,8,4,6,7,7,9,7,5,5,4,5,5,6,6,5
sf,cvs,bzbyte,bzbyte/bzdev/common/src/com/bzbyte/util/db/DBRecord.java,buggy,java,IssueTrue,21843,163,158,1,5,7,5,6,7,7,6,5,6,5,4,4,6,5,4,9,9,9,5,5,4,5,4,4,7,7,7,8,7,6,8,7,7,8,8,8,9,9,9,8,7,7,4,5,5,6,8,7,4,5,6,7,8,9,7,6,8,7,7,9,9,7
sf,cvs,bzbyte,bzbyte/bzdev/common/src/com/bzbyte/util/db/DBTool.java,buggy,java,IssueTrue,21843,163,158,1,10,8,10,9,2,10,10,10,10,5,4,4,9,8,7,9,9,9,10,10,10,5,4,4,4,4,6,8,7,6,10,9,9,9,9,9,9,9,9,10,10,10,9,8,9,9,8,10,10,9,10,9,8,10,9,9,4,5,5,7,8,7
sf,cvs,bzbyte,bzbyte/bzdev/common/src/com/bzbyte/util/db/DefaultDBConverter.java,buggy,java,IssueTrue,21843,163,158,1,10,8,9,8,4,10,10,9,10,5,4,4,8,7,6,10,10,10,10,9,9,5,4,4,6,6,7,9,9,8,9,9,8,8,7,7,10,10,10,10,10,10,8,8,9,6,5,8,9,9,9,7,8,3,3,2,6,6,6,2,2,2
sf,cvs,bzbyte,bzbyte/bzdev/common/src/com/bzbyte/util/db/MySQLDBConverter.java,buggy,java,IssueTrue,21843,163,158,1,6,7,6,5,7,7,7,7,7,9,9,7,9,8,7,9,9,9,5,5,4,9,9,7,4,4,6,7,6,5,6,5,5,2,3,2,10,10,10,10,9,9,8,8,6,5,5,5,7,8,6,7,9,8,6,5,4,5,5,6,6,4
sf,cvs,bzbyte,bzbyte/bzdev/datasource/src/com/bzbyte/datasource/model/DatasourceBMBean.java,buggy,java,IssueTrue,21843,163,158,1,9,7,9,8,3,10,9,9,9,9,9,7,8,7,6,9,9,9,10,9,9,9,9,7,4,4,6,9,8,7,9,8,8,8,8,8,9,9,9,10,10,10,7,7,8,8,7,8,9,9,9,7,5,10,10,10,4,5,5,5,5,4
sf,cvs,bzbyte,bzbyte/bzdev/datasource/src/com/bzbyte/datasource/view/DatasourceMetaUtil.java,buggy,java,IssueTrue,21843,163,158,1,3,6,4,3,8,3,2,2,2,5,4,4,2,2,2,9,9,9,2,2,2,5,4,4,4,4,6,2,1,1,3,2,2,3,4,3,9,9,9,8,7,7,3,3,2,5,3,3,8,6,4,7,5,10,8,7,8,7,7,7,7,5
sf,cvs,bzbyte,bzbyte/bzdev/expression/src/com/bzbyte/expression/evaluate/ExpressionEvaluatorEnv.java,buggy,java,IssueTrue,21843,163,158,1,7,2,6,7,2,9,8,7,8,5,4,4,7,6,5,10,10,10,8,7,6,5,4,4,8,7,8,8,8,6,9,7,7,8,8,7,9,9,9,10,9,9,6,7,7,5,5,6,5,6,7,4,5,8,6,6,4,5,5,2,2,2
sf,cvs,bzbyte,bzbyte/bzdev/memdb/src/com/bzbyte/olap/OLAPUtil.java,buggy,java,IssueTrue,21843,163,158,1,10,9,10,9,3,10,10,10,10,5,4,4,9,8,7,9,9,9,10,10,9,5,4,4,4,4,6,9,8,7,10,9,9,8,8,8,9,9,9,10,10,10,9,9,10,9,9,10,10,10,10,10,9,10,10,10,9,9,10,10,10,10
sf,cvs,bzbyte,bzbyte/bzdev/memdb/src/com/bzbyte/olap/OlapWebUtil.java,buggy,java,IssueTrue,21843,163,158,1,7,1,6,6,2,10,7,6,7,5,4,4,5,5,4,9,9,9,8,7,7,5,4,4,4,4,6,2,1,1,7,6,6,8,7,7,9,9,9,8,7,7,6,6,6,7,5,6,7,8,7,7,8,8,6,5,4,5,5,5,5,4
sf,cvs,bzbyte,bzbyte/bzdev/memdb/src/com/bzbyte/olap/web/OlapDataComponentBean.java,buggy,java,IssueTrue,21843,163,158,1,8,6,8,4,4,10,8,7,8,9,9,7,3,3,3,9,9,9,8,7,7,9,9,7,4,4,6,5,4,3,5,3,3,3,4,3,9,9,9,10,9,9,10,9,7,8,5,5,10,10,8,8,8,10,9,9,9,9,9,9,9,9
sf,cvs,bzbyte,bzbyte/bzdev/query/src/com/bzbyte/query/util/QueryUtil.java,clean,java,IssueTrue,21843,163,158,1,9,10,9,7,8,7,7,6,7,5,4,4,7,6,5,9,9,9,8,7,7,5,4,4,4,4,6,2,1,1,8,7,7,6,6,6,9,9,9,10,10,10,5,5,6,5,7,6,9,9,9,4,5,10,10,9,10,10,10,10,10,9
sf,cvs,bzbyte,bzbyte/bzdev/report/src/com/bzbyte/report/evaluate/Dyna.java,buggy,java,IssueTrue,21843,163,158,1,9,6,9,6,3,9,8,7,8,5,4,4,5,5,4,9,9,9,10,9,9,5,4,4,9,9,9,2,1,1,7,6,6,7,6,6,9,9,9,10,9,9,8,7,7,8,7,7,10,9,9,8,8,9,7,8,6,7,7,6,7,7
sf,cvs,bzbyte,bzbyte/bzdev/report/src/com/bzbyte/report/evaluate/DynaMeta.java,buggy,java,IssueTrue,21843,163,158,1,4,2,3,5,5,3,4,4,4,5,4,4,5,5,4,9,9,9,2,1,1,5,4,4,9,8,9,7,6,5,6,5,5,7,7,7,9,9,9,8,7,7,3,3,4,5,4,5,2,2,3,7,5,4,3,3,4,5,5,5,5,4
sf,cvs,bzbyte,bzbyte/bzdev/report/src/com/bzbyte/report/evaluate/DynamicClassLoader.java,buggy,java,IssueTrue,21843,163,158,1,5,1,4,4,2,7,5,4,5,9,9,7,10,9,9,9,9,9,5,4,4,9,9,7,6,6,7,5,4,3,5,4,4,5,5,5,9,9,9,10,8,8,6,7,4,6,6,4,4,5,4,7,5,3,3,2,4,5,5,3,3,3
sf,cvs,bzbyte,bzbyte/bzdev/report/src/com/bzbyte/report/evaluate/ExpressionEvaluator.java,buggy,java,IssueTrue,21843,163,158,1,9,7,9,6,4,10,9,8,9,5,4,4,6,5,4,9,9,9,9,8,7,5,4,4,4,4,6,2,1,1,8,7,7,6,6,5,9,9,9,10,10,10,9,8,8,9,9,8,8,7,8,7,5,10,9,8,9,9,9,9,9,9
sf,cvs,bzbyte,bzbyte/bzdev/report/src/com/bzbyte/report/evaluate/ExpressionEvaluatorEnv.java,buggy,java,IssueTrue,21843,163,158,1,7,2,7,7,2,9,8,7,8,5,4,4,6,6,5,9,9,9,8,7,7,5,4,4,8,7,8,8,7,6,8,7,7,7,7,7,9,9,9,10,9,9,7,7,7,7,5,7,6,6,7,7,5,7,6,6,4,5,5,7,7,7
sf,cvs,bzbyte,bzbyte/bzdev/report/src/com/bzbyte/report/generate/DBRecordProvider.java,buggy,java,IssueTrue,21843,163,158,1,6,1,6,5,2,7,6,6,7,5,4,4,5,4,4,9,9,9,7,6,6,5,4,4,10,9,9,6,5,4,6,5,5,6,6,6,9,9,9,10,8,8,7,6,5,6,5,5,7,8,6,9,9,5,5,5,4,5,5,3,6,5
sf,cvs,bzbyte,bzbyte/bzdev/report/src/com/bzbyte/report/generate/SectionGenerator.java,buggy,java,IssueTrue,21843,163,158,1,8,7,8,6,5,10,8,7,8,5,4,4,5,5,4,9,9,9,7,6,5,5,4,4,7,7,7,7,6,5,7,6,6,6,6,6,9,9,9,10,9,9,8,8,7,8,6,7,9,8,8,9,9,9,7,8,9,9,9,9,9,9
sf,cvs,bzbyte,bzbyte/bzdev/report/src/com/bzbyte/report/model/ChartFieldBean.java,buggy,java,IssueTrue,21843,163,158,1,5,1,5,6,2,5,6,5,6,9,9,7,6,5,4,9,9,9,3,3,3,9,9,7,4,4,6,8,7,6,8,7,7,8,8,8,9,9,9,8,7,7,4,4,5,2,2,2,8,5,8,8,8,5,5,4,4,5,5,4,5,4
sf,cvs,bzbyte,bzbyte/bzdev/report/src/com/bzbyte/report/model/ChartFieldMetaPanelBean.java,clean,java,IssueTrue,21843,163,158,1,2,2,2,2,6,3,1,1,1,9,9,7,2,2,2,9,9,9,6,5,5,9,9,7,4,4,6,2,2,2,2,1,1,2,3,2,9,9,9,8,7,7,3,3,2,3,2,2,10,6,4,7,8,3,3,2,4,5,5,5,5,4
sf,cvs,bzbyte,bzbyte/bzdev/report/src/com/bzbyte/report/model/ReportServerBean.java,buggy,java,IssueTrue,21843,163,158,1,9,2,9,8,1,9,8,8,8,9,9,7,8,7,6,9,9,9,5,4,4,9,9,7,4,4,6,9,9,8,9,9,8,9,9,9,9,9,9,10,9,9,5,6,7,5,9,7,8,7,9,8,8,9,8,8,4,5,5,6,8,7
sf,cvs,bzbyte,bzbyte/bzdev/report/src/com/bzbyte/report/model/SharedUtilBean.java,buggy,java,IssueTrue,21843,163,158,1,9,9,9,7,4,9,10,9,10,9,9,7,7,6,5,9,9,9,6,5,5,9,9,7,4,4,6,8,8,6,9,7,7,9,9,8,9,9,9,8,7,7,9,8,9,7,7,7,10,10,10,8,9,5,5,5,4,5,5,6,6,6
sf,cvs,bzbyte,bzbyte/bzdev/report/src/com/bzbyte/report/render/DataViewUtil.java,buggy,java,IssueTrue,21843,163,158,1,10,7,10,7,2,10,10,10,10,5,4,4,7,6,5,9,9,9,10,9,9,5,4,4,4,4,6,2,1,1,8,7,7,5,5,5,9,9,9,10,10,10,10,10,9,7,5,7,10,10,9,9,9,10,10,10,9,9,10,9,10,10
sf,cvs,bzbyte,bzbyte/bzdev/report/src/com/bzbyte/report/render/DefaultHTMLReportRenderer.java,buggy,java,IssueTrue,21843,163,158,1,9,10,9,6,10,10,6,7,8,5,4,7,4,5,6,9,9,9,5,7,7,5,4,7,6,7,7,5,5,5,5,5,7,5,6,7,9,9,9,10,9,9,8,9,7,7,6,7,10,10,10,9,9,10,10,10,9,9,9,9,9,9
sf,cvs,bzbyte,bzbyte/bzdev/report/src/com/bzbyte/report/util/ChangeEventAdapter.java,clean,java,IssueTrue,21843,163,158,1,6,8,6,4,7,10,7,6,7,5,4,4,4,4,3,9,9,9,8,7,7,5,4,4,6,6,7,5,4,3,5,4,4,5,5,5,9,9,9,10,8,8,9,9,6,8,6,5,10,8,7,9,9,9,9,9,4,5,5,7,8,7
sf,cvs,bzbyte,bzbyte/bzdev/report/src/com/bzbyte/report/util/ReportChartUtil.java,buggy,java,IssueTrue,21843,163,158,1,8,4,9,5,3,10,8,7,8,5,4,4,5,5,4,9,9,9,9,8,8,5,4,4,4,4,6,2,1,1,6,5,5,7,7,7,9,9,9,8,7,7,9,9,7,6,6,6,10,10,8,9,9,10,10,9,8,8,8,9,9,9
sf,cvs,bzbyte,bzbyte/bzdev/report/src/com/bzbyte/report/util/ReportUtil.java,buggy,java,IssueTrue,21843,163,158,1,10,10,10,10,3,10,10,10,10,5,4,4,10,9,9,9,9,9,10,10,9,5,4,4,4,4,6,2,1,1,10,10,10,10,10,10,9,9,9,10,10,10,7,8,10,7,7,10,10,10,10,9,9,9,9,9,5,7,7,3,7,6
sf,cvs,bzbyte,bzbyte/bzdev/report2/src/com/bzbyte/report/model/ReportServerBean.java,buggy,java,IssueTrue,21843,163,158,1,7,4,7,7,3,9,7,7,7,9,9,7,6,6,5,9,9,9,5,4,4,9,9,7,4,4,6,8,7,6,8,7,7,8,7,7,9,9,9,10,9,9,6,6,6,5,5,6,8,7,8,4,5,3,3,2,4,5,5,5,5,4
sf,cvs,bzbyte,bzbyte/bzdev/report2/src/com/bzbyte/report/util/ReportUtil.java,buggy,java,IssueTrue,21843,163,158,1,10,10,10,9,6,9,9,9,9,5,4,4,8,7,6,9,9,9,9,8,8,5,4,4,4,4,6,3,3,2,9,9,9,9,9,9,9,9,9,10,10,10,6,6,8,7,7,8,10,9,10,7,5,10,10,10,9,8,9,9,9,8
sf,cvs,bzbyte,bzbyte/bzdev/security/src/com/bzbyte/security/util/ENTSecuritySystemWorker.java,buggy,java,IssueTrue,21843,163,158,1,9,4,8,8,2,10,9,8,9,5,4,4,8,7,6,9,9,9,8,7,7,5,4,4,8,7,8,9,9,7,9,8,8,9,9,9,9,9,9,10,9,9,7,7,8,6,6,8,6,8,8,4,5,7,5,5,4,5,5,2,2,2
sf,cvs,bzbyte,bzbyte/bzdev/web-test/src/com/bzbyte/web/test/WebTestUtil.java,buggy,java,IssueTrue,21843,163,158,1,4,4,5,4,6,7,3,3,4,5,4,4,3,3,3,9,9,9,5,4,4,5,4,4,4,4,6,2,1,1,5,3,3,3,4,3,9,9,9,10,9,9,5,5,3,7,5,4,9,6,6,7,8,3,3,2,4,5,5,5,5,4
sf,cvs,bzbyte,bzbyte/bzdev/web/src/com/bzbyte/web/model/AddCommandBean.java,buggy,java,IssueTrue,21843,163,158,1,3,1,3,2,4,7,2,2,3,9,9,7,2,2,2,9,9,9,4,3,3,9,9,7,4,4,6,2,2,2,2,1,1,2,3,2,9,9,9,8,7,7,9,6,3,3,2,2,10,7,4,8,8,4,3,3,4,5,5,5,6,5
sf,cvs,bzbyte,bzbyte/bzdev/web/src/com/bzbyte/web/model/MessageQueueBean.java,buggy,java,IssueTrue,21843,163,158,1,3,1,3,3,2,5,3,3,3,9,9,7,3,3,2,9,9,9,1,1,1,9,9,7,6,6,7,4,3,3,4,2,3,5,5,4,9,9,9,8,7,7,5,4,3,3,3,3,6,5,4,7,8,7,5,5,4,5,5,2,2,2
sf,cvs,bzbyte,bzbyte/bzdev/web/src/com/bzbyte/web/model/WJPanelBean.java,buggy,java,IssueTrue,21843,163,158,1,9,6,9,7,3,7,9,9,9,9,9,7,7,6,5,9,9,9,9,8,8,9,9,7,4,4,6,8,8,6,9,7,7,8,8,8,10,10,9,10,8,8,9,10,8,5,5,6,9,10,9,8,8,7,6,7,4,5,5,5,6,6
sf,cvs,bzbyte,bzbyte/bzdev/web/src/com/bzbyte/web/model/WJTreePanelBean.java,buggy,java,IssueTrue,21843,163,158,1,4,1,4,3,3,7,3,3,4,9,9,7,3,3,2,9,9,9,8,7,6,9,9,7,4,4,6,4,3,3,4,2,3,5,5,4,9,9,9,8,7,7,6,6,3,3,3,3,9,8,5,7,5,9,8,7,9,9,9,8,9,8
sf,cvs,bzbyte,bzbyte/bzdev/web/src/com/bzbyte/web/render/WJPropertyHTMLGenerator.java,clean,java,IssueTrue,21843,163,158,1,10,8,10,8,3,10,10,10,10,5,4,4,8,7,6,9,9,9,9,8,7,5,4,4,4,4,6,9,9,7,9,8,8,6,6,6,9,9,9,10,10,10,9,10,9,9,7,9,10,10,10,9,9,10,9,9,4,5,5,4,5,5
sf,cvs,bzbyte,bzbyte/bzdev/web/src/com/bzbyte/web/util/CompressOutputStream.java,clean,java,IssueTrue,21843,163,158,1,5,1,5,4,2,9,5,5,6,5,4,4,3,3,3,9,9,9,7,6,5,5,4,4,8,8,8,5,4,3,5,3,3,5,5,5,9,9,9,8,7,7,8,6,5,8,5,5,7,5,5,7,5,3,3,3,7,7,7,6,7,6
sf,cvs,bzbyte,bzbyte/bzdev/web/src/com/bzbyte/web/util/GeneratorUtil.java,clean,java,IssueTrue,21843,163,158,1,9,2,9,9,1,10,10,9,10,5,4,4,9,8,7,9,9,9,10,9,8,5,4,4,4,4,6,2,1,1,10,9,9,10,10,10,9,9,9,8,7,7,7,9,9,8,10,9,6,9,9,8,8,3,3,2,4,5,5,4,5,4
sf,cvs,bzbyte,bzbyte/bzdev/web/src/com/bzbyte/web/util/TreeNodeBuilderUtil.java,clean,java,IssueTrue,21843,163,158,1,6,1,6,4,2,10,6,5,6,5,4,4,3,3,3,9,9,9,3,3,3,5,4,4,4,4,6,2,1,1,5,3,3,5,5,5,9,9,9,8,7,7,9,9,5,10,8,7,9,7,6,8,8,6,6,6,7,7,7,8,9,8
sf,cvs,bzbyte,bzbyte/bzdev/web/src/com/bzbyte/web/util/TreeUtil.java,clean,java,IssueTrue,21843,163,158,1,2,2,3,3,6,5,3,3,3,5,4,4,2,2,2,9,9,9,2,1,1,5,4,4,4,4,6,2,1,1,3,2,2,3,4,3,9,9,9,8,7,7,7,6,3,7,5,3,8,5,4,7,8,3,3,2,4,5,5,5,5,4
sf,cvs,bzbyte,bzbyte/bzdev/web/src/com/bzbyte/web/util/WJWebFactory.java,buggy,java,IssueTrue,21843,163,158,1,9,6,9,7,3,10,9,9,9,5,4,4,7,6,5,9,9,9,9,8,8,5,4,4,7,7,7,8,8,6,9,7,7,8,8,8,9,9,9,10,9,9,9,9,8,7,6,7,10,10,9,7,5,3,3,2,4,5,5,6,6,5
sf,cvs,bzbyte,bzbyte/bzdev/web/src/com/bzbyte/web/util/WebControllerUtil.java,clean,java,IssueTrue,21843,163,158,1,10,9,10,8,4,10,10,10,10,5,4,4,7,7,5,9,9,9,10,9,9,5,4,4,4,4,6,2,1,1,9,8,8,8,8,7,9,9,9,10,10,10,9,10,9,10,10,9,10,10,10,9,8,6,5,6,4,5,5,7,8,7
sf,cvs,bzbyte,bzbyte/bzdev/web/src/com/bzbyte/web/util/WebTool.java,buggy,java,IssueTrue,21843,163,158,1,9,6,9,8,3,9,9,9,9,5,4,4,8,7,6,9,9,9,10,9,8,5,4,4,4,4,6,2,1,1,9,8,8,9,9,9,9,9,9,8,7,7,8,7,8,8,9,9,8,7,9,9,9,10,9,9,9,9,10,10,10,10
sf,cvs,bzbyte,bzbyte/bzdev/webcontrols/src/com/bzbyte/webcontrols/model/PropertiesPanelBean.java,clean,java,IssueTrue,21843,163,158,1,5,3,5,2,5,9,4,3,4,9,9,7,2,2,2,9,9,9,9,8,7,9,9,7,4,4,6,2,2,2,2,1,1,2,3,2,9,9,9,8,7,7,10,7,4,5,3,2,10,10,6,7,5,7,7,6,4,5,5,6,7,6
sf,cvs,bzbyte,bzbyte/bzdev/webcontrols/src/com/bzbyte/webcontrols/model/WJFormPanelBean.java,clean,java,IssueTrue,21843,163,158,1,3,1,3,2,3,3,1,1,1,9,9,7,2,2,2,9,9,9,6,5,5,9,9,7,4,4,6,2,2,2,2,1,1,2,3,2,9,9,9,8,7,7,3,3,2,3,2,2,10,7,4,4,8,4,4,3,4,5,5,2,2,2
sf,cvs,bzbyte,bzbyte/bzdev/webcontrols/src/com/bzbyte/webcontrols/model/WJImagePanelBean.java,buggy,java,IssueTrue,21843,163,158,1,5,1,5,3,3,7,3,3,4,9,9,7,2,2,2,9,9,9,8,7,6,9,9,7,4,4,6,3,3,2,3,2,2,3,4,3,9,9,9,8,7,7,8,6,3,4,3,3,10,7,6,8,8,4,4,4,4,5,5,5,6,5
sf,cvs,bzbyte,bzbyte/bzdev/webcontrols/src/com/bzbyte/webcontrols/util/MenuUtil.java,clean,java,IssueTrue,21843,163,158,1,8,6,9,5,4,7,8,7,8,5,4,4,5,4,4,9,9,9,5,5,4,5,4,4,4,4,6,2,1,1,6,5,5,5,5,4,9,9,9,10,10,10,9,8,7,8,5,6,10,10,9,4,5,6,5,4,4,5,5,10,9,8
sf,cvs,bzbyte,bzbyte/bzdev/webcontrols/src/com/bzbyte/webcontrols/util/WebMenu.java,buggy,java,IssueTrue,21843,163,158,1,3,1,2,4,4,9,4,3,4,5,4,4,3,3,3,9,9,9,2,2,2,5,4,4,6,6,7,5,4,3,5,3,3,5,5,4,9,9,9,10,8,8,6,6,4,6,4,4,4,4,4,7,8,3,3,2,4,5,5,5,5,4
sf,cvs,bzbyte,bzbyte/bzdev/webcontrols/src/com/bzbyte/webcontrols/util/WebMenuItem.java,buggy,java,IssueTrue,21843,163,158,1,4,1,4,6,3,5,5,4,5,5,4,4,5,5,4,9,9,9,2,1,1,5,4,4,9,9,9,7,6,5,7,6,6,8,7,7,9,9,9,8,7,7,4,4,4,6,6,6,2,4,4,8,9,7,6,6,4,5,5,5,6,5
sf,cvs,bzbyte,bzbyte/bzdev/webcontrols/src/com/bzbyte/webcontrols/util/WebMenuUtil.java,buggy,java,IssueTrue,21843,163,158,1,6,2,6,4,3,9,6,6,7,5,4,4,4,4,3,9,9,9,7,6,5,5,4,4,4,4,6,2,1,1,5,4,4,5,5,5,9,9,9,10,8,8,8,6,5,6,5,4,8,6,6,8,9,4,4,4,4,5,5,5,6,5
