Host,Vcs,Project,File,Buggy,PL,IssueTracking,TLOC,TNF,TNC,TND,LOC,CL,NStmt,NFunc,RCC,MNL,avg_WMC,max_WMC,total_WMC,avg_DIT,max_DIT,total_DIT,avg_RFC,max_RFC,total_RFC,avg_NOC,max_NOC,total_NOC,avg_CBO,max_CBO,total_CBO,avg_DIT.1,max_DIT.1,total_DIT.1,avg_NIV,max_NIV,total_NIV,avg_NIM,max_NIM,total_NIM,avg_NOM,max_NOM,total_NOM,avg_NPBM,max_NPBM,total_NPBM,avg_NPM,max_NPM,total_NPM,avg_NPRM,max_NPRM,total_NPRM,avg_CC,max_CC,total_CC,avg_FANIN,max_FANIN,total_FANIN,avg_FANOUT,max_FANOUT,total_FANOUT,NRev,NFix,avg_AddedLOC,max_AddedLOC,total_AddedLOC,avg_DeletedLOC,max_DeletedLOC,total_DeletedLOC,avg_ModifiedLOC,max_ModifiedLOC,total_ModifiedLOC
sf,cvs,campsoft,campsoft/main/WEB-INF/classes/com/camp/actions/AbstActionBase.java,buggy,java,IssueFalse,14882,123,1523,2,9,8,10,7,5,5,8,7,6,9,9,8,8,6,7,10,10,10,10,9,8,9,9,8,10,9,9,9,8,8,7,7,7,3,4,4,10,10,10,10,10,10,5,6,7,10,10,10,6,9,7,10,10,7,7,9,5,7,7,2,6,8
sf,cvs,campsoft,campsoft/main/WEB-INF/classes/com/camp/actions/config/admin/GlobalConfigAction.java,clean,java,IssueFalse,14882,123,1523,2,7,4,8,4,4,10,6,5,5,10,10,9,8,6,7,9,9,9,8,7,6,10,10,9,6,6,6,5,5,4,3,4,3,4,5,5,9,10,10,8,9,8,9,8,6,10,9,6,9,8,5,6,8,6,6,6,7,7,7,7,7,8
sf,cvs,campsoft,campsoft/main/WEB-INF/classes/com/camp/actions/config/admin/InitialConfigAction.java,clean,java,IssueFalse,14882,123,1523,2,8,6,9,5,5,10,8,7,7,10,10,9,8,7,7,9,9,9,9,8,8,10,10,9,6,6,6,6,5,5,4,5,4,3,4,4,9,10,10,10,10,10,9,9,8,10,10,8,10,10,7,6,8,5,5,5,7,7,7,8,8,9
sf,cvs,campsoft,campsoft/main/WEB-INF/classes/com/camp/actions/config/admin/MenuConfigAction.java,clean,java,IssueFalse,14882,123,1523,2,7,6,8,4,5,10,8,8,7,10,10,9,8,6,7,9,9,9,9,8,7,10,10,9,6,6,6,5,5,4,3,4,3,4,5,5,9,10,10,8,9,8,10,9,8,10,10,7,10,10,7,7,8,10,10,9,10,10,10,9,9,9
sf,cvs,campsoft,campsoft/main/WEB-INF/classes/com/camp/actions/config/admin/report/AddReportAction.java,clean,java,IssueFalse,14882,123,1523,2,7,6,8,5,5,10,8,7,7,10,10,9,8,7,7,9,9,9,8,7,6,10,10,9,6,6,6,6,5,5,4,5,4,3,4,4,9,10,10,10,10,10,9,9,8,10,10,7,9,9,7,8,5,10,10,10,9,9,9,9,8,9
sf,cvs,campsoft,campsoft/main/WEB-INF/classes/com/camp/actions/config/admin/report/AddReportGroupAction.java,clean,java,IssueFalse,14882,123,1523,2,5,3,6,4,6,10,6,5,5,10,10,9,8,6,7,9,9,9,5,5,4,10,10,9,6,6,6,5,5,4,3,4,3,3,4,4,9,10,10,10,10,9,9,8,6,9,9,5,6,7,4,6,5,4,4,4,8,7,8,6,6,7
sf,cvs,campsoft,campsoft/main/WEB-INF/classes/com/camp/actions/config/admin/report/DeleteReportAction.java,clean,java,IssueFalse,14882,123,1523,2,6,3,7,4,5,10,7,6,5,10,10,9,8,6,7,9,9,9,6,5,5,10,10,9,6,6,6,5,5,4,3,4,3,3,4,4,9,10,10,10,10,9,9,8,6,10,9,6,8,8,5,3,8,4,4,4,9,7,7,7,6,5
sf,cvs,campsoft,campsoft/main/WEB-INF/classes/com/camp/actions/config/admin/report/DeleteReportGroupAction.java,clean,java,IssueFalse,14882,123,1523,2,6,3,7,4,4,10,7,6,6,10,10,9,8,6,7,9,9,9,6,5,5,10,10,9,6,6,6,5,5,4,3,4,3,3,4,4,9,10,10,10,10,9,9,8,7,10,9,6,8,9,5,5,5,4,4,4,8,7,7,6,6,6
sf,cvs,campsoft,campsoft/main/WEB-INF/classes/com/camp/actions/config/admin/report/UpdateReportAction.java,clean,java,IssueFalse,14882,123,1523,2,7,5,8,5,5,10,8,7,7,10,10,9,8,7,7,9,9,9,8,7,6,10,10,9,6,6,6,6,5,5,4,5,4,3,4,4,9,10,10,10,10,10,9,9,8,10,10,7,9,9,7,5,5,5,5,5,8,7,7,6,6,6
sf,cvs,campsoft,campsoft/main/WEB-INF/classes/com/camp/actions/config/admin/report/UpdateReportGroupAction.java,clean,java,IssueFalse,14882,123,1523,2,6,3,7,4,5,10,7,6,5,10,10,9,8,6,7,9,9,9,6,5,5,10,10,9,6,6,6,5,5,4,3,4,3,3,4,4,9,10,10,10,10,9,9,8,6,10,9,6,8,8,5,5,5,4,4,4,8,7,7,6,6,6
sf,cvs,campsoft,campsoft/main/WEB-INF/classes/com/camp/actions/config/admin/report/ViewReportAction.java,clean,java,IssueFalse,14882,123,1523,2,5,3,6,4,5,9,6,5,4,10,10,9,8,6,7,9,9,9,6,5,5,10,10,9,6,6,6,5,5,4,3,4,3,3,4,4,9,10,10,10,10,9,8,7,6,9,9,5,7,7,4,3,5,4,4,4,9,7,7,7,6,5
sf,cvs,campsoft,campsoft/main/WEB-INF/classes/com/camp/actions/config/admin/report/ViewReportGroupsAction.java,clean,java,IssueFalse,14882,123,1523,2,5,2,6,4,5,9,5,4,4,10,10,9,8,6,7,9,9,9,7,6,5,10,10,9,6,6,6,5,5,4,3,4,3,3,4,4,9,10,10,10,10,9,7,6,5,9,8,5,6,7,4,6,5,5,5,5,7,7,7,5,6,7
sf,cvs,campsoft,campsoft/main/WEB-INF/classes/com/camp/actions/config/admin/report/ViewReportsAction.java,clean,java,IssueFalse,14882,123,1523,2,6,3,7,4,4,10,7,6,6,10,10,9,8,6,7,9,9,9,8,7,6,10,10,9,6,6,6,5,5,4,3,4,3,3,4,4,9,10,10,10,10,9,9,8,7,10,9,6,10,10,6,9,8,9,8,9,6,7,7,6,8,9
sf,cvs,campsoft,campsoft/main/WEB-INF/classes/com/camp/actions/config/admin/role/AddRoleAction.java,clean,java,IssueFalse,14882,123,1523,2,5,2,6,4,5,10,6,5,4,10,10,9,8,6,7,9,9,9,5,5,4,10,10,9,6,6,6,5,5,4,3,4,3,3,4,4,9,10,10,10,10,9,8,7,6,9,9,5,6,8,4,3,8,4,4,4,9,7,7,7,6,5
sf,cvs,campsoft,campsoft/main/WEB-INF/classes/com/camp/actions/config/admin/role/DeleteRoleAction.java,clean,java,IssueFalse,14882,123,1523,2,6,3,7,4,5,10,7,6,5,10,10,9,8,6,7,9,9,9,6,5,5,10,10,9,6,6,6,5,5,4,3,4,3,3,4,4,9,10,10,10,10,9,9,8,6,10,9,6,8,8,5,3,8,4,4,4,9,7,7,7,6,5
sf,cvs,campsoft,campsoft/main/WEB-INF/classes/com/camp/actions/config/admin/role/UpdateRoleAction.java,clean,java,IssueFalse,14882,123,1523,2,6,3,7,4,5,10,7,6,5,10,10,9,8,6,7,9,9,9,6,5,5,10,10,9,6,6,6,5,5,4,3,4,3,3,4,4,9,10,10,10,10,9,9,8,6,10,9,6,8,8,5,3,8,4,4,4,9,7,7,6,5,5
sf,cvs,campsoft,campsoft/main/WEB-INF/classes/com/camp/actions/config/admin/role/ViewRolesAction.java,clean,java,IssueFalse,14882,123,1523,2,5,2,6,4,5,9,5,4,4,10,10,9,8,6,7,9,9,9,7,6,5,10,10,9,6,6,6,5,5,4,3,4,3,3,4,4,9,10,10,10,10,9,7,6,5,9,8,5,7,7,4,5,8,5,5,5,8,7,7,6,6,6
sf,cvs,campsoft,campsoft/main/WEB-INF/classes/com/camp/actions/config/admin/transport/AddTransportConfigAction.java,clean,java,IssueFalse,14882,123,1523,2,6,4,7,4,6,10,6,5,5,10,10,9,8,6,7,9,9,9,8,7,6,10,10,9,6,6,6,5,5,4,3,4,3,3,4,4,9,10,10,10,10,9,9,8,6,10,9,6,9,9,5,7,8,6,6,6,7,7,8,6,6,7
sf,cvs,campsoft,campsoft/main/WEB-INF/classes/com/camp/actions/config/admin/transport/DeleteTransportConfigAction.java,clean,java,IssueFalse,14882,123,1523,2,5,4,6,4,6,10,6,5,4,10,10,9,8,6,7,9,9,9,7,6,6,10,10,9,6,6,6,5,5,4,3,4,3,3,4,4,9,10,10,10,10,9,8,7,6,10,9,6,7,8,4,6,8,5,5,5,9,9,9,7,6,8
sf,cvs,campsoft,campsoft/main/WEB-INF/classes/com/camp/actions/config/admin/transport/ListedTransportConfigAction.java,clean,java,IssueFalse,14882,123,1523,2,6,5,7,5,6,10,7,6,5,10,10,9,8,7,7,9,9,9,7,6,6,10,10,9,6,6,6,6,5,5,4,5,4,3,4,4,9,10,10,10,10,10,8,7,6,9,9,6,6,8,5,6,8,5,5,5,7,7,7,6,6,7
sf,cvs,campsoft,campsoft/main/WEB-INF/classes/com/camp/actions/config/admin/user/AddUserAction.java,clean,java,IssueFalse,14882,123,1523,2,6,2,7,4,4,10,6,5,5,10,10,9,8,6,7,9,9,9,8,7,7,10,10,9,6,6,6,5,5,4,3,4,3,3,4,4,9,10,10,10,10,9,9,8,6,10,9,6,9,8,5,5,8,5,5,5,8,7,7,7,6,7
sf,cvs,campsoft,campsoft/main/WEB-INF/classes/com/camp/actions/config/admin/user/DeleteUserAction.java,clean,java,IssueFalse,14882,123,1523,2,6,3,7,4,5,10,7,6,5,10,10,9,8,6,7,9,9,9,7,6,6,10,10,9,6,6,6,5,5,4,3,4,3,3,4,4,9,10,10,10,10,9,9,8,6,10,9,6,8,8,5,3,8,4,4,4,9,7,7,7,6,5
sf,cvs,campsoft,campsoft/main/WEB-INF/classes/com/camp/actions/config/admin/user/UpdateUserAction.java,clean,java,IssueFalse,14882,123,1523,2,6,3,7,4,4,10,7,6,5,10,10,9,8,6,7,9,9,9,9,8,7,10,10,9,6,6,6,5,5,4,3,4,3,3,4,4,9,10,10,10,10,9,9,8,7,10,9,6,10,9,6,5,8,5,5,5,8,7,7,6,6,6
sf,cvs,campsoft,campsoft/main/WEB-INF/classes/com/camp/actions/config/admin/user/ViewUserAction.java,clean,java,IssueFalse,14882,123,1523,2,5,2,6,4,5,9,6,5,5,10,10,9,8,6,7,9,9,9,7,6,6,10,10,9,6,6,6,5,5,4,3,4,3,3,4,4,9,10,10,10,10,9,9,8,6,9,9,5,7,8,4,3,8,4,4,4,9,7,7,7,6,5
sf,cvs,campsoft,campsoft/main/WEB-INF/classes/com/camp/actions/config/admin/user/ViewUsersAction.java,clean,java,IssueFalse,14882,123,1523,2,5,2,6,4,5,9,5,4,4,10,10,9,8,6,7,9,9,9,7,6,6,10,10,9,6,6,6,5,5,4,3,4,3,3,4,4,9,10,10,10,10,9,7,6,5,9,8,5,6,7,4,5,8,5,5,5,8,7,7,6,6,6
sf,cvs,campsoft,campsoft/main/WEB-INF/classes/com/camp/actions/config/user/UserConfigAction.java,clean,java,IssueFalse,14882,123,1523,2,6,4,7,5,5,10,6,5,5,10,10,9,8,7,7,9,9,9,8,7,7,10,10,9,6,6,6,6,5,5,4,5,4,3,4,4,9,10,10,10,10,10,7,7,6,10,9,7,8,8,6,3,8,4,4,4,9,7,7,6,5,5
sf,cvs,campsoft,campsoft/main/WEB-INF/classes/com/camp/actions/login/LogoffAction.java,clean,java,IssueFalse,14882,123,1523,2,3,3,4,3,7,5,3,3,2,10,10,9,8,6,7,9,9,9,3,3,3,10,10,9,6,6,6,3,3,3,2,2,2,3,4,4,9,10,10,8,9,8,7,5,4,6,5,3,6,5,3,3,8,4,4,4,5,5,5,4,3,4
sf,cvs,campsoft,campsoft/main/WEB-INF/classes/com/camp/actions/menu/HeaderDropMenuAction.java,clean,java,IssueFalse,14882,123,1523,2,6,6,7,3,7,10,6,5,4,10,10,9,8,6,7,9,9,9,9,8,7,10,10,9,6,6,6,3,3,3,2,2,2,3,4,4,9,10,10,8,9,8,10,8,6,10,9,5,10,9,5,6,8,5,5,5,7,7,7,7,6,8
sf,cvs,campsoft,campsoft/main/WEB-INF/classes/com/camp/actions/menu/MenuAction.java,clean,java,IssueFalse,14882,123,1523,2,7,7,8,3,7,10,8,7,6,10,10,9,8,6,7,9,9,9,9,8,8,10,10,9,6,6,6,3,3,3,2,2,2,3,4,4,9,10,10,8,9,8,10,9,7,10,9,5,10,9,5,6,8,5,5,5,7,7,7,8,7,8
sf,cvs,campsoft,campsoft/main/WEB-INF/classes/com/camp/actions/report/BuildReportAction.java,clean,java,IssueFalse,14882,123,1523,2,8,7,8,4,6,10,8,8,7,10,10,9,8,6,7,9,9,9,8,7,6,10,10,9,6,6,6,5,5,4,3,4,3,3,4,4,9,10,10,10,10,9,10,9,8,10,10,7,10,10,7,6,5,6,5,6,7,7,7,7,6,7
sf,cvs,campsoft,campsoft/main/WEB-INF/classes/com/camp/common/AbstEntity.java,clean,java,IssueFalse,14882,123,1523,2,4,2,4,7,5,9,6,5,5,5,5,5,7,6,6,10,10,10,5,4,4,5,5,5,8,8,7,8,7,7,7,7,6,8,8,8,9,10,10,8,9,8,4,6,6,10,10,9,2,4,4,3,8,10,9,8,5,5,5,2,2,2
sf,cvs,campsoft,campsoft/main/WEB-INF/classes/com/camp/common/activity/ActivityDay.java,clean,java,IssueFalse,14882,123,1523,2,9,4,10,10,2,7,10,10,9,9,9,8,10,9,9,9,9,9,10,9,9,9,9,8,10,9,9,10,10,10,10,10,10,10,10,10,9,10,10,8,9,8,5,6,10,3,7,9,3,6,9,7,5,10,10,10,7,7,7,5,6,7
sf,cvs,campsoft,campsoft/main/WEB-INF/classes/com/camp/common/activity/ActivityInstance.java,clean,java,IssueFalse,14882,123,1523,2,9,6,10,10,3,9,10,10,10,9,9,8,10,9,9,9,9,9,9,8,8,9,9,8,10,10,9,10,10,10,10,10,10,10,10,10,9,10,10,8,9,8,5,7,10,3,7,9,3,8,9,9,5,10,10,10,8,8,8,8,8,9
sf,cvs,campsoft,campsoft/main/WEB-INF/classes/com/camp/common/activity/ActivitySessionStaff.java,clean,java,IssueFalse,14882,123,1523,2,5,2,6,7,4,5,8,7,7,9,9,8,9,7,7,9,9,9,4,3,3,9,9,8,8,8,7,9,8,8,7,8,7,8,9,8,9,10,10,8,9,8,6,6,8,3,3,5,2,3,4,6,5,7,7,6,9,8,8,9,8,9
sf,cvs,campsoft,campsoft/main/WEB-INF/classes/com/camp/common/activity/ActivityTime.java,clean,java,IssueFalse,14882,123,1523,2,9,3,10,10,2,7,10,10,10,9,9,8,10,9,9,9,9,9,9,8,8,9,9,8,10,9,9,10,10,10,10,10,10,10,10,10,9,10,10,8,9,8,5,7,10,3,6,9,3,6,9,8,5,10,10,10,6,7,7,7,8,8
sf,cvs,campsoft,campsoft/main/WEB-INF/classes/com/camp/common/cabin/CabinAssignment.java,clean,java,IssueFalse,14882,123,1523,2,9,3,9,10,2,7,10,10,9,9,9,8,10,9,9,9,9,9,8,7,6,9,9,8,10,10,9,10,10,10,10,10,10,10,10,10,9,10,10,8,9,8,5,8,10,4,8,9,3,6,8,9,10,9,9,10,8,8,9,7,9,9
sf,cvs,campsoft,campsoft/main/WEB-INF/classes/com/camp/common/camper/Camper.java,clean,java,IssueFalse,14882,123,1523,2,10,7,10,10,3,9,10,10,10,9,9,8,10,10,10,9,9,9,10,9,8,9,9,8,10,10,10,10,10,10,10,10,10,10,10,10,9,10,10,8,9,8,4,7,10,3,9,9,2,7,9,9,10,10,10,10,8,9,9,5,7,9
sf,cvs,campsoft,campsoft/main/WEB-INF/classes/com/camp/common/config/global/GlobalSettings.java,clean,java,IssueFalse,14882,123,1523,2,8,5,9,7,4,9,9,8,8,5,5,5,7,6,6,9,9,9,9,8,8,5,5,5,6,6,6,8,7,7,7,7,6,7,8,7,9,10,10,10,10,9,8,9,9,9,9,8,5,8,6,9,5,9,8,9,5,6,6,2,5,7
sf,cvs,campsoft,campsoft/main/WEB-INF/classes/com/camp/common/config/user/Principal.java,clean,java,IssueFalse,14882,123,1523,2,9,7,10,10,3,7,10,10,9,5,5,5,10,9,9,9,9,9,9,8,8,5,5,5,10,10,9,10,10,10,10,10,10,10,10,10,9,10,10,10,10,9,4,6,10,5,10,9,2,7,8,3,8,7,5,5,9,7,7,10,9,9
sf,cvs,campsoft,campsoft/main/WEB-INF/classes/com/camp/common/config/user/UserConfigSetting.java,clean,java,IssueFalse,14882,123,1523,2,3,1,4,7,4,5,6,5,5,9,9,8,8,6,7,9,9,9,3,3,3,9,9,8,8,8,7,9,8,8,7,7,7,8,8,8,9,10,10,8,9,8,4,5,6,3,5,5,2,4,4,6,9,9,7,8,5,5,5,2,3,5
sf,cvs,campsoft,campsoft/main/WEB-INF/classes/com/camp/common/family/Family.java,clean,java,IssueFalse,14882,123,1523,2,10,5,10,10,1,10,10,10,10,9,9,8,10,10,10,9,9,9,9,8,7,9,9,8,10,10,10,10,10,10,10,10,10,10,10,10,9,10,10,8,9,8,3,7,10,4,10,10,2,10,10,9,9,9,8,9,9,8,9,4,6,7
sf,cvs,campsoft,campsoft/main/WEB-INF/classes/com/camp/common/inquiry/Inquiry.java,clean,java,IssueFalse,14882,123,1523,2,10,5,10,10,2,5,10,10,10,9,9,8,10,10,10,9,9,9,8,7,7,9,9,8,10,10,10,10,10,10,10,10,10,10,10,10,9,10,10,8,9,8,3,6,10,4,10,10,2,4,9,6,5,5,5,5,9,8,9,5,6,7
sf,cvs,campsoft,campsoft/main/WEB-INF/classes/com/camp/common/medical/StaffMedicalIncident.java,clean,java,IssueFalse,14882,123,1523,2,3,1,4,6,4,5,5,5,4,9,9,8,7,5,6,9,9,9,3,3,3,9,9,8,7,7,7,8,7,7,6,6,6,7,8,7,9,10,10,8,9,8,4,5,6,2,3,3,3,6,4,3,8,4,4,4,5,5,5,4,3,4
sf,cvs,campsoft,campsoft/main/WEB-INF/classes/com/camp/common/registration/Registration.java,clean,java,IssueFalse,14882,123,1523,2,10,8,10,10,2,9,10,10,10,9,9,8,10,10,10,9,9,9,9,9,8,9,9,8,10,10,10,10,10,10,10,10,10,10,10,10,9,10,10,8,9,8,5,8,10,4,10,10,3,7,10,10,10,10,10,10,10,10,10,8,9,10
sf,cvs,campsoft,campsoft/main/WEB-INF/classes/com/camp/common/registration/RegistrationSession.java,clean,java,IssueFalse,14882,123,1523,2,8,4,9,9,3,10,10,9,9,9,9,8,9,9,9,9,9,9,9,8,8,9,9,8,10,9,9,10,10,10,10,10,10,10,10,10,9,10,10,8,9,8,5,6,9,3,7,8,2,8,7,10,9,10,10,10,9,9,10,8,8,10
sf,cvs,campsoft,campsoft/main/WEB-INF/classes/com/camp/common/session/Session.java,clean,java,IssueFalse,14882,123,1523,2,8,6,9,10,4,5,10,9,9,9,9,8,10,9,9,9,9,9,9,8,7,9,9,8,10,10,10,10,10,10,10,10,10,10,10,10,9,10,10,8,9,8,3,5,9,3,8,9,2,5,7,9,9,8,9,9,8,8,9,5,6,8
sf,cvs,campsoft,campsoft/main/WEB-INF/classes/com/camp/common/staff/Staff.java,clean,java,IssueFalse,14882,123,1523,2,10,7,10,10,3,7,10,10,10,9,9,8,10,10,10,9,9,9,9,8,8,9,9,8,10,10,10,10,10,10,10,10,10,10,10,10,9,10,10,8,9,8,3,7,10,3,10,9,2,5,9,9,10,7,8,9,9,8,10,2,6,7
sf,cvs,campsoft,campsoft/main/WEB-INF/classes/com/camp/common/staff/StaffAdvance.java,clean,java,IssueFalse,14882,123,1523,2,8,4,8,10,3,5,9,9,8,9,9,8,9,9,9,9,9,9,8,7,7,9,9,8,10,10,10,10,10,10,10,10,10,10,10,10,9,10,10,8,9,8,3,6,9,3,7,8,2,3,6,9,10,7,8,8,8,9,9,4,6,7
sf,cvs,campsoft,campsoft/main/WEB-INF/classes/com/camp/common/staff/StaffYearly.java,clean,java,IssueFalse,14882,123,1523,2,10,5,10,10,2,9,10,10,10,9,9,8,10,10,10,9,9,9,10,10,9,9,9,8,10,10,10,10,10,10,10,10,10,10,10,10,9,10,10,8,9,8,4,6,10,3,9,10,2,8,10,10,10,10,10,10,7,8,9,8,9,10
sf,cvs,campsoft,campsoft/main/WEB-INF/classes/com/camp/common/utilities/Globals.java,clean,java,IssueFalse,14882,123,1523,2,10,5,10,2,2,3,1,1,1,5,5,5,6,3,5,9,9,9,3,3,3,5,5,5,6,6,6,2,2,2,1,1,1,1,2,1,9,10,10,8,9,8,2,1,2,2,2,2,1,2,2,10,10,7,8,9,5,6,6,5,6,10
sf,cvs,campsoft,campsoft/main/WEB-INF/classes/com/camp/common/utilities/Utilities.java,clean,java,IssueFalse,14882,123,1523,2,9,9,10,9,6,10,10,10,10,5,5,5,8,7,7,9,9,9,10,10,9,5,5,5,6,6,6,2,2,2,9,9,9,9,10,9,9,10,10,8,9,8,9,9,10,7,9,9,7,9,9,9,8,10,9,10,9,9,9,8,8,9
sf,cvs,campsoft,campsoft/main/WEB-INF/classes/com/camp/forms/activity/ActivityTimeForm.java,clean,java,IssueFalse,14882,123,1523,2,4,2,5,5,5,9,5,5,4,9,9,8,7,5,6,9,9,9,8,7,6,9,9,8,8,8,7,7,6,6,5,6,5,7,7,7,9,10,10,8,9,8,5,6,6,3,4,4,3,7,4,3,5,7,5,5,5,5,5,6,5,5
sf,cvs,campsoft,campsoft/main/WEB-INF/classes/com/camp/forms/activity/StaffActivityAssignmentForm.java,clean,java,IssueFalse,14882,123,1523,2,2,2,3,5,7,3,4,3,3,9,9,8,7,5,6,9,9,9,3,3,3,9,9,8,8,8,7,7,6,6,5,6,5,7,7,7,9,10,10,8,9,8,3,3,4,2,2,3,2,2,2,5,5,9,8,8,10,10,10,10,9,9
sf,cvs,campsoft,campsoft/main/WEB-INF/classes/com/camp/forms/canteen/SessionCanteenChargeForm.java,clean,java,IssueFalse,14882,123,1523,2,5,2,6,8,4,5,8,7,6,9,9,8,8,6,7,9,9,9,8,7,7,9,9,8,10,9,9,9,9,8,8,8,8,9,9,9,9,10,10,8,9,8,4,5,7,2,4,5,2,4,5,6,9,6,6,6,10,10,10,8,7,8
sf,cvs,campsoft,campsoft/main/WEB-INF/classes/com/camp/forms/config/admin/GlobalConfigForm.java,clean,java,IssueFalse,14882,123,1523,2,8,5,9,10,4,10,10,9,9,9,9,8,9,9,9,9,9,9,8,7,6,9,9,8,10,10,9,10,10,10,10,10,10,10,10,10,9,10,10,10,10,9,4,8,9,3,7,8,2,9,8,5,5,10,9,9,5,5,5,4,5,5
sf,cvs,campsoft,campsoft/main/WEB-INF/classes/com/camp/forms/config/admin/InitialConfigForm.java,clean,java,IssueFalse,14882,123,1523,2,9,7,10,10,4,10,10,10,10,9,9,8,10,9,9,9,9,9,9,8,8,9,9,8,10,10,10,10,10,10,10,10,10,10,10,10,9,10,10,8,9,8,4,9,10,3,8,9,2,9,9,3,5,4,4,4,5,5,5,10,8,8
sf,cvs,campsoft,campsoft/main/WEB-INF/classes/com/camp/forms/config/admin/TransportConfigForm.java,clean,java,IssueFalse,14882,123,1523,2,8,3,9,10,3,7,10,9,8,9,9,8,9,9,8,9,9,9,5,5,4,9,9,8,10,9,9,10,10,10,10,10,10,10,10,10,9,10,10,10,10,9,4,5,9,3,6,8,2,6,8,6,5,8,8,8,10,10,10,10,10,10
sf,cvs,campsoft,campsoft/main/WEB-INF/classes/com/camp/forms/config/admin/user/UserForm.java,clean,java,IssueFalse,14882,123,1523,2,8,5,9,10,4,10,10,9,9,9,9,8,9,9,8,9,9,9,8,7,6,9,9,8,10,9,9,10,10,10,10,10,10,10,10,10,9,10,10,8,9,8,4,8,9,3,7,8,2,7,8,3,5,4,4,4,5,5,5,9,8,7
sf,cvs,campsoft,campsoft/main/WEB-INF/classes/com/camp/forms/family/FamilyForm.java,clean,java,IssueFalse,14882,123,1523,2,10,4,10,10,1,7,10,10,10,9,9,8,10,10,10,9,9,9,8,7,7,9,9,8,10,9,9,10,10,10,10,10,10,10,10,10,9,10,10,10,10,10,3,5,10,3,5,10,2,4,10,8,8,5,5,6,10,10,10,7,6,8
sf,cvs,campsoft,campsoft/main/WEB-INF/classes/com/camp/forms/inquiry/InquiryForm.java,clean,java,IssueFalse,14882,123,1523,2,10,4,10,10,2,7,10,10,10,9,9,8,10,10,10,9,9,9,7,6,6,9,9,8,10,9,9,10,10,10,10,10,10,10,10,10,9,10,10,10,10,10,3,5,10,3,5,9,2,6,10,9,8,6,7,6,10,10,10,7,8,9
sf,cvs,campsoft,campsoft/main/WEB-INF/classes/com/camp/forms/registration/RegistrationForm.java,clean,java,IssueFalse,14882,123,1523,2,8,2,9,10,2,7,10,9,9,9,9,8,10,9,9,9,9,9,9,8,8,9,9,8,9,8,8,10,10,10,10,10,10,10,10,10,9,10,10,10,10,9,3,5,10,2,5,8,2,4,8,9,10,9,10,10,10,10,10,7,8,9
sf,cvs,campsoft,campsoft/main/WEB-INF/classes/com/camp/forms/registration/UpdateRegistrationGeneralForm.java,clean,java,IssueFalse,14882,123,1523,2,7,2,8,10,3,7,10,9,9,9,9,8,10,9,9,9,9,9,7,6,5,9,9,8,8,8,7,10,10,10,10,10,10,10,10,10,9,10,10,10,10,9,3,5,9,2,5,7,2,4,8,9,9,10,10,9,10,10,10,5,6,7
sf,cvs,campsoft,campsoft/main/WEB-INF/classes/com/camp/forms/registration/UpdateRegistrationTransportForm.java,clean,java,IssueFalse,14882,123,1523,2,10,6,10,10,2,9,10,10,10,9,9,8,10,9,10,9,9,9,9,8,8,9,9,8,10,9,9,10,10,10,10,10,10,10,10,10,9,10,10,10,10,9,5,9,10,4,9,10,4,7,10,5,8,10,10,9,10,10,10,2,2,2
sf,cvs,campsoft,campsoft/main/WEB-INF/classes/com/camp/forms/session/SessionForm.java,clean,java,IssueFalse,14882,123,1523,2,7,2,7,9,4,5,9,8,8,9,9,8,9,8,8,9,9,9,7,6,5,9,9,8,9,8,8,10,10,10,10,10,10,10,10,10,9,10,10,8,9,8,3,4,8,2,4,6,2,4,6,8,8,9,9,9,10,10,10,7,7,8
sf,cvs,campsoft,campsoft/main/WEB-INF/classes/com/camp/forms/staff/StaffAdvanceForm.java,clean,java,IssueFalse,14882,123,1523,2,6,2,7,9,3,5,9,8,8,9,9,8,9,8,8,9,9,9,7,6,5,9,9,8,8,8,7,10,10,10,10,10,10,10,10,10,9,10,10,8,9,8,3,5,9,2,3,6,2,3,7,8,10,9,9,9,10,10,10,8,7,9
sf,cvs,campsoft,campsoft/main/WEB-INF/classes/com/camp/forms/staff/StaffCabinAssignmentForm.java,clean,java,IssueFalse,14882,123,1523,2,6,3,7,9,4,9,9,8,7,9,9,8,9,8,8,9,9,9,6,5,5,9,9,8,10,9,9,10,10,9,9,9,9,10,10,10,9,10,10,8,9,8,4,6,8,2,3,6,2,6,6,3,5,4,4,4,5,5,5,6,5,5
sf,cvs,campsoft,campsoft/main/WEB-INF/classes/com/camp/forms/staff/StaffYearlyForm.java,clean,java,IssueFalse,14882,123,1523,2,9,3,9,10,2,7,10,10,9,9,9,8,10,9,9,9,9,9,9,8,7,9,9,8,9,8,8,10,10,10,10,10,10,10,10,10,9,10,10,10,10,9,3,5,10,2,5,8,2,4,9,9,10,7,7,8,10,10,10,7,8,9
sf,cvs,campsoft,campsoft/main/WEB-INF/classes/com/camp/helpers/activity/ActivityDayHelper.java,clean,java,IssueFalse,14882,123,1523,2,5,5,7,4,7,9,8,7,7,5,5,5,6,4,5,9,9,9,8,7,6,5,5,5,6,6,6,2,2,2,3,4,3,3,4,4,9,10,10,10,10,9,10,8,8,8,7,5,9,9,5,5,5,8,7,7,8,7,7,2,3,4
sf,cvs,campsoft,campsoft/main/WEB-INF/classes/com/camp/helpers/activity/ActivityGroupHelper.java,clean,java,IssueFalse,14882,123,1523,2,7,7,8,6,7,9,9,8,7,5,5,5,7,5,6,9,9,9,9,8,8,5,5,5,6,6,6,2,2,2,6,6,6,7,7,7,9,10,10,10,10,9,9,8,8,7,7,7,6,8,6,8,5,9,8,9,7,7,8,5,6,8
sf,cvs,campsoft,campsoft/main/WEB-INF/classes/com/camp/helpers/activity/ActivityHelper.java,clean,java,IssueFalse,14882,123,1523,2,7,7,8,7,7,9,9,8,7,5,5,5,7,6,6,9,9,9,9,8,8,5,5,5,6,6,6,2,2,2,7,7,6,7,8,7,9,10,10,10,10,9,8,8,8,6,7,7,6,8,7,9,5,9,9,9,7,7,8,4,6,7
sf,cvs,campsoft,campsoft/main/WEB-INF/classes/com/camp/helpers/activity/ActivityInstanceHelper.java,clean,java,IssueFalse,14882,123,1523,2,9,9,10,8,7,10,10,10,9,5,5,5,8,7,7,9,9,9,10,10,9,5,5,5,6,6,6,2,2,2,8,9,8,9,9,9,9,10,10,10,10,9,9,8,10,8,8,9,8,8,9,9,8,10,10,10,9,9,9,9,9,10
sf,cvs,campsoft,campsoft/main/WEB-INF/classes/com/camp/helpers/activity/ActivityTimeHelper.java,clean,java,IssueFalse,14882,123,1523,2,7,7,8,5,6,9,9,8,7,5,5,5,7,5,6,9,9,9,9,9,8,5,5,5,6,6,6,2,2,2,5,6,5,6,6,6,9,10,10,10,10,9,9,8,8,8,7,6,8,8,6,6,5,9,9,9,8,7,8,4,5,5
sf,cvs,campsoft,campsoft/main/WEB-INF/classes/com/camp/helpers/activity/ActivityTimeSlotHelper.java,clean,java,IssueFalse,14882,123,1523,2,7,7,8,5,6,9,9,8,7,5,5,5,7,4,6,9,9,9,9,8,8,5,5,5,6,6,6,2,2,2,4,5,4,4,5,5,9,10,10,10,10,9,10,8,8,8,7,6,9,8,6,8,5,10,10,9,8,8,8,8,9,9
sf,cvs,campsoft,campsoft/main/WEB-INF/classes/com/camp/helpers/activity/CamperActivityAssignmentHelper.java,clean,java,IssueFalse,14882,123,1523,2,4,5,5,4,8,7,5,4,4,5,5,5,6,4,5,9,9,9,8,7,7,5,5,5,6,6,6,2,2,2,3,4,3,4,5,5,9,10,10,8,9,8,7,5,5,7,6,4,6,5,4,5,8,10,9,8,5,5,5,8,8,7
sf,cvs,campsoft,campsoft/main/WEB-INF/classes/com/camp/helpers/activity/StaffActivityAssignmentHelper.java,clean,java,IssueFalse,14882,123,1523,2,4,5,5,4,8,7,5,4,4,5,5,5,6,4,5,9,9,9,9,8,7,5,5,5,6,6,6,2,2,2,3,4,3,4,5,5,9,10,10,8,9,8,7,5,5,6,6,4,6,5,4,5,8,10,9,9,5,5,5,2,3,4
sf,cvs,campsoft,campsoft/main/WEB-INF/classes/com/camp/helpers/cabin/CabinAssignmentHelper.java,clean,java,IssueFalse,14882,123,1523,2,8,7,9,6,6,9,9,8,7,5,5,5,7,5,6,9,9,9,10,9,8,5,5,5,6,6,6,2,2,2,6,6,6,7,7,7,9,10,10,10,10,9,9,8,8,8,8,7,8,8,7,8,5,10,10,10,10,10,10,4,6,7
sf,cvs,campsoft,campsoft/main/WEB-INF/classes/com/camp/helpers/cabin/CabinHelper.java,clean,java,IssueFalse,14882,123,1523,2,8,7,9,6,6,10,9,8,8,5,5,5,7,5,6,9,9,9,10,9,8,5,5,5,6,6,6,2,2,2,6,6,6,7,7,7,9,10,10,10,10,9,9,9,9,6,7,6,8,9,8,9,10,10,9,10,9,10,10,9,9,10
sf,cvs,campsoft,campsoft/main/WEB-INF/classes/com/camp/helpers/cabin/CabinizerHelper.java,clean,java,IssueFalse,14882,123,1523,2,9,9,10,7,8,10,9,8,8,5,5,5,8,6,7,9,9,9,10,9,9,5,5,5,6,6,6,2,2,2,7,7,7,3,4,4,9,10,10,10,10,10,8,7,9,7,7,7,9,9,9,9,10,10,10,10,10,10,10,10,10,10
sf,cvs,campsoft,campsoft/main/WEB-INF/classes/com/camp/helpers/camper/CamperHelper.java,clean,java,IssueFalse,14882,123,1523,2,9,7,9,8,5,9,9,9,8,5,5,5,8,6,7,9,9,9,10,9,9,5,5,5,6,6,6,2,2,2,8,8,8,8,9,8,9,10,10,10,10,9,8,8,9,8,7,8,8,8,9,9,9,10,10,10,5,5,5,8,8,9
sf,cvs,campsoft,campsoft/main/WEB-INF/classes/com/camp/helpers/canteen/CanteenHelper.java,clean,java,IssueFalse,14882,123,1523,2,4,4,6,3,7,9,4,3,3,5,5,5,6,3,5,9,9,9,7,6,6,5,5,5,6,6,6,2,2,2,2,2,2,3,4,4,9,10,10,8,9,8,8,6,4,6,5,3,10,9,5,5,8,5,5,5,9,9,9,9,8,8
sf,cvs,campsoft,campsoft/main/WEB-INF/classes/com/camp/helpers/charge/ChargeHelper.java,clean,java,IssueFalse,14882,123,1523,2,6,4,8,5,5,9,9,8,7,5,5,5,7,4,6,9,9,9,7,6,6,5,5,5,6,6,6,2,2,2,4,5,4,4,5,5,9,10,10,10,10,9,10,8,8,7,7,5,9,8,7,3,8,10,10,10,5,5,5,10,9,9
sf,cvs,campsoft,campsoft/main/WEB-INF/classes/com/camp/helpers/config/admin/AdminConfigHelper.java,clean,java,IssueFalse,14882,123,1523,2,8,2,9,8,2,7,9,8,8,5,5,5,8,6,7,9,9,9,9,9,8,5,5,5,6,6,6,2,2,2,8,8,8,8,8,8,9,10,10,10,10,10,7,6,9,8,8,8,6,7,8,3,8,10,9,8,5,5,5,6,5,5
sf,cvs,campsoft,campsoft/main/WEB-INF/classes/com/camp/helpers/config/transport/TransportConfigHelper.java,clean,java,IssueFalse,14882,123,1523,2,7,7,8,6,7,10,8,7,7,5,5,5,7,5,6,9,9,9,8,7,7,5,5,5,6,6,6,2,2,2,6,6,6,7,8,7,9,10,10,8,9,8,8,7,8,5,6,6,6,7,6,5,5,10,10,10,5,5,5,2,3,4
sf,cvs,campsoft,campsoft/main/WEB-INF/classes/com/camp/helpers/entity/EntityHelper.java,clean,java,IssueFalse,14882,123,1523,2,2,2,3,5,7,3,4,3,3,5,5,5,7,5,6,9,9,9,5,4,4,5,5,5,6,6,6,2,2,2,5,6,5,7,7,7,9,10,10,8,9,8,3,3,4,10,10,9,2,2,3,3,5,4,4,4,5,5,5,4,3,4
sf,cvs,campsoft,campsoft/main/WEB-INF/classes/com/camp/helpers/family/FamilyHelper.java,clean,java,IssueFalse,14882,123,1523,2,6,3,7,5,5,9,7,6,6,5,5,5,7,4,6,9,9,9,9,8,8,5,5,5,6,6,6,2,2,2,4,5,4,4,5,5,9,10,10,10,10,9,9,8,7,7,7,5,7,8,5,3,8,10,9,9,5,5,5,9,7,7
sf,cvs,campsoft,campsoft/main/WEB-INF/classes/com/camp/helpers/inquiry/InquiryHelper.java,clean,java,IssueFalse,14882,123,1523,2,8,6,9,6,4,9,9,8,7,5,5,5,7,5,6,9,9,9,10,9,8,5,5,5,6,6,6,2,2,2,6,6,6,6,6,6,9,10,10,10,10,10,9,8,8,7,7,7,10,10,9,6,8,10,9,9,5,5,5,7,7,8
sf,cvs,campsoft,campsoft/main/WEB-INF/classes/com/camp/helpers/menu/MenuHelper.java,clean,java,IssueFalse,14882,123,1523,2,5,6,6,4,7,10,5,5,4,5,5,5,6,4,5,9,9,9,9,8,8,5,5,5,6,6,6,2,2,2,3,4,3,4,5,5,9,10,10,8,9,8,8,6,6,9,7,5,10,9,6,5,5,5,5,5,8,7,7,4,5,5
sf,cvs,campsoft,campsoft/main/WEB-INF/classes/com/camp/helpers/registration/RegSessionHelper.java,clean,java,IssueFalse,14882,123,1523,2,8,8,9,7,7,9,9,8,7,5,5,5,7,6,6,9,9,9,9,9,8,5,5,5,6,6,6,2,2,2,7,7,6,7,8,7,9,10,10,10,10,9,8,8,8,7,7,7,6,8,7,5,8,10,10,10,9,8,8,7,7,7
sf,cvs,campsoft,campsoft/main/WEB-INF/classes/com/camp/helpers/registration/RegistrationHelper.java,clean,java,IssueFalse,14882,123,1523,2,8,5,9,7,4,9,9,9,8,5,5,5,8,6,7,9,9,9,10,10,9,5,5,5,6,6,6,2,2,2,7,7,7,7,8,7,9,10,10,10,10,10,9,8,9,7,7,7,9,9,9,10,8,10,10,10,9,9,10,9,10,10
sf,cvs,campsoft,campsoft/main/WEB-INF/classes/com/camp/helpers/report/ReportHelper.java,clean,java,IssueFalse,14882,123,1523,2,9,8,10,9,5,10,10,9,9,5,5,5,9,8,8,9,9,9,10,10,10,5,5,5,6,6,6,2,2,2,9,9,9,8,9,8,9,10,10,10,10,10,7,8,10,7,8,9,6,8,9,10,8,10,10,10,9,10,10,8,9,10
sf,cvs,campsoft,campsoft/main/WEB-INF/classes/com/camp/helpers/search/SearchHelper.java,clean,java,IssueFalse,14882,123,1523,2,7,8,8,5,7,5,5,5,4,5,5,5,7,5,6,9,9,9,8,7,7,5,5,5,6,6,6,2,2,2,5,6,5,6,6,6,9,10,10,10,10,9,5,5,6,10,10,8,9,9,7,6,5,4,4,4,5,5,5,10,9,9
sf,cvs,campsoft,campsoft/main/WEB-INF/classes/com/camp/helpers/session/SessionHelper.java,clean,java,IssueFalse,14882,123,1523,2,9,9,10,8,6,10,10,10,9,5,5,5,8,7,7,9,9,9,10,10,10,5,5,5,6,6,6,2,2,2,8,9,8,9,9,9,9,10,10,10,10,9,9,9,10,8,9,9,10,10,10,10,10,10,10,10,8,8,9,6,8,10
sf,cvs,campsoft,campsoft/main/WEB-INF/classes/com/camp/helpers/staff/StaffAdvanceHelper.java,clean,java,IssueFalse,14882,123,1523,2,5,3,7,5,5,9,7,6,6,5,5,5,7,4,6,9,9,9,9,9,8,5,5,5,6,6,6,2,2,2,4,5,4,4,5,5,9,10,10,10,10,9,8,8,7,7,7,5,7,8,6,5,10,10,9,9,5,5,5,9,8,8
sf,cvs,campsoft,campsoft/main/WEB-INF/classes/com/camp/helpers/staff/StaffHelper.java,clean,java,IssueFalse,14882,123,1523,2,8,6,9,7,4,9,9,8,8,5,5,5,7,6,6,9,9,9,10,9,9,5,5,5,6,6,6,2,2,2,7,7,6,7,8,7,9,10,10,10,10,9,8,8,8,8,7,7,7,8,7,9,10,10,9,10,10,10,10,8,8,9
sf,cvs,campsoft,campsoft/main/WEB-INF/classes/com/camp/helpers/staff/StaffYearlyHelper.java,clean,java,IssueFalse,14882,123,1523,2,8,8,9,7,7,9,9,8,8,5,5,5,7,6,6,9,9,9,10,10,9,5,5,5,6,6,6,2,2,2,7,7,6,7,8,7,9,10,10,10,10,9,9,8,9,7,7,7,8,8,8,7,9,10,10,10,6,7,7,7,8,8
sf,cvs,campsoft,campsoft/main/WEB-INF/classes/com/camp/helpers/transport/TransportHelper.java,clean,java,IssueFalse,14882,123,1523,2,5,6,7,4,7,9,7,6,6,5,5,5,6,4,5,9,9,9,7,6,6,5,5,5,6,6,6,2,2,2,3,4,3,4,5,5,9,10,10,8,9,8,9,8,7,5,5,4,10,9,6,3,8,10,9,8,8,7,7,9,8,7
sf,cvs,campsoft,campsoft/main/WEB-INF/classes/com/camp/report/report_worker/AbstractReportWorker.java,clean,java,IssueFalse,14882,123,1523,2,4,8,4,7,10,5,6,5,5,5,5,5,8,6,7,10,10,10,2,2,2,5,5,5,7,7,7,9,8,8,7,7,7,8,8,8,10,10,10,8,9,8,4,4,6,2,4,4,2,2,3,5,5,6,5,5,10,9,9,7,6,7
sf,cvs,campsoft,campsoft/main/WEB-INF/classes/com/camp/report/report_worker/AbstractTableReportWorker.java,clean,java,IssueFalse,14882,123,1523,2,2,7,2,5,10,3,4,3,3,9,9,8,8,7,7,10,10,10,1,1,1,9,9,8,7,7,7,7,6,6,5,6,5,7,7,7,9,10,10,8,9,8,3,3,4,3,5,4,2,2,2,3,5,8,6,6,5,5,5,9,8,7
sf,cvs,campsoft,campsoft/main/WEB-INF/classes/com/camp/report/report_worker/DefaultTableReportWorker.java,clean,java,IssueFalse,14882,123,1523,2,5,8,5,5,9,5,5,5,4,10,10,9,9,7,7,9,9,9,5,4,4,10,10,9,8,8,7,6,5,5,4,5,4,4,5,5,9,10,10,10,10,9,6,5,6,4,5,4,4,4,4,3,5,10,9,9,10,8,8,10,10,9
sf,cvs,campsoft,campsoft/main/WEB-INF/classes/com/camp/report/table_model/ReportTableModel.java,clean,java,IssueFalse,14882,123,1523,2,6,6,7,7,6,9,9,8,8,9,9,8,9,8,8,9,9,9,7,6,5,9,9,8,7,7,7,9,8,8,7,7,7,8,8,8,9,10,10,8,9,8,8,8,8,3,5,5,3,4,6,5,5,5,5,5,7,6,7,2,3,4
sf,cvs,campsoft,campsoft/main/WEB-INF/classes/com/camp/security/JNDISecurityRealm.java,clean,java,IssueFalse,14882,123,1523,2,6,9,7,5,9,10,8,7,6,9,9,8,7,5,6,9,9,9,9,8,8,9,9,8,7,7,7,7,6,6,5,6,5,7,7,7,9,10,10,8,9,8,8,7,7,3,4,4,8,8,6,3,9,10,8,8,10,8,8,10,9,9
sf,cvs,campsoft,campsoft/main/WEB-INF/classes/com/camp/server/accounting/AccountingBackEnd.java,clean,java,IssueFalse,14882,123,1523,2,3,5,4,3,8,5,4,4,3,5,5,5,6,3,5,9,9,9,6,5,5,5,5,5,6,6,6,2,2,2,2,2,2,3,4,4,9,10,10,8,9,8,9,6,5,10,10,7,9,7,4,5,8,7,6,6,8,7,8,2,2,2
sf,cvs,campsoft,campsoft/main/WEB-INF/classes/com/camp/server/common/QueryClass.java,clean,java,IssueFalse,14882,123,1523,2,5,2,9,3,4,5,10,9,9,5,5,5,6,3,5,9,9,9,2,2,2,5,5,5,6,6,6,2,2,2,2,2,2,3,4,4,9,10,10,8,9,8,10,10,10,4,4,3,2,2,2,6,5,7,6,7,5,5,5,2,5,5
sf,cvs,campsoft,campsoft/main/WEB-INF/classes/com/camp/server/entity/EntityBackEnd.java,clean,java,IssueFalse,14882,123,1523,2,8,8,9,6,7,9,9,9,8,5,5,5,7,5,6,9,9,9,8,7,6,5,5,5,6,6,6,2,2,2,6,6,6,7,8,7,9,10,10,8,9,8,9,8,9,10,10,9,8,8,7,9,8,7,8,9,9,9,10,9,10,10
sf,cvs,campsoft,campsoft/main/WEB-INF/classes/com/camp/server/report/ReportBackEnd.java,clean,java,IssueFalse,14882,123,1523,2,2,4,3,3,9,3,2,1,1,5,5,5,6,3,5,9,9,9,7,6,5,5,5,5,6,6,6,2,2,2,2,2,2,3,4,4,9,10,10,8,9,8,3,3,3,4,4,3,4,4,3,3,5,4,4,4,10,10,10,7,6,5
