Host,Vcs,Project,File,Buggy,PL,IssueTracking,TLOC,TNF,TNC,TND,LOC,CL,NStmt,NFunc,RCC,MNL,avg_WMC,max_WMC,total_WMC,avg_DIT,max_DIT,total_DIT,avg_RFC,max_RFC,total_RFC,avg_NOC,max_NOC,total_NOC,avg_CBO,max_CBO,total_CBO,avg_DIT.1,max_DIT.1,total_DIT.1,avg_NIV,max_NIV,total_NIV,avg_NIM,max_NIM,total_NIM,avg_NOM,max_NOM,total_NOM,avg_NPBM,max_NPBM,total_NPBM,avg_NPM,max_NPM,total_NPM,avg_NPRM,max_NPRM,total_NPRM,avg_CC,max_CC,total_CC,avg_FANIN,max_FANIN,total_FANIN,avg_FANOUT,max_FANOUT,total_FANOUT,NRev,NFix,avg_AddedLOC,max_AddedLOC,total_AddedLOC,avg_DeletedLOC,max_DeletedLOC,total_DeletedLOC,avg_ModifiedLOC,max_ModifiedLOC,total_ModifiedLOC
sf,cvs,capcode,capcode/capcode.GPSInformation/src/capcode/GPSDisplay/GPSInfoFrame.java,clean,java,IssueTrue,20915,134,1871,4,9,9,9,8,5,10,10,9,9,10,10,9,10,10,10,9,9,9,10,10,9,10,10,9,10,10,10,10,9,9,10,9,9,6,6,5,9,10,10,10,10,10,7,10,8,9,10,9,9,10,10,3,7,9,6,5,4,5,5,6,6,4
sf,cvs,capcode,capcode/capcode.GPSUncertainty/src/capcode/GPSDisplay/GpsUncertaintyDisplay.java,clean,java,IssueTrue,20915,134,1871,4,4,2,4,4,4,7,6,4,5,9,9,7,6,6,5,9,9,9,9,9,8,9,9,7,7,6,7,5,5,4,5,4,4,6,5,5,9,10,10,7,7,7,7,7,4,6,5,4,6,6,5,3,7,3,3,2,4,5,5,5,5,4
sf,cvs,capcode,capcode/capcode.acquire/src/capcode/acquire/Acquire.java,buggy,java,IssueTrue,20915,134,1871,4,7,10,7,7,9,9,8,7,8,6,5,7,5,6,7,9,9,9,8,9,9,6,5,7,8,9,9,7,8,8,7,8,8,7,8,8,9,10,10,9,9,9,7,9,7,7,6,7,5,8,8,8,7,7,6,7,8,8,9,7,8,9
sf,cvs,capcode,capcode/capcode.acquire/src/capcode/acquire/AcquireWindow.java,buggy,java,IssueTrue,20915,134,1871,4,7,7,7,5,5,7,9,7,8,10,10,9,10,10,10,9,9,9,9,8,8,10,10,9,9,9,9,7,7,6,7,6,6,4,3,3,9,10,10,10,10,10,8,9,6,6,6,6,9,8,8,7,9,10,9,9,6,6,7,8,9,9
sf,cvs,capcode,capcode/capcode.acquire/src/capcode/acquire/NmeaMessageTalker.java,buggy,java,IssueTrue,20915,134,1871,4,1,3,1,3,9,5,3,2,2,6,5,4,2,2,2,9,9,9,3,3,3,6,5,4,6,4,6,2,2,2,3,2,2,2,2,2,9,10,10,9,8,8,5,6,3,4,4,3,3,2,2,5,7,8,7,6,4,5,5,3,5,4
sf,cvs,capcode,capcode/capcode.basics/src/capcode/comm/SerialIOStream.java,buggy,java,IssueTrue,20915,134,1871,4,6,9,6,7,9,5,8,6,7,6,5,4,6,6,5,9,9,9,7,6,5,6,5,4,8,7,8,9,8,8,9,8,8,9,9,8,9,10,10,9,8,8,4,6,5,8,8,8,5,7,8,6,7,10,9,9,9,9,9,7,8,8
sf,cvs,capcode,capcode/capcode.basics/src/capcode/comm/SerialScanner.java,clean,java,IssueTrue,20915,134,1871,4,3,6,3,2,9,10,5,3,4,6,5,4,2,1,2,9,9,9,5,4,4,6,5,4,6,4,6,1,1,1,2,1,1,2,2,2,9,10,10,7,7,7,10,8,3,10,7,3,10,7,4,3,7,8,6,5,4,5,5,7,7,5
sf,cvs,capcode,capcode/capcode.basics/src/capcode/common/Debug.java,clean,java,IssueTrue,20915,134,1871,4,4,7,3,5,8,7,7,5,5,6,5,4,4,4,4,9,9,9,5,5,4,6,5,4,6,4,6,1,1,1,7,5,5,6,6,5,9,10,10,9,8,8,6,7,5,10,10,9,5,4,5,5,7,8,6,6,4,5,5,6,6,6
sf,cvs,capcode,capcode/capcode.basics/src/capcode/common/Prefs.java,clean,java,IssueTrue,20915,134,1871,4,10,10,10,9,7,10,10,10,10,7,10,9,7,7,9,9,9,9,9,10,10,7,10,9,7,7,8,2,3,4,8,10,9,8,10,9,9,10,10,9,9,9,10,10,10,10,10,10,9,9,10,10,10,10,10,10,10,10,10,10,10,10
sf,cvs,capcode,capcode/capcode.basics/src/capcode/data/Angle.java,clean,java,IssueTrue,20915,134,1871,4,6,9,6,8,9,9,9,7,8,10,10,8,9,8,8,9,9,9,5,4,4,10,10,8,7,6,7,9,9,8,9,9,8,10,9,9,9,10,10,7,7,7,4,7,7,10,10,9,3,3,7,7,7,10,9,9,5,6,6,7,8,8
sf,cvs,capcode,capcode/capcode.basics/src/capcode/data/Data.java,clean,java,IssueTrue,20915,134,1871,4,6,10,6,9,10,5,9,8,8,9,9,7,8,8,7,10,10,10,5,5,4,9,9,7,8,7,8,10,9,9,10,10,9,10,10,10,9,10,10,7,7,7,4,6,7,10,10,10,3,4,8,7,7,10,10,10,5,6,6,6,6,7
sf,cvs,capcode,capcode/capcode.basics/src/capcode/data/Speed.java,clean,java,IssueTrue,20915,134,1871,4,2,8,2,5,10,3,5,3,4,10,10,8,8,8,8,9,9,9,1,1,1,10,10,8,6,4,6,5,5,4,7,6,5,7,7,6,9,10,10,7,7,7,3,4,4,10,10,7,2,2,3,3,7,9,7,6,4,5,5,6,6,5
sf,cvs,capcode,capcode/capcode.basics/src/capcode/data/SpeedPolar.java,clean,java,IssueTrue,20915,134,1871,4,10,10,10,9,7,10,10,10,10,6,5,4,8,7,7,9,9,9,10,10,9,6,5,4,10,10,10,10,10,9,10,10,9,10,9,9,9,10,10,10,10,10,8,10,9,10,9,10,7,8,10,8,9,10,10,10,10,10,10,10,10,10
sf,cvs,capcode,capcode/capcode.basics/src/capcode/data/Vector.java,clean,java,IssueTrue,20915,134,1871,4,3,9,3,6,10,3,7,5,5,6,5,4,6,5,5,10,10,10,5,4,4,6,5,4,8,7,7,8,8,7,8,7,7,9,8,8,9,10,10,7,7,7,3,4,5,9,9,8,3,3,5,3,7,10,7,6,4,5,5,6,6,4
sf,cvs,capcode,capcode/capcode.basics/src/capcode/data/WindAndSpeedProcess.java,clean,java,IssueTrue,20915,134,1871,4,8,10,8,10,9,10,10,9,9,6,5,4,9,8,8,9,9,9,8,7,6,6,5,4,10,10,10,10,10,10,10,10,10,10,10,10,9,10,10,9,9,9,4,9,8,7,9,9,4,9,9,9,9,10,9,10,9,10,10,9,10,10
sf,cvs,capcode,capcode/capcode.basics/src/capcode/data/util/Fields.java,clean,java,IssueTrue,20915,134,1871,4,6,10,7,8,9,7,9,8,8,6,5,4,7,6,6,9,9,9,5,5,4,6,5,4,8,7,8,9,9,8,9,9,8,10,9,9,9,10,10,7,7,7,6,7,7,10,10,10,4,3,7,5,7,9,8,7,7,7,7,7,8,7
sf,cvs,capcode,capcode/capcode.basics/src/capcode/grib/GribParser.java,clean,java,IssueTrue,20915,134,1871,4,10,10,10,9,8,10,10,10,10,6,5,4,8,8,7,9,9,9,10,10,9,6,5,4,10,10,10,10,10,10,10,10,10,10,10,9,9,10,10,10,10,10,9,9,9,10,10,10,8,9,10,6,9,7,5,6,9,9,9,7,7,7
sf,cvs,capcode,capcode/capcode.basics/src/capcode/java2d/Java2DCompass.java,clean,java,IssueTrue,20915,134,1871,4,4,6,5,6,7,5,7,5,6,9,9,7,5,5,5,9,9,9,5,4,4,9,9,7,9,8,9,8,7,7,8,7,6,8,8,7,9,10,10,7,7,7,4,7,5,8,7,7,3,4,5,5,7,10,9,7,10,9,9,7,7,7
sf,cvs,capcode,capcode/capcode.basics/src/capcode/maps/files/BSBParser.java,clean,java,IssueTrue,20915,134,1871,4,6,9,7,6,9,10,9,7,8,6,5,4,6,5,5,9,9,9,8,7,7,6,5,4,10,9,9,8,7,7,8,7,6,9,8,7,9,10,10,7,7,7,8,10,7,5,7,6,6,9,7,5,7,8,6,6,4,5,5,9,10,9
sf,cvs,capcode,capcode/capcode.basics/src/capcode/maps/files/CcmapParser.java,buggy,java,IssueTrue,20915,134,1871,4,8,9,8,9,7,9,10,8,9,9,9,7,9,9,8,9,9,9,10,10,10,9,9,7,10,9,9,10,10,9,10,10,9,10,10,9,9,10,10,9,9,9,4,8,7,7,8,9,5,8,9,7,9,7,6,6,4,5,5,10,10,10
sf,cvs,capcode,capcode/capcode.basics/src/capcode/maps/files/I_MapParser.java,clean,java,IssueTrue,20915,134,1871,4,3,5,4,8,8,3,7,6,7,1,5,4,4,4,6,10,10,10,5,7,7,1,5,4,8,8,9,8,9,9,8,9,9,9,9,9,9,10,10,7,7,7,3,4,6,5,7,7,2,3,5,3,7,4,4,3,4,5,5,6,6,4
sf,cvs,capcode,capcode/capcode.basics/src/capcode/maps/files/KAPParser.java,buggy,java,IssueTrue,20915,134,1871,4,10,10,10,10,8,10,10,10,10,6,5,8,7,8,9,9,9,9,8,10,10,6,5,8,10,10,10,9,10,10,9,10,10,9,10,10,9,10,10,9,9,9,8,10,10,7,10,10,5,10,10,7,9,8,6,7,4,5,5,10,10,10
sf,cvs,capcode,capcode/capcode.basics/src/capcode/maps/files/MapDirectoryExplorer.java,clean,java,IssueTrue,20915,134,1871,4,8,10,9,7,8,10,7,9,9,6,5,9,3,4,8,9,9,9,8,10,10,6,5,9,6,4,6,2,5,6,4,6,8,5,7,8,9,10,10,7,7,7,9,9,8,8,8,8,8,10,9,8,9,8,7,8,4,5,5,10,10,10
sf,cvs,capcode,capcode/capcode.basics/src/capcode/maps/files/MapParserFactory.java,clean,java,IssueTrue,20915,134,1871,4,1,7,1,2,10,5,4,2,3,6,5,4,2,1,2,9,9,9,5,4,4,6,5,4,6,4,6,1,1,1,2,1,1,2,2,2,9,10,10,7,7,7,9,7,3,8,5,3,6,3,3,3,7,8,6,5,4,5,5,7,7,6
sf,cvs,capcode,capcode/capcode.basics/src/capcode/maps/java2d/MapElement2DArrow.java,clean,java,IssueTrue,20915,134,1871,4,5,9,6,6,9,7,8,5,6,9,9,7,9,9,8,9,9,9,7,6,5,9,9,7,9,8,9,8,8,7,8,7,7,9,8,8,9,10,10,7,7,7,4,7,6,8,9,7,4,5,7,5,7,10,9,8,7,7,7,9,9,8
sf,cvs,capcode,capcode/capcode.basics/src/capcode/maps/java2d/MapElement2DImage.java,clean,java,IssueTrue,20915,134,1871,4,4,8,4,5,9,7,7,5,6,9,9,7,9,8,8,9,9,9,8,7,7,9,9,7,8,7,7,7,7,6,7,6,6,7,7,6,9,10,10,9,8,8,5,7,5,8,5,7,6,6,6,6,7,8,7,7,4,5,5,7,8,8
sf,cvs,capcode,capcode/capcode.basics/src/capcode/maps/java2d/MapElementBuilder.java,clean,java,IssueTrue,20915,134,1871,4,7,10,7,3,8,9,9,7,8,6,5,4,2,2,2,9,9,9,10,9,9,6,5,4,6,4,6,1,1,1,3,2,2,4,3,3,9,10,10,7,7,7,10,10,7,10,8,6,10,9,8,5,7,7,6,5,7,7,7,10,10,9
sf,cvs,capcode,capcode/capcode.basics/src/capcode/maps/position/Coords.java,clean,java,IssueTrue,20915,134,1871,4,8,10,8,10,9,5,10,9,10,6,5,7,7,8,8,9,9,9,5,7,7,6,5,7,9,8,9,10,10,10,10,10,10,10,10,10,9,10,10,10,10,10,5,9,9,9,10,10,4,6,9,6,9,9,8,7,5,5,5,7,8,8
sf,cvs,capcode,capcode/capcode.basics/src/capcode/maps/position/Position.java,clean,java,IssueTrue,20915,134,1871,4,7,10,7,8,9,5,9,8,8,6,5,4,7,7,6,9,9,9,7,6,6,6,5,4,8,7,7,10,9,9,10,9,9,10,9,9,9,10,10,9,8,8,5,7,7,10,10,10,5,6,9,6,9,9,8,8,4,5,5,10,10,10
sf,cvs,capcode,capcode/capcode.basics/src/capcode/maps/position/Sector.java,clean,java,IssueTrue,20915,134,1871,4,7,9,7,7,7,10,10,8,9,6,5,4,6,5,5,9,9,9,5,4,4,6,5,4,8,7,7,8,7,7,9,8,7,9,8,8,9,10,10,7,7,7,8,9,7,10,9,8,5,4,7,3,7,8,6,5,4,5,5,7,7,5
sf,cvs,capcode,capcode/capcode.basics/src/capcode/maps/tracks/TracksXMLParser.java,clean,java,IssueTrue,20915,134,1871,4,8,10,8,8,8,10,10,8,9,6,5,4,7,7,6,9,9,9,9,8,8,6,5,4,9,9,9,10,9,9,10,9,9,10,9,9,9,10,10,10,9,9,6,8,8,8,8,9,6,7,9,6,9,10,9,8,10,10,10,9,10,9
sf,cvs,capcode,capcode/capcode.basics/src/capcode/maps/viewers/BSBMapPanel.java,buggy,java,IssueTrue,20915,134,1871,4,9,9,9,10,6,10,10,10,10,10,10,9,10,10,10,9,9,9,10,10,10,10,10,9,10,10,10,10,10,10,10,10,10,10,10,10,9,10,10,9,9,9,6,10,9,7,10,10,5,9,10,9,9,8,8,8,7,8,8,10,10,10
sf,cvs,capcode,capcode/capcode.basics/src/capcode/maths/MeanValue.java,clean,java,IssueTrue,20915,134,1871,4,3,8,4,5,9,5,7,5,5,6,5,4,5,4,4,9,9,9,6,5,5,6,5,4,7,6,7,7,6,6,7,6,5,7,7,6,9,10,10,7,7,7,5,6,5,6,5,5,4,4,5,5,7,8,7,6,4,5,5,6,6,6
sf,cvs,capcode,capcode/capcode.basics/src/capcode/nmea/E_NMEACodes.java,clean,java,IssueTrue,20915,134,1871,4,1,10,1,1,10,3,1,1,1,1,1,1,1,1,1,9,9,9,1,1,1,1,1,1,6,4,6,1,1,1,1,1,1,1,1,1,9,10,10,7,7,7,3,4,2,2,2,2,2,2,2,5,7,8,6,6,4,5,5,7,7,7
sf,cvs,capcode,capcode/capcode.basics/src/capcode/nmea/NMEABasicMessage.java,clean,java,IssueTrue,20915,134,1871,4,6,9,6,8,8,7,9,7,8,6,5,4,7,7,6,10,10,10,4,3,3,6,5,4,10,9,9,9,9,8,10,9,9,10,9,9,9,10,10,10,10,10,4,7,7,10,10,9,4,9,8,5,7,3,4,3,8,8,8,8,8,8
sf,cvs,capcode,capcode/capcode.basics/src/capcode/nmea/NMEAMessageDecoder.java,clean,java,IssueTrue,20915,134,1871,4,4,8,4,5,9,9,8,5,6,6,5,4,5,4,4,9,9,9,5,5,4,6,5,4,9,8,8,7,6,6,7,6,5,6,5,5,9,10,10,10,9,9,6,8,5,6,5,5,4,4,5,3,7,6,4,4,7,6,6,6,6,4
sf,cvs,capcode,capcode/capcode.basics/src/capcode/nmea/NMEAMessageFactory.java,clean,java,IssueTrue,20915,134,1871,4,3,5,3,3,8,5,4,3,3,6,5,4,3,2,3,9,9,9,7,6,5,6,5,4,8,7,8,1,1,1,4,3,3,2,2,2,9,10,10,9,9,9,5,6,3,10,10,8,6,4,4,6,7,4,4,4,10,10,10,6,7,7
sf,cvs,capcode,capcode/capcode.basics/src/capcode/nmea/NMEAMessageMWV.java,clean,java,IssueTrue,20915,134,1871,4,4,9,4,6,9,5,7,5,6,9,9,7,8,8,7,9,9,9,7,6,5,9,9,7,8,7,8,8,7,7,8,7,6,8,8,7,9,10,10,7,7,7,5,7,5,5,5,6,5,7,6,3,7,8,6,5,4,5,5,9,8,7
sf,cvs,capcode,capcode/capcode.basics/src/capcode/nmea/NMEAMessageVLW.java,clean,java,IssueTrue,20915,134,1871,4,3,8,3,5,9,3,5,3,4,9,9,7,8,7,7,9,9,9,4,3,3,9,9,7,8,7,7,7,6,6,7,6,5,7,7,6,9,10,10,7,7,7,3,4,4,6,5,5,4,5,5,3,7,8,6,5,4,5,5,7,7,6
sf,cvs,capcode,capcode/capcode.basics/src/capcode/plugins/I_MapPlugin.java,clean,java,IssueTrue,20915,134,1871,4,1,9,1,4,10,3,4,3,3,1,1,1,1,1,1,10,10,10,4,3,3,1,1,1,6,4,6,6,5,5,6,5,4,6,6,5,9,10,10,7,7,7,3,4,3,7,8,5,2,2,2,3,7,8,6,5,4,5,5,7,7,5
sf,cvs,capcode,capcode/capcode.basics/src/capcode/plugins/MapPluginTools.java,clean,java,IssueTrue,20915,134,1871,4,3,9,3,3,10,7,7,5,6,6,5,4,3,2,3,9,9,9,9,8,7,6,5,4,6,4,6,1,1,1,4,3,3,5,4,4,9,10,10,7,7,7,9,8,5,8,5,4,7,5,4,3,7,8,6,5,4,5,5,8,8,6
sf,cvs,capcode,capcode/capcode.basics/src/capcode/plugins/PluginsLoader.java,clean,java,IssueTrue,20915,134,1871,4,5,10,5,5,10,7,8,5,6,6,5,4,5,4,4,9,9,9,10,10,9,6,5,4,6,4,6,1,1,1,7,6,5,7,7,6,9,10,10,7,7,7,6,7,5,10,9,8,5,6,6,3,7,8,6,5,4,5,5,7,7,5
sf,cvs,capcode,capcode/capcode.basics/src/capcode/swing/BrowseButton.java,clean,java,IssueTrue,20915,134,1871,4,4,8,4,4,9,7,6,4,5,10,10,10,10,10,10,9,9,9,7,6,5,10,10,10,8,7,7,5,5,4,5,4,4,6,5,5,9,10,10,7,7,7,7,8,4,7,5,4,8,7,6,3,7,8,6,5,4,5,5,7,7,6
sf,cvs,capcode,capcode/capcode.basics/src/capcode/swing/ProgressWindow.java,clean,java,IssueTrue,20915,134,1871,4,5,7,6,7,7,5,4,5,6,9,10,10,10,9,9,9,9,9,5,7,8,9,10,10,6,7,7,5,7,8,5,7,7,6,8,8,9,10,10,7,7,7,4,6,5,6,8,6,5,8,7,3,7,8,6,5,4,5,5,6,6,4
sf,cvs,capcode,capcode/capcode.basics/src/capcode/xml/XMLParser.java,clean,java,IssueTrue,20915,134,1871,4,8,10,9,9,9,7,10,9,9,6,5,4,8,8,7,10,10,10,10,10,10,6,5,4,8,7,7,10,10,10,10,10,10,10,10,10,9,10,10,9,8,8,5,7,8,10,10,10,5,5,9,9,7,8,7,8,6,7,7,8,9,9
sf,cvs,capcode,capcode/capcode.dataFactory/src/capcode/computations/DataFactory.java,clean,java,IssueTrue,20915,134,1871,4,9,10,10,7,6,10,8,9,10,6,5,9,3,5,8,9,9,9,9,10,10,6,5,9,10,10,10,4,7,8,4,7,7,4,7,8,9,10,10,7,8,8,9,10,8,10,10,9,10,10,10,9,7,10,10,10,10,10,10,10,10,10
sf,cvs,capcode,capcode/capcode.dataFactory/src/capcode/computations/DataFactoryFrame.java,clean,java,IssueTrue,20915,134,1871,4,9,10,10,5,8,7,7,5,6,10,10,9,10,10,10,9,9,9,9,8,7,10,10,9,10,10,10,7,6,6,7,6,5,5,4,4,9,10,10,10,10,10,6,7,5,10,10,9,10,10,9,7,7,10,10,10,10,10,10,10,10,10
sf,cvs,capcode,capcode/capcode.dataRecorder/src/capcode/dataRecorder/DataRecorder.java,clean,java,IssueTrue,20915,134,1871,4,8,9,8,7,7,10,8,7,8,7,9,8,6,7,7,9,9,9,10,10,10,7,9,8,9,10,10,6,7,7,7,7,7,6,8,8,9,10,10,7,8,8,7,9,7,9,9,8,7,7,8,5,7,8,6,6,7,6,7,10,10,9
sf,cvs,capcode,capcode/capcode.grib/src/capcode/grib/GribDisplay.java,buggy,java,IssueTrue,20915,134,1871,4,9,10,9,9,8,10,7,9,10,6,9,10,4,8,9,9,9,9,8,10,10,6,9,10,9,10,10,5,9,9,5,9,9,5,9,9,10,10,10,7,9,9,7,10,9,9,10,9,7,10,10,9,7,10,10,10,10,10,10,10,10,10
sf,cvs,capcode,capcode/capcode.grib/src/capcode/grib/WeatherPanel.java,clean,java,IssueTrue,20915,134,1871,4,9,10,9,9,8,7,5,9,9,7,10,10,9,10,10,9,9,9,6,9,10,7,10,10,8,10,10,4,9,9,4,9,9,3,7,8,9,10,10,9,10,10,6,7,8,7,7,9,8,8,10,8,7,10,10,10,5,7,7,8,10,9
sf,cvs,capcode,capcode/capcode.helmsmanDisplay/src/capcode/plugin/helmsman/HelmsManDisplayFrame.java,clean,java,IssueTrue,20915,134,1871,4,5,7,4,7,8,3,7,5,6,10,10,9,10,10,10,9,9,9,5,5,4,10,10,9,8,7,7,9,8,8,9,8,7,9,9,8,9,10,10,7,7,7,3,4,5,2,4,4,3,6,6,3,7,6,4,4,4,5,5,6,6,5
sf,cvs,capcode,capcode/capcode.helmsmanDisplay/src/capcode/plugin/helmsman/HelmsManDisplayPanel.java,clean,java,IssueTrue,20915,134,1871,4,9,9,9,6,5,10,10,9,9,10,10,9,10,10,10,9,9,9,10,10,10,10,10,9,10,10,10,8,8,7,8,7,7,7,6,6,9,10,10,10,10,10,9,10,8,10,9,9,10,9,10,5,7,10,9,8,10,10,9,10,10,9
sf,cvs,capcode,capcode/capcode.launcher/src/capcode/launcher/Application.java,clean,java,IssueTrue,20915,134,1871,4,10,10,10,9,7,10,6,10,10,6,10,10,9,10,10,9,9,9,6,10,10,6,10,10,8,10,10,4,9,10,4,10,10,3,8,9,9,10,10,9,10,10,8,10,9,7,9,9,7,10,10,10,9,10,10,10,10,10,10,10,10,10
sf,cvs,capcode,capcode/capcode.mapDisplay/src/capcode/mapViewer/RNCChartViewer.java,clean,java,IssueTrue,20915,134,1871,4,9,10,9,8,6,10,10,9,10,10,10,9,10,10,10,9,9,9,10,10,10,10,10,9,10,10,10,10,9,9,10,9,9,10,9,9,10,10,10,9,8,8,8,9,9,8,9,9,8,10,10,9,7,8,8,9,7,9,9,8,10,10
sf,cvs,capcode,capcode/capcode.multiRepeater/src/capcode/plugin/multiRepeater/MultiRepeaterPanel.java,clean,java,IssueTrue,20915,134,1871,4,8,7,8,5,5,7,9,7,7,10,10,9,10,10,10,9,9,9,10,10,9,10,10,9,10,9,9,7,6,6,7,6,5,6,6,5,9,10,10,9,9,9,8,8,6,10,9,8,10,9,9,3,7,9,6,5,10,10,9,8,8,7
sf,cvs,capcode,capcode/capcode.simulator/src/capcode/simulation/SimulatorToolBox.java,clean,java,IssueTrue,20915,134,1871,4,9,5,9,6,2,10,9,8,8,6,5,4,6,5,5,9,9,9,10,10,9,6,5,4,10,10,10,8,7,7,8,7,6,7,6,6,10,10,10,9,9,9,8,9,7,10,10,9,9,10,9,5,9,10,9,8,8,7,7,10,10,9
sf,cvs,capcode,capcode/capcode.simulator/src/capcode/simulation/SimulatorWindow.java,clean,java,IssueTrue,20915,134,1871,4,10,10,10,10,6,7,7,10,10,7,10,10,9,10,10,9,9,9,6,10,10,7,10,10,10,10,10,6,10,10,7,10,10,4,8,9,9,10,10,10,10,10,6,7,10,8,9,10,8,10,10,6,9,10,10,10,10,10,10,10,10,10
sf,cvs,capcode,capcode/capcode.tests/pluginsIntegration/capcode/aquire/AcquireTest.java,buggy,java,IssueTrue,20915,134,1871,4,4,8,4,5,9,3,5,3,4,6,5,4,4,4,4,9,9,9,5,4,4,6,5,4,6,4,6,6,6,5,7,5,5,7,6,6,9,10,10,7,7,7,3,4,3,2,2,2,3,3,4,3,7,4,4,3,4,5,5,3,3,3
sf,cvs,capcode,capcode/capcode.tests/pluginsIntegration/capcode/plugin/helmsman/TestHelmsManDisplay.java,clean,java,IssueTrue,20915,134,1871,4,5,2,5,2,3,7,7,5,5,6,5,4,2,1,2,9,9,9,10,9,9,6,5,4,6,4,6,2,2,2,2,1,1,2,2,2,9,10,10,7,7,7,10,9,5,10,7,4,10,9,6,5,7,9,9,7,10,9,9,8,8,7
sf,cvs,capcode,capcode/capcode.tests/pluginsIntegration/capcode/plugin/windRepeater/TestWindRepeater.java,clean,java,IssueTrue,20915,134,1871,4,3,2,4,3,5,7,4,3,3,6,5,4,3,2,3,9,9,9,9,8,8,6,5,4,6,4,6,4,4,4,4,3,3,5,4,4,9,10,10,7,7,7,5,7,3,4,5,3,7,7,5,3,7,3,3,2,8,7,7,3,3,3
sf,cvs,capcode,capcode/capcode.tests/pluginsIntegration/capcode/test/integration/PluginTest.java,clean,java,IssueTrue,20915,134,1871,4,6,8,6,6,7,9,8,6,7,6,5,4,6,5,5,9,9,9,10,9,9,6,5,4,6,4,6,8,7,7,8,7,6,9,8,7,9,10,10,7,7,7,6,8,6,2,2,2,6,7,7,3,7,3,3,2,4,5,5,6,6,4
sf,cvs,capcode,capcode/capcode.tests/unitTests/capcode/comm/SerialIOStreamTest.java,buggy,java,IssueTrue,20915,134,1871,4,6,7,6,7,7,3,5,5,6,6,5,7,4,5,7,9,9,9,5,7,7,6,5,7,8,8,9,6,8,8,7,8,7,7,8,8,9,10,10,7,7,7,3,4,5,3,4,5,4,4,6,5,9,9,8,7,7,7,7,9,10,9
sf,cvs,capcode,capcode/capcode.tests/unitTests/capcode/common/PrefsTest.java,clean,java,IssueTrue,20915,134,1871,4,9,10,9,9,7,5,4,6,8,10,10,10,10,10,10,9,9,9,6,10,10,10,10,10,9,10,10,5,9,9,5,9,9,6,9,10,9,10,10,7,7,7,3,6,7,3,4,7,7,9,10,3,7,7,5,4,4,5,5,6,6,5
sf,cvs,capcode,capcode/capcode.tests/unitTests/capcode/data/SpeedPolarTableTest.java,clean,java,IssueTrue,20915,134,1871,4,7,9,8,8,7,10,9,7,7,6,5,4,7,6,6,9,9,9,9,8,8,6,5,4,7,6,7,9,9,8,9,9,8,10,9,9,9,10,10,7,7,7,4,8,6,3,3,5,8,6,9,6,7,10,9,9,9,9,9,9,9,9
sf,cvs,capcode,capcode/capcode.tests/unitTests/capcode/data/WindAndSpeedProcessTest.java,clean,java,IssueTrue,20915,134,1871,4,5,8,5,4,8,5,4,3,5,7,9,8,2,2,6,9,9,9,5,6,7,7,9,8,8,8,8,3,4,4,3,3,4,2,2,3,10,10,10,7,7,7,7,8,4,4,4,3,9,8,6,5,7,5,5,4,8,7,8,7,8,7
sf,cvs,capcode,capcode/capcode.tests/unitTests/capcode/data/WindAndSpeedProcessTest2.java,clean,java,IssueTrue,20915,134,1871,4,7,7,7,5,5,10,9,7,8,6,5,4,5,4,4,9,9,9,9,8,8,6,5,4,10,9,9,7,6,6,7,6,5,7,7,6,9,10,10,7,7,7,8,8,6,8,6,6,9,6,8,5,7,10,9,7,7,7,7,7,8,7
sf,cvs,capcode,capcode/capcode.tests/unitTests/capcode/grib/GribParserTest.java,buggy,java,IssueTrue,20915,134,1871,4,8,9,9,8,7,7,10,8,9,6,5,4,7,6,6,9,9,9,10,9,9,6,5,4,6,4,6,9,9,8,9,9,8,10,9,9,9,10,10,7,7,7,7,8,7,5,5,7,9,7,10,3,9,5,4,3,8,7,7,6,6,5
sf,cvs,capcode,capcode/capcode.tests/unitTests/capcode/maps/files/BSBParserTest.java,clean,java,IssueTrue,20915,134,1871,4,2,2,2,2,6,5,2,2,2,6,5,4,2,1,2,9,9,9,5,4,4,6,5,4,6,4,6,2,2,2,2,1,1,2,2,2,9,10,10,7,7,7,6,6,2,5,3,2,9,4,3,3,7,3,3,2,4,5,5,6,6,4
sf,cvs,capcode,capcode/capcode.tests/unitTests/capcode/maps/files/CcmapTest.java,clean,java,IssueTrue,20915,134,1871,4,4,1,4,4,2,3,4,2,3,9,9,7,4,3,3,9,9,9,7,6,6,9,9,7,7,6,7,5,5,4,5,4,4,6,5,5,9,10,10,7,7,7,3,4,3,3,2,3,5,4,4,3,7,3,3,2,9,8,7,9,8,7
sf,cvs,capcode,capcode/capcode.tests/unitTests/capcode/maps/files/KAPParserTest.java,buggy,java,IssueTrue,20915,134,1871,4,7,4,7,6,4,10,9,6,7,6,5,4,5,5,5,9,9,9,10,9,9,6,5,4,8,7,7,8,7,7,8,7,6,8,8,7,9,10,10,7,7,7,7,8,6,4,3,4,9,8,8,3,7,3,3,2,4,5,5,5,5,4
sf,cvs,capcode,capcode/capcode.tests/unitTests/capcode/maps/files/MapDirectoryExplorerTest.java,clean,java,IssueTrue,20915,134,1871,4,5,3,5,5,4,5,7,5,5,6,5,4,5,4,4,9,9,9,9,8,8,6,5,4,6,4,6,7,6,6,7,6,5,7,7,6,9,10,10,7,7,7,5,6,5,2,3,3,7,7,7,3,7,9,7,6,9,8,8,3,3,3
sf,cvs,capcode,capcode/capcode.tests/unitTests/capcode/maps/position/PositionTest.java,clean,java,IssueTrue,20915,134,1871,4,7,7,8,5,5,5,6,4,4,9,9,7,5,4,4,9,9,9,7,6,6,9,9,7,6,4,6,7,6,6,7,6,5,7,7,6,9,10,10,7,7,7,4,6,4,2,2,2,7,6,7,3,9,10,10,9,4,5,5,6,6,4
sf,cvs,capcode,capcode/capcode.tests/unitTests/capcode/maps/transform/OrthodromyTest.java,clean,java,IssueTrue,20915,134,1871,4,5,2,5,5,4,3,5,3,4,9,9,7,5,4,4,9,9,9,2,2,2,9,9,7,6,4,6,7,6,6,7,6,5,7,7,6,9,10,10,7,7,7,3,4,4,2,2,2,6,3,6,5,9,8,7,6,4,5,5,7,7,7
sf,cvs,capcode,capcode/capcode.tests/unitTests/capcode/net/ProtocolTestCase.java,clean,java,IssueTrue,20915,134,1871,4,5,6,6,3,6,5,4,3,4,7,9,8,2,2,5,9,9,9,3,4,4,7,9,8,8,8,9,2,3,4,2,2,3,2,3,4,9,10,10,7,7,7,8,8,4,7,4,4,7,6,5,3,7,3,3,2,4,5,5,6,6,4
sf,cvs,capcode,capcode/capcode.tests/unitTests/capcode/nmea/NMEAMessageTest.java,clean,java,IssueTrue,20915,134,1871,4,10,10,10,10,4,3,10,8,9,6,5,4,8,8,8,9,9,9,10,9,9,6,5,4,8,7,7,10,10,10,10,10,10,10,10,10,9,10,10,7,7,7,3,4,8,3,7,7,10,8,10,5,9,4,4,4,9,9,8,8,9,8
sf,cvs,capcode,capcode/capcode.tests/unitTests/capcode/nmea/NMEAMessageVLWTest.java,clean,java,IssueTrue,20915,134,1871,4,3,8,3,3,10,3,2,2,2,6,5,4,2,2,2,9,9,9,5,4,4,6,5,4,8,7,8,3,3,3,3,2,2,4,3,3,9,10,10,7,7,7,3,4,2,7,4,3,9,4,4,3,7,7,5,4,4,5,5,6,6,5
sf,cvs,capcode,capcode/capcode.tests/unitTests/capcode/plugins/MapAddOnPluginTest.java,clean,java,IssueTrue,20915,134,1871,4,8,8,8,10,6,3,4,4,9,6,9,10,4,5,9,9,9,9,4,7,10,6,9,10,6,8,8,5,7,10,5,7,10,6,8,10,9,10,10,7,7,7,3,4,8,2,2,2,2,5,8,3,7,10,9,8,4,5,5,6,6,5
sf,cvs,capcode,capcode/capcode.tests/unitTests/capcode/xml/XMLParserTest.java,clean,java,IssueTrue,20915,134,1871,4,8,9,8,8,6,7,10,8,9,9,9,7,7,7,6,9,9,9,9,8,8,9,9,7,7,6,7,10,9,9,10,9,9,10,10,9,9,10,10,7,7,7,6,9,8,4,6,7,4,4,8,5,7,9,7,6,4,5,5,6,6,6
sf,cvs,capcode,capcode/capcode.trackManager/src/capcode/trackManager/DialogEditWaypoint.java,clean,java,IssueTrue,20915,134,1871,4,9,10,9,9,8,7,7,8,9,9,10,10,10,10,10,9,9,9,6,9,10,9,10,10,9,10,10,6,9,9,7,9,9,5,8,8,9,10,10,9,10,10,6,7,8,7,7,9,6,9,9,5,7,8,7,6,4,5,5,9,10,9
sf,cvs,capcode,capcode/capcode.trackManager/src/capcode/trackManager/TrackManager.java,clean,java,IssueTrue,20915,134,1871,4,10,10,10,9,6,10,10,10,10,9,9,7,8,8,8,9,9,9,10,10,10,9,9,7,10,10,10,10,10,9,10,10,9,10,9,9,10,10,10,10,10,10,9,10,10,9,10,10,9,9,10,9,7,8,7,8,4,5,5,9,10,10
sf,cvs,capcode,capcode/capcode.trackManager/src/capcode/trackManager/WaypointsListWindow.java,clean,java,IssueTrue,20915,134,1871,4,10,9,10,9,4,10,7,9,10,7,10,10,10,10,10,9,9,9,8,10,10,7,10,10,8,10,10,5,9,9,5,9,9,4,6,8,9,10,10,9,10,10,8,10,9,8,9,9,9,8,10,5,7,10,9,8,4,5,5,9,9,9
sf,cvs,capcode,capcode/capcode.windRepeater/src/capcode/plugin/windRepeater/WindRepeaterFrame.java,clean,java,IssueTrue,20915,134,1871,4,4,8,4,7,8,3,7,5,6,10,10,9,10,10,10,9,9,9,5,5,4,10,10,9,7,6,7,9,8,8,9,8,7,9,8,8,9,10,10,7,7,7,3,4,5,3,4,4,4,6,6,3,7,6,4,4,4,5,5,6,6,5
sf,cvs,capcode,capcode/capcode.windRepeater/src/capcode/plugin/windRepeater/WindRepeaterPanel.java,clean,java,IssueTrue,20915,134,1871,4,8,8,9,6,5,7,6,7,8,9,10,10,10,10,10,9,9,9,8,10,10,9,10,10,9,10,10,4,7,7,4,6,6,4,6,7,9,10,10,7,9,9,7,9,6,10,9,9,9,9,9,5,7,9,7,6,9,8,8,9,9,8
