Host,Vcs,Project,File,Buggy,PL,IssueTracking,TLOC,TNF,TNC,TND,LOC,CL,NStmt,NFunc,RCC,MNL,avg_WMC,max_WMC,total_WMC,avg_DIT,max_DIT,total_DIT,avg_RFC,max_RFC,total_RFC,avg_NOC,max_NOC,total_NOC,avg_CBO,max_CBO,total_CBO,avg_DIT.1,max_DIT.1,total_DIT.1,avg_NIV,max_NIV,total_NIV,avg_NIM,max_NIM,total_NIM,avg_NOM,max_NOM,total_NOM,avg_NPBM,max_NPBM,total_NPBM,avg_NPM,max_NPM,total_NPM,avg_NPRM,max_NPRM,total_NPRM,avg_CC,max_CC,total_CC,avg_FANIN,max_FANIN,total_FANIN,avg_FANOUT,max_FANOUT,total_FANOUT,NRev,NFix,avg_AddedLOC,max_AddedLOC,total_AddedLOC,avg_DeletedLOC,max_DeletedLOC,total_DeletedLOC,avg_ModifiedLOC,max_ModifiedLOC,total_ModifiedLOC
gc,svn,cleartk,/trunk/ClearTK-framework/src/main/java/org/cleartk/classifier/encoder/features/FeatureVectorFeaturesEncoder.java,clean,java,IssueTrue,19441,183,1728,4,5,4,5,4,6,7,7,5,6,9,9,7,4,3,3,9,9,9,7,6,6,9,9,7,8,7,8,6,5,5,6,5,4,6,6,5,9,10,10,7,7,7,8,8,5,7,6,5,5,5,5,6,7,8,7,6,5,5,5,8,9,7
gc,svn,cleartk,/trunk/ClearTK-framework/src/main/java/org/cleartk/classifier/svmlight/OVASVMlightClassifier.java,buggy,java,IssueTrue,19441,183,1728,4,4,4,5,3,6,7,5,3,4,9,9,7,2,2,2,9,9,9,9,8,7,9,9,7,8,7,7,3,3,3,3,2,2,4,3,3,9,10,10,7,7,7,9,7,4,9,5,4,10,7,5,3,9,3,3,2,4,5,5,3,3,3
gc,svn,cleartk,/trunk/ClearTK-framework/src/main/java/org/cleartk/classifier/svmlight/OVASVMlightClassifierBuilder.java,buggy,java,IssueTrue,19441,183,1728,4,6,4,6,5,4,9,6,5,6,6,5,7,3,3,6,9,9,9,7,9,8,6,5,7,7,7,7,4,4,5,4,4,5,5,4,6,9,10,10,7,8,8,7,8,5,4,4,4,8,8,7,3,9,8,6,5,7,6,6,8,8,6
gc,svn,cleartk,/trunk/ClearTK-framework/src/main/java/org/cleartk/classifier/util/LinWengPlatt.java,clean,java,IssueTrue,19441,183,1728,4,6,5,7,5,5,10,5,6,7,7,10,9,6,7,8,9,9,9,2,4,5,7,10,9,6,7,7,2,5,5,3,4,5,4,5,6,9,10,10,7,7,7,9,10,6,5,4,5,4,5,5,5,9,6,6,5,9,9,8,5,6,5
gc,svn,cleartk,/trunk/ClearTK-framework/src/main/java/org/cleartk/classifier/util/tfidf/IDFMapWriter.java,buggy,java,IssueTrue,19441,183,1728,4,6,4,6,5,4,9,9,7,7,6,5,4,5,4,4,9,9,9,8,7,7,6,5,4,8,7,8,7,7,6,7,6,6,6,6,5,9,10,10,10,9,9,8,8,6,5,5,5,6,6,7,5,9,10,9,8,10,9,9,9,10,9
gc,svn,cleartk,/trunk/ClearTK-framework/src/main/java/org/cleartk/util/AnnotationRetrieval.java,buggy,java,IssueTrue,19441,183,1728,4,9,10,10,9,6,10,10,10,10,6,5,4,8,7,7,9,9,9,9,8,7,6,5,4,6,4,6,1,1,1,10,9,9,10,9,9,9,10,10,10,9,9,9,9,9,10,10,10,9,7,10,6,9,4,5,4,9,9,9,7,9,8
gc,svn,cleartk,/trunk/ClearTK-framework/src/main/java/org/cleartk/util/UIMAUtil.java,buggy,java,IssueTrue,19441,183,1728,4,8,9,7,8,8,7,10,8,9,6,5,4,7,6,6,9,9,9,9,9,8,6,5,4,6,4,6,1,1,1,9,9,8,10,9,9,9,10,10,7,7,7,7,9,8,10,9,9,5,5,8,3,7,7,5,4,4,5,5,3,3,3
gc,svn,cleartk,/trunk/ClearTK-framework/src/test/java/org/cleartk/classifier/SequentialDataWriterAnnotatorTest.java,buggy,java,IssueTrue,19441,183,1728,4,6,4,6,4,4,7,3,3,4,9,10,9,4,4,6,9,9,9,7,7,8,9,10,9,7,6,7,3,3,4,3,2,4,4,3,5,9,10,10,7,7,7,6,7,4,6,5,4,8,7,6,9,7,6,8,7,5,5,6,6,8,8
gc,svn,cleartk,/trunk/ClearTK-framework/src/test/java/org/cleartk/classifier/encoder/features/NameNumberFeatureEncoderTest.java,buggy,java,IssueTrue,19441,183,1728,4,6,4,7,5,4,5,6,4,5,6,5,4,5,4,4,9,9,9,7,6,6,6,5,4,7,6,7,7,6,6,7,6,5,6,6,5,9,10,10,9,9,9,4,6,4,6,7,5,5,4,6,7,7,8,8,6,7,8,7,7,8,7
gc,svn,cleartk,/trunk/ClearTK-framework/src/test/java/org/cleartk/classifier/feature/extractor/BagExtractorTest.java,buggy,java,IssueTrue,19441,183,1728,4,6,7,6,5,7,7,6,4,5,6,5,4,5,4,4,9,9,9,7,6,5,6,5,4,9,8,8,7,6,6,7,6,5,6,6,5,9,10,10,9,9,9,4,7,4,7,8,6,6,5,6,3,7,6,5,4,4,5,5,9,8,7
gc,svn,cleartk,/trunk/ClearTK-framework/src/test/java/org/cleartk/classifier/feature/extractor/DirectedDistanceExtractorTest.java,buggy,java,IssueTrue,19441,183,1728,4,4,4,5,2,6,3,2,1,1,6,5,4,2,1,2,9,9,9,2,2,2,6,5,4,6,4,6,2,2,2,2,1,1,2,2,2,9,10,10,7,7,7,3,4,2,2,2,2,9,5,3,3,7,4,4,3,4,5,5,9,9,7
gc,svn,cleartk,/trunk/ClearTK-framework/src/test/java/org/cleartk/classifier/feature/extractor/DistanceExtractorTest.java,buggy,java,IssueTrue,19441,183,1728,4,4,5,5,2,6,3,2,1,1,6,5,4,2,1,2,9,9,9,3,3,3,6,5,4,6,4,6,2,2,2,2,1,1,2,2,2,9,10,10,7,7,7,3,4,2,2,2,2,9,5,3,3,7,4,4,3,4,5,5,2,2,2
gc,svn,cleartk,/trunk/ClearTK-framework/src/test/java/org/cleartk/classifier/feature/extractor/NGramExtractorTest.java,buggy,java,IssueTrue,19441,183,1728,4,4,4,4,3,6,5,3,2,2,6,5,4,2,2,2,9,9,9,5,4,4,6,5,4,6,4,6,3,3,3,3,2,2,2,2,2,9,10,10,9,8,8,5,6,3,5,5,3,8,5,4,3,7,6,5,4,4,5,5,6,6,5
gc,svn,cleartk,/trunk/ClearTK-framework/src/test/java/org/cleartk/classifier/feature/extractor/RelativePositionExtractorTest.java,clean,java,IssueTrue,19441,183,1728,4,4,4,4,5,6,3,6,4,4,6,5,4,5,4,4,9,9,9,2,2,2,6,5,4,6,4,6,7,7,6,7,6,6,7,7,6,9,10,10,9,8,8,3,4,4,4,8,4,3,4,4,3,7,4,4,3,4,5,5,5,5,4
gc,svn,cleartk,/trunk/ClearTK-framework/src/test/java/org/cleartk/classifier/feature/extractor/TypePathExtractorTest.java,buggy,java,IssueTrue,19441,183,1728,4,8,6,9,4,3,3,2,2,3,7,9,8,3,3,6,9,9,9,3,5,4,7,9,8,6,4,6,3,5,5,3,4,4,4,5,5,9,10,10,7,7,7,3,4,3,2,2,2,10,8,8,3,7,6,4,4,6,5,5,6,6,5
gc,svn,cleartk,/trunk/ClearTK-framework/src/test/java/org/cleartk/classifier/feature/extractor/WhiteSpaceExtractorTest.java,buggy,java,IssueTrue,19441,183,1728,4,5,6,6,3,6,3,2,1,2,7,9,8,2,1,5,9,9,9,2,3,3,7,9,8,6,4,6,2,2,3,2,1,2,2,2,3,9,10,10,7,7,7,3,4,2,2,2,2,7,5,4,3,7,4,4,3,4,5,5,2,2,2
gc,svn,cleartk,/trunk/ClearTK-framework/src/test/java/org/cleartk/classifier/feature/extractor/WindowExtractorTest.java,buggy,java,IssueTrue,19441,183,1728,4,9,6,10,4,2,3,4,3,3,6,5,4,4,3,3,9,9,9,5,5,4,6,5,4,6,4,6,6,5,5,6,5,4,6,6,5,9,10,10,7,7,7,3,4,3,2,2,2,10,8,8,3,7,6,4,4,4,5,5,8,8,6
gc,svn,cleartk,/trunk/ClearTK-framework/src/test/java/org/cleartk/classifier/feature/extractor/WindowNGramExtractorTest.java,buggy,java,IssueTrue,19441,183,1728,4,8,6,8,3,4,3,2,2,2,6,5,4,2,2,2,9,9,9,4,3,3,6,5,4,6,4,6,3,3,3,3,2,2,4,3,3,9,10,10,7,7,7,3,4,2,2,2,2,10,6,6,3,7,5,4,3,4,5,5,8,8,6
gc,svn,cleartk,/trunk/ClearTK-framework/src/test/java/org/cleartk/classifier/feature/proliferate/FeatureProliferatorTest.java,buggy,java,IssueTrue,19441,183,1728,4,9,4,9,6,2,3,7,5,6,6,5,4,6,5,5,9,9,9,3,3,3,6,5,4,6,4,6,8,7,7,8,7,6,8,8,7,9,10,10,9,8,8,4,7,5,3,7,4,6,5,7,3,7,4,4,3,4,5,5,9,8,7
gc,svn,cleartk,/trunk/ClearTK-framework/src/test/java/org/cleartk/classifier/libsvm/RunLIBSVMTest.java,buggy,java,IssueTrue,19441,183,1728,4,8,8,8,6,5,7,5,5,7,9,10,10,4,4,8,9,9,9,6,8,9,9,10,10,6,7,7,3,5,6,4,6,6,4,6,6,9,10,10,7,9,9,7,7,6,6,5,6,9,8,9,6,7,8,8,7,10,10,10,9,10,9
gc,svn,cleartk,/trunk/ClearTK-framework/src/test/java/org/cleartk/classifier/mallet/MalletCRFClassifierTest.java,buggy,java,IssueTrue,19441,183,1728,4,7,6,8,5,4,7,5,4,6,9,10,9,4,4,7,9,9,9,7,8,9,9,10,9,6,6,7,3,3,4,4,5,5,4,3,5,9,10,10,9,9,9,6,7,5,6,5,5,8,9,7,7,7,6,5,5,6,7,7,8,9,9
gc,svn,cleartk,/trunk/ClearTK-framework/src/test/java/org/cleartk/classifier/mallet/MalletClassifierTest.java,buggy,java,IssueTrue,19441,183,1728,4,6,4,7,5,4,7,5,3,6,9,10,9,4,3,6,9,9,9,8,8,9,9,10,9,7,7,8,3,4,5,4,4,5,4,4,5,9,10,10,7,8,8,6,7,5,7,7,5,8,9,7,6,7,5,5,4,6,7,7,9,10,9
gc,svn,cleartk,/trunk/ClearTK-framework/src/test/java/org/cleartk/classifier/mallet/MalletDataWriterTest.java,buggy,java,IssueTrue,19441,183,1728,4,8,6,8,7,4,5,4,5,7,10,10,10,4,4,8,9,9,9,5,8,9,10,10,10,6,6,7,4,6,8,4,5,7,5,6,8,9,10,10,7,7,7,6,7,6,7,6,7,7,7,8,6,7,8,7,6,6,6,6,9,10,9
gc,svn,cleartk,/trunk/ClearTK-framework/src/test/java/org/cleartk/classifier/opennlp/MaxentClassifierTest.java,buggy,java,IssueTrue,19441,183,1728,4,8,5,9,5,2,5,3,2,5,9,10,10,4,3,8,9,9,9,5,8,8,9,10,10,6,6,7,3,4,6,3,3,5,4,4,6,9,10,10,7,7,7,5,6,5,7,6,6,9,9,8,6,7,10,10,9,10,10,10,10,10,10
gc,svn,cleartk,/trunk/ClearTK-framework/src/test/java/org/cleartk/classifier/opennlp/MaxentDataWriterTest.java,buggy,java,IssueTrue,19441,183,1728,4,8,7,8,7,4,5,4,4,7,10,10,10,4,4,8,9,9,9,4,8,9,10,10,10,6,6,7,4,6,8,4,5,7,5,6,8,9,10,10,7,7,7,5,6,6,7,6,7,7,7,8,7,7,7,8,7,6,6,7,9,10,9
gc,svn,cleartk,/trunk/ClearTK-framework/src/test/java/org/cleartk/classifier/svmlight/RunSVMlightTest.java,buggy,java,IssueTrue,19441,183,1728,4,8,6,9,8,3,7,8,8,9,9,10,9,5,6,7,9,9,9,9,10,9,9,10,9,7,7,7,6,7,8,7,8,8,6,8,8,9,10,10,9,10,10,7,8,7,6,8,7,8,8,9,6,7,6,6,5,7,7,7,8,9,8
gc,svn,cleartk,/trunk/ClearTK-framework/src/test/java/org/cleartk/classifier/viterbi/ViterbiDataWriterTest.java,buggy,java,IssueTrue,19441,183,1728,4,6,5,6,4,5,7,4,3,5,9,10,9,4,4,6,9,9,9,7,7,8,9,10,9,7,6,7,3,4,5,3,3,4,4,3,5,9,10,10,7,8,8,6,7,4,8,7,5,8,7,7,9,9,8,8,8,6,8,7,6,8,8
gc,svn,cleartk,/trunk/ClearTK-framework/src/test/java/org/cleartk/classifier/viterbi/ViterbiTest.java,buggy,java,IssueTrue,19441,183,1728,4,8,7,9,7,4,7,6,6,9,6,9,9,3,3,8,9,9,9,5,6,9,6,9,9,6,6,7,4,5,8,4,5,8,5,6,8,9,10,10,7,8,8,7,10,7,8,5,8,6,6,8,3,7,3,3,2,4,5,5,6,6,4
gc,svn,cleartk,/trunk/ClearTK-framework/src/test/java/org/cleartk/util/JCasUtil.java,buggy,java,IssueTrue,19441,183,1728,4,3,5,3,3,8,3,2,2,2,6,5,4,2,2,2,9,9,9,4,3,3,6,5,4,8,7,8,1,1,1,3,2,2,4,3,3,9,10,10,7,7,7,3,4,2,10,10,7,4,3,3,3,7,10,8,7,4,5,5,2,2,2
gc,svn,cleartk,/trunk/ClearTK-test-util/src/main/java/org/cleartk/test/util/ParametersTestUtil.java,clean,java,IssueTrue,19441,183,1728,4,5,5,5,3,6,10,8,5,6,6,5,4,2,2,2,9,9,9,8,7,7,6,5,4,6,4,6,1,1,1,3,2,2,2,2,2,9,10,10,9,8,8,10,10,5,9,7,4,10,9,6,3,7,6,5,4,4,5,5,2,2,2
gc,svn,cleartk,/trunk/ClearTK-toolkit/src/main/java/org/cleartk/CleartkComponents.java,buggy,java,IssueTrue,19441,183,1728,4,8,7,7,8,4,5,10,8,9,6,5,4,7,7,6,9,9,9,8,7,7,6,5,4,6,4,6,1,1,1,10,9,9,10,9,9,9,10,10,9,8,8,6,8,7,10,10,10,5,4,8,10,9,9,9,10,10,10,10,9,10,10
gc,svn,cleartk,/trunk/ClearTK-toolkit/src/main/java/org/cleartk/ViewNames.java,clean,java,IssueTrue,19441,183,1728,4,1,7,1,2,10,3,2,1,1,6,5,4,2,1,2,9,9,9,2,1,1,6,5,4,6,4,6,2,2,2,2,1,1,1,1,1,9,10,10,9,8,8,3,4,2,2,2,2,2,2,2,3,7,3,3,2,8,7,7,2,2,2
gc,svn,cleartk,/trunk/ClearTK-toolkit/src/main/java/org/cleartk/chunk/ChunkLabeler_ImplBase.java,buggy,java,IssueTrue,19441,183,1728,4,6,4,7,6,4,10,9,7,8,6,5,4,6,5,5,10,10,10,8,7,6,6,5,4,10,9,9,8,7,7,8,7,6,8,8,7,10,10,10,7,7,7,8,10,7,9,8,7,5,7,7,3,7,5,4,3,6,5,5,5,5,4
gc,svn,cleartk,/trunk/ClearTK-toolkit/src/main/java/org/cleartk/chunk/DefaultChunkLabeler.java,buggy,java,IssueTrue,19441,183,1728,4,5,4,5,4,5,9,8,5,6,9,9,7,7,6,5,10,10,10,6,5,5,9,9,7,8,7,8,6,5,5,6,5,4,6,5,5,10,10,10,7,7,7,8,7,5,9,7,6,6,4,5,3,7,3,3,2,4,5,5,5,5,4
gc,svn,cleartk,/trunk/ClearTK-toolkit/src/main/java/org/cleartk/corpus/ace2005/Ace2005GoldReader.java,buggy,java,IssueTrue,19441,183,1728,4,7,6,8,6,4,10,9,7,8,9,9,7,6,5,5,9,9,9,9,8,7,9,9,7,10,9,9,8,7,7,8,7,6,7,7,6,9,10,10,10,9,9,7,9,7,6,7,6,8,8,8,5,7,3,4,3,6,6,6,6,6,6
gc,svn,cleartk,/trunk/ClearTK-toolkit/src/main/java/org/cleartk/corpus/ace2005/Ace2005Writer.java,buggy,java,IssueTrue,19441,183,1728,4,6,5,6,4,5,7,7,4,5,9,9,7,4,3,3,9,9,9,7,6,6,9,9,7,8,7,8,5,5,4,5,4,4,5,4,4,9,10,10,9,8,8,7,8,4,6,4,4,10,9,7,6,9,3,4,3,5,5,6,3,5,5
gc,svn,cleartk,/trunk/ClearTK-toolkit/src/main/java/org/cleartk/corpus/conll2003/Conll2003GoldReader.java,buggy,java,IssueTrue,19441,183,1728,4,8,7,8,7,4,10,9,7,8,9,9,7,6,6,5,9,9,9,8,7,7,9,9,7,10,10,10,9,8,8,9,8,7,7,7,6,9,10,10,10,10,10,7,9,7,8,9,8,8,9,9,5,9,9,7,7,9,8,8,7,8,7
gc,svn,cleartk,/trunk/ClearTK-toolkit/src/main/java/org/cleartk/corpus/genia/Genia2PlainText.java,buggy,java,IssueTrue,19441,183,1728,4,1,5,1,2,10,3,2,1,1,6,5,4,2,1,2,9,9,9,5,5,4,6,5,4,6,4,6,1,1,1,2,1,1,2,2,2,9,10,10,7,7,7,3,4,2,5,3,2,4,3,2,5,7,4,4,3,4,5,5,3,3,3
gc,svn,cleartk,/trunk/ClearTK-toolkit/src/main/java/org/cleartk/corpus/genia/GeniaPosGoldReader.java,buggy,java,IssueTrue,19441,183,1728,4,7,5,7,5,4,10,9,7,7,9,9,7,4,4,4,9,9,9,8,7,6,9,9,7,10,9,10,6,5,5,7,5,5,7,6,6,9,10,10,7,7,7,9,9,6,9,7,6,8,8,7,3,7,10,8,6,10,10,10,10,10,9
gc,svn,cleartk,/trunk/ClearTK-toolkit/src/main/java/org/cleartk/corpus/penntreebank/PennTreebankReader.java,buggy,java,IssueTrue,19441,183,1728,4,6,8,6,6,7,9,8,6,7,9,9,7,5,5,5,9,9,9,8,7,7,9,9,7,9,9,9,7,6,6,8,7,6,8,7,7,9,10,10,7,7,7,7,8,6,6,5,6,6,6,7,5,7,3,4,3,6,6,6,5,6,5
gc,svn,cleartk,/trunk/ClearTK-toolkit/src/main/java/org/cleartk/corpus/timeml/PlainTextTLINKGoldAnnotator.java,buggy,java,IssueTrue,19441,183,1728,4,6,5,7,5,4,10,7,6,7,7,9,8,3,3,6,9,9,9,7,8,8,7,9,8,8,7,9,4,5,5,4,5,5,5,5,6,9,10,10,7,8,8,8,9,6,8,5,6,8,8,8,6,7,7,6,6,6,6,6,6,8,7
gc,svn,cleartk,/trunk/ClearTK-toolkit/src/main/java/org/cleartk/corpus/timeml/TimeMLGoldAnnotator.java,buggy,java,IssueTrue,19441,183,1728,4,7,4,7,5,3,7,9,7,8,9,9,7,5,4,4,9,9,9,8,7,7,9,9,7,7,6,7,6,6,5,7,6,6,6,6,5,9,10,10,10,9,9,8,10,7,7,6,6,7,8,7,6,7,7,7,6,5,6,6,5,6,6
gc,svn,cleartk,/trunk/ClearTK-toolkit/src/main/java/org/cleartk/corpus/timeml/TimeMLWriter.java,buggy,java,IssueTrue,19441,183,1728,4,6,5,6,4,5,7,5,5,6,7,9,8,3,3,6,9,9,9,6,8,8,7,9,8,7,7,7,3,4,4,3,4,4,4,5,5,9,10,10,7,7,7,8,9,5,7,6,5,8,8,6,5,7,7,7,5,6,6,6,4,5,4
gc,svn,cleartk,/trunk/ClearTK-toolkit/src/main/java/org/cleartk/corpus/timeml/TreebankAligningAnnotator.java,buggy,java,IssueTrue,19441,183,1728,4,5,5,6,4,6,9,7,4,5,9,9,7,4,3,3,9,9,9,8,7,7,9,9,7,8,7,7,4,4,4,5,4,4,6,5,5,9,10,10,7,7,7,7,9,4,7,5,4,8,9,6,6,7,7,7,6,5,5,5,7,8,7
gc,svn,cleartk,/trunk/ClearTK-toolkit/src/main/java/org/cleartk/example/pos/BuildTestExamplePosModel.java,buggy,java,IssueTrue,19441,183,1728,4,1,5,1,2,10,3,2,1,1,6,5,4,2,1,2,9,9,9,5,5,4,6,5,4,6,4,6,1,1,1,2,1,1,2,2,2,9,10,10,7,7,7,3,4,2,5,3,2,7,4,3,5,7,3,3,2,8,8,8,5,6,5
gc,svn,cleartk,/trunk/ClearTK-toolkit/src/main/java/org/cleartk/example/pos/ExamplePOSPlainTextWriter.java,buggy,java,IssueTrue,19441,183,1728,4,4,4,4,3,6,7,5,3,4,9,9,7,3,2,3,9,9,9,7,6,5,9,9,7,8,7,7,4,4,4,4,3,3,5,4,4,9,10,10,7,7,7,7,7,4,6,4,3,8,6,5,3,7,4,4,3,6,5,5,3,3,3
gc,svn,cleartk,/trunk/ClearTK-toolkit/src/main/java/org/cleartk/example/pos/RunExamplePOSAnnotator.java,buggy,java,IssueTrue,19441,183,1728,4,2,5,1,2,9,3,2,1,1,6,5,4,2,1,2,9,9,9,8,7,7,6,5,4,6,4,6,1,1,1,2,1,1,2,2,2,9,10,10,7,7,7,3,4,2,8,5,3,9,4,3,5,7,3,4,3,6,6,6,6,7,6
gc,svn,cleartk,/trunk/ClearTK-toolkit/src/main/java/org/cleartk/example/sentence/Docs2Sentences.java,buggy,java,IssueTrue,19441,183,1728,4,2,4,2,2,9,3,2,1,1,6,5,4,2,1,2,9,9,9,6,5,5,6,5,4,6,4,6,1,1,1,2,1,1,2,2,2,9,10,10,7,7,7,3,4,2,8,5,3,5,3,2,5,7,9,8,7,4,5,5,2,3,3
gc,svn,cleartk,/trunk/ClearTK-toolkit/src/main/java/org/cleartk/ne/term/TermFinderAnnotator.java,buggy,java,IssueTrue,19441,183,1728,4,8,5,8,6,3,9,9,8,8,9,9,7,6,5,5,9,9,9,9,8,8,9,9,7,10,10,10,8,8,7,8,7,7,8,8,7,9,10,10,9,9,9,8,9,7,8,8,7,6,8,7,5,7,9,8,7,10,9,9,10,10,9
gc,svn,cleartk,/trunk/ClearTK-toolkit/src/main/java/org/cleartk/ne/term/TermMatchAnnotationCreator.java,buggy,java,IssueTrue,19441,183,1728,4,1,4,1,3,10,3,2,2,2,9,9,7,2,2,2,9,9,9,1,1,1,9,9,7,6,4,6,3,3,3,3,2,2,4,3,3,9,10,10,7,7,7,3,4,2,2,2,2,2,2,2,3,7,4,4,3,4,5,5,3,3,3
gc,svn,cleartk,/trunk/ClearTK-toolkit/src/main/java/org/cleartk/sentence/opennlp/OpenNLPSentenceSegmenter.java,buggy,java,IssueTrue,19441,183,1728,4,6,7,6,4,6,9,8,5,6,9,9,7,4,3,3,9,9,9,8,7,7,9,9,7,9,8,9,5,5,4,6,5,4,6,5,5,9,10,10,9,8,8,8,9,5,8,6,5,7,5,6,3,7,8,6,5,6,5,5,6,6,4
gc,svn,cleartk,/trunk/ClearTK-toolkit/src/main/java/org/cleartk/srl/SRLWriter.java,buggy,java,IssueTrue,19441,183,1728,4,7,6,7,4,4,10,9,7,7,9,9,7,4,3,3,9,9,9,9,8,7,9,9,7,8,7,7,5,5,4,5,4,4,5,4,4,9,10,10,9,8,8,10,10,6,6,4,4,9,8,7,5,7,7,6,5,7,7,7,7,8,7
gc,svn,cleartk,/trunk/ClearTK-toolkit/src/main/java/org/cleartk/srl/conll2005/Conll2005GoldAnnotator.java,buggy,java,IssueTrue,19441,183,1728,4,9,5,9,7,2,9,6,6,9,6,9,10,3,3,8,9,9,9,7,8,10,6,9,10,8,9,10,3,5,8,4,5,8,2,3,5,9,10,10,7,8,9,8,9,8,8,8,8,9,9,9,9,10,7,7,7,5,6,7,10,10,10
gc,svn,cleartk,/trunk/ClearTK-toolkit/src/main/java/org/cleartk/srl/conll2005/Conll2005GoldReader.java,buggy,java,IssueTrue,19441,183,1728,4,6,4,6,5,4,9,8,6,7,9,9,7,5,4,4,9,9,9,9,8,7,9,9,7,9,8,9,6,6,5,7,6,5,7,6,6,9,10,10,9,8,8,7,8,6,6,6,5,6,6,6,3,7,8,6,5,6,5,5,3,3,3
gc,svn,cleartk,/trunk/ClearTK-toolkit/src/main/java/org/cleartk/srl/conll2005/Conll2005Writer.java,buggy,java,IssueTrue,19441,183,1728,4,7,8,8,7,5,9,6,4,8,6,9,9,3,3,8,9,9,9,6,7,10,6,9,9,8,8,10,4,5,8,4,5,8,4,6,7,9,10,10,7,7,7,7,8,7,7,6,7,6,6,8,5,7,10,9,8,10,10,9,10,10,10
gc,svn,cleartk,/trunk/ClearTK-toolkit/src/main/java/org/cleartk/srl/conll2005/TrainConll2005Models.java,buggy,java,IssueTrue,19441,183,1728,4,2,5,2,2,8,3,2,1,1,6,5,4,2,1,2,9,9,9,6,5,5,6,5,4,6,4,6,1,1,1,2,1,1,2,2,2,9,10,10,7,7,7,3,4,2,7,4,3,9,4,3,5,7,5,4,4,8,7,7,8,8,7
gc,svn,cleartk,/trunk/ClearTK-toolkit/src/main/java/org/cleartk/srl/propbank/PropbankGoldAnnotator.java,clean,java,IssueTrue,19441,183,1728,4,3,5,3,2,8,9,4,3,3,9,9,7,2,1,2,9,9,9,6,5,5,9,9,7,6,4,6,2,2,2,2,1,1,2,2,2,9,10,10,7,7,7,10,8,3,9,5,3,10,5,4,3,9,3,3,2,4,5,5,6,6,4
gc,svn,cleartk,/trunk/ClearTK-toolkit/src/main/java/org/cleartk/srl/propbank/PropbankGoldReader.java,buggy,java,IssueTrue,19441,183,1728,4,7,7,7,5,5,7,8,6,7,9,9,7,5,4,4,9,9,9,9,8,8,9,9,7,10,9,9,7,7,6,7,6,6,8,7,7,9,10,10,7,7,7,7,8,6,7,7,6,7,8,7,7,9,5,5,5,5,6,6,6,8,7
gc,svn,cleartk,/trunk/ClearTK-toolkit/src/main/java/org/cleartk/srl/propbank/util/Proplabel.java,clean,java,IssueTrue,19441,183,1728,4,7,7,7,7,5,10,9,8,8,6,5,4,6,6,5,9,9,9,7,6,6,6,5,4,9,8,9,9,8,8,9,8,8,9,8,8,10,10,10,7,7,7,7,9,7,6,7,7,6,8,8,5,10,3,4,3,6,6,6,6,6,6
gc,svn,cleartk,/trunk/ClearTK-toolkit/src/main/java/org/cleartk/syntax/opennlp/OpenNLPTreebankParser.java,buggy,java,IssueTrue,19441,183,1728,4,8,5,7,4,3,7,8,5,6,9,9,7,4,3,3,9,9,9,8,7,7,9,9,7,10,9,9,3,3,3,6,5,4,5,4,4,10,10,10,7,7,7,8,8,5,9,7,6,10,9,8,3,7,9,7,6,6,5,5,3,3,3
gc,svn,cleartk,/trunk/ClearTK-toolkit/src/main/java/org/cleartk/syntax/treebank/TreebankGoldAnnotator.java,buggy,java,IssueTrue,19441,183,1728,4,5,5,5,4,6,9,6,4,5,9,9,7,4,3,3,9,9,9,7,6,6,9,9,7,7,6,7,3,3,3,5,4,4,6,5,5,9,10,10,7,7,7,7,8,4,7,6,4,6,6,5,5,7,7,7,5,8,8,7,3,3,4
gc,svn,cleartk,/trunk/ClearTK-toolkit/src/main/java/org/cleartk/temporal/VerbClauseTemporalAnnotate.java,buggy,java,IssueTrue,19441,183,1728,4,3,5,3,3,7,5,5,3,4,6,5,4,2,2,2,9,9,9,8,7,6,6,5,4,6,4,6,1,1,1,3,2,2,2,2,2,9,10,10,9,8,8,8,8,3,4,3,3,9,6,5,5,7,4,4,4,6,6,6,7,8,7
gc,svn,cleartk,/trunk/ClearTK-toolkit/src/main/java/org/cleartk/temporal/VerbClauseTemporalTrain.java,buggy,java,IssueTrue,19441,183,1728,4,6,7,6,4,6,7,9,6,7,6,5,4,4,3,3,9,9,9,8,7,6,6,5,4,6,4,6,1,1,1,5,4,4,5,4,4,9,10,10,9,8,8,10,10,6,6,4,4,9,6,6,5,7,4,4,3,7,7,7,7,8,7
gc,svn,cleartk,/trunk/ClearTK-toolkit/src/main/java/org/cleartk/token/TokenAnnotator.java,buggy,java,IssueTrue,19441,183,1728,4,6,5,6,5,5,9,8,6,7,9,9,7,5,4,4,9,9,9,8,7,7,9,9,7,10,9,9,7,6,6,7,6,6,7,6,6,9,10,10,9,9,9,6,8,5,7,7,6,5,5,6,5,7,6,6,5,6,6,6,7,7,7
gc,svn,cleartk,/trunk/ClearTK-toolkit/src/main/java/org/cleartk/token/chunk/ChunkTokenizerFeatureExtractor.java,buggy,java,IssueTrue,19441,183,1728,4,4,5,5,3,6,5,4,3,3,6,5,4,2,2,2,9,9,9,7,6,5,6,5,4,9,8,8,3,3,3,3,2,2,4,3,3,9,10,10,7,7,7,7,7,3,10,6,4,8,5,4,6,7,4,5,4,6,6,6,3,5,5
gc,svn,cleartk,/trunk/ClearTK-toolkit/src/main/java/org/cleartk/token/opennlp/OpenNLPPOSTagger.java,buggy,java,IssueTrue,19441,183,1728,4,5,4,5,3,5,7,5,3,4,9,9,7,3,2,3,9,9,9,7,6,5,9,9,7,9,9,9,3,3,3,4,3,3,5,4,4,9,10,10,7,7,7,7,7,4,8,5,4,8,7,5,3,7,9,6,5,4,5,5,5,5,4
gc,svn,cleartk,/trunk/ClearTK-toolkit/src/main/java/org/cleartk/token/snowball/SnowballStemmer.java,buggy,java,IssueTrue,19441,183,1728,4,4,5,4,4,7,5,6,4,4,9,9,7,4,3,3,9,9,9,6,5,5,9,9,7,9,8,9,6,5,5,6,5,4,6,5,5,9,10,10,9,8,8,5,7,4,5,5,4,6,5,5,3,7,4,4,3,6,5,5,3,3,3
gc,svn,cleartk,/trunk/ClearTK-toolkit/src/main/java/org/cleartk/util/FilesCollectionReader.java,buggy,java,IssueTrue,19441,183,1728,4,8,6,7,6,4,9,9,7,7,9,9,7,6,5,5,10,10,10,9,8,7,9,9,7,10,10,10,6,6,5,8,7,6,8,8,7,10,10,10,7,7,7,7,9,6,9,8,8,6,8,7,8,10,10,9,9,10,10,10,8,9,9
gc,svn,cleartk,/trunk/ClearTK-toolkit/src/main/java/org/cleartk/util/GenerateDescriptorFiles.java,buggy,java,IssueTrue,19441,183,1728,4,8,5,8,5,3,5,8,6,7,6,5,4,4,4,4,9,9,9,10,10,10,6,5,4,6,4,6,1,1,1,7,5,5,2,2,2,9,10,10,10,10,10,8,9,5,9,6,6,9,9,7,10,10,7,8,9,5,7,7,6,10,10
gc,svn,cleartk,/trunk/ClearTK-toolkit/src/main/java/org/cleartk/util/PlainTextWriter.java,buggy,java,IssueTrue,19441,183,1728,4,3,7,3,4,9,5,5,3,4,9,9,7,4,3,3,9,9,9,5,5,4,9,9,7,8,7,7,4,4,4,5,4,4,6,5,5,9,10,10,7,7,7,5,6,3,6,4,4,4,3,4,6,7,6,6,5,5,6,6,10,10,10
gc,svn,cleartk,/trunk/ClearTK-toolkit/src/main/java/org/cleartk/util/XReader.java,buggy,java,IssueTrue,19441,183,1728,4,3,4,3,3,7,7,4,3,3,10,10,8,6,5,5,9,9,9,7,6,6,10,10,8,7,6,7,3,3,3,3,2,2,4,3,3,9,10,10,7,7,7,7,7,3,9,5,4,7,4,4,5,9,8,7,6,9,9,8,6,7,6
gc,svn,cleartk,/trunk/ClearTK-toolkit/src/main/java/org/cleartk/util/XWriter.java,clean,java,IssueTrue,19441,183,1728,4,6,5,6,5,5,7,8,5,6,9,9,7,4,4,4,9,9,9,7,6,5,9,9,7,9,8,8,6,6,5,7,5,5,6,5,5,9,10,10,9,9,9,7,7,5,8,7,6,6,4,6,5,7,6,6,5,8,8,8,9,9,8
gc,svn,cleartk,/trunk/ClearTK-toolkit/src/main/java/org/cleartk/util/linereader/LineReader.java,buggy,java,IssueTrue,19441,183,1728,4,7,7,7,5,5,10,9,6,7,9,9,7,4,4,4,9,9,9,9,8,8,9,9,7,10,10,10,6,6,5,7,5,5,6,6,5,9,10,10,9,8,8,9,9,6,8,7,6,7,6,7,5,7,10,9,8,10,10,10,10,10,10
gc,svn,cleartk,/trunk/ClearTK-toolkit/src/main/java/org/cleartk/util/linereader/SimpleLineHandler.java,buggy,java,IssueTrue,19441,183,1728,4,3,4,3,3,7,5,3,2,2,6,5,4,2,2,2,9,9,9,5,4,4,6,5,4,7,6,7,3,3,3,3,2,2,4,3,3,9,10,10,7,7,7,5,6,3,8,5,3,7,5,4,3,7,8,6,5,8,7,7,5,5,4
gc,svn,cleartk,/trunk/ClearTK-toolkit/src/main/java/org/cleartk/util/linewriter/LineWriter.java,buggy,java,IssueTrue,19441,183,1728,4,9,6,8,4,3,10,9,8,8,9,9,7,4,3,3,9,9,9,8,7,7,9,9,7,10,10,10,5,5,4,5,4,4,5,4,4,9,10,10,9,8,8,10,10,7,10,10,7,10,9,7,6,7,10,10,10,10,10,10,8,9,9
gc,svn,cleartk,/trunk/ClearTK-toolkit/src/test/java/org/cleartk/DescriptorCoverageTest.java,clean,java,IssueTrue,19441,183,1728,4,5,5,5,3,6,9,8,5,6,6,5,4,3,2,3,9,9,9,8,7,7,6,5,4,6,4,6,4,4,4,4,3,3,5,4,4,9,10,10,7,7,7,9,9,5,3,3,3,9,7,6,9,7,6,7,6,9,10,10,5,7,7
gc,svn,cleartk,/trunk/ClearTK-toolkit/src/test/java/org/cleartk/ParametersTest.java,clean,java,IssueTrue,19441,183,1728,4,1,4,1,2,10,3,2,1,1,6,5,4,2,1,2,9,9,9,3,3,3,6,5,4,6,4,6,2,2,2,2,1,1,2,2,2,9,10,10,7,7,7,3,4,2,2,2,2,3,2,2,7,7,3,4,3,10,10,10,4,6,6
gc,svn,cleartk,/trunk/ClearTK-toolkit/src/test/java/org/cleartk/SummarizeTestSuite.java,clean,java,IssueTrue,19441,183,1728,4,3,5,3,2,8,7,3,2,2,6,5,4,2,1,2,9,9,9,7,6,5,6,5,4,6,4,6,1,1,1,2,1,1,2,2,2,9,10,10,7,7,7,8,7,3,3,2,2,8,4,3,3,7,3,3,2,4,5,5,3,3,3
gc,svn,cleartk,/trunk/ClearTK-toolkit/src/test/java/org/cleartk/SysoutTest.java,buggy,java,IssueTrue,19441,183,1728,4,3,4,3,2,7,10,6,4,4,6,5,4,2,1,2,9,9,9,7,6,5,6,5,4,6,4,6,2,2,2,2,1,1,2,2,2,9,10,10,7,7,7,10,9,4,3,2,2,10,6,4,5,7,3,4,3,5,5,5,2,3,3
gc,svn,cleartk,/trunk/ClearTK-toolkit/src/test/java/org/cleartk/corpus/ace2005/Ace2005GoldTest.java,buggy,java,IssueTrue,19441,183,1728,4,3,4,3,3,7,5,5,3,4,6,5,4,3,2,3,9,9,9,4,3,3,6,5,4,7,6,7,4,4,4,4,3,3,5,4,4,9,10,10,7,7,7,6,7,3,3,2,3,4,3,3,7,9,6,7,6,9,9,9,4,6,6
gc,svn,cleartk,/trunk/ClearTK-toolkit/src/test/java/org/cleartk/corpus/ace2005/Ace2005WriterTest.java,buggy,java,IssueTrue,19441,183,1728,4,7,4,6,4,4,5,5,3,4,6,5,4,4,3,3,9,9,9,5,5,4,6,5,4,7,6,7,5,5,4,5,4,4,6,5,5,9,10,10,7,7,7,6,6,4,4,3,3,9,9,6,3,7,3,3,2,4,5,5,6,6,4
gc,svn,cleartk,/trunk/ClearTK-toolkit/src/test/java/org/cleartk/corpus/conll2003/Conll2003GoldReaderTest.java,buggy,java,IssueTrue,19441,183,1728,4,6,4,7,2,5,3,2,1,1,6,5,4,2,1,2,9,9,9,5,4,4,6,5,4,6,4,6,2,2,2,2,1,1,2,2,2,9,10,10,7,7,7,3,4,2,5,3,2,10,7,4,3,7,3,3,2,10,9,9,3,3,3
gc,svn,cleartk,/trunk/ClearTK-toolkit/src/test/java/org/cleartk/corpus/genia/GeniaPosGoldReaderTest.java,buggy,java,IssueTrue,19441,183,1728,4,5,4,5,2,5,5,4,2,3,6,5,4,2,1,2,9,9,9,4,3,3,6,5,4,6,4,6,2,2,2,2,1,1,2,2,2,9,10,10,7,7,7,9,7,3,10,7,4,10,8,5,3,7,3,3,2,4,5,5,8,8,6
gc,svn,cleartk,/trunk/ClearTK-toolkit/src/test/java/org/cleartk/corpus/timeml/PlainTextTLINKGoldAnnotatorTest.java,buggy,java,IssueTrue,19441,183,1728,4,7,5,7,3,4,5,5,3,4,6,5,4,3,2,3,9,9,9,8,7,7,6,5,4,8,7,7,4,4,4,4,3,3,5,4,4,9,10,10,7,7,7,6,6,3,9,6,5,10,8,7,3,7,3,3,2,4,5,5,5,5,4
gc,svn,cleartk,/trunk/ClearTK-toolkit/src/test/java/org/cleartk/corpus/timeml/TimeMLGoldAnnotatorTest.java,buggy,java,IssueTrue,19441,183,1728,4,7,5,7,3,4,5,4,2,3,6,5,4,3,2,3,9,9,9,7,6,5,6,5,4,6,4,6,4,4,4,4,3,3,5,4,4,9,10,10,7,7,7,4,6,3,8,5,4,10,9,8,5,7,3,3,2,9,8,8,4,6,4
gc,svn,cleartk,/trunk/ClearTK-toolkit/src/test/java/org/cleartk/corpus/timeml/TimeMLWriterTest.java,buggy,java,IssueTrue,19441,183,1728,4,6,4,6,5,4,7,7,5,5,6,5,4,4,4,4,9,9,9,9,8,7,6,5,4,8,7,8,6,6,5,7,5,5,5,4,4,9,10,10,10,9,9,6,7,5,7,7,5,7,5,6,5,7,3,3,2,4,5,5,5,6,5
gc,svn,cleartk,/trunk/ClearTK-toolkit/src/test/java/org/cleartk/corpus/timeml/TreebankAligningAnnotatorTest.java,clean,java,IssueTrue,19441,183,1728,4,2,4,2,2,8,5,2,2,2,6,5,4,2,1,2,9,9,9,3,3,3,6,5,4,6,4,6,2,2,2,2,1,1,2,2,2,9,10,10,7,7,7,6,6,2,3,2,2,6,3,3,3,7,3,3,2,4,5,5,5,5,4
gc,svn,cleartk,/trunk/ClearTK-toolkit/src/test/java/org/cleartk/example/pos/ExampleModelTest.java,buggy,java,IssueTrue,19441,183,1728,4,3,4,3,2,8,3,2,1,1,6,5,4,2,1,2,9,9,9,3,3,3,6,5,4,6,4,6,2,2,2,2,1,1,2,2,2,9,10,10,7,7,7,3,4,2,3,2,2,9,5,3,5,7,3,3,2,4,5,5,4,5,4
gc,svn,cleartk,/trunk/ClearTK-toolkit/src/test/java/org/cleartk/example/pos/ExamplePOSPlainTextWriterTest.java,buggy,java,IssueTrue,19441,183,1728,4,4,4,4,4,6,5,4,3,3,6,5,4,4,3,3,9,9,9,6,5,5,6,5,4,7,6,7,5,5,4,5,4,4,6,5,5,9,10,10,7,7,7,4,6,3,4,3,3,5,5,4,3,7,3,3,2,4,5,5,5,5,4
gc,svn,cleartk,/trunk/ClearTK-toolkit/src/test/java/org/cleartk/example/pos/ExamplePosClassifierTest.java,buggy,java,IssueTrue,19441,183,1728,4,8,5,7,7,3,5,8,6,7,6,5,4,6,5,5,9,9,9,9,9,8,6,5,4,7,6,7,9,8,8,9,8,7,9,8,8,9,10,10,9,8,8,4,6,5,7,9,7,8,6,9,9,7,5,6,5,8,9,9,7,10,9
gc,svn,cleartk,/trunk/ClearTK-toolkit/src/test/java/org/cleartk/ne/term/TermFinderAnnotatorTest.java,buggy,java,IssueTrue,19441,183,1728,4,3,5,3,2,8,3,2,1,1,6,5,4,2,1,2,9,9,9,5,4,4,6,5,4,6,4,6,2,2,2,2,1,1,2,2,2,9,10,10,7,7,7,3,4,2,7,4,3,10,6,4,3,7,3,3,2,10,9,9,6,6,4
gc,svn,cleartk,/trunk/ClearTK-toolkit/src/test/java/org/cleartk/sentence/opennlp/SentenceSegmentorTest.java,buggy,java,IssueTrue,19441,183,1728,4,6,5,6,5,4,5,6,4,5,6,5,4,5,4,4,9,9,9,5,5,4,6,5,4,6,4,6,7,7,6,7,6,6,8,7,7,9,10,10,7,7,7,4,6,4,2,2,2,6,5,6,3,7,3,3,2,4,5,5,8,8,6
gc,svn,cleartk,/trunk/ClearTK-toolkit/src/test/java/org/cleartk/srl/BuildTestSRLModel.java,buggy,java,IssueTrue,19441,183,1728,4,4,5,4,2,6,7,3,2,2,6,5,4,2,1,2,9,9,9,9,8,8,6,5,4,6,4,6,1,1,1,2,1,1,2,2,2,9,10,10,7,7,7,8,7,3,8,5,3,10,6,4,8,9,3,4,3,6,7,7,6,8,8
gc,svn,cleartk,/trunk/ClearTK-toolkit/src/test/java/org/cleartk/srl/PredicateArgumentHandlerTest.java,buggy,java,IssueTrue,19441,183,1728,4,8,6,8,7,3,7,7,7,8,6,5,7,5,5,7,9,9,9,8,9,9,6,5,7,8,7,8,7,8,8,7,8,8,6,7,7,9,10,10,9,10,10,6,7,7,6,7,7,8,6,9,9,9,7,9,8,10,10,10,8,9,10
gc,svn,cleartk,/trunk/ClearTK-toolkit/src/test/java/org/cleartk/srl/SRLWriterTest.java,buggy,java,IssueTrue,19441,183,1728,4,2,4,2,3,8,5,3,2,2,6,5,4,2,2,2,9,9,9,3,3,3,6,5,4,7,6,7,3,3,3,3,2,2,4,3,3,9,10,10,7,7,7,5,6,3,4,3,3,5,3,3,5,7,7,6,5,4,5,5,2,3,3
gc,svn,cleartk,/trunk/ClearTK-toolkit/src/test/java/org/cleartk/srl/conll2005/CoNLL2005WriterTest.java,buggy,java,IssueTrue,19441,183,1728,4,3,4,3,3,7,5,4,3,3,6,5,4,3,2,3,9,9,9,3,3,3,6,5,4,7,6,7,4,4,4,4,3,3,5,4,4,9,10,10,7,7,7,5,6,3,4,3,3,4,3,3,5,7,9,8,6,4,5,5,4,5,4
gc,svn,cleartk,/trunk/ClearTK-toolkit/src/test/java/org/cleartk/syntax/feature/HeadWordExtractorTest.java,buggy,java,IssueTrue,19441,183,1728,4,6,6,6,5,5,5,6,4,5,6,5,4,4,4,4,9,9,9,3,3,3,6,5,4,6,4,6,6,6,5,7,5,5,6,6,5,9,10,10,9,8,8,5,7,4,4,7,4,7,5,6,6,9,8,6,7,8,8,8,10,10,10
gc,svn,cleartk,/trunk/ClearTK-toolkit/src/test/java/org/cleartk/syntax/feature/SyntacticPathExtractorTest.java,buggy,java,IssueTrue,19441,183,1728,4,4,4,5,2,6,3,2,1,1,6,5,4,2,1,2,9,9,9,2,2,2,6,5,4,6,4,6,2,2,2,2,1,1,2,2,2,9,10,10,7,7,7,3,4,2,2,2,2,9,5,3,5,7,3,4,3,5,5,5,7,8,7
gc,svn,cleartk,/trunk/ClearTK-toolkit/src/test/java/org/cleartk/syntax/opennlp/OpenNLPTreebankParserTest.java,buggy,java,IssueTrue,19441,183,1728,4,7,6,6,4,4,7,7,5,5,6,5,4,4,3,3,9,9,9,5,5,4,6,5,4,6,4,6,6,5,5,6,5,4,6,6,5,9,10,10,7,7,7,7,8,5,8,5,5,9,7,7,3,7,3,3,2,10,9,9,7,7,5
gc,svn,cleartk,/trunk/ClearTK-toolkit/src/test/java/org/cleartk/syntax/treebank/TreebankGoldReaderAndAnnotatorTest.java,buggy,java,IssueTrue,19441,183,1728,4,4,5,5,3,6,3,3,2,2,6,5,4,3,2,3,9,9,9,8,7,6,6,5,4,6,4,6,4,4,4,4,3,3,5,4,4,9,10,10,7,7,7,3,4,3,5,4,3,9,7,6,3,7,3,3,2,4,5,5,6,6,4
gc,svn,cleartk,/trunk/ClearTK-toolkit/src/test/java/org/cleartk/token/TokenizerAndTokenAnnotatorTest.java,buggy,java,IssueTrue,19441,183,1728,4,8,6,9,6,3,3,6,4,5,6,5,4,5,5,5,9,9,9,7,6,5,6,5,4,6,4,6,8,7,7,8,7,6,8,7,7,9,10,10,9,8,8,3,4,4,4,4,5,7,4,7,5,7,3,3,2,4,5,5,6,6,6
gc,svn,cleartk,/trunk/ClearTK-toolkit/src/test/java/org/cleartk/token/chunk/BuildTestTokenChunkModel.java,buggy,java,IssueTrue,19441,183,1728,4,2,4,2,2,8,3,2,1,1,6,5,4,2,1,2,9,9,9,7,6,5,6,5,4,6,4,6,1,1,1,2,1,1,2,2,2,9,10,10,7,7,7,3,4,2,10,6,3,8,4,3,7,9,3,3,2,6,7,7,5,7,7
gc,svn,cleartk,/trunk/ClearTK-toolkit/src/test/java/org/cleartk/token/chunk/ChunkTokenizerLabelerTest.java,buggy,java,IssueTrue,19441,183,1728,4,7,8,8,3,6,3,3,2,2,6,5,4,3,2,3,9,9,9,5,4,4,6,5,4,6,4,6,4,4,4,4,3,3,5,4,4,9,10,10,7,7,7,3,4,3,7,4,4,10,7,7,5,7,3,4,3,5,5,5,6,6,6
gc,svn,cleartk,/trunk/ClearTK-toolkit/src/test/java/org/cleartk/token/chunk/ChunkTokenizerTest.java,buggy,java,IssueTrue,19441,183,1728,4,8,4,8,5,3,7,3,4,6,10,10,10,5,6,9,9,9,9,6,9,9,10,10,10,6,7,8,3,4,6,3,3,6,4,4,7,9,10,10,7,7,7,6,7,5,6,7,6,6,8,7,8,9,9,9,8,9,10,9,8,9,9
gc,svn,cleartk,/trunk/ClearTK-toolkit/src/test/java/org/cleartk/token/opennlp/OpenNLPPOSTaggerTest.java,buggy,java,IssueTrue,19441,183,1728,4,4,4,4,3,6,5,3,2,2,6,5,4,2,2,2,9,9,9,7,6,5,6,5,4,6,4,6,3,3,3,3,2,2,4,3,3,9,10,10,7,7,7,5,6,3,7,4,3,9,6,4,3,7,7,5,4,4,5,5,3,3,3
gc,svn,cleartk,/trunk/ClearTK-toolkit/src/test/java/org/cleartk/type/TypesTest.java,clean,java,IssueTrue,19441,183,1728,4,7,2,8,4,2,10,9,7,7,6,5,4,4,3,3,9,9,9,7,6,6,6,5,4,6,4,6,6,5,5,6,5,4,2,2,2,9,10,10,10,10,10,9,9,6,7,6,5,9,8,7,3,9,3,3,2,8,6,6,2,2,2
gc,svn,cleartk,/trunk/ClearTK-toolkit/src/test/java/org/cleartk/util/AnnotationRetrievalTest.java,buggy,java,IssueTrue,19441,183,1728,4,10,7,10,8,2,5,8,6,7,6,5,4,7,6,6,9,9,9,8,7,7,6,5,4,6,4,6,9,9,8,9,9,8,9,9,8,9,10,10,9,8,8,4,6,6,2,4,4,8,7,9,9,10,5,7,6,9,10,9,5,8,8
gc,svn,cleartk,/trunk/ClearTK-toolkit/src/test/java/org/cleartk/util/AnnotationUtilTest.java,buggy,java,IssueTrue,19441,183,1728,4,7,5,8,5,3,5,4,3,4,7,9,8,3,3,6,9,9,9,4,5,6,7,9,8,6,4,6,3,5,5,4,4,5,5,5,6,9,10,10,7,7,7,4,6,4,3,5,3,6,4,6,5,10,3,3,2,9,8,8,8,8,7
gc,svn,cleartk,/trunk/ClearTK-toolkit/src/test/java/org/cleartk/util/FilesCollectionReaderTest.java,buggy,java,IssueTrue,19441,183,1728,4,8,9,8,7,6,7,9,7,8,6,5,4,6,5,5,9,9,9,8,7,7,6,5,4,9,8,9,9,8,8,9,8,7,9,8,8,9,10,10,9,8,8,6,7,6,7,5,7,8,7,9,3,7,3,3,2,4,5,5,9,8,7
gc,svn,cleartk,/trunk/ClearTK-toolkit/src/test/java/org/cleartk/util/PlainTextWriterTest.java,buggy,java,IssueTrue,19441,183,1728,4,4,4,4,3,6,5,4,3,3,6,5,4,3,2,3,9,9,9,5,4,4,6,5,4,7,6,7,4,4,4,4,3,3,5,4,4,9,10,10,7,7,7,5,6,3,3,3,3,6,6,4,3,7,3,3,2,9,8,8,5,5,4
gc,svn,cleartk,/trunk/ClearTK-toolkit/src/test/java/org/cleartk/util/ReflectionUtilTest.java,buggy,java,IssueTrue,19441,183,1728,4,4,4,4,5,6,3,2,2,4,7,9,10,2,2,8,9,10,10,3,8,9,7,9,10,6,4,6,2,4,5,2,3,5,2,4,6,9,10,10,7,7,7,3,4,3,2,3,2,3,4,3,3,7,6,5,4,6,5,5,8,8,6
gc,svn,cleartk,/trunk/ClearTK-toolkit/src/test/java/org/cleartk/util/ReusableUIMAObjects.java,buggy,java,IssueTrue,19441,183,1728,4,3,5,3,3,8,3,2,2,2,6,5,4,2,2,2,9,9,9,4,3,3,6,5,4,8,7,8,1,1,1,3,2,2,4,3,3,9,10,10,7,7,7,3,4,2,10,9,5,4,3,3,3,7,10,8,7,4,5,5,2,2,2
gc,svn,cleartk,/trunk/ClearTK-toolkit/src/test/java/org/cleartk/util/UIMAUtilTest.java,buggy,java,IssueTrue,19441,183,1728,4,5,4,6,5,5,3,2,2,4,9,10,10,4,3,8,9,9,9,3,6,7,9,10,10,6,6,7,3,5,6,3,4,6,4,5,7,9,10,10,7,7,7,3,4,4,2,3,3,4,4,5,8,10,6,7,6,5,6,6,8,9,9
gc,svn,cleartk,/trunk/ClearTK-toolkit/src/test/java/org/cleartk/util/XReaderTest.java,buggy,java,IssueTrue,19441,183,1728,4,6,5,5,4,5,5,5,3,4,6,5,4,4,3,3,9,9,9,7,6,6,6,5,4,7,6,7,6,5,5,6,5,4,6,6,5,9,10,10,7,7,7,4,6,3,7,7,5,9,7,7,5,7,3,3,2,4,5,5,6,6,6
gc,svn,cleartk,/trunk/ClearTK-toolkit/src/test/java/org/cleartk/util/XWriterTest.java,clean,java,IssueTrue,19441,183,1728,4,6,4,6,4,4,5,6,4,4,6,5,4,4,3,3,9,9,9,6,5,5,6,5,4,7,6,7,5,5,4,5,4,4,6,5,5,9,10,10,7,7,7,6,7,4,7,6,4,9,7,6,3,7,3,3,2,10,9,8,6,6,4
gc,svn,cleartk,/trunk/ClearTK-toolkit/src/test/java/org/cleartk/util/linereader/LineReaderTest.java,buggy,java,IssueTrue,19441,183,1728,4,5,5,5,4,6,3,4,2,3,6,5,4,4,3,3,9,9,9,5,5,4,6,5,4,6,4,6,5,5,4,5,4,4,5,4,4,9,10,10,9,8,8,3,4,3,9,7,6,8,5,6,7,7,6,6,6,9,10,9,8,9,9
gc,svn,cleartk,/trunk/ClearTK-toolkit/src/test/java/org/cleartk/util/linewriter/LineWriterTest.java,buggy,java,IssueTrue,19441,183,1728,4,9,4,9,6,2,5,8,5,6,6,5,4,6,5,5,9,9,9,8,7,7,6,5,4,7,6,7,8,8,7,8,7,7,9,8,7,9,10,10,9,8,8,4,7,5,9,7,8,9,7,9,9,9,7,8,7,4,5,5,9,10,10
