Host,Vcs,Project,File,Buggy,PL,IssueTracking,TLOC,TNF,TNC,TND,LOC,CL,NStmt,NFunc,RCC,MNL,avg_WMC,max_WMC,total_WMC,avg_DIT,max_DIT,total_DIT,avg_RFC,max_RFC,total_RFC,avg_NOC,max_NOC,total_NOC,avg_CBO,max_CBO,total_CBO,avg_DIT.1,max_DIT.1,total_DIT.1,avg_NIV,max_NIV,total_NIV,avg_NIM,max_NIM,total_NIM,avg_NOM,max_NOM,total_NOM,avg_NPBM,max_NPBM,total_NPBM,avg_NPM,max_NPM,total_NPM,avg_NPRM,max_NPRM,total_NPRM,avg_CC,max_CC,total_CC,avg_FANIN,max_FANIN,total_FANIN,avg_FANOUT,max_FANOUT,total_FANOUT,NRev,NFix,avg_AddedLOC,max_AddedLOC,total_AddedLOC,avg_DeletedLOC,max_DeletedLOC,total_DeletedLOC,avg_ModifiedLOC,max_ModifiedLOC,total_ModifiedLOC
sf,cvs,clisp,clisp/clisp/modules/rawsock/rawsock.c,buggy,c,IssueTrue,3226,11,32049,16,7,8,9,9,3,8,7,7,7,8,9,5,8,9,10,9,9,9,9,9,10,8,9,5,8,8,8,10,10,10,10,10,10,10,10,10,9,9,9,8,8,9,5,7,7,3,5,7,8,6,9,6,8,7,7,6,8,8,7,8,10,7
sf,cvs,clisp,clisp/clisp/modules/syscalls/calls.c,buggy,c,IssueTrue,3226,11,32049,16,6,9,6,7,5,6,7,7,7,8,9,5,8,9,10,9,9,9,9,9,10,8,9,5,6,6,6,10,10,10,10,10,10,10,10,10,9,9,9,8,8,9,5,7,6,3,4,3,7,6,7,6,9,3,3,3,4,4,4,2,1,1
sf,cvs,clisp,clisp/clisp/src/_clisp.c,clean,c,IssueTrue,3226,11,32049,16,4,6,5,3,4,9,7,7,7,8,9,5,8,9,10,9,9,9,9,9,10,8,9,5,6,6,6,10,10,10,10,10,10,10,10,10,9,9,9,8,8,9,10,10,6,4,3,3,6,4,3,5,8,4,4,4,4,4,4,3,3,3
sf,cvs,clisp,clisp/clisp/src/gllib/stdint.in.h,clean,c,IssueTrue,3226,11,32049,16,1,6,1,2,9,3,7,7,7,8,9,5,8,9,10,9,9,9,9,9,10,8,9,5,6,6,6,10,10,10,10,10,10,10,10,10,9,9,9,8,8,9,3,3,2,3,2,2,3,2,2,3,5,3,3,3,4,4,4,4,4,3
sf,cvs,clisp,clisp/clisp/src/gllib/string.in.h,buggy,c,IssueTrue,3226,11,32049,16,1,6,1,2,10,3,7,7,7,8,9,5,8,9,10,9,9,9,9,9,10,8,9,5,6,6,6,10,10,10,10,10,10,10,10,10,9,9,9,8,8,9,3,3,2,3,2,2,3,2,2,3,5,3,3,3,7,6,6,2,1,1
sf,cvs,clisp,clisp/clisp/src/gllib/unistd.in.h,buggy,c,IssueTrue,3226,11,32049,16,1,2,1,2,10,3,7,7,7,8,9,5,8,9,10,9,9,9,9,9,10,8,9,5,6,6,6,10,10,10,10,10,10,10,10,10,9,9,9,8,8,9,3,3,2,3,2,2,3,2,2,3,5,9,7,7,8,6,6,4,4,3
sf,cvs,clisp,clisp/clisp/src/gllib/wchar.in.h,clean,c,IssueTrue,3226,11,32049,16,1,4,1,2,10,3,7,7,7,8,9,5,8,9,10,9,9,9,9,9,10,8,9,5,6,6,6,10,10,10,10,10,10,10,10,10,9,9,9,8,8,9,3,3,2,3,2,2,3,2,2,3,5,8,6,5,4,4,4,5,4,3
