Host,Vcs,Project,File,Buggy,PL,IssueTracking,TLOC,TNF,TNC,TND,LOC,CL,NStmt,NFunc,RCC,MNL,avg_WMC,max_WMC,total_WMC,avg_DIT,max_DIT,total_DIT,avg_RFC,max_RFC,total_RFC,avg_NOC,max_NOC,total_NOC,avg_CBO,max_CBO,total_CBO,avg_DIT.1,max_DIT.1,total_DIT.1,avg_NIV,max_NIV,total_NIV,avg_NIM,max_NIM,total_NIM,avg_NOM,max_NOM,total_NOM,avg_NPBM,max_NPBM,total_NPBM,avg_NPM,max_NPM,total_NPM,avg_NPRM,max_NPRM,total_NPRM,avg_CC,max_CC,total_CC,avg_FANIN,max_FANIN,total_FANIN,avg_FANOUT,max_FANOUT,total_FANOUT,NRev,NFix,avg_AddedLOC,max_AddedLOC,total_AddedLOC,avg_DeletedLOC,max_DeletedLOC,total_DeletedLOC,avg_ModifiedLOC,max_ModifiedLOC,total_ModifiedLOC
sf,cvs,codepurge,codepurge/codepurge/dev/logviewer/codepurgelog.cpp,clean,cpp,IssueFalse,10904,211,448,1,3,2,4,6,5,8,7,7,7,8,9,5,8,9,5,9,9,9,6,6,6,8,9,5,6,6,6,6,6,6,6,6,6,6,6,6,9,9,9,8,8,9,6,7,6,5,4,5,6,8,6,3,5,3,3,4,4,4,5,3,3,3
sf,cvs,codepurge,codepurge/codepurge/dev/logviewer/main.cpp,clean,cpp,IssueFalse,10904,211,448,1,1,1,2,3,4,6,7,7,7,8,9,5,8,9,5,9,9,9,6,6,6,8,9,5,6,6,6,6,6,6,6,6,6,6,6,6,9,9,9,8,8,9,5,4,3,8,5,4,9,7,5,3,5,3,3,4,4,4,5,3,3,3
sf,cvs,codepurge,codepurge/codepurge/dev/logviewer/mainwindow.cpp,clean,cpp,IssueFalse,10904,211,448,1,8,2,8,8,2,9,7,7,7,8,9,5,8,9,5,9,9,9,6,6,6,8,9,5,6,6,6,6,6,6,6,6,6,6,6,6,9,9,9,8,8,9,7,7,7,10,9,9,9,9,10,5,5,10,10,10,4,4,5,5,5,5
sf,cvs,codepurge,codepurge/codepurge/dev/logviewer/mainwindow.h,clean,cpp,IssueFalse,10904,211,448,1,4,1,6,3,1,6,8,8,8,10,10,8,9,9,6,9,9,9,9,9,9,10,10,8,10,10,10,8,9,8,8,8,8,7,8,8,9,9,9,10,10,10,5,4,3,10,7,5,5,5,3,3,5,10,8,8,6,5,5,3,3,3
sf,cvs,codepurge,codepurge/codepurge/dev/src/Attic/database.cpp,clean,cpp,IssueFalse,10904,211,448,1,3,1,3,7,1,8,7,7,7,8,9,5,8,9,5,9,9,9,6,6,6,8,9,5,6,6,6,6,6,6,6,6,6,6,6,6,9,9,9,8,8,9,5,6,6,7,5,7,5,6,6,3,8,3,3,4,4,4,5,5,4,4
sf,cvs,codepurge,codepurge/codepurge/dev/src/Attic/databaseaccount.h,clean,cpp,IssueFalse,10904,211,448,1,5,4,6,2,6,6,7,7,7,10,10,7,10,10,8,9,9,9,6,6,6,10,10,7,10,10,10,10,10,10,10,10,10,10,10,10,9,9,9,8,8,9,2,2,2,3,2,3,3,3,2,7,8,5,4,7,5,6,6,5,5,6
sf,cvs,codepurge,codepurge/codepurge/dev/src/Attic/databaseaccounts.cpp,clean,cpp,IssueFalse,10904,211,448,1,9,3,9,8,2,10,7,7,7,8,9,5,8,9,5,9,9,9,6,6,6,8,9,5,6,6,6,6,6,6,6,6,6,6,6,6,9,9,9,8,8,9,10,9,9,7,7,8,9,10,10,9,8,5,5,7,6,7,8,7,8,8
sf,cvs,codepurge,codepurge/codepurge/dev/src/Attic/databaseaccounts.h,clean,cpp,IssueFalse,10904,211,448,1,3,7,4,2,9,6,9,9,9,10,10,7,9,9,6,9,9,9,9,8,8,10,10,7,7,7,7,9,9,8,9,9,8,9,9,8,9,9,9,10,10,10,2,2,2,3,2,3,3,3,2,5,5,5,4,6,5,5,5,3,3,4
sf,cvs,codepurge,codepurge/codepurge/dev/src/Attic/databaseobject.h,clean,cpp,IssueFalse,10904,211,448,1,3,2,3,2,3,6,7,7,7,8,9,5,9,9,6,10,10,10,6,6,7,8,9,5,9,9,8,8,8,8,8,8,7,9,8,8,9,9,9,8,8,9,2,2,2,3,2,3,3,3,2,3,8,3,3,4,4,4,5,7,6,5
sf,cvs,codepurge,codepurge/codepurge/dev/src/Attic/databasetable.h,clean,cpp,IssueFalse,10904,211,448,1,3,4,4,2,7,6,7,7,7,10,10,7,10,10,7,9,9,9,7,7,7,10,10,7,9,8,8,9,9,9,9,9,8,9,9,9,9,9,9,8,8,9,2,2,2,3,2,3,3,3,2,3,8,3,3,4,4,4,5,6,5,4
sf,cvs,codepurge,codepurge/codepurge/dev/src/Attic/databasetoxml.h,clean,cpp,IssueFalse,10904,211,448,1,2,3,4,2,6,6,7,7,7,8,9,5,9,9,6,9,9,9,8,8,8,8,9,5,6,6,6,7,7,7,9,9,8,9,8,8,9,9,9,10,9,9,2,2,2,3,2,3,3,3,2,3,8,3,3,4,7,6,6,2,2,2
sf,cvs,codepurge,codepurge/codepurge/dev/src/Attic/databasetransformer.cpp,clean,cpp,IssueFalse,10904,211,448,1,8,6,9,8,3,10,7,7,7,8,9,5,8,9,5,9,9,9,6,6,6,8,9,5,6,6,6,6,6,6,6,6,6,6,6,6,9,9,9,8,8,9,9,9,9,8,8,9,9,10,10,10,9,8,9,10,9,10,10,8,9,10
sf,cvs,codepurge,codepurge/codepurge/dev/src/Attic/databasetransformer.h,clean,cpp,IssueFalse,10904,211,448,1,2,2,3,2,5,6,9,9,9,10,10,9,10,10,7,9,9,9,10,9,9,10,10,9,7,7,7,9,9,8,9,8,8,9,8,8,9,9,9,10,9,9,2,2,2,3,2,3,3,3,2,10,8,4,4,7,7,8,9,4,5,7
sf,cvs,codepurge,codepurge/codepurge/dev/src/Attic/transform.cpp,clean,cpp,IssueFalse,10904,211,448,1,9,4,10,10,2,9,7,7,7,8,9,5,8,9,5,9,9,9,6,6,6,8,9,5,6,6,6,6,6,6,6,6,6,6,6,6,9,9,9,8,8,9,7,8,10,3,6,7,6,10,10,10,5,9,10,10,8,9,10,8,8,9
sf,cvs,codepurge,codepurge/codepurge/dev/src/Attic/transform.h,clean,cpp,IssueFalse,10904,211,448,1,6,8,7,3,8,6,7,7,7,8,9,5,8,9,5,9,9,9,6,6,6,8,9,5,6,6,6,6,6,6,6,6,6,6,6,6,9,9,9,8,8,9,5,4,3,3,2,3,6,5,3,10,5,7,7,9,6,7,7,7,8,8
sf,cvs,codepurge,codepurge/codepurge/dev/src/Attic/transformer.h,clean,cpp,IssueFalse,10904,211,448,1,3,3,3,2,6,6,7,7,7,10,10,8,9,9,6,10,10,10,7,7,7,10,10,8,9,8,8,8,8,8,8,8,8,9,8,8,9,9,9,8,8,9,2,2,2,3,2,3,3,3,2,8,8,5,5,7,4,4,5,5,5,6
sf,cvs,codepurge,codepurge/codepurge/dev/src/Attic/transformfactory.h,clean,cpp,IssueFalse,10904,211,448,1,2,2,3,5,4,6,7,7,7,8,9,5,8,9,5,9,9,9,6,6,6,8,9,5,6,6,6,6,6,6,6,6,6,6,6,6,9,9,9,8,8,9,5,4,4,7,7,6,5,6,5,7,5,6,6,7,7,8,8,2,3,4
sf,cvs,codepurge,codepurge/codepurge/dev/src/Attic/transformoutputinfo.cpp,clean,cpp,IssueFalse,10904,211,448,1,3,1,4,7,1,6,7,7,7,8,9,5,8,9,5,9,9,9,6,6,6,8,9,5,6,6,6,6,6,6,6,6,6,6,6,6,9,9,9,8,8,9,5,4,6,7,8,7,5,7,6,6,5,7,7,8,4,4,5,7,7,7
sf,cvs,codepurge,codepurge/codepurge/dev/src/Attic/transformoutputinfo.h,clean,cpp,IssueFalse,10904,211,448,1,2,3,3,2,7,6,8,8,7,10,10,7,9,9,6,9,9,9,6,6,7,10,10,7,10,9,9,9,9,9,9,9,8,9,8,8,9,9,9,8,8,9,2,2,2,3,2,3,3,3,2,8,5,6,6,8,4,4,5,6,6,7
sf,cvs,codepurge,codepurge/codepurge/dev/src/Attic/transformoutputresult.cpp,buggy,cpp,IssueFalse,10904,211,448,1,3,1,4,8,1,6,7,7,7,8,9,5,8,9,5,9,9,9,6,6,6,8,9,5,6,6,6,6,6,6,6,6,6,6,6,6,9,9,9,8,8,9,5,4,6,7,5,7,5,6,7,9,5,5,6,8,5,6,6,3,6,6
sf,cvs,codepurge,codepurge/codepurge/dev/src/Attic/transformoutputresult.h,clean,cpp,IssueFalse,10904,211,448,1,2,2,3,2,6,6,8,8,8,10,10,7,10,10,6,9,9,9,7,7,7,10,10,7,9,8,8,9,9,9,9,9,9,9,9,8,9,9,9,8,8,9,2,2,2,3,2,3,3,3,2,8,5,4,5,6,5,5,5,4,5,6
sf,cvs,codepurge,codepurge/codepurge/dev/src/Attic/xmlstreamwriter.cpp,clean,cpp,IssueFalse,10904,211,448,1,5,1,6,8,1,8,7,7,7,8,9,5,8,9,5,9,9,9,6,6,6,8,9,5,6,6,6,6,6,6,6,6,6,6,6,6,9,9,9,8,8,9,6,6,8,7,7,8,5,7,8,8,8,5,5,7,6,6,7,6,6,7
sf,cvs,codepurge,codepurge/codepurge/dev/src/Attic/xmlstreamwriter.h,clean,cpp,IssueFalse,10904,211,448,1,2,3,3,2,7,6,9,8,8,8,9,5,9,9,6,9,9,9,7,7,7,8,9,5,9,8,8,9,9,8,9,9,8,9,9,9,9,9,9,9,9,9,2,2,2,3,2,3,3,3,2,7,8,3,4,5,6,6,6,4,5,5
sf,cvs,codepurge,codepurge/codepurge/dev/src/Attic/xmltransformer.cpp,clean,cpp,IssueFalse,10904,211,448,1,2,1,2,7,1,6,7,7,7,8,9,5,8,9,5,9,9,9,6,6,6,8,9,5,6,6,6,6,6,6,6,6,6,6,6,6,9,9,9,8,8,9,5,4,6,3,3,3,3,5,4,6,9,3,3,4,4,4,5,4,4,5
sf,cvs,codepurge,codepurge/codepurge/dev/src/Attic/xmltransformer.h,clean,cpp,IssueFalse,10904,211,448,1,2,1,2,2,1,6,8,7,7,10,10,9,10,10,7,9,9,9,7,7,7,10,10,9,6,6,6,8,8,8,8,8,7,9,8,8,9,9,9,8,8,9,2,2,2,3,2,3,3,3,2,7,9,3,3,4,5,5,5,3,4,5
sf,cvs,codepurge,codepurge/codepurge/dev/src/codenotebookfactory.cpp,clean,cpp,IssueFalse,10904,211,448,1,2,3,2,5,8,6,7,7,7,8,9,5,8,9,5,9,9,9,6,6,6,8,9,5,6,6,6,6,6,6,6,6,6,6,6,6,9,9,9,8,8,9,5,4,4,3,2,3,4,3,4,8,5,5,6,7,5,6,6,6,7,7
sf,cvs,codepurge,codepurge/codepurge/dev/src/codenotebookpage.cpp,clean,cpp,IssueFalse,10904,211,448,1,3,1,3,7,2,8,7,7,7,8,9,5,8,9,5,9,9,9,6,6,6,8,9,5,6,6,6,6,6,6,6,6,6,6,6,6,9,9,9,8,8,9,5,6,6,5,4,6,5,6,6,6,5,5,4,6,9,9,9,6,7,6
sf,cvs,codepurge,codepurge/codepurge/dev/src/codenotebookpage.h,clean,cpp,IssueFalse,10904,211,448,1,2,2,3,2,4,6,8,7,7,8,9,5,9,9,6,9,9,9,6,6,7,8,9,5,9,9,8,8,8,7,8,7,7,8,8,8,9,9,9,8,8,9,2,2,2,3,2,3,3,3,2,5,5,5,5,6,8,7,8,7,7,6
sf,cvs,codepurge,codepurge/codepurge/dev/src/codepurge.h,clean,cpp,IssueFalse,10904,211,448,1,1,3,2,2,8,6,7,7,7,8,9,5,8,9,5,9,9,9,6,6,6,8,9,5,6,6,6,6,6,6,6,6,6,6,6,6,9,9,9,8,8,9,2,2,2,3,2,3,3,3,2,9,9,6,7,8,7,7,8,3,5,6
sf,cvs,codepurge,codepurge/codepurge/dev/src/codepurgeconfiguration.cpp,clean,cpp,IssueFalse,10904,211,448,1,6,1,6,9,1,6,7,7,7,8,9,5,8,9,5,9,9,9,6,6,6,8,9,5,6,6,6,6,6,6,6,6,6,6,6,6,9,9,9,8,8,9,5,4,8,5,6,8,6,6,9,7,5,6,6,8,8,8,9,2,3,4
sf,cvs,codepurge,codepurge/codepurge/dev/src/codepurgeconfiguration.h,clean,cpp,IssueFalse,10904,211,448,1,3,4,4,2,7,6,9,8,8,8,9,5,10,10,7,9,9,9,8,8,8,8,9,5,8,8,7,9,9,9,9,9,9,10,9,9,9,9,9,8,8,9,2,2,2,3,2,3,3,3,2,7,5,5,6,7,7,6,7,2,3,4
sf,cvs,codepurge,codepurge/codepurge/dev/src/codepurgedialog.cpp,clean,cpp,IssueFalse,10904,211,448,1,4,1,4,8,1,6,7,7,7,8,9,5,8,9,5,9,9,9,6,6,6,8,9,5,6,6,6,6,6,6,6,6,6,6,6,6,9,9,9,8,8,9,5,4,6,7,6,8,5,6,7,7,8,6,6,8,5,5,5,3,5,5
sf,cvs,codepurge,codepurge/codepurge/dev/src/codepurgedialog.h,clean,cpp,IssueFalse,10904,211,448,1,2,5,3,2,9,6,8,8,8,10,10,7,9,9,6,10,10,10,7,7,7,10,10,7,9,8,8,9,9,8,9,9,8,9,8,8,10,10,10,8,8,9,2,2,2,3,2,3,3,3,2,6,8,6,6,7,6,6,7,7,6,7
sf,cvs,codepurge,codepurge/codepurge/dev/src/codepurgeentryregistry.cpp,buggy,cpp,IssueFalse,10904,211,448,1,3,1,4,7,3,6,7,7,7,8,9,5,8,9,5,9,9,9,6,6,6,8,9,5,6,6,6,6,6,6,6,6,6,6,6,6,9,9,9,8,8,9,5,4,6,4,4,5,3,3,4,3,5,3,3,4,4,4,5,6,5,4
sf,cvs,codepurge,codepurge/codepurge/dev/src/codepurgeentryregistry.h,buggy,cpp,IssueFalse,10904,211,448,1,2,2,3,2,6,6,8,7,7,10,10,7,9,9,6,9,9,9,6,6,7,10,10,7,8,8,7,9,9,8,9,8,8,8,7,7,9,9,9,10,10,10,2,2,2,3,2,3,3,3,2,3,5,3,3,4,4,4,5,6,5,5
sf,cvs,codepurge,codepurge/codepurge/dev/src/codepurgeexception.cpp,clean,cpp,IssueFalse,10904,211,448,1,2,1,2,6,1,6,7,7,7,8,9,5,8,9,5,9,9,9,6,6,6,8,9,5,6,6,6,6,6,6,6,6,6,6,6,6,9,9,9,8,8,9,5,4,5,7,7,7,4,5,5,5,5,7,6,7,4,4,5,5,5,5
sf,cvs,codepurge,codepurge/codepurge/dev/src/codepurgeexception.h,clean,cpp,IssueFalse,10904,211,448,1,2,2,2,2,5,6,8,7,7,10,10,7,9,9,6,9,9,9,6,6,7,10,10,7,8,8,7,7,7,7,7,7,7,8,8,8,9,9,9,8,8,9,2,2,2,3,2,3,3,3,2,5,5,7,6,7,5,5,5,6,5,5
sf,cvs,codepurge,codepurge/codepurge/dev/src/codepurgeinfo.cpp,clean,cpp,IssueFalse,10904,211,448,1,3,1,5,6,1,6,7,7,7,8,9,5,8,9,5,9,9,9,6,6,6,8,9,5,6,6,6,6,6,6,6,6,6,6,6,6,9,9,9,8,8,9,5,4,5,7,9,6,7,7,7,3,5,3,3,4,4,4,5,3,3,3
sf,cvs,codepurge,codepurge/codepurge/dev/src/codepurgeinfo.h,clean,cpp,IssueFalse,10904,211,448,1,2,1,2,2,2,6,8,7,7,8,9,5,9,9,6,9,9,9,7,7,7,8,9,5,6,6,6,6,7,6,7,7,7,7,7,7,9,9,9,9,9,9,2,2,2,3,2,3,3,3,2,3,5,6,5,6,7,6,6,2,2,2
sf,cvs,codepurge,codepurge/codepurge/dev/src/codepurgepreferences.cpp,clean,cpp,IssueFalse,10904,211,448,1,6,3,8,8,3,9,7,7,7,8,9,5,8,9,5,9,9,9,6,6,6,8,9,5,6,6,6,6,6,6,6,6,6,6,6,6,9,9,9,8,8,9,7,7,8,7,7,8,8,9,9,8,8,9,9,9,8,9,9,7,8,8
sf,cvs,codepurge,codepurge/codepurge/dev/src/codepurgepreferences.h,clean,cpp,IssueFalse,10904,211,448,1,3,2,4,2,6,6,9,8,8,8,9,5,9,9,6,9,9,9,10,9,9,8,9,5,10,9,9,9,9,8,9,8,8,9,9,9,9,9,9,9,9,9,2,2,2,3,2,3,3,3,2,3,5,6,4,6,4,4,5,9,7,6
sf,cvs,codepurge,codepurge/codepurge/dev/src/codepurgesettings.cpp,clean,cpp,IssueFalse,10904,211,448,1,3,1,4,6,1,8,7,7,7,8,9,5,8,9,5,9,9,9,6,6,6,8,9,5,6,6,6,6,6,6,6,6,6,6,6,6,9,9,9,8,8,9,5,6,5,5,4,5,6,7,6,7,5,6,6,7,8,8,8,5,6,6
sf,cvs,codepurge,codepurge/codepurge/dev/src/codepurgesettings.h,clean,cpp,IssueFalse,10904,211,448,1,2,2,3,2,5,6,8,7,7,8,9,5,9,9,6,9,9,9,7,7,7,8,9,5,8,8,7,8,8,8,8,8,8,8,7,7,9,9,9,10,9,9,2,2,2,3,2,3,3,3,2,5,5,4,4,5,4,4,5,3,3,4
sf,cvs,codepurge,codepurge/codepurge/dev/src/codepurgestock.cpp,clean,cpp,IssueFalse,10904,211,448,1,4,1,4,4,2,8,7,7,7,8,9,5,8,9,5,9,9,9,6,6,6,8,9,5,6,6,6,6,6,6,6,6,6,6,6,6,9,9,9,8,8,9,7,6,4,10,8,6,8,7,5,3,5,5,4,5,4,4,5,8,7,6
sf,cvs,codepurge,codepurge/codepurge/dev/src/codepurgeutils.cpp,clean,cpp,IssueFalse,10904,211,448,1,2,1,3,5,4,9,7,7,7,8,9,5,8,9,5,9,9,9,6,6,6,8,9,5,6,6,6,6,6,6,6,6,6,6,6,6,9,9,9,8,8,9,7,7,5,4,4,4,6,7,5,3,5,3,3,4,9,7,7,2,2,2
sf,cvs,codepurge,codepurge/codepurge/dev/src/codepurgeutils.h,clean,cpp,IssueFalse,10904,211,448,1,2,2,3,3,6,8,8,7,7,8,9,5,9,9,6,9,9,9,7,7,7,8,9,5,6,6,6,6,7,6,7,7,7,7,7,7,9,9,9,9,9,9,2,2,2,3,2,3,3,3,2,3,5,8,6,7,4,4,5,6,5,5
sf,cvs,codepurge,codepurge/codepurge/dev/src/commands/showtransformwindow.cpp,clean,cpp,IssueFalse,10904,211,448,1,3,1,3,5,1,8,7,7,7,8,9,5,8,9,5,9,9,9,6,6,6,8,9,5,6,6,6,6,6,6,6,6,6,6,6,6,9,9,9,8,8,9,7,7,5,4,3,4,8,9,7,3,8,6,4,6,8,6,7,5,4,4
sf,cvs,codepurge,codepurge/codepurge/dev/src/cptppreferences.cpp,clean,cpp,IssueFalse,10904,211,448,1,3,1,3,7,2,6,7,7,7,8,9,5,8,9,5,9,9,9,6,6,6,8,9,5,6,6,6,6,6,6,6,6,6,6,6,6,9,9,9,8,8,9,5,4,6,5,4,6,4,5,6,5,5,3,3,4,4,4,5,3,3,4
sf,cvs,codepurge,codepurge/codepurge/dev/src/cptppreferences.h,clean,cpp,IssueFalse,10904,211,448,1,2,2,2,2,6,6,8,8,7,10,10,7,10,10,6,9,9,9,8,8,8,10,10,7,7,7,7,8,8,8,8,8,8,9,8,8,9,9,9,8,8,9,2,2,2,3,2,3,3,3,2,3,5,3,3,4,6,5,5,3,3,3
sf,cvs,codepurge,codepurge/codepurge/dev/src/datetime.cpp,clean,cpp,IssueFalse,10904,211,448,1,4,1,5,7,1,8,7,7,7,8,9,5,8,9,5,9,9,9,6,6,6,8,9,5,6,6,6,6,6,6,6,6,6,6,6,6,9,9,9,8,8,9,7,8,7,8,8,8,5,6,7,3,5,3,3,4,4,4,5,5,4,4
sf,cvs,codepurge,codepurge/codepurge/dev/src/datetime.h,clean,cpp,IssueFalse,10904,211,448,1,2,2,3,2,4,6,8,8,8,8,9,5,9,9,6,9,9,9,6,6,7,8,9,5,7,7,7,9,8,8,9,8,8,9,9,9,9,9,9,8,8,9,2,2,2,3,2,3,3,3,2,3,5,6,4,6,4,4,5,3,3,3
sf,cvs,codepurge,codepurge/codepurge/dev/src/events/Attic/delegate.h,clean,cpp,IssueFalse,10904,211,448,1,1,7,1,2,10,6,7,7,7,8,9,5,8,9,5,9,9,9,6,6,6,8,9,5,6,6,6,6,6,6,6,6,6,6,6,6,9,9,9,8,8,9,2,2,2,3,2,3,3,3,2,8,5,6,6,8,9,9,9,4,6,6
sf,cvs,codepurge,codepurge/codepurge/dev/src/framework/baselogger.cpp,buggy,cpp,IssueFalse,10904,211,448,1,4,1,4,7,1,8,7,7,7,8,9,5,8,9,5,9,9,9,6,6,6,8,9,5,6,6,6,6,6,6,6,6,6,6,6,6,9,9,9,8,8,9,8,8,7,8,7,8,4,5,6,5,5,8,7,8,4,4,5,5,5,5
sf,cvs,codepurge,codepurge/codepurge/dev/src/framework/baselogger.h,clean,cpp,IssueFalse,10904,211,448,1,3,2,3,2,5,6,8,8,8,8,9,5,9,9,6,10,10,10,6,6,7,8,9,5,8,8,7,8,8,8,8,8,8,9,8,8,10,9,9,8,8,9,2,2,2,3,2,3,3,3,2,6,5,3,3,4,7,6,7,7,7,7
sf,cvs,codepurge,codepurge/codepurge/dev/src/framework/codepurgelogger.cpp,clean,cpp,IssueFalse,10904,211,448,1,4,1,4,7,1,8,7,7,7,8,9,5,8,9,5,9,9,9,6,6,6,8,9,5,6,6,6,6,6,6,6,6,6,6,6,6,9,9,9,8,8,9,7,7,6,8,7,7,5,6,6,9,5,6,6,8,7,7,8,5,6,7
sf,cvs,codepurge,codepurge/codepurge/dev/src/framework/codepurgelogger.h,buggy,cpp,IssueFalse,10904,211,448,1,3,3,3,2,6,6,8,8,8,10,10,7,9,9,6,9,9,9,8,7,8,10,10,7,8,8,7,9,8,8,9,8,8,8,8,8,9,9,9,10,9,9,2,2,2,3,2,3,3,3,2,8,5,6,6,8,6,6,7,6,7,7
sf,cvs,codepurge,codepurge/codepurge/dev/src/framework/designbycontract.h,clean,cpp,IssueFalse,10904,211,448,1,1,1,1,2,4,6,7,7,7,8,9,5,9,9,5,9,9,9,6,6,6,8,9,5,6,6,6,6,7,6,6,6,6,7,7,7,9,9,9,8,8,9,2,2,2,3,2,3,3,3,2,6,5,3,3,4,5,5,5,3,4,4
sf,cvs,codepurge,codepurge/codepurge/dev/src/framework/plaintextlogger.cpp,clean,cpp,IssueFalse,10904,211,448,1,3,1,3,5,1,8,7,7,7,8,9,5,8,9,5,9,9,9,6,6,6,8,9,5,6,6,6,6,6,6,6,6,6,6,6,6,9,9,9,8,8,9,6,6,5,8,7,7,7,7,6,6,5,5,5,7,7,7,7,3,4,4
sf,cvs,codepurge,codepurge/codepurge/dev/src/framework/plaintextlogger.h,clean,cpp,IssueFalse,10904,211,448,1,2,1,2,2,4,6,8,7,7,10,10,7,9,9,6,9,9,9,7,7,7,10,10,7,7,7,7,7,7,7,7,7,7,8,7,7,9,9,9,8,8,9,2,2,2,3,2,3,3,3,2,3,5,3,3,4,8,7,7,6,5,4
sf,cvs,codepurge,codepurge/codepurge/dev/src/framework/require.cpp,clean,cpp,IssueFalse,10904,211,448,1,1,1,2,5,2,8,7,7,7,8,9,5,8,9,5,9,9,9,6,6,6,8,9,5,6,6,6,6,6,6,6,6,6,6,6,6,9,9,9,8,8,9,6,6,4,3,3,3,4,3,3,3,5,3,3,4,4,4,5,3,3,3
sf,cvs,codepurge,codepurge/codepurge/dev/src/framework/require.h,clean,cpp,IssueFalse,10904,211,448,1,5,3,6,7,4,9,7,7,7,8,9,5,9,9,6,9,9,9,6,6,6,8,9,5,6,6,6,6,7,6,7,7,7,7,7,7,9,9,9,8,8,9,5,4,3,7,4,4,5,5,4,7,8,6,7,8,5,6,6,4,5,5
sf,cvs,codepurge,codepurge/codepurge/dev/src/framework/xmllogger.cpp,buggy,cpp,IssueFalse,10904,211,448,1,3,1,4,5,2,8,7,7,7,8,9,5,8,9,5,9,9,9,6,6,6,8,9,5,6,6,6,6,6,6,6,6,6,6,6,6,9,9,9,8,8,9,6,6,5,8,8,6,8,8,8,3,5,10,9,9,4,4,5,3,3,3
sf,cvs,codepurge,codepurge/codepurge/dev/src/framework/xmllogger.h,buggy,cpp,IssueFalse,10904,211,448,1,2,1,2,2,3,6,8,7,7,10,10,7,9,9,6,9,9,9,8,7,8,10,10,7,7,7,7,7,7,7,7,7,7,8,7,7,9,9,9,8,8,9,2,2,2,3,2,3,3,3,2,3,5,8,6,7,4,4,5,6,5,4
sf,cvs,codepurge,codepurge/codepurge/dev/src/generalpreferences.cpp,clean,cpp,IssueFalse,10904,211,448,1,2,3,2,6,7,6,7,7,7,8,9,5,8,9,5,9,9,9,6,6,6,8,9,5,6,6,6,6,6,6,6,6,6,6,6,6,9,9,9,8,8,9,5,4,5,4,3,4,4,5,4,6,5,3,4,5,8,8,8,7,7,6
sf,cvs,codepurge,codepurge/codepurge/dev/src/generalpreferences.h,clean,cpp,IssueFalse,10904,211,448,1,2,2,3,2,7,6,8,7,7,10,10,7,10,10,7,9,9,9,7,7,7,10,10,7,6,6,6,9,8,8,9,8,8,9,9,9,9,9,9,8,8,9,2,2,2,3,2,3,3,3,2,5,5,3,4,5,6,6,6,2,3,3
sf,cvs,codepurge,codepurge/codepurge/dev/src/gtkapplicationbar.cpp,clean,cpp,IssueFalse,10904,211,448,1,4,2,5,7,2,8,7,7,7,8,9,5,8,9,5,9,9,9,6,6,6,8,9,5,6,6,6,6,6,6,6,6,6,6,6,6,9,9,9,8,8,9,5,6,6,9,9,8,7,9,8,7,8,5,6,7,6,7,7,5,6,6
sf,cvs,codepurge,codepurge/codepurge/dev/src/gtkapplicationbar.h,clean,cpp,IssueFalse,10904,211,448,1,2,2,3,2,5,6,8,8,7,8,9,5,9,9,6,10,10,10,8,7,8,8,9,5,10,9,9,8,8,8,8,8,7,8,8,8,10,9,9,8,8,9,2,2,2,3,2,3,3,3,2,7,8,3,3,4,5,6,6,6,6,6
sf,cvs,codepurge,codepurge/codepurge/dev/src/gtkbottombar.cpp,clean,cpp,IssueFalse,10904,211,448,1,1,1,2,4,2,6,7,7,7,8,9,5,8,9,5,9,9,9,6,6,6,8,9,5,6,6,6,6,6,6,6,6,6,6,6,6,9,9,9,8,8,9,5,4,3,7,6,5,9,9,7,9,8,6,6,8,7,7,8,3,5,6
sf,cvs,codepurge,codepurge/codepurge/dev/src/gtkbottombar.h,clean,cpp,IssueFalse,10904,211,448,1,1,1,1,2,3,6,7,7,7,10,10,7,9,9,6,9,9,9,8,7,8,10,10,7,7,7,7,6,7,6,6,6,6,7,7,7,9,9,9,8,8,9,2,2,2,3,2,3,3,3,2,8,8,4,5,7,7,6,8,2,4,4
sf,cvs,codepurge,codepurge/codepurge/dev/src/gtkcodenotebook.cpp,clean,cpp,IssueFalse,10904,211,448,1,6,3,7,7,4,9,7,7,7,8,9,5,8,9,5,9,9,9,6,6,6,8,9,5,6,6,6,6,6,6,6,6,6,6,6,6,9,9,9,8,8,9,6,7,6,8,8,7,9,10,9,10,9,7,8,9,8,9,10,7,9,9
sf,cvs,codepurge,codepurge/codepurge/dev/src/gtkcodenotebook.h,clean,cpp,IssueFalse,10904,211,448,1,2,2,4,2,5,6,8,8,7,10,10,7,9,9,6,9,9,9,9,8,8,10,10,7,10,9,9,8,8,8,8,8,7,8,7,7,9,9,9,10,9,9,2,2,2,3,2,3,3,3,2,9,8,5,6,8,8,8,9,3,5,6
sf,cvs,codepurge,codepurge/codepurge/dev/src/gtkcptppreferences.cpp,clean,cpp,IssueFalse,10904,211,448,1,3,1,4,5,1,6,7,7,7,8,9,5,8,9,5,9,9,9,6,6,6,8,9,5,6,6,6,6,6,6,6,6,6,6,6,6,9,9,9,8,8,9,5,4,4,4,5,4,7,7,7,6,5,5,6,7,5,6,6,4,5,5
sf,cvs,codepurge,codepurge/codepurge/dev/src/gtkdatabaseaccounts.cpp,buggy,cpp,IssueFalse,10904,211,448,1,9,4,10,10,2,10,7,7,7,8,9,5,8,9,5,9,9,9,6,6,6,8,9,5,6,6,6,6,6,6,6,6,6,6,6,6,9,9,9,8,8,9,8,9,10,10,10,10,9,10,10,9,5,4,6,7,5,6,7,5,6,7
sf,cvs,codepurge,codepurge/codepurge/dev/src/gtkdatabaseaccounts.h,buggy,cpp,IssueFalse,10904,211,448,1,6,4,8,3,5,6,9,9,9,10,10,8,10,10,7,9,9,9,8,9,9,10,10,8,10,10,10,9,10,9,9,9,9,7,7,8,9,9,9,10,10,10,5,4,3,8,5,4,5,5,3,3,5,4,4,5,6,5,5,3,3,3
sf,cvs,codepurge,codepurge/codepurge/dev/src/gtkdatabaseobjectssidepanel.cpp,clean,cpp,IssueFalse,10904,211,448,1,8,9,8,9,7,9,7,7,7,8,9,5,8,9,5,9,9,9,6,6,6,8,9,5,6,6,6,6,6,6,6,6,6,6,6,6,9,9,9,8,8,9,6,7,9,8,9,9,8,10,10,10,9,6,8,10,7,8,9,8,9,9
sf,cvs,codepurge,codepurge/codepurge/dev/src/gtkdatabaseobjectssidepanel.h,clean,cpp,IssueFalse,10904,211,448,1,4,4,5,2,7,6,9,9,8,8,9,5,10,10,7,9,9,9,10,9,9,8,9,5,10,10,9,10,9,9,9,9,9,8,7,7,9,9,9,10,10,10,2,2,2,3,2,3,3,3,2,9,9,5,5,8,7,7,8,3,6,6
sf,cvs,codepurge,codepurge/codepurge/dev/src/gtkdialogmanager.cpp,buggy,cpp,IssueFalse,10904,211,448,1,5,2,6,5,2,10,7,7,7,8,9,5,8,9,5,9,9,9,6,6,6,8,9,5,6,6,6,6,6,6,6,6,6,6,6,6,9,9,9,8,8,9,10,9,8,7,7,6,6,7,6,6,5,6,5,7,5,5,5,2,2,2
sf,cvs,codepurge,codepurge/codepurge/dev/src/gtkdialogmanager.h,clean,cpp,IssueFalse,10904,211,448,1,2,2,3,2,4,6,9,8,8,8,9,5,9,9,6,9,9,9,8,7,8,8,9,5,6,6,6,6,7,6,7,7,7,7,7,7,9,9,9,9,9,9,2,2,2,3,2,3,3,3,2,3,5,5,4,5,4,4,5,2,2,2
sf,cvs,codepurge,codepurge/codepurge/dev/src/gtkfilefolderchooser.cpp,clean,cpp,IssueFalse,10904,211,448,1,3,1,3,6,1,6,7,7,7,8,9,5,8,9,5,9,9,9,6,6,6,8,9,5,6,6,6,6,6,6,6,6,6,6,6,6,9,9,9,8,8,9,5,4,5,10,9,8,5,6,6,6,5,4,4,6,6,5,6,6,6,6
sf,cvs,codepurge,codepurge/codepurge/dev/src/gtkfilefolderchooser.h,clean,cpp,IssueFalse,10904,211,448,1,1,2,2,2,5,6,8,7,7,10,10,7,9,9,6,9,9,9,7,7,7,10,10,7,6,6,6,9,8,8,9,8,8,8,8,8,9,9,9,8,8,9,2,2,2,3,2,3,3,3,2,3,5,5,4,5,4,4,5,2,2,2
sf,cvs,codepurge,codepurge/codepurge/dev/src/gtkgeneralpreferences.cpp,clean,cpp,IssueFalse,10904,211,448,1,2,1,3,5,1,6,7,7,7,8,9,5,8,9,5,9,9,9,6,6,6,8,9,5,6,6,6,6,6,6,6,6,6,6,6,6,9,9,9,8,8,9,5,4,4,3,3,3,5,6,5,6,5,4,4,6,8,8,8,4,5,5
sf,cvs,codepurge,codepurge/codepurge/dev/src/gtkoutputlog.cpp,clean,cpp,IssueFalse,10904,211,448,1,6,1,6,7,1,9,7,7,7,8,9,5,8,9,5,9,9,9,6,6,6,8,9,5,6,6,6,6,6,6,6,6,6,6,6,6,9,9,9,8,8,9,6,7,7,9,9,8,8,9,9,9,8,6,6,8,8,9,9,3,6,5
sf,cvs,codepurge,codepurge/codepurge/dev/src/gtkoutputlog.h,clean,cpp,IssueFalse,10904,211,448,1,3,2,4,2,4,6,8,8,8,8,9,5,9,9,6,9,9,9,9,9,9,8,9,5,10,10,9,8,8,8,8,8,8,8,8,8,9,9,9,10,9,9,2,2,2,3,2,3,3,3,2,6,5,4,4,6,6,6,7,2,2,2
sf,cvs,codepurge,codepurge/codepurge/dev/src/gtkpluginmanagermenubuilder.cpp,clean,cpp,IssueFalse,10904,211,448,1,4,1,5,7,2,8,7,7,7,8,9,5,8,9,5,9,9,9,6,6,6,8,9,5,6,6,6,6,6,6,6,6,6,6,6,6,9,9,9,8,8,9,6,6,6,4,6,5,6,8,8,7,5,4,4,6,8,8,8,7,6,7
sf,cvs,codepurge,codepurge/codepurge/dev/src/gtkpreferences.cpp,clean,cpp,IssueFalse,10904,211,448,1,8,4,9,8,3,10,7,7,7,8,9,5,8,9,5,9,9,9,6,6,6,8,9,5,6,6,6,6,6,6,6,6,6,6,6,6,9,9,9,8,8,9,9,9,8,10,10,9,9,10,10,8,5,5,6,7,6,7,7,6,7,7
sf,cvs,codepurge,codepurge/codepurge/dev/src/gtkpreferences.h,clean,cpp,IssueFalse,10904,211,448,1,4,2,5,3,4,6,8,8,8,10,10,9,9,10,7,9,9,9,9,9,9,10,10,9,10,10,10,7,8,8,7,8,8,7,8,8,9,9,9,9,10,10,5,4,3,8,5,4,5,5,3,3,5,3,3,4,6,5,5,2,2,2
sf,cvs,codepurge,codepurge/codepurge/dev/src/gtkpurgeplugmanager.cpp,clean,cpp,IssueFalse,10904,211,448,1,8,2,9,8,1,9,7,7,7,8,9,5,8,9,5,9,9,9,6,6,6,8,9,5,6,6,6,6,6,6,6,6,6,6,6,6,9,9,9,8,8,9,5,7,7,10,10,10,9,10,10,9,8,10,10,10,7,8,8,9,9,9
sf,cvs,codepurge,codepurge/codepurge/dev/src/gtkpurgeplugmanager.h,clean,cpp,IssueFalse,10904,211,448,1,4,2,5,2,3,6,8,8,8,10,10,8,10,10,7,9,9,9,9,9,9,10,10,8,10,10,10,9,8,8,9,8,8,8,8,8,9,9,9,10,10,10,2,2,2,3,2,3,3,3,2,7,5,8,8,9,4,4,5,2,3,4
sf,cvs,codepurge,codepurge/codepurge/dev/src/gtkscintillamm/gtkscintillamm.cpp,clean,cpp,IssueFalse,10904,211,448,1,10,8,10,10,2,10,7,7,7,8,9,5,8,9,5,9,9,9,6,6,6,8,9,5,6,6,6,6,6,6,6,6,6,6,6,6,9,9,9,8,8,9,8,8,10,5,8,10,6,9,10,9,8,8,8,9,8,9,9,6,7,7
sf,cvs,codepurge,codepurge/codepurge/dev/src/gtkscintillamm/gtkxmleditor.cpp,clean,cpp,IssueFalse,10904,211,448,1,8,3,8,9,2,10,7,7,7,8,9,5,8,9,5,9,9,9,6,6,6,8,9,5,6,6,6,6,6,6,6,6,6,6,6,6,9,9,9,8,8,9,9,9,9,5,7,7,6,7,9,3,5,6,4,6,4,4,5,2,2,2
sf,cvs,codepurge,codepurge/codepurge/dev/src/gtksidebar.cpp,clean,cpp,IssueFalse,10904,211,448,1,2,1,2,4,1,6,7,7,7,8,9,5,8,9,5,9,9,9,6,6,6,8,9,5,6,6,6,6,6,6,6,6,6,6,6,6,9,9,9,8,8,9,5,4,3,10,8,6,10,9,7,10,8,4,5,7,9,9,10,7,8,9
sf,cvs,codepurge,codepurge/codepurge/dev/src/gtksidebar.h,clean,cpp,IssueFalse,10904,211,448,1,2,1,3,2,2,6,7,7,7,10,10,7,9,9,6,9,9,9,8,8,8,10,10,7,9,9,8,6,7,6,6,6,6,7,7,7,9,9,9,8,8,9,2,2,2,3,2,3,3,3,2,9,5,4,5,7,8,8,9,5,6,7
sf,cvs,codepurge,codepurge/codepurge/dev/src/gtksourceeditorpreferences.cpp,clean,cpp,IssueFalse,10904,211,448,1,4,1,4,5,1,6,7,7,7,8,9,5,8,9,5,9,9,9,6,6,6,8,9,5,6,6,6,6,6,6,6,6,6,6,6,6,9,9,9,8,8,9,5,4,4,4,4,4,8,7,7,5,5,5,5,6,6,6,6,8,7,7
sf,cvs,codepurge,codepurge/codepurge/dev/src/gtktransformeditorwindow.cpp,clean,cpp,IssueFalse,10904,211,448,1,8,2,8,7,2,8,7,7,7,8,9,5,8,9,5,9,9,9,6,6,6,8,9,5,6,6,6,6,6,6,6,6,6,6,6,6,9,9,9,8,8,9,6,6,7,7,8,7,9,10,9,9,5,4,4,7,8,9,9,5,7,7
sf,cvs,codepurge,codepurge/codepurge/dev/src/gtktransformsummary.cpp,buggy,cpp,IssueFalse,10904,211,448,1,8,4,9,9,3,8,7,7,7,8,9,5,8,9,5,9,9,9,6,6,6,8,9,5,6,6,6,6,6,6,6,6,6,6,6,6,9,9,9,8,8,9,8,8,9,10,10,10,9,10,10,10,8,8,9,10,9,9,10,8,9,9
sf,cvs,codepurge,codepurge/codepurge/dev/src/gtktransformsummary.h,buggy,cpp,IssueFalse,10904,211,448,1,5,3,7,2,4,6,9,9,8,10,10,8,10,10,7,9,9,9,9,9,9,10,10,8,10,10,10,9,9,9,9,9,8,8,8,8,9,9,9,10,10,10,2,2,2,3,2,3,3,3,2,8,8,3,4,6,6,6,7,3,6,5
sf,cvs,codepurge,codepurge/codepurge/dev/src/gtktransformtreesidebarpanel.cpp,clean,cpp,IssueFalse,10904,211,448,1,7,2,8,8,2,9,7,7,7,8,9,5,8,9,5,9,9,9,6,6,6,8,9,5,6,6,6,6,6,6,6,6,6,6,6,6,9,9,9,8,8,9,7,7,8,9,9,9,9,10,10,9,8,8,9,9,7,8,8,5,6,7
sf,cvs,codepurge,codepurge/codepurge/dev/src/gtktransformtreesidebarpanel.h,clean,cpp,IssueFalse,10904,211,448,1,3,2,4,2,5,6,9,8,8,8,9,5,9,9,6,9,9,9,9,9,9,8,9,5,10,9,9,9,8,8,9,8,8,8,7,7,9,9,9,10,10,10,2,2,2,3,2,3,3,3,2,7,5,6,6,7,4,4,5,5,6,6
sf,cvs,codepurge,codepurge/codepurge/dev/src/gtkxpathexplorerwindow.cpp,clean,cpp,IssueFalse,10904,211,448,1,8,2,7,7,2,8,7,7,7,8,9,5,8,9,5,9,9,9,6,6,6,8,9,5,6,6,6,6,6,6,6,6,6,6,6,6,9,9,9,8,8,9,6,6,6,5,7,5,8,10,9,5,5,3,4,5,6,6,6,3,3,4
sf,cvs,codepurge,codepurge/codepurge/dev/src/libxslt.cpp,buggy,cpp,IssueFalse,10904,211,448,1,5,3,7,6,4,8,7,7,7,8,9,5,8,9,5,9,9,9,6,6,6,8,9,5,6,6,6,6,6,6,6,6,6,6,6,6,9,9,9,8,8,9,5,6,5,5,5,5,9,9,9,9,5,6,8,9,5,5,6,6,7,8
sf,cvs,codepurge,codepurge/codepurge/dev/src/libxslt.h,clean,cpp,IssueFalse,10904,211,448,1,2,2,2,2,7,6,8,7,7,8,9,5,9,9,6,9,9,9,7,7,7,8,9,5,6,6,6,6,7,6,7,7,7,7,7,7,10,10,10,8,8,9,2,2,2,3,2,3,3,3,2,5,5,4,4,6,4,4,5,5,5,5
sf,cvs,codepurge,codepurge/codepurge/dev/src/main.cpp,clean,cpp,IssueFalse,10904,211,448,1,4,2,5,5,4,6,7,7,7,8,9,5,8,9,5,9,9,9,6,6,6,8,9,5,6,6,6,6,6,6,6,6,6,6,6,6,9,9,9,8,8,9,6,6,5,6,5,5,9,9,8,10,5,6,8,10,9,10,10,6,8,9
sf,cvs,codepurge,codepurge/codepurge/dev/src/main.h,clean,cpp,IssueFalse,10904,211,448,1,1,1,2,2,5,6,8,7,7,8,9,5,9,9,6,9,9,9,9,9,9,8,9,5,7,7,7,7,7,7,7,7,7,7,7,7,9,9,9,9,9,9,2,2,2,3,2,3,3,3,2,7,5,5,6,7,5,6,6,3,4,5
sf,cvs,codepurge,codepurge/codepurge/dev/src/mainentry.cxx,clean,cpp,IssueFalse,10904,211,448,1,1,1,2,3,5,8,7,7,7,8,9,5,8,9,5,9,9,9,6,6,6,8,9,5,6,6,6,6,6,6,6,6,6,6,6,6,9,9,9,8,8,9,8,6,3,7,4,4,7,6,4,6,5,4,4,6,9,8,9,5,5,5
sf,cvs,codepurge,codepurge/codepurge/dev/src/mainwindow.cpp,clean,cpp,IssueFalse,10904,211,448,1,8,4,8,8,2,8,7,7,7,8,9,5,8,9,5,9,9,9,6,6,6,8,9,5,6,6,6,6,6,6,6,6,6,6,6,6,9,9,9,8,8,9,6,7,7,9,9,9,9,10,10,10,9,6,8,10,8,9,10,6,8,10
sf,cvs,codepurge,codepurge/codepurge/dev/src/mainwindow.h,clean,cpp,IssueFalse,10904,211,448,1,4,1,6,2,2,6,8,8,8,10,10,7,9,9,6,9,9,9,10,10,10,10,10,7,10,10,10,9,9,8,9,9,8,9,8,8,9,9,9,10,10,10,2,2,2,3,2,3,3,3,2,9,5,4,5,7,6,6,8,5,7,7
sf,cvs,codepurge,codepurge/codepurge/dev/src/offlinexmldatabase.cpp,buggy,cpp,IssueFalse,10904,211,448,1,6,2,7,8,2,9,7,7,7,8,9,5,8,9,5,9,9,9,6,6,6,8,9,5,6,6,6,6,6,6,6,6,6,6,6,6,9,9,9,8,8,9,7,7,8,4,4,6,6,9,9,7,9,4,5,6,4,4,5,5,6,6
sf,cvs,codepurge,codepurge/codepurge/dev/src/offlinexmldatabase.h,clean,cpp,IssueFalse,10904,211,448,1,3,1,3,2,1,6,9,8,8,10,10,7,10,10,7,9,9,9,9,9,9,10,10,7,7,7,7,9,9,8,9,9,8,9,9,9,9,9,9,8,8,9,2,2,2,3,2,3,3,3,2,3,8,3,3,4,4,4,5,7,6,5
sf,cvs,codepurge,codepurge/codepurge/dev/src/outputlogger.cpp,clean,cpp,IssueFalse,10904,211,448,1,2,1,3,7,1,6,7,7,7,8,9,5,8,9,5,9,9,9,6,6,6,8,9,5,6,6,6,6,6,6,6,6,6,6,6,6,9,9,9,8,8,9,5,4,5,8,8,7,5,5,6,6,5,7,7,8,4,4,5,5,5,5
sf,cvs,codepurge,codepurge/codepurge/dev/src/outputlogger.h,clean,cpp,IssueFalse,10904,211,448,1,2,2,2,2,7,6,8,7,7,10,10,7,9,9,6,10,10,10,7,7,7,10,10,7,8,8,7,8,8,7,8,7,7,8,8,8,9,9,9,8,8,9,2,2,2,3,2,3,3,3,2,5,5,7,7,7,4,4,5,5,5,5
sf,cvs,codepurge,codepurge/codepurge/dev/src/outputmessage.cpp,buggy,cpp,IssueFalse,10904,211,448,1,3,1,4,7,1,8,7,7,7,8,9,5,8,9,5,9,9,9,6,6,6,8,9,5,6,6,6,6,6,6,6,6,6,6,6,6,9,9,9,8,8,9,7,7,6,9,7,8,4,5,5,5,5,3,3,4,4,4,5,4,4,4
sf,cvs,codepurge,codepurge/codepurge/dev/src/outputmessage.h,clean,cpp,IssueFalse,10904,211,448,1,2,2,2,2,5,6,8,8,8,10,10,7,9,9,6,9,9,9,6,6,7,10,10,7,8,8,7,7,7,7,8,7,7,8,8,8,9,9,9,8,8,9,2,2,2,3,2,3,3,3,2,3,5,3,3,4,4,4,5,3,3,3
sf,cvs,codepurge,codepurge/codepurge/dev/src/pm/basepresentaionmodel.cpp,clean,cpp,IssueFalse,10904,211,448,1,3,1,4,8,1,8,7,7,7,8,9,5,8,9,5,9,9,9,6,6,6,8,9,5,6,6,6,6,6,6,6,6,6,6,6,6,9,9,9,8,8,9,5,6,6,10,10,9,4,5,6,6,5,3,4,5,4,4,5,3,3,4
sf,cvs,codepurge,codepurge/codepurge/dev/src/pm/basepresentaionmodel.h,clean,cpp,IssueFalse,10904,211,448,1,2,3,3,2,7,6,8,8,8,8,9,5,9,9,6,10,10,10,7,7,7,8,9,5,8,8,7,9,8,8,8,8,8,9,8,8,10,10,10,8,8,9,2,2,2,3,2,3,3,3,2,7,5,3,4,5,5,5,5,5,5,6
sf,cvs,codepurge,codepurge/codepurge/dev/src/pm/codenotebookmodel.cpp,clean,cpp,IssueFalse,10904,211,448,1,6,3,7,9,4,9,7,7,7,8,9,5,8,9,5,9,9,9,6,6,6,8,9,5,6,6,6,6,6,6,6,6,6,6,6,6,9,9,9,8,8,9,6,7,8,3,4,5,5,7,8,9,8,9,9,10,8,8,9,7,8,8
sf,cvs,codepurge,codepurge/codepurge/dev/src/pm/codenotebookmodel.h,clean,cpp,IssueFalse,10904,211,448,1,3,4,5,3,7,6,7,7,7,10,10,7,10,9,6,9,9,9,7,7,7,10,10,7,10,10,9,9,9,9,9,9,9,10,9,9,9,9,9,9,9,9,5,4,3,3,2,3,4,3,3,9,8,8,7,9,6,6,7,9,9,9
sf,cvs,codepurge,codepurge/codepurge/dev/src/pm/databaseaccountsmodel.cpp,buggy,cpp,IssueFalse,10904,211,448,1,9,4,10,10,2,10,7,7,7,8,9,5,8,9,5,9,9,9,6,6,6,8,9,5,6,6,6,6,6,6,6,6,6,6,6,6,9,9,9,8,8,9,7,9,10,4,7,8,6,10,10,8,5,3,4,6,4,4,5,4,6,6
sf,cvs,codepurge,codepurge/codepurge/dev/src/pm/databaseobjectssidepanelmodel.cpp,buggy,cpp,IssueFalse,10904,211,448,1,10,7,10,10,2,9,7,7,7,8,9,5,8,9,5,9,9,9,6,6,6,8,9,5,6,6,6,6,6,6,6,6,6,6,6,6,9,9,9,8,8,9,7,8,10,8,9,10,8,10,10,10,10,6,8,10,6,8,9,6,7,9
sf,cvs,codepurge,codepurge/codepurge/dev/src/pm/databaseobjectssidepanelmodel.h,buggy,cpp,IssueFalse,10904,211,448,1,6,8,8,3,7,6,9,10,9,10,10,8,10,10,8,9,9,9,9,10,10,10,10,8,10,10,10,10,10,10,10,10,10,10,10,10,9,9,9,10,10,10,5,4,3,10,7,5,5,5,3,9,9,5,6,7,5,7,7,5,7,7
sf,cvs,codepurge,codepurge/codepurge/dev/src/pm/mainwindowmodel.cpp,clean,cpp,IssueFalse,10904,211,448,1,2,1,3,7,1,6,7,7,7,8,9,5,8,9,5,9,9,9,6,6,6,8,9,5,6,6,6,6,6,6,6,6,6,6,6,6,9,9,9,8,8,9,5,4,5,5,4,6,5,5,6,5,5,6,6,7,4,4,5,4,4,4
sf,cvs,codepurge,codepurge/codepurge/dev/src/pm/mainwindowmodel.h,clean,cpp,IssueFalse,10904,211,448,1,2,1,2,2,4,6,8,7,7,10,10,7,10,9,6,9,9,9,6,6,7,10,10,7,7,7,7,8,8,7,8,7,7,8,8,8,9,9,9,9,9,9,2,2,2,3,2,3,3,3,2,5,5,5,5,6,4,4,5,2,3,3
sf,cvs,codepurge,codepurge/codepurge/dev/src/pm/messagelogmodel.cpp,clean,cpp,IssueFalse,10904,211,448,1,4,1,5,8,1,8,7,7,7,8,9,5,8,9,5,9,9,9,6,6,6,8,9,5,6,6,6,6,6,6,6,6,6,6,6,6,9,9,9,8,8,9,5,6,7,6,8,7,6,8,8,5,5,7,6,7,5,5,5,3,3,4
sf,cvs,codepurge,codepurge/codepurge/dev/src/pm/messagelogmodel.h,clean,cpp,IssueFalse,10904,211,448,1,4,2,4,3,4,6,8,8,8,10,10,8,9,10,7,9,9,9,8,8,9,10,10,8,9,9,9,8,8,8,7,8,8,8,9,9,9,9,9,9,9,9,5,4,3,9,6,4,5,5,3,3,5,5,4,5,6,5,5,5,4,4
sf,cvs,codepurge,codepurge/codepurge/dev/src/pm/outputlogmodel.cpp,buggy,cpp,IssueFalse,10904,211,448,1,5,2,6,8,3,8,7,7,7,8,9,5,8,9,5,9,9,9,6,6,6,8,9,5,6,6,6,6,6,6,6,6,6,6,6,6,9,9,9,8,8,9,7,8,8,6,6,7,6,7,8,8,5,9,10,10,7,8,8,6,8,7
sf,cvs,codepurge,codepurge/codepurge/dev/src/pm/outputlogmodel.h,clean,cpp,IssueFalse,10904,211,448,1,2,2,3,2,6,6,9,8,8,10,10,7,10,10,7,9,9,9,9,8,8,10,10,7,8,8,7,9,9,8,9,8,8,9,9,8,9,9,9,9,9,9,2,2,2,3,2,3,3,3,2,6,5,7,7,8,7,7,8,6,5,6
sf,cvs,codepurge,codepurge/codepurge/dev/src/pm/presentationmodelregistry.cpp,clean,cpp,IssueFalse,10904,211,448,1,6,1,7,8,1,6,7,7,7,8,9,5,8,9,5,9,9,9,6,6,6,8,9,5,6,6,6,6,6,6,6,6,6,6,6,6,9,9,9,8,8,9,5,4,7,4,3,6,6,7,8,6,5,9,9,9,8,8,8,6,7,6
sf,cvs,codepurge,codepurge/codepurge/dev/src/pm/presentationmodelregistry.h,clean,cpp,IssueFalse,10904,211,448,1,3,2,4,2,5,6,8,8,8,10,10,7,10,9,6,9,9,9,9,8,8,10,10,7,10,9,9,9,9,9,9,9,9,9,9,9,9,9,9,10,9,9,2,2,2,3,2,3,3,3,2,7,5,6,6,8,7,7,8,2,3,4
sf,cvs,codepurge,codepurge/codepurge/dev/src/pm/purgeplugmanagermodel.cpp,clean,cpp,IssueFalse,10904,211,448,1,6,2,7,8,1,8,7,7,7,8,9,5,8,9,5,9,9,9,6,6,6,8,9,5,6,6,6,6,6,6,6,6,6,6,6,6,9,9,9,8,8,9,7,6,8,8,8,9,7,9,9,9,5,9,9,10,5,5,5,3,5,6
sf,cvs,codepurge,codepurge/codepurge/dev/src/pm/purgeplugmanagermodel.h,clean,cpp,IssueFalse,10904,211,448,1,3,3,5,3,5,6,8,8,8,10,10,8,9,10,7,9,9,9,8,8,9,10,10,8,9,9,9,8,9,8,8,9,8,8,9,9,9,9,9,9,9,9,5,4,3,9,6,4,5,5,3,7,5,8,8,9,4,4,5,2,3,3
sf,cvs,codepurge,codepurge/codepurge/dev/src/pm/transformpackagesidepanelmodel.cpp,clean,cpp,IssueFalse,10904,211,448,1,9,4,9,9,2,10,7,7,7,8,9,5,8,9,5,9,9,9,6,6,6,8,9,5,6,6,6,6,6,6,6,6,6,6,6,6,9,9,9,8,8,9,8,8,9,9,10,10,8,10,10,10,9,7,8,10,7,8,9,8,9,9
sf,cvs,codepurge,codepurge/codepurge/dev/src/pm/transformpackagesidepanelmodel.h,clean,cpp,IssueFalse,10904,211,448,1,5,4,6,3,6,6,9,9,9,10,10,8,10,10,7,9,9,9,9,9,9,10,10,8,10,10,10,9,9,9,9,9,9,9,9,9,9,9,9,10,10,10,5,4,3,10,7,5,5,5,3,8,8,6,7,8,5,5,5,7,7,7
sf,cvs,codepurge,codepurge/codepurge/dev/src/pm/transformsummarymodel.cpp,buggy,cpp,IssueFalse,10904,211,448,1,8,3,9,9,2,10,7,7,7,8,9,5,8,9,5,9,9,9,6,6,6,8,9,5,6,6,6,6,6,6,6,6,6,6,6,6,9,9,9,8,8,9,9,9,10,8,8,9,7,10,10,10,9,6,7,10,6,7,9,6,8,9
sf,cvs,codepurge,codepurge/codepurge/dev/src/pm/transformsummarymodel.h,buggy,cpp,IssueFalse,10904,211,448,1,4,3,5,2,6,6,10,9,9,10,10,7,10,10,7,9,9,9,9,9,9,10,10,7,10,9,9,10,9,9,10,9,9,10,10,9,9,9,9,9,9,9,2,2,2,3,2,3,3,3,2,6,8,5,5,7,4,4,5,5,6,5
sf,cvs,codepurge,codepurge/codepurge/dev/src/preferencegroup.cpp,clean,cpp,IssueFalse,10904,211,448,1,2,1,2,6,1,6,7,7,7,8,9,5,8,9,5,9,9,9,6,6,6,8,9,5,6,6,6,6,6,6,6,6,6,6,6,6,9,9,9,8,8,9,5,4,5,8,7,7,4,5,5,6,5,3,4,5,4,4,5,5,5,5
sf,cvs,codepurge,codepurge/codepurge/dev/src/preferencegroup.h,clean,cpp,IssueFalse,10904,211,448,1,2,3,3,2,7,6,8,7,7,8,9,5,9,9,6,10,10,10,7,7,7,8,9,5,9,9,8,8,8,8,8,8,8,9,8,8,10,9,9,8,8,9,2,2,2,3,2,3,3,3,2,6,5,3,4,5,4,4,5,6,5,6
sf,cvs,codepurge,codepurge/codepurge/dev/src/purgeplug/purgeplug.cpp,buggy,cpp,IssueFalse,10904,211,448,1,5,1,6,8,1,8,7,7,7,8,9,5,8,9,5,9,9,9,6,6,6,8,9,5,6,6,6,6,6,6,6,6,6,6,6,6,9,9,9,8,8,9,6,6,7,7,7,7,6,9,8,10,5,7,9,10,7,9,9,4,6,8
sf,cvs,codepurge,codepurge/codepurge/dev/src/purgeplug/purgeplug.h,clean,cpp,IssueFalse,10904,211,448,1,3,6,4,2,8,6,8,8,8,10,10,7,9,9,6,9,9,9,7,7,7,10,10,7,10,9,9,9,9,9,9,9,8,9,9,9,10,9,9,8,8,9,2,2,2,3,2,3,3,3,2,10,5,7,8,10,6,8,8,7,7,9
sf,cvs,codepurge,codepurge/codepurge/dev/src/purgeplug/purgepluginfo.h,clean,cpp,IssueFalse,10904,211,448,1,2,3,2,2,8,6,7,7,7,8,9,5,8,9,5,9,9,9,6,6,7,8,9,5,10,10,9,6,6,6,6,6,6,6,6,6,9,9,9,8,8,9,2,2,2,3,2,3,3,3,2,7,5,8,7,9,7,7,7,5,7,6
sf,cvs,codepurge,codepurge/codepurge/dev/src/purgeplug/purgeplugmanager.cpp,buggy,cpp,IssueFalse,10904,211,448,1,7,3,9,7,3,9,7,7,7,8,9,5,8,9,5,9,9,9,6,6,6,8,9,5,6,6,6,6,6,6,6,6,6,6,6,6,9,9,9,8,8,9,9,8,8,7,7,7,8,8,9,9,5,9,9,10,9,10,10,10,10,10
sf,cvs,codepurge,codepurge/codepurge/dev/src/purgeplug/purgeplugmanager.h,clean,cpp,IssueFalse,10904,211,448,1,2,2,3,2,6,6,9,8,8,8,9,5,9,9,6,9,9,9,9,8,8,8,9,5,8,8,7,9,9,8,9,9,8,8,8,8,9,9,9,10,10,10,2,2,2,3,2,3,3,3,2,9,5,8,8,10,8,9,9,7,8,8
sf,cvs,codepurge,codepurge/codepurge/dev/src/sourceeditorpreferences.cpp,clean,cpp,IssueFalse,10904,211,448,1,4,1,5,8,2,8,7,7,7,8,9,5,8,9,5,9,9,9,6,6,6,8,9,5,6,6,6,6,6,6,6,6,6,6,6,6,9,9,9,8,8,9,5,6,7,5,7,7,5,6,7,3,5,4,4,5,4,4,5,6,5,5
sf,cvs,codepurge,codepurge/codepurge/dev/src/stringpairtreeviewbuilder.cpp,clean,cpp,IssueFalse,10904,211,448,1,5,4,6,8,5,9,7,7,7,8,9,5,8,9,5,9,9,9,6,6,6,8,9,5,6,6,6,6,6,6,6,6,6,6,6,6,9,9,9,8,8,9,6,7,7,9,8,8,7,8,8,5,8,8,7,8,8,8,8,8,8,7
sf,cvs,codepurge,codepurge/codepurge/dev/src/stringpairtreeviewbuilder.h,clean,cpp,IssueFalse,10904,211,448,1,3,2,4,3,4,6,8,8,8,10,10,8,9,10,7,9,9,9,7,8,8,10,10,8,9,8,9,7,8,8,7,8,8,8,8,8,9,9,9,9,9,9,5,4,3,9,6,4,5,5,3,3,8,4,4,5,4,4,5,8,7,6
sf,cvs,codepurge,codepurge/codepurge/dev/src/stringutils.cpp,buggy,cpp,IssueFalse,10904,211,448,1,9,3,10,10,2,9,7,7,7,8,9,5,8,9,5,9,9,9,6,6,6,8,9,5,6,6,6,6,6,6,6,6,6,6,6,6,9,9,9,8,8,9,9,9,10,6,8,9,6,7,10,6,8,9,7,9,4,4,5,2,2,2
sf,cvs,codepurge,codepurge/codepurge/dev/src/stringutils.h,clean,cpp,IssueFalse,10904,211,448,1,6,9,7,7,8,9,10,10,9,8,9,5,10,10,8,9,9,9,7,7,7,8,9,5,6,6,6,9,9,9,10,10,10,10,10,10,9,9,9,9,9,9,9,7,6,9,7,6,6,7,6,7,8,7,7,8,4,4,5,3,5,5
sf,cvs,codepurge,codepurge/codepurge/dev/src/treeviewbuilder.cpp,clean,cpp,IssueFalse,10904,211,448,1,4,2,4,8,3,8,7,7,7,8,9,5,8,9,5,9,9,9,6,6,6,8,9,5,6,6,6,6,6,6,6,6,6,6,6,6,9,9,9,8,8,9,5,6,6,7,7,7,5,6,7,5,8,3,4,5,5,5,5,4,4,4
sf,cvs,codepurge,codepurge/codepurge/dev/src/uiregistry.cpp,clean,cpp,IssueFalse,10904,211,448,1,5,2,7,8,2,6,7,7,7,8,9,5,8,9,5,9,9,9,6,6,6,8,9,5,6,6,6,6,6,6,6,6,6,6,6,6,9,9,9,8,8,9,5,4,7,4,3,6,5,6,8,7,5,6,6,8,4,4,5,7,7,7
sf,cvs,codepurge,codepurge/codepurge/dev/src/uiregistry.h,clean,cpp,IssueFalse,10904,211,448,1,3,3,4,2,7,6,8,8,8,8,9,5,10,10,7,9,9,9,9,8,8,8,9,5,10,9,9,9,9,9,9,9,9,9,9,9,9,9,9,10,9,9,2,2,2,3,2,3,3,3,2,7,5,6,6,7,4,4,5,5,6,6
sf,cvs,codepurge,codepurge/codepurge/dev/src/xmlelement.cpp,clean,cpp,IssueFalse,10904,211,448,1,7,1,8,9,1,9,7,7,7,8,9,5,8,9,5,9,9,9,6,6,6,8,9,5,6,6,6,6,6,6,6,6,6,6,6,6,9,9,9,8,8,9,6,7,9,9,8,9,6,8,9,6,5,3,4,5,7,7,7,8,7,7
sf,cvs,codepurge,codepurge/codepurge/dev/src/xmlelement.h,clean,cpp,IssueFalse,10904,211,448,1,3,3,5,2,6,6,9,9,8,8,9,5,10,10,7,9,9,9,7,7,7,8,9,5,10,9,9,9,9,9,9,9,9,10,9,9,9,9,9,9,9,9,2,2,2,3,2,3,3,3,2,6,5,4,4,6,7,7,7,7,7,7
sf,cvs,codepurge,codepurge/codepurge/dev/src/xmlwriter.cpp,clean,cpp,IssueFalse,10904,211,448,1,5,1,6,8,1,8,7,7,7,8,9,5,8,9,5,9,9,9,6,6,6,8,9,5,6,6,6,6,6,6,6,6,6,6,6,6,9,9,9,8,8,9,5,6,7,8,7,8,6,7,8,5,5,3,4,5,4,4,5,2,3,3
sf,cvs,codepurge,codepurge/codepurge/dev/tests/Attic/xmlstreamwriter_test.cpp,clean,cpp,IssueFalse,10904,211,448,1,3,1,4,6,1,6,7,7,7,8,9,5,8,9,5,9,9,9,6,6,6,8,9,5,6,6,6,6,6,6,6,6,6,6,6,6,9,9,9,8,8,9,5,4,5,3,2,3,6,9,6,9,5,7,8,9,5,6,6,5,6,7
sf,cvs,codepurge,codepurge/codepurge/dev/tests/databaseaccount_test.cpp,clean,cpp,IssueFalse,10904,211,448,1,9,3,9,7,1,6,7,7,7,8,9,5,8,9,5,9,9,9,6,6,6,8,9,5,6,6,6,6,6,6,6,6,6,6,6,6,9,9,9,8,8,9,5,4,6,5,7,6,10,10,10,5,5,3,4,5,5,5,5,9,8,7
sf,cvs,codepurge,codepurge/codepurge/dev/tests/databaseaccountsmodel_test.cpp,clean,cpp,IssueFalse,10904,211,448,1,10,3,10,7,1,6,7,7,7,8,9,5,8,9,5,9,9,9,6,6,6,8,9,5,6,6,6,6,6,6,6,6,6,6,6,6,9,9,9,8,8,9,5,4,6,3,3,4,10,10,10,5,5,3,4,5,4,4,5,3,4,4
sf,cvs,codepurge,codepurge/codepurge/dev/tests/databasetoxml_test.cpp,clean,cpp,IssueFalse,10904,211,448,1,7,2,8,8,1,8,7,7,7,8,9,5,8,9,5,9,9,9,6,6,6,8,9,5,6,6,6,6,6,6,6,6,6,6,6,6,9,9,9,8,8,9,5,6,7,6,6,7,8,8,9,8,5,3,4,5,4,4,5,7,6,7
sf,cvs,codepurge,codepurge/codepurge/dev/tests/event_test.cpp,clean,cpp,IssueFalse,10904,211,448,1,5,3,5,8,4,6,7,7,7,8,9,5,8,9,5,9,9,9,6,6,6,8,9,5,6,6,6,6,6,6,6,6,6,6,6,6,9,9,9,8,8,9,5,4,6,4,3,5,5,8,7,3,5,10,8,8,9,8,8,10,8,7
sf,cvs,codepurge,codepurge/codepurge/dev/tests/generaltest_suite.cpp,clean,cpp,IssueFalse,10904,211,448,1,2,1,3,4,1,6,7,7,7,8,9,5,8,9,5,9,9,9,6,6,6,8,9,5,6,6,6,6,6,6,6,6,6,6,6,6,9,9,9,8,8,9,5,4,3,3,2,3,6,6,4,9,5,4,4,7,4,4,5,2,2,2
sf,cvs,codepurge,codepurge/codepurge/dev/tests/generalutility_test.cpp,clean,cpp,IssueFalse,10904,211,448,1,5,1,6,5,2,6,7,7,7,8,9,5,8,9,5,9,9,9,6,6,6,8,9,5,6,6,6,6,6,6,6,6,6,6,6,6,9,9,9,8,8,9,5,4,4,3,2,3,7,7,7,3,5,10,8,8,4,4,5,2,2,2
sf,cvs,codepurge,codepurge/codepurge/dev/tests/main.cpp,clean,cpp,IssueFalse,10904,211,448,1,4,2,6,3,4,8,7,7,7,8,9,5,8,9,5,9,9,9,6,6,6,8,9,5,6,6,6,6,6,6,6,6,6,6,6,6,9,9,9,8,8,9,8,6,3,10,7,5,10,10,8,10,5,3,5,7,5,6,6,5,6,7
sf,cvs,codepurge,codepurge/codepurge/dev/tests/outputlogger_test.cpp,clean,cpp,IssueFalse,10904,211,448,1,6,1,6,7,1,6,7,7,7,8,9,5,8,9,5,9,9,9,6,6,6,8,9,5,6,6,6,6,6,6,6,6,6,6,6,6,9,9,9,8,8,9,5,4,5,3,2,3,7,9,8,3,5,10,9,9,9,8,8,6,5,5
sf,cvs,codepurge,codepurge/codepurge/dev/tests/purgeplug_test.cpp,clean,cpp,IssueFalse,10904,211,448,1,6,2,6,8,2,6,7,7,7,8,9,5,8,9,5,9,9,9,6,6,6,8,9,5,6,6,6,6,6,6,6,6,6,6,6,6,9,9,9,8,8,9,5,4,7,4,8,6,5,8,8,3,5,10,10,10,4,4,5,6,5,4
sf,cvs,codepurge,codepurge/codepurge/dev/tests/stringutils_test.cpp,clean,cpp,IssueFalse,10904,211,448,1,9,5,9,5,2,8,7,7,7,8,9,5,8,9,5,9,9,9,6,6,6,8,9,5,6,6,6,6,6,6,6,6,6,6,6,6,9,9,9,8,8,9,9,8,6,3,2,3,9,10,8,6,5,9,8,9,4,4,5,3,4,4
sf,cvs,codepurge,codepurge/codepurge/dev/tests/suites.h,clean,cpp,IssueFalse,10904,211,448,1,1,1,1,2,1,6,7,7,7,8,9,5,8,9,5,9,9,9,6,6,6,8,9,5,6,6,6,6,6,6,6,6,6,6,6,6,9,9,9,8,8,9,2,2,2,3,2,3,3,3,2,9,5,3,3,4,4,4,5,3,3,5
sf,cvs,codepurge,codepurge/codepurge/dev/tests/tests.h,clean,cpp,IssueFalse,10904,211,448,1,1,1,1,2,1,6,7,7,7,8,9,5,8,9,5,9,9,9,6,6,6,8,9,5,6,6,6,6,6,6,6,6,6,6,6,6,9,9,9,8,8,9,2,2,2,3,2,3,3,3,2,9,5,4,4,7,4,4,5,3,3,5
sf,cvs,codepurge,codepurge/codepurge/dev/tests/testsuite/suite.cpp,clean,cpp,IssueFalse,10904,211,448,1,7,2,8,7,2,10,7,7,7,8,9,5,8,9,5,9,9,9,6,6,6,8,9,5,6,6,6,6,6,6,6,6,6,6,6,6,9,9,9,8,8,9,9,8,8,4,4,4,9,10,9,3,5,4,4,5,4,4,5,2,2,2
sf,cvs,codepurge,codepurge/codepurge/dev/tests/testsuite/testutility.cpp,clean,cpp,IssueFalse,10904,211,448,1,3,1,4,7,1,8,7,7,7,8,9,5,8,9,5,9,9,9,6,6,6,8,9,5,6,6,6,6,6,6,6,6,6,6,6,6,9,9,9,8,8,9,5,6,6,6,6,6,6,6,7,5,5,6,5,6,5,5,5,3,3,4
sf,cvs,codepurge,codepurge/codepurge/dev/tests/testsuite/testutility.h,clean,cpp,IssueFalse,10904,211,448,1,1,2,2,2,6,6,8,7,7,8,9,5,9,9,6,9,9,9,7,7,7,8,9,5,6,6,6,6,7,6,8,7,7,8,7,7,9,9,9,9,9,9,2,2,2,3,2,3,3,3,2,3,5,5,4,5,4,4,5,2,2,2
sf,cvs,codepurge,codepurge/codepurge/dev/tests/transform_test.cpp,clean,cpp,IssueFalse,10904,211,448,1,9,3,9,9,1,8,7,7,7,8,9,5,8,9,5,9,9,9,6,6,6,8,9,5,6,6,6,6,6,6,6,6,6,6,6,6,9,9,9,8,8,9,5,6,8,6,7,8,9,10,10,9,5,8,8,10,8,9,9,9,9,9
sf,cvs,codepurge,codepurge/codepurge/dev/tests/transformsummarymodel_test.cpp,clean,cpp,IssueFalse,10904,211,448,1,7,2,8,6,1,6,7,7,7,8,9,5,8,9,5,9,9,9,6,6,6,8,9,5,6,6,6,6,6,6,6,6,6,6,6,6,9,9,9,8,8,9,5,4,5,3,2,3,8,10,8,3,5,3,3,4,4,4,5,3,3,3
