Host,Vcs,Project,File,Buggy,PL,IssueTracking,TLOC,TNF,TNC,TND,LOC,CL,NStmt,NFunc,RCC,MNL,avg_WMC,max_WMC,total_WMC,avg_DIT,max_DIT,total_DIT,avg_RFC,max_RFC,total_RFC,avg_NOC,max_NOC,total_NOC,avg_CBO,max_CBO,total_CBO,avg_DIT.1,max_DIT.1,total_DIT.1,avg_NIV,max_NIV,total_NIV,avg_NIM,max_NIM,total_NIM,avg_NOM,max_NOM,total_NOM,avg_NPBM,max_NPBM,total_NPBM,avg_NPM,max_NPM,total_NPM,avg_NPRM,max_NPRM,total_NPRM,avg_CC,max_CC,total_CC,avg_FANIN,max_FANIN,total_FANIN,avg_FANOUT,max_FANOUT,total_FANOUT,NRev,NFix,avg_AddedLOC,max_AddedLOC,total_AddedLOC,avg_DeletedLOC,max_DeletedLOC,total_DeletedLOC,avg_ModifiedLOC,max_ModifiedLOC,total_ModifiedLOC
gc,svn,crisscross,/trunk/TestSuite/avltree.cpp,buggy,cpp,IssueTrue,8990,130,881,3,8,2,9,5,2,7,7,7,7,8,9,10,8,9,7,9,9,9,6,8,8,8,9,10,6,6,6,6,6,6,6,6,6,6,6,6,9,10,10,8,9,9,10,10,10,2,2,3,10,8,8,7,5,3,3,3,4,4,4,10,10,8
gc,svn,crisscross,/trunk/TestSuite/bubblesort.cpp,clean,cpp,IssueTrue,8990,130,881,3,5,2,6,5,3,8,7,7,7,8,9,10,8,9,7,9,9,9,6,8,8,8,9,10,6,6,6,6,6,6,6,6,6,6,6,6,9,10,10,8,9,9,8,7,6,3,3,4,8,7,6,4,5,3,3,3,4,4,4,9,7,5
gc,svn,crisscross,/trunk/TestSuite/bubblesort.h,clean,cpp,IssueTrue,8990,130,881,3,1,2,1,2,10,4,7,7,7,8,9,10,8,9,7,9,9,9,6,8,8,8,9,10,6,6,6,6,6,6,6,6,6,6,6,6,9,10,10,8,9,9,1,2,2,2,2,3,1,3,2,4,5,3,3,3,4,4,4,6,5,3
gc,svn,crisscross,/trunk/TestSuite/combsort.cpp,clean,cpp,IssueTrue,8990,130,881,3,5,2,6,5,3,8,7,7,7,8,9,10,8,9,7,9,9,9,6,8,8,8,9,10,6,6,6,6,6,6,6,6,6,6,6,6,9,10,10,8,9,9,8,7,6,2,2,3,8,7,6,4,5,3,3,3,4,4,4,9,7,5
gc,svn,crisscross,/trunk/TestSuite/compare.cpp,buggy,cpp,IssueTrue,8990,130,881,3,5,2,7,5,3,7,7,7,7,8,9,10,8,9,7,9,9,9,6,8,8,8,9,10,6,6,6,6,6,6,6,6,6,6,6,6,9,10,10,8,9,9,9,8,8,3,3,4,5,6,6,4,5,3,3,3,4,4,4,10,9,6
gc,svn,crisscross,/trunk/TestSuite/compare.h,clean,cpp,IssueTrue,8990,130,881,3,1,2,1,2,10,4,7,7,7,8,9,10,8,9,7,9,9,9,6,8,8,8,9,10,6,6,6,6,6,6,6,6,6,6,6,6,9,10,10,8,9,9,1,2,2,2,2,3,1,3,2,4,5,3,3,3,4,4,4,6,5,3
gc,svn,crisscross,/trunk/TestSuite/darray.cpp,clean,cpp,IssueTrue,8990,130,881,3,2,2,3,3,7,7,7,7,7,8,9,10,8,9,7,9,9,9,6,8,8,8,9,10,6,6,6,6,6,6,6,6,6,6,6,6,9,10,10,8,9,9,9,7,4,2,2,3,8,6,4,4,5,3,3,3,4,4,4,8,6,4
gc,svn,crisscross,/trunk/TestSuite/dstack.cpp,clean,cpp,IssueTrue,8990,130,881,3,2,2,3,3,7,8,7,7,7,8,9,10,8,9,7,9,9,9,6,8,8,8,9,10,6,6,6,6,6,6,6,6,6,6,6,6,9,10,10,8,9,9,10,8,5,2,2,3,9,7,4,4,5,3,3,3,4,4,4,8,6,4
gc,svn,crisscross,/trunk/TestSuite/hashtable.cpp,clean,cpp,IssueTrue,8990,130,881,3,3,3,5,3,6,8,7,7,7,8,9,10,8,9,7,9,9,9,6,8,8,8,9,10,6,6,6,6,6,6,6,6,6,6,6,6,9,10,10,8,9,9,10,9,6,3,3,3,10,7,5,8,9,3,3,3,5,5,5,8,9,7
gc,svn,crisscross,/trunk/TestSuite/hashtable.h,clean,cpp,IssueTrue,8990,130,881,3,1,2,1,2,10,4,7,7,7,8,9,10,8,9,7,9,9,9,6,8,8,8,9,10,6,6,6,6,6,6,6,6,6,6,6,6,9,10,10,8,9,9,1,2,2,2,2,3,1,3,2,4,5,3,3,3,4,4,4,3,3,2
gc,svn,crisscross,/trunk/TestSuite/header.h,clean,cpp,IssueTrue,8990,130,881,3,1,3,1,2,1,4,7,7,7,8,9,10,8,9,7,9,9,9,6,8,8,8,9,10,6,6,6,6,6,6,6,6,6,6,6,6,9,10,10,8,9,9,1,2,2,2,2,3,1,3,2,7,5,4,4,4,4,4,4,2,2,1
gc,svn,crisscross,/trunk/TestSuite/heapsort.cpp,clean,cpp,IssueTrue,8990,130,881,3,5,2,6,5,3,8,7,7,7,8,9,10,8,9,7,9,9,9,6,8,8,8,9,10,6,6,6,6,6,6,6,6,6,6,6,6,9,10,10,8,9,9,8,7,6,2,2,3,8,7,6,4,5,3,3,3,4,4,4,9,7,5
gc,svn,crisscross,/trunk/TestSuite/insertionsort.cpp,clean,cpp,IssueTrue,8990,130,881,3,5,2,6,5,3,8,7,7,7,8,9,10,8,9,7,9,9,9,6,8,8,8,9,10,6,6,6,6,6,6,6,6,6,6,6,6,9,10,10,8,9,9,8,7,6,3,3,4,8,7,6,6,5,3,3,3,4,4,4,10,10,8
gc,svn,crisscross,/trunk/TestSuite/insertionsort.h,clean,cpp,IssueTrue,8990,130,881,3,1,2,1,2,10,4,7,7,7,8,9,10,8,9,7,9,9,9,6,8,8,8,9,10,6,6,6,6,6,6,6,6,6,6,6,6,9,10,10,8,9,9,1,2,2,2,2,3,1,3,2,4,5,3,3,3,4,4,4,6,5,3
gc,svn,crisscross,/trunk/TestSuite/llist.cpp,clean,cpp,IssueTrue,8990,130,881,3,3,2,5,3,5,7,7,7,7,8,9,10,8,9,7,9,9,9,6,8,8,8,9,10,6,6,6,6,6,6,6,6,6,6,6,6,9,10,10,8,9,9,10,9,6,2,2,3,10,8,5,4,5,3,3,3,4,4,4,9,8,6
gc,svn,crisscross,/trunk/TestSuite/main.cpp,clean,cpp,IssueTrue,8990,130,881,3,6,2,9,3,2,7,7,7,7,8,9,10,8,9,7,9,9,9,6,8,8,8,9,10,6,6,6,6,6,6,6,6,6,6,6,6,9,10,10,8,9,9,6,6,3,5,4,4,10,10,10,9,5,5,5,7,4,4,4,8,9,8
gc,svn,crisscross,/trunk/TestSuite/md2.cpp,clean,cpp,IssueTrue,8990,130,881,3,4,2,7,3,4,7,7,7,7,8,9,10,8,9,7,9,9,9,6,8,8,8,9,10,6,6,6,6,6,6,6,6,6,6,6,6,9,10,10,8,9,9,10,9,6,3,3,3,10,7,5,8,5,6,6,6,4,4,4,7,8,6
gc,svn,crisscross,/trunk/TestSuite/md2.h,clean,cpp,IssueTrue,8990,130,881,3,1,2,1,2,10,4,7,7,7,8,9,10,8,9,7,9,9,9,6,8,8,8,9,10,6,6,6,6,6,6,6,6,6,6,6,6,9,10,10,8,9,9,1,2,2,2,2,3,1,3,2,4,5,3,3,3,4,4,4,3,3,2
gc,svn,crisscross,/trunk/TestSuite/md4.cpp,clean,cpp,IssueTrue,8990,130,881,3,4,2,7,3,4,7,7,7,7,8,9,10,8,9,7,9,9,9,6,8,8,8,9,10,6,6,6,6,6,6,6,6,6,6,6,6,9,10,10,8,9,9,10,9,6,2,2,3,10,7,5,8,5,6,6,6,4,4,4,7,8,6
gc,svn,crisscross,/trunk/TestSuite/md5.cpp,clean,cpp,IssueTrue,8990,130,881,3,4,2,7,3,4,7,7,7,7,8,9,10,8,9,7,9,9,9,6,8,8,8,9,10,6,6,6,6,6,6,6,6,6,6,6,6,9,10,10,8,9,9,10,9,6,2,2,3,10,7,5,8,5,6,6,6,4,4,4,7,8,6
gc,svn,crisscross,/trunk/TestSuite/quicksort.cpp,clean,cpp,IssueTrue,8990,130,881,3,5,2,6,5,3,8,7,7,7,8,9,10,8,9,7,9,9,9,6,8,8,8,9,10,6,6,6,6,6,6,6,6,6,6,6,6,9,10,10,8,9,9,8,7,6,2,2,3,8,7,6,4,5,3,3,3,4,4,4,9,7,5
gc,svn,crisscross,/trunk/TestSuite/rbtree.cpp,buggy,cpp,IssueTrue,8990,130,881,3,8,2,9,5,2,7,7,7,7,8,9,10,8,9,7,9,9,9,6,8,8,8,9,10,6,6,6,6,6,6,6,6,6,6,6,6,9,10,10,8,9,9,10,10,10,2,2,3,10,8,8,6,9,3,3,3,4,4,4,10,10,8
gc,svn,crisscross,/trunk/TestSuite/sha1.cpp,clean,cpp,IssueTrue,8990,130,881,3,2,2,4,3,6,7,7,7,7,8,9,10,8,9,7,9,9,9,6,8,8,8,9,10,6,6,6,6,6,6,6,6,6,6,6,6,9,10,10,8,9,9,10,8,5,2,2,3,10,7,5,9,5,6,6,7,4,4,4,5,7,5
gc,svn,crisscross,/trunk/TestSuite/sha256.cpp,clean,cpp,IssueTrue,8990,130,881,3,2,2,4,3,6,7,7,7,7,8,9,10,8,9,7,9,9,9,6,8,8,8,9,10,6,6,6,6,6,6,6,6,6,6,6,6,9,10,10,8,9,9,10,8,5,2,2,3,10,7,5,9,5,6,6,7,4,4,4,5,7,5
gc,svn,crisscross,/trunk/TestSuite/sha512.cpp,clean,cpp,IssueTrue,8990,130,881,3,2,2,4,3,6,7,7,7,7,8,9,10,8,9,7,9,9,9,6,8,8,8,9,10,6,6,6,6,6,6,6,6,6,6,6,6,9,10,10,8,9,9,10,8,5,2,2,3,10,7,5,9,5,6,6,7,4,4,4,5,7,5
gc,svn,crisscross,/trunk/TestSuite/shellsort.cpp,clean,cpp,IssueTrue,8990,130,881,3,5,2,6,5,3,8,7,7,7,8,9,10,8,9,7,9,9,9,6,8,8,8,9,10,6,6,6,6,6,6,6,6,6,6,6,6,9,10,10,8,9,9,8,7,6,2,2,3,8,7,6,6,5,3,3,3,4,4,4,10,10,8
gc,svn,crisscross,/trunk/TestSuite/splaytree.cpp,buggy,cpp,IssueTrue,8990,130,881,3,8,2,9,5,2,7,7,7,7,8,9,10,8,9,7,9,9,9,6,8,8,8,9,10,6,6,6,6,6,6,6,6,6,6,6,6,9,10,10,8,9,9,10,10,10,2,2,3,10,8,8,6,5,3,3,3,4,4,4,10,10,8
gc,svn,crisscross,/trunk/TestSuite/stopwatch.cpp,clean,cpp,IssueTrue,8990,130,881,3,2,2,3,3,7,7,7,7,7,8,9,10,8,9,7,9,9,9,6,8,8,8,9,10,6,6,6,6,6,6,6,6,6,6,6,6,9,10,10,8,9,9,9,7,4,3,3,3,9,7,4,4,5,5,4,4,4,4,4,8,6,4
gc,svn,crisscross,/trunk/TestSuite/stopwatch.h,clean,cpp,IssueTrue,8990,130,881,3,1,2,1,2,10,4,7,7,7,8,9,10,8,9,7,9,9,9,6,8,8,8,9,10,6,6,6,6,6,6,6,6,6,6,6,6,9,10,10,8,9,9,1,2,2,2,2,3,1,3,2,4,5,3,3,3,4,4,4,3,3,2
gc,svn,crisscross,/trunk/TestSuite/testutils.cpp,clean,cpp,IssueTrue,8990,130,881,3,4,2,4,5,4,7,7,7,7,8,9,10,8,9,7,9,9,9,6,8,8,8,9,10,6,6,6,6,6,6,6,6,6,6,6,6,9,10,10,8,9,9,6,7,5,6,5,6,7,6,6,7,5,6,5,5,4,4,4,6,6,4
gc,svn,crisscross,/trunk/TestSuite/tiger.cpp,clean,cpp,IssueTrue,8990,130,881,3,4,2,6,3,4,7,7,7,7,8,9,10,8,9,7,9,9,9,6,8,8,8,9,10,6,6,6,6,6,6,6,6,6,6,6,6,9,10,10,8,9,9,10,9,6,2,2,3,10,7,5,8,5,5,6,5,4,4,4,8,8,6
gc,svn,crisscross,/trunk/examples/CPUID/main.cpp,clean,cpp,IssueTrue,8990,130,881,3,1,3,2,3,8,4,7,7,7,8,9,10,8,9,7,9,9,9,6,8,8,8,9,10,6,6,6,6,6,6,6,6,6,6,6,6,9,10,10,8,9,9,3,4,3,2,2,3,7,6,4,6,9,6,5,5,7,7,6,9,8,6
gc,svn,crisscross,/trunk/examples/CheckMark/adler32.cpp,clean,cpp,IssueTrue,8990,130,881,3,5,9,9,3,9,8,7,7,7,8,9,10,8,9,7,9,9,9,6,8,8,8,9,10,6,6,6,6,6,6,6,6,6,6,6,6,9,10,10,8,9,9,10,10,7,8,6,4,2,3,3,6,5,4,4,4,9,9,8,10,10,9
gc,svn,crisscross,/trunk/examples/CheckMark/adler32.h,clean,cpp,IssueTrue,8990,130,881,3,1,2,1,2,10,4,7,7,7,8,9,10,8,9,7,9,9,9,6,8,8,8,9,10,6,6,6,6,6,6,6,6,6,6,6,6,9,10,10,8,9,9,1,2,2,2,2,3,1,3,2,4,5,3,3,3,4,4,4,9,8,5
gc,svn,crisscross,/trunk/examples/CheckMark/crc32.cpp,clean,cpp,IssueTrue,8990,130,881,3,4,2,2,3,4,7,7,7,7,8,9,10,8,9,7,9,9,9,6,8,8,8,9,10,6,6,6,6,6,6,6,6,6,6,6,6,9,10,10,8,9,9,6,6,3,8,6,4,2,3,3,4,5,3,3,3,4,4,4,10,9,7
gc,svn,crisscross,/trunk/examples/CheckMark/header.h,clean,cpp,IssueTrue,8990,130,881,3,1,2,1,2,1,4,7,7,7,8,9,10,8,9,7,9,9,9,6,8,8,8,9,10,6,6,6,6,6,6,6,6,6,6,6,6,9,10,10,8,9,9,1,2,2,2,2,3,1,3,2,7,5,4,5,4,4,4,4,3,4,3
gc,svn,crisscross,/trunk/examples/CheckMark/main.cpp,clean,cpp,IssueTrue,8990,130,881,3,7,3,9,3,2,8,7,7,7,8,9,10,8,9,7,9,9,9,6,8,8,8,9,10,6,6,6,6,6,6,6,6,6,6,6,6,9,10,10,8,9,9,10,10,8,2,2,3,10,10,9,9,5,8,8,8,7,8,7,8,9,7
gc,svn,crisscross,/trunk/examples/CheckMark/random.cpp,clean,cpp,IssueTrue,8990,130,881,3,2,2,3,3,6,8,7,7,7,8,9,10,8,9,7,9,9,9,6,8,8,8,9,10,6,6,6,6,6,6,6,6,6,6,6,6,9,10,10,8,9,9,8,7,4,8,6,4,9,7,4,6,5,3,3,3,4,4,4,10,9,7
gc,svn,crisscross,/trunk/examples/CheckMark/random.h,clean,cpp,IssueTrue,8990,130,881,3,1,2,1,2,10,4,7,7,7,8,9,10,8,9,7,9,9,9,6,8,8,8,9,10,6,6,6,6,6,6,6,6,6,6,6,6,9,10,10,8,9,9,1,2,2,2,2,3,1,3,2,4,5,3,3,3,4,4,4,9,8,5
gc,svn,crisscross,/trunk/examples/GenPrime/main.cpp,clean,cpp,IssueTrue,8990,130,881,3,5,5,6,5,7,8,7,7,7,8,9,10,8,9,7,9,9,9,6,8,8,8,9,10,6,6,6,6,6,6,6,6,6,6,6,6,9,10,10,8,9,9,9,9,7,3,4,4,8,8,6,9,5,8,8,8,8,9,9,10,10,10
gc,svn,crisscross,/trunk/examples/MemoryProfile/avltree.cpp,clean,cpp,IssueTrue,8990,130,881,3,2,2,4,3,6,10,7,7,7,8,9,10,8,9,7,9,9,9,6,8,8,8,9,10,6,6,6,6,6,6,6,6,6,6,6,6,9,10,10,8,9,9,10,8,5,7,5,4,10,9,6,4,9,3,3,3,4,4,4,8,6,4
gc,svn,crisscross,/trunk/examples/MemoryProfile/darray.cpp,clean,cpp,IssueTrue,8990,130,881,3,2,2,3,3,6,8,7,7,7,8,9,10,8,9,7,9,9,9,6,8,8,8,9,10,6,6,6,6,6,6,6,6,6,6,6,6,9,10,10,8,9,9,9,7,4,5,4,4,10,7,5,4,9,3,3,3,4,4,4,8,6,4
gc,svn,crisscross,/trunk/examples/MemoryProfile/hashtable.cpp,clean,cpp,IssueTrue,8990,130,881,3,2,2,3,3,7,7,7,7,7,8,9,10,8,9,7,9,9,9,6,8,8,8,9,10,6,6,6,6,6,6,6,6,6,6,6,6,9,10,10,8,9,9,6,6,3,5,4,4,10,7,5,4,9,3,3,3,4,4,4,7,6,4
gc,svn,crisscross,/trunk/examples/MemoryProfile/llist.cpp,clean,cpp,IssueTrue,8990,130,881,3,2,2,3,3,6,8,7,7,7,8,9,10,8,9,7,9,9,9,6,8,8,8,9,10,6,6,6,6,6,6,6,6,6,6,6,6,9,10,10,8,9,9,9,7,4,5,4,4,10,7,5,4,9,3,3,3,4,4,4,8,6,4
gc,svn,crisscross,/trunk/examples/MemoryProfile/main.cpp,clean,cpp,IssueTrue,8990,130,881,3,2,3,3,3,7,4,7,7,7,8,9,10,8,9,7,9,9,9,6,8,8,8,9,10,6,6,6,6,6,6,6,6,6,6,6,6,9,10,10,8,9,9,3,4,3,5,4,4,10,8,6,4,9,3,3,3,4,4,4,7,6,4
gc,svn,crisscross,/trunk/examples/MemoryProfile/rbtree.cpp,clean,cpp,IssueTrue,8990,130,881,3,2,2,4,3,6,10,7,7,7,8,9,10,8,9,7,9,9,9,6,8,8,8,9,10,6,6,6,6,6,6,6,6,6,6,6,6,9,10,10,8,9,9,10,8,5,7,5,4,10,9,6,4,9,3,3,3,4,4,4,8,6,4
gc,svn,crisscross,/trunk/examples/MemoryProfile/splaytree.cpp,clean,cpp,IssueTrue,8990,130,881,3,2,2,4,3,6,10,7,7,7,8,9,10,8,9,7,9,9,9,6,8,8,8,9,10,6,6,6,6,6,6,6,6,6,6,6,6,9,10,10,8,9,9,10,8,5,7,5,4,10,9,6,4,9,3,3,3,4,4,4,8,6,4
gc,svn,crisscross,/trunk/examples/SortBenchmark/main.cpp,buggy,cpp,IssueTrue,8990,130,881,3,7,3,8,4,2,9,7,7,7,8,9,10,8,9,7,9,9,9,6,8,8,8,9,10,6,6,6,6,6,6,6,6,6,6,6,6,9,10,10,8,9,9,9,9,6,5,5,4,10,10,9,9,5,7,6,7,10,10,10,10,10,9
gc,svn,crisscross,/trunk/source/console.cpp,buggy,cpp,IssueTrue,8990,130,881,3,9,2,9,10,1,8,7,7,7,8,9,10,8,9,7,9,9,9,6,8,8,8,9,10,6,6,6,6,6,6,6,6,6,6,6,6,9,10,10,8,9,9,6,7,10,6,9,9,5,8,10,10,10,9,9,10,7,9,9,10,10,10
gc,svn,crisscross,/trunk/source/core_io_reader.cpp,buggy,cpp,IssueTrue,8990,130,881,3,9,3,10,9,1,7,7,7,7,8,9,10,8,9,7,9,9,9,6,8,8,8,9,10,6,6,6,6,6,6,6,6,6,6,6,6,9,10,10,8,9,9,9,9,10,10,9,10,10,9,10,9,5,7,7,8,5,5,5,10,10,10
gc,svn,crisscross,/trunk/source/core_io_writer.cpp,clean,cpp,IssueTrue,8990,130,881,3,8,3,9,8,2,7,7,7,7,8,9,10,8,9,7,9,9,9,6,8,8,8,9,10,6,6,6,6,6,6,6,6,6,6,6,6,9,10,10,8,9,9,9,8,9,10,10,10,10,9,10,8,5,4,4,4,5,5,5,10,10,9
gc,svn,crisscross,/trunk/source/core_network.cpp,clean,cpp,IssueTrue,8990,130,881,3,3,3,3,4,6,8,7,7,7,8,9,10,8,9,7,9,9,9,6,8,8,8,9,10,6,6,6,6,6,6,6,6,6,6,6,6,9,10,10,8,9,9,9,7,6,5,4,4,6,5,4,4,5,8,5,5,4,4,4,10,8,6
gc,svn,crisscross,/trunk/source/core_socket.cpp,buggy,cpp,IssueTrue,8990,130,881,3,9,8,10,9,4,8,7,7,7,8,9,10,8,9,7,9,9,9,6,8,8,8,9,10,6,6,6,6,6,6,6,6,6,6,6,6,9,10,10,8,9,9,7,8,9,7,8,9,8,8,10,8,5,10,9,9,8,9,8,10,10,10
gc,svn,crisscross,/trunk/source/cpuid.cpp,clean,cpp,IssueTrue,8990,130,881,3,1,3,1,2,1,4,7,7,7,8,9,10,8,9,7,9,9,9,6,8,8,8,9,10,6,6,6,6,6,6,6,6,6,6,6,6,9,10,10,8,9,9,1,2,2,2,2,3,1,3,2,9,9,5,6,6,5,6,6,10,10,10
gc,svn,crisscross,/trunk/source/crisscross/avltree.cpp,clean,cpp,IssueTrue,8990,130,881,3,10,3,10,10,1,10,7,7,7,8,9,10,8,9,7,9,9,9,6,8,8,8,9,10,6,6,6,6,6,6,6,6,6,6,6,6,9,10,10,8,9,9,9,10,10,9,9,10,9,9,10,10,10,10,10,10,10,10,10,10,10,10
gc,svn,crisscross,/trunk/source/crisscross/avltree.h,clean,cpp,IssueTrue,8990,130,881,3,6,10,7,8,10,4,7,7,7,8,9,10,8,9,7,9,9,9,6,8,8,8,9,10,6,6,6,6,6,6,6,6,6,6,6,6,9,10,10,8,9,9,3,4,6,4,7,7,3,5,6,10,10,9,9,10,7,9,9,10,10,10
gc,svn,crisscross,/trunk/source/crisscross/bubblesort.h,clean,cpp,IssueTrue,8990,130,881,3,3,4,3,3,8,9,7,7,7,8,9,10,8,9,7,9,9,9,6,8,8,8,9,10,6,6,6,6,6,6,6,6,6,6,6,6,9,10,10,8,9,9,10,8,5,7,5,4,6,5,3,9,9,4,4,5,5,6,6,7,8,6
gc,svn,crisscross,/trunk/source/crisscross/combsort.h,clean,cpp,IssueTrue,8990,130,881,3,4,3,4,4,6,9,7,7,7,8,9,10,8,9,7,9,9,9,6,8,8,8,9,10,6,6,6,6,6,6,6,6,6,6,6,6,9,10,10,8,9,9,9,8,6,6,5,5,5,6,4,8,9,5,5,5,7,6,7,8,8,6
gc,svn,crisscross,/trunk/source/crisscross/compare.h,clean,cpp,IssueTrue,8990,130,881,3,3,3,6,5,7,7,7,7,7,8,9,10,8,9,7,9,9,9,6,8,8,8,9,10,6,6,6,6,6,6,6,6,6,6,6,6,9,10,10,8,9,9,10,8,6,7,5,5,8,6,6,7,5,6,6,6,4,4,4,6,6,5
gc,svn,crisscross,/trunk/source/crisscross/console.h,clean,cpp,IssueTrue,8990,130,881,3,5,10,5,2,9,4,10,9,9,10,10,10,10,10,10,9,9,9,7,9,9,10,10,10,8,8,7,10,10,9,10,10,9,10,10,9,10,10,10,10,10,10,1,2,2,2,2,3,1,3,2,9,10,4,5,6,5,6,6,8,9,7
gc,svn,crisscross,/trunk/source/crisscross/core_io.h,clean,cpp,IssueTrue,8990,130,881,3,2,4,1,2,9,4,7,7,7,8,9,10,8,9,7,9,9,9,6,8,8,8,9,10,6,6,6,6,6,6,6,6,6,6,6,6,9,10,10,8,9,9,1,2,2,2,2,3,1,3,2,4,5,3,3,3,4,4,4,6,5,3
gc,svn,crisscross,/trunk/source/crisscross/core_io_reader.h,clean,cpp,IssueTrue,8990,130,881,3,3,10,4,2,10,4,10,9,9,8,9,10,10,9,9,10,10,10,8,9,9,8,9,10,9,9,8,9,9,9,9,9,9,10,9,9,10,10,10,8,9,9,1,2,2,2,2,3,1,3,2,8,5,4,5,5,4,4,4,8,8,7
gc,svn,crisscross,/trunk/source/crisscross/core_io_writer.h,clean,cpp,IssueTrue,8990,130,881,3,3,9,3,2,10,4,10,9,9,8,9,10,9,9,9,10,10,10,7,9,9,8,9,10,9,9,8,9,8,8,9,8,8,9,9,9,9,10,10,8,9,9,1,2,2,2,2,3,1,3,2,6,5,3,3,3,4,4,4,8,7,5
gc,svn,crisscross,/trunk/source/crisscross/core_network.h,clean,cpp,IssueTrue,8990,130,881,3,1,3,1,2,9,4,7,7,7,8,9,10,8,9,7,9,9,9,6,8,8,8,9,10,6,6,6,6,6,6,6,6,6,6,6,6,9,10,10,8,9,9,1,2,2,2,2,3,1,3,2,4,5,3,3,3,4,4,4,6,5,3
gc,svn,crisscross,/trunk/source/crisscross/core_socket.h,buggy,cpp,IssueTrue,8990,130,881,3,5,10,5,2,10,4,10,9,9,8,9,10,10,10,9,10,10,10,9,10,10,8,9,10,10,9,9,10,9,9,10,9,9,10,10,9,10,10,10,8,9,9,1,2,2,2,2,3,1,3,2,9,5,6,7,7,8,9,8,8,9,7
gc,svn,crisscross,/trunk/source/crisscross/cpuid.h,clean,cpp,IssueTrue,8990,130,881,3,1,2,1,2,1,4,7,7,7,8,9,10,8,9,7,9,9,9,6,8,8,8,9,10,6,6,6,6,6,6,6,6,6,6,6,6,9,10,10,8,9,9,1,2,2,2,2,3,1,3,2,7,5,3,3,3,4,4,4,10,10,10
gc,svn,crisscross,/trunk/source/crisscross/crisscross.h,clean,cpp,IssueTrue,8990,130,881,3,1,2,1,2,1,4,7,7,7,8,9,10,8,9,7,9,9,9,6,8,8,8,9,10,6,6,6,6,6,6,6,6,6,6,6,6,9,10,10,8,9,9,1,2,2,2,2,3,1,3,2,10,9,4,5,6,5,6,6,2,6,5
gc,svn,crisscross,/trunk/source/crisscross/darray.cpp,clean,cpp,IssueTrue,8990,130,881,3,9,3,10,10,2,9,7,7,7,8,9,10,8,9,7,9,9,9,6,8,8,8,9,10,6,6,6,6,6,6,6,6,6,6,6,6,9,10,10,8,9,9,8,9,10,10,10,10,7,8,10,10,10,9,9,9,10,10,10,10,10,10
gc,svn,crisscross,/trunk/source/crisscross/darray.h,clean,cpp,IssueTrue,8990,130,881,3,7,10,7,9,9,4,7,7,7,8,9,10,8,9,7,9,9,9,6,8,8,8,9,10,6,6,6,6,6,6,6,6,6,6,6,6,9,10,10,8,9,9,3,4,8,4,8,8,3,5,8,10,10,6,8,7,6,7,7,8,10,8
gc,svn,crisscross,/trunk/source/crisscross/datatypes.h,clean,cpp,IssueTrue,8990,130,881,3,2,2,3,2,7,4,7,7,7,8,9,10,8,9,7,9,9,9,6,8,8,8,9,10,6,6,6,6,6,6,6,6,6,6,6,6,9,10,10,8,9,9,1,2,2,2,2,3,1,3,2,6,5,5,5,5,4,4,4,7,6,5
gc,svn,crisscross,/trunk/source/crisscross/debug.h,clean,cpp,IssueTrue,8990,130,881,3,1,3,1,2,10,4,7,7,7,8,9,10,8,9,7,9,9,9,6,8,8,8,9,10,6,6,6,6,6,6,6,6,6,6,6,6,9,10,10,8,9,9,1,2,2,2,2,3,1,3,2,7,5,5,5,5,4,4,4,7,7,5
gc,svn,crisscross,/trunk/source/crisscross/deprecate.h,clean,cpp,IssueTrue,8990,130,881,3,1,2,1,2,1,4,7,7,7,8,9,10,8,9,7,9,9,9,6,8,8,8,9,10,6,6,6,6,6,6,6,6,6,6,6,6,9,10,10,8,9,9,1,2,2,2,2,3,1,3,2,7,5,3,4,4,4,4,4,9,9,7
gc,svn,crisscross,/trunk/source/crisscross/dstack.cpp,clean,cpp,IssueTrue,8990,130,881,3,7,3,6,8,2,8,7,7,7,8,9,10,8,9,7,9,9,9,6,8,8,8,9,10,6,6,6,6,6,6,6,6,6,6,6,6,9,10,10,8,9,9,6,7,8,8,9,9,5,7,8,8,9,5,6,5,4,4,4,10,10,8
gc,svn,crisscross,/trunk/source/crisscross/dstack.h,clean,cpp,IssueTrue,8990,130,881,3,3,8,3,2,9,4,7,7,7,8,9,10,8,9,7,9,9,9,6,8,8,8,9,10,6,6,6,6,6,6,6,6,6,6,6,6,9,10,10,8,9,9,1,2,2,2,2,3,1,3,2,7,9,3,3,3,4,4,4,8,8,6
gc,svn,crisscross,/trunk/source/crisscross/hash.h,clean,cpp,IssueTrue,8990,130,881,3,2,3,2,2,8,4,7,7,7,8,9,10,9,9,8,9,9,9,6,8,8,8,9,10,7,7,7,7,7,7,7,7,7,8,8,8,9,10,10,8,9,9,1,2,2,2,2,3,1,3,2,8,5,5,5,5,6,7,7,6,7,5
gc,svn,crisscross,/trunk/source/crisscross/hashtable.cpp,buggy,cpp,IssueTrue,8990,130,881,3,9,3,10,8,2,9,7,7,7,8,9,10,8,9,7,9,9,9,6,8,8,8,9,10,6,6,6,6,6,6,6,6,6,6,6,6,9,10,10,8,9,9,8,9,9,9,8,9,9,9,10,8,10,10,9,9,10,10,9,10,10,9
gc,svn,crisscross,/trunk/source/crisscross/hashtable.h,clean,cpp,IssueTrue,8990,130,881,3,4,9,4,3,9,4,7,7,7,8,9,10,8,9,7,9,9,9,6,8,8,8,9,10,6,6,6,6,6,6,6,6,6,6,6,6,9,10,10,8,9,9,3,4,3,5,4,4,2,3,3,9,10,8,8,8,5,5,5,10,10,9
gc,svn,crisscross,/trunk/source/crisscross/heapsort.h,clean,cpp,IssueTrue,8990,130,881,3,4,4,5,3,7,9,7,7,7,8,9,10,8,9,7,9,9,9,6,8,8,8,9,10,6,6,6,6,6,6,6,6,6,6,6,6,9,10,10,8,9,9,10,9,6,7,5,4,6,5,3,8,9,5,5,5,7,8,7,8,9,7
gc,svn,crisscross,/trunk/source/crisscross/insertionsort.h,clean,cpp,IssueTrue,8990,130,881,3,3,4,3,3,8,8,7,7,7,8,9,10,8,9,7,9,9,9,6,8,8,8,9,10,6,6,6,6,6,6,6,6,6,6,6,6,9,10,10,8,9,9,8,7,4,7,5,4,6,5,3,9,9,4,4,5,5,6,6,7,8,6
gc,svn,crisscross,/trunk/source/crisscross/internal_mem.h,buggy,cpp,IssueTrue,8990,130,881,3,4,3,5,7,5,7,7,7,7,8,9,10,8,9,7,9,9,9,6,8,8,8,9,10,6,6,6,6,6,6,6,6,6,6,6,6,9,10,10,8,9,9,6,6,6,4,4,5,7,6,6,8,5,5,6,6,4,4,4,7,7,6
gc,svn,crisscross,/trunk/source/crisscross/llist.cpp,clean,cpp,IssueTrue,8990,130,881,3,10,6,10,10,2,9,7,7,7,8,9,10,8,9,7,9,9,9,6,8,8,8,9,10,6,6,6,6,6,6,6,6,6,6,6,6,9,10,10,8,9,9,7,9,10,9,10,10,8,8,10,9,10,8,8,8,9,9,9,10,10,10
gc,svn,crisscross,/trunk/source/crisscross/llist.h,clean,cpp,IssueTrue,8990,130,881,3,7,10,7,9,9,7,7,7,7,8,9,10,8,9,7,9,9,9,6,8,8,8,9,10,6,6,6,6,6,6,6,6,6,6,6,6,9,10,10,8,9,9,4,6,8,3,4,7,3,5,8,9,10,7,8,8,6,6,7,9,9,8
gc,svn,crisscross,/trunk/source/crisscross/md2.h,clean,cpp,IssueTrue,8990,130,881,3,3,9,4,3,9,4,9,8,8,8,9,10,9,9,9,9,9,9,7,9,9,8,9,10,9,8,8,9,8,8,9,8,8,9,9,9,9,10,10,8,9,9,3,4,3,3,3,3,2,3,3,10,5,7,8,8,4,5,5,9,9,9
gc,svn,crisscross,/trunk/source/crisscross/md4.h,clean,cpp,IssueTrue,8990,130,881,3,3,9,4,3,10,4,9,8,8,8,9,10,9,9,9,9,9,9,7,9,9,8,9,10,9,8,8,9,8,8,9,8,8,9,9,9,9,10,10,8,9,9,3,4,3,3,3,3,2,3,3,10,5,7,8,8,4,5,5,9,9,9
gc,svn,crisscross,/trunk/source/crisscross/md5.h,clean,cpp,IssueTrue,8990,130,881,3,3,9,4,3,9,4,9,8,8,8,9,10,9,9,9,9,9,9,7,9,9,8,9,10,9,8,8,9,8,8,9,8,8,9,9,9,9,10,10,8,9,9,3,4,3,3,3,3,2,3,3,10,5,7,8,8,5,6,6,8,9,8
gc,svn,crisscross,/trunk/source/crisscross/mutex.h,clean,cpp,IssueTrue,8990,130,881,3,2,3,2,2,8,4,8,8,8,8,9,10,9,9,8,9,9,9,7,9,9,8,9,10,9,8,8,7,7,7,7,7,7,8,7,7,9,10,10,8,9,9,1,2,2,2,2,3,1,3,2,7,5,5,5,5,4,4,4,7,7,5
gc,svn,crisscross,/trunk/source/crisscross/node.h,clean,cpp,IssueTrue,8990,130,881,3,7,8,7,8,7,7,7,7,7,8,9,10,8,9,7,9,9,9,6,8,8,8,9,10,6,6,6,6,6,6,6,6,6,6,6,6,9,10,10,8,9,9,5,7,8,8,8,9,6,6,8,10,10,9,10,9,9,10,10,10,10,9
gc,svn,crisscross,/trunk/source/crisscross/platform_detect.h,buggy,cpp,IssueTrue,8990,130,881,3,1,9,1,2,1,4,7,7,7,8,9,10,8,9,7,9,9,9,6,8,8,8,9,10,6,6,6,6,6,6,6,6,6,6,6,6,9,10,10,8,9,9,1,2,2,2,2,3,1,3,2,8,5,10,9,8,9,9,9,10,10,9
gc,svn,crisscross,/trunk/source/crisscross/quicksort.h,clean,cpp,IssueTrue,8990,130,881,3,3,4,3,4,7,9,7,7,7,8,9,10,8,9,7,9,9,9,6,8,8,8,9,10,6,6,6,6,6,6,6,6,6,6,6,6,9,10,10,8,9,9,7,7,5,8,6,5,5,5,4,9,9,5,4,5,6,7,7,8,8,7
gc,svn,crisscross,/trunk/source/crisscross/rbtree.cpp,buggy,cpp,IssueTrue,8990,130,881,3,10,7,10,10,2,10,7,7,7,8,9,10,8,9,7,9,9,9,6,8,8,8,9,10,6,6,6,6,6,6,6,6,6,6,6,6,9,10,10,8,9,9,9,9,10,9,9,10,8,9,10,10,10,10,10,10,10,10,10,10,10,10
gc,svn,crisscross,/trunk/source/crisscross/rbtree.h,buggy,cpp,IssueTrue,8990,130,881,3,6,10,7,8,9,4,7,7,7,8,9,10,8,9,7,9,9,9,6,8,8,8,9,10,6,6,6,6,6,6,6,6,6,6,6,6,9,10,10,8,9,9,3,4,6,5,8,7,2,5,6,10,10,8,8,9,9,10,10,10,10,10
gc,svn,crisscross,/trunk/source/crisscross/sha1.h,clean,cpp,IssueTrue,8990,130,881,3,3,8,4,3,9,4,9,8,8,8,9,10,9,9,9,9,9,9,7,9,9,8,9,10,9,8,8,9,8,8,9,8,8,9,9,9,9,10,10,8,9,9,3,4,3,3,3,3,2,3,3,10,5,7,7,8,5,6,6,8,9,8
gc,svn,crisscross,/trunk/source/crisscross/sha256.h,clean,cpp,IssueTrue,8990,130,881,3,3,8,4,3,9,4,9,8,8,8,9,10,9,9,9,9,9,9,7,9,9,8,9,10,9,8,8,9,8,8,9,8,8,9,9,9,9,10,10,8,9,9,3,4,3,3,3,3,2,3,3,10,5,7,7,8,5,6,6,8,9,8
gc,svn,crisscross,/trunk/source/crisscross/sha512.h,clean,cpp,IssueTrue,8990,130,881,3,3,8,4,3,9,4,9,8,8,8,9,10,9,9,9,9,9,9,7,9,9,8,9,10,9,8,8,9,8,8,9,8,8,9,9,9,9,10,10,8,9,9,3,4,3,3,3,3,2,3,3,10,9,7,7,8,4,5,5,8,9,9
gc,svn,crisscross,/trunk/source/crisscross/shellsort.h,clean,cpp,IssueTrue,8990,130,881,3,3,3,4,3,7,9,7,7,7,8,9,10,8,9,7,9,9,9,6,8,8,8,9,10,6,6,6,6,6,6,6,6,6,6,6,6,9,10,10,8,9,9,10,8,5,7,5,4,6,5,3,8,9,3,4,4,6,6,6,8,8,6
gc,svn,crisscross,/trunk/source/crisscross/sort.h,clean,cpp,IssueTrue,8990,130,881,3,2,5,2,5,9,4,7,7,7,8,9,10,8,9,7,9,9,9,6,8,8,8,9,10,6,6,6,6,6,6,6,6,6,6,6,6,9,10,10,8,9,9,3,4,4,6,8,6,2,3,3,8,9,4,4,5,4,4,4,7,8,6
gc,svn,crisscross,/trunk/source/crisscross/splaytree.cpp,clean,cpp,IssueTrue,8990,130,881,3,10,4,10,9,2,9,7,7,7,8,9,10,8,9,7,9,9,9,6,8,8,8,9,10,6,6,6,6,6,6,6,6,6,6,6,6,9,10,10,8,9,9,8,9,10,9,9,10,8,9,10,10,10,10,10,10,9,10,10,10,10,10
gc,svn,crisscross,/trunk/source/crisscross/splaytree.h,clean,cpp,IssueTrue,8990,130,881,3,5,10,6,7,9,4,7,7,7,8,9,10,8,9,7,9,9,9,6,8,8,8,9,10,6,6,6,6,6,6,6,6,6,6,6,6,9,10,10,8,9,9,3,4,6,5,8,7,2,5,5,10,10,9,8,9,8,9,9,10,10,10
gc,svn,crisscross,/trunk/source/crisscross/stopwatch.h,clean,cpp,IssueTrue,8990,130,881,3,2,5,2,4,9,4,8,7,7,8,9,10,9,9,8,9,9,9,6,8,8,8,9,10,6,6,6,8,8,8,8,8,7,9,8,8,9,10,10,8,9,9,3,4,3,9,7,6,1,3,2,9,5,5,6,6,4,4,4,9,9,8
gc,svn,crisscross,/trunk/source/crisscross/system.h,clean,cpp,IssueTrue,8990,130,881,3,1,4,1,2,10,4,7,7,7,8,9,10,8,9,7,9,9,9,6,8,8,8,9,10,6,6,6,6,6,6,6,6,6,6,6,6,9,10,10,8,9,9,1,2,2,2,2,3,1,3,2,4,5,3,3,3,4,4,4,9,8,6
gc,svn,crisscross,/trunk/source/crisscross/tcpsocket.h,buggy,cpp,IssueTrue,8990,130,881,3,2,8,2,2,10,4,9,9,8,10,10,10,10,10,10,9,9,9,9,9,9,10,10,10,6,6,6,9,8,8,8,8,8,9,8,8,9,10,10,10,10,10,1,2,2,2,2,3,1,3,2,8,5,6,5,6,4,4,4,5,6,5
gc,svn,crisscross,/trunk/source/crisscross/tiger.h,clean,cpp,IssueTrue,8990,130,881,3,3,9,4,3,9,4,9,8,8,8,9,10,9,9,9,9,9,9,7,9,9,8,9,10,9,8,8,9,8,8,9,8,8,9,9,9,9,10,10,8,9,9,3,4,3,3,3,3,2,3,3,10,9,7,8,9,5,6,6,8,9,8
gc,svn,crisscross,/trunk/source/crisscross/udpsocket.h,buggy,cpp,IssueTrue,8990,130,881,3,2,6,2,2,9,4,8,8,8,10,10,10,10,10,9,9,9,9,8,9,9,10,10,10,6,6,6,7,7,7,7,7,7,8,7,7,9,10,10,10,10,10,1,2,2,2,2,3,1,3,2,6,5,5,5,5,4,4,4,6,6,4
gc,svn,crisscross,/trunk/source/crisscross/universal_include.h,buggy,cpp,IssueTrue,8990,130,881,3,3,9,3,3,10,7,7,7,7,8,9,10,8,9,7,9,9,9,6,8,8,8,9,10,6,6,6,6,6,6,6,6,6,6,6,6,9,10,10,8,9,9,8,7,4,7,5,4,7,6,4,10,10,5,6,9,5,7,8,9,10,10
gc,svn,crisscross,/trunk/source/crisscross/version.h,clean,cpp,IssueTrue,8990,130,881,3,1,5,2,2,10,4,7,7,7,8,9,10,8,9,7,9,9,9,6,8,8,8,9,10,6,6,6,6,6,6,6,6,6,6,6,6,9,10,10,8,9,9,1,2,2,2,2,3,1,3,2,4,5,3,3,3,4,4,4,8,7,5
gc,svn,crisscross,/trunk/source/debug.cpp,clean,cpp,IssueTrue,8990,130,881,3,3,3,4,3,5,9,7,7,7,8,9,10,8,9,7,9,9,9,6,8,8,8,9,10,6,6,6,6,6,6,6,6,6,6,6,6,9,10,10,8,9,9,9,7,4,10,10,9,10,7,5,9,9,6,6,7,8,8,8,10,10,9
gc,svn,crisscross,/trunk/source/error.cpp,buggy,cpp,IssueTrue,8990,130,881,3,6,2,4,4,3,8,7,7,7,8,9,10,8,9,7,9,9,9,6,8,8,8,9,10,9,8,8,6,6,6,6,6,6,6,6,6,9,10,10,8,9,9,9,7,6,9,7,6,7,6,5,9,10,5,5,6,5,5,5,10,10,9
gc,svn,crisscross,/trunk/source/md2.cpp,clean,cpp,IssueTrue,8990,130,881,3,8,8,9,9,5,8,7,7,7,8,9,10,8,9,7,9,9,9,6,8,8,8,9,10,6,6,6,6,6,6,6,6,6,6,6,6,9,10,10,8,9,9,7,8,9,8,9,9,6,7,9,9,5,8,8,8,7,8,8,10,10,10
gc,svn,crisscross,/trunk/source/md4.cpp,clean,cpp,IssueTrue,8990,130,881,3,9,10,10,9,7,8,7,7,7,8,9,10,8,9,7,9,9,9,6,8,8,8,9,10,6,6,6,6,6,6,6,6,6,6,6,6,9,10,10,8,9,9,6,7,9,8,8,9,6,7,9,9,5,7,8,8,6,7,7,10,10,10
gc,svn,crisscross,/trunk/source/md5.cpp,clean,cpp,IssueTrue,8990,130,881,3,9,10,10,9,9,8,7,7,7,8,9,10,8,9,7,9,9,9,6,8,8,8,9,10,6,6,6,6,6,6,6,6,6,6,6,6,9,10,10,8,9,9,7,8,9,8,9,9,6,7,9,10,5,10,10,10,9,9,9,10,10,10
gc,svn,crisscross,/trunk/source/mutex.cpp,clean,cpp,IssueTrue,8990,130,881,3,4,2,7,5,4,7,7,7,7,8,9,10,8,9,7,9,9,9,6,8,8,8,9,10,6,6,6,6,6,6,6,6,6,6,6,6,9,10,10,8,9,9,7,7,6,10,10,9,9,8,8,7,5,4,4,4,4,4,4,10,9,8
gc,svn,crisscross,/trunk/source/sha1.cpp,clean,cpp,IssueTrue,8990,130,881,3,8,7,10,9,4,8,7,7,7,8,9,10,8,9,7,9,9,9,6,8,8,8,9,10,6,6,6,6,6,6,6,6,6,6,6,6,9,10,10,8,9,9,7,8,9,8,8,9,6,7,9,9,5,8,8,8,5,6,6,10,10,10
gc,svn,crisscross,/trunk/source/sha256.cpp,clean,cpp,IssueTrue,8990,130,881,3,9,3,9,9,2,8,7,7,7,8,9,10,8,9,7,9,9,9,6,8,8,8,9,10,6,6,6,6,6,6,6,6,6,6,6,6,9,10,10,8,9,9,7,9,9,8,8,9,7,7,9,9,5,8,8,8,7,9,8,10,10,10
gc,svn,crisscross,/trunk/source/sha512.cpp,clean,cpp,IssueTrue,8990,130,881,3,9,3,9,9,1,8,7,7,7,8,9,10,8,9,7,9,9,9,6,8,8,8,9,10,6,6,6,6,6,6,6,6,6,6,6,6,9,10,10,8,9,9,7,9,9,8,8,9,7,7,9,10,5,7,8,8,8,9,9,10,10,10
gc,svn,crisscross,/trunk/source/stopwatch.cpp,clean,cpp,IssueTrue,8990,130,881,3,2,3,2,6,6,4,7,7,7,8,9,10,8,9,7,9,9,9,6,8,8,8,9,10,6,6,6,6,6,6,6,6,6,6,6,6,9,10,10,8,9,9,3,4,5,6,6,7,2,5,4,9,9,5,6,7,4,4,4,7,8,7
gc,svn,crisscross,/trunk/source/system.cpp,clean,cpp,IssueTrue,8990,130,881,3,3,2,2,6,5,7,7,7,7,8,9,10,8,9,7,9,9,9,6,8,8,8,9,10,6,6,6,6,6,6,6,6,6,6,6,6,9,10,10,8,9,9,4,6,5,3,4,4,2,5,4,8,5,3,4,4,5,5,5,7,7,6
gc,svn,crisscross,/trunk/source/tcpsocket.cpp,buggy,cpp,IssueTrue,8990,130,881,3,8,8,9,8,5,8,7,7,7,8,9,10,8,9,7,9,9,9,6,8,8,8,9,10,6,6,6,6,6,6,6,6,6,6,6,6,9,10,10,8,9,9,8,8,9,4,7,7,9,9,10,10,10,8,9,9,9,9,9,10,10,10
gc,svn,crisscross,/trunk/source/tiger.cpp,clean,cpp,IssueTrue,8990,130,881,3,10,10,10,9,8,8,7,7,7,8,9,10,8,9,7,9,9,9,6,8,8,8,9,10,6,6,6,6,6,6,6,6,6,6,6,6,9,10,10,8,9,9,8,10,9,9,9,9,8,7,9,10,5,10,10,10,10,10,10,10,10,10
gc,svn,crisscross,/trunk/source/udpsocket.cpp,buggy,cpp,IssueTrue,8990,130,881,3,5,3,6,6,4,7,7,7,7,8,9,10,8,9,7,9,9,9,6,8,8,8,9,10,6,6,6,6,6,6,6,6,6,6,6,6,9,10,10,8,9,9,7,8,7,5,7,6,9,9,9,7,5,5,5,5,4,4,4,10,10,8
gc,svn,crisscross,/trunk/source/universal_include.cpp,buggy,cpp,IssueTrue,8990,130,881,3,2,2,4,4,6,4,7,7,7,8,9,10,8,9,7,9,9,9,6,8,8,8,9,10,6,6,6,6,6,6,6,6,6,6,6,6,9,10,10,8,9,9,3,4,3,9,8,6,7,7,5,10,10,7,7,8,7,8,8,9,10,9
gc,svn,crisscross,/trunk/source/version.cpp,clean,cpp,IssueTrue,8990,130,881,3,3,2,2,6,5,4,7,7,7,8,9,10,8,9,7,9,9,9,6,8,8,8,9,10,6,6,6,6,6,6,6,6,6,6,6,6,9,10,10,8,9,9,3,4,5,3,4,5,2,3,4,4,5,3,3,3,4,4,4,7,6,4
