Host,Vcs,Project,File,Buggy,PL,IssueTracking,TLOC,TNF,TNC,TND,LOC,CL,NStmt,NFunc,RCC,MNL,avg_WMC,max_WMC,total_WMC,avg_DIT,max_DIT,total_DIT,avg_RFC,max_RFC,total_RFC,avg_NOC,max_NOC,total_NOC,avg_CBO,max_CBO,total_CBO,avg_DIT.1,max_DIT.1,total_DIT.1,avg_NIV,max_NIV,total_NIV,avg_NIM,max_NIM,total_NIM,avg_NOM,max_NOM,total_NOM,avg_NPBM,max_NPBM,total_NPBM,avg_NPM,max_NPM,total_NPM,avg_NPRM,max_NPRM,total_NPRM,avg_CC,max_CC,total_CC,avg_FANIN,max_FANIN,total_FANIN,avg_FANOUT,max_FANOUT,total_FANOUT,NRev,NFix,avg_AddedLOC,max_AddedLOC,total_AddedLOC,avg_DeletedLOC,max_DeletedLOC,total_DeletedLOC,avg_ModifiedLOC,max_ModifiedLOC,total_ModifiedLOC
gc,svn,cs-javaphp,/trunk/Client/src/ru/ipo/dces/client/ClientDialog.java,clean,java,IssueTrue,2472,19,349,6,5,2,4,5,5,5,2,4,5,10,10,10,10,10,10,9,9,9,7,7,8,10,10,10,6,7,8,4,5,5,3,4,5,5,6,5,8,8,8,7,7,7,5,6,4,8,6,6,6,8,6,6,5,5,4,4,9,7,7,9,8,7
gc,svn,cs-javaphp,/trunk/Client/src/ru/ipo/dces/client/Controller.java,buggy,java,IssueTrue,2472,19,349,6,10,6,9,9,3,9,10,10,10,6,5,4,9,8,7,9,9,9,10,9,9,6,5,4,4,4,6,1,1,1,10,10,10,10,10,9,8,8,8,9,9,9,7,7,9,10,9,10,6,9,10,10,5,9,8,9,10,10,10,10,10,10
gc,svn,cs-javaphp,/trunk/Client/src/ru/ipo/dces/client/PluginEnvironmentImpl.java,clean,java,IssueTrue,2472,19,349,6,6,1,5,7,1,5,6,7,7,6,5,4,7,6,5,9,9,9,8,7,7,6,5,4,8,7,8,9,8,8,8,8,7,9,9,7,8,8,8,7,7,7,4,4,5,6,7,7,4,5,7,6,5,3,3,3,5,5,5,5,5,4
gc,svn,cs-javaphp,/trunk/Client/src/ru/ipo/dces/plugins/admin/ContestPluginV2.java,buggy,java,IssueTrue,2472,19,349,6,10,6,10,9,2,9,5,10,10,6,5,10,3,7,9,9,9,9,7,10,10,6,5,10,8,10,10,5,9,9,4,9,9,3,6,7,8,8,8,9,10,10,7,9,9,9,9,9,8,10,10,6,5,10,10,10,10,8,8,10,9,8
gc,svn,cs-javaphp,/trunk/Client/src/ru/ipo/dces/plugins/admin/LoginPlugin.java,buggy,java,IssueTrue,2472,19,349,6,9,6,9,7,4,9,4,8,8,9,10,10,10,10,10,9,9,9,8,10,10,9,10,10,7,9,9,4,7,8,3,7,8,4,6,6,8,8,8,9,10,10,7,8,7,9,8,8,8,10,9,6,5,4,4,4,5,5,5,8,7,5
gc,svn,cs-javaphp,/trunk/Client/src/ru/ipo/dces/plugins/admin/LogoutPlugin.java,clean,java,IssueTrue,2472,19,349,6,8,4,7,7,4,5,2,5,7,7,10,10,10,10,10,9,9,9,4,5,9,7,10,10,6,9,9,3,7,8,2,6,7,3,6,6,8,8,8,7,9,9,5,5,6,5,7,6,5,8,7,6,5,4,4,4,9,7,7,7,6,5
gc,svn,cs-javaphp,/trunk/Client/src/ru/ipo/dces/plugins/admin/ResultsPlugin.java,clean,java,IssueTrue,2472,19,349,6,6,1,5,5,2,5,3,6,6,6,5,7,3,4,6,9,9,9,6,7,8,6,5,7,6,7,8,5,6,6,4,5,6,4,5,5,8,8,8,9,9,9,5,6,5,6,7,6,6,8,6,8,5,6,6,6,9,8,7,5,5,5
gc,svn,cs-javaphp,/trunk/Client/src/ru/ipo/dces/plugins/admin/beans/ContestAdjustmentBean.java,buggy,java,IssueTrue,2472,19,349,6,9,3,8,9,3,10,5,9,9,6,5,9,5,8,9,9,9,9,4,7,8,6,5,9,7,9,9,7,9,9,6,9,9,7,9,9,8,8,8,7,9,9,5,9,8,8,7,9,3,5,8,6,5,10,10,9,5,5,5,9,8,7
gc,svn,cs-javaphp,/trunk/Client/src/ru/ipo/dces/plugins/admin/beans/ProblemDescriptionBean.java,buggy,java,IssueTrue,2472,19,349,6,7,1,6,9,2,3,7,8,8,6,5,4,8,8,6,9,9,9,4,3,3,6,5,4,9,9,9,10,10,9,10,9,9,10,10,8,8,8,8,7,7,7,3,3,6,7,9,9,3,4,7,6,5,9,8,7,5,5,5,10,9,7
gc,svn,cs-javaphp,/trunk/Client/src/ru/ipo/dces/plugins/admin/components/DCESEditorFactory.java,buggy,java,IssueTrue,2472,19,349,6,7,1,6,7,2,7,2,4,7,7,9,10,2,3,9,9,9,9,3,7,9,7,9,10,4,7,8,3,4,8,2,3,8,3,5,7,8,8,8,7,9,9,4,5,6,5,7,6,4,7,7,6,5,3,3,3,7,6,5,2,2,2
gc,svn,cs-javaphp,/trunk/DCES_API/src/ru/ipo/dces/clientservercommunication/UserDataField.java,clean,java,IssueTrue,2472,19,349,6,1,2,1,1,10,3,1,1,1,6,5,4,1,1,1,9,9,9,2,1,1,6,5,4,8,7,8,1,1,1,1,1,1,1,1,1,8,8,8,7,7,7,1,1,2,2,2,2,2,1,2,6,5,5,4,4,5,5,5,2,2,2
