Host,Vcs,Project,File,Buggy,PL,IssueTracking,TLOC,TNF,TNC,TND,LOC,CL,NStmt,NFunc,RCC,MNL,avg_WMC,max_WMC,total_WMC,avg_DIT,max_DIT,total_DIT,avg_RFC,max_RFC,total_RFC,avg_NOC,max_NOC,total_NOC,avg_CBO,max_CBO,total_CBO,avg_DIT.1,max_DIT.1,total_DIT.1,avg_NIV,max_NIV,total_NIV,avg_NIM,max_NIM,total_NIM,avg_NOM,max_NOM,total_NOM,avg_NPBM,max_NPBM,total_NPBM,avg_NPM,max_NPM,total_NPM,avg_NPRM,max_NPRM,total_NPRM,avg_CC,max_CC,total_CC,avg_FANIN,max_FANIN,total_FANIN,avg_FANOUT,max_FANOUT,total_FANOUT,NRev,NFix,avg_AddedLOC,max_AddedLOC,total_AddedLOC,avg_DeletedLOC,max_DeletedLOC,total_DeletedLOC,avg_ModifiedLOC,max_ModifiedLOC,total_ModifiedLOC
gc,svn,cspoker,/trunk/ai/bots/src/main/java/org/cspoker/ai/bots/bot/gametree/action/BetAction.java,clean,java,IssueTrue,7777,67,1380,13,5,2,4,4,3,5,6,5,4,9,9,7,8,5,5,9,9,9,5,4,4,9,9,7,7,6,7,5,4,4,5,4,4,7,5,5,8,8,8,7,7,7,6,6,4,6,5,4,5,4,4,7,5,3,3,3,6,5,6,2,3,3
gc,svn,cspoker,/trunk/ai/bots/src/main/java/org/cspoker/ai/bots/bot/gametree/action/SearchBotAction.java,clean,java,IssueTrue,7777,67,1380,13,5,2,4,5,4,5,6,5,4,6,5,4,7,4,4,10,10,10,4,3,3,6,5,4,8,7,7,6,6,5,7,5,5,7,6,6,9,9,9,7,7,7,4,5,4,2,4,3,3,4,4,6,5,4,3,3,7,6,6,5,4,4
gc,svn,cspoker,/trunk/ai/bots/src/main/java/org/cspoker/ai/bots/bot/gametree/mcts/FixedSampleMCTSBot.java,clean,java,IssueTrue,7777,67,1380,13,7,2,7,4,2,5,7,6,6,9,9,7,7,3,3,9,9,9,5,5,4,9,9,7,9,9,9,5,4,4,5,4,4,4,3,3,8,8,8,9,9,9,8,8,6,10,9,7,8,7,6,6,5,3,3,2,4,4,4,5,4,4
gc,svn,cspoker,/trunk/ai/bots/src/main/java/org/cspoker/ai/bots/bot/gametree/mcts/FixedSampleMCTSBotFactory.java,clean,java,IssueTrue,7777,67,1380,13,6,2,6,3,2,5,4,3,3,6,5,4,7,3,3,9,9,9,7,6,5,6,5,4,10,10,10,4,3,4,4,3,3,6,4,4,8,8,8,7,7,7,4,4,3,10,9,7,9,7,5,6,5,4,3,3,6,5,5,2,2,2
gc,svn,cspoker,/trunk/ai/bots/src/main/java/org/cspoker/ai/bots/bot/gametree/mcts/MCTSBot.java,clean,java,IssueTrue,7777,67,1380,13,7,2,7,4,2,5,6,5,4,9,9,7,7,3,3,9,9,9,6,5,5,9,9,7,8,7,8,5,4,4,5,4,4,4,3,3,8,8,8,9,9,9,6,6,4,9,8,6,7,6,5,7,9,4,4,3,6,6,6,5,5,5
gc,svn,cspoker,/trunk/ai/bots/src/main/java/org/cspoker/ai/bots/bot/gametree/mcts/MCTSBotFactory.java,clean,java,IssueTrue,7777,67,1380,13,6,2,5,3,3,5,4,3,3,6,5,4,7,3,3,9,9,9,7,6,5,6,5,4,10,10,10,4,3,4,4,3,3,6,4,4,8,8,8,7,7,7,4,4,3,10,9,7,8,6,5,6,5,4,3,3,6,5,5,2,2,2
gc,svn,cspoker,/trunk/ai/bots/src/main/java/org/cspoker/ai/bots/bot/gametree/mcts/nodes/Config.java,clean,java,IssueTrue,7777,67,1380,13,4,2,4,5,4,3,5,5,4,6,5,4,8,4,4,9,9,9,2,1,1,6,5,4,9,9,9,7,6,6,7,6,5,8,7,7,8,8,8,7,7,7,3,3,4,5,7,5,3,4,4,6,5,3,3,2,4,4,4,3,3,3
gc,svn,cspoker,/trunk/ai/bots/src/main/java/org/cspoker/ai/bots/bot/gametree/mcts/nodes/InnerNode.java,clean,java,IssueTrue,7777,67,1380,13,8,4,8,9,2,9,10,9,8,9,9,7,9,8,7,9,9,9,7,6,5,9,9,7,10,9,9,10,10,9,10,9,9,10,10,10,10,10,10,7,7,7,5,6,9,4,7,7,4,6,8,6,9,4,4,3,4,4,4,5,4,4
gc,svn,cspoker,/trunk/ai/bots/src/main/java/org/cspoker/ai/bots/bot/gametree/rollout/BucketRollOut.java,clean,java,IssueTrue,7777,67,1380,13,9,5,9,6,2,10,8,9,9,7,9,8,7,5,7,9,9,9,6,8,8,7,9,8,8,7,9,6,7,7,6,7,7,4,3,5,8,8,8,10,10,10,8,8,9,9,9,8,7,9,8,9,10,7,8,7,5,6,6,8,9,8
gc,svn,cspoker,/trunk/ai/bots/src/main/java/org/cspoker/ai/bots/bot/gametree/search/ActionNode.java,clean,java,IssueTrue,7777,67,1380,13,7,3,7,6,2,9,8,7,7,6,5,4,8,5,5,10,10,10,7,6,6,6,5,4,9,9,9,8,7,7,8,7,6,9,8,8,8,8,8,7,7,7,6,6,7,7,8,7,6,7,7,8,9,4,4,4,5,5,5,3,5,5
gc,svn,cspoker,/trunk/ai/bots/src/main/java/org/cspoker/ai/bots/bot/gametree/search/SearchBotFactory.java,clean,java,IssueTrue,7777,67,1380,13,5,3,5,3,4,5,4,3,3,6,5,4,7,3,3,9,9,9,8,7,6,6,5,4,10,10,10,4,3,4,4,3,3,6,4,4,8,8,8,7,7,7,4,4,3,10,9,6,8,6,5,6,5,4,3,3,6,5,5,2,2,2
gc,svn,cspoker,/trunk/ai/bots/src/main/java/org/cspoker/ai/bots/bot/gametree/search/SearchConfiguration.java,clean,java,IssueTrue,7777,67,1380,13,5,2,5,6,3,3,7,6,5,6,5,4,8,5,5,9,9,9,2,2,2,6,5,4,10,9,10,8,8,7,8,7,7,9,9,8,8,8,8,7,7,7,3,3,5,7,8,7,3,5,5,6,5,4,3,3,6,5,5,2,2,2
gc,svn,cspoker,/trunk/ai/bots/src/main/java/org/cspoker/ai/bots/bot/gametree/search/ShowdownBucketRolloutNode.java,clean,java,IssueTrue,7777,67,1380,13,5,2,5,5,3,5,4,5,5,6,5,7,7,4,7,9,9,9,5,5,6,6,5,7,8,9,9,5,6,6,5,5,6,6,6,7,8,8,8,7,7,7,4,4,5,4,6,5,4,4,5,7,5,3,3,3,7,7,7,2,2,2
gc,svn,cspoker,/trunk/ai/bots/src/main/java/org/cspoker/ai/bots/bot/gametree/search/expander/Expander.java,clean,java,IssueTrue,7777,67,1380,13,8,2,7,4,2,10,6,7,7,1,5,4,5,3,4,10,10,10,3,4,4,1,5,4,8,8,8,2,3,4,3,4,4,4,5,5,8,8,8,7,7,7,9,8,7,7,7,5,8,8,6,8,9,3,3,3,7,6,6,2,3,4
gc,svn,cspoker,/trunk/ai/bots/src/main/java/org/cspoker/ai/opponentmodels/OpponentModel.java,clean,java,IssueTrue,7777,67,1380,13,2,4,2,5,8,3,3,4,4,1,1,1,5,1,1,10,10,10,2,1,2,1,1,1,6,4,6,4,6,6,4,5,5,1,1,1,8,8,8,7,7,7,3,3,4,5,5,5,2,2,2,6,9,3,3,2,6,5,5,3,3,3
gc,svn,cspoker,/trunk/ai/bots/src/main/java/org/cspoker/ai/opponentmodels/simple/HistogramModel.java,clean,java,IssueTrue,7777,67,1380,13,9,3,7,9,1,7,10,9,9,6,5,4,9,8,8,9,9,9,7,6,5,6,5,4,9,8,8,10,10,10,10,10,9,10,10,10,8,8,8,9,9,9,4,5,9,3,8,7,3,3,8,9,10,4,5,5,7,7,7,3,4,5
gc,svn,cspoker,/trunk/ai/bots/src/main/java/org/cspoker/ai/opponentmodels/simple/HistogramModelFactory.java,clean,java,IssueTrue,7777,67,1380,13,1,2,1,2,8,3,2,1,1,6,5,4,6,2,2,9,9,9,3,3,3,6,5,4,6,4,6,2,2,2,2,1,1,3,2,2,8,8,8,7,7,7,3,3,1,1,2,2,2,2,2,6,5,3,3,2,6,5,5,2,2,2
gc,svn,cspoker,/trunk/ai/experiments/src/main/java/org/cspoker/ai/bots/BotRunner.java,clean,java,IssueTrue,7777,67,1380,13,9,9,8,7,5,7,9,9,8,6,5,4,9,6,6,9,9,9,9,8,8,6,5,4,10,10,10,9,8,8,9,8,8,9,8,8,8,8,8,10,10,10,6,6,8,8,9,8,6,8,8,8,10,3,3,3,6,6,6,6,6,6
gc,svn,cspoker,/trunk/ai/experiments/src/main/java/org/cspoker/ai/bots/RunHumanVsBot.java,clean,java,IssueTrue,7777,67,1380,13,8,7,7,5,4,7,3,5,6,6,5,9,6,3,9,9,9,9,3,7,8,6,5,9,7,9,9,2,3,6,3,4,6,3,4,7,8,8,8,7,8,8,5,6,6,4,7,5,7,8,7,9,9,3,3,3,7,8,8,3,4,5
gc,svn,cspoker,/trunk/ai/experiments/src/main/java/org/cspoker/ai/bots/RunLocalBot.java,clean,java,IssueTrue,7777,67,1380,13,1,2,1,2,8,3,2,1,1,6,5,4,6,2,2,9,9,9,2,2,2,6,5,4,6,4,6,1,1,1,2,1,1,3,2,2,8,8,8,7,7,7,3,3,1,1,2,2,2,2,2,8,5,3,3,3,4,4,4,2,3,4
gc,svn,cspoker,/trunk/ai/experiments/src/main/java/org/cspoker/ai/bots/listener/CSVLogListener.java,clean,java,IssueTrue,7777,67,1380,13,5,2,5,3,3,10,7,6,5,10,10,8,7,4,4,9,9,9,7,6,6,10,10,8,9,8,8,4,3,4,4,3,3,6,4,4,8,8,8,7,7,7,9,7,5,9,7,5,8,6,5,6,5,3,3,2,6,5,5,2,2,2
gc,svn,cspoker,/trunk/ai/experiments/src/main/java/org/cspoker/ai/bots/listener/SpeedTestBotListener.java,clean,java,IssueTrue,7777,67,1380,13,4,2,4,3,4,9,5,4,4,10,10,8,7,4,4,9,9,9,4,3,3,10,10,8,8,7,8,4,3,4,4,3,3,6,4,4,8,8,8,7,7,7,6,6,4,7,5,4,7,6,5,6,9,6,5,4,4,4,4,5,4,4
gc,svn,cspoker,/trunk/ai/experiments/src/main/java/org/cspoker/ai/experiments/RunExperimentB.java,clean,java,IssueTrue,7777,67,1380,13,7,2,4,2,2,5,3,3,2,6,5,4,6,2,2,9,9,9,7,6,5,6,5,4,6,4,6,1,1,1,2,1,1,3,2,2,8,8,8,7,7,7,8,5,2,2,2,2,7,4,3,7,5,3,3,2,4,4,4,3,3,4
gc,svn,cspoker,/trunk/ai/experiments/src/main/java/org/cspoker/ai/experiments/RunExperimentC.java,clean,java,IssueTrue,7777,67,1380,13,7,2,4,2,2,5,3,3,2,6,5,4,6,2,2,9,9,9,7,6,6,6,5,4,6,4,6,1,1,1,2,1,1,3,2,2,8,8,8,7,7,7,8,5,2,2,2,2,8,4,3,7,5,3,3,2,4,4,4,3,3,4
gc,svn,cspoker,/trunk/ai/experiments/src/main/java/org/cspoker/ai/experiments/RunExperimentD.java,clean,java,IssueTrue,7777,67,1380,13,7,2,4,2,2,5,3,3,2,6,5,4,6,2,2,9,9,9,7,6,6,6,5,4,6,4,6,1,1,1,2,1,1,3,2,2,8,8,8,7,7,7,8,5,2,2,2,2,8,4,3,7,5,3,3,2,4,4,4,3,3,4
gc,svn,cspoker,/trunk/ai/experiments/src/main/java/org/cspoker/ai/experiments/RunExperimentF.java,clean,java,IssueTrue,7777,67,1380,13,6,2,4,2,2,5,3,3,2,6,5,4,6,2,2,9,9,9,8,7,6,6,5,4,6,4,6,1,1,1,2,1,1,3,2,2,8,8,8,7,7,7,8,5,2,2,2,2,9,4,3,7,5,3,3,2,4,4,4,3,3,4
gc,svn,cspoker,/trunk/ai/lore/src/main/java/org/cspoker/ai/lore/Lore.java,clean,java,IssueTrue,7777,67,1380,13,7,2,6,5,2,5,3,4,5,6,5,8,6,3,8,9,9,9,5,5,8,6,5,8,7,7,8,3,3,6,3,4,6,4,4,6,8,10,10,7,7,7,4,5,5,4,5,5,5,4,6,10,10,7,8,8,6,7,7,7,8,8
gc,svn,cspoker,/trunk/ai/opponentmodels/prolog/src/main/java/org/cspoker/ai/opponentmodels/prolog/redundant/RedundantModelFactory.java,clean,java,IssueTrue,7777,67,1380,13,4,2,3,3,4,5,4,3,3,6,5,4,6,2,2,9,9,9,7,6,5,6,5,4,6,4,6,3,3,3,3,2,2,4,3,3,8,8,8,7,7,7,6,5,3,2,3,2,5,4,3,6,5,3,3,2,6,5,5,2,2,2
gc,svn,cspoker,/trunk/ai/opponentmodels/weka/src/main/java/org/cspoker/ai/bots/util/PropositionalDataSetGenerator.java,clean,java,IssueTrue,7777,67,1380,13,9,8,9,7,4,10,10,9,9,9,9,7,10,10,10,9,9,9,10,10,9,9,9,7,10,10,10,9,8,8,9,8,7,4,3,3,10,10,10,10,10,10,9,10,9,6,9,7,7,9,9,9,9,10,10,9,10,10,10,10,10,9
gc,svn,cspoker,/trunk/ai/opponentmodels/weka/src/main/java/org/cspoker/ai/opponentmodels/weka/PlayerData.java,clean,java,IssueTrue,7777,67,1380,13,9,4,8,9,2,5,10,9,9,6,5,4,10,9,8,9,9,9,6,5,5,6,5,4,10,10,10,10,10,10,10,10,10,10,10,10,10,10,10,9,8,8,4,4,9,8,8,10,3,4,9,8,5,6,7,6,7,7,7,9,8,8
gc,svn,cspoker,/trunk/ai/opponentmodels/weka/src/main/java/org/cspoker/ai/opponentmodels/weka/PlayerTrackingVisitor.java,clean,java,IssueTrue,7777,67,1380,13,8,2,7,9,2,5,9,9,8,6,5,4,9,8,8,9,9,9,7,6,6,6,5,4,8,7,7,10,10,9,10,10,9,10,10,10,9,9,9,7,7,7,4,6,8,3,7,7,3,4,7,9,9,4,5,5,8,7,8,5,6,6
gc,svn,cspoker,/trunk/ai/opponentmodels/weka/src/main/java/org/cspoker/ai/opponentmodels/weka/Propositionalizer.java,clean,java,IssueTrue,7777,67,1380,13,10,9,10,10,3,10,10,10,10,6,5,4,10,10,9,10,10,10,9,8,8,6,5,4,10,10,10,10,10,10,10,10,10,10,10,10,10,10,10,7,7,7,6,9,10,8,9,10,5,7,10,9,9,6,7,7,8,8,8,10,10,10
gc,svn,cspoker,/trunk/ai/opponentmodels/weka/src/main/java/org/cspoker/ai/opponentmodels/weka/WekaModel.java,clean,java,IssueTrue,7777,67,1380,13,6,2,5,6,3,5,7,6,6,6,5,4,8,5,5,10,10,10,8,7,6,6,5,4,10,9,9,8,7,7,8,7,6,7,5,5,10,10,10,7,7,7,4,4,6,6,7,7,5,6,7,8,9,7,8,7,10,10,10,9,8,8
gc,svn,cspoker,/trunk/ai/opponentmodels/weka/src/main/java/org/cspoker/ai/opponentmodels/weka/WekaRegressionModel.java,clean,java,IssueTrue,7777,67,1380,13,8,2,7,4,2,7,8,7,7,9,9,7,9,6,6,9,9,9,5,4,4,9,9,7,10,10,10,5,4,4,5,4,4,7,5,5,8,8,8,7,7,7,9,8,7,10,9,7,10,7,8,6,9,3,3,2,10,9,8,8,7,6
gc,svn,cspoker,/trunk/ai/opponentmodels/weka/src/main/java/org/cspoker/ai/opponentmodels/weka/WekaRegressionModelFactory.java,clean,java,IssueTrue,7777,67,1380,13,7,2,7,4,2,5,5,4,4,6,5,4,7,4,4,9,9,9,9,8,8,6,5,4,10,10,10,4,3,4,6,5,4,7,6,6,8,8,8,7,7,7,4,4,4,10,9,7,9,7,7,6,9,3,3,2,10,8,8,7,6,5
gc,svn,cspoker,/trunk/client/common/src/main/java/org/cspoker/client/common/gamestate/modifiers/BetState.java,clean,java,IssueTrue,7777,67,1380,13,7,2,6,8,2,5,7,6,8,7,9,8,8,5,8,9,9,9,4,5,5,7,9,8,8,8,8,8,7,9,8,7,8,9,8,9,8,8,8,7,7,7,4,4,8,3,5,6,4,6,7,8,9,4,5,5,4,4,4,5,6,6
gc,svn,cspoker,/trunk/client/common/src/main/java/org/cspoker/client/common/gamestate/modifiers/ShowHandState.java,clean,java,IssueTrue,7777,67,1380,13,5,2,4,5,3,5,4,4,5,7,9,8,7,4,7,9,9,9,2,3,3,7,9,8,7,7,7,5,5,6,5,5,6,7,6,7,8,8,8,7,7,7,4,4,5,2,4,4,4,4,5,6,5,6,5,4,4,4,4,2,2,2
gc,svn,cspoker,/trunk/client/common/src/main/java/org/cspoker/client/common/gamestate/modifiers/WinnerState.java,clean,java,IssueTrue,7777,67,1380,13,6,2,5,6,3,5,5,5,6,7,9,8,7,4,7,9,9,9,2,3,3,7,9,8,7,7,7,6,6,7,6,5,6,7,7,8,8,8,8,7,7,7,4,4,6,2,3,4,3,5,5,6,5,6,5,4,4,4,4,2,2,2
gc,svn,cspoker,/trunk/client/gui/swt/src/main/java/org/cspoker/client/gui/swt/window/TableUserInputComposite.java,clean,java,IssueTrue,7777,67,1380,13,10,7,10,9,2,7,4,9,9,6,9,10,6,7,10,9,9,9,2,4,10,6,9,10,7,10,10,3,9,9,3,9,9,3,7,9,8,8,8,7,9,9,6,6,9,8,10,9,8,9,10,6,5,3,3,2,4,4,4,3,3,3
gc,svn,cspoker,/trunk/server/all/src/main/java/org/cspoker/server/allcommunication/RunCSPoker.java,clean,java,IssueTrue,7777,67,1380,13,7,2,6,4,3,9,6,5,7,6,5,7,6,3,7,9,9,9,8,8,9,6,5,7,6,6,7,3,3,4,3,4,4,4,4,5,8,8,8,7,8,8,8,8,7,7,7,5,7,7,6,7,5,3,3,2,4,4,4,3,3,4
gc,svn,cspoker,/trunk/server/embedded/src/main/java/org/cspoker/server/embedded/gamecontrol/rounds/BettingRound.java,clean,java,IssueTrue,7777,67,1380,13,10,9,9,9,4,7,10,10,10,9,9,7,10,9,8,9,9,9,7,6,6,9,9,7,9,8,8,10,10,10,10,10,10,10,10,10,10,10,10,9,8,8,6,8,10,4,7,9,8,9,10,6,5,3,3,2,6,5,5,6,5,4
gc,svn,cspoker,/trunk/server/embedded/src/test/java/org/cspoker/server/common/gamecontrol/GameFlowTest.java,clean,java,IssueTrue,7777,67,1380,13,10,9,10,10,2,9,10,10,10,6,9,9,9,8,10,9,9,9,5,6,8,6,9,9,8,9,9,9,10,10,10,10,10,10,10,10,8,8,8,7,8,8,8,8,10,9,10,10,8,9,10,9,5,4,5,5,7,7,7,6,7,7
