Host,Vcs,Project,File,Buggy,PL,IssueTracking,TLOC,TNF,TNC,TND,LOC,CL,NStmt,NFunc,RCC,MNL,avg_WMC,max_WMC,total_WMC,avg_DIT,max_DIT,total_DIT,avg_RFC,max_RFC,total_RFC,avg_NOC,max_NOC,total_NOC,avg_CBO,max_CBO,total_CBO,avg_DIT.1,max_DIT.1,total_DIT.1,avg_NIV,max_NIV,total_NIV,avg_NIM,max_NIM,total_NIM,avg_NOM,max_NOM,total_NOM,avg_NPBM,max_NPBM,total_NPBM,avg_NPM,max_NPM,total_NPM,avg_NPRM,max_NPRM,total_NPRM,avg_CC,max_CC,total_CC,avg_FANIN,max_FANIN,total_FANIN,avg_FANOUT,max_FANOUT,total_FANOUT,NRev,NFix,avg_AddedLOC,max_AddedLOC,total_AddedLOC,avg_DeletedLOC,max_DeletedLOC,total_DeletedLOC,avg_ModifiedLOC,max_ModifiedLOC,total_ModifiedLOC
sf,svn,desqiss,/desqiss/trunk/project/kisshare/src/ks_client_session.cpp,buggy,cpp,IssueFalse,6165,51,121,1,7,5,6,9,4,9,7,7,7,8,9,5,8,9,5,9,9,9,6,6,6,8,9,5,6,6,6,6,6,6,6,6,6,6,6,6,9,9,9,8,8,9,6,8,7,8,8,10,6,9,8,10,9,8,9,9,5,6,6,3,6,7
sf,svn,desqiss,/desqiss/trunk/project/kisshare/src/ks_client_session.h,buggy,cpp,IssueFalse,6165,51,121,1,3,7,3,2,9,4,9,9,9,8,9,5,10,10,7,9,9,9,9,8,8,8,9,5,10,9,9,10,9,9,10,9,9,10,10,9,9,9,9,9,9,9,2,2,2,2,2,3,3,2,2,9,5,8,8,8,4,4,4,2,3,4
sf,svn,desqiss,/desqiss/trunk/project/kisshare/src/ks_compress.cpp,clean,cpp,IssueFalse,6165,51,121,1,2,1,2,4,3,8,7,7,7,8,9,5,8,9,5,9,9,9,6,6,6,8,9,5,6,6,6,6,6,6,6,6,6,6,6,6,9,9,9,8,8,9,9,7,4,6,5,5,8,6,4,6,8,5,6,5,5,5,5,2,3,4
sf,svn,desqiss,/desqiss/trunk/project/kisshare/src/ks_config.cpp,buggy,cpp,IssueFalse,6165,51,121,1,10,9,10,10,3,8,7,7,7,8,9,5,8,9,5,9,9,9,6,6,6,8,9,5,6,6,6,6,6,6,6,6,6,6,6,6,9,9,9,8,8,9,9,10,9,9,10,10,7,10,10,10,10,9,10,10,7,9,9,10,10,10
sf,svn,desqiss,/desqiss/trunk/project/kisshare/src/ks_config.h,clean,cpp,IssueFalse,6165,51,121,1,5,4,5,2,5,4,10,10,10,10,10,7,10,10,7,9,9,9,9,8,8,10,10,7,10,10,10,10,10,9,10,10,9,6,6,7,9,9,9,10,10,10,2,2,2,2,2,3,3,2,2,10,10,6,6,8,5,6,6,4,7,7
sf,svn,desqiss,/desqiss/trunk/project/kisshare/src/ks_database.cpp,buggy,cpp,IssueFalse,6165,51,121,1,10,10,10,10,3,9,7,7,7,8,9,5,8,9,5,9,9,9,6,6,6,8,9,5,6,6,6,6,6,6,6,6,6,6,6,6,9,9,9,8,8,9,9,9,10,8,10,10,8,9,10,10,10,9,10,10,7,8,8,10,10,10
sf,svn,desqiss,/desqiss/trunk/project/kisshare/src/ks_database.h,clean,cpp,IssueFalse,6165,51,121,1,4,5,4,2,6,4,10,10,10,10,10,7,10,10,8,9,9,9,9,8,8,10,10,7,9,9,8,10,10,10,10,10,10,6,6,6,9,9,9,10,10,10,2,2,2,2,2,3,3,2,2,9,9,6,6,7,6,6,7,5,7,7
sf,svn,desqiss,/desqiss/trunk/project/kisshare/src/ks_dir.cpp,clean,cpp,IssueFalse,6165,51,121,1,5,3,4,8,4,8,7,7,7,8,9,5,8,9,5,9,9,9,6,6,6,8,9,5,6,6,6,6,6,6,6,6,6,6,6,6,9,9,9,8,8,9,5,7,5,5,6,7,6,7,6,7,5,8,8,8,7,7,7,6,6,7
sf,svn,desqiss,/desqiss/trunk/project/kisshare/src/ks_dir.h,clean,cpp,IssueFalse,6165,51,121,1,2,5,2,3,9,4,8,8,8,9,10,7,9,10,7,10,10,10,6,6,6,9,10,7,8,9,8,8,8,9,8,8,8,8,8,9,9,9,9,8,8,9,4,4,2,5,4,4,4,2,2,7,5,5,4,5,6,6,6,5,5,6
sf,svn,desqiss,/desqiss/trunk/project/kisshare/src/ks_dir_watcher.cpp,buggy,cpp,IssueFalse,6165,51,121,1,7,7,6,9,4,8,7,7,7,8,9,5,8,9,5,9,9,9,6,6,6,8,9,5,6,6,6,6,6,6,6,6,6,6,6,6,9,9,9,8,8,9,7,8,7,7,8,9,7,9,8,10,10,7,9,9,9,10,10,8,9,10
sf,svn,desqiss,/desqiss/trunk/project/kisshare/src/ks_dir_watcher.h,buggy,cpp,IssueFalse,6165,51,121,1,4,5,3,2,7,4,8,8,9,9,10,8,9,9,8,9,10,10,7,8,8,9,10,8,9,10,10,8,9,9,8,9,9,7,8,8,9,9,9,9,10,10,2,2,2,2,2,3,3,2,2,9,9,5,6,6,7,8,8,7,8,8
sf,svn,desqiss,/desqiss/trunk/project/kisshare/src/ks_file_category.cpp,clean,cpp,IssueFalse,6165,51,121,1,6,4,6,6,4,7,7,7,7,8,9,5,8,9,5,9,9,9,6,6,6,8,9,5,6,6,6,6,6,6,6,6,6,6,6,6,9,9,9,8,8,9,10,9,7,10,8,8,5,3,4,5,5,4,4,4,4,4,4,5,5,5
sf,svn,desqiss,/desqiss/trunk/project/kisshare/src/ks_file_hash.h,clean,cpp,IssueFalse,6165,51,121,1,1,4,1,2,10,4,7,7,7,8,9,5,9,9,5,9,9,9,6,6,7,8,9,5,8,8,7,6,7,6,6,6,6,7,7,7,9,9,9,8,8,9,2,2,2,2,2,3,3,2,2,5,8,3,3,3,8,7,7,4,5,4
sf,svn,desqiss,/desqiss/trunk/project/kisshare/src/ks_file_suffix.cpp,clean,cpp,IssueFalse,6165,51,121,1,4,4,4,7,5,8,7,7,7,8,9,5,8,9,5,9,9,9,6,6,6,8,9,5,6,6,6,6,6,6,6,6,6,6,6,6,9,9,9,8,8,9,6,7,5,3,6,5,7,8,6,5,5,9,8,7,8,7,7,7,7,6
sf,svn,desqiss,/desqiss/trunk/project/kisshare/src/ks_http_client_thread.cpp,clean,cpp,IssueFalse,6165,51,121,1,4,6,3,7,7,7,7,7,7,8,9,5,8,9,5,9,9,9,6,6,6,8,9,5,6,6,6,6,6,6,6,6,6,6,6,6,9,9,9,8,8,9,8,7,5,3,5,5,6,4,5,8,9,3,4,4,5,5,5,3,4,5
sf,svn,desqiss,/desqiss/trunk/project/kisshare/src/ks_image.cpp,buggy,cpp,IssueFalse,6165,51,121,1,6,8,5,7,6,7,7,7,7,8,9,5,8,9,5,9,9,9,6,6,6,8,9,5,6,6,6,6,6,6,6,6,6,6,6,6,9,9,9,8,8,9,8,8,6,8,8,8,9,9,8,7,5,3,4,4,4,4,4,5,5,6
sf,svn,desqiss,/desqiss/trunk/project/kisshare/src/ks_image.h,buggy,cpp,IssueFalse,6165,51,121,1,1,5,1,2,9,4,9,8,8,8,9,5,9,9,6,9,9,9,9,9,9,8,9,5,9,8,8,8,8,8,8,8,7,7,7,7,9,9,9,10,10,10,2,2,2,2,2,3,3,2,2,3,5,3,3,3,4,4,4,2,2,2
sf,svn,desqiss,/desqiss/trunk/project/kisshare/src/ks_log.cpp,buggy,cpp,IssueFalse,6165,51,121,1,5,5,6,7,5,7,7,7,7,8,9,5,8,9,5,9,9,9,6,6,6,8,9,5,6,6,6,6,6,6,6,6,6,6,6,6,9,9,9,8,8,9,9,10,7,6,7,7,7,6,6,3,5,3,3,3,6,5,5,2,2,2
sf,svn,desqiss,/desqiss/trunk/project/kisshare/src/ks_log_database.cpp,buggy,cpp,IssueFalse,6165,51,121,1,8,7,8,9,3,7,7,7,7,8,9,5,8,9,5,9,9,9,6,6,6,8,9,5,6,6,6,6,6,6,6,6,6,6,6,6,9,9,9,8,8,9,8,9,8,7,8,9,8,9,9,7,5,5,5,5,5,5,5,9,9,8
sf,svn,desqiss,/desqiss/trunk/project/kisshare/src/ks_map.cpp,clean,cpp,IssueFalse,6165,51,121,1,3,3,2,4,7,7,7,7,7,8,9,5,8,9,5,9,9,9,6,6,6,8,9,5,6,6,6,6,6,6,6,6,6,6,6,6,9,9,9,8,8,9,8,6,3,5,5,4,10,7,5,3,5,3,3,3,4,4,4,3,3,3
sf,svn,desqiss,/desqiss/trunk/project/kisshare/src/ks_mime_type.cpp,buggy,cpp,IssueFalse,6165,51,121,1,6,10,7,6,9,7,7,7,7,8,9,5,8,9,5,9,9,9,6,6,6,8,9,5,6,6,6,6,6,6,6,6,6,6,6,6,9,9,9,8,8,9,10,9,7,7,7,7,6,6,4,7,9,6,7,6,8,8,8,10,10,10
sf,svn,desqiss,/desqiss/trunk/project/kisshare/src/ks_response.cpp,clean,cpp,IssueFalse,6165,51,121,1,8,3,8,9,1,10,7,7,7,8,9,5,8,9,5,9,9,9,6,6,6,8,9,5,6,6,6,6,6,6,6,6,6,6,6,6,9,9,9,8,8,9,7,9,8,9,10,10,7,8,9,8,8,4,5,5,5,5,5,2,4,5
sf,svn,desqiss,/desqiss/trunk/project/kisshare/src/ks_response.h,clean,cpp,IssueFalse,6165,51,121,1,3,3,3,2,6,4,10,9,9,8,9,5,10,10,7,9,9,9,9,8,8,8,9,5,10,10,10,10,9,9,10,9,9,10,10,9,9,9,9,8,8,9,2,2,2,2,2,3,3,2,2,5,5,4,4,4,4,4,4,2,3,3
sf,svn,desqiss,/desqiss/trunk/project/kisshare/src/ks_server.cpp,buggy,cpp,IssueFalse,6165,51,121,1,9,3,9,10,1,8,7,7,7,8,9,5,8,9,5,9,9,9,6,6,6,8,9,5,6,6,6,6,6,6,6,6,6,6,6,6,9,9,9,8,8,9,9,10,9,7,10,10,8,9,10,10,10,9,10,10,8,9,9,8,10,9
sf,svn,desqiss,/desqiss/trunk/project/kisshare/src/ks_server.h,buggy,cpp,IssueFalse,6165,51,121,1,4,1,4,2,2,4,10,10,9,10,10,7,10,10,7,9,9,9,10,9,9,10,10,7,10,10,10,10,9,9,10,10,9,7,7,7,9,9,9,10,10,10,2,2,2,2,2,3,3,2,2,6,8,9,8,8,7,7,6,6,6,6
sf,svn,desqiss,/desqiss/trunk/project/kisshare/src/ks_services.cpp,buggy,cpp,IssueFalse,6165,51,121,1,10,10,2,3,7,10,7,7,7,8,9,5,8,9,5,9,9,9,6,6,6,8,9,5,6,6,6,6,6,6,6,6,6,6,6,6,9,9,9,8,8,9,10,9,4,10,8,6,6,3,2,9,8,8,9,9,4,4,4,2,3,4
sf,svn,desqiss,/desqiss/trunk/project/kisshare/src/ks_services.h,clean,cpp,IssueFalse,6165,51,121,1,2,3,2,2,7,4,7,7,7,8,9,5,8,9,5,9,9,9,6,6,6,8,9,5,10,10,9,6,6,6,6,6,6,6,6,6,9,9,9,8,8,9,2,2,2,2,2,3,3,2,2,9,8,5,7,6,6,7,6,3,6,5
sf,svn,desqiss,/desqiss/trunk/project/kisshare/src/ks_settings.cpp,buggy,cpp,IssueFalse,6165,51,121,1,10,9,10,10,2,9,7,7,7,8,9,5,8,9,5,9,9,9,6,6,6,8,9,5,6,6,6,6,6,6,6,6,6,6,6,6,9,9,9,8,8,9,9,10,10,9,9,10,7,8,10,9,8,8,8,9,7,7,7,10,10,10
sf,svn,desqiss,/desqiss/trunk/project/kisshare/src/ks_settings.h,buggy,cpp,IssueFalse,6165,51,121,1,6,6,5,2,5,4,10,10,10,9,10,8,10,10,8,9,9,9,7,8,9,9,10,8,10,10,10,9,9,10,9,9,10,8,9,9,9,9,9,10,10,10,2,2,2,2,2,3,3,2,2,7,5,8,9,8,9,9,9,8,8,8
sf,svn,desqiss,/desqiss/trunk/project/kisshare/src/ks_tcp_server.cpp,buggy,cpp,IssueFalse,6165,51,121,1,2,1,1,5,3,8,7,7,7,8,9,5,8,9,5,9,9,9,6,6,6,8,9,5,6,6,6,6,6,6,6,6,6,6,6,6,9,9,9,8,8,9,6,7,3,6,6,6,6,4,4,6,5,3,3,3,4,4,4,2,3,4
sf,svn,desqiss,/desqiss/trunk/project/kisshare/src/ks_tcp_server.h,clean,cpp,IssueFalse,6165,51,121,1,1,1,1,2,5,4,8,7,7,10,10,7,9,9,6,9,9,9,8,8,8,10,10,7,8,8,7,8,8,8,8,8,7,6,6,6,10,9,9,10,9,9,2,2,2,2,2,3,3,2,2,5,5,4,4,4,5,5,5,2,2,2
sf,svn,desqiss,/desqiss/trunk/project/kisshare/src/ks_tcp_server_auth_session.cpp,buggy,cpp,IssueFalse,6165,51,121,1,6,6,6,9,5,8,7,7,7,8,9,5,8,9,5,9,9,9,6,6,6,8,9,5,6,6,6,6,6,6,6,6,6,6,6,6,9,9,9,8,8,9,7,7,7,7,8,9,6,8,7,9,9,8,8,9,6,8,7,6,7,8
sf,svn,desqiss,/desqiss/trunk/project/kisshare/src/ks_tcp_server_auth_session.h,clean,cpp,IssueFalse,6165,51,121,1,3,2,3,2,4,4,8,8,8,9,10,7,10,10,8,10,10,10,6,7,7,9,10,7,9,10,9,9,9,9,8,9,9,9,9,9,9,9,9,8,8,9,2,2,2,2,2,3,3,2,2,9,8,5,6,6,5,6,6,3,6,6
sf,svn,desqiss,/desqiss/trunk/project/kisshare/src/ks_tcp_server_socket.cpp,clean,cpp,IssueFalse,6165,51,121,1,9,3,8,10,1,10,7,7,7,8,9,5,8,9,5,9,9,9,6,6,6,8,9,5,6,6,6,6,6,6,6,6,6,6,6,6,9,9,9,8,8,9,8,10,9,7,9,10,8,9,9,10,10,9,10,10,9,10,10,9,9,10
sf,svn,desqiss,/desqiss/trunk/project/kisshare/src/ks_tcp_server_socket.h,clean,cpp,IssueFalse,6165,51,121,1,4,2,4,2,2,4,10,10,9,10,10,7,10,10,7,9,9,9,9,8,8,10,10,7,10,10,10,10,10,9,10,9,9,6,6,7,9,9,9,10,10,10,2,2,2,2,2,3,3,2,2,7,8,6,7,6,7,7,7,5,5,6
sf,svn,desqiss,/desqiss/trunk/project/kisshare/src/ks_tcp_server_socket_services.cpp,buggy,cpp,IssueFalse,6165,51,121,1,10,8,10,10,2,8,7,7,7,8,9,5,8,9,5,9,9,9,6,6,6,8,9,5,6,6,6,6,6,6,6,6,6,6,6,6,9,9,9,8,8,9,9,10,10,9,10,10,10,10,10,10,10,9,10,10,10,10,10,9,10,10
sf,svn,desqiss,/desqiss/trunk/project/kisshare/src/ks_tcp_server_socket_services.h,clean,cpp,IssueFalse,6165,51,121,1,4,6,4,2,7,4,10,10,10,10,10,7,10,10,8,9,9,9,10,10,10,10,10,7,8,8,7,10,10,10,10,10,10,6,6,6,9,9,9,10,10,10,2,2,2,2,2,3,3,2,2,9,9,4,5,6,6,8,7,6,8,8
sf,svn,desqiss,/desqiss/trunk/project/kisshare/src/ks_tcp_server_socket_thread.cpp,buggy,cpp,IssueFalse,6165,51,121,1,3,2,3,5,2,8,7,7,7,8,9,5,8,9,5,9,9,9,6,6,6,8,9,5,6,6,6,6,6,6,6,6,6,6,6,6,9,9,9,8,8,9,8,7,4,8,7,7,7,4,4,10,10,4,5,5,7,8,8,3,5,6
sf,svn,desqiss,/desqiss/trunk/project/kisshare/src/ks_tcp_server_socket_thread.h,clean,cpp,IssueFalse,6165,51,121,1,2,1,1,2,4,4,8,8,7,10,10,7,9,9,6,9,9,9,7,7,7,10,10,7,10,9,9,9,8,8,8,8,8,6,6,6,10,9,9,10,9,9,2,2,2,2,2,3,3,2,2,7,5,4,4,4,6,7,6,2,3,4
sf,svn,desqiss,/desqiss/trunk/project/kisshare/src/main.cpp,buggy,cpp,IssueFalse,6165,51,121,1,3,5,3,4,7,7,7,7,7,8,9,5,8,9,5,9,9,9,6,6,6,8,9,5,6,6,6,6,6,6,6,6,6,6,6,6,9,9,9,8,8,9,9,7,4,5,5,4,8,7,4,10,8,5,5,7,5,7,7,2,5,6
