Host,Vcs,Project,File,Buggy,PL,IssueTracking,TLOC,TNF,TNC,TND,LOC,CL,NStmt,NFunc,RCC,MNL,avg_WMC,max_WMC,total_WMC,avg_DIT,max_DIT,total_DIT,avg_RFC,max_RFC,total_RFC,avg_NOC,max_NOC,total_NOC,avg_CBO,max_CBO,total_CBO,avg_DIT.1,max_DIT.1,total_DIT.1,avg_NIV,max_NIV,total_NIV,avg_NIM,max_NIM,total_NIM,avg_NOM,max_NOM,total_NOM,avg_NPBM,max_NPBM,total_NPBM,avg_NPM,max_NPM,total_NPM,avg_NPRM,max_NPRM,total_NPRM,avg_CC,max_CC,total_CC,avg_FANIN,max_FANIN,total_FANIN,avg_FANOUT,max_FANOUT,total_FANOUT,NRev,NFix,avg_AddedLOC,max_AddedLOC,total_AddedLOC,avg_DeletedLOC,max_DeletedLOC,total_DeletedLOC,avg_ModifiedLOC,max_ModifiedLOC,total_ModifiedLOC
sf,cvs,dvd-create,dvd-create/tydemux/liba52/imdct.c,clean,c,IssueTrue,27711,106,1199,8,7,4,8,7,3,5,10,10,10,10,10,10,8,9,10,9,9,9,10,9,9,10,10,10,7,7,7,10,10,10,10,10,10,10,10,10,10,10,10,8,8,9,5,6,7,6,5,7,6,6,6,2,4,3,3,3,4,4,4,10,8,6
sf,cvs,dvd-create,dvd-create/tydemux/libs/Attic/logging.h,buggy,c,IssueTrue,27711,106,1199,8,2,5,1,1,10,3,10,10,10,10,10,10,8,9,10,9,9,9,10,9,9,10,10,10,6,6,6,10,10,10,10,10,10,10,10,10,10,10,10,8,8,9,3,3,2,3,2,3,2,2,4,3,4,6,5,5,4,4,4,4,4,3
sf,cvs,dvd-create,dvd-create/tydemux/libs/Attic/portability.h,buggy,c,IssueTrue,27711,106,1199,8,1,2,1,1,1,3,10,10,10,10,10,10,8,9,10,9,9,9,10,9,9,10,10,10,6,6,6,10,10,10,10,10,10,10,10,10,10,10,10,8,8,9,3,3,2,3,2,3,2,2,4,7,8,6,7,7,6,7,7,2,3,3
sf,cvs,dvd-create,dvd-create/tydemux/libs/getopt.h,clean,c,IssueTrue,27711,106,1199,8,2,7,2,1,10,3,10,10,10,10,10,10,8,9,10,9,9,9,10,9,9,10,10,10,8,8,7,10,10,10,10,10,10,10,10,10,10,10,10,8,8,9,3,3,2,3,2,3,2,2,4,2,4,5,4,4,4,4,4,6,5,3
sf,cvs,dvd-create,dvd-create/tydemux/libs/libmfs/io.c,buggy,c,IssueTrue,27711,106,1199,8,6,1,6,6,2,5,10,10,10,10,10,10,8,9,10,9,9,9,10,9,9,10,10,10,6,6,6,10,10,10,10,10,10,10,10,10,10,10,10,8,8,9,5,5,7,6,6,6,5,5,6,2,4,7,5,5,7,6,6,5,4,3
sf,cvs,dvd-create,dvd-create/tydemux/libs/libmfs/mfs.c,buggy,c,IssueTrue,27711,106,1199,8,9,3,9,9,2,8,10,10,10,10,10,10,8,9,10,9,9,9,10,9,9,10,10,10,6,6,6,10,10,10,10,10,10,10,10,10,10,10,10,8,8,9,7,7,10,7,8,9,6,6,8,3,6,8,7,7,6,6,6,8,7,5
sf,cvs,dvd-create,dvd-create/tydemux/libs/libmfs/mfs.h,buggy,c,IssueTrue,27711,106,1199,8,5,2,5,1,4,3,10,10,10,10,10,10,8,9,10,9,9,9,10,10,9,10,10,10,9,10,10,10,10,10,10,10,10,10,10,10,10,10,10,8,8,9,3,3,2,3,2,3,2,2,4,2,4,8,6,5,7,6,6,5,4,3
sf,cvs,dvd-create,dvd-create/tydemux/libs/libmfs/util.c,buggy,c,IssueTrue,27711,106,1199,8,4,1,4,5,2,6,10,10,10,10,10,10,8,9,10,9,9,9,10,9,9,10,10,10,6,6,6,10,10,10,10,10,10,10,10,10,10,10,10,8,8,9,5,5,6,5,4,5,4,3,5,2,4,7,5,5,4,4,4,2,2,1
sf,cvs,dvd-create,dvd-create/tydemux/libs/logging.c,buggy,c,IssueTrue,27711,106,1199,8,3,3,3,4,7,6,10,10,10,10,10,10,8,9,10,9,9,9,10,9,9,10,10,10,6,6,6,10,10,10,10,10,10,10,10,10,10,10,10,8,8,9,5,5,5,6,5,5,6,5,5,5,4,6,6,6,7,7,7,6,6,5
sf,cvs,dvd-create,dvd-create/tydemux/libs/test.c,buggy,c,IssueTrue,27711,106,1199,8,7,5,6,5,4,6,10,10,10,10,10,10,8,9,10,9,9,9,10,9,9,10,10,10,6,6,6,10,10,10,10,10,10,10,10,10,10,10,10,8,8,9,5,4,6,4,4,5,7,5,6,6,6,10,10,10,6,7,6,9,9,7
sf,cvs,dvd-create,dvd-create/tydemux/libs/threadlib.c,buggy,c,IssueTrue,27711,106,1199,8,9,8,9,8,4,9,10,10,10,10,10,10,8,9,10,9,9,9,10,9,9,10,10,10,6,6,6,10,10,10,10,10,10,10,10,10,10,10,10,8,8,9,6,7,9,8,7,9,7,6,8,8,6,10,10,10,8,8,9,9,9,8
sf,cvs,dvd-create,dvd-create/tydemux/libs/threadlib.h,buggy,c,IssueTrue,27711,106,1199,8,2,6,2,1,10,3,10,10,10,10,10,10,8,9,10,9,9,9,10,9,9,10,10,10,6,6,6,10,10,10,10,10,10,10,10,10,10,10,10,8,8,9,3,3,2,3,2,3,2,2,4,8,8,7,6,8,5,7,7,5,6,6
sf,cvs,dvd-create,dvd-create/tydemux/tychopper/tychopper.c,buggy,c,IssueTrue,27711,106,1199,8,4,1,4,3,3,5,10,10,10,10,10,10,8,9,10,9,9,9,10,9,9,10,10,10,6,6,6,10,10,10,10,10,10,10,10,10,10,10,10,8,8,9,7,5,5,4,3,4,7,4,4,3,6,9,7,6,4,4,4,10,10,9
sf,cvs,dvd-create,dvd-create/tydemux/tydemux/chunk.c,buggy,c,IssueTrue,27711,106,1199,8,4,4,4,3,7,6,10,10,10,10,10,10,8,9,10,9,9,9,10,9,9,10,10,10,6,6,6,10,10,10,10,10,10,10,10,10,10,10,10,8,8,9,7,5,6,10,8,6,6,4,4,5,4,3,3,3,7,7,7,4,5,4
sf,cvs,dvd-create,dvd-create/tydemux/tydemux/chunk_check.c,buggy,c,IssueTrue,27711,106,1199,8,7,7,7,3,6,10,10,10,10,10,10,10,8,9,10,9,9,9,10,9,9,10,10,10,6,6,6,10,10,10,10,10,10,10,10,10,10,10,10,8,8,9,10,9,8,9,7,5,10,8,5,7,4,4,5,4,10,10,10,9,8,8
sf,cvs,dvd-create,dvd-create/tydemux/tydemux/chunk_check_junk.c,buggy,c,IssueTrue,27711,106,1199,8,5,5,5,3,6,6,10,10,10,10,10,10,8,9,10,9,9,9,10,9,9,10,10,10,6,6,6,10,10,10,10,10,10,10,10,10,10,10,10,8,8,9,9,5,6,7,4,4,10,6,5,6,4,3,3,3,10,10,10,5,5,5
sf,cvs,dvd-create,dvd-create/tydemux/tydemux/chunk_parse.c,buggy,c,IssueTrue,27711,106,1199,8,9,8,9,6,4,10,10,10,10,10,10,10,8,9,10,9,9,9,10,9,9,10,10,10,6,6,6,10,10,10,10,10,10,10,10,10,10,10,10,8,8,9,9,8,10,9,8,8,10,8,9,8,9,10,10,10,10,10,10,9,8,8
sf,cvs,dvd-create,dvd-create/tydemux/tydemux/chunk_read.c,buggy,c,IssueTrue,27711,106,1199,8,8,6,8,4,4,9,10,10,10,10,10,10,8,9,10,9,9,9,10,9,9,10,10,10,6,6,6,10,10,10,10,10,10,10,10,10,10,10,10,8,8,9,10,9,9,10,9,6,10,8,7,8,4,10,10,10,10,10,10,8,9,8
sf,cvs,dvd-create,dvd-create/tydemux/tydemux/chunk_verify.c,buggy,c,IssueTrue,27711,106,1199,8,3,3,3,2,7,6,10,10,10,10,10,10,8,9,10,9,9,9,10,9,9,10,10,10,6,6,6,10,10,10,10,10,10,10,10,10,10,10,10,8,8,9,9,6,5,8,4,4,6,3,4,5,4,3,3,3,7,7,7,6,6,5
sf,cvs,dvd-create,dvd-create/tydemux/tydemux/common.h,buggy,c,IssueTrue,27711,106,1199,8,1,2,1,1,1,3,10,10,10,10,10,10,8,9,10,9,9,9,10,9,9,10,10,10,6,6,6,10,10,10,10,10,10,10,10,10,10,10,10,8,8,9,3,3,2,3,2,3,2,2,4,8,9,6,7,7,9,10,9,3,5,5
sf,cvs,dvd-create,dvd-create/tydemux/tydemux/cutpoints.c,buggy,c,IssueTrue,27711,106,1199,8,8,6,8,7,4,6,10,10,10,10,10,10,8,9,10,9,9,9,10,9,9,10,10,10,6,6,6,10,10,10,10,10,10,10,10,10,10,10,10,8,8,9,6,5,9,7,6,8,6,5,7,7,9,10,10,10,9,10,9,9,9,9
sf,cvs,dvd-create,dvd-create/tydemux/tydemux/debug.c,buggy,c,IssueTrue,27711,106,1199,8,5,2,5,4,3,9,10,10,10,10,10,10,8,9,10,9,9,9,10,9,9,10,10,10,6,6,6,10,10,10,10,10,10,10,10,10,10,10,10,8,8,9,7,5,6,8,6,6,3,3,4,5,4,6,6,6,4,4,4,5,6,4
sf,cvs,dvd-create,dvd-create/tydemux/tydemux/enums.h,buggy,c,IssueTrue,27711,106,1199,8,4,3,2,1,6,3,10,10,10,10,10,10,8,9,10,9,9,9,10,9,9,10,10,10,6,6,6,10,10,10,10,10,10,10,10,10,10,10,10,8,8,9,3,3,2,3,2,3,2,2,4,6,6,8,8,8,5,6,6,2,3,3
sf,cvs,dvd-create,dvd-create/tydemux/tydemux/frame_rate.c,buggy,c,IssueTrue,27711,106,1199,8,1,1,1,1,1,3,10,10,10,10,10,10,8,9,10,9,9,9,10,9,9,10,10,10,6,6,6,10,10,10,10,10,10,10,10,10,10,10,10,8,8,9,3,3,2,3,2,3,2,2,4,5,4,3,3,3,4,4,4,10,9,9
sf,cvs,dvd-create,dvd-create/tydemux/tydemux/fsid.c,buggy,c,IssueTrue,27711,106,1199,8,10,4,10,9,1,5,10,10,10,10,10,10,8,9,10,9,9,9,10,9,9,10,10,10,6,6,6,10,10,10,10,10,10,10,10,10,10,10,10,8,8,9,7,7,10,6,8,9,7,8,9,2,4,10,10,9,7,6,6,2,2,1
sf,cvs,dvd-create,dvd-create/tydemux/tydemux/gop.c,buggy,c,IssueTrue,27711,106,1199,8,8,5,8,5,3,9,10,10,10,10,10,10,8,9,10,9,9,9,10,9,9,10,10,10,6,6,6,10,10,10,10,10,10,10,10,10,10,10,10,8,8,9,9,8,9,8,6,6,8,6,6,4,6,9,8,7,4,4,4,8,7,5
sf,cvs,dvd-create,dvd-create/tydemux/tydemux/index_edit.c,buggy,c,IssueTrue,27711,106,1199,8,9,6,9,6,3,6,10,10,10,10,10,10,8,9,10,9,9,9,10,9,9,10,10,10,6,6,6,10,10,10,10,10,10,10,10,10,10,10,10,8,8,9,8,9,9,8,7,8,9,7,8,8,6,10,10,10,10,10,10,8,8,8
sf,cvs,dvd-create,dvd-create/tydemux/tydemux/index_edit_help.c,buggy,c,IssueTrue,27711,106,1199,8,6,2,7,8,3,5,10,10,10,10,10,10,8,9,10,9,9,9,10,9,9,10,10,10,6,6,6,10,10,10,10,10,10,10,10,10,10,10,10,8,8,9,4,4,6,5,5,7,4,6,6,3,6,8,7,7,7,6,6,8,7,5
sf,cvs,dvd-create,dvd-create/tydemux/tydemux/main.c,buggy,c,IssueTrue,27711,106,1199,8,3,1,4,2,2,5,10,10,10,10,10,10,8,9,10,9,9,9,10,9,9,10,10,10,6,6,6,10,10,10,10,10,10,10,10,10,10,10,10,8,8,9,9,5,4,8,5,4,10,7,5,3,4,3,3,3,5,5,5,6,6,4
sf,cvs,dvd-create,dvd-create/tydemux/tydemux/misc.c,buggy,c,IssueTrue,27711,106,1199,8,6,2,6,5,2,8,10,10,10,10,10,10,8,9,10,9,9,9,10,9,9,10,10,10,6,6,6,10,10,10,10,10,10,10,10,10,10,10,10,8,8,9,7,7,8,5,6,6,3,3,5,8,6,6,8,7,5,6,6,8,9,7
sf,cvs,dvd-create,dvd-create/tydemux/tydemux/not_used_funcs.c,buggy,c,IssueTrue,27711,106,1199,8,5,2,6,3,2,9,10,10,10,10,10,10,8,9,10,9,9,9,10,9,9,10,10,10,6,6,6,10,10,10,10,10,10,10,10,10,10,10,10,8,8,9,10,7,7,8,5,4,8,5,4,5,4,3,3,3,4,4,4,7,7,5
sf,cvs,dvd-create,dvd-create/tydemux/tydemux/pes_holder.c,buggy,c,IssueTrue,27711,106,1199,8,9,5,9,9,2,10,10,10,10,10,10,10,8,9,10,9,9,9,10,9,9,10,10,10,6,6,6,10,10,10,10,10,10,10,10,10,10,10,10,8,8,9,7,8,10,8,7,9,7,8,9,9,8,10,10,10,10,10,10,6,7,7
sf,cvs,dvd-create,dvd-create/tydemux/tydemux/pes_holder_video_check.c,buggy,c,IssueTrue,27711,106,1199,8,8,7,8,5,5,10,10,10,10,10,10,10,8,9,10,9,9,9,10,9,9,10,10,10,6,6,6,10,10,10,10,10,10,10,10,10,10,10,10,8,8,9,9,7,9,9,7,7,9,6,7,6,4,4,5,5,6,6,6,9,9,8
sf,cvs,dvd-create,dvd-create/tydemux/tydemux/pes_holder_video_check_help.c,clean,c,IssueTrue,27711,106,1199,8,2,1,3,2,6,5,10,10,10,10,10,10,8,9,10,9,9,9,10,9,9,10,10,10,6,6,6,10,10,10,10,10,10,10,10,10,10,10,10,8,8,9,9,5,4,10,6,4,4,3,4,3,4,3,3,3,4,4,4,6,5,3
sf,cvs,dvd-create,dvd-create/tydemux/tydemux/picture.c,buggy,c,IssueTrue,27711,106,1199,8,8,7,8,6,5,9,10,10,10,10,10,10,8,9,10,9,9,9,10,9,9,10,10,10,6,6,6,10,10,10,10,10,10,10,10,10,10,10,10,8,8,9,8,7,9,8,7,7,5,4,5,4,4,3,3,3,4,4,4,6,6,4
sf,cvs,dvd-create,dvd-create/tydemux/tydemux/probe.c,buggy,c,IssueTrue,27711,106,1199,8,9,8,10,7,3,9,10,10,10,10,10,10,8,9,10,9,9,9,10,9,9,10,10,10,6,6,6,10,10,10,10,10,10,10,10,10,10,10,10,8,8,9,9,8,10,8,6,8,9,6,8,8,8,10,10,10,10,10,10,9,10,9
sf,cvs,dvd-create,dvd-create/tydemux/tydemux/remote.c,buggy,c,IssueTrue,27711,106,1199,8,3,3,4,2,7,5,10,10,10,10,10,10,8,9,10,9,9,9,10,9,9,10,10,10,6,6,6,10,10,10,10,10,10,10,10,10,10,10,10,8,8,9,7,4,3,5,3,4,10,6,5,2,6,5,4,4,4,4,4,2,2,1
sf,cvs,dvd-create,dvd-create/tydemux/tydemux/seq_frame_correction.c,buggy,c,IssueTrue,27711,106,1199,8,9,8,9,6,4,9,10,10,10,10,10,10,8,9,10,9,9,9,10,9,9,10,10,10,6,6,6,10,10,10,10,10,10,10,10,10,10,10,10,8,8,9,9,7,10,8,6,7,7,7,6,6,8,8,8,8,4,4,4,6,6,5
sf,cvs,dvd-create,dvd-create/tydemux/tydemux/seq_header_fix.c,buggy,c,IssueTrue,27711,106,1199,8,5,4,5,3,5,9,10,10,10,10,10,10,8,9,10,9,9,9,10,9,9,10,10,10,6,6,6,10,10,10,10,10,10,10,10,10,10,10,10,8,8,9,9,6,6,9,6,5,10,7,5,4,4,3,3,3,4,4,4,4,4,3
sf,cvs,dvd-create,dvd-create/tydemux/tydemux/structures.h,buggy,c,IssueTrue,27711,106,1199,8,7,9,8,1,8,3,10,10,10,10,10,10,8,9,10,9,9,9,10,10,10,10,10,10,10,10,10,10,10,10,10,10,10,10,10,10,10,10,10,8,8,9,3,3,2,3,2,3,2,2,4,9,9,10,9,10,9,10,10,6,9,7
sf,cvs,dvd-create,dvd-create/tydemux/tydemux/sync_drift.c,buggy,c,IssueTrue,27711,106,1199,8,6,4,7,3,4,9,10,10,10,10,10,10,8,9,10,9,9,9,10,9,9,10,10,10,6,6,6,10,10,10,10,10,10,10,10,10,10,10,10,8,8,9,10,7,7,9,6,5,10,5,5,6,8,3,4,4,4,4,4,8,7,7
sf,cvs,dvd-create,dvd-create/tydemux/tydemux/time.c,buggy,c,IssueTrue,27711,106,1199,8,7,5,7,4,4,6,10,10,10,10,10,10,8,9,10,9,9,9,10,9,9,10,10,10,6,6,6,10,10,10,10,10,10,10,10,10,10,10,10,8,8,9,8,7,7,9,6,7,9,5,6,5,4,9,9,8,6,6,6,8,8,6
sf,cvs,dvd-create,dvd-create/tydemux/tydemux/tmp_ref_check.c,buggy,c,IssueTrue,27711,106,1199,8,7,4,7,3,3,10,10,10,10,10,10,10,8,9,10,9,9,9,10,9,9,10,10,10,6,6,6,10,10,10,10,10,10,10,10,10,10,10,10,8,8,9,10,9,8,9,6,5,5,3,4,5,6,3,3,3,4,4,4,8,8,6
sf,cvs,dvd-create,dvd-create/tydemux/tydemux/tmp_ref_fix.c,buggy,c,IssueTrue,27711,106,1199,8,9,8,9,4,4,10,10,10,10,10,10,10,8,9,10,9,9,9,10,9,9,10,10,10,6,6,6,10,10,10,10,10,10,10,10,10,10,10,10,8,8,9,10,10,10,9,6,7,6,5,5,4,4,3,3,3,7,7,7,10,9,7
sf,cvs,dvd-create,dvd-create/tydemux/tydemux/tmp_ref_help.c,buggy,c,IssueTrue,27711,106,1199,8,9,7,9,6,3,10,10,10,10,10,10,10,8,9,10,9,9,9,10,9,9,10,10,10,6,6,6,10,10,10,10,10,10,10,10,10,10,10,10,8,8,9,9,7,9,9,7,8,5,5,5,5,6,9,9,8,4,4,4,5,6,4
sf,cvs,dvd-create,dvd-create/tydemux/tydemux/tydemux.c,buggy,c,IssueTrue,27711,106,1199,8,7,4,8,4,3,8,10,10,10,10,10,10,8,9,10,9,9,9,10,9,9,10,10,10,6,6,6,10,10,10,10,10,10,10,10,10,10,10,10,8,8,9,9,8,9,7,5,6,10,6,7,9,9,9,10,10,10,10,10,8,9,8
sf,cvs,dvd-create,dvd-create/tydemux/tydemux/tydemux.h,buggy,c,IssueTrue,27711,106,1199,8,7,10,8,1,10,3,10,10,10,10,10,10,8,9,10,9,9,9,10,9,9,10,10,10,6,6,6,10,10,10,10,10,10,10,10,10,10,10,10,8,8,9,3,3,2,3,2,3,2,2,4,10,9,8,9,10,5,7,7,5,7,7
sf,cvs,dvd-create,dvd-create/tydemux/tydemux/tydemux_remote.c,buggy,c,IssueTrue,27711,106,1199,8,9,5,10,7,2,5,10,10,10,10,10,10,8,9,10,9,9,9,10,9,9,10,10,10,6,6,6,10,10,10,10,10,10,10,10,10,10,10,10,8,8,9,8,9,9,7,5,7,10,8,9,2,6,8,6,6,4,4,4,5,4,3
sf,cvs,dvd-create,dvd-create/tydemux/tydemux/tyrecord.c,buggy,c,IssueTrue,27711,106,1199,8,9,9,9,5,5,9,10,10,10,10,10,10,8,9,10,9,9,9,10,9,9,10,10,10,6,6,6,10,10,10,10,10,10,10,10,10,10,10,10,8,8,9,9,8,9,10,8,8,8,6,7,6,8,4,5,5,8,8,8,8,8,7
sf,cvs,dvd-create,dvd-create/tydemux/tydemux/tystream.c,buggy,c,IssueTrue,27711,106,1199,8,6,5,7,4,5,5,10,10,10,10,10,10,8,9,10,9,9,9,10,9,9,10,10,10,6,6,6,10,10,10,10,10,10,10,10,10,10,10,10,8,8,9,6,5,6,8,7,6,10,10,8,8,8,7,7,8,8,9,8,2,5,4
sf,cvs,dvd-create,dvd-create/tydemux/tydemux/tystream_init.c,buggy,c,IssueTrue,27711,106,1199,8,5,3,5,4,4,8,10,10,10,10,10,10,8,9,10,9,9,9,10,9,9,10,10,10,6,6,6,10,10,10,10,10,10,10,10,10,10,10,10,8,8,9,7,5,7,7,5,5,8,5,5,6,4,7,8,7,5,6,6,4,6,4
sf,cvs,dvd-create,dvd-create/tydemux/tydemux/tystream_repair.c,buggy,c,IssueTrue,27711,106,1199,8,7,5,8,6,4,8,10,10,10,10,10,10,8,9,10,9,9,9,10,9,9,10,10,10,6,6,6,10,10,10,10,10,10,10,10,10,10,10,10,8,8,9,7,7,9,7,5,7,6,5,6,7,6,6,8,7,5,6,6,8,8,7
sf,cvs,dvd-create,dvd-create/tydemux/tydemux/vstream.c,clean,c,IssueTrue,27711,106,1199,8,5,2,5,5,3,6,10,10,10,10,10,10,8,9,10,9,9,9,10,9,9,10,10,10,6,6,6,10,10,10,10,10,10,10,10,10,10,10,10,8,8,9,6,7,7,9,7,7,6,4,5,2,4,3,3,3,4,4,4,3,3,2
sf,cvs,dvd-create,dvd-create/tydemux/tyeditor/main.cpp,clean,c,IssueTrue,27711,106,1199,8,1,2,1,2,10,3,10,10,10,10,10,10,8,9,10,9,9,9,10,9,9,10,10,10,6,6,6,10,10,10,10,10,10,10,10,10,10,10,10,8,8,9,3,3,2,3,3,4,6,3,4,3,6,8,7,6,4,4,4,2,3,2
sf,cvs,dvd-create,dvd-create/tydemux/tyeditor/processor.cpp,buggy,c,IssueTrue,27711,106,1199,8,5,2,5,6,3,5,10,10,10,10,10,10,8,9,10,9,9,9,10,9,9,10,10,10,6,6,6,10,10,10,10,10,10,10,10,10,10,10,10,8,8,9,4,4,6,5,4,6,6,5,6,2,6,3,3,3,4,4,4,5,4,3
sf,cvs,dvd-create,dvd-create/tydemux/tyeditor/tydemuxclass.cpp,buggy,c,IssueTrue,27711,106,1199,8,8,5,8,9,3,6,10,10,10,10,10,10,8,9,10,9,9,9,10,9,9,10,10,10,6,6,6,10,10,10,10,10,10,10,10,10,10,10,10,8,8,9,5,8,9,6,6,9,5,6,8,6,8,10,10,10,10,10,10,9,9,8
sf,cvs,dvd-create,dvd-create/tydemux/tyeditor/tydemuxclass.h,buggy,c,IssueTrue,27711,106,1199,8,4,3,5,4,5,3,10,10,10,10,10,10,9,10,10,9,9,9,10,10,10,10,10,10,8,9,9,10,10,10,10,10,10,10,10,10,10,10,10,9,10,10,3,3,3,4,3,4,3,3,4,5,6,9,9,9,9,9,8,7,7,6
sf,cvs,dvd-create,dvd-create/tydemux/tyeditor/tyeditorwindow.cpp,buggy,c,IssueTrue,27711,106,1199,8,9,5,9,9,2,6,10,10,10,10,10,10,8,9,10,9,9,9,10,9,9,10,10,10,6,6,6,10,10,10,10,10,10,10,10,10,10,10,10,8,8,9,5,6,10,5,6,9,7,9,9,7,8,10,10,10,9,9,9,8,8,8
sf,cvs,dvd-create,dvd-create/tydemux/tyeditor/tyeditorwindow.h,buggy,c,IssueTrue,27711,106,1199,8,3,2,4,2,4,3,10,10,10,10,10,10,10,10,10,9,9,9,10,10,10,10,10,10,9,9,9,10,10,10,10,10,10,10,10,10,10,10,10,10,10,10,3,3,2,8,4,4,5,3,4,5,6,9,8,9,5,5,5,5,5,5
sf,cvs,dvd-create,dvd-create/tydemux/tyeditor/tymainwindow.cpp,buggy,c,IssueTrue,27711,106,1199,8,7,3,7,7,3,6,10,10,10,10,10,10,8,9,10,9,9,9,10,9,9,10,10,10,6,6,6,10,10,10,10,10,10,10,10,10,10,10,10,8,8,9,4,5,7,4,5,6,8,9,8,6,8,10,9,9,8,8,8,8,8,7
sf,cvs,dvd-create,dvd-create/tydemux/tyeditor/tymainwindow.h,buggy,c,IssueTrue,27711,106,1199,8,2,2,3,2,7,3,10,10,10,10,10,10,10,10,10,9,9,9,10,10,10,10,10,10,10,9,9,10,10,10,10,10,10,10,10,10,10,10,10,10,10,10,3,3,2,3,2,4,2,3,4,4,6,8,8,7,7,6,6,2,3,2
sf,cvs,dvd-create,dvd-create/tydemux/tymplex/tymplex.cpp,buggy,c,IssueTrue,27711,106,1199,8,8,6,8,8,3,6,10,10,10,10,10,10,9,9,10,9,9,9,10,10,10,10,10,10,8,8,8,10,10,10,10,10,10,10,10,10,10,10,10,9,9,9,6,8,9,4,6,7,5,7,8,7,4,10,10,10,8,8,9,8,8,8
sf,cvs,dvd-create,dvd-create/tydemux/tymplex/tymplex.h,clean,c,IssueTrue,27711,106,1199,8,1,3,2,1,10,3,10,10,10,10,10,10,8,9,10,9,9,9,10,9,9,10,10,10,6,6,6,10,10,10,10,10,10,10,10,10,10,10,10,8,8,9,3,3,2,3,2,3,2,2,4,4,4,4,3,4,4,4,4,4,4,4
sf,cvs,dvd-create,dvd-create/tydemux/typrocess/main.cpp,buggy,c,IssueTrue,27711,106,1199,8,6,4,7,3,4,8,10,10,10,10,10,10,8,9,10,9,9,9,10,9,9,10,10,10,6,6,6,10,10,10,10,10,10,10,10,10,10,10,10,8,8,9,10,9,8,9,8,5,10,8,6,4,4,6,6,6,8,7,7,7,7,5
sf,cvs,dvd-create,dvd-create/tydemux/typrocess/typrocess.cpp,buggy,c,IssueTrue,27711,106,1199,8,6,5,6,2,5,8,10,10,10,10,10,10,8,9,10,9,9,9,10,9,9,10,10,10,6,6,6,10,10,10,10,10,10,10,10,10,10,10,10,8,8,9,10,9,8,10,10,6,10,9,6,8,6,9,9,10,10,10,10,9,9,9
sf,cvs,dvd-create,dvd-create/tydemux/typrocess/typrocess.h,buggy,c,IssueTrue,27711,106,1199,8,3,5,3,1,9,3,10,10,10,10,10,10,8,9,10,9,9,9,10,9,9,10,10,10,6,6,6,10,10,10,10,10,10,10,10,10,10,10,10,8,8,9,3,3,2,3,2,3,2,2,4,4,4,4,4,4,7,7,7,5,6,4
sf,cvs,dvd-create,dvd-create/tydemux/typrocess/typrocessgui/Attic/ProgressDlg.cpp,clean,c,IssueTrue,27711,106,1199,8,5,2,5,6,3,5,10,10,10,10,10,10,8,9,10,9,9,9,10,9,9,10,10,10,6,6,6,10,10,10,10,10,10,10,10,10,10,10,10,8,8,9,4,4,6,3,3,5,5,4,6,2,4,7,5,5,6,5,5,2,2,1
sf,cvs,dvd-create,dvd-create/tydemux/tyserver/readfile.c,buggy,c,IssueTrue,27711,106,1199,8,6,5,7,3,5,8,10,10,10,10,10,10,8,9,10,9,9,9,10,9,9,10,10,10,6,6,6,10,10,10,10,10,10,10,10,10,10,10,10,8,8,9,9,6,7,8,7,5,10,6,6,3,8,3,3,3,5,5,5,6,5,4
sf,cvs,dvd-create,dvd-create/tydemux/tyserver/tyindex.c,buggy,c,IssueTrue,27711,106,1199,8,8,5,9,7,3,8,10,10,10,10,10,10,8,9,10,9,9,9,10,9,9,10,10,10,6,6,6,10,10,10,10,10,10,10,10,10,10,10,10,8,8,9,7,6,9,6,6,7,10,7,9,4,6,5,5,5,8,8,8,5,5,4
sf,cvs,dvd-create,dvd-create/tydemux/tyserver/tyserver.c,buggy,c,IssueTrue,27711,106,1199,8,9,6,10,8,3,8,10,10,10,10,10,10,8,9,10,9,9,9,10,9,9,10,10,10,6,6,6,10,10,10,10,10,10,10,10,10,10,10,10,8,8,9,7,6,9,7,6,8,10,8,9,4,6,10,10,10,10,10,10,10,10,9
sf,cvs,dvd-create,dvd-create/tydemux/tytranscode/Attic/transcode_fir.h,clean,c,IssueTrue,27711,106,1199,8,10,1,1,1,1,3,10,10,10,10,10,10,8,9,10,9,9,9,10,9,9,10,10,10,6,6,6,10,10,10,10,10,10,10,10,10,10,10,10,8,8,9,3,3,2,3,2,3,2,2,4,2,4,3,3,3,4,4,4,2,2,1
sf,cvs,dvd-create,dvd-create/tydemux/tytranscode/ac3enc.c,buggy,c,IssueTrue,27711,106,1199,8,1,2,1,3,9,3,10,10,10,10,10,10,8,9,10,9,9,9,10,9,9,10,10,10,6,6,6,10,10,10,10,10,10,10,10,10,10,10,10,8,8,9,3,3,3,3,3,4,2,3,4,2,6,10,9,9,6,5,5,2,2,1
sf,cvs,dvd-create,dvd-create/tydemux/tytranscode/audio_convert.c,buggy,c,IssueTrue,27711,106,1199,8,8,7,8,6,5,10,10,10,10,10,10,10,8,9,10,9,9,9,10,9,9,10,10,10,6,6,6,10,10,10,10,10,10,10,10,10,10,10,10,8,8,9,8,7,9,9,8,8,9,8,8,6,9,10,10,10,10,10,10,10,10,10
sf,cvs,dvd-create,dvd-create/tydemux/tytranscode/audio_convert.h,clean,c,IssueTrue,27711,106,1199,8,5,4,4,1,6,3,10,10,10,10,10,10,8,9,10,9,9,9,10,9,9,10,10,10,6,6,6,10,10,10,10,10,10,10,10,10,10,10,10,8,8,9,3,3,2,3,2,3,2,2,4,6,9,8,8,8,5,6,6,9,9,7
sf,cvs,dvd-create,dvd-create/tydemux/tytranscode/audio_convert_structs.h,clean,c,IssueTrue,27711,106,1199,8,3,4,4,1,7,3,10,10,10,10,10,10,8,9,10,9,9,9,10,9,9,10,10,10,6,6,6,10,10,10,10,10,10,10,10,10,10,10,10,8,8,9,3,3,2,3,2,3,2,2,4,8,9,7,8,8,8,9,9,8,9,7
sf,cvs,dvd-create,dvd-create/tydemux/tytranscode/bit_stream.c,buggy,c,IssueTrue,27711,106,1199,8,7,6,7,7,5,6,10,10,10,10,10,10,8,9,10,9,9,9,10,9,9,10,10,10,6,6,6,10,10,10,10,10,10,10,10,10,10,10,10,8,8,9,6,5,9,7,6,8,5,4,6,6,9,10,10,10,9,9,9,10,10,9
sf,cvs,dvd-create,dvd-create/tydemux/tytranscode/bit_stream.h,clean,c,IssueTrue,27711,106,1199,8,2,3,3,1,8,3,10,10,10,10,10,10,8,9,10,9,9,9,10,9,9,10,10,10,6,6,6,10,10,10,10,10,10,10,10,10,10,10,10,8,8,9,3,3,2,3,2,3,2,2,4,6,9,6,6,6,5,5,5,7,7,6
sf,cvs,dvd-create,dvd-create/tydemux/tytranscode/encode.c,buggy,c,IssueTrue,27711,106,1199,8,9,10,9,7,7,10,10,10,10,10,10,10,8,9,10,9,9,9,10,9,9,10,10,10,6,6,6,10,10,10,10,10,10,10,10,10,10,10,10,8,8,9,8,7,10,9,8,9,3,4,5,7,9,5,7,6,8,8,8,10,10,10
sf,cvs,dvd-create,dvd-create/tydemux/tytranscode/fft.c,buggy,c,IssueTrue,27711,106,1199,8,10,3,6,3,1,6,10,10,10,10,10,10,8,9,10,9,9,9,10,9,9,10,10,10,6,6,6,10,10,10,10,10,10,10,10,10,10,10,10,8,8,9,6,5,5,6,4,4,3,3,4,4,4,3,3,3,4,4,4,10,10,10
sf,cvs,dvd-create,dvd-create/tydemux/tytranscode/layer2_decoder.c,buggy,c,IssueTrue,27711,106,1199,8,7,6,7,3,5,9,10,10,10,10,10,10,8,9,10,9,9,9,10,9,9,10,10,10,8,8,8,10,10,10,10,10,10,10,10,10,10,10,10,8,8,9,10,9,8,10,7,6,10,7,5,6,9,8,9,8,6,6,7,9,8,8
sf,cvs,dvd-create,dvd-create/tydemux/tytranscode/layer2_encoder.c,clean,c,IssueTrue,27711,106,1199,8,7,5,8,6,4,6,10,10,10,10,10,10,8,9,10,9,9,9,10,9,9,10,10,10,6,6,6,10,10,10,10,10,10,10,10,10,10,10,10,8,8,9,7,6,8,9,9,8,8,6,7,7,9,3,4,4,5,6,6,9,9,8
sf,cvs,dvd-create,dvd-create/tydemux/tytranscode/layer2_encoder.h,clean,c,IssueTrue,27711,106,1199,8,4,3,4,1,6,3,10,10,10,10,10,10,8,9,10,9,9,9,10,9,9,10,10,10,6,6,6,10,10,10,10,10,10,10,10,10,10,10,10,8,8,9,3,3,2,3,2,3,2,2,4,5,9,3,3,3,4,4,4,5,5,4
sf,cvs,dvd-create,dvd-create/tydemux/tytranscode/main.c,clean,c,IssueTrue,27711,106,1199,8,2,2,2,2,7,5,10,10,10,10,10,10,8,9,10,9,9,9,10,9,9,10,10,10,6,6,6,10,10,10,10,10,10,10,10,10,10,10,10,8,8,9,8,5,4,8,5,4,10,5,4,6,6,4,4,5,7,7,7,3,5,4
sf,cvs,dvd-create,dvd-create/tydemux/tytranscode/psycho1.c,clean,c,IssueTrue,27711,106,1199,8,9,8,9,7,4,8,10,10,10,10,10,10,8,9,10,9,9,9,10,9,9,10,10,10,6,6,6,10,10,10,10,10,10,10,10,10,10,10,10,8,8,9,8,7,9,7,6,8,6,5,6,5,6,3,3,3,5,5,5,7,7,6
sf,cvs,dvd-create,dvd-create/tydemux/tytranscode/psycho2.c,buggy,c,IssueTrue,27711,106,1199,8,8,6,8,3,4,8,10,10,10,10,10,10,8,9,10,9,9,9,10,9,9,10,10,10,6,6,6,10,10,10,10,10,10,10,10,10,10,10,10,8,8,9,10,8,8,10,9,6,10,9,7,4,4,3,3,3,4,4,4,4,5,4
sf,cvs,dvd-create,dvd-create/tydemux/tytranscode/synth.c,buggy,c,IssueTrue,27711,106,1199,8,8,8,9,4,5,6,10,10,10,10,10,10,8,9,10,9,9,9,10,9,9,10,10,10,6,6,6,10,10,10,10,10,10,10,10,10,10,10,10,8,8,9,6,5,6,8,7,6,5,5,5,7,9,3,5,4,6,7,7,10,10,10
sf,cvs,dvd-create,dvd-create/tydemux/tytranscode/tables.c,clean,c,IssueTrue,27711,106,1199,8,10,4,4,3,1,5,10,10,10,10,10,10,8,9,10,9,9,9,10,9,9,10,10,10,6,6,6,10,10,10,10,10,10,10,10,10,10,10,10,8,8,9,7,4,4,8,6,4,7,4,4,6,6,3,3,3,4,4,4,10,10,10
sf,cvs,dvd-create,dvd-create/tydemux/tytranscode/time.c,clean,c,IssueTrue,27711,106,1199,8,5,3,6,6,4,4,10,10,10,10,10,10,8,9,10,9,9,9,10,9,9,10,10,10,6,6,6,10,10,10,10,10,10,10,10,10,10,10,10,8,8,9,5,6,7,5,4,6,3,3,5,6,6,3,3,3,5,5,5,10,10,9
sf,cvs,dvd-create,dvd-create/tydemux/tytranscode/transcode.c,buggy,c,IssueTrue,27711,106,1199,8,8,8,8,8,5,8,10,10,10,10,10,10,8,9,10,9,9,9,10,9,9,10,10,10,6,6,6,10,10,10,10,10,10,10,10,10,10,10,10,8,8,9,6,8,9,6,8,8,4,6,7,7,9,10,10,10,10,10,10,10,10,10
sf,cvs,dvd-create,dvd-create/tydemux/tytranscode/transcode.h,clean,c,IssueTrue,27711,106,1199,8,2,2,2,1,8,3,10,10,10,10,10,10,8,9,10,9,9,9,10,9,9,10,10,10,6,6,6,10,10,10,10,10,10,10,10,10,10,10,10,8,8,9,3,3,2,3,2,3,2,2,4,6,6,3,4,4,6,6,6,9,9,8
sf,cvs,dvd-create,dvd-create/tydemux/tytranscode/tytranscode.c,buggy,c,IssueTrue,27711,106,1199,8,8,6,8,5,3,8,10,10,10,10,10,10,8,9,10,9,9,9,10,9,9,10,10,10,6,6,6,10,10,10,10,10,10,10,10,10,10,10,10,8,8,9,9,8,9,10,9,8,10,7,7,9,10,9,10,10,10,10,10,10,10,10
sf,cvs,dvd-create,dvd-create/tydemux/tytranscode/tytranscode.h,buggy,c,IssueTrue,27711,106,1199,8,1,3,2,1,10,3,10,10,10,10,10,10,8,9,10,9,9,9,10,9,9,10,10,10,6,6,6,10,10,10,10,10,10,10,10,10,10,10,10,8,8,9,3,3,2,3,2,3,2,2,4,3,4,5,5,4,4,4,4,4,4,3
