Host,Vcs,Project,File,Buggy,PL,IssueTracking,TLOC,TNF,TNC,TND,LOC,CL,NStmt,NFunc,RCC,MNL,avg_WMC,max_WMC,total_WMC,avg_DIT,max_DIT,total_DIT,avg_RFC,max_RFC,total_RFC,avg_NOC,max_NOC,total_NOC,avg_CBO,max_CBO,total_CBO,avg_DIT.1,max_DIT.1,total_DIT.1,avg_NIV,max_NIV,total_NIV,avg_NIM,max_NIM,total_NIM,avg_NOM,max_NOM,total_NOM,avg_NPBM,max_NPBM,total_NPBM,avg_NPM,max_NPM,total_NPM,avg_NPRM,max_NPRM,total_NPRM,avg_CC,max_CC,total_CC,avg_FANIN,max_FANIN,total_FANIN,avg_FANOUT,max_FANOUT,total_FANOUT,NRev,NFix,avg_AddedLOC,max_AddedLOC,total_AddedLOC,avg_DeletedLOC,max_DeletedLOC,total_DeletedLOC,avg_ModifiedLOC,max_ModifiedLOC,total_ModifiedLOC
gc,svn,eid-mw,/trunk/eid-mw/_src/eDT/DiagEngine/AnalyseMWFileInfo.h,clean,cpp,IssueTrue,8958,19,464,6,8,8,6,5,5,8,8,8,8,10,10,8,9,9,4,9,9,10,6,6,6,10,10,8,7,6,6,7,7,7,7,7,7,7,7,7,9,9,9,8,8,9,9,9,6,4,6,4,7,8,4,3,5,3,4,3,5,5,5,3,3,3
gc,svn,eid-mw,/trunk/eid-mw/_src/eID-QuickInstaller/eID-EZinstaller/diagnoseThread.cpp,clean,cpp,IssueTrue,8958,19,464,6,10,8,10,10,2,10,7,7,7,8,9,5,8,9,3,9,9,10,6,6,6,8,9,5,7,6,6,6,6,6,6,6,6,6,6,6,9,9,9,8,8,9,10,10,10,8,10,10,9,10,10,3,5,7,7,5,5,5,5,7,7,5
gc,svn,eid-mw,/trunk/eid-mw/_src/eID-QuickInstaller/eID-EZinstaller/ezinstaller.cpp,buggy,cpp,IssueTrue,8958,19,464,6,10,9,10,10,2,10,7,7,7,8,9,5,8,9,3,9,9,10,6,6,6,8,9,5,7,6,6,6,6,6,6,6,6,6,6,6,9,9,9,8,8,9,8,10,10,8,10,10,8,10,10,7,5,3,4,3,5,5,5,2,2,2
gc,svn,eid-mw,/trunk/eid-mw/_src/eidmw/cardlayer/PCSC.cpp,clean,cpp,IssueTrue,8958,19,464,6,10,9,9,9,4,9,7,7,7,8,9,5,8,9,3,9,9,10,6,6,6,8,9,5,7,6,6,6,6,6,6,6,6,6,6,6,9,9,9,8,8,9,9,10,10,7,9,9,8,8,9,3,5,3,4,3,8,6,6,2,2,2
gc,svn,eid-mw,/trunk/eid-mw/_src/eidmw/cardlayer/PCSC.h,clean,cpp,IssueTrue,8958,19,464,6,4,8,3,2,9,4,10,10,9,8,9,5,10,10,7,9,9,10,7,7,7,8,9,5,9,9,8,10,9,9,10,9,9,10,10,9,9,9,9,9,9,9,2,2,2,2,2,3,3,2,2,3,5,6,6,4,5,5,5,2,2,2
gc,svn,eid-mw,/trunk/eid-mw/_src/eidmw/cardlayer/Pinpad.h,clean,cpp,IssueTrue,8958,19,464,6,5,6,4,2,7,4,10,10,9,8,9,5,10,10,6,9,9,10,7,7,7,8,9,5,10,10,10,9,9,9,9,9,9,8,8,8,10,10,10,8,8,9,2,2,2,2,2,3,3,2,2,3,5,3,4,3,5,5,5,3,3,3
gc,svn,eid-mw,/trunk/eid-mw/_src/eidmw/eidgui/mainwnd.cpp,clean,cpp,IssueTrue,8958,19,464,6,10,10,10,10,4,10,7,7,7,8,9,5,8,9,4,9,9,10,6,6,7,8,9,5,8,9,10,6,7,7,6,7,7,6,7,7,9,9,9,8,8,9,9,10,10,9,10,10,9,10,10,6,8,3,4,3,5,5,5,2,2,2
gc,svn,eid-mw,/trunk/eid-mw/_src/eidmw/pkcs11Test/open-close-session.c,clean,cpp,IssueTrue,8958,19,464,6,7,6,7,3,5,9,7,7,7,8,9,5,8,9,3,9,9,10,6,6,6,8,9,5,7,6,6,6,6,6,6,6,6,6,6,6,9,9,9,8,8,9,10,10,8,10,9,7,9,7,3,5,5,9,9,7,5,5,5,10,10,10
