Host,Vcs,Project,File,Buggy,PL,IssueTracking,TLOC,TNF,TNC,TND,LOC,CL,NStmt,NFunc,RCC,MNL,avg_WMC,max_WMC,total_WMC,avg_DIT,max_DIT,total_DIT,avg_RFC,max_RFC,total_RFC,avg_NOC,max_NOC,total_NOC,avg_CBO,max_CBO,total_CBO,avg_DIT.1,max_DIT.1,total_DIT.1,avg_NIV,max_NIV,total_NIV,avg_NIM,max_NIM,total_NIM,avg_NOM,max_NOM,total_NOM,avg_NPBM,max_NPBM,total_NPBM,avg_NPM,max_NPM,total_NPM,avg_NPRM,max_NPRM,total_NPRM,avg_CC,max_CC,total_CC,avg_FANIN,max_FANIN,total_FANIN,avg_FANOUT,max_FANOUT,total_FANOUT,NRev,NFix,avg_AddedLOC,max_AddedLOC,total_AddedLOC,avg_DeletedLOC,max_DeletedLOC,total_DeletedLOC,avg_ModifiedLOC,max_ModifiedLOC,total_ModifiedLOC
gc,svn,encog-cs,/trunk/encog-core-silverlight/encog-core-silverlight/Encog.cs,clean,cs,IssueTrue,38765,562,393,3,4,7,4,5,8,2,1,1,4,5,5,5,5,6,5,9,9,9,2,2,6,5,5,5,7,7,7,2,5,5,2,3,3,3,4,3,10,10,10,8,9,9,2,2,2,3,5,3,4,5,2,6,5,3,4,4,5,5,8,4,6,4
gc,svn,encog-cs,/trunk/encog-core-silverlight/encog-core-silverlight/Persist/EncogPersistedCollection.cs,clean,cs,IssueTrue,38765,562,393,3,9,10,9,9,4,7,10,9,10,8,9,9,9,10,10,9,9,9,10,10,9,8,9,9,10,10,10,10,10,10,10,10,9,10,10,9,10,10,10,8,9,9,9,9,10,8,9,9,10,10,10,6,5,3,4,4,5,5,8,4,6,4
gc,svn,encog-cs,/trunk/encog-core/encog-core-cs/Bot/BotUtil.cs,clean,cs,IssueTrue,38765,562,393,3,7,7,7,5,3,9,9,8,9,8,9,9,8,8,7,9,9,9,9,9,8,8,9,9,7,7,7,3,6,6,7,7,6,7,8,6,10,10,10,10,10,10,10,9,9,10,10,8,10,10,7,10,9,5,7,7,5,7,8,7,9,7
gc,svn,encog-cs,/trunk/encog-core/encog-core-cs/Bot/Browse/Address.cs,clean,cs,IssueTrue,38765,562,393,3,5,7,4,6,5,4,7,6,8,8,9,9,8,8,7,9,9,9,4,4,6,8,9,9,9,9,9,6,8,8,6,7,6,7,8,6,10,10,10,8,9,9,9,7,7,7,7,7,8,8,6,6,9,5,6,6,5,5,8,4,6,4
gc,svn,encog-cs,/trunk/encog-core/encog-core-cs/Bot/Browse/Browser.cs,buggy,cs,IssueTrue,38765,562,393,3,8,7,8,7,1,10,9,9,10,8,9,9,9,9,8,9,9,9,10,10,9,8,9,9,8,8,8,8,10,10,8,8,7,9,9,8,10,10,10,8,9,9,10,10,9,8,9,8,10,10,8,8,8,7,8,8,6,7,8,5,7,5
gc,svn,encog-cs,/trunk/encog-core/encog-core-cs/Bot/Browse/Extract/BasicExtract.cs,clean,cs,IssueTrue,38765,562,393,3,4,7,4,6,7,4,7,6,8,8,9,9,8,8,8,9,9,9,7,7,8,8,9,9,8,8,8,8,9,9,7,8,7,8,9,7,10,10,10,8,9,9,8,7,7,8,7,7,7,9,6,6,8,9,9,8,5,5,8,4,6,4
gc,svn,encog-cs,/trunk/encog-core/encog-core-cs/Bot/Browse/Extract/IExtract.cs,clean,cs,IssueTrue,38765,562,393,3,2,7,2,2,10,2,1,1,4,5,5,5,5,6,5,10,10,10,5,6,7,5,5,5,7,7,7,2,5,5,2,3,3,3,4,3,10,10,10,8,9,9,2,2,2,3,5,3,4,5,2,6,8,9,9,8,5,5,8,4,6,4
gc,svn,encog-cs,/trunk/encog-core/encog-core-cs/Bot/Browse/Extract/IExtractListener.cs,clean,cs,IssueTrue,38765,562,393,3,1,5,2,2,10,2,1,1,4,5,5,5,5,6,5,10,10,10,3,3,6,5,5,5,7,7,7,2,5,5,2,3,3,3,4,3,10,10,10,8,9,9,2,2,2,3,5,3,4,5,2,6,8,9,9,8,5,5,8,4,6,4
gc,svn,encog-cs,/trunk/encog-core/encog-core-cs/Bot/Browse/Extract/ListExtractListener.cs,clean,cs,IssueTrue,38765,562,393,3,2,5,2,4,9,2,1,1,4,5,5,5,5,6,5,9,9,9,2,2,6,5,5,5,7,7,7,2,5,5,2,3,3,3,4,3,10,10,10,8,9,9,2,2,2,3,5,3,4,5,2,6,8,9,9,8,5,5,8,4,6,4
gc,svn,encog-cs,/trunk/encog-core/encog-core-cs/Bot/Browse/LoadWebPage.cs,clean,cs,IssueTrue,38765,562,393,3,10,9,10,9,1,10,10,10,10,8,9,9,10,10,10,9,9,9,10,10,9,8,9,9,10,10,10,10,10,10,10,10,9,7,8,6,10,10,10,10,10,10,10,10,10,10,10,10,10,10,10,8,8,6,7,7,6,7,8,2,6,4
gc,svn,encog-cs,/trunk/encog-core/encog-core-cs/Bot/Browse/Range/Form.cs,clean,cs,IssueTrue,38765,562,393,3,6,7,6,7,3,10,8,7,9,9,10,10,9,9,9,9,9,9,7,7,8,9,10,10,9,9,9,6,8,8,6,7,6,7,8,6,10,10,10,8,9,9,10,9,9,8,7,7,8,9,7,6,8,4,5,5,5,5,8,6,7,5
gc,svn,encog-cs,/trunk/encog-core/encog-core-cs/Bot/Browse/Range/FormElement.cs,clean,cs,IssueTrue,38765,562,393,3,5,7,4,7,5,2,1,1,4,5,5,5,5,6,5,9,9,9,2,2,6,5,5,5,7,7,7,2,5,5,2,3,3,3,4,3,10,10,10,8,9,9,2,2,2,3,5,3,4,5,2,6,8,3,4,4,5,5,8,6,7,5
gc,svn,encog-cs,/trunk/encog-core/encog-core-cs/Bot/Browse/Range/Input.cs,clean,cs,IssueTrue,38765,562,393,3,4,6,4,6,5,2,1,1,4,5,5,5,5,6,5,9,9,9,2,2,6,5,5,5,7,7,7,2,5,5,2,3,3,3,4,3,10,10,10,8,9,9,2,2,2,3,5,3,4,5,2,6,8,3,4,4,5,5,8,6,7,5
gc,svn,encog-cs,/trunk/encog-core/encog-core-cs/Bot/RSS/RSS.cs,clean,cs,IssueTrue,38765,562,393,3,7,7,7,7,3,9,9,8,9,8,9,9,8,8,8,9,9,9,9,9,8,8,9,9,9,9,9,7,9,9,7,8,7,7,8,6,10,10,10,10,10,10,10,9,9,7,8,7,9,9,7,6,8,3,4,4,5,5,8,6,7,5
gc,svn,encog-cs,/trunk/encog-core/encog-core-cs/Bot/RSS/RSSItem.cs,clean,cs,IssueTrue,38765,562,393,3,7,7,7,8,2,10,8,7,9,8,9,9,8,7,6,9,9,9,6,6,7,8,9,9,10,10,10,5,7,7,4,6,5,6,7,5,10,10,10,8,9,9,10,10,9,6,7,7,7,9,7,6,8,3,4,4,9,9,9,6,7,5
gc,svn,encog-cs,/trunk/encog-core/encog-core-cs/Encog.cs,buggy,cs,IssueTrue,38765,562,393,3,4,7,4,5,8,2,2,2,6,8,9,9,8,7,5,9,9,9,6,6,7,8,9,9,8,8,8,3,6,6,3,4,4,3,4,3,10,10,10,10,10,10,9,7,6,8,8,6,7,7,4,6,8,6,6,6,5,5,8,4,6,4
gc,svn,encog-cs,/trunk/encog-core/encog-core-cs/ICloneable.cs,clean,cs,IssueTrue,38765,562,393,3,1,3,1,2,1,2,1,1,4,5,5,5,5,6,5,9,9,9,2,2,6,5,5,5,7,7,7,2,5,5,2,3,3,3,4,3,10,10,10,8,9,9,2,2,2,3,5,3,4,5,2,6,8,3,4,4,5,5,8,4,6,4
gc,svn,encog-cs,/trunk/encog-core/encog-core-cs/IStatusReportable.cs,clean,cs,IssueTrue,38765,562,393,3,1,5,2,2,10,2,1,1,4,5,5,5,5,6,5,9,9,9,2,2,6,5,5,5,7,7,7,2,5,5,2,3,3,3,4,3,10,10,10,8,9,9,2,2,2,3,5,3,4,5,2,6,8,9,9,8,5,5,8,4,6,4
gc,svn,encog-cs,/trunk/encog-core/encog-core-cs/Matrix/BiPolarUtil.cs,clean,cs,IssueTrue,38765,562,393,3,7,8,7,8,4,4,8,8,9,8,9,9,9,9,10,9,9,9,5,6,7,8,9,9,7,7,7,2,5,5,9,9,9,10,10,9,10,10,10,8,9,9,8,7,8,8,7,8,7,7,7,8,9,4,5,6,5,5,8,9,10,8
gc,svn,encog-cs,/trunk/encog-core/encog-core-cs/Matrix/Matrix.cs,buggy,cs,IssueTrue,38765,562,393,3,10,9,10,10,2,6,10,10,10,8,9,9,10,10,10,9,9,9,9,8,8,8,9,9,8,8,8,10,10,10,10,10,10,10,10,10,10,10,10,10,10,10,9,8,10,10,10,10,9,9,10,10,9,6,8,9,9,10,10,9,10,10
gc,svn,encog-cs,/trunk/encog-core/encog-core-cs/Matrix/MatrixMath.cs,clean,cs,IssueTrue,38765,562,393,3,9,9,10,9,1,6,10,9,10,8,9,9,9,10,10,9,9,9,6,6,7,8,9,9,7,7,7,3,6,6,10,10,9,10,10,9,10,10,10,10,10,10,10,8,10,8,9,9,10,9,10,10,9,7,8,8,9,9,10,10,10,10
gc,svn,encog-cs,/trunk/encog-core/encog-core-cs/Neural/Activation/ActivationBiPolar.cs,clean,cs,IssueTrue,38765,562,393,3,4,7,4,6,6,7,7,6,8,9,10,10,9,9,9,9,9,9,8,8,8,9,10,10,7,7,7,7,9,9,7,7,6,8,8,7,10,10,10,8,9,9,9,8,7,5,7,5,5,6,4,6,8,4,5,5,5,5,8,2,2,2
gc,svn,encog-cs,/trunk/encog-core/encog-core-cs/Neural/Activation/ActivationGaussian.cs,buggy,cs,IssueTrue,38765,562,393,3,5,7,5,7,6,4,1,1,4,5,5,5,5,6,5,9,9,9,2,2,6,5,5,5,7,7,7,2,5,5,2,3,3,3,4,3,10,10,10,8,9,9,2,2,2,3,5,3,4,5,2,6,8,4,5,5,5,5,8,2,2,2
gc,svn,encog-cs,/trunk/encog-core/encog-core-cs/Neural/Activation/ActivationLOG.cs,buggy,cs,IssueTrue,38765,562,393,3,5,7,5,6,5,7,8,7,9,9,10,10,9,9,9,9,9,9,8,8,8,9,10,10,7,7,7,7,9,9,7,7,6,8,8,7,10,10,10,8,9,9,10,8,8,6,7,6,5,6,4,6,8,4,5,5,5,5,8,2,2,2
gc,svn,encog-cs,/trunk/encog-core/encog-core-cs/Neural/Activation/ActivationLinear.cs,clean,cs,IssueTrue,38765,562,393,3,4,7,3,6,8,2,6,5,8,9,10,10,9,9,9,9,9,9,7,7,8,9,10,10,7,7,7,7,9,9,7,7,6,8,8,7,10,10,10,8,9,9,8,6,6,5,6,5,5,6,4,6,8,4,5,5,5,5,8,2,2,2
gc,svn,encog-cs,/trunk/encog-core/encog-core-cs/Neural/Activation/ActivationSIN.cs,buggy,cs,IssueTrue,38765,562,393,3,4,7,4,6,6,4,1,1,4,5,5,5,5,6,5,9,9,9,2,2,6,5,5,5,7,7,7,2,5,5,2,3,3,3,4,3,10,10,10,8,9,9,2,2,2,3,5,3,4,5,2,6,8,4,5,5,5,5,8,2,2,2
gc,svn,encog-cs,/trunk/encog-core/encog-core-cs/Neural/Activation/ActivationSigmoid.cs,buggy,cs,IssueTrue,38765,562,393,3,4,7,4,6,7,4,7,6,8,9,10,10,9,9,9,9,9,9,8,8,8,9,10,10,7,7,7,7,9,9,7,7,6,8,8,7,10,10,10,8,9,9,9,7,7,6,7,6,5,6,4,6,8,4,5,5,5,5,8,2,2,2
gc,svn,encog-cs,/trunk/encog-core/encog-core-cs/Neural/Activation/ActivationSoftMax.cs,buggy,cs,IssueTrue,38765,562,393,3,4,7,5,6,6,4,7,6,8,9,10,10,9,9,9,9,9,9,9,8,8,9,10,10,7,7,7,7,9,9,7,7,6,8,8,7,10,10,10,8,9,9,9,8,7,3,6,4,5,6,4,6,8,4,5,5,5,5,8,2,2,2
gc,svn,encog-cs,/trunk/encog-core/encog-core-cs/Neural/Activation/ActivationTANH.cs,buggy,cs,IssueTrue,38765,562,393,3,4,7,4,7,7,4,8,7,8,9,10,10,9,9,10,9,9,9,8,8,8,9,10,10,7,7,7,8,9,9,7,8,7,8,8,7,10,10,10,10,10,10,9,7,8,7,7,6,5,6,5,10,9,4,6,7,5,5,8,2,6,5
gc,svn,encog-cs,/trunk/encog-core/encog-core-cs/Neural/Activation/BasicActivationFunction.cs,clean,cs,IssueTrue,38765,562,393,3,4,7,4,7,7,2,1,1,4,5,5,5,5,6,5,9,9,9,2,2,6,5,5,5,7,7,7,2,5,5,2,3,3,3,4,3,10,10,10,8,9,9,2,2,2,3,5,3,4,5,2,6,8,4,5,5,5,5,8,2,2,2
gc,svn,encog-cs,/trunk/encog-core/encog-core-cs/Neural/Data/Basic/BasicNeuralData.cs,clean,cs,IssueTrue,38765,562,393,3,6,7,6,8,3,7,1,1,4,5,5,5,5,6,5,9,9,9,2,2,6,5,5,5,7,7,7,2,5,5,2,3,3,3,4,3,10,10,10,8,9,9,2,2,2,3,5,3,4,5,2,6,8,4,5,5,5,5,8,2,2,2
gc,svn,encog-cs,/trunk/encog-core/encog-core-cs/Neural/Data/Basic/BasicNeuralDataPair.cs,clean,cs,IssueTrue,38765,562,393,3,6,7,6,7,5,4,1,1,4,5,5,5,5,6,5,9,9,9,2,2,6,5,5,5,7,7,7,2,5,5,2,3,3,3,4,3,10,10,10,8,9,9,2,2,2,3,5,3,4,5,2,6,8,4,5,5,5,5,8,2,2,2
gc,svn,encog-cs,/trunk/encog-core/encog-core-cs/Neural/Data/Basic/BasicNeuralDataSet.cs,clean,cs,IssueTrue,38765,562,393,3,9,9,9,10,2,9,1,1,4,5,5,5,5,6,5,9,9,9,2,2,6,5,5,5,7,7,7,2,5,5,2,3,3,3,4,3,10,10,10,8,9,9,2,2,2,3,5,3,4,5,2,8,8,9,10,9,5,5,8,5,7,5
gc,svn,encog-cs,/trunk/encog-core/encog-core-cs/Neural/Data/Bipolar/BiPolarNeuralData.cs,clean,cs,IssueTrue,38765,562,393,3,6,7,5,8,5,4,1,1,4,5,5,5,5,6,5,9,9,9,2,2,6,5,5,5,7,7,7,2,5,5,2,3,3,3,4,3,10,10,10,8,9,9,2,2,2,3,5,3,4,5,2,8,8,6,7,7,5,5,8,2,2,2
gc,svn,encog-cs,/trunk/encog-core/encog-core-cs/Neural/Data/Buffer/BufferedNeuralDataSet.cs,buggy,cs,IssueTrue,38765,562,393,3,9,10,9,10,2,7,1,1,4,5,5,5,5,6,5,9,9,9,2,2,6,5,5,5,7,7,7,2,5,5,2,3,3,3,4,3,10,10,10,8,9,9,2,2,2,3,5,3,4,5,2,6,5,8,7,7,9,8,9,10,10,8
gc,svn,encog-cs,/trunk/encog-core/encog-core-cs/Neural/Data/CSV/CSVNeuralDataSet.cs,buggy,cs,IssueTrue,38765,562,393,3,8,9,8,9,4,2,7,7,9,8,9,10,9,9,10,9,9,9,9,8,9,8,9,10,10,10,10,8,10,10,8,9,9,8,9,9,10,10,10,9,10,10,9,9,10,6,10,9,6,9,9,6,8,4,5,5,5,5,8,10,10,8
gc,svn,encog-cs,/trunk/encog-core/encog-core-cs/Neural/Data/Image/ImageNeuralData.cs,buggy,cs,IssueTrue,38765,562,393,3,4,7,4,5,7,4,5,4,7,9,10,10,9,9,8,9,9,9,6,6,7,9,10,10,8,8,8,5,7,7,4,6,5,6,7,5,10,10,10,8,9,9,9,7,6,9,10,7,7,7,5,6,8,3,4,4,5,5,8,6,7,5
gc,svn,encog-cs,/trunk/encog-core/encog-core-cs/Neural/Data/Image/ImageNeuralDataSet.cs,buggy,cs,IssueTrue,38765,562,393,3,6,8,6,7,4,7,1,1,4,5,5,5,5,6,5,9,9,9,2,2,6,5,5,5,7,7,7,2,5,5,2,3,3,3,4,3,10,10,10,8,9,9,2,2,2,3,5,3,4,5,2,6,8,4,5,5,5,5,8,4,6,4
gc,svn,encog-cs,/trunk/encog-core/encog-core-cs/Neural/Data/Market/Loader/YahooFinanceLoader.cs,buggy,cs,IssueTrue,38765,562,393,3,6,6,7,4,2,7,5,4,7,8,9,9,8,7,6,9,9,9,10,10,9,8,9,9,7,7,7,5,7,7,4,6,5,4,6,4,10,10,10,10,10,10,10,7,5,10,9,7,10,10,7,10,5,4,5,6,5,7,8,4,7,5
gc,svn,encog-cs,/trunk/encog-core/encog-core-cs/Neural/Data/TextData.cs,clean,cs,IssueTrue,38765,562,393,3,5,7,5,7,4,2,4,3,6,8,9,9,8,7,6,9,9,9,5,6,7,8,9,9,9,9,9,5,7,7,4,6,5,6,7,5,10,10,10,8,9,9,8,6,8,7,7,7,7,9,7,10,9,7,9,9,5,7,8,4,7,5
gc,svn,encog-cs,/trunk/encog-core/encog-core-cs/Neural/Data/XML/PropertyData.cs,clean,cs,IssueTrue,38765,562,393,3,7,8,7,9,4,4,8,7,9,8,9,9,9,9,9,9,9,9,10,9,9,8,9,9,9,9,9,9,10,10,8,9,8,9,9,8,10,10,10,8,9,9,9,7,9,7,7,9,6,8,8,8,9,8,9,8,5,5,8,4,6,5
gc,svn,encog-cs,/trunk/encog-core/encog-core-cs/Neural/Data/XML/XMLNeuralDataSet.cs,clean,cs,IssueTrue,38765,562,393,3,10,10,9,10,2,9,1,1,4,5,5,5,5,6,5,9,9,9,2,2,6,5,5,5,7,7,7,2,5,5,2,3,3,3,4,3,10,10,10,8,9,9,2,2,2,3,5,3,4,5,2,6,8,7,7,7,5,5,8,7,8,5
gc,svn,encog-cs,/trunk/encog-core/encog-core-cs/Neural/Networks/BasicNetwork.cs,buggy,cs,IssueTrue,38765,562,393,3,10,10,9,10,4,10,10,10,10,8,9,9,10,10,10,9,9,9,10,10,9,8,9,9,10,10,10,10,10,10,10,10,10,10,10,10,10,10,10,10,10,10,9,9,10,10,10,10,6,8,10,10,10,10,10,10,10,10,10,10,10,10
gc,svn,encog-cs,/trunk/encog-core/encog-core-cs/Neural/Networks/INetwork.cs,clean,cs,IssueTrue,38765,562,393,3,4,9,4,2,10,2,1,1,4,9,10,10,5,6,5,10,10,10,9,8,8,9,10,10,7,7,7,2,5,5,2,3,3,3,4,3,10,10,10,8,9,9,2,2,2,3,5,3,4,5,2,6,8,3,4,4,10,10,10,2,2,2
gc,svn,encog-cs,/trunk/encog-core/encog-core-cs/Neural/Networks/Layers/BasicLayer.cs,buggy,cs,IssueTrue,38765,562,393,3,9,9,9,10,2,7,10,10,10,8,9,9,9,10,10,10,10,10,10,10,9,8,9,9,10,10,10,10,10,10,10,10,9,10,10,9,10,10,10,8,9,9,9,10,10,9,10,10,7,9,10,10,9,5,7,7,5,7,8,6,9,8
gc,svn,encog-cs,/trunk/encog-core/encog-core-cs/Neural/Networks/Layers/ContextLayer.cs,clean,cs,IssueTrue,38765,562,393,3,5,8,5,7,6,4,1,1,4,5,5,5,5,6,5,9,9,9,2,2,6,5,5,5,7,7,7,2,5,5,2,3,3,3,4,3,10,10,10,8,9,9,2,2,2,3,5,3,4,5,2,10,9,6,8,8,7,8,9,7,9,8
gc,svn,encog-cs,/trunk/encog-core/encog-core-cs/Neural/Networks/Layers/RadialBasisFunctionLayer.cs,buggy,cs,IssueTrue,38765,562,393,3,7,8,7,7,4,7,1,1,4,5,5,5,5,6,5,9,9,9,2,2,6,5,5,5,7,7,7,2,5,5,2,3,3,3,4,3,10,10,10,8,9,9,2,2,2,3,5,3,4,5,2,10,10,5,7,7,6,7,9,5,9,7
gc,svn,encog-cs,/trunk/encog-core/encog-core-cs/Neural/Networks/Logic/ART1Logic.cs,clean,cs,IssueTrue,38765,562,393,3,9,9,10,10,1,9,1,1,4,5,5,5,5,6,5,9,9,9,2,2,6,5,5,5,7,7,7,2,5,5,2,3,3,3,4,3,10,10,10,8,9,9,2,2,2,3,5,3,4,5,2,10,9,7,9,9,5,5,8,2,7,5
gc,svn,encog-cs,/trunk/encog-core/encog-core-cs/Neural/Networks/Logic/ARTLogic.cs,clean,cs,IssueTrue,38765,562,393,3,3,7,4,4,9,2,1,1,4,5,5,5,5,6,5,9,9,9,2,2,6,5,5,5,7,7,7,2,5,5,2,3,3,3,4,3,10,10,10,8,9,9,2,2,2,3,5,3,4,5,2,10,9,7,9,8,5,5,8,2,6,4
gc,svn,encog-cs,/trunk/encog-core/encog-core-cs/Neural/Networks/Logic/BAMLogic.cs,clean,cs,IssueTrue,38765,562,393,3,8,8,8,8,3,9,1,1,4,5,5,5,5,6,5,9,9,9,2,2,6,5,5,5,7,7,7,2,5,5,2,3,3,3,4,3,10,10,10,8,9,9,2,2,2,3,5,3,4,5,2,10,9,7,9,9,5,7,8,2,6,5
gc,svn,encog-cs,/trunk/encog-core/encog-core-cs/Neural/Networks/Logic/BoltzmannLogic.cs,buggy,cs,IssueTrue,38765,562,393,3,7,8,8,7,3,7,1,1,4,5,5,5,5,6,5,9,9,9,2,2,6,5,5,5,7,7,7,2,5,5,2,3,3,3,4,3,10,10,10,8,9,9,2,2,2,3,5,3,4,5,2,10,9,8,9,9,5,5,8,2,7,5
gc,svn,encog-cs,/trunk/encog-core/encog-core-cs/Neural/Networks/Logic/FeedforwardLogic.cs,clean,cs,IssueTrue,38765,562,393,3,6,8,5,6,5,9,1,1,4,5,5,5,5,6,5,9,9,9,2,2,6,5,5,5,7,7,7,2,5,5,2,3,3,3,4,3,10,10,10,8,9,9,2,2,2,3,5,3,4,5,2,10,8,7,9,9,5,7,8,8,9,8
gc,svn,encog-cs,/trunk/encog-core/encog-core-cs/Neural/Networks/Logic/HopfieldLogic.cs,clean,cs,IssueTrue,38765,562,393,3,5,7,6,5,4,9,9,8,9,10,10,10,9,10,10,9,9,9,8,8,8,10,10,10,7,7,7,7,9,9,7,7,6,7,8,6,10,10,10,10,10,10,10,9,8,7,7,6,10,9,7,10,9,7,9,8,5,5,8,2,6,4
gc,svn,encog-cs,/trunk/encog-core/encog-core-cs/Neural/Networks/Logic/INeuralLogic.cs,clean,cs,IssueTrue,38765,562,393,3,2,5,2,2,10,2,1,1,4,5,5,5,5,6,5,9,9,9,2,2,6,5,5,5,7,7,7,2,5,5,2,3,3,3,4,3,10,10,10,8,9,9,2,2,2,3,5,3,4,5,2,6,8,9,9,8,5,5,8,4,6,4
gc,svn,encog-cs,/trunk/encog-core/encog-core-cs/Neural/Networks/Logic/SimpleRecurrentLogic.cs,clean,cs,IssueTrue,38765,562,393,3,4,5,3,3,5,10,1,1,4,5,5,5,5,6,5,9,9,9,2,2,6,5,5,5,7,7,7,2,5,5,2,3,3,3,4,3,10,10,10,8,9,9,2,2,2,3,5,3,4,5,2,10,9,7,9,9,5,7,8,6,9,8
gc,svn,encog-cs,/trunk/encog-core/encog-core-cs/Neural/Networks/Logic/ThermalLogic.cs,clean,cs,IssueTrue,38765,562,393,3,6,7,6,7,4,9,7,6,8,10,10,10,9,9,9,10,10,10,8,7,8,10,10,10,9,9,9,6,8,8,6,7,6,7,8,6,10,10,10,8,9,9,10,9,9,8,8,8,8,10,7,10,9,7,9,9,9,10,10,2,6,4
gc,svn,encog-cs,/trunk/encog-core/encog-core-cs/Neural/Networks/NeuralDataMapping.cs,clean,cs,IssueTrue,38765,562,393,3,5,7,5,7,5,4,7,6,8,8,9,9,8,8,7,9,9,9,5,5,7,8,9,9,9,9,9,5,7,7,6,7,6,7,8,6,10,10,10,8,9,9,9,8,8,7,7,7,8,8,7,6,8,9,9,8,5,5,8,4,6,4
gc,svn,encog-cs,/trunk/encog-core/encog-core-cs/Neural/Networks/NeuralOutputHolder.cs,clean,cs,IssueTrue,38765,562,393,3,4,6,4,5,6,2,2,2,6,8,9,9,8,7,5,9,9,9,5,6,7,8,9,9,9,9,9,3,6,6,3,4,4,4,6,4,10,10,10,8,9,9,8,6,6,7,7,6,6,6,4,6,8,5,6,6,5,5,8,2,2,2
gc,svn,encog-cs,/trunk/encog-core/encog-core-cs/Neural/Networks/Pattern/ADALINEPattern.cs,buggy,cs,IssueTrue,38765,562,393,3,5,6,6,8,4,2,5,4,7,8,9,9,8,8,7,9,9,9,9,8,8,8,9,9,7,7,7,6,8,8,6,7,6,7,8,6,10,10,10,8,9,9,8,6,8,4,7,5,8,10,7,10,8,8,9,9,10,10,10,7,9,7
gc,svn,encog-cs,/trunk/encog-core/encog-core-cs/Neural/Networks/Pattern/ART1Pattern.cs,clean,cs,IssueTrue,38765,562,393,3,6,8,8,10,5,2,6,5,8,8,9,9,8,8,7,9,9,9,10,10,9,8,9,9,7,7,7,7,9,9,7,7,6,8,8,7,10,10,10,8,9,9,8,6,10,5,10,8,7,10,9,10,8,9,9,9,10,10,10,9,10,9
gc,svn,encog-cs,/trunk/encog-core/encog-core-cs/Neural/Networks/Pattern/BAMPattern.cs,clean,cs,IssueTrue,38765,562,393,3,7,7,7,9,3,2,1,1,4,5,5,5,5,6,5,9,9,9,2,2,6,5,5,5,7,7,7,2,5,5,2,3,3,3,4,3,10,10,10,8,9,9,2,2,2,3,5,3,4,5,2,10,8,8,9,9,10,10,10,7,9,7
gc,svn,encog-cs,/trunk/encog-core/encog-core-cs/Neural/Networks/Pattern/BoltzmannPattern.cs,clean,cs,IssueTrue,38765,562,393,3,7,8,7,9,2,2,1,1,4,5,5,5,5,6,5,9,9,9,2,2,6,5,5,5,7,7,7,2,5,5,2,3,3,3,4,3,10,10,10,8,9,9,2,2,2,3,5,3,4,5,2,8,8,9,9,9,6,7,8,4,6,5
gc,svn,encog-cs,/trunk/encog-core/encog-core-cs/Neural/Networks/Pattern/CPNPattern.cs,clean,cs,IssueTrue,38765,562,393,3,7,8,7,9,2,2,5,4,7,8,9,9,8,8,7,9,9,9,9,9,8,8,9,9,9,9,9,6,8,8,6,7,6,7,8,6,10,10,10,8,9,9,8,6,9,6,10,8,8,10,8,10,9,8,9,9,5,7,8,5,8,7
gc,svn,encog-cs,/trunk/encog-core/encog-core-cs/Neural/Networks/Pattern/ElmanPattern.cs,clean,cs,IssueTrue,38765,562,393,3,7,8,7,8,3,4,7,6,8,8,9,9,8,8,7,9,9,9,9,8,8,8,9,9,10,10,10,7,9,9,7,7,6,8,8,7,10,10,10,8,9,9,9,7,8,7,9,7,8,10,8,6,8,7,7,7,7,7,8,7,8,5
gc,svn,encog-cs,/trunk/encog-core/encog-core-cs/Neural/Networks/Pattern/HopfieldPattern.cs,clean,cs,IssueTrue,38765,562,393,3,6,7,6,8,4,2,1,1,4,5,5,5,5,6,5,9,9,9,2,2,6,5,5,5,7,7,7,2,5,5,2,3,3,3,4,3,10,10,10,8,9,9,2,2,2,3,5,3,4,5,2,8,8,6,7,7,6,7,8,6,7,6
gc,svn,encog-cs,/trunk/encog-core/encog-core-cs/Neural/Networks/Pattern/JordanPattern.cs,clean,cs,IssueTrue,38765,562,393,3,7,8,7,8,3,4,7,6,8,8,9,9,8,8,7,9,9,9,9,8,8,8,9,9,10,10,10,7,9,9,7,7,6,8,8,7,10,10,10,8,9,9,9,7,8,7,9,7,8,10,8,6,8,6,7,6,7,7,8,4,6,4
gc,svn,encog-cs,/trunk/encog-core/encog-core-cs/Neural/Networks/Pattern/RSOMPattern.cs,clean,cs,IssueTrue,38765,562,393,3,6,7,7,8,3,2,1,1,4,5,5,5,5,6,5,9,9,9,2,2,6,5,5,5,7,7,7,2,5,5,2,3,3,3,4,3,10,10,10,8,9,9,2,2,2,3,5,3,4,5,2,6,8,7,7,7,7,7,8,4,6,4
gc,svn,encog-cs,/trunk/encog-core/encog-core-cs/Neural/Networks/Pattern/RadialBasisPattern.cs,clean,cs,IssueTrue,38765,562,393,3,7,7,7,8,3,4,1,1,4,5,5,5,5,6,5,9,9,9,2,2,6,5,5,5,7,7,7,2,5,5,2,3,3,3,4,3,10,10,10,8,9,9,2,2,2,3,5,3,4,5,2,6,8,7,7,7,5,5,8,4,6,4
gc,svn,encog-cs,/trunk/encog-core/encog-core-cs/Neural/Networks/Pattern/SOMPattern.cs,clean,cs,IssueTrue,38765,562,393,3,6,7,6,8,3,2,1,1,4,5,5,5,5,6,5,9,9,9,2,2,6,5,5,5,7,7,7,2,5,5,2,3,3,3,4,3,10,10,10,8,9,9,2,2,2,3,5,3,4,5,2,6,8,7,7,7,7,7,8,6,7,5
gc,svn,encog-cs,/trunk/encog-core/encog-core-cs/Neural/Networks/Prune/PruneIncremental.cs,buggy,cs,IssueTrue,38765,562,393,3,9,9,9,9,3,7,1,1,4,5,5,5,5,6,5,9,9,9,2,2,6,5,5,5,7,7,7,2,5,5,2,3,3,3,4,3,10,10,10,8,9,9,2,2,2,3,5,3,4,5,2,10,8,6,7,8,5,7,8,8,9,8
gc,svn,encog-cs,/trunk/encog-core/encog-core-cs/Neural/Networks/Prune/PruneSelective.cs,buggy,cs,IssueTrue,38765,562,393,3,9,8,9,7,1,9,10,10,10,8,9,9,9,9,8,9,9,9,10,9,9,8,9,9,8,8,8,8,10,10,8,8,7,8,8,7,10,10,10,10,10,10,10,10,10,10,9,8,10,9,8,10,9,9,10,10,9,10,10,10,10,10
gc,svn,encog-cs,/trunk/encog-core/encog-core-cs/Neural/Networks/Synapse/BasicSynapse.cs,clean,cs,IssueTrue,38765,562,393,3,7,8,7,9,4,2,1,1,4,5,5,5,5,6,5,9,9,9,2,2,6,5,5,5,7,7,7,2,5,5,2,3,3,3,4,3,10,10,10,8,9,9,2,2,2,3,5,3,4,5,2,8,8,5,7,7,6,7,8,2,2,2
gc,svn,encog-cs,/trunk/encog-core/encog-core-cs/Neural/Networks/Synapse/DirectSynapse.cs,clean,cs,IssueTrue,38765,562,393,3,6,7,5,8,4,2,1,1,4,5,5,5,5,6,5,9,9,9,2,2,6,5,5,5,7,7,7,2,5,5,2,3,3,3,4,3,10,10,10,8,9,9,2,2,2,3,5,3,4,5,2,6,8,4,5,5,5,5,8,2,2,2
gc,svn,encog-cs,/trunk/encog-core/encog-core-cs/Neural/Networks/Synapse/OneToOneSynapse.cs,clean,cs,IssueTrue,38765,562,393,3,6,7,5,8,4,4,1,1,4,5,5,5,5,6,5,9,9,9,2,2,6,5,5,5,7,7,7,2,5,5,2,3,3,3,4,3,10,10,10,8,9,9,2,2,2,3,5,3,4,5,2,8,8,4,6,6,6,7,8,6,9,6
gc,svn,encog-cs,/trunk/encog-core/encog-core-cs/Neural/Networks/Synapse/WeightedSynapse.cs,clean,cs,IssueTrue,38765,562,393,3,7,8,7,8,3,7,1,1,4,5,5,5,5,6,5,9,9,9,2,2,6,5,5,5,7,7,7,2,5,5,2,3,3,3,4,3,10,10,10,8,9,9,2,2,2,3,5,3,4,5,2,10,8,5,7,7,5,5,8,8,10,8
gc,svn,encog-cs,/trunk/encog-core/encog-core-cs/Neural/Networks/Synapse/WeightlessSynapse.cs,clean,cs,IssueTrue,38765,562,393,3,6,7,6,8,4,4,1,1,4,5,5,5,5,6,5,9,9,9,2,2,6,5,5,5,7,7,7,2,5,5,2,3,3,3,4,3,10,10,10,8,9,9,2,2,2,3,5,3,4,5,2,6,8,5,6,6,7,7,8,7,8,5
gc,svn,encog-cs,/trunk/encog-core/encog-core-cs/Neural/Networks/Training/Anneal/NeuralSimulatedAnnealing.cs,buggy,cs,IssueTrue,38765,562,393,3,6,8,6,7,6,4,8,7,8,9,10,10,9,10,10,9,9,9,8,8,8,9,10,10,9,9,9,9,10,10,8,9,8,9,9,8,10,10,10,8,9,9,8,7,8,8,9,8,9,9,8,8,8,10,10,10,10,10,10,10,10,9
gc,svn,encog-cs,/trunk/encog-core/encog-core-cs/Neural/Networks/Training/CPN/FindCPN.cs,clean,cs,IssueTrue,38765,562,393,3,7,8,7,7,3,7,8,7,8,8,9,9,8,7,6,9,9,9,9,8,8,8,9,9,10,10,10,5,7,7,4,6,5,6,7,5,10,10,10,8,9,9,10,9,9,9,10,8,7,10,7,6,5,8,7,7,7,7,8,4,6,4
gc,svn,encog-cs,/trunk/encog-core/encog-core-cs/Neural/Networks/Training/CPN/TrainInstar.cs,buggy,cs,IssueTrue,38765,562,393,3,7,8,7,7,3,7,9,8,9,9,10,10,9,9,9,9,9,9,9,9,8,9,10,10,10,10,10,6,8,8,6,7,6,6,7,5,10,10,10,10,10,10,10,10,9,8,9,7,9,9,7,6,8,9,9,8,7,7,8,7,8,5
gc,svn,encog-cs,/trunk/encog-core/encog-core-cs/Neural/Networks/Training/CPN/TrainOutstar.cs,buggy,cs,IssueTrue,38765,562,393,3,6,7,6,7,4,7,1,1,4,5,5,5,5,6,5,9,9,9,2,2,6,5,5,5,7,7,7,2,5,5,2,3,3,3,4,3,10,10,10,8,9,9,2,2,2,3,5,3,4,5,2,6,8,7,7,7,5,5,8,2,2,2
gc,svn,encog-cs,/trunk/encog-core/encog-core-cs/Neural/Networks/Training/Competitive/CompetitiveTraining.cs,buggy,cs,IssueTrue,38765,562,393,3,9,10,9,9,4,10,1,1,4,5,5,5,5,6,5,9,9,9,2,2,6,5,5,5,7,7,7,2,5,5,2,3,3,3,4,3,10,10,10,8,9,9,2,2,2,3,5,3,4,5,2,8,8,4,6,6,6,7,8,7,8,7
gc,svn,encog-cs,/trunk/encog-core/encog-core-cs/Neural/Networks/Training/Genetic/NeuralGeneticAlgorithm.cs,buggy,cs,IssueTrue,38765,562,393,3,5,7,5,7,5,2,2,3,6,9,10,10,8,9,10,9,9,9,5,6,8,9,10,10,7,8,8,3,7,7,3,6,5,4,7,5,10,10,10,8,9,9,8,6,7,5,6,5,9,9,7,6,8,6,6,6,5,5,8,6,7,5
gc,svn,encog-cs,/trunk/encog-core/encog-core-cs/Neural/Networks/Training/Hopfield/TrainHopfield.cs,clean,cs,IssueTrue,38765,562,393,3,6,8,6,7,5,9,9,8,9,9,10,10,9,9,10,9,9,9,9,8,8,9,10,10,8,8,8,8,9,9,7,8,7,7,8,6,10,10,10,10,10,10,10,9,9,8,8,7,9,9,7,8,9,5,7,6,6,7,8,5,7,5
gc,svn,encog-cs,/trunk/encog-core/encog-core-cs/Neural/Networks/Training/Propagation/Back/Backpropagation.cs,clean,cs,IssueTrue,38765,562,393,3,5,8,4,7,8,2,4,3,6,10,10,10,9,9,9,9,9,9,7,7,8,10,10,10,9,9,9,5,7,7,4,6,5,6,7,5,10,10,10,8,9,9,8,6,7,8,9,7,7,7,6,8,8,3,4,4,6,7,8,7,9,7
gc,svn,encog-cs,/trunk/encog-core/encog-core-cs/Neural/Networks/Training/Propagation/Manhattan/ManhattanPropagation.cs,clean,cs,IssueTrue,38765,562,393,3,5,8,4,7,7,2,4,3,6,10,10,10,9,9,9,9,9,9,6,6,7,10,10,10,9,9,9,5,7,7,4,6,5,6,7,5,10,10,10,8,9,9,8,6,7,9,9,8,6,7,6,8,8,4,6,6,6,7,8,2,6,4
gc,svn,encog-cs,/trunk/encog-core/encog-core-cs/Neural/Networks/Training/Propagation/Multi/MPROPWorker.cs,clean,cs,IssueTrue,38765,562,393,3,7,8,7,7,5,3,3,3,6,8,9,9,8,7,6,9,9,9,9,9,8,8,9,9,10,10,10,5,7,7,4,6,5,6,7,5,10,10,10,8,9,9,5,6,6,8,10,8,9,10,8,6,5,10,9,9,8,8,9,7,8,5
gc,svn,encog-cs,/trunk/encog-core/encog-core-cs/Neural/Networks/Training/Propagation/Propagation.cs,buggy,cs,IssueTrue,38765,562,393,3,5,7,5,5,6,7,7,6,8,9,10,10,9,9,8,10,10,10,8,8,8,9,10,10,9,9,9,5,7,7,4,6,5,6,7,5,10,10,10,8,9,9,10,9,7,8,9,6,10,10,6,10,8,8,9,9,10,10,10,8,10,9
gc,svn,encog-cs,/trunk/encog-core/encog-core-cs/Neural/Networks/Training/Propagation/Resilient/ResilientPropagation.cs,clean,cs,IssueTrue,38765,562,393,3,5,9,5,6,9,2,1,1,4,5,5,5,5,6,5,9,9,9,2,2,6,5,5,5,7,7,7,2,5,5,2,3,3,3,4,3,10,10,10,8,9,9,2,2,2,3,5,3,4,5,2,8,8,3,5,5,10,10,10,4,6,5
gc,svn,encog-cs,/trunk/encog-core/encog-core-cs/Neural/Networks/Training/Strategy/Greedy.cs,clean,cs,IssueTrue,38765,562,393,3,4,7,4,5,6,7,7,6,8,8,9,9,8,8,7,9,9,9,5,6,7,8,9,9,10,10,10,6,8,8,6,7,6,7,8,6,10,10,10,8,9,9,10,8,7,8,7,6,9,8,5,6,8,6,7,6,5,5,8,2,2,2
gc,svn,encog-cs,/trunk/encog-core/encog-core-cs/Neural/Networks/Training/Strategy/HybridStrategy.cs,clean,cs,IssueTrue,38765,562,393,3,6,8,6,6,7,10,1,1,4,5,5,5,5,6,5,9,9,9,2,2,6,5,5,5,7,7,7,2,5,5,2,3,3,3,4,3,10,10,10,8,9,9,2,2,2,3,5,3,4,5,2,6,8,7,7,7,5,5,8,4,6,4
gc,svn,encog-cs,/trunk/encog-core/encog-core-cs/Neural/Networks/Training/Strategy/ResetStrategy.cs,clean,cs,IssueTrue,38765,562,393,3,4,7,4,5,7,7,7,6,8,8,9,9,8,8,7,9,9,9,5,6,7,8,9,9,10,10,10,7,9,9,7,7,6,8,8,7,10,10,10,8,9,9,10,8,7,7,7,6,6,8,5,6,8,5,6,6,5,5,8,7,8,5
gc,svn,encog-cs,/trunk/encog-core/encog-core-cs/Neural/Networks/Training/Strategy/SmartLearningRate.cs,clean,cs,IssueTrue,38765,562,393,3,5,7,5,5,6,7,8,7,8,8,9,9,8,8,7,9,9,9,8,7,8,8,9,9,10,10,10,7,9,9,7,7,6,7,8,6,10,10,10,10,10,10,10,8,7,8,8,6,9,9,6,6,8,7,7,7,5,5,8,2,2,2
gc,svn,encog-cs,/trunk/encog-core/encog-core-cs/Neural/Networks/Training/Strategy/SmartMomentum.cs,clean,cs,IssueTrue,38765,562,393,3,6,8,6,5,6,10,1,1,4,5,5,5,5,6,5,9,9,9,2,2,6,5,5,5,7,7,7,2,5,5,2,3,3,3,4,3,10,10,10,8,9,9,2,2,2,3,5,3,4,5,2,6,8,7,7,7,5,5,8,4,6,4
gc,svn,encog-cs,/trunk/encog-core/encog-core-cs/Neural/Networks/Training/Strategy/StopTrainingStrategy.cs,clean,cs,IssueTrue,38765,562,393,3,6,8,5,7,6,9,8,7,9,8,9,9,9,9,8,9,9,9,6,6,7,8,9,9,10,10,10,8,10,10,8,8,7,9,9,8,10,10,10,8,9,9,10,9,8,7,9,7,8,8,6,6,8,5,6,6,5,5,8,2,2,2
gc,svn,encog-cs,/trunk/encog-core/encog-core-cs/Neural/Networks/Training/TrainingError.cs,clean,cs,IssueTrue,38765,562,393,3,2,5,2,4,9,2,4,3,6,10,10,10,9,9,10,9,9,9,3,3,6,10,10,10,7,7,7,5,7,7,4,6,5,6,7,5,10,10,10,8,9,9,8,6,4,7,7,5,5,6,3,6,8,9,9,8,5,5,8,4,6,4
gc,svn,encog-cs,/trunk/encog-core/encog-core-cs/Normalize/DataNormalization.cs,buggy,cs,IssueTrue,38765,562,393,3,10,10,10,10,2,10,10,10,10,8,9,9,10,10,10,9,9,9,10,10,10,8,9,9,10,10,10,10,10,10,10,10,10,10,10,9,10,10,10,10,10,10,10,10,10,8,10,10,9,10,10,8,5,9,9,9,5,5,8,5,7,5
gc,svn,encog-cs,/trunk/encog-core/encog-core-cs/Normalize/Input/BasicInputField.cs,buggy,cs,IssueTrue,38765,562,393,3,6,8,5,8,5,2,1,1,4,5,5,5,5,6,5,9,9,9,2,2,6,5,5,5,7,7,7,2,5,5,2,3,3,3,4,3,10,10,10,8,9,9,2,2,2,3,5,3,4,5,2,6,5,9,9,8,5,5,8,4,6,4
gc,svn,encog-cs,/trunk/encog-core/encog-core-cs/Normalize/Input/IHasFixedLength.cs,clean,cs,IssueTrue,38765,562,393,3,1,5,2,2,10,2,1,1,4,5,5,5,5,6,5,10,10,10,3,3,6,5,5,5,7,7,7,2,5,5,2,3,3,3,4,3,10,10,10,8,9,9,2,2,2,3,5,3,4,5,2,6,5,9,9,8,5,5,8,4,6,4
gc,svn,encog-cs,/trunk/encog-core/encog-core-cs/Normalize/Input/IInputField.cs,clean,cs,IssueTrue,38765,562,393,3,2,7,3,2,10,2,1,1,4,5,5,5,5,6,5,9,9,9,2,2,6,5,5,5,7,7,7,2,5,5,2,3,3,3,4,3,10,10,10,8,9,9,2,2,2,3,5,3,4,5,2,6,5,9,9,8,5,5,8,4,6,4
gc,svn,encog-cs,/trunk/encog-core/encog-core-cs/Normalize/Input/InputFieldArray1D.cs,clean,cs,IssueTrue,38765,562,393,3,3,6,3,5,8,2,4,3,6,9,10,10,8,8,7,9,9,9,5,6,7,9,10,10,8,8,8,5,7,7,4,6,5,6,7,5,10,10,10,8,9,9,8,6,5,8,7,6,7,7,4,6,5,9,9,8,5,5,8,4,6,4
gc,svn,encog-cs,/trunk/encog-core/encog-core-cs/Normalize/Input/InputFieldArray2D.cs,clean,cs,IssueTrue,38765,562,393,3,3,7,3,5,8,2,4,3,6,9,10,10,8,8,7,9,9,9,5,6,7,9,10,10,9,9,9,5,7,7,4,6,5,6,7,5,10,10,10,8,9,9,8,6,5,9,9,6,8,8,5,6,5,9,9,8,5,5,8,4,6,4
gc,svn,encog-cs,/trunk/encog-core/encog-core-cs/Normalize/Input/InputFieldCSV.cs,clean,cs,IssueTrue,38765,562,393,3,4,7,4,5,7,2,1,1,4,5,5,5,5,6,5,9,9,9,2,2,6,5,5,5,7,7,7,2,5,5,2,3,3,3,4,3,10,10,10,8,9,9,2,2,2,3,5,3,4,5,2,6,5,9,9,8,5,5,8,4,6,4
gc,svn,encog-cs,/trunk/encog-core/encog-core-cs/Normalize/Input/InputFieldNeuralDataSet.cs,clean,cs,IssueTrue,38765,562,393,3,4,6,4,5,7,2,2,2,6,9,10,10,8,8,7,9,9,9,5,5,7,9,10,10,9,9,9,3,6,6,3,4,4,4,6,4,10,10,10,8,9,9,8,6,5,8,9,6,7,8,4,6,5,9,9,8,5,5,8,4,6,4
gc,svn,encog-cs,/trunk/encog-core/encog-core-cs/Normalize/Input/NeuralDataFieldHolder.cs,clean,cs,IssueTrue,38765,562,393,3,4,7,4,7,7,2,5,4,7,8,9,9,8,8,7,9,9,9,5,5,7,8,9,9,9,9,9,6,8,8,6,7,6,7,8,6,10,10,10,8,9,9,8,6,7,7,8,7,7,7,6,6,5,9,9,8,5,5,8,4,6,4
gc,svn,encog-cs,/trunk/encog-core/encog-core-cs/Normalize/NormalizationError.cs,clean,cs,IssueTrue,38765,562,393,3,2,5,2,4,9,2,4,3,6,10,10,10,9,9,9,9,9,9,3,3,6,10,10,10,7,7,7,5,7,7,4,6,5,6,7,5,10,10,10,8,9,9,8,6,4,9,9,6,5,6,3,6,5,9,9,8,5,5,8,4,6,4
gc,svn,encog-cs,/trunk/encog-core/encog-core-cs/Normalize/Output/BasicOutputField.cs,clean,cs,IssueTrue,38765,562,393,3,3,6,3,5,9,2,1,1,4,5,5,5,5,6,5,9,9,9,2,2,6,5,5,5,7,7,7,2,5,5,2,3,3,3,4,3,10,10,10,8,9,9,2,2,2,3,5,3,4,5,2,6,5,9,9,8,5,5,8,4,6,4
gc,svn,encog-cs,/trunk/encog-core/encog-core-cs/Normalize/Output/BasicOutputFieldGroup.cs,clean,cs,IssueTrue,38765,562,393,3,3,6,3,4,8,2,1,1,4,5,5,5,5,6,5,9,9,9,2,2,6,5,5,5,7,7,7,2,5,5,2,3,3,3,4,3,10,10,10,8,9,9,2,2,2,3,5,3,4,5,2,6,5,9,9,8,5,5,8,4,6,4
gc,svn,encog-cs,/trunk/encog-core/encog-core-cs/Normalize/Output/IOutputField.cs,clean,cs,IssueTrue,38765,562,393,3,2,7,3,2,10,2,1,1,4,5,5,5,5,6,5,9,9,9,2,2,6,5,5,5,7,7,7,2,5,5,2,3,3,3,4,3,10,10,10,8,9,9,2,2,2,3,5,3,4,5,2,6,5,9,9,8,5,5,8,4,6,4
gc,svn,encog-cs,/trunk/encog-core/encog-core-cs/Normalize/Output/IOutputFieldGroup.cs,clean,cs,IssueTrue,38765,562,393,3,1,5,2,2,10,2,1,1,4,5,5,5,5,6,5,10,10,10,4,4,6,5,5,5,7,7,7,2,5,5,2,3,3,3,4,3,10,10,10,8,9,9,2,2,2,3,5,3,4,5,2,6,5,9,9,8,5,5,8,4,6,4
gc,svn,encog-cs,/trunk/encog-core/encog-core-cs/Normalize/Output/Mapped/MappedRange.cs,clean,cs,IssueTrue,38765,562,393,3,5,7,4,6,6,4,1,1,4,5,5,5,5,6,5,9,9,9,2,2,6,5,5,5,7,7,7,2,5,5,2,3,3,3,4,3,10,10,10,8,9,9,2,2,2,3,5,3,4,5,2,6,5,9,9,8,5,5,8,4,6,4
gc,svn,encog-cs,/trunk/encog-core/encog-core-cs/Normalize/Output/Mapped/OutputFieldEncode.cs,clean,cs,IssueTrue,38765,562,393,3,5,7,5,7,6,7,7,6,8,9,10,10,9,9,8,9,9,9,8,7,8,9,10,10,9,9,9,7,9,9,7,7,6,8,8,7,10,10,10,8,9,9,9,8,8,7,9,7,6,7,6,6,5,9,9,8,5,5,8,4,6,4
gc,svn,encog-cs,/trunk/encog-core/encog-core-cs/Normalize/Output/Multiplicative/MultiplicativeGroup.cs,clean,cs,IssueTrue,38765,562,393,3,3,5,3,4,7,4,4,3,6,9,10,10,8,8,7,9,9,9,5,5,7,9,10,10,8,8,8,3,6,6,3,4,4,4,6,4,10,10,10,8,9,9,10,7,5,5,6,4,8,8,4,6,5,9,9,8,5,5,8,4,6,4
gc,svn,encog-cs,/trunk/encog-core/encog-core-cs/Normalize/Output/Multiplicative/OutputFieldMultiplicative.cs,clean,cs,IssueTrue,38765,562,393,3,4,7,3,6,8,4,1,1,4,5,5,5,5,6,5,9,9,9,2,2,6,5,5,5,7,7,7,2,5,5,2,3,3,3,4,3,10,10,10,8,9,9,2,2,2,3,5,3,4,5,2,6,5,9,9,8,5,5,8,4,6,4
gc,svn,encog-cs,/trunk/encog-core/encog-core-cs/Normalize/Output/Nominal/NominalItem.cs,clean,cs,IssueTrue,38765,562,393,3,5,7,5,7,6,2,1,1,4,5,5,5,5,6,5,9,9,9,2,2,6,5,5,5,7,7,7,2,5,5,2,3,3,3,4,3,10,10,10,8,9,9,2,2,2,3,5,3,4,5,2,6,5,9,9,8,5,5,8,4,6,4
gc,svn,encog-cs,/trunk/encog-core/encog-core-cs/Normalize/Output/Nominal/OutputEquilateral.cs,buggy,cs,IssueTrue,38765,562,393,3,6,8,6,8,6,7,1,1,4,5,5,5,5,6,5,9,9,9,2,2,6,5,5,5,7,7,7,2,5,5,2,3,3,3,4,3,10,10,10,8,9,9,2,2,2,3,5,3,4,5,2,6,5,9,9,8,5,5,8,4,6,4
gc,svn,encog-cs,/trunk/encog-core/encog-core-cs/Normalize/Output/Nominal/OutputOneOf.cs,clean,cs,IssueTrue,38765,562,393,3,5,8,5,8,7,2,8,7,9,9,10,10,9,9,10,9,9,9,8,7,8,9,10,10,9,9,9,9,10,10,8,9,8,9,9,8,10,10,10,8,9,9,9,7,8,8,9,8,6,7,6,6,5,9,9,8,5,5,8,4,6,4
gc,svn,encog-cs,/trunk/encog-core/encog-core-cs/Normalize/Output/OutputFieldDirect.cs,clean,cs,IssueTrue,38765,562,393,3,3,7,3,6,7,2,1,1,4,5,5,5,5,6,5,9,9,9,2,2,6,5,5,5,7,7,7,2,5,5,2,3,3,3,4,3,10,10,10,8,9,9,2,2,2,3,5,3,4,5,2,8,5,8,9,9,5,5,8,2,6,4
gc,svn,encog-cs,/trunk/encog-core/encog-core-cs/Normalize/Output/OutputFieldGrouped.cs,clean,cs,IssueTrue,38765,562,393,3,4,7,4,6,8,2,4,3,6,9,10,10,9,9,8,10,10,10,7,7,8,9,10,10,9,9,9,7,9,9,7,7,6,8,8,7,10,10,10,8,9,9,6,6,6,8,8,7,6,8,5,6,5,9,9,8,5,5,8,4,6,4
gc,svn,encog-cs,/trunk/encog-core/encog-core-cs/Normalize/Output/OutputFieldRangeMapped.cs,buggy,cs,IssueTrue,38765,562,393,3,6,7,5,7,5,2,1,1,4,5,5,5,5,6,5,9,9,9,2,2,6,5,5,5,7,7,7,2,5,5,2,3,3,3,4,3,10,10,10,8,9,9,2,2,2,3,5,3,4,5,2,8,5,8,9,8,5,5,8,4,6,5
gc,svn,encog-cs,/trunk/encog-core/encog-core-cs/Normalize/Output/ZAxis/OutputFieldZAxis.cs,clean,cs,IssueTrue,38765,562,393,3,4,7,3,5,8,4,6,5,8,10,10,10,9,9,10,9,9,9,7,7,8,10,10,10,7,7,7,6,8,8,6,7,6,7,8,6,10,10,10,8,9,9,9,7,6,5,7,4,6,8,5,6,5,9,9,8,5,5,8,4,6,4
gc,svn,encog-cs,/trunk/encog-core/encog-core-cs/Normalize/Output/ZAxis/OutputFieldZAxisSynthetic.cs,clean,cs,IssueTrue,38765,562,393,3,4,6,4,5,5,4,1,1,4,5,5,5,5,6,5,9,9,9,2,2,6,5,5,5,7,7,7,2,5,5,2,3,3,3,4,3,10,10,10,8,9,9,2,2,2,3,5,3,4,5,2,6,5,9,9,8,5,5,8,4,6,4
gc,svn,encog-cs,/trunk/encog-core/encog-core-cs/Normalize/Output/ZAxis/ZAxisGroup.cs,clean,cs,IssueTrue,38765,562,393,3,4,6,4,5,5,9,6,5,8,9,10,10,8,8,7,9,9,9,6,6,7,9,10,10,9,9,9,3,6,6,3,4,4,4,6,4,10,10,10,8,9,9,10,9,7,6,7,5,8,9,5,6,5,9,9,8,5,5,8,4,6,4
gc,svn,encog-cs,/trunk/encog-core/encog-core-cs/Normalize/Segregate/ISegregator.cs,clean,cs,IssueTrue,38765,562,393,3,2,6,2,2,10,2,1,1,4,5,5,5,5,6,5,10,10,10,4,4,6,5,5,5,7,7,7,2,5,5,2,3,3,3,4,3,10,10,10,8,9,9,2,2,2,3,5,3,4,5,2,8,5,8,9,9,5,5,8,2,6,4
gc,svn,encog-cs,/trunk/encog-core/encog-core-cs/Normalize/Segregate/Index/IndexRangeSegregator.cs,clean,cs,IssueTrue,38765,562,393,3,4,7,4,6,7,2,5,4,7,9,10,10,9,9,9,9,9,9,5,5,7,9,10,10,9,9,9,6,8,8,6,7,6,7,8,6,10,10,10,8,9,9,8,6,6,6,7,6,7,7,5,6,5,9,9,8,5,5,8,4,6,4
gc,svn,encog-cs,/trunk/encog-core/encog-core-cs/Normalize/Segregate/Index/IndexSampleSegregator.cs,clean,cs,IssueTrue,38765,562,393,3,5,8,4,7,7,2,1,1,4,5,5,5,5,6,5,9,9,9,2,2,6,5,5,5,7,7,7,2,5,5,2,3,3,3,4,3,10,10,10,8,9,9,2,2,2,3,5,3,4,5,2,6,5,9,9,8,5,5,8,4,6,4
gc,svn,encog-cs,/trunk/encog-core/encog-core-cs/Normalize/Segregate/Index/IndexSegregator.cs,clean,cs,IssueTrue,38765,562,393,3,4,7,4,6,7,2,5,4,7,8,9,9,8,8,7,10,10,10,6,6,7,8,9,9,9,9,9,7,9,9,7,7,6,8,8,7,10,10,10,8,9,9,7,6,6,6,7,6,5,6,4,8,5,8,9,9,5,5,8,2,6,4
gc,svn,encog-cs,/trunk/encog-core/encog-core-cs/Normalize/Segregate/RangeSegregator.cs,clean,cs,IssueTrue,38765,562,393,3,6,8,5,8,6,7,1,1,4,5,5,5,5,6,5,9,9,9,2,2,6,5,5,5,7,7,7,2,5,5,2,3,3,3,4,3,10,10,10,8,9,9,2,2,2,3,5,3,4,5,2,8,5,8,9,9,5,5,8,2,6,4
gc,svn,encog-cs,/trunk/encog-core/encog-core-cs/Normalize/Segregate/SegregationRange.cs,clean,cs,IssueTrue,38765,562,393,3,5,7,4,7,6,2,1,1,4,5,5,5,5,6,5,9,9,9,2,2,6,5,5,5,7,7,7,2,5,5,2,3,3,3,4,3,10,10,10,8,9,9,2,2,2,3,5,3,4,5,2,6,5,9,9,8,5,5,8,4,6,4
gc,svn,encog-cs,/trunk/encog-core/encog-core-cs/Normalize/Target/INormalizationStorage.cs,clean,cs,IssueTrue,38765,562,393,3,1,5,2,2,10,2,1,1,4,5,5,5,5,6,5,10,10,10,4,4,6,5,5,5,7,7,7,2,5,5,2,3,3,3,4,3,10,10,10,8,9,9,2,2,2,3,5,3,4,5,2,6,5,9,9,8,5,5,8,4,6,4
gc,svn,encog-cs,/trunk/encog-core/encog-core-cs/Normalize/Target/NormalizationStorageArray1D.cs,clean,cs,IssueTrue,38765,562,393,3,3,6,3,5,9,2,1,1,4,5,5,5,5,6,5,9,9,9,2,2,6,5,5,5,7,7,7,2,5,5,2,3,3,3,4,3,10,10,10,8,9,9,2,2,2,3,5,3,4,5,2,6,5,9,9,8,5,5,8,4,6,4
gc,svn,encog-cs,/trunk/encog-core/encog-core-cs/Normalize/Target/NormalizationStorageArray2D.cs,clean,cs,IssueTrue,38765,562,393,3,3,6,3,5,8,4,1,1,4,5,5,5,5,6,5,9,9,9,2,2,6,5,5,5,7,7,7,2,5,5,2,3,3,3,4,3,10,10,10,8,9,9,2,2,2,3,5,3,4,5,2,6,5,9,9,8,5,5,8,4,6,4
gc,svn,encog-cs,/trunk/encog-core/encog-core-cs/Parse/Tags/Read/ReadHTML.cs,clean,cs,IssueTrue,38765,562,393,3,2,5,2,4,9,2,1,1,4,5,5,5,5,6,5,9,9,9,2,2,6,5,5,5,7,7,7,2,5,5,2,3,3,3,4,3,10,10,10,8,9,9,2,2,2,3,5,3,4,5,2,6,8,7,7,7,5,5,8,2,2,2
gc,svn,encog-cs,/trunk/encog-core/encog-core-cs/Parse/Tags/Read/ReadTags.cs,buggy,cs,IssueTrue,38765,562,393,3,10,9,10,8,1,10,1,1,4,5,5,5,5,6,5,9,9,9,2,2,6,5,5,5,7,7,7,2,5,5,2,3,3,3,4,3,10,10,10,8,9,9,2,2,2,3,5,3,4,5,2,10,8,4,6,6,5,7,8,5,7,6
gc,svn,encog-cs,/trunk/encog-core/encog-core-cs/Parse/Tags/Read/ReadXML.cs,clean,cs,IssueTrue,38765,562,393,3,6,7,6,6,2,9,1,1,4,5,5,5,5,6,5,9,9,9,2,2,6,5,5,5,7,7,7,2,5,5,2,3,3,3,4,3,10,10,10,8,9,9,2,2,2,3,5,3,4,5,2,6,8,6,7,6,7,7,8,4,6,4
gc,svn,encog-cs,/trunk/encog-core/encog-core-cs/Parse/Tags/Tag.cs,clean,cs,IssueTrue,38765,562,393,3,7,8,7,8,3,7,9,8,9,8,9,9,9,9,8,9,9,9,9,8,8,8,9,9,9,9,9,8,10,10,8,8,7,9,9,8,10,10,10,8,9,9,10,9,9,10,10,10,8,8,8,10,8,5,7,7,5,5,8,4,8,5
gc,svn,encog-cs,/trunk/encog-core/encog-core-cs/Parse/Tags/Write/WriteTags.cs,clean,cs,IssueTrue,38765,562,393,3,8,8,8,9,2,7,10,9,10,8,9,9,9,10,10,10,10,10,10,9,9,8,9,9,10,10,10,10,10,10,10,10,9,10,10,9,10,10,10,8,9,9,10,9,10,10,10,10,8,8,9,10,8,4,6,6,7,8,9,7,9,7
gc,svn,encog-cs,/trunk/encog-core/encog-core-cs/Persist/EncogMemoryCollection.cs,clean,cs,IssueTrue,38765,562,393,3,6,7,7,7,2,9,1,1,4,5,5,5,5,6,5,9,9,9,2,2,6,5,5,5,7,7,7,2,5,5,2,3,3,3,4,3,10,10,10,8,9,9,2,2,2,3,5,3,4,5,2,6,5,4,5,5,5,5,8,7,8,5
gc,svn,encog-cs,/trunk/encog-core/encog-core-cs/Persist/EncogPersistedCollection.cs,clean,cs,IssueTrue,38765,562,393,3,9,10,9,9,4,7,1,1,4,5,5,5,5,6,5,9,9,9,2,2,6,5,5,5,7,7,7,2,5,5,2,3,3,3,4,3,10,10,10,8,9,9,2,2,2,3,5,3,4,5,2,10,9,4,7,7,5,7,8,6,8,7
gc,svn,encog-cs,/trunk/encog-core/encog-core-cs/Persist/IEncogPersistedObject.cs,clean,cs,IssueTrue,38765,562,393,3,2,6,3,2,9,2,1,1,4,5,5,5,5,6,5,9,9,9,2,2,6,5,5,5,7,7,7,2,5,5,2,3,3,3,4,3,10,10,10,8,9,9,2,2,2,3,5,3,4,5,2,6,8,5,6,6,5,5,8,2,2,2
gc,svn,encog-cs,/trunk/encog-core/encog-core-cs/Persist/Location/FilePersistence.cs,clean,cs,IssueTrue,38765,562,393,3,5,7,4,7,5,4,1,1,4,5,5,5,5,6,5,9,9,9,2,2,6,5,5,5,7,7,7,2,5,5,2,3,3,3,4,3,10,10,10,8,9,9,2,2,2,3,5,3,4,5,2,10,8,5,7,7,8,9,9,7,8,7
gc,svn,encog-cs,/trunk/encog-core/encog-core-cs/Persist/Location/ResourcePersistence.cs,clean,cs,IssueTrue,38765,562,393,3,4,7,4,6,6,2,7,6,8,8,9,9,8,8,8,9,9,9,7,7,8,8,9,9,8,8,8,8,9,9,7,8,7,8,9,7,10,10,10,8,9,9,8,6,6,5,7,5,7,7,5,10,9,5,7,7,7,8,9,5,8,7
gc,svn,encog-cs,/trunk/encog-core/encog-core-cs/Persist/Location/StreamPersistence.cs,clean,cs,IssueTrue,38765,562,393,3,3,4,3,6,3,2,7,6,8,8,9,9,8,8,8,9,9,9,6,6,7,8,9,9,8,8,8,8,9,9,7,8,7,8,9,7,10,10,10,8,9,9,8,6,6,4,6,4,5,6,4,10,8,4,6,6,5,5,8,2,7,5
gc,svn,encog-cs,/trunk/encog-core/encog-core-cs/Persist/PersistReader.cs,buggy,cs,IssueTrue,38765,562,393,3,10,9,10,9,1,10,10,10,10,8,9,9,10,10,10,9,9,9,10,10,9,8,9,9,9,9,9,10,10,10,10,10,9,10,10,9,10,10,10,10,10,10,10,10,10,10,10,10,10,10,10,10,10,6,7,9,6,8,9,7,10,9
gc,svn,encog-cs,/trunk/encog-core/encog-core-cs/Persist/PersistWriter.cs,clean,cs,IssueTrue,38765,562,393,3,6,8,6,8,5,4,1,1,4,5,5,5,5,6,5,9,9,9,2,2,6,5,5,5,7,7,7,2,5,5,2,3,3,3,4,3,10,10,10,8,9,9,2,2,2,3,5,3,4,5,2,10,8,5,7,7,5,7,8,5,8,6
gc,svn,encog-cs,/trunk/encog-core/encog-core-cs/Persist/Persistors/BasicLayerPersistor.cs,buggy,cs,IssueTrue,38765,562,393,3,7,7,7,4,1,10,1,1,4,5,5,5,5,6,5,9,9,9,2,2,6,5,5,5,7,7,7,2,5,5,2,3,3,3,4,3,10,10,10,8,9,9,2,2,2,3,5,3,4,5,2,6,8,4,5,5,5,5,8,6,7,5
gc,svn,encog-cs,/trunk/encog-core/encog-core-cs/Persist/Persistors/BasicNetworkPersistor.cs,clean,cs,IssueTrue,38765,562,393,3,10,9,10,8,1,10,1,1,4,5,5,5,5,6,5,9,9,9,2,2,6,5,5,5,7,7,7,2,5,5,2,3,3,3,4,3,10,10,10,8,9,9,2,2,2,3,5,3,4,5,2,10,10,10,10,10,10,10,10,8,10,8
gc,svn,encog-cs,/trunk/encog-core/encog-core-cs/Persist/Persistors/BasicNeuralDataSetPersistor.cs,buggy,cs,IssueTrue,38765,562,393,3,6,7,7,5,2,9,8,7,9,8,9,9,8,8,7,9,9,9,10,10,9,8,9,9,8,8,8,6,8,8,6,7,6,6,7,5,10,10,10,10,10,10,10,9,8,10,9,8,10,10,8,8,9,3,5,5,5,5,8,8,9,7
gc,svn,encog-cs,/trunk/encog-core/encog-core-cs/Persist/Persistors/ContextLayerPersistor.cs,buggy,cs,IssueTrue,38765,562,393,3,7,5,7,4,1,10,1,1,4,5,5,5,5,6,5,9,9,9,2,2,6,5,5,5,7,7,7,2,5,5,2,3,3,3,4,3,10,10,10,8,9,9,2,2,2,3,5,3,4,5,2,10,8,4,6,6,6,7,9,5,7,7
gc,svn,encog-cs,/trunk/encog-core/encog-core-cs/Persist/Persistors/Generic/GenericPersistor.cs,buggy,cs,IssueTrue,38765,562,393,3,3,4,4,5,3,2,1,1,4,5,5,5,5,6,5,9,9,9,2,2,6,5,5,5,7,7,7,2,5,5,2,3,3,3,4,3,10,10,10,8,9,9,2,2,2,3,5,3,4,5,2,6,5,4,5,5,5,5,8,4,6,4
gc,svn,encog-cs,/trunk/encog-core/encog-core-cs/Persist/Persistors/Generic/Object2XML.cs,buggy,cs,IssueTrue,38765,562,393,3,8,5,7,6,1,10,10,9,10,8,9,9,8,8,8,9,9,9,10,9,9,8,9,9,9,9,9,8,9,9,7,8,7,4,6,4,10,10,10,10,10,10,10,10,9,10,9,8,10,10,9,6,5,4,5,5,5,5,8,9,9,7
gc,svn,encog-cs,/trunk/encog-core/encog-core-cs/Persist/Persistors/Generic/ObjectTagger.cs,buggy,cs,IssueTrue,38765,562,393,3,7,6,7,7,1,10,1,1,4,5,5,5,5,6,5,9,9,9,2,2,6,5,5,5,7,7,7,2,5,5,2,3,3,3,4,3,10,10,10,8,9,9,2,2,2,3,5,3,4,5,2,6,5,3,4,4,5,5,8,8,9,6
gc,svn,encog-cs,/trunk/encog-core/encog-core-cs/Persist/Persistors/Generic/XML2Object.cs,buggy,cs,IssueTrue,38765,562,393,3,8,6,8,6,1,10,1,1,4,5,5,5,5,6,5,9,9,9,2,2,6,5,5,5,7,7,7,2,5,5,2,3,3,3,4,3,10,10,10,8,9,9,2,2,2,3,5,3,4,5,2,6,5,7,7,7,5,5,8,9,9,7
gc,svn,encog-cs,/trunk/encog-core/encog-core-cs/Persist/Persistors/PersistorUtil.cs,buggy,cs,IssueTrue,38765,562,393,3,7,7,7,6,2,9,1,1,4,5,5,5,5,6,5,9,9,9,2,2,6,5,5,5,7,7,7,2,5,5,2,3,3,3,4,3,10,10,10,8,9,9,2,2,2,3,5,3,4,5,2,10,8,4,6,7,7,8,9,10,10,10
gc,svn,encog-cs,/trunk/encog-core/encog-core-cs/Persist/Persistors/RadialBasisFunctionLayerPersistor.cs,buggy,cs,IssueTrue,38765,562,393,3,8,7,8,5,1,10,9,9,10,8,9,9,8,8,7,9,9,9,10,10,9,8,9,9,7,7,7,7,9,9,7,7,6,6,7,5,10,10,10,10,10,10,10,10,9,10,10,8,10,10,8,6,8,6,6,6,7,7,8,2,2,2
gc,svn,encog-cs,/trunk/encog-core/encog-core-cs/Persist/Persistors/TextDataPersistor.cs,clean,cs,IssueTrue,38765,562,393,3,3,5,4,4,6,2,4,3,6,8,9,9,8,7,6,9,9,9,9,8,8,8,9,9,7,7,7,5,7,7,4,6,5,6,7,5,10,10,10,8,9,9,8,6,4,9,8,5,10,9,6,6,9,4,5,5,5,5,8,2,2,2
gc,svn,encog-cs,/trunk/encog-core/encog-core-cs/Persist/Persistors/WeightedSynapsePersistor.cs,clean,cs,IssueTrue,38765,562,393,3,4,6,4,4,4,7,1,1,4,5,5,5,5,6,5,9,9,9,2,2,6,5,5,5,7,7,7,2,5,5,2,3,3,3,4,3,10,10,10,8,9,9,2,2,2,3,5,3,4,5,2,6,8,3,4,4,5,5,8,6,7,5
gc,svn,encog-cs,/trunk/encog-core/encog-core-cs/Solve/Genetic/Chromosome.cs,buggy,cs,IssueTrue,38765,562,393,3,8,9,8,8,3,6,8,7,9,9,10,10,9,9,9,10,10,10,9,8,8,9,10,10,9,9,9,9,10,10,8,9,8,9,9,8,10,10,10,10,10,10,7,9,8,7,9,8,9,10,9,6,9,5,6,6,8,8,9,4,6,4
gc,svn,encog-cs,/trunk/encog-core/encog-core-cs/Util/Banchmark/EncogBenchmark.cs,buggy,cs,IssueTrue,38765,562,393,3,8,9,9,8,2,2,1,1,4,5,5,5,5,6,5,9,9,9,2,2,6,5,5,5,7,7,7,2,5,5,2,3,3,3,4,3,10,10,10,8,9,9,2,2,2,3,5,3,4,5,2,6,8,9,9,8,5,5,8,4,6,4
gc,svn,encog-cs,/trunk/encog-core/encog-core-cs/Util/Banchmark/Evaluate.cs,buggy,cs,IssueTrue,38765,562,393,3,5,7,5,5,6,7,8,7,8,8,9,9,8,8,7,9,9,9,8,7,8,8,9,9,7,7,7,3,6,6,6,7,6,6,7,5,10,10,10,10,10,10,10,8,7,10,10,8,7,7,4,6,8,9,9,8,5,5,8,4,6,4
gc,svn,encog-cs,/trunk/encog-core/encog-core-cs/Util/Banchmark/RandomTrainingFactory.cs,buggy,cs,IssueTrue,38765,562,393,3,4,5,5,4,5,7,7,6,8,8,9,9,8,7,6,9,9,9,8,8,8,8,9,9,7,7,7,3,6,6,4,6,5,4,6,4,10,10,10,10,10,10,10,9,6,10,10,7,9,9,5,8,8,8,9,8,5,5,8,4,6,5
gc,svn,encog-cs,/trunk/encog-core/encog-core-cs/Util/CSV/CSVFormat.cs,buggy,cs,IssueTrue,38765,562,393,3,7,6,6,8,1,7,7,6,8,8,9,9,8,8,7,9,9,9,9,8,8,8,9,9,9,9,9,7,9,9,7,7,6,8,8,7,10,10,10,8,9,9,9,8,9,8,9,9,5,8,7,6,5,8,8,7,5,5,8,2,2,2
gc,svn,encog-cs,/trunk/encog-core/encog-core-cs/Util/CSV/ReadCSV.cs,buggy,cs,IssueTrue,38765,562,393,3,9,9,9,9,2,10,10,10,10,8,9,9,10,10,10,9,9,9,10,10,9,8,9,9,10,10,10,10,10,10,10,10,10,10,10,9,10,10,10,10,10,10,10,10,10,9,10,10,9,9,10,10,8,6,7,8,5,7,8,2,6,4
gc,svn,encog-cs,/trunk/encog-core/encog-core-cs/Util/Concurrency/EncogConcurrency.cs,buggy,cs,IssueTrue,38765,562,393,3,6,7,6,7,3,9,8,7,8,8,9,9,8,8,8,9,9,9,6,6,7,8,9,9,8,8,8,8,9,9,7,8,7,8,8,7,10,10,10,8,9,9,9,8,8,7,8,7,7,7,7,6,8,6,7,6,7,7,8,2,2,2
gc,svn,encog-cs,/trunk/encog-core/encog-core-cs/Util/Concurrency/Job/ConcurrentJob.cs,buggy,cs,IssueTrue,38765,562,393,3,4,7,4,5,8,4,1,1,4,5,5,5,5,6,5,9,9,9,2,2,6,5,5,5,7,7,7,2,5,5,2,3,3,3,4,3,10,10,10,8,9,9,2,2,2,3,5,3,4,5,2,6,8,3,4,4,5,5,8,6,7,5
gc,svn,encog-cs,/trunk/encog-core/encog-core-cs/Util/DirectoryUtil.cs,buggy,cs,IssueTrue,38765,562,393,3,6,7,6,6,3,9,9,8,9,8,9,9,8,8,8,9,9,9,9,9,8,8,9,9,7,7,7,3,6,6,7,8,7,8,8,7,10,10,10,10,10,10,10,9,9,7,8,7,9,9,7,8,8,5,7,7,6,7,8,4,6,5
gc,svn,encog-cs,/trunk/encog-core/encog-core-cs/Util/HTTP/FormUtility.cs,buggy,cs,IssueTrue,38765,562,393,3,8,9,8,9,4,7,1,1,4,5,5,5,5,6,5,9,9,9,2,2,6,5,5,5,7,7,7,2,5,5,2,3,3,3,4,3,10,10,10,8,9,9,2,2,2,3,5,3,4,5,2,8,8,7,8,8,9,9,9,7,8,7
gc,svn,encog-cs,/trunk/encog-core/encog-core-cs/Util/HTTP/URLUtility.cs,buggy,cs,IssueTrue,38765,562,393,3,7,7,8,5,2,9,1,1,4,5,5,5,5,6,5,9,9,9,2,2,6,5,5,5,7,7,7,2,5,5,2,3,3,3,4,3,10,10,10,8,9,9,2,2,2,3,5,3,4,5,2,6,8,3,4,4,5,5,8,6,7,5
gc,svn,encog-cs,/trunk/encog-core/encog-core-cs/Util/Logging/Logging.cs,buggy,cs,IssueTrue,38765,562,393,3,2,5,2,4,9,2,4,3,6,8,9,9,8,7,6,9,9,9,2,2,6,8,9,9,7,7,7,2,5,5,4,6,5,6,7,5,10,10,10,8,9,9,8,6,4,4,6,3,4,5,2,6,5,7,7,7,7,7,8,2,2,2
gc,svn,encog-cs,/trunk/encog-core/encog-core-cs/Util/MathUtil/BoundNumbers.cs,buggy,cs,IssueTrue,38765,562,393,3,3,6,3,4,7,4,4,3,6,8,9,9,8,7,6,9,9,9,3,3,6,8,9,9,7,7,7,3,6,6,4,6,5,4,6,4,10,10,10,10,10,10,8,7,4,9,9,6,5,6,3,6,8,5,6,6,5,5,8,2,2,2
gc,svn,encog-cs,/trunk/encog-core/encog-core-cs/Util/MathUtil/RBF/GaussianFunction.cs,buggy,cs,IssueTrue,38765,562,393,3,5,7,4,7,6,2,3,3,6,8,9,9,8,8,7,9,9,9,4,4,6,8,9,9,9,9,9,6,8,8,6,7,6,7,8,6,10,10,10,8,9,9,5,4,5,9,9,8,7,8,6,8,8,4,6,6,5,5,8,2,6,4
gc,svn,encog-cs,/trunk/encog-core/encog-core-cs/Util/ObjectCloner.cs,buggy,cs,IssueTrue,38765,562,393,3,4,6,4,4,5,4,6,5,8,8,9,9,8,7,6,9,9,9,5,6,7,8,9,9,7,7,7,3,6,6,4,6,5,4,6,4,10,10,10,10,10,10,10,8,6,6,7,4,9,9,5,6,8,10,9,9,7,7,8,2,2,2
gc,svn,encog-cs,/trunk/encog-core/encog-core-cs/Util/Randomize/BasicRandomizer.cs,buggy,cs,IssueTrue,38765,562,393,3,5,7,6,5,5,4,7,6,8,8,9,9,8,8,8,10,10,10,8,7,8,8,9,9,7,7,7,8,9,9,7,8,7,8,9,7,10,10,10,8,9,9,9,8,7,6,6,5,9,8,6,8,8,4,5,6,6,7,8,6,8,6
gc,svn,encog-cs,/trunk/encog-core/encog-core-cs/Util/Randomize/ConstRandomizer.cs,buggy,cs,IssueTrue,38765,562,393,3,2,6,2,4,9,2,2,2,6,9,10,10,9,9,9,9,9,9,3,3,6,9,10,10,8,8,8,5,7,7,4,6,5,6,7,5,10,10,10,8,9,9,5,4,3,5,6,4,6,6,3,6,8,5,6,6,5,5,8,2,2,2
gc,svn,encog-cs,/trunk/encog-core/encog-core-cs/Util/Randomize/Distort.cs,buggy,cs,IssueTrue,38765,562,393,3,2,6,2,4,9,2,2,2,6,9,10,10,9,9,9,9,9,9,4,4,6,9,10,10,8,8,8,5,7,7,4,6,5,6,7,5,10,10,10,8,9,9,5,4,3,6,6,4,7,6,4,6,8,6,6,6,7,7,8,4,6,4
gc,svn,encog-cs,/trunk/encog-core/encog-core-cs/Util/Randomize/FanInRandomizer.cs,buggy,cs,IssueTrue,38765,562,393,3,7,9,7,8,5,4,8,8,9,9,10,10,9,10,10,9,9,9,9,9,8,9,10,10,9,9,9,9,10,10,9,9,9,9,9,8,10,10,10,10,10,10,8,8,8,6,9,7,7,8,7,6,8,6,7,6,7,7,8,4,6,4
gc,svn,encog-cs,/trunk/encog-core/encog-core-cs/Util/Randomize/RangeRandomizer.cs,buggy,cs,IssueTrue,38765,562,393,3,3,7,3,5,9,2,3,3,6,9,10,10,9,9,9,9,9,9,4,4,6,9,10,10,9,9,9,5,7,7,6,7,6,7,8,6,10,10,10,8,9,9,5,4,4,9,9,7,8,7,5,6,8,6,7,6,7,7,8,2,2,2
gc,svn,encog-cs,/trunk/encog-core/encog-core-cs/Util/ReflectionUtil.cs,buggy,cs,IssueTrue,38765,562,393,3,7,7,7,8,1,9,1,1,4,5,5,5,5,6,5,9,9,9,2,2,6,5,5,5,7,7,7,2,5,5,2,3,3,3,4,3,10,10,10,8,9,9,2,2,2,3,5,3,4,5,2,10,5,7,9,8,10,10,10,8,10,8
gc,svn,encog-cs,/trunk/encog-core/encog-core-cs/Util/StringUtil.cs,buggy,cs,IssueTrue,38765,562,393,3,2,5,3,4,9,4,5,4,7,8,9,9,8,7,6,9,9,9,7,7,8,8,9,9,7,7,7,2,5,5,4,6,5,6,7,5,10,10,10,8,9,9,10,7,5,9,8,6,8,7,4,8,5,7,8,8,5,5,8,2,6,4
gc,svn,encog-cs,/trunk/encog-core/encog-core-cs/Util/YahooSearch.cs,buggy,cs,IssueTrue,38765,562,393,3,7,5,7,4,1,10,9,8,9,8,9,9,8,7,6,9,9,9,10,10,9,8,9,9,7,7,7,5,7,7,4,6,5,4,6,4,10,10,10,10,10,10,10,10,8,7,7,5,10,10,8,6,8,3,4,4,5,5,8,6,7,5
gc,svn,encog-cs,/trunk/encog-test/encog-test/Encog/Matrix/TestBiPolarUtil.cs,clean,cs,IssueTrue,38765,562,393,3,5,1,6,5,1,3,4,3,6,8,9,9,8,8,7,9,9,9,8,7,8,8,9,9,7,7,7,6,8,8,6,7,6,7,8,6,10,10,10,8,9,9,6,6,4,3,5,3,10,9,7,6,5,7,7,7,5,5,8,10,10,8
gc,svn,encog-cs,/trunk/encog-test/encog-test/Encog/Matrix/TestMatrix.cs,clean,cs,IssueTrue,38765,562,393,3,10,2,10,10,1,4,10,9,10,8,9,9,10,10,10,9,9,9,8,8,8,8,9,9,7,7,7,10,10,10,10,10,10,10,10,10,10,10,10,8,9,9,7,8,9,3,5,3,9,9,10,6,5,7,7,7,5,5,8,10,10,10
gc,svn,encog-cs,/trunk/encog-test/encog-test/Encog/Matrix/TestMatrixMath.cs,clean,cs,IssueTrue,38765,562,393,3,9,1,9,8,1,3,8,7,9,8,9,9,9,9,10,9,9,9,6,6,7,8,9,9,7,7,7,9,10,10,9,9,9,10,10,9,10,10,10,8,9,9,8,7,8,3,5,3,9,8,9,8,5,8,9,9,5,5,8,10,10,10
gc,svn,encog-cs,/trunk/encog-test/encog-test/Encog/Neural/Networks/Training/TestAnneal.cs,buggy,cs,IssueTrue,38765,562,393,3,3,1,4,3,1,2,2,1,5,8,9,9,8,7,5,9,9,9,8,8,8,8,9,9,7,7,7,3,6,6,3,4,4,4,6,4,10,10,10,8,9,9,5,4,3,3,5,3,10,8,4,6,5,3,4,4,5,5,8,4,6,4
gc,svn,encog-cs,/trunk/encog-test/encog-test/Encog/Neural/Networks/Training/TestCompetitive.cs,clean,cs,IssueTrue,38765,562,393,3,6,1,6,4,1,3,3,3,6,8,9,9,8,7,6,9,9,9,10,10,9,8,9,9,7,7,7,5,7,7,4,6,5,4,6,4,10,10,10,10,10,10,7,6,4,7,7,5,10,10,7,10,5,3,5,5,5,5,8,6,9,7
