Host,Vcs,Project,File,Buggy,PL,IssueTracking,TLOC,TNF,TNC,TND,LOC,CL,NStmt,NFunc,RCC,MNL,avg_WMC,max_WMC,total_WMC,avg_DIT,max_DIT,total_DIT,avg_RFC,max_RFC,total_RFC,avg_NOC,max_NOC,total_NOC,avg_CBO,max_CBO,total_CBO,avg_DIT.1,max_DIT.1,total_DIT.1,avg_NIV,max_NIV,total_NIV,avg_NIM,max_NIM,total_NIM,avg_NOM,max_NOM,total_NOM,avg_NPBM,max_NPBM,total_NPBM,avg_NPM,max_NPM,total_NPM,avg_NPRM,max_NPRM,total_NPRM,avg_CC,max_CC,total_CC,avg_FANIN,max_FANIN,total_FANIN,avg_FANOUT,max_FANOUT,total_FANOUT,NRev,NFix,avg_AddedLOC,max_AddedLOC,total_AddedLOC,avg_DeletedLOC,max_DeletedLOC,total_DeletedLOC,avg_ModifiedLOC,max_ModifiedLOC,total_ModifiedLOC
sf,cvs,etherboot,etherboot/gpxe/gpxe-0.5/src/arch/i386/core/relocate.c,clean,c,IssueTrue,26745,133,10516,26,4,8,4,2,8,8,7,7,7,8,9,5,8,9,5,9,9,9,6,6,6,8,9,5,6,6,6,6,6,6,6,6,6,6,6,6,9,9,9,8,8,9,10,6,4,9,7,3,9,4,3,3,7,3,3,3,6,6,6,1,2,2
sf,cvs,etherboot,etherboot/gpxe/gpxe-0.5/src/arch/i386/firmware/pcbios/basemem.c,clean,c,IssueTrue,26745,133,10516,26,3,8,4,4,9,8,7,7,7,8,9,5,8,9,5,9,9,9,6,6,6,8,9,5,6,6,6,6,6,6,6,6,6,6,6,6,9,9,9,8,8,9,7,6,6,4,5,4,5,4,4,3,9,5,4,4,4,5,5,6,6,4
sf,cvs,etherboot,etherboot/gpxe/gpxe-0.5/src/arch/i386/firmware/pcbios/bios_console.c,clean,c,IssueTrue,26745,133,10516,26,5,7,4,5,7,7,7,7,7,8,9,5,8,9,5,9,9,9,6,6,6,8,9,5,6,6,6,6,6,6,6,6,6,6,6,6,9,9,9,8,8,9,5,5,5,3,4,4,2,2,3,3,7,8,7,6,9,8,8,5,5,4
sf,cvs,etherboot,etherboot/gpxe/gpxe-0.5/src/arch/i386/firmware/pcbios/hidemem.c,clean,c,IssueTrue,26745,133,10516,26,2,7,2,3,9,3,7,7,7,8,9,5,8,9,5,9,9,9,6,6,6,8,9,5,8,7,7,6,6,6,6,6,6,6,6,6,9,9,9,8,8,9,3,3,2,4,5,3,6,4,3,3,7,3,3,3,6,6,6,1,2,2
sf,cvs,etherboot,etherboot/gpxe/gpxe-0.5/src/arch/i386/firmware/pcbios/memmap.c,clean,c,IssueTrue,26745,133,10516,26,5,8,4,5,7,7,7,7,7,8,9,5,8,9,5,9,9,9,6,6,6,8,9,5,8,7,7,6,6,6,6,6,6,6,6,6,9,9,9,8,8,9,4,5,5,4,7,5,5,4,5,3,7,3,3,3,6,6,6,1,2,2
sf,cvs,etherboot,etherboot/gpxe/gpxe-0.5/src/arch/i386/include/int13.h,clean,c,IssueTrue,26745,133,10516,26,3,9,3,1,10,3,7,7,7,8,9,5,8,9,5,9,9,9,6,7,8,8,9,5,9,8,10,6,6,6,6,6,6,6,6,6,9,9,9,8,8,9,2,2,2,2,2,2,2,1,2,3,9,10,9,7,4,5,5,1,2,2
sf,cvs,etherboot,etherboot/gpxe/gpxe-0.5/src/arch/i386/interface/pcbios/int13.c,clean,c,IssueTrue,26745,133,10516,26,8,10,7,8,7,8,7,7,7,8,9,5,8,9,5,9,9,9,6,6,6,8,9,5,6,6,6,6,6,6,6,6,6,6,6,6,9,9,9,8,8,9,5,7,8,8,9,9,6,7,9,7,9,9,9,8,6,7,7,6,8,6
sf,cvs,etherboot,etherboot/gpxe/gpxe-0.5/src/arch/i386/interface/pxe/pxe_call.c,clean,c,IssueTrue,26745,133,10516,26,7,8,8,5,4,5,7,7,7,8,9,5,8,9,5,9,9,9,6,6,6,8,9,5,10,10,10,6,6,6,6,6,6,6,6,6,9,9,9,8,8,9,9,10,8,9,10,8,10,10,8,7,7,10,10,9,4,5,5,1,3,3
sf,cvs,etherboot,etherboot/gpxe/gpxe-0.5/src/config.h,buggy,c,IssueTrue,26745,133,10516,26,1,9,1,1,1,3,7,7,7,8,9,5,8,9,5,9,9,9,6,6,6,8,9,5,6,6,6,6,6,6,6,6,6,6,6,6,9,9,9,8,8,9,2,2,2,2,2,2,2,1,2,5,7,3,3,3,4,5,5,3,3,4
sf,cvs,etherboot,etherboot/gpxe/gpxe-0.5/src/core/buffer.c,buggy,c,IssueTrue,26745,133,10516,26,4,9,4,4,9,7,7,7,7,8,9,5,8,9,5,9,9,9,6,6,6,8,9,5,6,6,6,6,6,6,6,6,6,6,6,6,9,9,9,8,8,9,7,7,6,8,8,6,8,6,6,3,9,3,3,3,6,6,6,1,2,2
sf,cvs,etherboot,etherboot/gpxe/gpxe-0.5/src/core/debug.c,clean,c,IssueTrue,26745,133,10516,26,4,1,4,4,3,8,7,7,7,8,9,5,8,9,5,9,9,9,6,6,6,8,9,5,6,6,6,6,6,6,6,6,6,6,6,6,9,9,9,8,8,9,6,5,5,3,3,3,3,3,4,5,9,3,3,3,4,5,5,4,5,4
sf,cvs,etherboot,etherboot/gpxe/gpxe-0.5/src/core/device.c,clean,c,IssueTrue,26745,133,10516,26,2,7,2,4,9,5,7,7,7,8,9,5,8,9,5,9,9,9,6,6,6,8,9,5,6,6,6,6,6,6,6,6,6,6,6,6,9,9,9,8,8,9,3,4,3,6,6,5,4,3,4,3,9,3,3,3,6,6,6,1,2,2
sf,cvs,etherboot,etherboot/gpxe/gpxe-0.5/src/core/exec.c,buggy,c,IssueTrue,26745,133,10516,26,3,8,4,3,9,8,7,7,7,8,9,5,8,9,5,9,9,9,6,6,6,8,9,5,6,6,6,6,6,6,6,6,6,6,6,6,9,9,9,8,8,9,8,5,5,5,6,4,6,4,4,5,7,7,6,6,6,6,7,7,6,6
sf,cvs,etherboot,etherboot/gpxe/gpxe-0.5/src/core/main.c,buggy,c,IssueTrue,26745,133,10516,26,2,5,2,2,9,5,7,7,7,8,9,5,8,9,5,9,9,9,6,6,6,8,9,5,6,6,6,6,6,6,6,6,6,6,6,6,9,9,9,8,8,9,4,4,2,3,2,2,10,5,4,9,9,4,5,6,7,7,9,2,3,5
sf,cvs,etherboot,etherboot/gpxe/gpxe-0.5/src/core/malloc.c,clean,c,IssueTrue,26745,133,10516,26,5,9,5,5,9,7,7,7,7,8,9,5,8,9,5,9,9,9,6,6,7,8,9,5,8,7,7,6,6,6,6,6,6,6,6,6,9,9,9,8,8,9,5,5,6,9,9,8,6,5,6,5,9,10,10,8,9,8,9,3,5,4
sf,cvs,etherboot,etherboot/gpxe/gpxe-0.5/src/core/misc.c,clean,c,IssueTrue,26745,133,10516,26,5,6,6,5,5,8,7,7,7,8,9,5,8,9,5,9,9,9,6,6,6,8,9,5,6,6,6,6,6,6,6,6,6,6,6,6,9,9,9,8,8,9,6,6,6,7,9,7,3,3,4,7,9,7,7,7,5,6,6,8,8,8
sf,cvs,etherboot,etherboot/gpxe/gpxe-0.5/src/core/nvo.c,clean,c,IssueTrue,26745,133,10516,26,5,8,5,5,7,7,7,7,7,8,9,5,8,9,5,9,9,9,6,6,6,8,9,5,6,6,6,6,6,6,6,6,6,6,6,6,9,9,9,8,8,9,6,4,6,9,7,7,6,5,6,7,7,10,10,9,8,9,9,9,9,9
sf,cvs,etherboot,etherboot/gpxe/gpxe-0.5/src/core/resolv.c,buggy,c,IssueTrue,26745,133,10516,26,2,1,2,2,5,7,7,7,7,8,9,5,8,9,5,9,9,9,6,6,6,8,9,5,6,6,6,6,6,6,6,6,6,6,6,6,9,9,9,8,8,9,7,4,3,8,6,3,5,3,2,3,7,3,3,3,6,6,6,1,2,2
sf,cvs,etherboot,etherboot/gpxe/gpxe-0.5/src/core/settings.c,clean,c,IssueTrue,26745,133,10516,26,6,9,6,7,7,7,7,7,7,8,9,5,8,9,5,9,9,9,6,6,6,8,9,5,6,6,6,6,6,6,6,6,6,6,6,6,9,9,9,8,8,9,5,4,7,7,7,8,5,4,7,9,7,10,10,10,7,9,9,7,9,8
sf,cvs,etherboot,etherboot/gpxe/gpxe-0.5/src/core/vsprintf.c,clean,c,IssueTrue,26745,133,10516,26,6,9,7,6,8,8,7,7,7,8,9,5,8,9,5,9,9,9,6,6,7,8,9,5,8,7,7,6,6,6,6,6,6,6,6,6,9,9,9,8,8,9,7,8,8,10,10,10,4,4,6,3,9,3,3,3,4,5,5,3,3,3
sf,cvs,etherboot,etherboot/gpxe/gpxe-0.5/src/crypto/chap.c,clean,c,IssueTrue,26745,133,10516,26,3,7,3,4,9,5,7,7,7,8,9,5,8,9,5,9,9,9,6,6,6,8,9,5,6,6,6,6,6,6,6,6,6,6,6,6,9,9,9,8,8,9,6,5,5,8,7,6,6,5,5,5,9,8,7,7,8,8,8,7,7,6
sf,cvs,etherboot,etherboot/gpxe/gpxe-0.5/src/crypto/md5.c,clean,c,IssueTrue,26745,133,10516,26,6,3,5,6,2,5,7,7,7,8,9,5,8,9,5,9,9,9,6,6,6,8,9,5,8,7,8,6,6,6,6,6,6,6,6,6,9,9,9,8,8,9,3,4,6,6,7,7,3,4,5,9,7,9,10,9,10,10,10,9,9,9
sf,cvs,etherboot,etherboot/gpxe/gpxe-0.5/src/crypto/ssl.c,clean,c,IssueTrue,26745,133,10516,26,4,2,6,3,3,7,7,7,7,8,9,5,8,9,5,9,9,9,6,6,6,8,9,5,6,6,6,6,6,6,6,6,6,6,6,6,9,9,9,8,8,9,6,4,4,9,9,6,9,9,6,5,7,4,4,3,4,5,5,1,2,2
sf,cvs,etherboot,etherboot/gpxe/gpxe-0.5/src/drivers/bus/pci.c,clean,c,IssueTrue,26745,133,10516,26,6,9,6,5,7,8,7,7,7,8,9,5,8,9,5,9,9,9,6,6,6,8,9,5,6,6,6,6,6,6,6,6,6,6,6,6,9,9,9,8,8,9,7,6,7,10,10,9,8,8,7,3,7,3,3,3,6,6,6,1,2,2
sf,cvs,etherboot,etherboot/gpxe/gpxe-0.5/src/drivers/net/etherfabric.c,clean,c,IssueTrue,26745,133,10516,26,10,10,10,10,6,10,7,7,7,8,9,5,8,9,5,9,9,9,6,9,9,8,9,5,10,10,10,6,6,6,6,6,6,6,6,6,9,9,9,8,8,9,6,9,10,7,9,10,6,9,10,10,9,3,3,3,4,5,5,1,2,2
sf,cvs,etherboot,etherboot/gpxe/gpxe-0.5/src/drivers/net/mtd80x.c,clean,c,IssueTrue,26745,133,10516,26,9,10,9,7,7,10,7,7,7,8,9,5,8,9,5,9,9,9,6,7,7,8,9,5,10,10,10,6,6,6,6,6,6,6,6,6,9,9,9,8,8,9,9,9,9,9,9,9,8,8,9,5,10,3,4,3,4,5,5,10,9,8
sf,cvs,etherboot,etherboot/gpxe/gpxe-0.5/src/drivers/net/natsemi.c,clean,c,IssueTrue,26745,133,10516,26,8,10,8,7,7,7,7,7,7,8,9,5,8,9,5,9,9,9,6,6,6,8,9,5,9,8,7,6,6,6,6,6,6,6,6,6,9,9,9,8,8,9,7,7,8,8,9,9,8,8,9,3,9,5,4,4,4,5,5,10,8,7
sf,cvs,etherboot,etherboot/gpxe/gpxe-0.5/src/drivers/net/pcnet32.c,clean,c,IssueTrue,26745,133,10516,26,9,10,9,9,6,9,7,7,7,8,9,5,8,9,5,9,9,9,6,8,8,8,9,5,10,10,10,6,6,6,6,6,6,6,6,6,9,9,9,8,8,9,6,9,9,7,10,9,7,10,10,3,10,3,3,3,4,5,5,3,3,3
sf,cvs,etherboot,etherboot/gpxe/gpxe-0.5/src/drivers/net/rtl8139.c,buggy,c,IssueTrue,26745,133,10516,26,8,10,7,6,6,8,7,7,7,8,9,5,8,9,5,9,9,9,7,8,8,8,9,5,8,8,9,6,6,6,6,6,6,6,6,6,9,9,9,8,8,9,6,6,7,9,7,8,9,7,9,7,7,8,9,8,8,9,9,5,7,6
sf,cvs,etherboot,etherboot/gpxe/gpxe-0.5/src/drivers/net/smc9000.c,clean,c,IssueTrue,26745,133,10516,26,9,10,9,6,6,10,7,7,7,8,9,5,8,9,5,9,9,9,6,6,6,8,9,5,6,6,6,6,6,6,6,6,6,6,6,6,9,9,9,8,8,9,9,8,9,6,8,7,7,6,8,3,7,4,4,3,7,6,7,5,5,4
sf,cvs,etherboot,etherboot/gpxe/gpxe-0.5/src/drivers/net/tg3.c,clean,c,IssueTrue,26745,133,10516,26,10,10,10,10,3,9,7,7,7,8,9,5,8,9,5,9,9,9,6,8,8,8,9,5,9,9,10,6,6,6,6,6,6,6,6,6,9,9,9,8,8,9,9,10,10,9,10,10,8,9,10,3,7,3,3,3,4,5,5,1,2,2
sf,cvs,etherboot,etherboot/gpxe/gpxe-0.5/src/drivers/net/tulip.c,clean,c,IssueTrue,26745,133,10516,26,10,10,10,8,5,10,7,7,7,8,9,5,8,9,5,9,9,9,6,6,7,8,9,5,10,10,10,6,6,6,6,6,6,6,6,6,9,9,9,8,8,9,10,10,10,10,10,10,9,9,10,6,7,3,3,3,4,5,5,1,2,2
sf,cvs,etherboot,etherboot/gpxe/gpxe-0.5/src/drivers/nvs/nvs.c,buggy,c,IssueTrue,26745,133,10516,26,3,8,3,3,9,7,7,7,7,8,9,5,8,9,5,9,9,9,6,6,6,8,9,5,6,6,6,6,6,6,6,6,6,6,6,6,9,9,9,8,8,9,7,5,5,9,8,6,5,3,4,6,7,10,9,9,4,5,5,2,3,4
sf,cvs,etherboot,etherboot/gpxe/gpxe-0.5/src/hci/mucurses/ansi_screen.c,clean,c,IssueTrue,26745,133,10516,26,3,1,3,5,2,5,7,7,7,8,9,5,8,9,5,9,9,9,6,6,6,8,9,5,6,6,6,6,6,6,6,6,6,6,6,6,9,9,9,8,8,9,4,4,4,3,5,4,4,4,5,6,7,7,7,6,4,5,5,4,6,5
sf,cvs,etherboot,etherboot/gpxe/gpxe-0.5/src/hci/mucurses/kb.c,clean,c,IssueTrue,26745,133,10516,26,4,6,5,5,6,9,7,7,7,8,9,5,8,9,5,9,9,9,6,6,6,8,9,5,6,6,6,6,6,6,6,6,6,6,6,6,9,9,9,8,8,9,7,6,6,4,7,5,5,4,5,9,9,8,8,9,9,9,10,9,9,9
sf,cvs,etherboot,etherboot/gpxe/gpxe-0.5/src/hci/mucurses/print.c,clean,c,IssueTrue,26745,133,10516,26,2,5,2,4,9,3,7,7,7,8,9,5,8,9,5,9,9,9,6,6,7,8,9,5,8,7,7,6,6,6,6,6,6,6,6,6,9,9,9,8,8,9,3,3,3,5,5,5,3,3,4,3,7,3,3,3,4,5,5,3,3,3
sf,cvs,etherboot,etherboot/gpxe/gpxe-0.5/src/hci/mucurses/slk.c,clean,c,IssueTrue,26745,133,10516,26,6,9,7,7,7,8,7,7,7,8,9,5,8,9,5,9,9,9,6,7,7,8,9,5,9,9,9,6,6,6,6,6,6,6,6,6,9,9,9,8,8,9,6,6,8,7,8,8,5,5,8,9,7,8,9,9,7,8,9,8,8,9
sf,cvs,etherboot,etherboot/gpxe/gpxe-0.5/src/hci/mucurses/windows.c,clean,c,IssueTrue,26745,133,10516,26,4,7,5,5,7,5,7,7,7,8,9,5,8,9,5,9,9,9,6,6,6,8,9,5,6,6,6,6,6,6,6,6,6,6,6,6,9,9,9,8,8,9,6,4,6,9,8,7,8,5,7,5,7,5,5,5,5,6,6,5,6,5
sf,cvs,etherboot,etherboot/gpxe/gpxe-0.5/src/hci/mucurses/wininit.c,clean,c,IssueTrue,26745,133,10516,26,1,2,1,3,9,3,7,7,7,8,9,5,8,9,5,9,9,9,6,6,6,8,9,5,6,6,6,6,6,6,6,6,6,6,6,6,9,9,9,8,8,9,3,3,2,5,5,3,5,3,3,6,7,5,6,5,5,6,7,3,5,4
sf,cvs,etherboot,etherboot/gpxe/gpxe-0.5/src/include/compiler.h,clean,c,IssueTrue,26745,133,10516,26,1,9,1,1,10,3,7,7,7,8,9,5,8,9,5,9,9,9,6,6,6,8,9,5,6,6,6,6,6,6,6,6,6,6,6,6,9,9,9,8,8,9,2,2,2,2,2,2,2,1,2,3,7,7,6,5,6,6,6,3,3,3
sf,cvs,etherboot,etherboot/gpxe/gpxe-0.5/src/include/curses.h,clean,c,IssueTrue,26745,133,10516,26,8,10,8,10,8,5,7,7,7,8,9,5,8,9,5,9,9,9,6,6,7,8,9,5,10,9,9,6,6,6,6,6,6,6,6,6,9,9,9,8,8,9,3,4,9,5,7,10,3,3,9,8,9,7,9,8,8,9,9,9,10,9
sf,cvs,etherboot,etherboot/gpxe/gpxe-0.5/src/include/gpxe/crypto.h,clean,c,IssueTrue,26745,133,10516,26,1,5,1,1,10,3,7,7,7,8,9,5,8,9,5,9,9,9,6,6,6,8,9,5,9,8,8,6,6,6,6,6,6,6,6,6,9,9,9,8,8,9,2,2,2,2,2,2,2,1,2,3,7,5,4,4,4,5,5,1,2,2
sf,cvs,etherboot,etherboot/gpxe/gpxe-0.5/src/include/gpxe/dhcp.h,buggy,c,IssueTrue,26745,133,10516,26,4,10,4,1,10,3,7,7,7,8,9,5,8,9,5,9,9,9,7,8,9,8,9,5,9,10,10,6,6,6,6,6,6,6,6,6,9,9,9,8,8,9,2,2,2,2,2,2,2,1,2,10,7,9,10,10,8,10,10,2,7,8
sf,cvs,etherboot,etherboot/gpxe/gpxe-0.5/src/include/gpxe/ip.h,clean,c,IssueTrue,26745,133,10516,26,2,2,2,1,7,3,7,7,7,8,9,5,8,9,5,9,9,9,7,7,8,8,9,5,9,8,9,6,6,6,6,6,6,6,6,6,9,9,9,8,8,9,2,2,2,2,2,2,2,1,2,8,7,7,8,7,7,8,8,3,6,5
sf,cvs,etherboot,etherboot/gpxe/gpxe-0.5/src/include/gpxe/ip6.h,clean,c,IssueTrue,26745,133,10516,26,2,2,2,1,7,3,7,7,7,8,9,5,8,9,5,9,9,9,6,6,7,8,9,5,9,8,9,6,6,6,6,6,6,6,6,6,9,9,9,8,8,9,2,2,2,2,2,2,2,1,2,5,9,9,8,7,6,7,7,5,6,5
sf,cvs,etherboot,etherboot/gpxe/gpxe-0.5/src/include/gpxe/iscsi.h,buggy,c,IssueTrue,26745,133,10516,26,6,10,7,1,9,3,7,7,7,8,9,5,8,9,5,9,9,9,7,9,10,8,9,5,10,10,10,6,6,6,6,6,6,6,6,6,9,9,9,8,8,9,2,2,2,2,2,2,2,1,2,7,7,8,9,8,8,9,9,5,8,6
sf,cvs,etherboot,etherboot/gpxe/gpxe-0.5/src/include/gpxe/md5.h,clean,c,IssueTrue,26745,133,10516,26,1,1,1,1,6,3,7,7,7,8,9,5,8,9,5,9,9,9,6,6,6,8,9,5,6,6,6,6,6,6,6,6,6,6,6,6,9,9,9,8,8,9,2,2,2,2,2,2,2,1,2,3,7,3,3,3,10,9,9,5,5,4
sf,cvs,etherboot,etherboot/gpxe/gpxe-0.5/src/include/gpxe/netdevice.h,buggy,c,IssueTrue,26745,133,10516,26,3,9,3,2,10,3,7,7,7,8,9,5,8,9,5,9,9,9,6,7,7,8,9,5,9,8,9,6,6,6,6,6,6,6,6,6,9,9,9,8,8,9,3,3,2,10,8,4,3,2,2,3,7,3,3,3,9,8,8,7,6,5
sf,cvs,etherboot,etherboot/gpxe/gpxe-0.5/src/include/gpxe/settings.h,clean,c,IssueTrue,26745,133,10516,26,2,8,2,1,10,3,7,7,7,8,9,5,8,9,5,9,9,9,6,6,7,8,9,5,8,7,8,6,6,6,6,6,6,6,6,6,9,9,9,8,8,9,2,2,2,2,2,2,2,1,2,6,7,4,4,4,4,5,5,6,7,7
sf,cvs,etherboot,etherboot/gpxe/gpxe-0.5/src/include/gpxe/tcp.h,buggy,c,IssueTrue,26745,133,10516,26,3,9,3,2,10,3,7,7,7,8,9,5,8,9,5,9,9,9,6,8,8,8,9,5,10,9,10,6,6,6,6,6,6,6,6,6,9,9,9,8,8,9,3,3,2,6,5,3,2,2,2,7,9,6,5,6,6,7,8,3,6,5
sf,cvs,etherboot,etherboot/gpxe/gpxe-0.5/src/include/gpxe/tcpip.h,clean,c,IssueTrue,26745,133,10516,26,2,7,2,1,10,3,7,7,7,8,9,5,8,9,5,9,9,9,6,6,6,8,9,5,8,8,9,6,6,6,6,6,6,6,6,6,9,9,9,8,8,9,2,2,2,2,2,2,2,1,2,8,7,7,8,8,8,8,9,9,10,9
sf,cvs,etherboot,etherboot/gpxe/gpxe-0.5/src/include/gpxe/tftp.h,buggy,c,IssueTrue,26745,133,10516,26,3,8,3,1,9,3,7,7,7,8,9,5,8,9,5,9,9,9,6,8,9,8,9,5,8,9,10,6,6,6,6,6,6,6,6,6,9,9,9,8,8,9,2,2,2,2,2,2,2,1,2,5,7,8,7,7,4,5,5,3,5,4
sf,cvs,etherboot,etherboot/gpxe/gpxe-0.5/src/include/gpxe/udp.h,clean,c,IssueTrue,26745,133,10516,26,3,8,3,4,10,3,7,7,7,8,9,5,8,9,5,9,9,9,6,7,8,8,9,5,8,8,9,6,6,6,6,6,6,6,6,6,9,9,9,8,8,9,3,3,3,4,5,4,4,3,3,10,7,7,9,9,7,8,9,6,9,8
sf,cvs,etherboot,etherboot/gpxe/gpxe-0.5/src/include/pxe.h,clean,c,IssueTrue,26745,133,10516,26,3,2,4,1,4,3,7,7,7,8,9,5,8,9,5,9,9,9,10,10,10,8,9,5,10,10,10,6,6,6,6,6,6,6,6,6,9,9,9,8,8,9,2,2,2,2,2,2,2,1,2,3,7,5,4,4,4,5,5,1,2,2
sf,cvs,etherboot,etherboot/gpxe/gpxe-0.5/src/include/stdlib.h,clean,c,IssueTrue,26745,133,10516,26,1,2,1,2,9,3,7,7,7,8,9,5,8,9,5,9,9,9,6,6,6,8,9,5,6,6,6,6,6,6,6,6,6,6,6,6,9,9,9,8,8,9,3,3,2,4,3,2,3,2,2,3,7,4,4,3,4,5,5,1,2,2
sf,cvs,etherboot,etherboot/gpxe/gpxe-0.5/src/include/string.h,buggy,c,IssueTrue,26745,133,10516,26,2,2,3,3,6,5,7,7,7,8,9,5,8,9,5,9,9,9,6,6,6,8,9,5,6,6,6,6,6,6,6,6,6,6,6,6,9,9,9,8,8,9,4,4,3,3,2,2,2,2,2,3,7,4,4,3,4,5,5,1,2,2
sf,cvs,etherboot,etherboot/gpxe/gpxe-0.5/src/include/unistd.h,clean,c,IssueTrue,26745,133,10516,26,1,1,1,1,10,3,7,7,7,8,9,5,8,9,5,9,9,9,6,6,6,8,9,5,6,6,6,6,6,6,6,6,6,6,6,6,9,9,9,8,8,9,2,2,2,2,2,2,2,1,2,3,7,3,3,3,4,5,5,3,3,3
sf,cvs,etherboot,etherboot/gpxe/gpxe-0.5/src/interface/pxe/pxe.c,clean,c,IssueTrue,26745,133,10516,26,1,3,1,1,10,3,7,7,7,8,9,5,8,9,5,9,9,9,6,6,6,8,9,5,6,6,6,6,6,6,6,6,6,6,6,6,9,9,9,8,8,9,2,2,2,2,2,2,2,1,2,3,7,5,4,4,4,5,5,1,2,2
sf,cvs,etherboot,etherboot/gpxe/gpxe-0.5/src/interface/pxe/pxe_loader.c,clean,c,IssueTrue,26745,133,10516,26,1,7,2,2,10,3,7,7,7,8,9,5,8,9,5,9,9,9,6,6,6,8,9,5,6,6,6,6,6,6,6,6,6,6,6,6,9,9,9,8,8,9,3,3,2,10,8,4,10,5,4,3,7,3,3,3,6,6,6,1,2,2
sf,cvs,etherboot,etherboot/gpxe/gpxe-0.5/src/interface/pxe/pxe_preboot.c,clean,c,IssueTrue,26745,133,10516,26,4,8,4,5,8,5,7,7,7,8,9,5,8,9,5,9,9,9,6,6,6,8,9,5,6,6,6,6,6,6,6,6,6,6,6,6,9,9,9,8,8,9,4,5,5,3,7,4,6,5,6,5,7,9,8,7,10,9,9,10,10,9
sf,cvs,etherboot,etherboot/gpxe/gpxe-0.5/src/interface/pxe/pxe_tftp.c,clean,c,IssueTrue,26745,133,10516,26,2,10,2,4,10,3,7,7,7,8,9,5,8,9,5,9,9,9,6,6,6,8,9,5,6,6,6,6,6,6,6,6,6,6,6,6,9,9,9,8,8,9,3,3,3,3,5,3,5,3,5,6,7,7,6,6,9,9,9,2,3,3
sf,cvs,etherboot,etherboot/gpxe/gpxe-0.5/src/interface/pxe/pxe_udp.c,clean,c,IssueTrue,26745,133,10516,26,6,10,6,5,9,5,7,7,7,8,9,5,8,9,5,9,9,9,7,7,7,8,9,5,9,8,7,6,6,6,6,6,6,6,6,6,9,9,9,8,8,9,6,5,6,9,9,8,9,8,8,7,7,6,6,6,4,5,5,3,6,5
sf,cvs,etherboot,etherboot/gpxe/gpxe-0.5/src/net/arp.c,clean,c,IssueTrue,26745,133,10516,26,6,9,5,4,7,7,7,7,7,8,9,5,8,9,5,9,9,9,7,7,7,8,9,5,9,8,7,6,6,6,6,6,6,6,6,6,9,9,9,8,8,9,6,5,6,10,10,8,9,8,7,5,7,4,4,3,4,5,5,1,2,2
sf,cvs,etherboot,etherboot/gpxe/gpxe-0.5/src/net/dhcpopts.c,clean,c,IssueTrue,26745,133,10516,26,7,10,7,8,9,8,7,7,7,8,9,5,8,9,5,9,9,9,6,6,6,8,9,5,6,6,6,6,6,6,6,6,6,6,6,6,9,9,9,8,8,9,5,7,8,8,9,9,4,5,8,10,7,10,10,10,9,10,10,9,9,10
sf,cvs,etherboot,etherboot/gpxe/gpxe-0.5/src/net/ethernet.c,clean,c,IssueTrue,26745,133,10516,26,2,7,2,3,9,5,7,7,7,8,9,5,8,9,5,9,9,9,6,6,6,8,9,5,6,6,6,6,6,6,6,6,6,6,6,6,9,9,9,8,8,9,3,4,3,7,7,5,6,4,4,5,7,3,3,3,5,6,6,3,3,4
sf,cvs,etherboot,etherboot/gpxe/gpxe-0.5/src/net/icmpv6.c,clean,c,IssueTrue,26745,133,10516,26,3,4,3,3,6,5,7,7,7,8,9,5,8,9,5,9,9,9,6,6,6,8,9,5,6,6,6,6,6,6,6,6,6,6,6,6,9,9,9,8,8,9,4,4,3,10,9,5,10,7,5,5,7,3,4,3,5,6,6,3,5,4
sf,cvs,etherboot,etherboot/gpxe/gpxe-0.5/src/net/ipv4.c,clean,c,IssueTrue,26745,133,10516,26,7,10,7,7,7,8,7,7,7,8,9,5,8,9,5,9,9,9,7,7,7,8,9,5,9,8,8,6,6,6,6,6,6,6,6,6,9,9,9,8,8,9,5,6,7,9,9,9,8,9,9,10,10,8,10,10,9,10,10,9,10,10
sf,cvs,etherboot,etherboot/gpxe/gpxe-0.5/src/net/ipv6.c,clean,c,IssueTrue,26745,133,10516,26,6,9,6,6,6,7,7,7,7,8,9,5,8,9,5,9,9,9,7,7,7,8,9,5,9,8,8,6,6,6,6,6,6,6,6,6,9,9,9,8,8,9,6,6,7,9,9,8,8,8,8,7,7,10,10,10,7,7,8,8,8,8
sf,cvs,etherboot,etherboot/gpxe/gpxe-0.5/src/net/ndp.c,clean,c,IssueTrue,26745,133,10516,26,4,7,4,4,7,7,7,7,7,8,9,5,8,9,5,9,9,9,7,7,7,8,9,5,9,8,7,6,6,6,6,6,6,6,6,6,9,9,9,8,8,9,6,4,5,10,9,7,8,4,6,5,7,3,4,3,5,6,6,3,5,4
sf,cvs,etherboot,etherboot/gpxe/gpxe-0.5/src/net/netdevice.c,buggy,c,IssueTrue,26745,133,10516,26,4,9,4,7,9,7,7,7,7,8,9,5,8,9,5,9,9,9,6,6,6,8,9,5,6,6,6,6,6,6,6,6,6,6,6,6,9,9,9,8,8,9,3,4,6,6,8,8,5,4,7,6,7,5,4,4,5,6,6,3,5,4
sf,cvs,etherboot,etherboot/gpxe/gpxe-0.5/src/net/retry.c,clean,c,IssueTrue,26745,133,10516,26,3,8,3,4,9,7,7,7,7,8,9,5,8,9,5,9,9,9,6,6,6,8,9,5,6,6,6,6,6,6,6,6,6,6,6,6,9,9,9,8,8,9,4,4,4,7,8,6,6,4,5,6,7,5,5,5,5,6,6,3,5,4
sf,cvs,etherboot,etherboot/gpxe/gpxe-0.5/src/net/tcp.c,buggy,c,IssueTrue,26745,133,10516,26,9,10,9,7,6,9,7,7,7,8,9,5,8,9,5,9,9,9,6,6,6,8,9,5,6,6,6,6,6,6,6,6,6,6,6,6,9,9,9,8,8,9,9,10,10,10,10,9,9,9,9,10,10,9,10,10,9,10,10,10,10,10
sf,cvs,etherboot,etherboot/gpxe/gpxe-0.5/src/net/tcp/ftp.c,buggy,c,IssueTrue,26745,133,10516,26,6,10,6,7,8,8,7,7,7,8,9,5,8,9,5,9,9,9,6,6,6,8,9,5,8,7,7,6,6,6,6,6,6,6,6,6,9,9,9,8,8,9,4,6,7,7,9,9,5,5,8,3,7,10,8,7,4,5,5,1,2,2
sf,cvs,etherboot,etherboot/gpxe/gpxe-0.5/src/net/tcp/http.c,buggy,c,IssueTrue,26745,133,10516,26,5,8,5,5,7,7,7,7,7,8,9,5,8,9,5,9,9,9,6,6,6,8,9,5,6,6,6,6,6,6,6,6,6,6,6,6,9,9,9,8,8,9,6,7,7,6,6,6,5,5,6,5,10,3,4,3,6,6,7,4,5,4
sf,cvs,etherboot,etherboot/gpxe/gpxe-0.5/src/net/tcp/iscsi.c,buggy,c,IssueTrue,26745,133,10516,26,9,10,9,10,7,7,7,7,7,8,9,5,8,9,5,9,9,9,6,6,6,8,9,5,8,7,7,6,6,6,6,6,6,6,6,6,9,9,9,8,8,9,6,7,10,9,9,10,6,6,10,10,9,10,10,10,9,10,10,10,10,10
sf,cvs,etherboot,etherboot/gpxe/gpxe-0.5/src/net/tcpip.c,clean,c,IssueTrue,26745,133,10516,26,3,7,3,4,8,7,7,7,7,8,9,5,8,9,5,9,9,9,6,6,6,8,9,5,6,6,6,6,6,6,6,6,6,6,6,6,9,9,9,8,8,9,5,4,5,9,8,7,4,3,4,9,7,7,8,7,9,9,10,9,10,9
sf,cvs,etherboot,etherboot/gpxe/gpxe-0.5/src/net/udp.c,clean,c,IssueTrue,26745,133,10516,26,5,9,5,5,8,8,7,7,7,8,9,5,8,9,5,9,9,9,6,6,6,8,9,5,6,6,6,6,6,6,6,6,6,6,6,6,9,9,9,8,8,9,5,5,6,9,9,8,8,7,7,10,9,8,10,10,9,10,10,10,10,10
sf,cvs,etherboot,etherboot/gpxe/gpxe-0.5/src/net/udp/dhcp.c,buggy,c,IssueTrue,26745,133,10516,26,8,10,8,8,8,8,7,7,7,8,9,5,8,9,5,9,9,9,6,6,6,8,9,5,6,6,6,6,6,6,6,6,6,6,6,6,9,9,9,8,8,9,7,6,9,9,9,9,7,8,9,10,10,9,10,10,8,10,10,9,10,10
sf,cvs,etherboot,etherboot/gpxe/gpxe-0.5/src/net/udp/tftp.c,buggy,c,IssueTrue,26745,133,10516,26,7,9,7,7,7,7,7,7,7,8,9,5,8,9,5,9,9,9,6,6,6,8,9,5,8,7,7,6,6,6,6,6,6,6,6,6,9,9,9,8,8,9,6,6,8,8,8,9,7,6,9,3,7,5,4,4,4,5,5,6,6,4
sf,cvs,etherboot,etherboot/gpxe/gpxe-0.5/src/proto/nmb.c,clean,c,IssueTrue,26745,133,10516,26,4,3,4,3,5,5,7,7,7,8,9,5,8,9,5,9,9,9,6,6,6,8,9,5,6,6,6,6,6,6,6,6,6,6,6,6,9,9,9,8,8,9,6,4,3,8,7,4,10,7,5,3,7,3,3,3,6,6,6,1,2,2
sf,cvs,etherboot,etherboot/gpxe/gpxe-0.5/src/tests/Attic/tftptest.c,clean,c,IssueTrue,26745,133,10516,26,2,1,2,3,1,5,7,7,7,8,9,5,8,9,5,9,9,9,6,6,6,8,9,5,6,6,6,6,6,6,6,6,6,6,6,6,9,9,9,8,8,9,3,4,3,7,5,4,7,5,4,3,7,8,6,6,9,8,8,9,7,6
sf,cvs,etherboot,etherboot/gpxe/gpxe-0.5/src/tests/dhcptest.c,buggy,c,IssueTrue,26745,133,10516,26,6,4,7,6,3,8,7,7,7,8,9,5,8,9,5,9,9,9,6,6,6,8,9,5,6,6,6,6,6,6,6,6,6,6,6,6,9,9,9,8,8,9,5,5,7,6,6,7,9,7,9,10,7,8,9,10,6,8,9,5,8,9
sf,cvs,etherboot,etherboot/gpxe/gpxe-0.5/src/tests/iscsiboot.c,buggy,c,IssueTrue,26745,133,10516,26,3,1,3,2,1,5,7,7,7,8,9,5,8,9,5,9,9,9,6,6,6,8,9,5,6,6,6,6,6,6,6,6,6,6,6,6,9,9,9,8,8,9,4,4,2,10,9,5,10,7,5,9,7,5,5,6,5,7,7,2,5,5
