Host,Vcs,Project,File,Buggy,PL,IssueTracking,TLOC,TNF,TNC,TND,LOC,CL,NStmt,NFunc,RCC,MNL,avg_WMC,max_WMC,total_WMC,avg_DIT,max_DIT,total_DIT,avg_RFC,max_RFC,total_RFC,avg_NOC,max_NOC,total_NOC,avg_CBO,max_CBO,total_CBO,avg_DIT.1,max_DIT.1,total_DIT.1,avg_NIV,max_NIV,total_NIV,avg_NIM,max_NIM,total_NIM,avg_NOM,max_NOM,total_NOM,avg_NPBM,max_NPBM,total_NPBM,avg_NPM,max_NPM,total_NPM,avg_NPRM,max_NPRM,total_NPRM,avg_CC,max_CC,total_CC,avg_FANIN,max_FANIN,total_FANIN,avg_FANOUT,max_FANOUT,total_FANOUT,NRev,NFix,avg_AddedLOC,max_AddedLOC,total_AddedLOC,avg_DeletedLOC,max_DeletedLOC,total_DeletedLOC,avg_ModifiedLOC,max_ModifiedLOC,total_ModifiedLOC
sf,cvs,facecart,facecart/facecart.core/src/com/facecart/ecm/model/Product.java,clean,java,IssueTrue,6555,61,3674,7,9,10,8,10,8,6,9,9,9,5,4,4,9,9,8,9,9,9,6,5,5,5,4,4,10,10,10,10,10,9,10,10,10,10,10,10,8,9,9,7,7,7,4,7,8,4,7,9,2,6,6,4,5,5,6,5,5,5,5,3,3,3
sf,cvs,facecart,facecart/facecart.core/src/com/facecart/ecm/model/structs/Attic/LanguageDescriptor.java,clean,java,IssueTrue,6555,61,3674,7,4,1,5,8,1,2,6,6,5,5,4,4,7,6,6,9,9,9,4,3,3,5,4,4,9,9,8,9,8,7,9,8,8,9,8,8,8,9,9,7,7,7,3,3,5,5,5,6,3,4,4,3,5,3,3,2,4,4,4,3,3,2
sf,cvs,facecart,facecart/facecart.external/src/com/facecart/ecm/facade/ResourceManagerBean.java,buggy,java,IssueTrue,6555,61,3674,7,7,1,8,4,1,7,7,6,5,5,4,4,4,3,3,9,9,9,10,9,9,5,4,4,10,9,8,5,4,3,5,4,4,6,5,5,8,9,9,7,7,7,9,6,6,10,8,7,9,6,5,8,5,10,9,10,8,8,8,8,8,9
sf,cvs,facecart,facecart/facecart.external/src/com/facecart/ecm/facade/ResourceManagerRemote.java,buggy,java,IssueTrue,6555,61,3674,7,2,1,2,4,1,2,3,3,3,1,1,1,1,1,1,10,10,10,5,4,4,1,1,1,4,4,3,5,4,3,5,4,4,5,5,4,8,9,9,7,7,7,3,3,3,4,4,4,2,2,2,8,5,4,5,5,5,5,5,5,6,6
sf,cvs,facecart,facecart/facecart.external/src/com/facecart/ecm/facade/payment/PaymentFacadeBean.java,clean,java,IssueTrue,6555,61,3674,7,6,4,6,5,6,6,5,5,4,9,9,7,7,6,6,9,9,9,7,6,5,9,9,7,4,4,3,6,5,4,6,4,5,6,6,5,8,9,9,7,7,7,6,5,5,4,4,4,8,6,5,3,5,5,4,4,4,4,4,6,6,3
sf,cvs,facecart,facecart/facecart.external/src/com/facecart/ecm/payments/CashOnDelivery.java,clean,java,IssueTrue,6555,61,3674,7,2,5,3,4,9,4,3,3,3,9,9,7,4,3,3,9,9,9,5,5,4,9,9,7,8,8,7,5,4,3,5,4,4,6,5,5,8,9,9,7,7,7,4,4,3,3,2,3,3,5,3,4,5,4,4,3,7,6,6,2,3,2
sf,cvs,facecart,facecart/facecart.external/src/com/facecart/ecm/payments/Paypal.java,clean,java,IssueTrue,6555,61,3674,7,4,6,4,4,9,4,3,3,3,9,9,7,4,3,3,9,9,9,6,5,5,9,9,7,9,9,8,5,4,3,5,4,4,6,5,5,8,9,9,7,7,7,4,4,3,3,4,3,6,6,4,3,5,3,3,2,8,6,6,2,2,1
sf,cvs,facecart,facecart/facecart.facade/src/com/facecart/ecm/facade/admin/CategoryFacadeBean.java,clean,java,IssueTrue,6555,61,3674,7,9,9,9,9,6,7,9,9,9,9,9,7,8,8,8,9,9,9,9,9,8,9,9,7,8,7,6,9,9,8,10,9,9,9,8,8,8,9,9,10,10,10,7,8,8,7,7,9,8,7,9,4,5,4,5,4,4,4,4,8,8,6
sf,cvs,facecart,facecart/facecart.facade/src/com/facecart/ecm/facade/admin/ProductFacadeBean.java,buggy,java,IssueTrue,6555,61,3674,7,9,8,9,9,5,4,9,8,8,9,9,7,9,8,8,9,9,9,10,9,9,9,9,7,7,7,5,10,9,8,10,9,9,10,9,9,8,9,9,7,7,7,4,5,7,6,5,8,7,9,8,6,5,5,6,5,8,7,7,5,7,5
sf,cvs,facecart,facecart/facecart.facade/src/com/facecart/ecm/facade/admin/ProductFacadeRemote.java,buggy,java,IssueTrue,6555,61,3674,7,4,9,4,9,10,2,8,7,7,5,4,4,8,7,7,10,10,10,4,3,3,5,4,4,4,4,3,10,9,8,10,9,9,10,9,9,8,9,9,7,7,7,3,3,7,2,4,4,2,2,3,3,5,3,3,2,4,4,4,5,5,3
sf,cvs,facecart,facecart/facecart.facade/src/com/facecart/ecm/facade/admin/ProductOperatorBean.java,buggy,java,IssueTrue,6555,61,3674,7,8,7,8,7,6,9,8,7,7,5,4,4,7,6,5,9,9,9,9,8,8,5,4,4,10,10,9,9,8,7,9,8,7,9,8,7,8,9,9,9,8,8,6,7,7,7,7,7,6,9,6,6,5,4,5,4,8,8,8,5,6,5
sf,cvs,facecart,facecart/facecart.facade/src/com/facecart/ecm/facade/common/Attic/ProductAttributesBean.java,clean,java,IssueTrue,6555,61,3674,7,9,6,9,9,4,4,9,8,8,9,9,7,9,8,8,9,9,9,7,6,5,9,9,7,4,4,3,10,9,8,10,9,9,10,9,9,8,9,9,9,8,8,4,4,8,5,5,8,6,7,8,3,5,5,4,4,4,4,4,5,5,3
sf,cvs,facecart,facecart/facecart.facade/src/com/facecart/ecm/facade/common/ConstraintsBeanRemote.java,clean,java,IssueTrue,6555,61,3674,7,1,1,1,2,9,2,1,1,1,1,1,1,1,1,1,9,9,9,2,1,1,1,1,1,4,4,3,2,2,2,1,1,1,2,2,2,8,9,9,7,7,7,3,3,2,2,2,2,2,2,2,3,5,3,3,2,4,4,4,3,3,2
sf,cvs,facecart,facecart/facecart.facade/src/com/facecart/ecm/facade/common/ManufacturerFacadeBean.java,clean,java,IssueTrue,6555,61,3674,7,6,5,7,6,6,6,6,6,5,9,9,7,8,7,7,9,9,9,8,7,7,9,9,7,8,7,6,7,6,5,7,6,6,8,7,6,8,9,9,7,7,7,6,6,5,6,6,6,6,4,5,4,5,3,3,2,4,4,4,3,3,3
sf,cvs,facecart,facecart/facecart.facade/src/com/facecart/ecm/facade/common/RegionalFacadeBean.java,clean,java,IssueTrue,6555,61,3674,7,10,9,10,10,5,6,10,10,9,9,9,7,9,9,8,9,9,9,8,7,6,9,9,7,7,7,5,10,10,9,10,10,10,10,9,9,8,9,9,10,10,10,6,6,9,6,5,9,7,8,9,6,5,7,6,6,4,4,4,7,8,6
sf,cvs,facecart,facecart/facecart.facade/src/com/facecart/ecm/facade/common/ReviewFacadeRemote.java,clean,java,IssueTrue,6555,61,3674,7,2,6,2,5,10,2,4,3,3,5,4,4,5,4,4,10,10,10,4,3,3,5,4,4,4,4,3,6,5,4,6,5,5,7,6,5,8,9,9,7,7,7,3,3,4,2,2,2,2,2,2,3,5,4,4,3,4,4,4,2,2,1
sf,cvs,facecart,facecart/facecart.facade/src/com/facecart/ecm/facade/common/TaxFacadeRemote.java,clean,java,IssueTrue,6555,61,3674,7,2,7,2,5,10,2,4,3,3,5,4,4,5,4,4,10,10,10,4,3,3,5,4,4,4,4,3,6,5,4,6,5,5,7,6,5,8,9,9,7,7,7,3,3,4,2,3,3,2,2,3,3,5,4,4,3,4,4,4,2,2,1
sf,cvs,facecart,facecart/facecart.facade/src/com/facecart/ecm/facade/customer/CustomerFacadeRemote.java,buggy,java,IssueTrue,6555,61,3674,7,2,7,2,5,10,2,4,4,3,5,4,4,5,4,4,10,10,10,4,3,3,5,4,4,4,4,3,7,6,5,7,5,5,7,6,6,8,9,9,7,7,7,3,3,4,2,2,2,2,2,2,3,5,3,3,2,4,4,4,3,3,2
sf,cvs,facecart,facecart/facecart.facade/src/com/facecart/ecm/facade/customer/OrdersFacadeBean.java,buggy,java,IssueTrue,6555,61,3674,7,6,4,7,5,5,6,5,5,4,9,9,7,7,6,6,9,9,9,7,6,5,9,9,7,6,6,4,6,5,4,6,4,5,6,6,5,8,9,9,7,7,7,6,6,5,5,5,5,9,8,6,3,5,3,3,2,4,4,4,5,5,3
sf,cvs,facecart,facecart/facecart.facade/src/com/facecart/ecm/facade/customer/OrdersFacadeRemote.java,buggy,java,IssueTrue,6555,61,3674,7,2,6,2,5,10,2,3,3,3,5,4,4,4,3,4,10,10,10,2,2,2,5,4,4,4,4,3,6,5,4,6,4,5,6,6,5,8,9,9,7,7,7,3,3,3,3,4,3,2,2,2,4,5,3,3,2,4,4,4,3,3,3
sf,cvs,facecart,facecart/facecart.web.customer/src/com/facecart/ecm/boxes/OrderHistoryBean.java,clean,java,IssueTrue,6555,61,3674,7,4,5,4,5,8,4,5,4,4,9,9,7,5,4,4,9,9,9,6,5,5,9,9,7,8,8,7,6,5,4,6,5,5,7,6,5,8,9,9,7,7,7,4,4,4,4,5,4,7,6,5,3,5,4,4,3,4,4,4,7,6,4
sf,cvs,facecart,facecart/facecart.web.customer/src/com/facecart/ecm/modules/checkout/OrderConfirmation.java,buggy,java,IssueTrue,6555,61,3674,7,7,8,8,7,7,4,7,6,5,9,9,7,6,5,5,9,9,9,8,7,6,9,9,7,9,9,8,8,8,6,8,7,7,8,7,6,8,9,9,10,10,10,4,4,6,4,5,6,8,9,8,3,5,5,4,4,4,4,4,3,3,2
sf,cvs,facecart,facecart/facecart.web.merchant/src/com/facecart/ecm/merchant/catalog/categories/CatalogEditorPanel.java,clean,java,IssueTrue,6555,61,3674,7,7,8,7,8,8,6,8,7,7,5,4,4,7,7,6,9,9,9,9,8,7,5,4,4,10,9,8,9,9,8,9,9,8,9,9,8,8,9,9,9,8,8,4,7,7,5,6,7,4,6,6,6,5,6,7,6,8,8,7,4,5,4
sf,cvs,facecart,facecart/facecart.web.merchant/src/com/facecart/ecm/merchant/catalog/categories/CategoriesBean.java,clean,java,IssueTrue,6555,61,3674,7,9,10,9,10,8,6,9,9,9,5,4,4,8,8,8,9,9,9,9,8,8,5,4,4,10,10,10,10,10,9,10,10,10,10,9,9,8,9,9,10,9,9,5,6,8,6,8,9,5,7,9,3,5,3,3,2,4,4,4,5,5,3
sf,cvs,facecart,facecart/facecart.web.merchant/src/com/facecart/ecm/merchant/catalog/categories/NewProductForm.java,clean,java,IssueTrue,6555,61,3674,7,8,9,8,9,8,6,9,8,8,5,4,4,8,7,7,9,9,9,8,7,6,5,4,4,10,9,8,9,9,8,10,9,9,9,9,8,8,9,9,9,8,8,5,5,7,5,5,7,5,5,7,3,5,3,3,2,9,8,7,5,5,3
sf,cvs,facecart,facecart/facecart.web.merchant/src/com/facecart/ecm/merchant/catalog/manufacturers/EditPanel.java,clean,java,IssueTrue,6555,61,3674,7,7,8,8,8,8,6,9,8,8,9,9,7,7,6,6,9,9,9,8,7,7,9,9,7,9,9,8,9,9,8,9,9,8,8,7,7,10,10,10,10,10,10,6,6,7,5,5,7,4,5,6,6,5,6,6,6,10,9,9,6,7,5
sf,cvs,facecart,facecart/facecart.web.merchant/src/com/facecart/ecm/merchant/localization/languages/Attic/LanguageDescriptorParser.java,clean,java,IssueTrue,6555,61,3674,7,5,1,6,5,2,4,7,6,6,9,9,7,8,7,7,9,9,9,10,9,9,9,9,7,8,8,7,6,5,4,7,5,5,7,6,6,8,9,9,7,7,7,7,8,6,6,5,6,5,5,4,3,5,8,6,5,7,6,6,7,6,4
sf,cvs,facecart,facecart/facecart.web.merchant/src/com/facecart/ecm/merchant/localization/languages/LanguageEditor.java,clean,java,IssueTrue,6555,61,3674,7,4,4,5,4,7,6,5,4,4,9,9,7,4,3,3,9,9,9,8,7,6,9,9,7,6,6,4,5,4,3,5,4,4,5,4,3,10,10,10,7,7,7,6,6,4,3,3,3,5,6,3,3,5,7,6,5,4,4,4,3,3,2
sf,cvs,facecart,facecart/facecart.web.merchant/src/com/facecart/ecm/merchant/localization/orderstatus/OrderStatusEditor.java,clean,java,IssueTrue,6555,61,3674,7,4,6,4,6,9,4,5,5,4,9,9,7,6,5,5,9,9,9,4,3,3,9,9,7,6,6,4,7,7,5,7,6,6,5,5,4,10,10,10,7,7,7,4,4,5,3,3,3,4,3,4,3,5,7,6,5,4,4,4,2,2,1
sf,cvs,facecart,facecart/facecart.web/src/com/facecart/ecm/application/GlobalVariables.java,buggy,java,IssueTrue,6555,61,3674,7,9,10,9,10,8,7,10,9,9,5,4,4,9,9,8,9,9,9,10,10,9,5,4,4,10,10,10,10,10,10,10,10,10,10,10,10,8,9,9,10,9,9,4,7,9,4,8,9,4,7,8,6,5,7,8,7,9,8,8,9,9,8
sf,cvs,facecart,facecart/facecart.web/src/com/facecart/ecm/application/jndi/Attic/JBossResolver.java,clean,java,IssueTrue,6555,61,3674,7,3,1,3,3,2,4,3,3,3,5,4,4,3,2,3,9,9,9,7,6,6,5,4,4,7,7,5,4,3,3,3,2,3,5,4,3,8,9,9,7,7,7,5,4,3,5,4,3,4,3,3,3,5,3,3,2,4,4,4,5,5,3
