Host,Vcs,Project,File,Buggy,PL,IssueTracking,TLOC,TNF,TNC,TND,LOC,CL,NStmt,NFunc,RCC,MNL,avg_WMC,max_WMC,total_WMC,avg_DIT,max_DIT,total_DIT,avg_RFC,max_RFC,total_RFC,avg_NOC,max_NOC,total_NOC,avg_CBO,max_CBO,total_CBO,avg_DIT.1,max_DIT.1,total_DIT.1,avg_NIV,max_NIV,total_NIV,avg_NIM,max_NIM,total_NIM,avg_NOM,max_NOM,total_NOM,avg_NPBM,max_NPBM,total_NPBM,avg_NPM,max_NPM,total_NPM,avg_NPRM,max_NPRM,total_NPRM,avg_CC,max_CC,total_CC,avg_FANIN,max_FANIN,total_FANIN,avg_FANOUT,max_FANOUT,total_FANOUT,NRev,NFix,avg_AddedLOC,max_AddedLOC,total_AddedLOC,avg_DeletedLOC,max_DeletedLOC,total_DeletedLOC,avg_ModifiedLOC,max_ModifiedLOC,total_ModifiedLOC
sf,cvs,fbmanager,fbmanager/mghie/src/Attic/BaseDialog.cpp,buggy,cpp,IssueTrue,12794,97,2492,6,5,8,4,7,7,9,7,7,7,7,7,5,4,5,5,9,9,9,6,6,6,7,7,5,6,6,6,6,6,6,6,6,6,6,6,6,9,9,9,8,8,9,7,7,6,8,8,8,6,6,6,5,5,6,5,6,8,7,7,7,9,8
sf,cvs,fbmanager,fbmanager/mghie/src/Attic/BaseDialog.h,clean,cpp,IssueTrue,12794,97,2492,6,1,8,2,1,10,3,9,9,8,9,9,7,6,6,6,10,10,10,7,7,7,9,9,7,7,7,7,9,9,8,9,9,8,7,7,7,10,10,10,8,8,9,2,1,2,2,2,2,1,1,2,2,5,5,4,4,8,6,6,3,3,2
sf,cvs,fbmanager,fbmanager/mghie/src/Attic/BaseFrame.cpp,buggy,cpp,IssueTrue,12794,97,2492,6,5,8,4,6,8,7,7,7,7,7,7,5,4,5,5,9,9,9,6,6,6,7,7,5,6,6,6,6,6,6,6,6,6,6,6,6,9,9,9,8,8,9,7,6,6,8,10,8,6,7,6,4,8,4,4,4,5,6,5,5,6,5
sf,cvs,fbmanager,fbmanager/mghie/src/Attic/MainFrame.h,buggy,cpp,IssueTrue,12794,97,2492,6,3,7,4,1,8,3,10,10,10,10,10,8,10,9,8,9,9,9,10,10,10,10,10,8,7,7,7,10,10,10,10,10,10,10,10,10,10,10,10,10,10,10,2,1,2,2,2,2,1,1,2,3,5,4,3,4,5,5,4,2,2,1
sf,cvs,fbmanager,fbmanager/mghie/src/Attic/MainFrameImpl.cpp,buggy,cpp,IssueTrue,12794,97,2492,6,10,10,9,10,4,9,7,7,7,7,7,5,4,5,5,9,9,9,6,6,6,7,7,5,6,6,6,6,6,6,6,6,6,6,6,6,9,9,9,8,8,9,9,9,10,3,5,7,10,9,10,9,8,6,7,9,7,9,8,6,9,9
sf,cvs,fbmanager,fbmanager/mghie/src/Attic/config.h,buggy,cpp,IssueTrue,12794,97,2492,6,3,7,3,2,9,5,10,9,9,7,7,5,9,8,8,9,9,9,7,7,7,7,7,5,8,8,7,10,10,10,10,10,9,10,10,10,9,9,9,9,9,9,2,1,2,2,2,2,1,1,2,3,5,7,6,6,5,5,4,2,2,1
sf,cvs,fbmanager,fbmanager/mghie/src/addconstrainthandler.cpp,buggy,cpp,IssueTrue,12794,97,2492,6,6,7,5,3,5,7,9,9,8,9,9,7,6,5,6,9,9,9,9,9,9,9,9,7,6,6,6,7,7,7,7,7,7,6,6,7,9,9,9,9,9,9,10,9,7,7,4,4,10,9,7,4,5,3,3,3,10,9,9,3,5,4
sf,cvs,fbmanager,fbmanager/mghie/src/frDataGrid.cpp,buggy,cpp,IssueTrue,12794,97,2492,6,8,9,8,7,5,10,7,7,7,7,7,5,4,5,5,9,9,9,6,6,6,7,7,5,6,6,6,6,6,6,6,6,6,6,6,6,9,9,9,8,8,9,10,9,9,3,4,4,9,8,9,8,8,9,9,10,8,9,8,7,10,9
sf,cvs,fbmanager,fbmanager/mghie/src/frDataGrid.h,clean,cpp,IssueTrue,12794,97,2492,6,2,5,2,1,9,3,10,10,9,9,9,7,8,7,7,9,9,9,9,8,8,9,9,7,6,6,6,10,9,9,10,9,9,9,9,9,9,9,9,10,9,9,2,1,2,2,2,2,1,1,2,5,8,5,5,5,5,6,5,7,9,7
sf,cvs,fbmanager,fbmanager/mghie/src/frDataGridTable.cpp,clean,cpp,IssueTrue,12794,97,2492,6,8,9,7,8,5,9,7,7,7,7,7,5,4,5,5,9,9,9,6,6,6,7,7,5,6,6,6,6,6,6,6,6,6,6,6,6,9,9,9,8,8,9,9,9,8,8,7,9,8,9,9,7,9,7,8,8,6,7,6,9,10,10
sf,cvs,fbmanager,fbmanager/mghie/src/frDataGridTable.h,clean,cpp,IssueTrue,12794,97,2492,6,2,6,3,1,9,3,10,10,9,9,9,7,8,7,7,9,9,9,9,8,8,9,9,7,10,9,9,10,9,9,10,9,9,10,10,9,9,9,9,8,8,9,2,1,2,2,2,2,1,1,2,6,8,4,4,5,5,5,4,7,9,8
sf,cvs,fbmanager,fbmanager/mghie/src/framemanager.cpp,buggy,cpp,IssueTrue,12794,97,2492,6,4,7,4,5,8,7,7,7,7,7,7,5,4,5,5,9,9,9,6,6,6,7,7,5,6,6,6,6,6,6,6,6,6,6,6,6,9,9,9,8,8,9,8,6,5,9,8,6,6,7,5,2,8,5,4,4,5,5,4,8,8,5
sf,cvs,fbmanager,fbmanager/mghie/src/framemanager.h,buggy,cpp,IssueTrue,12794,97,2492,6,1,4,2,1,10,3,8,8,8,9,9,7,5,5,6,9,9,9,8,7,8,9,9,7,7,7,7,8,8,8,8,8,7,8,8,8,10,10,10,8,8,9,2,1,2,2,2,2,1,1,2,2,8,3,3,3,5,5,4,6,6,4
sf,cvs,fbmanager,fbmanager/mghie/src/frutils.cpp,clean,cpp,IssueTrue,12794,97,2492,6,5,8,5,4,7,7,7,7,7,7,7,5,4,5,5,9,9,9,6,6,6,7,7,5,6,6,6,6,6,6,6,6,6,6,6,6,9,9,9,8,8,9,10,7,6,9,6,5,10,7,7,2,5,9,7,7,5,5,4,3,3,2
sf,cvs,fbmanager,fbmanager/mghie/src/frutils.h,clean,cpp,IssueTrue,12794,97,2492,6,1,6,1,1,10,3,7,7,7,7,7,5,4,5,5,9,9,9,6,6,6,7,7,5,6,6,6,6,6,6,6,6,6,6,6,6,9,9,9,8,8,9,2,1,2,2,2,2,1,1,2,2,5,6,5,5,5,5,4,3,3,2
sf,cvs,fbmanager,fbmanager/mghie/src/gui/BackupFrame.cpp,buggy,cpp,IssueTrue,12794,97,2492,6,8,8,8,7,4,7,9,8,8,9,9,7,5,5,6,9,9,9,8,7,8,9,9,7,10,9,9,8,8,7,8,7,7,7,7,7,9,9,9,10,9,9,8,7,7,6,7,7,9,8,8,5,8,3,3,3,5,6,5,5,6,6
sf,cvs,fbmanager,fbmanager/mghie/src/gui/BackupRestoreBaseFrame.cpp,buggy,cpp,IssueTrue,12794,97,2492,6,8,8,7,8,5,9,7,7,7,7,7,5,4,5,5,9,9,9,6,6,6,7,7,5,6,6,6,6,6,6,6,6,6,6,6,6,9,9,9,8,8,9,9,8,8,7,7,8,9,8,9,3,5,3,3,3,5,5,4,6,7,5
sf,cvs,fbmanager,fbmanager/mghie/src/gui/DatabaseRegistrationDialog.cpp,buggy,cpp,IssueTrue,12794,97,2492,6,7,8,6,6,5,7,7,7,7,7,7,5,4,5,5,9,9,9,6,6,6,7,7,5,6,6,6,6,6,6,6,6,6,6,6,6,9,9,9,8,8,9,8,7,7,10,9,8,10,9,9,6,8,4,5,5,10,10,9,9,9,9
sf,cvs,fbmanager,fbmanager/mghie/src/gui/ExecuteSqlFrame.cpp,buggy,cpp,IssueTrue,12794,97,2492,6,10,10,10,10,4,10,8,8,9,9,9,10,5,5,9,9,9,9,9,9,10,9,9,10,6,6,6,6,6,8,6,6,8,6,6,8,9,9,9,8,8,9,9,9,10,9,10,10,10,10,10,10,10,8,9,10,8,9,9,7,10,10
sf,cvs,fbmanager,fbmanager/mghie/src/gui/ExecuteSqlFrame.h,clean,cpp,IssueTrue,12794,97,2492,6,6,7,5,2,6,3,10,10,10,9,10,10,9,9,9,9,9,9,10,10,10,9,10,10,10,10,10,10,10,10,10,10,10,9,9,10,10,10,10,10,10,10,4,3,2,7,4,3,6,3,2,8,5,6,7,8,8,9,8,5,6,8
sf,cvs,fbmanager,fbmanager/mghie/src/gui/FindDialog.cpp,clean,cpp,IssueTrue,12794,97,2492,6,9,9,8,8,5,9,7,7,7,7,7,5,4,5,5,9,9,9,6,6,6,7,7,5,6,6,6,6,6,6,6,6,6,6,6,6,9,9,9,8,8,9,9,8,9,10,9,9,9,9,9,6,9,8,7,8,9,9,8,9,9,9
sf,cvs,fbmanager,fbmanager/mghie/src/gui/MetadataItemPropertiesFrame.cpp,buggy,cpp,IssueTrue,12794,97,2492,6,10,10,9,9,3,10,8,7,8,9,9,8,5,5,7,9,9,9,8,8,9,9,9,8,6,6,6,6,6,6,6,6,6,6,6,7,9,9,9,8,8,9,10,10,10,7,8,9,10,10,10,9,9,8,9,10,8,9,8,6,9,9
sf,cvs,fbmanager,fbmanager/mghie/src/gui/MetadataItemPropertiesFrame.h,clean,cpp,IssueTrue,12794,97,2492,6,3,6,3,1,8,3,10,10,10,9,10,9,7,8,8,9,9,9,9,10,10,9,10,9,8,9,9,9,9,10,9,9,9,7,7,8,10,10,10,9,10,10,2,1,2,2,2,2,1,1,2,5,5,7,7,7,5,6,5,4,6,5
sf,cvs,fbmanager,fbmanager/mghie/src/gui/MultilineEnterDialog.cpp,clean,cpp,IssueTrue,12794,97,2492,6,5,8,5,7,7,5,7,7,7,7,7,5,4,5,5,9,9,9,6,6,6,7,7,5,6,6,6,6,6,6,6,6,6,6,6,6,9,9,9,8,8,9,5,4,5,4,5,5,6,6,7,4,5,10,9,9,5,6,5,7,8,7
sf,cvs,fbmanager,fbmanager/mghie/src/gui/PreferencesDialog.cpp,buggy,cpp,IssueTrue,12794,97,2492,6,9,10,9,9,4,10,9,9,9,9,9,7,8,7,7,9,9,9,6,6,7,9,9,7,8,8,7,10,9,9,9,9,9,9,9,9,10,10,10,9,9,9,9,9,10,7,7,9,9,9,10,6,8,4,4,4,5,5,4,8,9,9
sf,cvs,fbmanager,fbmanager/mghie/src/gui/PreferencesDialog.h,buggy,cpp,IssueTrue,12794,97,2492,6,4,7,4,1,7,3,10,10,10,9,10,9,9,8,8,10,10,10,9,9,9,9,10,9,10,10,10,10,9,10,10,9,10,9,9,9,10,10,10,10,10,10,2,1,2,2,2,2,1,1,2,5,5,3,3,4,5,5,4,5,7,6
sf,cvs,fbmanager,fbmanager/mghie/src/gui/PreferencesDialogSettings.cpp,buggy,cpp,IssueTrue,12794,97,2492,6,10,10,9,10,3,10,9,9,10,10,10,10,9,8,10,9,9,9,7,7,9,10,10,10,9,9,10,9,9,10,9,9,10,8,8,10,10,10,10,9,9,10,8,8,10,7,8,10,8,7,10,3,5,10,9,8,7,6,6,7,8,6
sf,cvs,fbmanager,fbmanager/mghie/src/gui/ReorderFieldsDialog.cpp,buggy,cpp,IssueTrue,12794,97,2492,6,7,8,7,7,6,5,7,7,7,9,9,7,5,5,6,9,9,9,7,7,7,9,9,7,6,6,6,6,6,6,6,6,6,6,6,7,9,9,9,8,8,9,7,6,6,3,5,4,7,7,7,4,5,3,3,3,8,7,7,6,8,6
sf,cvs,fbmanager,fbmanager/mghie/src/gui/RestoreFrame.cpp,buggy,cpp,IssueTrue,12794,97,2492,6,8,8,8,7,4,7,9,8,8,9,9,7,5,5,6,9,9,9,8,7,8,9,9,7,10,10,9,8,8,7,8,7,7,7,7,7,9,9,9,10,9,9,9,8,8,10,9,9,10,9,9,5,8,4,4,4,6,6,6,7,8,7
sf,cvs,fbmanager,fbmanager/mghie/src/gui/ServerRegistrationDialog.cpp,clean,cpp,IssueTrue,12794,97,2492,6,4,8,4,5,8,5,7,7,7,7,7,5,4,5,5,9,9,9,6,6,6,7,7,5,6,6,6,6,6,6,6,6,6,6,6,6,9,9,9,8,8,9,5,4,4,8,7,7,9,7,7,3,5,3,3,3,10,9,8,7,8,5
sf,cvs,fbmanager,fbmanager/mghie/src/gui/TriggerWizardDialog.cpp,clean,cpp,IssueTrue,12794,97,2492,6,6,7,6,4,6,5,7,7,7,9,9,7,5,5,6,9,9,9,8,7,8,9,9,7,6,6,6,6,6,6,6,6,6,6,6,7,9,9,9,8,8,9,6,5,4,9,8,6,10,8,7,3,5,8,7,7,6,6,5,6,7,5
sf,cvs,fbmanager,fbmanager/mghie/src/logger.cpp,buggy,cpp,IssueTrue,12794,97,2492,6,4,7,4,3,7,10,7,7,7,7,7,5,4,5,5,9,9,9,6,6,6,7,7,5,6,6,6,6,6,6,6,6,6,6,6,6,9,9,9,8,8,9,10,8,6,9,7,5,10,9,6,6,8,5,6,6,8,8,7,4,7,5
sf,cvs,fbmanager,fbmanager/mghie/src/logger.h,clean,cpp,IssueTrue,12794,97,2492,6,1,6,1,2,10,3,8,8,8,7,7,5,4,5,6,9,9,9,8,8,9,7,7,5,7,8,7,6,6,6,6,7,7,6,6,7,9,9,9,9,9,9,4,3,2,7,4,3,6,3,2,2,5,3,3,3,5,5,4,2,2,1
sf,cvs,fbmanager,fbmanager/mghie/src/main.cpp,buggy,cpp,IssueTrue,12794,97,2492,6,2,6,3,2,10,5,7,7,7,7,7,5,4,5,5,9,9,9,6,6,6,7,7,5,6,6,6,6,6,6,6,6,6,6,6,6,9,9,9,8,8,9,8,4,2,3,2,2,10,6,3,3,8,4,4,4,5,5,4,7,8,6
sf,cvs,fbmanager,fbmanager/mghie/src/main.h,buggy,cpp,IssueTrue,12794,97,2492,6,1,5,1,1,10,3,7,7,7,9,9,7,4,5,5,9,9,9,8,7,8,9,9,7,6,6,6,6,7,6,6,6,6,7,7,7,9,9,9,8,8,9,2,1,2,2,2,2,1,1,2,4,5,4,5,5,5,5,4,3,5,4
sf,cvs,fbmanager,fbmanager/mghie/src/metadata/Attic/indices.cpp,clean,cpp,IssueTrue,12794,97,2492,6,3,6,2,5,9,7,7,7,7,7,7,5,4,5,5,9,9,9,6,6,6,7,7,5,6,6,6,6,6,6,6,6,6,6,6,6,9,9,9,8,8,9,6,5,4,6,5,5,5,5,4,2,5,4,3,3,5,5,4,2,2,1
sf,cvs,fbmanager,fbmanager/mghie/src/metadata/collection.h,clean,cpp,IssueTrue,12794,97,2492,6,6,9,5,8,7,7,7,7,7,7,7,5,4,5,5,9,9,9,6,6,6,7,7,5,6,6,6,6,6,6,6,6,6,6,6,6,9,9,9,8,8,9,7,6,7,9,9,9,6,5,8,3,5,6,6,5,5,5,4,2,2,1
sf,cvs,fbmanager,fbmanager/mghie/src/metadata/column.cpp,buggy,cpp,IssueTrue,12794,97,2492,6,5,7,5,6,7,7,7,7,7,7,7,5,4,5,5,9,9,9,6,6,6,7,7,5,6,6,6,6,6,6,6,6,6,6,6,6,9,9,9,8,8,9,8,7,7,6,7,6,7,5,7,8,5,6,6,8,7,8,7,5,8,7
sf,cvs,fbmanager,fbmanager/mghie/src/metadata/column.h,clean,cpp,IssueTrue,12794,97,2492,6,1,5,2,1,10,3,9,9,8,10,10,8,9,8,8,10,10,10,9,8,8,10,10,8,9,9,9,9,9,8,9,8,8,9,9,9,9,9,9,8,8,9,2,1,2,2,2,2,1,1,2,5,5,4,3,4,5,5,4,3,5,4
sf,cvs,fbmanager,fbmanager/mghie/src/metadata/database.cpp,buggy,cpp,IssueTrue,12794,97,2492,6,10,10,10,10,4,10,7,7,7,7,7,5,4,5,5,9,9,9,6,6,6,7,7,5,6,6,6,6,6,6,6,6,6,6,6,6,9,9,9,8,8,9,10,10,10,10,10,10,9,10,10,9,10,9,10,10,6,7,7,3,7,7
sf,cvs,fbmanager,fbmanager/mghie/src/metadata/database.h,buggy,cpp,IssueTrue,12794,97,2492,6,4,7,4,1,8,3,10,10,10,10,10,8,10,9,9,9,9,9,10,9,9,10,10,8,10,10,10,10,10,10,10,10,10,10,10,10,9,9,9,9,9,9,2,1,2,2,2,2,1,1,2,4,5,4,4,5,5,5,4,3,5,3
sf,cvs,fbmanager,fbmanager/mghie/src/metadata/domain.cpp,buggy,cpp,IssueTrue,12794,97,2492,6,7,7,5,6,5,9,7,7,7,7,7,5,4,5,5,9,9,9,6,6,6,7,7,5,6,6,6,6,6,6,6,6,6,6,6,6,9,9,9,8,8,9,9,9,7,8,8,7,9,9,7,4,5,7,6,7,5,5,4,8,9,8
sf,cvs,fbmanager,fbmanager/mghie/src/metadata/domain.h,clean,cpp,IssueTrue,12794,97,2492,6,1,5,2,1,10,3,9,9,9,10,10,8,9,8,8,9,9,9,8,8,8,10,10,8,10,9,9,8,8,8,8,8,8,9,9,8,9,9,9,8,8,9,2,1,2,2,2,2,1,1,2,2,5,4,3,3,5,5,4,2,2,1
sf,cvs,fbmanager,fbmanager/mghie/src/metadata/function.cpp,clean,cpp,IssueTrue,12794,97,2492,6,5,6,4,5,6,9,7,7,7,7,7,5,4,5,5,9,9,9,6,6,6,7,7,5,6,6,6,6,6,6,6,6,6,6,6,6,9,9,9,8,8,9,8,8,5,5,7,5,7,8,6,4,5,10,9,9,5,5,4,6,8,6
sf,cvs,fbmanager,fbmanager/mghie/src/metadata/function.h,clean,cpp,IssueTrue,12794,97,2492,6,1,5,1,1,10,3,9,8,8,10,10,8,9,8,8,9,9,9,8,7,8,10,10,8,9,9,8,8,8,8,8,8,7,8,8,8,9,9,9,9,9,9,2,1,2,2,2,2,1,1,2,2,5,5,4,4,5,5,4,3,3,2
sf,cvs,fbmanager,fbmanager/mghie/src/metadata/generator.cpp,clean,cpp,IssueTrue,12794,97,2492,6,4,6,3,5,7,5,7,7,7,7,7,5,4,5,5,9,9,9,6,6,6,7,7,5,6,6,6,6,6,6,6,6,6,6,6,6,9,9,9,8,8,9,7,6,5,7,8,5,8,8,6,2,5,3,3,3,5,5,4,3,3,2
sf,cvs,fbmanager,fbmanager/mghie/src/metadata/metadataitem.cpp,buggy,cpp,IssueTrue,12794,97,2492,6,9,10,8,8,5,10,7,7,7,7,7,5,4,5,5,9,9,9,6,6,6,7,7,5,6,6,6,6,6,6,6,6,6,6,6,6,9,9,9,8,8,9,10,10,9,10,10,10,9,10,9,5,5,7,7,7,7,7,6,4,7,5
sf,cvs,fbmanager,fbmanager/mghie/src/metadata/metadataitem.h,clean,cpp,IssueTrue,12794,97,2492,6,4,8,4,7,9,5,10,10,10,9,10,9,9,8,9,10,10,10,8,8,8,9,10,9,8,9,9,10,10,10,9,10,10,10,10,10,9,9,9,8,8,9,5,4,5,4,4,5,3,3,5,4,5,4,4,4,5,5,4,3,5,3
sf,cvs,fbmanager,fbmanager/mghie/src/metadata/parameter.cpp,clean,cpp,IssueTrue,12794,97,2492,6,2,5,2,4,10,3,7,7,7,7,7,5,4,5,5,9,9,9,6,6,6,7,7,5,6,6,6,6,6,6,6,6,6,6,6,6,9,9,9,8,8,9,6,4,3,4,4,3,6,4,4,4,5,3,3,3,5,5,4,3,3,3
sf,cvs,fbmanager,fbmanager/mghie/src/metadata/procedure.cpp,clean,cpp,IssueTrue,12794,97,2492,6,8,7,7,7,3,10,7,7,7,7,7,5,4,5,5,9,9,9,6,6,6,7,7,5,6,6,6,6,6,6,6,6,6,6,6,6,9,9,9,8,8,9,10,8,8,8,7,7,10,9,9,5,5,8,7,7,9,9,8,6,8,6
sf,cvs,fbmanager,fbmanager/mghie/src/metadata/procedure.h,clean,cpp,IssueTrue,12794,97,2492,6,1,6,2,1,10,3,10,9,9,10,10,8,9,8,8,9,9,9,9,8,8,10,10,8,8,8,7,9,9,9,9,9,8,9,9,9,9,9,9,9,9,9,2,1,2,2,2,2,1,1,2,2,5,3,3,3,5,5,4,3,3,2
sf,cvs,fbmanager,fbmanager/mghie/src/metadata/root.cpp,buggy,cpp,IssueTrue,12794,97,2492,6,6,9,6,6,7,7,7,7,7,7,7,5,4,5,5,9,9,9,6,6,6,7,7,5,6,6,6,6,6,6,6,6,6,6,6,6,9,9,9,8,8,9,9,9,7,5,5,6,9,9,8,2,5,7,5,5,5,5,4,2,2,1
sf,cvs,fbmanager,fbmanager/mghie/src/metadata/server.cpp,buggy,cpp,IssueTrue,12794,97,2492,6,5,7,4,7,7,7,7,7,7,7,7,5,4,5,5,9,9,9,6,6,6,7,7,5,6,6,6,6,6,6,6,6,6,6,6,6,9,9,9,8,8,9,6,5,6,7,6,7,6,5,7,3,5,7,5,6,5,5,4,4,6,3
sf,cvs,fbmanager,fbmanager/mghie/src/metadata/server.h,clean,cpp,IssueTrue,12794,97,2492,6,2,6,2,1,10,3,9,8,8,10,10,8,10,8,8,9,9,9,8,8,8,10,10,8,8,8,8,9,9,9,9,9,9,9,9,9,9,9,9,9,9,9,2,1,2,2,2,2,1,1,2,2,5,4,3,3,5,5,4,2,2,1
sf,cvs,fbmanager,fbmanager/mghie/src/metadata/table.cpp,buggy,cpp,IssueTrue,12794,97,2492,6,9,9,8,8,3,10,7,7,7,7,7,5,4,5,5,9,9,9,6,6,6,7,7,5,6,6,6,6,6,6,6,6,6,6,6,6,9,9,9,8,8,9,10,9,9,7,7,8,10,10,10,7,5,9,9,9,9,10,9,4,6,6
sf,cvs,fbmanager,fbmanager/mghie/src/metadata/table.h,clean,cpp,IssueTrue,12794,97,2492,6,3,7,3,2,9,3,10,10,10,9,10,9,9,8,8,9,9,9,8,9,9,9,10,9,9,10,10,8,9,9,8,9,9,8,9,9,9,9,9,10,10,10,4,3,2,7,4,3,6,3,2,3,5,3,3,3,6,6,5,3,5,3
sf,cvs,fbmanager,fbmanager/mghie/src/metadata/trigger.cpp,clean,cpp,IssueTrue,12794,97,2492,6,7,7,6,6,4,7,7,7,7,7,7,5,4,5,5,9,9,9,6,6,6,7,7,5,6,6,6,6,6,6,6,6,6,6,6,6,9,9,9,8,8,9,9,7,7,7,7,7,9,9,8,3,5,7,7,6,10,9,8,8,9,7
sf,cvs,fbmanager,fbmanager/mghie/src/metadata/view.cpp,clean,cpp,IssueTrue,12794,97,2492,6,5,6,4,4,6,7,7,7,7,7,7,5,4,5,5,9,9,9,6,6,6,7,7,5,6,6,6,6,6,6,6,6,6,6,6,6,9,9,9,8,8,9,9,7,5,3,4,3,10,9,7,2,5,3,3,3,5,5,4,5,5,3
sf,cvs,fbmanager,fbmanager/mghie/src/myTreeCtrl.cpp,buggy,cpp,IssueTrue,12794,97,2492,6,8,9,7,6,5,10,7,7,7,7,7,5,4,5,5,9,9,9,6,6,6,7,7,5,6,6,6,6,6,6,6,6,6,6,6,6,9,9,9,8,8,9,10,10,8,10,10,8,9,8,8,8,8,6,6,7,5,7,6,2,6,5
sf,cvs,fbmanager,fbmanager/mghie/src/myTreeCtrl.h,buggy,cpp,IssueTrue,12794,97,2492,6,2,5,2,2,9,3,10,9,9,9,9,7,9,7,7,9,9,9,8,7,8,9,9,7,8,8,7,10,9,9,10,9,9,9,9,9,9,9,9,9,9,9,4,3,2,3,2,2,2,2,2,6,5,3,4,4,6,6,6,3,5,4
sf,cvs,fbmanager,fbmanager/mghie/src/objectdescriptionhandler.cpp,clean,cpp,IssueTrue,12794,97,2492,6,2,6,2,2,10,7,8,7,7,9,9,7,5,5,6,9,9,9,8,7,8,9,9,7,6,6,6,6,6,6,6,6,6,6,6,7,9,9,9,8,8,9,10,6,3,5,3,2,10,8,4,2,5,3,3,3,7,6,5,5,5,3
sf,cvs,fbmanager,fbmanager/mghie/src/styleguidemsw.cpp,buggy,cpp,IssueTrue,12794,97,2492,6,6,8,6,7,6,5,9,9,9,9,9,7,9,7,7,9,9,9,6,6,6,9,9,7,8,8,8,9,9,9,9,9,8,9,9,9,9,9,9,10,9,9,8,6,7,7,9,8,6,6,7,2,5,7,5,5,5,5,4,7,7,5
sf,cvs,fbmanager,fbmanager/mghie/src/treeitem.cpp,buggy,cpp,IssueTrue,12794,97,2492,6,5,8,5,4,7,10,7,7,7,7,7,5,4,5,5,9,9,9,6,6,6,7,7,5,6,6,6,6,6,6,6,6,6,6,6,6,9,9,9,8,8,9,10,10,7,4,3,3,10,10,7,3,5,6,5,5,5,5,4,2,3,2
sf,cvs,fbmanager,fbmanager/mghie/src/urihandler.cpp,clean,cpp,IssueTrue,12794,97,2492,6,6,9,5,8,7,7,7,7,7,7,7,5,4,5,5,9,9,9,6,6,6,7,7,5,6,6,6,6,6,6,6,6,6,6,6,6,9,9,9,8,8,9,7,6,7,8,9,9,7,7,8,2,5,7,5,5,5,5,4,6,6,3
sf,cvs,fbmanager,fbmanager/mghie/src/urihandler.h,clean,cpp,IssueTrue,12794,97,2492,6,3,7,3,3,9,3,8,8,9,7,7,5,5,5,7,10,10,10,8,8,9,7,7,5,8,8,9,8,8,9,8,8,9,8,8,9,10,10,10,9,10,10,4,3,3,3,2,2,2,2,2,2,5,4,3,3,5,5,4,6,6,3
