Host,Vcs,Project,File,Buggy,PL,IssueTracking,TLOC,TNF,TNC,TND,LOC,CL,NStmt,NFunc,RCC,MNL,avg_WMC,max_WMC,total_WMC,avg_DIT,max_DIT,total_DIT,avg_RFC,max_RFC,total_RFC,avg_NOC,max_NOC,total_NOC,avg_CBO,max_CBO,total_CBO,avg_DIT.1,max_DIT.1,total_DIT.1,avg_NIV,max_NIV,total_NIV,avg_NIM,max_NIM,total_NIM,avg_NOM,max_NOM,total_NOM,avg_NPBM,max_NPBM,total_NPBM,avg_NPM,max_NPM,total_NPM,avg_NPRM,max_NPRM,total_NPRM,avg_CC,max_CC,total_CC,avg_FANIN,max_FANIN,total_FANIN,avg_FANOUT,max_FANOUT,total_FANOUT,NRev,NFix,avg_AddedLOC,max_AddedLOC,total_AddedLOC,avg_DeletedLOC,max_DeletedLOC,total_DeletedLOC,avg_ModifiedLOC,max_ModifiedLOC,total_ModifiedLOC
sf,cvs,fltk,fltk/contrib/flphoto/Fl_CRW_Image.cxx,clean,cpp,IssueFalse,77796,323,12094,17,10,10,10,9,5,10,7,7,7,5,6,5,5,5,5,9,9,9,6,6,6,5,6,5,6,6,6,6,6,6,6,6,6,6,6,6,9,9,9,8,8,9,10,10,10,5,7,8,6,7,10,3,7,3,3,3,4,4,4,6,5,5
sf,cvs,fltk,fltk/contrib/flphoto/Fl_Image_Browser.cxx,clean,cpp,IssueFalse,77796,323,12094,17,9,9,9,8,4,10,7,7,7,5,6,5,5,5,5,9,9,9,6,6,6,5,6,5,6,6,6,6,6,6,6,6,6,6,6,6,9,9,9,8,8,9,10,10,10,6,7,8,9,9,10,3,7,10,8,7,8,7,6,8,7,6
sf,cvs,fltk,fltk/contrib/flphoto/Fl_Print_Dialog2.cxx,clean,cpp,IssueFalse,77796,323,12094,17,10,10,9,9,4,9,7,7,7,5,6,5,5,5,5,9,9,9,6,6,6,5,6,5,6,6,6,6,6,6,6,6,6,6,6,6,9,9,9,8,8,9,10,9,10,4,5,7,8,7,10,3,7,3,3,3,4,4,4,2,1,2
sf,cvs,fltk,fltk/contrib/flphoto/export.cxx,clean,cpp,IssueFalse,77796,323,12094,17,10,9,10,5,3,10,7,7,7,5,6,5,5,5,5,9,9,9,6,6,6,5,6,5,6,6,6,6,6,6,6,6,6,6,6,6,9,9,9,8,8,9,10,10,10,10,10,9,10,10,9,8,7,10,10,10,8,8,8,9,9,9
sf,cvs,fltk,fltk/contrib/flphoto/flphoto.cxx,clean,cpp,IssueFalse,77796,323,12094,17,10,1,10,10,1,6,7,7,7,5,6,5,5,5,5,9,9,9,6,6,6,5,6,5,6,6,6,6,6,6,6,6,6,6,6,6,9,9,9,8,8,9,3,6,10,5,10,10,4,10,10,5,7,4,4,4,4,4,4,6,6,5
sf,cvs,fltk,fltk/contrib/flphoto/flphoto.h,clean,cpp,IssueFalse,77796,323,12094,17,8,1,9,1,1,2,10,10,10,5,6,5,10,10,10,9,9,9,10,9,9,5,6,5,10,10,10,10,10,10,10,10,10,10,10,9,9,9,9,10,10,10,1,1,2,2,2,2,2,1,2,3,7,9,7,7,9,7,7,2,1,2
sf,cvs,fltk,fltk/contrib/flphoto/help.cxx,clean,cpp,IssueFalse,77796,323,12094,17,1,6,2,2,10,4,7,7,7,5,6,5,5,5,5,9,9,9,6,6,6,5,6,5,6,6,6,6,6,6,6,6,6,6,6,6,9,9,9,8,8,9,8,5,3,3,2,2,5,3,2,5,7,3,3,3,4,4,4,6,4,5
sf,cvs,fltk,fltk/contrib/flphoto/image.cxx,clean,cpp,IssueFalse,77796,323,12094,17,10,10,10,10,5,9,7,7,7,5,6,5,5,5,5,9,9,9,6,6,6,5,6,5,6,6,6,6,6,6,6,6,6,6,6,6,9,9,9,8,8,9,10,10,10,10,10,10,10,10,10,5,7,6,5,5,4,4,4,8,8,7
sf,cvs,fltk,fltk/contrib/flphoto/pcd-file.c,clean,cpp,IssueFalse,77796,323,12094,17,7,5,7,5,3,6,7,7,7,5,6,5,5,5,5,9,9,9,6,6,6,5,6,5,6,6,6,6,6,6,6,6,6,6,6,6,9,9,9,8,8,9,10,10,8,10,10,8,9,8,8,3,7,3,3,3,4,4,4,6,4,4
sf,cvs,fltk,fltk/contrib/flphoto/print.cxx,clean,cpp,IssueFalse,77796,323,12094,17,10,10,10,7,3,10,7,7,7,5,6,5,5,5,5,9,9,9,6,6,6,5,6,5,6,6,6,6,6,6,6,6,6,6,6,6,9,9,9,8,8,9,10,10,10,10,10,9,9,10,9,5,9,3,3,3,4,4,4,7,6,6
sf,cvs,fltk,fltk/contrib/flphoto/slideshow.cxx,clean,cpp,IssueFalse,77796,323,12094,17,5,7,5,3,6,7,7,7,7,5,6,5,5,5,5,9,9,9,6,6,6,5,6,5,6,6,6,6,6,6,6,6,6,6,6,6,9,9,9,8,8,9,10,8,6,10,9,6,10,9,7,3,7,3,3,3,4,4,4,6,4,4
sf,cvs,fltk,fltk/fltk/FL/Attic/Fl_Browser_.H,clean,cpp,IssueFalse,77796,323,12094,17,4,8,5,8,8,2,10,10,10,9,9,9,10,10,10,9,9,9,6,6,7,9,9,9,10,10,10,10,10,10,10,10,10,10,10,10,10,10,10,8,8,9,3,3,6,3,2,5,2,2,4,3,9,3,3,3,10,10,9,10,9,8
sf,cvs,fltk,fltk/fltk/FL/Attic/Fl_Device.H,buggy,cpp,IssueFalse,77796,323,12094,17,5,7,6,4,5,2,8,8,8,5,6,5,9,9,9,10,10,10,8,8,8,5,6,5,8,8,7,10,10,10,10,10,10,9,8,8,10,10,10,9,9,9,3,3,3,2,2,2,2,2,3,9,10,6,6,7,7,7,8,7,6,8
sf,cvs,fltk,fltk/fltk/FL/Attic/Fl_Free.H,clean,cpp,IssueFalse,77796,323,12094,17,1,4,1,1,10,2,8,8,8,8,7,8,10,10,9,9,9,9,6,6,7,8,7,8,7,7,7,8,8,7,8,7,7,8,8,8,9,9,9,8,8,9,1,1,2,2,2,2,2,1,2,3,9,3,3,3,10,9,9,5,4,4
sf,cvs,fltk,fltk/fltk/FL/Attic/Fl_GDI_Printer.H,buggy,cpp,IssueFalse,77796,323,12094,17,5,3,5,1,4,2,10,10,10,8,9,9,9,10,10,9,9,9,7,8,8,8,9,9,10,10,10,10,10,10,10,10,10,10,10,10,10,10,10,9,9,9,1,1,2,2,2,2,2,1,2,3,10,4,3,3,4,4,4,2,1,2
sf,cvs,fltk,fltk/fltk/FL/Attic/Fl_Multi_Browser.H,clean,cpp,IssueFalse,77796,323,12094,17,1,4,1,2,10,2,7,7,7,8,7,8,8,8,8,9,9,9,6,6,6,8,7,8,6,6,6,6,6,6,6,6,6,6,6,7,9,9,9,8,8,9,3,3,2,9,5,3,4,3,2,3,9,3,3,3,9,8,7,5,4,4
sf,cvs,fltk,fltk/fltk/FL/Attic/Fl_PS_Printer.H,buggy,cpp,IssueFalse,77796,323,12094,17,5,2,6,8,3,2,10,10,10,8,9,9,9,10,10,9,9,9,7,7,8,8,9,9,10,10,10,10,10,10,10,10,10,9,10,10,10,10,10,9,9,9,3,3,5,6,7,7,2,2,4,5,10,4,4,4,9,8,7,5,5,5
sf,cvs,fltk,fltk/fltk/FL/Attic/Fl_Printer.H,buggy,cpp,IssueFalse,77796,323,12094,17,3,5,3,5,7,2,8,8,8,8,7,8,9,9,9,10,10,10,6,6,7,8,7,8,10,10,10,9,9,8,9,9,9,9,9,9,9,9,9,8,8,9,3,3,3,4,6,4,3,3,3,9,10,8,9,8,8,8,8,6,6,7
sf,cvs,fltk,fltk/fltk/FL/Attic/Fl_Tooltip.H,clean,cpp,IssueFalse,77796,323,12094,17,2,4,4,8,8,2,9,8,8,5,6,5,7,7,7,9,9,9,6,6,7,5,6,5,6,6,6,6,6,6,10,9,9,10,10,9,9,9,9,8,8,9,3,3,5,3,2,5,2,2,4,3,9,3,3,3,10,9,8,5,4,4
sf,cvs,fltk,fltk/fltk/FL/Attic/mac.H,buggy,cpp,IssueFalse,77796,323,12094,17,3,6,4,4,8,2,7,7,7,5,6,5,5,5,6,9,9,9,6,8,8,5,6,5,9,10,10,6,7,6,6,7,7,6,7,7,9,9,9,8,8,9,3,3,3,6,5,4,3,3,3,3,9,3,3,3,4,4,4,5,4,4
sf,cvs,fltk,fltk/fltk/FL/Attic/win32.H,buggy,cpp,IssueFalse,77796,323,12094,17,4,6,5,6,7,2,10,10,10,5,6,5,6,7,7,9,9,9,8,8,8,5,6,5,10,10,10,9,10,9,9,10,9,9,10,9,9,9,9,8,8,9,3,3,5,5,5,6,3,4,5,3,9,3,3,3,4,4,4,5,4,4
sf,cvs,fltk,fltk/fltk/FL/Enumerations.H,buggy,cpp,IssueFalse,77796,323,12094,17,7,9,4,5,6,4,7,7,7,5,6,5,5,5,5,9,9,9,6,6,6,5,6,5,6,6,6,6,6,6,6,6,6,6,6,6,9,9,9,8,8,9,4,4,4,7,8,6,2,2,3,5,10,6,6,5,8,7,7,6,5,5
sf,cvs,fltk,fltk/fltk/FL/Fl.H,clean,cpp,IssueFalse,77796,323,12094,17,6,7,8,10,4,2,10,10,10,5,6,5,10,10,10,9,9,9,9,9,9,5,6,5,8,8,7,10,10,10,10,10,10,10,10,10,9,9,9,9,9,9,3,3,8,8,10,10,2,2,7,3,9,3,3,3,10,10,10,5,4,4
sf,cvs,fltk,fltk/fltk/FL/Fl_Button.H,clean,cpp,IssueFalse,77796,323,12094,17,2,5,3,6,9,2,10,10,9,8,7,8,10,10,10,10,10,10,7,7,7,8,7,8,9,9,8,10,10,9,10,10,9,10,9,9,10,9,9,8,8,9,3,3,4,4,6,5,2,2,4,3,9,3,3,3,10,9,9,8,6,5
sf,cvs,fltk,fltk/fltk/FL/Fl_Group.H,clean,cpp,IssueFalse,77796,323,12094,17,3,5,4,7,7,2,8,8,8,6,7,8,9,10,10,10,10,10,6,6,7,6,7,8,8,9,9,10,10,10,10,10,10,10,10,10,10,10,10,9,9,9,3,3,5,6,8,7,2,3,5,3,9,3,3,3,10,10,9,8,6,6
sf,cvs,fltk,fltk/fltk/FL/Fl_Light_Button.H,buggy,cpp,IssueFalse,77796,323,12094,17,1,4,1,1,10,2,9,9,9,9,9,9,10,10,10,9,9,9,6,6,7,9,9,9,6,6,6,7,7,7,7,7,7,7,7,7,10,9,9,8,8,9,1,1,2,2,2,2,2,1,2,3,9,3,3,3,9,8,7,6,5,5
sf,cvs,fltk,fltk/fltk/FL/Fl_Menu_.H,buggy,cpp,IssueFalse,77796,323,12094,17,3,4,4,8,7,2,10,10,9,8,7,8,10,10,10,9,9,9,6,6,6,8,7,8,10,9,9,10,10,10,10,10,10,10,10,10,9,9,9,8,8,9,3,4,6,6,5,8,2,3,6,8,10,10,9,10,10,10,10,8,6,8
sf,cvs,fltk,fltk/fltk/FL/Fl_Scroll.H,buggy,cpp,IssueFalse,77796,323,12094,17,2,4,2,3,8,2,10,10,10,9,9,9,10,10,10,9,9,9,7,7,7,9,9,9,10,10,9,9,8,8,9,9,8,9,8,8,10,9,9,10,10,10,3,3,2,5,3,3,2,2,2,3,9,3,3,3,10,9,9,9,8,6
sf,cvs,fltk,fltk/fltk/FL/Fl_Widget.H,buggy,cpp,IssueFalse,77796,323,12094,17,6,10,8,10,9,4,10,10,10,5,6,5,9,10,9,10,10,10,8,8,8,5,6,5,10,10,10,10,10,10,10,10,10,10,10,10,10,10,10,9,9,9,3,4,9,9,10,10,2,3,9,8,9,10,10,10,10,10,10,9,9,9
sf,cvs,fltk,fltk/fltk/FL/Fl_Window.H,buggy,cpp,IssueFalse,77796,323,12094,17,4,5,5,8,6,2,10,10,10,9,9,9,10,10,10,9,9,9,7,7,7,9,9,9,10,10,10,10,10,10,10,10,10,10,10,10,10,10,10,10,10,10,3,3,6,7,9,8,3,4,6,3,9,3,3,3,10,10,10,9,8,6
sf,cvs,fltk,fltk/fltk/FL/filename.H,clean,cpp,IssueFalse,77796,323,12094,17,2,7,2,4,10,2,7,7,7,5,6,5,5,5,5,9,9,9,6,6,6,5,6,5,6,6,6,6,6,6,6,6,6,6,6,6,9,9,9,8,8,9,3,3,3,5,3,4,3,2,3,3,9,3,3,3,4,4,4,5,4,4
sf,cvs,fltk,fltk/fltk/FL/fl_draw.H,buggy,cpp,IssueFalse,77796,323,12094,17,5,7,6,5,6,2,7,7,7,5,6,5,5,5,5,9,9,9,6,6,6,5,6,5,6,6,6,6,6,6,6,6,6,6,6,6,9,9,9,8,8,9,3,3,4,5,5,5,2,2,3,5,10,10,9,8,10,10,9,10,10,9
sf,cvs,fltk,fltk/fltk/OpenGL/gl_draw.cxx,buggy,cpp,IssueFalse,77796,323,12094,17,4,5,5,7,6,7,7,7,7,5,6,5,5,5,5,9,9,9,6,6,6,5,6,5,9,9,8,6,6,6,6,6,6,6,6,6,9,9,9,8,8,9,6,7,6,7,8,7,4,5,6,5,10,7,6,6,7,7,6,7,5,6
sf,cvs,fltk,fltk/fltk/fltk/Flags.h,buggy,cpp,IssueFalse,77796,323,12094,17,3,8,1,1,9,2,7,7,7,5,6,5,5,5,5,9,9,9,6,6,6,5,6,5,6,6,6,6,6,6,6,6,6,6,6,6,9,9,9,8,8,9,1,1,2,2,2,2,2,1,2,3,9,3,3,3,4,4,4,5,4,4
sf,cvs,fltk,fltk/fltk/fltk/Group.h,buggy,cpp,IssueFalse,77796,323,12094,17,3,5,5,8,6,2,10,10,10,8,7,8,10,10,10,10,10,10,7,7,7,8,7,8,10,9,9,10,10,10,10,10,10,10,10,10,10,10,10,8,8,9,3,3,6,9,10,9,2,2,6,3,9,6,5,4,4,4,4,5,4,4
sf,cvs,fltk,fltk/fltk/fltk/Image.h,clean,cpp,IssueFalse,77796,323,12094,17,2,5,3,5,8,2,9,10,9,6,7,8,7,8,8,10,10,10,6,7,7,6,7,8,8,9,9,9,9,9,9,9,9,9,10,9,9,9,9,8,8,9,3,3,4,10,9,8,3,3,4,5,7,3,3,3,4,4,4,5,4,5
sf,cvs,fltk,fltk/fltk/fltk/Menu.h,buggy,cpp,IssueFalse,77796,323,12094,17,4,5,5,8,6,2,8,9,8,8,9,9,10,10,10,10,10,10,7,7,8,8,9,9,7,8,7,10,10,10,10,10,10,10,10,10,9,9,9,8,8,9,3,3,5,4,3,6,2,2,5,5,9,5,5,5,4,4,4,6,5,5
sf,cvs,fltk,fltk/fltk/fltk/SharedImage.h,buggy,cpp,IssueFalse,77796,323,12094,17,5,8,5,8,8,2,10,10,10,9,10,10,9,9,10,10,10,10,6,6,8,9,10,10,7,9,9,8,9,10,8,10,10,8,10,10,10,10,10,9,9,10,3,3,5,4,5,6,3,2,6,5,7,7,6,6,7,7,6,9,8,7
sf,cvs,fltk,fltk/fltk/fltk/Window.h,clean,cpp,IssueFalse,77796,323,12094,17,4,5,5,8,6,2,10,10,10,9,9,9,10,10,10,10,10,10,7,7,7,9,9,9,10,10,10,10,10,10,10,10,10,10,10,10,10,10,10,10,10,10,3,3,6,8,8,9,3,4,6,3,7,3,3,3,4,4,4,6,4,4
sf,cvs,fltk,fltk/fltk/fltk/glut.h,clean,cpp,IssueFalse,77796,323,12094,17,6,9,7,10,7,2,7,7,7,8,7,8,5,5,6,9,9,9,6,6,6,8,7,8,10,10,10,8,8,8,8,8,8,8,7,7,10,10,10,9,9,9,3,4,8,4,5,8,2,2,7,5,7,5,4,4,5,5,5,5,4,5
sf,cvs,fltk,fltk/fltk/fltk/mac.h,buggy,cpp,IssueFalse,77796,323,12094,17,1,6,1,1,10,2,7,7,7,5,6,5,5,5,5,9,9,9,6,6,6,5,6,5,6,6,6,6,6,6,6,6,6,6,6,6,9,9,9,8,8,9,1,1,2,2,2,2,2,1,2,3,7,3,3,3,10,8,8,8,6,6
sf,cvs,fltk,fltk/fltk/fltk/win32.h,buggy,cpp,IssueFalse,77796,323,12094,17,4,7,4,3,7,2,10,10,9,5,6,5,6,6,6,9,9,9,10,9,9,5,6,5,10,10,10,9,8,8,9,9,8,9,8,8,9,9,9,8,8,9,3,3,2,10,7,4,3,2,2,9,10,7,8,7,8,9,8,6,6,7
sf,cvs,fltk,fltk/fltk/fltk/x.h,clean,cpp,IssueFalse,77796,323,12094,17,2,7,3,1,9,2,7,7,7,5,6,5,5,5,5,9,9,9,6,6,6,5,6,5,6,6,6,6,6,6,6,6,6,6,6,6,9,9,9,8,8,9,1,1,2,2,2,2,2,1,2,9,10,5,5,6,9,9,9,7,8,8
sf,cvs,fltk,fltk/fltk/fltk/xpmImage.h,clean,cpp,IssueFalse,77796,323,12094,17,1,5,1,3,10,2,8,8,8,9,9,9,8,8,8,9,9,9,7,7,7,9,9,9,9,8,8,7,7,7,7,7,7,8,8,8,9,9,9,8,8,9,3,3,3,3,2,3,4,3,3,3,7,4,3,3,4,4,4,5,4,4
sf,cvs,fltk,fltk/fltk/fluid/Fl_Function_Type.cxx,clean,cpp,IssueFalse,77796,323,12094,17,9,7,10,10,2,10,7,7,7,5,6,5,5,5,5,9,9,9,6,6,6,5,6,5,6,6,6,6,6,6,6,6,6,6,6,6,9,9,9,8,8,9,10,10,10,5,7,9,6,8,10,6,10,3,3,3,4,4,4,5,4,5
sf,cvs,fltk,fltk/fltk/fluid/Fl_Group_Type.cxx,buggy,cpp,IssueFalse,77796,323,12094,17,6,7,7,9,5,7,7,8,8,8,9,10,9,10,10,9,9,9,6,7,8,8,9,10,6,6,6,6,8,9,6,7,9,7,8,9,9,9,9,9,9,9,6,8,9,5,7,8,4,5,9,5,10,10,9,9,10,9,9,10,10,9
sf,cvs,fltk,fltk/fltk/fluid/Fl_Menu_Type.cxx,buggy,cpp,IssueFalse,77796,323,12094,17,8,8,9,7,3,9,7,7,7,5,6,5,5,5,5,9,9,9,6,6,6,5,6,5,6,6,6,6,6,6,6,6,6,6,6,6,9,9,9,8,8,9,10,10,10,6,7,7,9,8,10,6,9,3,3,3,4,4,4,5,5,6
sf,cvs,fltk,fltk/fltk/fluid/Fl_Widget_Type.cxx,buggy,cpp,IssueFalse,77796,323,12094,17,10,9,10,10,2,10,7,7,7,5,6,5,5,5,5,9,9,9,6,6,6,5,6,5,6,6,6,6,6,6,6,6,6,6,6,6,9,9,9,8,8,9,10,10,10,10,10,10,9,10,10,7,10,3,3,3,4,4,4,2,1,2
sf,cvs,fltk,fltk/fltk/fluid/Fl_Window_Type.cxx,buggy,cpp,IssueFalse,77796,323,12094,17,9,8,10,9,2,10,8,8,7,10,10,10,10,10,10,9,9,9,6,6,7,10,10,10,7,7,7,7,7,7,7,7,7,7,7,7,9,9,9,9,9,9,10,10,10,9,10,10,7,10,10,6,10,10,10,9,10,10,10,10,10,10
sf,cvs,fltk,fltk/fltk/fluid/factory.cxx,clean,cpp,IssueFalse,77796,323,12094,17,9,8,8,10,3,7,7,7,10,8,9,10,8,8,10,9,10,10,6,6,9,8,9,10,6,8,7,7,8,10,7,7,10,7,8,10,9,9,9,9,9,10,4,8,10,4,6,9,2,4,9,5,10,10,9,9,10,10,10,10,10,10
sf,cvs,fltk,fltk/fltk/fluid/fluid.cxx,buggy,cpp,IssueFalse,77796,323,12094,17,9,8,9,9,2,7,7,7,7,5,6,5,5,5,5,9,9,9,6,6,6,5,6,5,6,6,6,6,6,6,6,6,6,6,6,6,9,9,9,8,8,9,9,8,10,8,8,9,8,9,10,6,9,10,10,10,10,10,10,10,10,10
sf,cvs,fltk,fltk/fltk/images/fl_jpeg.cxx,clean,cpp,IssueFalse,77796,323,12094,17,1,4,1,3,10,2,7,7,7,5,6,5,5,5,5,9,9,9,6,6,6,5,6,5,6,6,6,6,6,6,6,6,6,6,6,6,9,9,9,8,8,9,3,3,3,2,2,2,2,3,2,3,7,4,3,3,8,6,6,8,6,6
sf,cvs,fltk,fltk/fltk/images/fl_png.cxx,clean,cpp,IssueFalse,77796,323,12094,17,1,4,1,3,10,2,7,7,7,5,6,5,5,5,5,9,9,9,6,6,6,5,6,5,6,6,6,6,6,6,6,6,6,6,6,6,9,9,9,8,8,9,3,3,3,2,2,2,2,3,2,6,7,5,4,5,7,7,6,7,7,7
sf,cvs,fltk,fltk/fltk/src/Attic/Fl_Browser_.cxx,clean,cpp,IssueFalse,77796,323,12094,17,9,9,10,9,3,10,7,7,7,5,6,5,5,5,5,9,9,9,6,6,6,5,6,5,6,6,6,6,6,6,6,6,6,6,6,6,9,9,9,8,8,9,10,10,10,6,8,8,7,10,10,6,9,4,5,4,5,5,5,5,4,5
sf,cvs,fltk,fltk/fltk/src/Attic/Fl_Chart.cxx,clean,cpp,IssueFalse,77796,323,12094,17,7,8,8,7,4,7,7,7,7,5,6,5,5,5,5,9,9,9,6,6,6,5,6,5,6,6,6,6,6,6,6,6,6,6,6,6,9,9,9,8,8,9,10,9,9,10,9,9,7,8,8,3,9,3,3,3,4,4,4,5,4,4
sf,cvs,fltk,fltk/fltk/src/Attic/Fl_Device.cxx,buggy,cpp,IssueFalse,77796,323,12094,17,2,4,2,4,9,4,7,7,7,5,6,5,5,5,5,9,9,9,6,6,6,5,6,5,6,6,6,6,6,6,6,6,6,6,6,6,9,9,9,8,8,9,6,5,4,3,4,3,2,2,3,5,7,7,6,6,8,7,7,6,5,6
sf,cvs,fltk,fltk/fltk/src/Attic/Fl_Double_Window.cxx,buggy,cpp,IssueFalse,77796,323,12094,17,3,8,4,5,9,6,7,7,7,5,6,5,5,5,5,9,9,9,6,6,6,5,6,5,6,6,6,6,6,6,6,6,6,6,6,6,9,9,9,8,8,9,6,7,5,4,5,4,5,6,5,5,9,10,9,9,10,10,10,10,10,9
sf,cvs,fltk,fltk/fltk/src/Attic/Fl_File_Chooser2.cxx,buggy,cpp,IssueFalse,77796,323,12094,17,9,10,9,8,6,10,7,7,7,5,6,5,5,5,5,9,9,9,6,6,6,5,6,5,6,6,6,6,6,6,6,6,6,6,6,6,9,9,9,8,8,9,10,10,10,4,6,6,10,9,10,9,9,4,6,6,7,8,8,8,9,9
sf,cvs,fltk,fltk/fltk/src/Attic/Fl_Font.H,buggy,cpp,IssueFalse,77796,323,12094,17,2,7,2,1,10,2,8,9,9,5,6,5,5,5,6,9,9,9,6,6,7,5,6,5,10,10,10,8,9,8,7,8,8,8,9,9,9,9,9,8,8,9,1,1,2,2,2,2,2,1,2,3,9,3,3,3,4,4,4,5,4,4
sf,cvs,fltk,fltk/fltk/src/Attic/Fl_Gl_Choice.cxx,buggy,cpp,IssueFalse,77796,323,12094,17,5,5,5,5,4,9,7,7,7,5,6,5,5,5,5,9,9,9,6,6,6,5,6,5,6,6,6,6,6,6,6,6,6,6,6,6,9,9,9,8,8,9,9,9,7,8,7,6,6,6,6,8,9,4,4,5,4,4,4,5,4,6
sf,cvs,fltk,fltk/fltk/src/Attic/Fl_Gl_Window.cxx,buggy,cpp,IssueFalse,77796,323,12094,17,6,8,7,7,6,9,7,7,7,5,6,5,5,5,5,9,9,9,6,6,6,5,6,5,6,6,6,6,6,6,6,6,6,6,6,6,9,9,9,8,8,9,8,9,8,4,5,6,6,8,8,3,9,3,3,3,4,4,4,5,4,4
sf,cvs,fltk,fltk/fltk/src/Attic/Fl_Input_.cxx,buggy,cpp,IssueFalse,77796,323,12094,17,9,9,10,9,3,10,7,7,7,5,6,5,5,5,5,9,9,9,6,6,6,5,6,5,6,6,6,6,6,6,6,6,6,6,6,6,9,9,9,8,8,9,10,10,10,8,8,9,8,10,10,6,9,4,4,4,4,4,4,6,5,6
sf,cvs,fltk,fltk/fltk/src/Attic/Fl_JPEG_Image.cxx,buggy,cpp,IssueFalse,77796,323,12094,17,3,7,3,3,9,4,7,7,7,5,6,5,5,5,5,9,9,9,6,6,6,5,6,5,6,6,6,6,6,6,6,6,6,6,6,6,9,9,9,8,8,9,6,5,3,6,5,3,9,8,5,3,9,3,3,3,4,4,4,5,4,4
sf,cvs,fltk,fltk/fltk/src/Attic/Fl_PNG_Image.cxx,buggy,cpp,IssueFalse,77796,323,12094,17,1,6,1,2,10,2,7,7,7,5,6,5,5,5,5,9,9,9,6,6,6,5,6,5,6,6,6,6,6,6,6,6,6,6,6,6,9,9,9,8,8,9,3,3,2,2,2,2,2,2,2,3,9,3,3,3,4,4,4,5,4,4
sf,cvs,fltk,fltk/fltk/src/Attic/Fl_Positioner.cxx,buggy,cpp,IssueFalse,77796,323,12094,17,4,4,5,6,5,7,7,7,7,5,6,5,5,5,5,9,9,9,6,6,6,5,6,5,6,6,6,6,6,6,6,6,6,6,6,6,9,9,9,8,8,9,7,9,7,7,7,7,5,5,7,6,9,4,4,4,4,4,4,5,5,6
sf,cvs,fltk,fltk/fltk/src/Attic/Fl_Printer.cxx,buggy,cpp,IssueFalse,77796,323,12094,17,3,7,2,2,8,6,7,7,7,5,6,5,5,5,5,9,9,9,6,6,6,5,6,5,6,6,6,6,6,6,6,6,6,6,6,6,9,9,9,8,8,9,10,7,3,10,7,4,2,1,2,3,9,9,8,7,10,10,10,6,4,4
sf,cvs,fltk,fltk/fltk/src/Attic/Fl_Round_Button.cxx,clean,cpp,IssueFalse,77796,323,12094,17,1,4,1,2,10,2,7,7,7,5,6,5,5,5,5,9,9,9,6,6,6,5,6,5,6,6,6,6,6,6,6,6,6,6,6,6,9,9,9,8,8,9,3,3,2,9,5,3,6,3,3,3,9,3,3,3,4,4,4,5,4,4
sf,cvs,fltk,fltk/fltk/src/Attic/Fl_Sys_Menu_Bar.cxx,clean,cpp,IssueFalse,77796,323,12094,17,1,7,1,1,1,2,7,7,7,5,6,5,5,5,5,9,9,9,6,6,6,5,6,5,6,6,6,6,6,6,6,6,6,6,6,6,9,9,9,8,8,9,1,1,2,2,2,2,2,1,2,6,10,3,3,3,4,4,4,5,4,5
sf,cvs,fltk,fltk/fltk/src/Attic/Fl_Value_Output.cxx,clean,cpp,IssueFalse,77796,323,12094,17,3,4,4,3,6,6,7,7,7,5,6,5,5,5,5,9,9,9,6,6,6,5,6,5,6,6,6,6,6,6,6,6,6,6,6,6,9,9,9,8,8,9,10,9,6,6,6,3,10,8,7,3,9,3,3,3,4,4,4,5,4,4
sf,cvs,fltk,fltk/fltk/src/Attic/fl_boxtype.cxx,clean,cpp,IssueFalse,77796,323,12094,17,6,8,6,9,5,7,7,7,7,5,6,5,5,5,5,9,9,9,6,6,6,5,6,5,6,6,6,6,6,6,6,6,6,6,6,6,9,9,9,8,8,9,5,7,8,10,10,10,3,4,8,3,9,3,3,3,4,4,4,5,4,4
sf,cvs,fltk,fltk/fltk/src/Attic/fl_line_style.cxx,buggy,cpp,IssueFalse,77796,323,12094,17,2,4,3,2,8,6,7,7,7,5,6,5,5,5,5,9,9,9,6,6,6,5,6,5,6,6,6,6,6,6,6,6,6,6,6,6,9,9,9,8,8,9,10,8,5,10,7,3,4,3,2,5,10,10,9,8,10,10,9,7,6,6
sf,cvs,fltk,fltk/fltk/src/Attic/fl_read_image_mac.cxx,buggy,cpp,IssueFalse,77796,323,12094,17,3,7,4,2,8,6,7,7,7,5,6,5,5,5,5,9,9,9,6,6,6,5,6,5,6,6,6,6,6,6,6,6,6,6,6,6,9,9,9,8,8,9,10,7,3,10,7,3,10,8,5,5,10,3,3,3,4,4,4,5,4,5
sf,cvs,fltk,fltk/fltk/src/Attic/fl_set_gray.cxx,buggy,cpp,IssueFalse,77796,323,12094,17,2,4,2,4,9,4,7,7,7,5,6,5,5,5,5,9,9,9,6,6,6,5,6,5,6,6,6,6,6,6,6,6,6,6,6,6,9,9,9,8,8,9,5,5,3,6,4,4,3,2,3,3,9,3,3,3,4,4,4,5,4,4
sf,cvs,fltk,fltk/fltk/src/Attic/fl_shortcut.cxx,clean,cpp,IssueFalse,77796,323,12094,17,3,7,5,4,8,7,7,7,7,5,6,5,5,5,5,9,9,9,6,6,6,5,6,5,6,6,6,6,6,6,6,6,6,6,6,6,9,9,9,8,8,9,10,8,7,6,5,4,4,3,4,3,9,3,3,3,4,4,4,5,4,4
sf,cvs,fltk,fltk/fltk/src/Attic/forms_free.cxx,clean,cpp,IssueFalse,77796,323,12094,17,2,5,3,4,8,6,7,7,7,5,6,5,5,5,5,9,9,9,6,6,6,5,6,5,6,6,6,6,6,6,6,6,6,6,6,6,9,9,9,8,8,9,8,8,5,5,7,4,4,4,4,3,9,3,3,3,4,4,4,5,4,4
sf,cvs,fltk,fltk/fltk/src/Attic/gl_draw.cxx,buggy,cpp,IssueFalse,77796,323,12094,17,4,5,5,8,5,9,7,7,7,5,6,5,5,5,5,9,9,9,6,6,6,5,6,5,6,6,6,6,6,6,6,6,6,6,6,6,9,9,9,8,8,9,5,6,7,7,7,8,3,4,7,6,9,8,8,7,4,4,4,5,4,5
sf,cvs,fltk,fltk/fltk/src/Attic/gl_start.cxx,buggy,cpp,IssueFalse,77796,323,12094,17,3,6,3,3,8,6,7,7,7,5,6,5,5,5,5,9,9,9,6,6,6,5,6,5,6,6,6,6,6,6,6,6,6,6,6,6,9,9,9,8,8,9,8,6,4,7,5,4,9,8,5,3,9,3,3,3,4,4,4,5,4,4
sf,cvs,fltk,fltk/fltk/src/CycleButton.cxx,buggy,cpp,IssueFalse,77796,323,12094,17,5,7,7,4,6,7,7,7,7,5,6,5,5,5,5,9,9,9,6,6,6,5,6,5,6,6,6,6,6,6,6,6,6,6,6,6,9,9,9,8,8,9,10,10,8,10,9,7,10,9,8,5,10,6,5,5,4,4,4,7,6,6
sf,cvs,fltk,fltk/fltk/src/Fl.cxx,buggy,cpp,IssueFalse,77796,323,12094,17,8,10,9,9,8,9,7,7,7,5,6,5,5,5,5,9,9,9,6,6,6,5,6,5,9,9,9,6,6,6,6,6,6,6,6,6,9,9,9,8,8,9,9,10,10,9,9,10,7,8,10,9,10,10,10,10,10,10,10,10,10,10
sf,cvs,fltk,fltk/fltk/src/Fl_Adjuster.cxx,buggy,cpp,IssueFalse,77796,323,12094,17,5,6,6,5,5,7,7,7,7,5,6,5,5,5,5,9,9,9,6,6,6,5,6,5,6,6,6,6,6,6,6,6,6,6,6,6,9,9,9,8,8,9,10,10,8,8,7,6,8,7,7,5,9,10,9,8,10,9,9,10,10,9
sf,cvs,fltk,fltk/fltk/src/Fl_Bar.cxx,clean,cpp,IssueFalse,77796,323,12094,17,5,5,6,5,4,7,7,7,7,5,6,5,5,5,5,9,9,9,6,6,6,5,6,5,6,6,6,6,6,6,6,6,6,6,6,6,9,9,9,8,8,9,10,9,8,9,7,7,9,6,8,6,10,5,5,5,6,6,6,5,5,6
sf,cvs,fltk,fltk/fltk/src/Fl_Bitmap.cxx,buggy,cpp,IssueFalse,77796,323,12094,17,5,8,6,5,6,7,7,7,7,5,6,5,5,5,5,9,9,9,6,6,6,5,6,5,6,6,6,6,6,6,6,6,6,6,6,6,9,9,9,8,8,9,9,8,7,6,6,5,4,3,4,8,10,10,10,10,10,10,10,10,10,10
sf,cvs,fltk,fltk/fltk/src/Fl_Boxtype.cxx,buggy,cpp,IssueFalse,77796,323,12094,17,5,9,6,8,8,7,7,7,8,8,7,10,5,5,6,9,9,9,6,7,8,8,7,10,6,6,6,6,7,8,6,7,7,7,7,8,9,9,9,8,8,9,7,9,7,6,8,8,3,4,7,7,10,6,6,7,5,5,5,7,8,7
sf,cvs,fltk,fltk/fltk/src/Fl_Browser.cxx,buggy,cpp,IssueFalse,77796,323,12094,17,8,8,9,9,3,9,7,7,7,5,6,5,5,5,5,9,9,9,6,6,6,5,6,5,10,9,9,6,6,6,6,6,6,6,6,6,9,9,9,8,8,9,9,10,10,7,9,9,5,7,10,10,10,10,10,10,10,10,10,10,10,10
sf,cvs,fltk,fltk/fltk/src/Fl_Button.cxx,buggy,cpp,IssueFalse,77796,323,12094,17,5,5,6,4,5,9,7,7,7,5,6,5,5,5,5,9,9,9,6,6,6,5,6,5,6,6,6,6,6,6,6,6,6,6,6,6,9,9,9,8,8,9,10,10,8,10,9,7,10,9,8,6,9,4,5,4,5,6,6,6,6,6
sf,cvs,fltk,fltk/fltk/src/Fl_Check_Button.cxx,buggy,cpp,IssueFalse,77796,323,12094,17,3,6,3,4,8,6,7,7,7,5,6,5,5,5,5,9,9,9,6,6,6,5,6,5,6,6,6,6,6,6,6,6,6,6,6,6,9,9,9,8,8,9,7,7,4,7,6,5,5,4,4,5,10,10,9,8,7,7,6,7,7,6
sf,cvs,fltk,fltk/fltk/src/Fl_Choice.cxx,buggy,cpp,IssueFalse,77796,323,12094,17,5,5,6,4,5,7,7,7,7,5,6,5,5,5,5,9,9,9,6,6,6,5,6,5,6,6,6,6,6,6,6,6,6,6,6,6,9,9,9,8,8,9,10,9,8,7,6,5,10,10,8,8,10,4,5,5,4,4,4,5,4,6
sf,cvs,fltk,fltk/fltk/src/Fl_Clock.cxx,clean,cpp,IssueFalse,77796,323,12094,17,5,8,5,6,7,6,7,7,7,5,6,5,5,5,5,9,9,9,6,6,6,5,6,5,6,6,6,6,6,6,6,6,6,6,6,6,9,9,9,8,8,9,6,6,6,8,6,7,5,7,7,5,10,9,9,8,10,9,8,10,10,9
sf,cvs,fltk,fltk/fltk/src/Fl_Color_Chooser.cxx,buggy,cpp,IssueFalse,77796,323,12094,17,8,6,9,9,2,9,7,7,7,8,7,8,10,10,9,9,9,9,6,6,7,8,7,8,9,8,8,6,7,6,6,6,6,6,6,7,9,9,9,9,9,9,10,9,10,8,8,9,9,9,10,7,10,10,10,10,10,10,10,10,10,10
sf,cvs,fltk,fltk/fltk/src/Fl_Dial.cxx,clean,cpp,IssueFalse,77796,323,12094,17,4,5,5,4,5,6,7,7,7,5,6,5,5,5,5,9,9,9,6,6,6,5,6,5,6,6,6,6,6,6,6,6,6,6,6,6,9,9,9,8,8,9,9,9,6,8,6,5,10,9,8,3,9,3,3,3,4,4,4,5,4,4
sf,cvs,fltk,fltk/fltk/src/Fl_FileChooser2.cxx,buggy,cpp,IssueFalse,77796,323,12094,17,8,10,8,6,6,10,7,7,7,5,6,5,5,5,5,9,9,9,6,6,6,5,6,5,6,6,6,6,6,6,6,6,6,6,6,6,9,9,9,8,8,9,10,10,9,2,2,3,10,9,9,8,10,5,6,6,7,7,7,6,6,7
sf,cvs,fltk,fltk/fltk/src/Fl_Group.cxx,buggy,cpp,IssueFalse,77796,323,12094,17,8,10,9,8,7,10,7,7,7,5,6,5,5,5,5,9,9,9,6,6,6,5,6,5,6,6,6,6,6,6,6,6,6,6,6,6,9,9,9,8,8,9,10,10,10,10,9,10,8,8,10,9,10,10,10,10,10,10,10,10,10,10
sf,cvs,fltk,fltk/fltk/src/Fl_Help_Dialog.cxx,clean,cpp,IssueFalse,77796,323,12094,17,7,1,7,9,1,6,7,7,7,5,6,5,5,5,5,9,9,9,6,6,6,5,6,5,6,6,6,6,6,6,6,6,6,6,6,6,9,9,9,8,8,9,5,6,8,3,5,7,5,9,9,7,9,10,8,9,10,9,9,10,10,10
sf,cvs,fltk,fltk/fltk/src/Fl_Help_View.cxx,buggy,cpp,IssueFalse,77796,323,12094,17,10,10,10,9,3,10,7,7,7,5,6,5,5,5,5,9,9,9,6,6,6,5,6,5,6,6,6,6,6,6,6,6,6,6,6,6,9,9,9,8,8,9,10,10,10,8,7,9,9,10,10,10,10,3,3,3,4,4,4,2,1,2
sf,cvs,fltk,fltk/fltk/src/Fl_Image.cxx,buggy,cpp,IssueFalse,77796,323,12094,17,4,10,7,7,10,6,7,7,7,5,6,5,5,5,5,9,9,9,6,6,6,5,6,5,6,6,6,6,6,6,6,6,6,6,6,6,9,9,9,8,8,9,9,9,8,10,9,9,6,5,8,10,10,10,10,10,10,10,10,10,10,10
sf,cvs,fltk,fltk/fltk/src/Fl_Input.cxx,buggy,cpp,IssueFalse,77796,323,12094,17,10,10,10,10,6,10,7,7,7,5,6,5,5,5,5,9,9,9,6,6,6,5,6,5,6,6,6,6,6,6,6,6,6,6,6,6,9,9,9,8,8,9,10,10,10,9,9,10,8,10,10,10,10,10,10,10,10,10,10,10,10,10
sf,cvs,fltk,fltk/fltk/src/Fl_Item.cxx,buggy,cpp,IssueFalse,77796,323,12094,17,4,9,5,7,9,6,7,7,7,5,6,5,5,5,5,9,9,9,6,6,6,5,6,5,6,6,6,6,6,6,6,6,6,6,6,6,9,9,9,8,8,9,7,7,7,3,5,4,6,6,8,3,9,5,4,4,4,4,4,7,5,5
sf,cvs,fltk,fltk/fltk/src/Fl_Light_Button.cxx,buggy,cpp,IssueFalse,77796,323,12094,17,4,6,5,3,6,9,7,7,7,5,6,5,5,5,5,9,9,9,6,6,6,5,6,5,6,6,6,6,6,6,6,6,6,6,6,6,9,9,9,8,8,9,10,10,7,6,7,4,10,9,6,3,9,3,3,3,4,4,4,5,4,4
sf,cvs,fltk,fltk/fltk/src/Fl_Menu.cxx,buggy,cpp,IssueFalse,77796,323,12094,17,9,9,10,9,4,10,10,10,10,6,7,9,5,6,7,9,9,9,7,8,8,6,7,9,9,9,10,8,9,9,8,9,9,7,8,8,9,9,9,9,9,9,10,10,10,10,10,10,9,10,10,10,10,10,10,10,10,10,10,10,10,10
sf,cvs,fltk,fltk/fltk/src/Fl_Menu_.cxx,buggy,cpp,IssueFalse,77796,323,12094,17,6,8,7,6,6,10,7,7,7,5,6,5,5,5,5,9,9,9,6,6,6,5,6,5,6,6,6,6,6,6,6,6,6,6,6,6,9,9,9,8,8,9,9,9,8,6,6,7,7,6,8,9,10,10,10,10,10,10,10,10,10,10
sf,cvs,fltk,fltk/fltk/src/Fl_Menu_Bar.cxx,buggy,cpp,IssueFalse,77796,323,12094,17,4,6,5,4,7,10,7,7,7,5,6,5,5,5,5,9,9,9,6,6,6,5,6,5,6,6,6,6,6,6,6,6,6,6,6,6,9,9,9,8,8,9,10,10,7,7,6,5,9,9,6,10,10,9,9,10,10,10,10,9,10,10
sf,cvs,fltk,fltk/fltk/src/Fl_Menu_Button.cxx,buggy,cpp,IssueFalse,77796,323,12094,17,3,4,4,4,6,7,7,7,7,5,6,5,5,5,5,9,9,9,6,6,6,5,6,5,6,6,6,6,6,6,6,6,6,6,6,6,9,9,9,8,8,9,10,9,7,4,5,3,10,7,7,3,9,3,3,3,4,4,4,5,4,4
sf,cvs,fltk,fltk/fltk/src/Fl_Menu_Window.cxx,clean,cpp,IssueFalse,77796,323,12094,17,1,6,2,4,10,2,7,7,7,5,6,5,5,5,5,9,9,9,6,6,6,5,6,5,6,6,6,6,6,6,6,6,6,6,6,6,9,9,9,8,8,9,3,3,3,2,2,2,3,2,3,7,10,9,8,9,10,9,9,10,9,9
sf,cvs,fltk,fltk/fltk/src/Fl_Menu_add.cxx,buggy,cpp,IssueFalse,77796,323,12094,17,6,9,6,6,8,10,7,7,7,5,6,5,5,5,5,9,9,9,6,6,6,5,6,5,6,6,6,6,6,6,6,6,6,6,6,6,9,9,9,8,8,9,9,10,8,9,9,8,5,7,7,5,10,10,10,9,10,10,9,10,10,9
sf,cvs,fltk,fltk/fltk/src/Fl_Pack.cxx,clean,cpp,IssueFalse,77796,323,12094,17,4,7,5,3,7,7,7,7,7,5,6,5,5,5,5,9,9,9,6,6,6,5,6,5,6,6,6,6,6,6,6,6,6,6,6,6,9,9,9,8,8,9,10,9,5,6,5,3,9,8,5,8,10,7,8,7,9,9,9,9,10,9
sf,cvs,fltk,fltk/fltk/src/Fl_Pixmap.cxx,buggy,cpp,IssueFalse,77796,323,12094,17,3,5,4,3,7,6,7,7,7,5,6,5,5,5,5,9,9,9,6,6,6,5,6,5,6,6,6,6,6,6,6,6,6,6,6,6,9,9,9,8,8,9,10,8,5,9,8,4,10,7,5,9,10,10,10,10,10,10,10,9,9,9
sf,cvs,fltk,fltk/fltk/src/Fl_RGB_Image.cxx,clean,cpp,IssueFalse,77796,323,12094,17,1,4,1,2,10,6,7,7,7,5,6,5,5,5,5,9,9,9,6,6,6,5,6,5,6,6,6,6,6,6,6,6,6,6,6,6,9,9,9,8,8,9,8,5,3,10,7,4,9,4,3,6,7,4,4,4,4,4,4,5,4,6
sf,cvs,fltk,fltk/fltk/src/Fl_Repeat_Button.cxx,clean,cpp,IssueFalse,77796,323,12094,17,2,4,2,3,8,7,7,7,7,5,6,5,5,5,5,9,9,9,6,6,6,5,6,5,6,6,6,6,6,6,6,6,6,6,6,6,9,9,9,8,8,9,10,8,4,3,2,2,7,5,4,3,9,3,3,3,4,4,4,5,4,4
sf,cvs,fltk,fltk/fltk/src/Fl_Return_Button.cxx,buggy,cpp,IssueFalse,77796,323,12094,17,2,4,3,3,8,4,7,7,7,5,6,5,5,5,5,9,9,9,6,6,6,5,6,5,6,6,6,6,6,6,6,6,6,6,6,6,9,9,9,8,8,9,9,7,5,5,5,3,9,7,6,3,9,3,3,3,4,4,4,5,4,4
sf,cvs,fltk,fltk/fltk/src/Fl_Roller.cxx,buggy,cpp,IssueFalse,77796,323,12094,17,5,7,6,3,6,9,7,7,7,5,6,5,5,5,5,9,9,9,6,6,6,5,6,5,6,6,6,6,6,6,6,6,6,6,6,6,9,9,9,8,8,9,10,9,7,9,7,5,10,8,6,5,10,8,7,7,9,8,8,10,10,9
sf,cvs,fltk,fltk/fltk/src/Fl_Scroll.cxx,buggy,cpp,IssueFalse,77796,323,12094,17,7,6,8,6,3,10,7,7,7,5,6,5,5,5,5,9,9,9,6,6,6,5,6,5,6,6,6,6,6,6,6,6,6,6,6,6,9,9,9,8,8,9,10,10,9,9,7,8,9,10,9,10,10,9,10,10,10,10,10,9,10,10
sf,cvs,fltk,fltk/fltk/src/Fl_Scrollbar.cxx,buggy,cpp,IssueFalse,77796,323,12094,17,6,5,7,4,3,9,7,7,7,5,6,5,5,5,5,9,9,9,6,6,6,5,6,5,6,6,6,6,6,6,6,6,6,6,6,6,9,9,9,8,8,9,10,10,9,4,5,4,10,9,8,9,10,10,10,10,10,10,10,10,10,10
sf,cvs,fltk,fltk/fltk/src/Fl_Shaped_Window.cxx,clean,cpp,IssueFalse,77796,323,12094,17,2,5,2,3,9,6,7,7,7,5,6,5,5,5,5,9,9,9,6,6,6,5,6,5,6,6,6,6,6,6,6,6,6,6,6,6,9,9,9,8,8,9,6,5,3,8,6,4,9,7,4,5,7,6,6,5,8,7,7,6,5,6
sf,cvs,fltk,fltk/fltk/src/Fl_Shared_Image.cxx,buggy,cpp,IssueFalse,77796,323,12094,17,6,6,7,8,4,9,7,7,7,5,6,5,5,5,5,9,9,9,6,6,7,5,6,5,7,7,7,6,7,6,6,6,6,7,7,7,9,9,9,8,8,9,8,7,8,7,7,8,5,6,8,6,10,9,9,8,10,10,10,10,10,9
sf,cvs,fltk,fltk/fltk/src/Fl_Slider.cxx,buggy,cpp,IssueFalse,77796,323,12094,17,8,10,9,6,7,9,7,7,7,5,6,5,5,5,5,9,9,9,6,6,6,5,6,5,6,6,6,6,6,6,6,6,6,6,6,6,9,9,9,8,8,9,10,10,10,10,9,8,10,8,9,9,10,10,10,10,10,10,10,10,10,10
sf,cvs,fltk,fltk/fltk/src/Fl_Style.cxx,buggy,cpp,IssueFalse,77796,323,12094,17,6,10,9,10,9,9,7,7,7,5,6,5,5,5,5,9,9,9,6,6,6,5,6,5,6,6,6,6,6,6,6,6,6,6,6,6,9,9,9,8,8,9,7,8,10,9,10,10,4,8,10,3,7,3,3,3,9,7,7,5,4,4
sf,cvs,fltk,fltk/fltk/src/Fl_Tabs.cxx,buggy,cpp,IssueFalse,77796,323,12094,17,7,7,8,6,4,9,7,7,7,5,6,5,5,5,5,9,9,9,6,6,6,5,6,5,6,6,6,6,6,6,6,6,6,6,6,6,9,9,9,8,8,9,10,10,9,5,7,6,9,9,9,8,10,10,10,9,10,10,10,10,10,10
sf,cvs,fltk,fltk/fltk/src/Fl_Text_Buffer.cxx,buggy,cpp,IssueFalse,77796,323,12094,17,10,10,10,10,5,7,7,7,7,5,6,5,5,5,5,9,9,9,6,6,6,5,6,5,6,6,6,6,6,6,6,6,6,6,6,6,9,9,9,8,8,9,9,9,10,8,9,10,5,7,10,10,10,3,3,3,4,4,4,2,1,2
sf,cvs,fltk,fltk/fltk/src/Fl_Text_Display.cxx,buggy,cpp,IssueFalse,77796,323,12094,17,10,10,10,10,6,10,7,7,7,5,6,5,5,5,5,9,9,9,6,6,6,5,6,5,6,6,6,6,6,6,6,6,6,6,6,6,9,9,9,8,8,9,10,10,10,9,10,10,8,10,10,10,10,3,3,3,4,4,4,2,1,2
sf,cvs,fltk,fltk/fltk/src/Fl_Text_Editor.cxx,buggy,cpp,IssueFalse,77796,323,12094,17,8,6,8,9,2,7,7,7,7,5,6,5,5,5,5,9,9,9,6,6,6,5,6,5,6,6,6,6,6,6,6,6,6,6,6,6,9,9,9,8,8,9,8,9,9,6,8,9,7,8,10,9,10,9,10,9,10,10,10,10,10,10
sf,cvs,fltk,fltk/fltk/src/Fl_Tile.cxx,clean,cpp,IssueFalse,77796,323,12094,17,5,6,7,4,5,9,7,7,7,5,6,5,5,5,5,9,9,9,6,6,6,5,6,5,6,6,6,6,6,6,6,6,6,6,6,6,9,9,9,8,8,9,10,10,8,8,5,5,9,7,7,7,9,8,8,8,9,9,9,10,10,9
sf,cvs,fltk,fltk/fltk/src/Fl_Tiled_Image.cxx,buggy,cpp,IssueFalse,77796,323,12094,17,3,5,4,3,8,6,7,7,7,5,6,5,5,5,5,9,9,9,6,6,6,5,6,5,6,6,6,6,6,6,6,6,6,6,6,6,9,9,9,8,8,9,9,8,5,8,7,4,5,3,4,7,10,3,3,3,9,9,9,9,10,9
sf,cvs,fltk,fltk/fltk/src/Fl_Tooltip.cxx,buggy,cpp,IssueFalse,77796,323,12094,17,5,7,7,6,6,6,8,8,8,8,7,8,6,6,6,9,9,9,7,7,7,8,7,8,6,6,6,8,8,8,8,8,7,8,7,7,9,9,9,8,8,9,9,8,8,7,9,7,8,7,8,8,10,8,8,8,9,9,9,9,10,9
sf,cvs,fltk,fltk/fltk/src/Fl_Value_Input.cxx,clean,cpp,IssueFalse,77796,323,12094,17,4,5,5,5,5,6,7,7,7,5,6,5,5,5,5,9,9,9,6,6,6,5,6,5,6,6,6,6,6,6,6,6,6,6,6,6,9,9,9,8,8,9,9,9,7,5,5,4,9,8,8,6,9,3,3,3,6,6,6,5,5,6
sf,cvs,fltk,fltk/fltk/src/Fl_Value_Slider.cxx,buggy,cpp,IssueFalse,77796,323,12094,17,5,6,6,4,6,9,7,7,7,5,6,5,5,5,5,9,9,9,6,6,6,5,6,5,6,6,6,6,6,6,6,6,6,6,6,6,9,9,9,8,8,9,10,10,7,7,7,4,10,9,7,5,10,10,10,9,9,8,7,9,9,8
sf,cvs,fltk,fltk/fltk/src/Fl_Widget.cxx,buggy,cpp,IssueFalse,77796,323,12094,17,8,10,9,9,10,9,7,7,7,5,6,5,5,5,5,9,9,9,6,6,6,5,6,5,6,6,6,6,6,6,6,6,6,6,6,6,9,9,9,8,8,9,9,10,10,9,10,10,6,8,10,6,10,10,10,10,9,9,8,10,10,10
sf,cvs,fltk,fltk/fltk/src/Fl_Window.cxx,buggy,cpp,IssueFalse,77796,323,12094,17,7,10,8,8,9,10,7,7,7,5,6,5,5,5,5,9,9,9,6,6,6,5,6,5,6,6,6,6,6,6,6,6,6,6,6,6,9,9,9,8,8,9,9,9,9,10,10,10,7,8,9,8,10,10,10,10,10,10,10,10,10,10
sf,cvs,fltk,fltk/fltk/src/Fl_Window_fullscreen.cxx,buggy,cpp,IssueFalse,77796,323,12094,17,1,8,2,3,10,4,7,7,7,5,6,5,5,5,5,9,9,9,6,6,6,5,6,5,6,6,6,6,6,6,6,6,6,6,6,6,9,9,9,8,8,9,6,4,3,9,7,4,9,6,4,8,9,10,10,10,10,10,10,10,10,9
sf,cvs,fltk,fltk/fltk/src/Fl_Window_hotspot.cxx,clean,cpp,IssueFalse,77796,323,12094,17,2,5,3,3,8,7,7,7,7,5,6,5,5,5,5,9,9,9,6,6,6,5,6,5,6,6,6,6,6,6,6,6,6,6,6,6,9,9,9,8,8,9,10,8,5,8,6,4,8,5,4,3,9,3,3,3,4,4,4,5,4,4
sf,cvs,fltk,fltk/fltk/src/Fl_abort.cxx,buggy,cpp,IssueFalse,77796,323,12094,17,2,7,2,3,10,2,7,7,7,5,6,5,5,5,5,9,9,9,6,6,6,5,6,5,6,6,6,6,6,6,6,6,6,6,6,6,9,9,9,8,8,9,3,3,2,3,2,2,6,3,3,7,10,8,8,7,8,8,8,9,9,8
sf,cvs,fltk,fltk/fltk/src/Fl_arg.cxx,clean,cpp,IssueFalse,77796,323,12094,17,4,9,6,4,9,7,7,7,7,5,6,5,5,5,5,9,9,9,6,6,6,5,6,5,6,6,6,6,6,6,6,6,6,6,6,6,9,9,9,8,8,9,10,9,7,9,7,6,9,8,7,7,9,10,9,10,10,10,10,10,10,10
sf,cvs,fltk,fltk/fltk/src/Fl_compose.cxx,buggy,cpp,IssueFalse,77796,323,12094,17,7,9,4,2,6,9,7,7,7,5,6,5,5,5,5,9,9,9,6,6,6,5,6,5,6,6,6,6,6,6,6,6,6,6,6,6,9,9,9,8,8,9,10,9,5,10,7,3,6,3,3,10,10,9,10,10,8,9,9,10,10,10
sf,cvs,fltk,fltk/fltk/src/Fl_get_key.cxx,buggy,cpp,IssueFalse,77796,323,12094,17,1,4,1,1,1,2,7,7,7,5,6,5,5,5,5,9,9,9,6,6,6,5,6,5,6,6,6,6,6,6,6,6,6,6,6,6,9,9,9,8,8,9,1,1,2,2,2,2,2,1,2,7,10,9,8,9,10,10,9,9,9,9
sf,cvs,fltk,fltk/fltk/src/Fl_get_key_mac.cxx,buggy,cpp,IssueFalse,77796,323,12094,17,3,5,2,3,7,6,7,7,7,5,6,5,5,5,5,9,9,9,6,6,6,5,6,5,6,6,6,6,6,6,6,6,6,6,6,6,9,9,9,8,8,9,6,6,3,6,5,4,3,3,3,6,10,3,3,3,4,4,4,5,5,6
sf,cvs,fltk,fltk/fltk/src/Fl_get_key_win32.cxx,buggy,cpp,IssueFalse,77796,323,12094,17,4,6,3,3,6,6,7,7,7,5,6,5,5,5,5,9,9,9,6,6,6,5,6,5,6,6,6,6,6,6,6,6,6,6,6,6,9,9,9,8,8,9,9,8,5,6,6,4,3,3,3,6,10,6,6,6,4,4,4,9,10,9
sf,cvs,fltk,fltk/fltk/src/Fl_lock.cxx,buggy,cpp,IssueFalse,77796,323,12094,17,1,7,1,1,1,2,7,7,7,5,6,5,5,5,5,9,9,9,6,6,6,5,6,5,6,6,6,6,6,6,6,6,6,6,6,6,9,9,9,8,8,9,1,1,2,2,2,2,2,1,2,5,9,9,8,8,10,10,9,10,10,9
sf,cvs,fltk,fltk/fltk/src/Fl_mac.cxx,buggy,cpp,IssueFalse,77796,323,12094,17,10,10,10,10,5,9,9,9,9,5,6,5,5,6,6,9,9,9,6,7,7,5,6,5,10,10,10,8,9,9,8,9,9,9,9,9,9,9,9,8,8,9,10,10,10,9,9,10,8,10,10,10,10,10,10,10,10,10,10,10,10,10
sf,cvs,fltk,fltk/fltk/src/Fl_own_colormap.cxx,buggy,cpp,IssueFalse,77796,323,12094,17,1,5,1,2,10,2,7,7,7,5,6,5,5,5,5,9,9,9,6,6,6,5,6,5,6,6,6,6,6,6,6,6,6,6,6,6,9,9,9,8,8,9,3,3,2,3,2,2,2,2,2,5,9,9,7,7,10,8,9,9,8,8
sf,cvs,fltk,fltk/fltk/src/Fl_visual.cxx,clean,cpp,IssueFalse,77796,323,12094,17,2,7,3,3,10,7,7,7,7,5,6,5,5,5,5,9,9,9,6,6,6,5,6,5,6,6,6,6,6,6,6,6,6,6,6,6,9,9,9,8,8,9,10,7,4,10,7,5,6,4,3,7,10,10,9,9,10,10,10,9,9,9
sf,cvs,fltk,fltk/fltk/src/Fl_win32.cxx,buggy,cpp,IssueFalse,77796,323,12094,17,10,10,10,10,4,9,8,9,9,6,7,8,5,5,6,9,9,9,6,7,8,6,7,8,8,9,9,7,8,8,7,8,8,7,8,8,9,9,9,8,8,9,10,10,10,9,10,10,9,10,10,10,10,10,10,10,10,10,10,10,10,10
sf,cvs,fltk,fltk/fltk/src/Fl_x.cxx,buggy,cpp,IssueFalse,77796,323,12094,17,10,10,10,10,6,10,7,7,7,5,6,5,5,5,5,9,9,9,6,6,6,5,6,5,9,9,8,6,6,6,6,6,6,6,6,6,9,9,9,8,8,9,10,10,10,10,10,10,9,10,10,10,10,10,10,10,10,10,10,10,10,10
sf,cvs,fltk,fltk/fltk/src/carbon/Attic/font.cxx,buggy,cpp,IssueFalse,77796,323,12094,17,5,7,5,6,6,6,7,7,7,5,6,5,5,5,5,9,9,9,6,6,6,5,6,5,6,6,6,6,6,6,6,6,6,6,6,6,9,9,9,8,8,9,7,6,6,8,8,7,5,5,6,3,9,4,3,3,4,4,4,6,4,4
sf,cvs,fltk,fltk/fltk/src/carbon/Attic/x.cxx,clean,cpp,IssueFalse,77796,323,12094,17,10,10,10,10,5,9,9,9,9,5,6,5,5,6,6,9,9,9,6,7,7,5,6,5,10,10,10,8,9,9,8,9,9,9,9,9,9,9,9,8,8,9,10,10,10,9,9,10,8,10,10,6,9,10,10,10,10,10,10,10,10,9
sf,cvs,fltk,fltk/fltk/src/filename_absolute.cxx,buggy,cpp,IssueFalse,77796,323,12094,17,4,6,5,3,7,7,7,7,7,5,6,5,5,5,5,9,9,9,6,6,6,5,6,5,6,6,6,6,6,6,6,6,6,6,6,6,9,9,9,8,8,9,10,9,6,10,7,5,6,4,3,6,10,3,3,3,4,4,4,5,4,5
sf,cvs,fltk,fltk/fltk/src/filename_list.cxx,clean,cpp,IssueFalse,77796,323,12094,17,3,6,4,3,8,7,7,7,7,5,6,5,5,5,5,9,9,9,6,6,6,5,6,5,6,6,6,6,6,6,6,6,6,6,6,6,9,9,9,8,8,9,10,9,6,6,4,3,4,3,3,6,9,8,8,7,8,8,7,8,9,8
sf,cvs,fltk,fltk/fltk/src/fl_arc.cxx,buggy,cpp,IssueFalse,77796,323,12094,17,3,7,4,2,9,6,7,7,7,5,6,5,5,5,5,9,9,9,6,6,6,5,6,5,6,6,6,6,6,6,6,6,6,6,6,6,9,9,9,8,8,9,10,6,3,10,7,3,9,4,3,6,10,8,8,8,6,6,6,9,9,8
sf,cvs,fltk,fltk/fltk/src/fl_arci.cxx,buggy,cpp,IssueFalse,77796,323,12094,17,2,7,2,2,10,4,7,7,7,5,6,5,5,5,5,9,9,9,6,6,6,5,6,5,6,6,6,6,6,6,6,6,6,6,6,6,9,9,9,8,8,9,10,7,3,10,9,5,5,3,2,8,10,10,9,9,10,10,10,9,9,9
sf,cvs,fltk,fltk/fltk/src/fl_ask.cxx,buggy,cpp,IssueFalse,77796,323,12094,17,6,9,7,6,7,9,7,7,7,5,6,5,5,5,5,9,9,9,6,6,6,5,6,5,6,6,6,6,6,6,6,6,6,6,6,6,9,9,9,8,8,9,7,9,7,9,9,8,8,10,8,7,9,10,10,10,10,10,10,10,10,10
sf,cvs,fltk,fltk/fltk/src/fl_bmp.cxx,clean,cpp,IssueFalse,77796,323,12094,17,8,9,8,6,5,10,7,7,7,5,6,5,5,5,5,9,9,9,6,6,6,5,6,5,6,6,6,6,6,6,6,6,6,6,6,6,9,9,9,8,8,9,10,10,9,8,7,7,7,8,8,7,9,10,10,10,10,10,10,10,10,10
sf,cvs,fltk,fltk/fltk/src/fl_clip.cxx,buggy,cpp,IssueFalse,77796,323,12094,17,5,9,6,6,8,6,7,7,7,5,6,5,5,5,5,9,9,9,6,6,6,5,6,5,6,6,6,6,6,6,6,6,6,6,6,6,9,9,9,8,8,9,8,8,7,10,9,9,7,7,8,8,10,9,9,9,9,9,9,7,7,8
sf,cvs,fltk,fltk/fltk/src/fl_color.cxx,clean,cpp,IssueFalse,77796,323,12094,17,5,7,7,7,5,6,7,7,7,5,6,5,5,5,5,9,9,9,6,6,6,5,6,5,6,6,6,6,6,6,6,6,6,6,6,6,9,9,9,8,8,9,9,9,8,10,9,9,4,5,7,5,10,10,10,10,10,10,10,6,4,5
sf,cvs,fltk,fltk/fltk/src/fl_color_mac.cxx,buggy,cpp,IssueFalse,77796,323,12094,17,3,5,3,3,8,4,7,7,7,5,6,5,5,5,5,9,9,9,6,6,6,5,6,5,6,6,6,6,6,6,6,6,6,6,6,6,9,9,9,8,8,9,5,4,3,9,7,5,5,4,4,5,10,3,3,3,4,4,4,5,4,5
sf,cvs,fltk,fltk/fltk/src/fl_cursor.cxx,buggy,cpp,IssueFalse,77796,323,12094,17,5,8,5,3,7,7,7,7,7,5,6,5,5,5,5,9,9,9,6,6,6,5,6,5,8,8,9,6,6,6,6,6,6,6,6,6,9,9,9,8,8,9,9,8,4,10,9,5,9,7,5,7,10,10,10,10,10,10,10,10,10,10
sf,cvs,fltk,fltk/fltk/src/fl_diamond_box.cxx,clean,cpp,IssueFalse,77796,323,12094,17,2,5,4,3,8,2,7,7,7,5,6,5,5,5,5,9,9,9,6,6,6,5,6,5,6,6,6,6,6,6,6,6,6,6,6,6,9,9,9,8,8,9,3,3,3,7,5,4,5,3,4,3,9,3,3,3,4,4,4,5,4,4
sf,cvs,fltk,fltk/fltk/src/fl_dnd_mac.cxx,buggy,cpp,IssueFalse,77796,323,12094,17,2,5,3,2,8,4,7,7,7,5,6,5,5,5,5,9,9,9,6,6,6,5,6,5,6,6,6,6,6,6,6,6,6,6,6,6,9,9,9,8,8,9,10,6,3,9,5,3,10,6,4,5,10,3,3,3,4,4,4,5,4,5
sf,cvs,fltk,fltk/fltk/src/fl_dnd_win32.cxx,clean,cpp,IssueFalse,77796,323,12094,17,5,6,5,8,6,4,8,8,9,8,7,9,6,6,7,9,9,9,6,6,6,8,7,9,7,7,7,9,9,9,8,9,9,9,9,9,9,9,9,8,8,9,5,5,7,4,5,6,3,5,7,7,10,6,6,6,10,10,10,8,9,8
sf,cvs,fltk,fltk/fltk/src/fl_draw.cxx,buggy,cpp,IssueFalse,77796,323,12094,17,9,10,9,10,6,9,7,7,9,6,7,10,6,6,10,9,9,9,6,7,10,6,7,10,6,10,10,7,7,10,6,7,10,7,7,10,9,9,9,8,8,9,7,10,10,6,10,10,4,7,10,10,10,10,10,10,10,10,10,10,10,10
sf,cvs,fltk,fltk/fltk/src/fl_draw_image.cxx,clean,cpp,IssueFalse,77796,323,12094,17,1,9,1,4,10,2,7,7,7,5,6,5,5,5,5,9,9,9,6,6,6,5,6,5,6,6,6,6,6,6,6,6,6,6,6,6,9,9,9,8,8,9,3,3,3,10,8,7,2,2,2,7,10,10,10,10,10,10,10,9,9,8
sf,cvs,fltk,fltk/fltk/src/fl_draw_image_mac.cxx,buggy,cpp,IssueFalse,77796,323,12094,17,5,7,6,5,6,10,7,7,7,5,6,5,5,5,5,9,9,9,6,6,6,5,6,5,6,6,6,6,6,6,6,6,6,6,6,6,9,9,9,8,8,9,10,10,7,10,9,8,4,6,5,5,10,3,3,3,4,4,4,5,4,5
sf,cvs,fltk,fltk/fltk/src/fl_draw_image_win32.cxx,clean,cpp,IssueFalse,77796,323,12094,17,5,7,5,2,6,10,7,7,7,5,6,5,5,5,5,9,9,9,6,6,6,5,6,5,6,6,6,6,6,6,6,6,6,6,6,6,9,9,9,8,8,9,10,10,6,10,9,5,10,8,5,9,10,9,10,9,10,10,10,9,10,9
sf,cvs,fltk,fltk/fltk/src/fl_draw_pixmap.cxx,buggy,cpp,IssueFalse,77796,323,12094,17,6,7,7,4,5,10,7,7,7,5,6,5,5,5,5,9,9,9,6,6,6,5,6,5,9,8,8,6,6,6,6,6,6,6,6,6,9,9,9,8,8,9,10,10,8,10,8,7,4,5,4,7,10,9,8,8,6,7,7,9,10,9
sf,cvs,fltk,fltk/fltk/src/fl_engraved_label.cxx,clean,cpp,IssueFalse,77796,323,12094,17,3,4,3,5,7,4,7,7,7,5,6,5,5,5,5,9,9,9,6,6,6,5,6,5,6,6,6,6,6,6,6,6,6,6,6,6,9,9,9,8,8,9,5,6,5,9,9,7,3,3,4,3,9,3,3,3,4,4,4,5,4,4
sf,cvs,fltk,fltk/fltk/src/fl_font.cxx,buggy,cpp,IssueFalse,77796,323,12094,17,2,8,2,4,10,4,7,7,7,5,6,5,5,5,5,9,9,9,6,6,6,5,6,5,6,6,6,6,6,6,6,6,6,6,6,6,9,9,9,8,8,9,6,6,4,5,5,4,4,3,3,6,10,9,9,8,10,9,9,8,8,8
sf,cvs,fltk,fltk/fltk/src/fl_font_mac.cxx,buggy,cpp,IssueFalse,77796,323,12094,17,5,7,5,6,6,6,7,7,7,5,6,5,5,5,5,9,9,9,6,6,6,5,6,5,6,6,6,6,6,6,6,6,6,6,6,6,9,9,9,8,8,9,7,6,6,8,8,7,4,5,6,5,10,3,3,3,4,4,4,5,4,5
sf,cvs,fltk,fltk/fltk/src/fl_font_win32.cxx,buggy,cpp,IssueFalse,77796,323,12094,17,6,8,7,8,5,6,7,7,7,5,6,5,5,5,5,9,9,9,6,7,7,5,6,5,10,9,10,6,7,6,6,6,6,6,7,7,9,9,9,8,8,9,6,6,7,9,8,8,5,9,8,10,10,9,9,10,9,9,9,9,10,10
sf,cvs,fltk,fltk/fltk/src/fl_font_x.cxx,buggy,cpp,IssueFalse,77796,323,12094,17,9,10,9,8,6,10,7,7,7,5,6,5,5,5,5,9,9,9,6,6,6,5,6,5,10,9,9,6,6,6,6,6,6,6,6,7,9,9,9,8,8,9,10,10,10,9,9,9,6,8,9,9,10,10,10,10,9,10,9,10,10,10
sf,cvs,fltk,fltk/fltk/src/fl_font_xft.cxx,buggy,cpp,IssueFalse,77796,323,12094,17,7,8,8,8,5,7,7,7,7,5,6,5,5,5,5,9,9,9,6,7,7,5,6,5,9,9,10,6,6,6,6,6,6,6,6,6,9,9,9,8,8,9,8,8,8,10,10,9,6,7,9,10,10,10,10,10,10,10,10,10,10,10
sf,cvs,fltk,fltk/fltk/src/fl_gif.cxx,clean,cpp,IssueFalse,77796,323,12094,17,7,9,8,3,5,10,7,7,7,5,6,5,5,5,5,9,9,9,6,6,6,5,6,5,6,6,6,6,6,6,6,6,6,6,6,6,9,9,9,8,8,9,10,10,10,4,3,3,9,6,6,6,10,6,6,6,9,9,8,9,9,8
sf,cvs,fltk,fltk/fltk/src/fl_labeltype.cxx,buggy,cpp,IssueFalse,77796,323,12094,17,6,9,7,7,7,9,7,7,7,8,7,8,5,5,6,9,9,9,6,6,7,8,7,8,6,6,6,6,7,6,6,6,6,7,7,7,9,9,9,8,8,9,9,10,9,7,7,7,7,6,8,7,10,10,10,10,10,10,10,10,10,10
sf,cvs,fltk,fltk/fltk/src/fl_list_fonts_win32.cxx,clean,cpp,IssueFalse,77796,323,12094,17,5,7,5,5,6,4,7,7,7,5,6,5,5,5,5,9,9,9,6,6,6,5,6,5,6,6,6,6,6,6,6,6,6,6,6,6,9,9,9,8,8,9,8,6,6,8,6,6,7,5,7,6,10,8,8,7,6,6,6,8,8,8
sf,cvs,fltk,fltk/fltk/src/fl_load_plugin.cxx,clean,cpp,IssueFalse,77796,323,12094,17,1,2,1,2,10,2,7,7,7,5,6,5,5,5,5,9,9,9,6,6,6,5,6,5,6,6,6,6,6,6,6,6,6,6,6,6,9,9,9,8,8,9,3,3,2,5,3,2,3,2,2,6,10,3,3,3,5,5,5,6,5,6
sf,cvs,fltk,fltk/fltk/src/fl_oval_box.cxx,clean,cpp,IssueFalse,77796,323,12094,17,2,4,2,4,9,2,7,7,7,5,6,5,5,5,5,9,9,9,6,6,6,5,6,5,6,6,6,6,6,6,6,6,6,6,6,6,9,9,9,8,8,9,3,3,3,9,7,6,3,2,3,3,9,3,3,3,4,4,4,5,4,4
sf,cvs,fltk,fltk/fltk/src/fl_overlay.cxx,buggy,cpp,IssueFalse,77796,323,12094,17,2,5,3,3,9,6,7,7,7,5,6,5,5,5,5,9,9,9,6,6,6,5,6,5,6,6,6,6,6,6,6,6,6,6,6,6,9,9,9,8,8,9,9,7,4,10,7,5,5,4,4,6,9,6,5,5,7,7,7,9,8,8
sf,cvs,fltk,fltk/fltk/src/fl_rect.cxx,buggy,cpp,IssueFalse,77796,323,12094,17,2,6,3,5,9,4,7,7,7,5,6,5,5,5,5,9,9,9,6,6,6,5,6,5,6,6,6,6,6,6,6,6,6,6,6,6,9,9,9,8,8,9,4,4,4,10,10,9,3,3,4,9,10,10,10,10,10,10,10,10,10,10
sf,cvs,fltk,fltk/fltk/src/fl_round_box.cxx,clean,cpp,IssueFalse,77796,323,12094,17,4,5,5,4,6,7,7,7,7,5,6,5,5,5,5,9,9,9,6,6,6,5,6,5,6,6,6,6,6,6,6,6,6,6,6,6,9,9,9,8,8,9,10,10,7,9,7,6,3,3,4,3,9,3,3,3,4,4,4,5,4,4
sf,cvs,fltk,fltk/fltk/src/fl_rounded_box.cxx,clean,cpp,IssueFalse,77796,323,12094,17,3,4,4,5,7,4,7,7,7,5,6,5,5,5,5,9,9,9,6,6,6,5,6,5,6,6,6,6,6,6,6,6,6,6,6,6,9,9,9,8,8,9,6,8,5,8,8,7,4,3,5,3,9,3,3,3,4,4,4,5,4,4
sf,cvs,fltk,fltk/fltk/src/fl_scroll_area.cxx,buggy,cpp,IssueFalse,77796,323,12094,17,3,5,4,2,7,6,7,7,7,5,6,5,5,5,5,9,9,9,6,6,6,5,6,5,6,6,6,6,6,6,6,6,6,6,6,6,9,9,9,8,8,9,10,8,4,10,9,5,4,3,2,9,10,8,9,9,8,9,9,8,9,9
sf,cvs,fltk,fltk/fltk/src/fl_set_fonts_mac.cxx,buggy,cpp,IssueFalse,77796,323,12094,17,5,6,6,3,6,7,7,7,7,5,6,5,5,5,5,9,9,9,6,6,6,5,6,5,6,6,6,6,6,6,6,6,6,6,6,6,9,9,9,8,8,9,10,8,7,6,5,4,9,6,6,5,10,3,3,3,4,4,4,5,4,5
sf,cvs,fltk,fltk/fltk/src/fl_shadow_box.cxx,clean,cpp,IssueFalse,77796,323,12094,17,2,4,2,3,9,2,7,7,7,5,6,5,5,5,5,9,9,9,6,6,6,5,6,5,6,6,6,6,6,6,6,6,6,6,6,6,9,9,9,8,8,9,3,3,3,8,6,4,4,3,3,3,9,3,3,3,4,4,4,5,4,4
sf,cvs,fltk,fltk/fltk/src/fl_show_colormap.cxx,clean,cpp,IssueFalse,77796,323,12094,17,5,6,6,4,6,7,9,9,9,8,7,8,6,6,6,9,9,9,8,7,8,8,7,8,9,9,8,8,8,8,8,8,7,8,7,7,9,9,9,8,8,9,10,10,7,9,9,6,8,7,7,5,10,8,7,7,9,8,8,10,10,9
sf,cvs,fltk,fltk/fltk/src/fl_symbols.cxx,buggy,cpp,IssueFalse,77796,323,12094,17,8,10,9,10,8,7,9,8,8,8,7,8,7,6,7,9,9,9,6,6,7,8,7,8,7,7,7,7,7,7,7,7,7,7,7,7,9,9,9,8,8,9,7,9,9,6,8,9,4,5,9,9,10,10,10,10,10,10,10,10,10,10
sf,cvs,fltk,fltk/fltk/src/fl_vertex.cxx,buggy,cpp,IssueFalse,77796,323,12094,17,8,10,8,9,8,7,7,7,7,5,6,5,5,5,5,9,9,9,6,6,6,5,6,5,10,10,9,6,6,6,6,6,6,6,6,6,9,9,9,8,8,9,8,7,9,10,10,10,6,5,9,9,10,10,10,10,10,10,10,10,10,10
sf,cvs,fltk,fltk/fltk/src/fl_xpm.cxx,clean,cpp,IssueFalse,77796,323,12094,17,5,5,6,4,4,10,7,7,7,5,6,5,5,5,5,9,9,9,6,6,6,5,6,5,6,6,6,6,6,6,6,6,6,6,6,6,9,9,9,8,8,9,10,9,7,5,5,4,8,5,6,5,10,6,5,5,7,7,6,9,9,8
sf,cvs,fltk,fltk/fltk/src/fltk_theme.cxx,buggy,cpp,IssueFalse,77796,323,12094,17,1,4,1,2,10,2,7,7,7,5,6,5,5,5,5,9,9,9,6,6,6,5,6,5,6,6,6,6,6,6,6,6,6,6,6,6,9,9,9,8,8,9,3,3,2,2,2,2,2,2,2,5,9,4,4,4,4,4,4,4,4,4
sf,cvs,fltk,fltk/fltk/src/fltk_theme_win32.cxx,clean,cpp,IssueFalse,77796,323,12094,17,5,8,6,3,6,6,7,7,7,5,6,5,5,5,5,9,9,9,6,6,6,5,6,5,6,6,6,6,6,6,6,6,6,6,6,6,9,9,9,8,8,9,10,10,7,9,7,5,10,9,6,8,10,9,9,9,9,9,9,8,9,8
sf,cvs,fltk,fltk/fltk/src/fltk_theme_x.cxx,buggy,cpp,IssueFalse,77796,323,12094,17,7,9,8,5,6,9,9,9,9,5,6,5,5,5,6,9,9,9,6,6,6,5,6,5,9,9,9,6,7,7,7,7,7,7,8,8,9,9,9,9,9,9,10,10,9,8,7,7,9,8,8,3,7,3,3,3,4,4,4,7,6,5
sf,cvs,fltk,fltk/fltk/src/gdiprinter/Attic/Fl_GDI_Printer.cxx,clean,cpp,IssueFalse,77796,323,12094,17,7,7,8,6,4,6,7,7,7,5,6,5,5,5,5,9,9,9,6,6,6,5,6,5,6,6,6,6,6,6,6,6,6,6,6,6,9,9,9,8,8,9,10,9,9,9,9,8,7,7,8,3,10,3,3,3,4,4,4,6,4,4
sf,cvs,fltk,fltk/fltk/src/gdiprinter/Attic/color.cxx,clean,cpp,IssueFalse,77796,323,12094,17,1,4,2,3,10,2,7,7,7,5,6,5,5,5,5,9,9,9,6,6,6,5,6,5,6,6,6,6,6,6,6,6,6,6,6,6,9,9,9,8,8,9,3,3,3,6,5,3,3,2,3,5,9,4,4,4,4,4,4,7,5,6
sf,cvs,fltk,fltk/fltk/src/gdiprinter/Attic/line_style.cxx,clean,cpp,IssueFalse,77796,323,12094,17,2,4,3,3,8,6,7,7,7,5,6,5,5,5,5,9,9,9,6,6,6,5,6,5,6,6,6,6,6,6,6,6,6,6,6,6,9,9,9,8,8,9,9,8,4,9,6,4,5,4,3,3,9,3,3,3,4,4,4,6,4,4
sf,cvs,fltk,fltk/fltk/src/psprinter/Attic/Fl_PS_Printer.cxx,buggy,cpp,IssueFalse,77796,323,12094,17,8,7,7,6,3,7,7,7,7,5,6,5,5,5,5,9,9,9,6,6,6,5,6,5,6,6,6,6,6,6,6,6,6,6,6,6,9,9,9,8,8,9,9,8,7,8,7,7,4,3,5,6,10,9,8,8,10,9,9,8,8,7
sf,cvs,fltk,fltk/fltk/src/psprinter/Attic/image.cxx,buggy,cpp,IssueFalse,77796,323,12094,17,8,8,9,6,3,10,7,7,7,5,6,5,5,5,5,9,9,9,6,6,6,5,6,5,6,6,6,6,6,6,6,6,6,6,6,6,9,9,9,8,8,9,10,10,9,10,8,9,5,4,6,3,10,3,3,3,4,4,4,6,4,4
sf,cvs,fltk,fltk/fltk/src/scandir_win32.c,buggy,cpp,IssueFalse,77796,323,12094,17,3,5,4,2,7,9,7,7,7,5,6,5,5,5,5,9,9,9,6,6,6,5,6,5,7,7,7,6,6,6,6,6,6,6,6,6,9,9,9,8,8,9,10,9,5,10,6,3,10,6,4,9,10,6,6,7,8,9,9,8,10,9
sf,cvs,fltk,fltk/fltk/src/utf.c,buggy,cpp,IssueFalse,77796,323,12094,17,8,10,9,7,8,9,7,7,7,5,6,5,5,5,5,9,9,9,6,6,6,5,6,5,6,6,6,6,6,6,6,6,6,6,6,6,9,9,9,8,8,9,10,9,10,9,9,9,4,4,7,10,10,10,10,10,10,10,10,10,10,10
sf,cvs,fltk,fltk/fltk/src/vsnprintf.c,buggy,cpp,IssueFalse,77796,323,12094,17,4,6,5,3,7,10,7,7,7,5,6,5,5,5,5,9,9,9,6,6,6,5,6,5,6,6,6,6,6,6,6,6,6,6,6,6,9,9,9,8,8,9,10,10,6,8,5,3,5,3,3,3,9,3,3,3,4,4,4,5,4,4
sf,cvs,fltk,fltk/fltk/src/win/Attic/Bitmap.cxx,buggy,cpp,IssueFalse,77796,323,12094,17,4,6,5,5,6,10,7,7,7,8,7,8,5,5,5,9,9,9,7,7,7,8,7,8,7,7,7,6,7,6,6,6,6,7,7,7,9,9,9,8,8,9,9,9,7,8,7,6,4,5,5,5,9,3,3,3,6,6,6,7,6,6
sf,cvs,fltk,fltk/fltk/src/win/Attic/Fl_Win_Display.H,clean,cpp,IssueFalse,77796,323,12094,17,4,5,5,4,6,2,10,10,10,8,7,8,9,9,9,9,9,9,9,8,8,8,7,8,6,6,6,10,10,10,10,10,10,8,8,8,10,10,10,8,8,9,3,3,3,3,2,3,2,2,2,3,9,5,4,4,9,8,7,7,6,5
sf,cvs,fltk,fltk/fltk/src/win/Attic/Image.cxx,buggy,cpp,IssueFalse,77796,323,12094,17,2,4,3,3,8,6,7,7,7,8,7,8,5,5,5,9,9,9,7,7,7,8,7,8,8,8,7,6,7,6,6,6,6,7,7,7,9,9,9,8,8,9,7,6,4,9,8,5,9,7,5,3,9,3,3,3,4,4,4,8,6,5
sf,cvs,fltk,fltk/fltk/src/win/Attic/Pixmap.cxx,buggy,cpp,IssueFalse,77796,323,12094,17,3,5,3,3,8,6,7,7,7,8,7,8,5,5,5,9,9,9,7,7,7,8,7,8,8,8,7,6,7,6,6,6,6,7,7,7,9,9,9,8,8,9,7,6,4,9,7,5,8,7,5,3,9,3,3,3,4,4,4,8,6,5
sf,cvs,fltk,fltk/fltk/src/win/Attic/color.cxx,buggy,cpp,IssueFalse,77796,323,12094,17,6,7,6,7,5,9,7,7,7,5,6,5,5,5,5,9,9,9,6,6,6,5,6,5,9,8,8,6,6,6,6,6,6,6,6,6,9,9,9,8,8,9,8,8,7,9,7,8,7,5,8,3,9,3,3,3,4,4,4,6,5,5
sf,cvs,fltk,fltk/fltk/src/win/Attic/font.cxx,buggy,cpp,IssueFalse,77796,323,12094,17,4,7,5,6,7,6,7,7,7,5,6,5,5,5,5,9,9,9,6,6,6,5,6,5,6,6,6,6,6,6,6,6,6,6,6,6,9,9,9,8,8,9,7,7,6,8,7,7,4,5,6,3,9,3,3,3,4,4,4,6,4,4
sf,cvs,fltk,fltk/fltk/src/win/Attic/x.cxx,clean,cpp,IssueFalse,77796,323,12094,17,9,10,10,9,5,9,7,7,7,5,6,5,5,5,5,9,9,9,6,6,6,5,6,5,9,9,8,6,6,6,6,6,6,6,6,6,9,9,9,8,8,9,10,10,10,9,9,10,9,10,10,3,9,4,3,3,4,4,4,6,4,4
sf,cvs,fltk,fltk/fltk/src/xlib/Attic/x.cxx,clean,cpp,IssueFalse,77796,323,12094,17,10,10,10,10,3,10,7,7,7,5,6,5,5,5,5,9,9,9,6,6,6,5,6,5,9,9,8,6,6,6,6,6,6,6,6,6,9,9,9,8,8,9,10,10,10,10,10,10,9,10,10,6,9,6,5,6,6,6,6,6,6,6
sf,cvs,fltk,fltk/fltk/src/xutf8.cxx,buggy,cpp,IssueFalse,77796,323,12094,17,10,10,3,3,8,6,7,7,7,5,6,5,5,5,5,9,9,9,6,6,6,5,6,5,8,8,7,6,6,6,6,6,6,6,6,6,9,9,9,8,8,9,10,7,5,9,5,4,5,4,3,5,9,3,3,3,4,4,4,2,1,2
sf,cvs,fltk,fltk/fltk/test/Attic/device.cxx,buggy,cpp,IssueFalse,77796,323,12094,17,9,5,9,8,2,7,7,7,8,8,9,10,8,10,10,9,9,9,6,6,6,8,9,10,6,6,6,6,7,8,6,7,8,6,6,8,10,9,10,8,8,9,6,6,7,5,6,7,9,9,10,8,9,3,3,3,9,9,9,3,4,5
sf,cvs,fltk,fltk/fltk/test/arc.cxx,clean,cpp,IssueFalse,77796,323,12094,17,3,4,4,4,6,6,7,7,7,8,7,8,10,10,10,9,9,9,6,6,6,8,7,8,6,6,6,7,7,7,7,7,7,6,6,7,9,9,9,9,9,9,6,6,4,9,6,6,9,7,6,6,9,5,5,5,7,7,7,10,10,9
sf,cvs,fltk,fltk/fltk/test/browser.cxx,buggy,cpp,IssueFalse,77796,323,12094,17,4,8,4,4,8,7,7,7,7,5,6,5,5,5,5,9,9,9,6,6,6,5,6,5,6,6,6,6,6,6,6,6,6,6,6,6,9,9,9,8,8,9,9,6,5,9,8,5,9,8,6,5,7,7,7,6,4,4,4,7,6,6
sf,cvs,fltk,fltk/fltk/test/checkers.cxx,clean,cpp,IssueFalse,77796,323,12094,17,10,9,10,10,3,9,9,9,9,8,10,10,10,10,10,9,9,9,6,7,7,8,10,10,10,10,10,7,8,8,7,8,7,7,8,8,9,9,9,9,9,9,9,10,10,10,10,10,7,8,10,6,10,8,8,7,9,8,8,10,10,10
sf,cvs,fltk,fltk/fltk/test/clock.cxx,clean,cpp,IssueFalse,77796,323,12094,17,3,5,4,4,7,6,8,7,7,10,10,10,10,10,10,9,9,9,6,6,6,10,10,10,6,6,6,6,7,6,6,6,6,7,7,7,9,9,9,8,8,9,7,6,4,7,5,5,9,8,6,3,9,10,9,8,8,7,6,9,8,7
sf,cvs,fltk,fltk/fltk/test/color_chooser.cxx,clean,cpp,IssueFalse,77796,323,12094,17,4,5,5,5,5,6,7,7,7,8,7,8,5,5,6,9,9,9,6,6,6,8,7,8,6,6,6,7,7,7,7,7,7,6,6,7,9,9,9,9,9,9,8,7,5,8,8,6,9,9,7,3,7,3,3,3,8,6,6,10,10,9
sf,cvs,fltk,fltk/fltk/test/curve.cxx,clean,cpp,IssueFalse,77796,323,12094,17,4,4,4,4,5,6,8,7,7,8,7,8,10,10,10,9,9,9,6,6,6,8,7,8,6,6,6,6,7,6,6,6,6,6,6,7,9,9,9,9,9,9,7,6,5,8,6,6,9,7,7,3,9,6,5,4,7,6,6,10,10,8
sf,cvs,fltk,fltk/fltk/test/demo.cxx,clean,cpp,IssueFalse,77796,323,12094,17,6,6,7,7,4,9,7,7,7,5,6,5,5,5,5,9,9,9,6,6,6,5,6,5,6,6,6,6,6,6,6,6,6,6,6,6,9,9,9,8,8,9,8,9,8,9,8,8,6,7,8,3,7,6,5,5,9,8,7,10,10,9
sf,cvs,fltk,fltk/fltk/test/doublebuffer.cxx,clean,cpp,IssueFalse,77796,323,12094,17,5,5,6,5,4,6,8,7,7,10,10,10,10,10,10,9,9,9,6,6,7,10,10,10,6,6,6,7,7,7,7,7,7,6,6,7,9,9,9,9,9,9,6,5,5,7,6,6,9,8,8,5,7,10,9,8,10,9,8,10,10,9
sf,cvs,fltk,fltk/fltk/test/fonts.cxx,buggy,cpp,IssueFalse,77796,323,12094,17,6,5,7,5,4,7,7,7,7,8,7,8,10,10,10,9,9,9,6,6,7,8,7,8,9,8,8,6,7,6,6,6,6,6,6,7,9,9,9,9,9,9,9,9,7,10,8,7,10,9,9,5,9,10,9,8,9,9,8,10,10,9
sf,cvs,fltk,fltk/fltk/test/fullscreen.cxx,clean,cpp,IssueFalse,77796,323,12094,17,5,8,6,6,7,4,7,7,7,8,7,8,5,5,6,9,9,9,6,6,7,8,7,8,7,7,7,8,8,7,8,7,7,6,6,7,9,9,9,9,9,9,7,7,6,9,7,7,9,9,8,5,7,9,8,8,7,6,7,10,10,9
sf,cvs,fltk,fltk/fltk/test/gl_overlay.cxx,clean,cpp,IssueFalse,77796,323,12094,17,5,5,5,5,5,4,8,7,7,8,7,8,5,5,6,9,9,9,6,6,6,8,7,8,8,8,7,8,8,8,8,8,8,6,6,7,9,9,9,9,9,9,6,5,5,7,6,5,10,8,8,5,9,9,8,8,8,7,7,10,9,8
sf,cvs,fltk,fltk/fltk/test/glpuzzle.cxx,clean,cpp,IssueFalse,77796,323,12094,17,1,5,1,2,10,2,7,7,7,5,6,5,5,5,5,9,9,9,6,6,6,5,6,5,6,6,6,6,6,6,6,6,6,6,6,6,9,9,9,8,8,9,3,3,2,2,2,2,3,2,2,3,7,3,3,3,4,4,4,6,4,4
sf,cvs,fltk,fltk/fltk/test/hello.cxx,clean,cpp,IssueFalse,77796,323,12094,17,1,4,1,2,10,2,7,7,7,5,6,5,5,5,5,9,9,9,6,6,6,5,6,5,6,6,6,6,6,6,6,6,6,6,6,6,9,9,9,8,8,9,3,3,2,5,3,2,9,5,3,3,7,9,7,7,7,6,6,8,6,6
sf,cvs,fltk,fltk/fltk/test/image.cxx,buggy,cpp,IssueFalse,77796,323,12094,17,6,5,7,5,4,7,7,7,7,8,7,8,10,10,10,9,9,9,6,6,6,8,7,8,6,6,6,6,7,6,6,6,6,6,6,7,9,9,9,9,9,9,9,9,7,10,10,8,9,10,9,7,9,10,9,9,8,8,8,10,10,9
sf,cvs,fltk,fltk/fltk/test/input.cxx,clean,cpp,IssueFalse,77796,323,12094,17,4,5,6,5,5,4,7,7,7,5,6,5,5,5,5,9,9,9,6,6,6,5,6,5,6,6,6,6,6,6,6,6,6,6,6,6,9,9,9,8,8,9,7,6,5,7,7,5,8,8,7,3,9,9,7,6,9,8,7,10,10,8
sf,cvs,fltk,fltk/fltk/test/line_style.cxx,clean,cpp,IssueFalse,77796,323,12094,17,5,1,5,4,1,6,7,7,7,10,10,10,10,10,10,9,9,9,7,7,7,10,10,10,6,6,6,6,7,6,6,6,6,6,6,7,9,9,9,9,9,9,5,6,4,8,7,6,8,7,6,3,9,4,3,3,10,9,8,10,10,9
sf,cvs,fltk,fltk/fltk/test/list_visuals.cxx,clean,cpp,IssueFalse,77796,323,12094,17,4,5,5,3,5,9,7,7,7,5,6,5,5,5,5,9,9,9,6,6,6,5,6,5,9,9,8,6,6,6,6,6,6,6,6,6,9,9,9,8,8,9,10,9,7,10,9,6,7,5,4,3,7,7,5,5,10,8,8,10,9,7
sf,cvs,fltk,fltk/fltk/test/menu.cxx,buggy,cpp,IssueFalse,77796,323,12094,17,5,1,6,4,1,2,7,7,7,5,6,5,5,5,5,9,9,9,6,6,6,5,6,5,6,6,6,6,6,6,6,6,6,6,6,6,9,9,9,8,8,9,5,5,3,6,7,4,10,10,7,5,9,8,7,6,4,4,4,7,6,6
sf,cvs,fltk,fltk/fltk/test/shape.cxx,clean,cpp,IssueFalse,77796,323,12094,17,3,5,3,4,8,4,7,7,7,8,7,8,5,5,6,9,9,9,6,6,6,8,7,8,7,7,7,7,7,7,7,7,7,6,6,7,9,9,9,9,9,9,5,5,3,7,6,4,9,7,6,3,7,5,4,4,6,5,5,10,9,7
sf,cvs,fltk,fltk/fltk/test/symbols.cxx,buggy,cpp,IssueFalse,77796,323,12094,17,4,4,4,3,5,7,7,7,7,5,6,5,5,5,5,9,9,9,6,6,6,5,6,5,6,6,6,6,6,6,6,6,6,6,6,6,9,9,9,8,8,9,8,7,4,8,6,4,10,9,7,7,9,10,9,9,10,10,10,10,10,10
sf,cvs,fltk,fltk/fltk/test/utf.cxx,clean,cpp,IssueFalse,77796,323,12094,17,5,1,6,6,2,6,8,8,8,8,7,8,10,10,10,9,9,9,7,7,7,8,7,8,6,6,6,7,7,7,7,7,7,7,7,7,9,9,9,9,9,9,7,7,6,7,5,6,8,8,8,5,10,9,8,8,4,4,4,6,6,6
sf,cvs,fltk,fltk/fltk/visualc/Attic/config.h,buggy,cpp,IssueFalse,77796,323,12094,17,1,9,1,1,10,2,7,7,7,5,6,5,5,5,5,9,9,9,6,6,6,5,6,5,6,6,6,6,6,6,6,6,6,6,6,6,9,9,9,8,8,9,1,1,2,2,2,2,2,1,2,5,7,9,8,8,9,8,8,9,9,8
sf,cvs,fltk,fltk/fltk/zlib/Attic/adler32.c,clean,cpp,IssueFalse,77796,323,12094,17,2,1,5,2,5,7,7,7,7,5,6,5,5,5,5,9,9,9,6,6,6,5,6,5,6,6,6,6,6,6,6,6,6,6,6,6,9,9,9,8,8,9,10,7,4,10,6,3,2,2,2,3,7,3,3,3,4,4,4,3,3,3
sf,cvs,fltk,fltk/fltk/zlib/Attic/compress.c,clean,cpp,IssueFalse,77796,323,12094,17,2,2,2,3,6,4,7,7,7,5,6,5,5,5,5,9,9,9,6,6,6,5,6,5,6,6,6,6,6,6,6,6,6,6,6,6,9,9,9,8,8,9,8,6,3,10,7,4,8,6,4,3,7,3,3,3,4,4,4,3,3,3
sf,cvs,fltk,fltk/fltk/zlib/Attic/crc32.c,clean,cpp,IssueFalse,77796,323,12094,17,4,2,3,3,3,6,7,7,7,5,6,5,5,5,5,9,9,9,6,6,6,5,6,5,6,6,6,6,6,6,6,6,6,6,6,6,9,9,9,8,8,9,8,6,3,9,8,4,2,2,2,3,7,3,3,3,4,4,4,3,3,3
sf,cvs,fltk,fltk/fltk/zlib/Attic/deflate.c,clean,cpp,IssueFalse,77796,323,12094,17,9,10,10,8,7,9,7,7,7,5,6,5,5,5,5,9,9,9,6,6,6,5,6,5,9,9,9,6,6,6,6,6,6,6,6,6,9,9,9,8,8,9,10,10,10,10,10,10,10,9,10,3,7,3,3,3,4,4,4,3,3,3
sf,cvs,fltk,fltk/fltk/zlib/Attic/deflate.h,clean,cpp,IssueFalse,77796,323,12094,17,4,10,5,1,9,2,7,7,7,5,6,5,5,5,5,9,9,9,6,7,8,5,6,5,10,10,10,6,6,6,6,6,6,6,6,6,9,9,9,8,8,9,1,1,2,2,2,2,2,1,2,3,7,3,3,3,4,4,4,3,3,3
sf,cvs,fltk,fltk/fltk/zlib/Attic/gzio.c,clean,cpp,IssueFalse,77796,323,12094,17,9,10,9,9,5,9,7,7,7,5,6,5,5,5,5,9,9,9,6,6,7,5,6,5,10,10,10,6,6,6,6,6,6,6,6,6,9,9,9,8,8,9,10,9,10,10,10,10,8,9,10,3,7,3,3,3,4,4,4,3,3,3
sf,cvs,fltk,fltk/fltk/zlib/Attic/trees.c,clean,cpp,IssueFalse,77796,323,12094,17,9,10,10,8,7,10,7,7,7,5,6,5,5,5,5,9,9,9,6,6,7,5,6,5,10,9,9,6,6,6,6,6,6,6,6,6,9,9,9,8,8,9,10,9,10,10,9,10,7,7,9,3,7,3,3,3,4,4,4,3,3,3
sf,cvs,fltk,fltk/fltk/zlib/Attic/uncompr.c,clean,cpp,IssueFalse,77796,323,12094,17,2,3,2,2,8,4,7,7,7,5,6,5,5,5,5,9,9,9,6,6,6,5,6,5,6,6,6,6,6,6,6,6,6,6,6,6,9,9,9,8,8,9,10,7,3,10,7,3,10,5,4,3,7,3,3,3,4,4,4,3,3,3
sf,cvs,fltk,fltk/fltk/zlib/Attic/zconf.h,clean,cpp,IssueFalse,77796,323,12094,17,1,7,1,1,10,2,7,7,7,5,6,5,5,5,5,9,9,9,6,6,6,5,6,5,6,6,6,6,6,6,6,6,6,6,6,6,9,9,9,8,8,9,1,1,2,2,2,2,2,1,2,3,7,3,3,3,4,4,4,3,3,3
sf,cvs,fltk,fltk/fltk/zlib/Attic/zutil.c,clean,cpp,IssueFalse,77796,323,12094,17,2,3,2,4,7,4,7,7,7,5,6,5,5,5,5,9,9,9,6,6,6,5,6,5,7,7,7,6,6,6,6,6,6,6,6,6,9,9,9,8,8,9,5,4,3,4,4,3,2,2,3,3,7,3,3,3,4,4,4,3,3,3
sf,cvs,fltk,fltk/fltk/zlib/Attic/zutil.h,clean,cpp,IssueFalse,77796,323,12094,17,1,4,1,1,10,2,7,7,7,5,6,5,5,5,5,9,9,9,6,6,6,5,6,5,6,6,6,6,6,6,6,6,6,6,6,6,9,9,9,8,8,9,1,1,2,2,2,2,2,1,2,3,7,3,3,3,4,4,4,3,3,3
