Host,Vcs,Project,File,Buggy,PL,IssueTracking,TLOC,TNF,TNC,TND,LOC,CL,NStmt,NFunc,RCC,MNL,avg_WMC,max_WMC,total_WMC,avg_DIT,max_DIT,total_DIT,avg_RFC,max_RFC,total_RFC,avg_NOC,max_NOC,total_NOC,avg_CBO,max_CBO,total_CBO,avg_DIT.1,max_DIT.1,total_DIT.1,avg_NIV,max_NIV,total_NIV,avg_NIM,max_NIM,total_NIM,avg_NOM,max_NOM,total_NOM,avg_NPBM,max_NPBM,total_NPBM,avg_NPM,max_NPM,total_NPM,avg_NPRM,max_NPRM,total_NPRM,avg_CC,max_CC,total_CC,avg_FANIN,max_FANIN,total_FANIN,avg_FANOUT,max_FANOUT,total_FANOUT,NRev,NFix,avg_AddedLOC,max_AddedLOC,total_AddedLOC,avg_DeletedLOC,max_DeletedLOC,total_DeletedLOC,avg_ModifiedLOC,max_ModifiedLOC,total_ModifiedLOC
sf,cvs,flylegacy,flylegacy/source/src/Gauges/GPSKLN89.cpp,buggy,cpp,IssueTrue,86753,96,4806,6,10,10,10,10,7,6,7,7,7,7,7,5,4,4,5,9,9,9,6,6,6,7,7,5,6,6,6,6,6,6,6,6,6,6,6,6,9,9,9,8,8,9,9,9,10,8,9,10,8,10,10,3,6,3,3,3,4,4,4,2,2,2
sf,cvs,flylegacy,flylegacy/source/src/Gauges/Gauges.cpp,buggy,cpp,IssueTrue,86753,96,4806,6,10,10,10,10,5,6,7,7,7,7,7,5,4,4,5,9,9,9,6,6,6,7,7,5,6,6,6,6,6,6,6,6,6,6,6,6,9,9,9,8,8,9,9,10,10,8,10,10,7,10,10,9,9,3,3,3,4,4,4,2,2,2
sf,cvs,flylegacy,flylegacy/source/src/Include/3dMath.h,buggy,cpp,IssueTrue,86753,96,4806,6,3,4,4,4,7,3,8,9,10,8,9,7,6,7,9,9,9,9,7,8,9,8,9,7,8,9,10,9,10,10,9,10,10,9,10,10,9,9,9,8,8,9,3,3,3,10,10,6,4,3,3,4,4,9,9,8,4,4,4,2,3,3
sf,cvs,flylegacy,flylegacy/source/src/Include/AeroModel.h,buggy,cpp,IssueTrue,86753,96,4806,6,3,7,4,5,9,3,10,10,10,10,10,10,7,7,9,9,9,9,9,10,10,10,10,10,10,10,10,9,9,10,9,9,10,9,9,10,9,9,9,8,8,9,3,3,3,3,3,3,2,3,3,5,4,8,8,8,4,4,4,8,8,7
sf,cvs,flylegacy,flylegacy/source/src/Include/AeroModelDraw.h,clean,cpp,IssueTrue,86753,96,4806,6,3,6,4,5,8,6,7,7,7,7,7,5,4,4,5,9,9,9,6,6,6,7,7,5,6,6,6,6,6,6,6,6,6,6,6,6,9,9,9,8,8,9,7,5,4,10,6,6,9,5,6,2,6,3,3,3,4,4,4,4,3,3
sf,cvs,flylegacy,flylegacy/source/src/Include/Airport.h,clean,cpp,IssueTrue,86753,96,4806,6,5,8,6,10,9,3,10,10,10,8,9,10,9,10,10,9,9,9,9,10,10,8,9,10,10,10,10,10,10,10,10,10,10,10,10,10,9,9,9,8,8,9,3,4,6,4,4,8,2,3,6,5,9,8,8,8,6,6,7,8,8,8
sf,cvs,flylegacy,flylegacy/source/src/Include/Autopilot.h,buggy,cpp,IssueTrue,86753,96,4806,6,4,8,5,7,10,3,9,10,10,10,10,10,10,10,10,10,10,10,7,10,10,10,10,10,9,10,10,9,10,10,8,10,10,9,10,10,9,9,9,8,8,9,3,3,4,3,4,5,2,3,4,8,6,10,10,10,10,10,10,10,10,10
sf,cvs,flylegacy,flylegacy/source/src/Include/Cameras.h,buggy,cpp,IssueTrue,86753,96,4806,6,4,6,5,9,8,3,9,10,10,10,10,10,10,10,10,10,10,10,9,9,10,10,10,10,7,9,10,9,10,10,9,10,10,10,10,10,9,9,9,9,9,9,3,3,6,3,3,6,2,3,4,2,4,3,3,3,8,6,6,2,2,2
sf,cvs,flylegacy,flylegacy/source/src/Include/Cloud.h,buggy,cpp,IssueTrue,86753,96,4806,6,4,8,6,8,9,4,9,10,10,7,7,5,6,8,9,9,9,9,8,10,10,7,7,5,10,10,10,9,10,10,9,10,10,9,10,10,9,9,9,8,8,9,5,6,5,4,3,6,3,4,5,9,9,8,9,10,9,9,10,10,9,10
sf,cvs,flylegacy,flylegacy/source/src/Include/Database.h,clean,cpp,IssueTrue,86753,96,4806,6,8,10,9,10,8,3,9,10,10,8,10,10,9,10,10,9,10,10,9,10,10,8,10,10,10,10,10,10,10,10,10,10,10,10,10,10,10,10,10,9,9,9,3,4,9,4,10,10,2,3,8,6,6,3,3,3,4,4,4,2,2,2
sf,cvs,flylegacy,flylegacy/source/src/Include/Export.h,clean,cpp,IssueTrue,86753,96,4806,6,2,4,3,2,9,3,10,10,10,7,7,5,10,9,8,9,9,9,10,10,10,7,7,5,10,10,10,10,10,10,10,10,10,10,10,10,9,9,9,8,8,9,1,2,2,2,2,2,2,2,2,4,8,6,5,5,4,4,4,2,3,4
sf,cvs,flylegacy,flylegacy/source/src/Include/FlyLegacy.h,buggy,cpp,IssueTrue,86753,96,4806,6,10,10,9,10,7,3,8,10,10,8,9,8,5,8,10,10,10,10,6,9,10,8,9,8,8,10,10,7,10,10,7,10,10,7,10,10,9,9,9,8,8,9,3,4,7,9,10,10,2,3,6,8,9,3,3,3,4,4,4,2,2,2
sf,cvs,flylegacy,flylegacy/source/src/Include/Fui.h,buggy,cpp,IssueTrue,86753,96,4806,6,9,10,9,10,8,3,9,10,10,10,10,10,10,10,10,10,10,10,8,10,10,10,10,10,9,10,10,9,10,10,9,10,10,9,10,10,9,10,10,8,8,9,3,4,7,5,8,9,2,3,6,9,9,3,3,3,4,4,4,2,2,2
sf,cvs,flylegacy,flylegacy/source/src/Include/FuiParts.h,buggy,cpp,IssueTrue,86753,96,4806,6,7,9,8,10,9,4,9,10,10,10,10,10,10,10,10,9,9,9,8,10,10,10,10,10,9,10,10,9,10,10,9,10,10,9,10,10,9,9,9,9,10,10,3,4,8,4,7,9,2,3,8,3,4,7,7,6,4,4,4,2,3,3
sf,cvs,flylegacy,flylegacy/source/src/Include/FuiUser.h,buggy,cpp,IssueTrue,86753,96,4806,6,6,9,7,6,9,3,10,10,10,10,10,10,10,10,10,9,9,9,10,10,10,10,10,10,10,10,10,9,10,10,9,10,10,9,10,10,10,10,10,8,8,9,3,4,3,3,3,4,2,3,3,6,4,8,8,8,6,6,6,8,8,8
sf,cvs,flylegacy,flylegacy/source/src/Include/Gauges.h,buggy,cpp,IssueTrue,86753,96,4806,6,10,10,10,10,8,3,9,10,10,10,10,10,10,9,10,10,10,10,8,9,10,10,10,10,9,10,10,8,10,10,8,10,10,8,10,10,9,10,10,8,8,9,3,3,8,3,8,8,2,3,8,8,6,3,3,3,4,4,4,2,2,2
sf,cvs,flylegacy,flylegacy/source/src/Include/Globals.h,buggy,cpp,IssueTrue,86753,96,4806,6,3,7,4,2,9,3,7,7,7,7,7,5,4,4,5,9,9,9,6,6,6,7,7,5,6,6,6,6,6,6,6,6,6,6,6,6,9,9,9,8,8,9,1,2,2,2,2,2,2,2,2,9,6,4,5,7,4,4,4,7,10,9
sf,cvs,flylegacy,flylegacy/source/src/Include/LightSystem.h,clean,cpp,IssueTrue,86753,96,4806,6,5,9,6,10,10,3,9,10,10,10,10,10,7,9,10,9,10,10,8,9,10,10,10,10,9,10,10,9,10,10,8,10,10,9,10,10,9,9,9,9,9,9,3,3,6,4,5,8,2,3,6,2,8,4,3,3,4,4,4,2,2,2
sf,cvs,flylegacy,flylegacy/source/src/Include/Model3D.h,buggy,cpp,IssueTrue,86753,96,4806,6,5,9,7,10,9,4,9,10,10,10,10,10,9,10,10,9,10,10,9,10,10,10,10,10,9,10,10,9,10,10,9,10,10,9,10,10,9,9,9,8,8,9,3,4,7,4,4,9,2,5,7,7,9,4,4,5,6,7,7,7,8,8
sf,cvs,flylegacy,flylegacy/source/src/Include/Panels.h,buggy,cpp,IssueTrue,86753,96,4806,6,3,5,4,5,9,3,10,10,10,10,10,9,8,9,9,9,9,9,10,10,10,10,10,9,10,10,10,9,10,10,9,10,10,10,10,10,9,9,9,8,8,9,3,3,3,3,3,3,2,3,3,5,6,8,8,7,5,6,6,2,5,4
sf,cvs,flylegacy,flylegacy/source/src/Include/Situation.h,buggy,cpp,IssueTrue,86753,96,4806,6,3,6,4,4,9,3,9,10,10,8,10,8,7,7,9,9,9,9,10,10,10,8,10,8,10,10,10,9,9,10,9,9,10,9,10,10,9,9,9,9,10,10,3,3,3,8,8,4,2,3,3,3,4,8,8,7,10,9,8,2,3,3
sf,cvs,flylegacy,flylegacy/source/src/Include/SqlMGR.h,clean,cpp,IssueTrue,86753,96,4806,6,3,9,4,5,10,3,10,10,10,7,7,5,9,10,9,9,9,9,10,10,10,7,7,5,9,10,10,10,10,10,10,10,10,10,10,10,9,9,9,8,8,9,3,3,3,4,3,4,2,3,3,5,6,7,8,7,7,7,7,10,10,9
sf,cvs,flylegacy,flylegacy/source/src/Include/Subsystems.h,buggy,cpp,IssueTrue,86753,96,4806,6,10,10,10,10,9,4,9,10,10,10,10,10,10,10,10,10,10,10,7,10,10,10,10,10,8,10,10,8,10,10,8,10,10,8,10,10,9,10,10,9,10,10,3,4,9,2,4,8,2,4,9,10,9,3,3,3,4,4,4,2,2,2
sf,cvs,flylegacy,flylegacy/source/src/Include/TerrainCache.h,buggy,cpp,IssueTrue,86753,96,4806,6,7,9,8,10,8,4,10,10,10,8,9,7,8,10,10,9,10,10,9,10,10,8,9,7,10,10,10,10,10,10,10,10,10,10,10,10,9,9,9,8,8,9,3,4,8,4,5,10,2,6,8,10,10,7,8,9,10,10,10,8,9,10
sf,cvs,flylegacy,flylegacy/source/src/Include/TerrainTexture.h,clean,cpp,IssueTrue,86753,96,4806,6,4,7,6,8,9,3,10,10,10,8,9,7,8,9,10,9,9,9,7,10,10,8,9,7,10,10,10,9,10,10,9,10,10,10,10,10,9,9,9,8,8,9,3,3,4,3,4,6,2,3,4,7,8,7,8,8,8,8,9,8,8,9
sf,cvs,flylegacy,flylegacy/source/src/Include/TerrainUnits.h,buggy,cpp,IssueTrue,86753,96,4806,6,1,7,1,2,1,3,7,7,7,7,7,5,4,4,5,9,9,9,6,6,6,7,7,5,6,6,6,6,6,6,6,6,6,6,6,6,9,9,9,8,8,9,1,2,2,2,2,2,2,2,2,7,8,4,4,6,5,6,6,4,7,7
sf,cvs,flylegacy,flylegacy/source/src/Include/UserVehicles.h,buggy,cpp,IssueTrue,86753,96,4806,6,8,10,8,10,9,3,9,10,10,10,10,10,8,9,10,9,10,10,9,10,10,10,10,10,10,10,10,9,10,10,9,10,10,9,10,10,9,9,9,9,9,9,3,3,7,3,5,7,3,8,8,9,6,7,8,9,6,8,8,8,9,9
sf,cvs,flylegacy,flylegacy/source/src/Include/Utility.h,buggy,cpp,IssueTrue,86753,96,4806,6,8,10,8,10,9,6,9,10,10,8,10,10,6,8,10,9,10,10,7,9,10,8,10,10,8,10,10,8,10,10,8,10,10,9,10,10,9,10,10,8,8,9,4,4,6,4,6,7,2,3,5,9,9,8,9,9,9,9,10,7,9,9
sf,cvs,flylegacy,flylegacy/source/src/Include/Weather.h,buggy,cpp,IssueTrue,86753,96,4806,6,3,6,4,7,9,3,9,9,10,7,7,5,6,6,8,9,9,9,9,10,10,7,7,5,10,10,10,9,9,10,9,9,10,9,10,10,9,9,9,8,8,9,3,3,4,4,3,5,2,3,3,2,6,10,9,8,9,8,7,10,9,8
sf,cvs,flylegacy,flylegacy/source/src/Include/WorldObjects.h,buggy,cpp,IssueTrue,86753,96,4806,6,6,9,7,10,9,3,9,10,10,10,10,10,10,10,10,10,10,10,8,10,10,10,10,10,9,10,10,9,10,10,9,10,10,10,10,10,9,9,9,8,8,9,3,4,6,5,9,9,2,3,6,9,8,4,5,7,7,8,9,8,9,10
sf,cvs,flylegacy,flylegacy/source/src/Include/fileparser.h,clean,cpp,IssueTrue,86753,96,4806,6,3,7,4,4,9,3,10,10,10,10,10,10,7,7,9,9,9,9,8,9,10,10,10,10,9,10,10,9,9,10,9,9,10,9,10,10,9,9,9,8,8,9,3,3,3,3,2,2,2,3,3,2,4,10,8,7,10,10,9,9,7,6
sf,cvs,flylegacy,flylegacy/source/src/Main/3dMath.cpp,buggy,cpp,IssueTrue,86753,96,4806,6,6,7,7,10,7,5,7,7,7,7,7,5,4,4,5,9,9,9,6,6,6,7,7,5,6,6,6,6,6,6,6,6,6,6,6,6,9,9,9,8,8,9,4,4,7,7,6,10,5,5,9,4,4,10,10,10,4,4,4,8,7,7
sf,cvs,flylegacy,flylegacy/source/src/Main/AeroModel.cpp,buggy,cpp,IssueTrue,86753,96,4806,6,8,9,8,9,8,6,7,7,7,7,7,5,4,4,5,9,9,9,6,6,6,7,7,5,6,6,6,6,6,6,6,6,6,6,6,6,9,9,9,8,8,9,9,9,8,9,9,9,9,9,9,8,9,10,10,10,5,5,5,9,9,10
sf,cvs,flylegacy,flylegacy/source/src/Main/Atmosphere.cpp,clean,cpp,IssueTrue,86753,96,4806,6,3,7,4,5,10,6,7,7,7,7,7,5,4,4,5,9,9,9,6,6,6,7,7,5,6,6,6,6,6,6,6,6,6,6,6,6,9,9,9,8,8,9,8,8,4,3,3,3,3,3,3,4,6,6,6,5,4,4,4,4,3,4
sf,cvs,flylegacy,flylegacy/source/src/Main/Cameras.cpp,buggy,cpp,IssueTrue,86753,96,4806,6,7,8,7,10,7,6,8,8,8,10,10,8,5,5,6,9,9,9,7,7,7,10,10,8,10,9,9,6,7,6,6,6,6,7,7,7,9,9,9,8,8,9,5,6,8,4,6,8,5,6,9,4,4,4,5,5,9,8,8,9,9,8
sf,cvs,flylegacy,flylegacy/source/src/Main/Main.cpp,buggy,cpp,IssueTrue,86753,96,4806,6,7,9,8,7,8,8,7,7,7,7,7,5,4,4,5,9,9,9,6,6,6,7,7,5,6,6,6,6,6,6,6,6,6,6,6,6,9,9,9,8,8,9,9,7,7,9,8,8,10,10,9,10,9,6,7,9,8,10,10,7,9,10
sf,cvs,flylegacy,flylegacy/source/src/Main/MainGlut.cpp,buggy,cpp,IssueTrue,86753,96,4806,6,5,7,6,7,7,6,7,7,7,7,7,5,4,4,5,9,9,9,6,6,6,7,7,5,6,6,6,6,6,6,6,6,6,6,6,6,9,9,9,8,8,9,9,7,6,7,5,6,9,7,7,5,4,9,9,8,9,9,8,10,10,10
sf,cvs,flylegacy,flylegacy/source/src/Main/Panels.cpp,buggy,cpp,IssueTrue,86753,96,4806,6,8,9,9,9,6,6,7,7,7,7,7,5,4,4,5,9,9,9,6,6,6,7,7,5,6,6,6,6,6,6,6,6,6,6,6,6,9,9,9,8,8,9,10,10,9,8,7,9,9,10,9,4,6,10,9,9,10,10,10,10,10,10
sf,cvs,flylegacy,flylegacy/source/src/Main/Situation.cpp,buggy,cpp,IssueTrue,86753,96,4806,6,7,8,7,9,8,9,7,7,7,7,7,5,4,4,5,9,9,9,6,6,6,7,7,5,6,6,6,6,6,6,6,6,6,6,6,6,9,9,9,8,8,9,7,8,7,8,9,9,7,8,9,8,6,5,7,7,7,8,8,7,9,9
sf,cvs,flylegacy,flylegacy/source/src/Main/UserVehicles.cpp,buggy,cpp,IssueTrue,86753,96,4806,6,10,10,10,10,7,9,7,7,7,7,7,5,4,4,5,9,9,9,6,6,6,7,7,5,6,6,6,6,6,6,6,6,6,6,6,6,9,9,9,8,8,9,10,10,10,8,10,10,9,10,10,10,10,3,3,3,4,4,4,2,2,2
sf,cvs,flylegacy,flylegacy/source/src/Main/Weather.cpp,buggy,cpp,IssueTrue,86753,96,4806,6,5,8,6,7,9,5,7,7,7,7,7,5,4,4,5,9,9,9,6,6,6,7,7,5,6,6,6,6,6,6,6,6,6,6,6,6,9,9,9,8,8,9,8,8,6,8,7,7,9,8,8,6,8,10,10,10,9,10,9,10,10,10
sf,cvs,flylegacy,flylegacy/source/src/Main/WorldObjects.cpp,buggy,cpp,IssueTrue,86753,96,4806,6,10,10,7,8,9,10,7,7,7,7,7,5,4,4,5,9,9,9,6,6,6,7,7,5,6,6,6,6,6,6,6,6,6,6,6,6,9,9,9,8,8,9,9,9,8,8,8,8,9,10,9,10,10,3,3,3,4,4,4,2,2,2
sf,cvs,flylegacy,flylegacy/source/src/Meteo/Cloud.cpp,buggy,cpp,IssueTrue,86753,96,4806,6,8,9,9,9,7,6,7,7,7,7,7,5,4,4,5,9,9,9,6,6,6,7,7,5,8,8,8,6,6,6,6,6,6,6,6,6,9,9,9,8,8,9,7,7,8,8,8,9,9,9,10,10,10,10,10,10,10,10,10,10,10,10
sf,cvs,flylegacy,flylegacy/source/src/Plugin/Sdk.h,buggy,cpp,IssueTrue,86753,96,4806,6,7,10,7,2,10,3,7,7,7,7,7,5,4,4,5,9,9,9,6,6,6,7,7,5,7,8,9,6,6,6,6,6,6,6,6,6,9,9,9,8,8,9,1,2,2,2,2,2,2,2,2,2,4,3,3,3,4,4,4,2,2,2
sf,cvs,flylegacy,flylegacy/source/src/Plugin/Sdkintf.h,buggy,cpp,IssueTrue,86753,96,4806,6,8,1,9,2,1,3,7,7,7,7,7,5,4,4,5,9,9,9,9,8,8,7,7,5,10,10,10,6,6,6,6,6,6,6,6,6,9,9,9,8,8,9,1,2,2,2,2,2,2,2,2,2,4,3,3,3,4,4,4,4,3,3
sf,cvs,flylegacy,flylegacy/source/src/Subsystems/AutopilotSubsystems.cpp,buggy,cpp,IssueTrue,86753,96,4806,6,8,9,8,10,8,5,7,7,7,7,7,5,4,4,5,9,9,9,6,6,6,7,7,5,6,6,6,6,6,6,6,6,6,6,6,6,9,9,9,8,8,9,8,7,9,7,9,9,7,8,9,8,6,10,10,10,10,10,10,10,10,10
sf,cvs,flylegacy,flylegacy/source/src/Subsystems/ControlSubsystems.cpp,buggy,cpp,IssueTrue,86753,96,4806,6,8,9,8,10,7,9,7,7,7,7,7,5,4,4,5,9,9,9,6,6,6,7,7,5,6,6,6,6,6,6,6,6,6,6,6,6,9,9,9,8,8,9,8,8,9,6,8,9,6,6,9,9,6,9,10,10,6,7,7,9,9,10
sf,cvs,flylegacy,flylegacy/source/src/Subsystems/ElectricalSubsystems.cpp,buggy,cpp,IssueTrue,86753,96,4806,6,6,7,6,8,6,6,7,7,7,7,7,5,4,4,5,9,9,9,6,6,6,7,7,5,6,6,6,6,6,6,6,6,6,6,6,6,9,9,9,8,8,9,8,6,7,5,5,7,6,5,8,2,4,3,3,3,4,4,4,7,6,4
sf,cvs,flylegacy,flylegacy/source/src/Subsystems/EngineSubsystems.cpp,buggy,cpp,IssueTrue,86753,96,4806,6,8,9,7,9,7,9,7,7,7,7,7,5,4,4,5,9,9,9,6,6,6,7,7,5,6,6,6,6,6,6,6,6,6,6,6,6,9,9,9,8,8,9,8,9,8,6,9,9,6,9,9,4,6,10,10,10,5,6,6,10,10,9
sf,cvs,flylegacy,flylegacy/source/src/Subsystems/GaugeSubsystems.cpp,buggy,cpp,IssueTrue,86753,96,4806,6,8,9,9,10,7,6,7,7,7,7,7,5,4,4,5,9,9,9,6,6,6,7,7,5,6,6,6,6,6,6,6,6,6,6,6,6,9,9,9,8,8,9,9,8,9,7,7,9,7,6,9,9,6,8,9,9,7,8,8,10,10,10
sf,cvs,flylegacy,flylegacy/source/src/Subsystems/K155radio.cpp,buggy,cpp,IssueTrue,86753,96,4806,6,9,10,9,10,7,5,7,7,7,7,7,5,4,4,5,9,9,9,6,6,6,7,7,5,6,6,6,6,6,6,6,6,6,6,6,6,9,9,9,8,8,9,9,7,9,8,8,10,7,7,10,3,4,3,3,3,4,4,4,2,2,2
sf,cvs,flylegacy,flylegacy/source/src/Subsystems/LogicSubsystems.cpp,buggy,cpp,IssueTrue,86753,96,4806,6,9,10,9,10,7,9,7,7,7,7,7,5,4,4,5,9,9,9,6,6,6,7,7,5,6,6,6,6,6,6,6,6,6,6,6,6,9,9,9,8,8,9,9,9,10,9,10,10,7,8,10,5,4,3,3,3,4,4,4,2,2,2
sf,cvs,flylegacy,flylegacy/source/src/Subsystems/RadioSubsystems.cpp,buggy,cpp,IssueTrue,86753,96,4806,6,8,8,8,9,6,8,7,7,7,7,7,5,4,4,5,9,9,9,6,6,6,7,7,5,6,6,6,6,6,6,6,6,6,6,6,6,9,9,9,8,8,9,9,9,9,9,9,9,7,7,9,5,4,9,9,8,9,8,8,10,10,10
sf,cvs,flylegacy,flylegacy/source/src/Subsystems/SimulationSubsystems.cpp,buggy,cpp,IssueTrue,86753,96,4806,6,9,10,9,10,9,8,7,7,7,7,7,5,4,4,5,9,9,9,6,6,6,7,7,5,6,6,6,6,6,6,6,6,6,6,6,6,9,9,9,8,8,9,9,10,9,8,9,10,7,9,10,10,9,3,3,3,4,4,4,2,2,2
sf,cvs,flylegacy,flylegacy/source/src/Terrain/Airport.cpp,buggy,cpp,IssueTrue,86753,96,4806,6,9,10,9,10,8,6,7,7,7,7,7,5,4,4,5,9,9,9,6,6,6,7,7,5,9,8,8,6,6,6,6,6,6,6,6,6,9,9,9,8,8,9,7,7,9,9,9,10,9,10,10,7,10,3,3,3,4,4,4,2,2,2
sf,cvs,flylegacy,flylegacy/source/src/Terrain/Export.cpp,clean,cpp,IssueTrue,86753,96,4806,6,8,9,9,9,7,8,7,7,7,7,7,5,4,4,5,9,9,9,6,6,6,7,7,5,6,6,6,6,6,6,6,6,6,6,6,6,9,9,9,8,8,9,8,7,8,9,10,10,8,6,9,6,8,9,9,9,5,5,5,8,9,8
sf,cvs,flylegacy,flylegacy/source/src/Terrain/FileThread.cpp,clean,cpp,IssueTrue,86753,96,4806,6,7,9,7,8,9,8,7,7,7,7,7,5,4,4,5,9,9,9,6,6,6,7,7,5,6,6,6,6,6,6,6,6,6,6,6,6,9,9,9,8,8,9,9,7,7,9,6,8,8,7,8,7,8,10,10,10,10,10,10,10,10,10
sf,cvs,flylegacy,flylegacy/source/src/Terrain/LightSystem.cpp,buggy,cpp,IssueTrue,86753,96,4806,6,8,9,9,10,7,6,7,7,7,7,7,5,4,4,5,9,9,9,6,6,6,7,7,5,6,6,6,6,6,6,6,6,6,6,6,6,9,9,9,8,8,9,8,7,9,7,7,9,6,7,9,4,9,6,6,6,6,6,6,2,3,3
sf,cvs,flylegacy,flylegacy/source/src/Terrain/Model3D.cpp,buggy,cpp,IssueTrue,86753,96,4806,6,9,9,9,10,7,5,7,7,7,7,7,5,4,4,5,9,9,9,6,6,6,7,7,5,7,7,7,6,6,6,6,6,6,6,6,6,9,9,9,8,8,9,8,9,9,6,7,10,7,9,10,8,9,3,3,3,4,4,4,2,2,2
sf,cvs,flylegacy,flylegacy/source/src/Terrain/Taxiway.cpp,clean,cpp,IssueTrue,86753,96,4806,6,6,7,7,8,7,5,7,7,7,7,7,5,4,4,5,9,9,9,6,6,6,7,7,5,6,6,6,6,6,6,6,6,6,6,6,6,9,9,9,8,8,9,8,6,7,4,5,6,6,5,7,4,6,6,6,5,5,6,6,6,7,6
sf,cvs,flylegacy,flylegacy/source/src/Terrain/TerrainCache.cpp,buggy,cpp,IssueTrue,86753,96,4806,6,10,10,10,10,8,6,7,7,7,7,7,5,4,4,5,9,9,9,6,6,6,7,7,5,6,6,6,6,6,6,6,6,6,6,6,6,9,9,9,8,8,9,8,8,10,8,9,10,8,10,10,10,10,3,3,3,4,4,4,2,2,2
sf,cvs,flylegacy,flylegacy/source/src/Terrain/TerrainTexture.cpp,clean,cpp,IssueTrue,86753,96,4806,6,9,10,9,10,8,6,7,7,7,7,7,5,4,4,5,9,9,9,6,6,6,7,7,5,6,6,6,6,6,6,6,6,6,6,6,6,9,9,9,8,8,9,8,8,9,8,9,10,7,9,10,8,8,3,3,3,4,4,4,2,2,2
sf,cvs,flylegacy,flylegacy/source/src/Ui/Attic/WindowMap.cpp,clean,cpp,IssueTrue,86753,96,4806,6,5,8,6,8,9,9,7,7,8,7,7,5,5,5,6,9,9,9,7,8,8,7,7,5,8,8,8,8,8,9,7,8,9,8,9,9,9,9,9,8,8,9,8,8,6,5,5,6,6,7,7,6,6,3,3,3,5,6,6,8,8,8
sf,cvs,flylegacy,flylegacy/source/src/Ui/Fui.cpp,buggy,cpp,IssueTrue,86753,96,4806,6,10,10,10,10,6,8,7,7,7,7,7,5,4,4,5,9,9,9,6,6,6,7,7,5,6,6,6,6,6,6,6,6,6,6,6,6,9,9,9,8,8,9,8,10,10,8,9,10,6,9,10,9,9,3,3,3,4,4,4,2,2,2
sf,cvs,flylegacy,flylegacy/source/src/Ui/FuiManager.cpp,buggy,cpp,IssueTrue,86753,96,4806,6,7,8,7,8,7,8,7,7,7,7,7,5,4,4,5,9,9,9,6,6,6,7,7,5,6,6,6,6,6,6,6,6,6,6,6,6,9,9,9,8,8,9,9,10,7,9,10,9,8,8,8,9,8,7,9,9,9,10,10,9,10,10
sf,cvs,flylegacy,flylegacy/source/src/Ui/FuiParts.cpp,buggy,cpp,IssueTrue,86753,96,4806,6,7,8,8,10,7,6,7,7,7,7,7,5,4,4,5,9,9,9,6,6,6,7,7,5,6,6,6,6,6,6,6,6,6,6,6,6,9,9,9,8,8,9,7,7,8,8,7,9,7,7,9,3,4,8,7,6,4,4,4,6,6,5
sf,cvs,flylegacy,flylegacy/source/src/Ui/Keyboard.cpp,buggy,cpp,IssueTrue,86753,96,4806,6,8,9,8,10,7,5,7,7,7,7,7,5,4,4,5,9,9,9,6,6,6,7,7,5,6,6,6,6,6,6,6,6,6,6,6,6,9,9,9,8,8,9,5,8,8,3,4,8,5,7,9,9,8,5,6,7,9,10,10,10,10,10
sf,cvs,flylegacy,flylegacy/source/src/Ui/Menu.cpp,buggy,cpp,IssueTrue,86753,96,4806,6,8,5,7,10,3,9,7,7,7,7,7,5,4,4,5,9,9,9,6,6,7,7,7,5,8,8,7,6,6,6,6,6,6,6,6,6,9,9,9,8,8,9,5,5,7,4,9,8,4,6,8,9,10,8,10,10,10,10,10,10,10,10
sf,cvs,flylegacy,flylegacy/source/src/Ui/WindowAxis.cpp,clean,cpp,IssueTrue,86753,96,4806,6,5,6,6,8,6,5,7,7,7,7,7,5,4,4,5,9,9,9,6,6,6,7,7,5,6,6,6,6,6,6,6,6,6,6,6,6,9,9,9,8,8,9,9,7,7,7,6,7,7,8,7,3,6,3,3,3,5,5,5,4,3,4
sf,cvs,flylegacy,flylegacy/source/src/Ui/WindowDirectory.cpp,buggy,cpp,IssueTrue,86753,96,4806,6,7,8,8,9,6,5,7,7,7,7,7,5,4,4,5,9,9,9,6,6,6,7,7,5,6,6,6,6,6,6,6,6,6,6,6,6,9,9,9,8,8,9,8,7,8,7,7,9,7,8,9,6,9,6,7,6,6,7,7,5,7,7
sf,cvs,flylegacy,flylegacy/source/src/Ui/WindowMiscellaneous.cpp,buggy,cpp,IssueTrue,86753,96,4806,6,6,8,6,8,8,6,7,7,7,7,7,5,4,4,5,9,9,9,6,6,6,7,7,5,6,6,6,6,6,6,6,6,6,6,6,6,9,9,9,8,8,9,8,6,6,10,8,9,7,6,8,3,4,9,8,7,4,4,4,4,5,4
sf,cvs,flylegacy,flylegacy/source/src/Ui/WindowPID.cpp,buggy,cpp,IssueTrue,86753,96,4806,6,3,4,4,5,7,4,7,7,7,7,7,5,4,4,5,9,9,9,6,6,6,7,7,5,6,6,6,6,6,6,6,6,6,6,6,6,9,9,9,8,8,9,7,6,4,8,7,5,9,9,6,2,4,4,3,3,4,4,4,2,2,2
sf,cvs,flylegacy,flylegacy/source/src/Ui/WindowProbe.cpp,buggy,cpp,IssueTrue,86753,96,4806,6,3,4,4,5,7,5,7,7,7,7,7,5,4,4,5,9,9,9,6,6,6,7,7,5,6,6,6,6,6,6,6,6,6,6,6,6,9,9,9,8,8,9,8,7,4,9,8,5,10,9,6,2,4,5,4,4,4,4,4,2,2,2
sf,cvs,flylegacy,flylegacy/source/src/Ui/WindowSimDebug.cpp,clean,cpp,IssueTrue,86753,96,4806,6,5,5,6,7,6,5,7,7,7,7,7,5,4,4,5,9,9,9,6,6,6,7,7,5,6,6,6,6,6,6,6,6,6,6,6,6,9,9,9,8,8,9,8,7,6,6,8,7,7,7,7,6,6,3,3,3,5,5,5,8,7,8
sf,cvs,flylegacy,flylegacy/source/src/Ui/WindowVectorMap.cpp,buggy,cpp,IssueTrue,86753,96,4806,6,9,9,10,10,6,5,7,7,7,7,7,5,4,4,5,9,9,9,6,6,6,7,7,5,6,6,6,6,6,6,6,6,6,6,6,6,9,9,9,8,8,9,9,9,10,9,9,10,9,10,10,8,9,3,3,3,4,4,4,2,2,2
sf,cvs,flylegacy,flylegacy/source/src/Utility/Bitmaps.cpp,clean,cpp,IssueTrue,86753,96,4806,6,8,9,9,10,7,8,10,10,10,8,9,8,6,6,8,9,9,9,8,8,9,8,9,8,9,9,9,9,9,10,9,9,9,9,9,10,9,9,9,8,8,9,9,7,9,10,9,10,4,5,8,6,6,3,3,3,9,9,9,7,7,7
sf,cvs,flylegacy,flylegacy/source/src/Utility/Database.cpp,clean,cpp,IssueTrue,86753,96,4806,6,10,10,10,10,7,6,7,7,7,7,7,5,4,4,5,9,9,9,6,6,6,7,7,5,6,6,6,6,6,6,6,6,6,6,6,6,9,9,9,8,8,9,8,9,10,7,8,10,7,10,10,8,8,3,3,3,4,4,4,2,2,2
sf,cvs,flylegacy,flylegacy/source/src/Utility/FileParser.cpp,buggy,cpp,IssueTrue,86753,96,4806,6,8,9,9,9,7,6,7,7,7,7,7,5,4,4,5,9,9,9,6,6,6,7,7,5,6,6,6,6,6,6,6,6,6,6,6,6,9,9,9,8,8,9,9,9,9,4,5,8,7,7,9,5,6,10,10,10,10,10,10,9,9,8
sf,cvs,flylegacy,flylegacy/source/src/Utility/Fonts.cpp,clean,cpp,IssueTrue,86753,96,4806,6,7,8,7,9,8,10,7,7,7,7,7,5,4,4,5,9,9,9,6,6,6,7,7,5,6,6,6,6,6,6,6,6,6,6,6,6,9,9,9,8,8,9,8,8,8,8,9,9,5,5,8,2,4,9,8,7,10,10,10,10,9,8
sf,cvs,flylegacy,flylegacy/source/src/Utility/Math.cpp,buggy,cpp,IssueTrue,86753,96,4806,6,5,8,6,9,8,5,7,7,7,7,7,5,4,4,5,9,9,9,6,6,6,7,7,5,6,6,6,6,6,6,6,6,6,6,6,6,9,9,9,8,8,9,4,4,6,9,10,9,4,4,7,3,6,9,8,7,4,4,4,5,5,4
sf,cvs,flylegacy,flylegacy/source/src/Utility/Messaging.cpp,clean,cpp,IssueTrue,86753,96,4806,6,2,5,3,4,9,6,7,7,7,7,7,5,4,4,5,9,9,9,6,6,6,7,7,5,6,6,6,6,6,6,6,6,6,6,6,6,9,9,9,8,8,9,9,5,4,10,10,7,6,5,4,5,4,5,6,6,7,6,7,6,8,7
sf,cvs,flylegacy,flylegacy/source/src/Utility/ModelACM.cpp,buggy,cpp,IssueTrue,86753,96,4806,6,5,7,6,7,7,9,7,7,7,7,7,5,4,4,5,9,9,9,6,6,7,7,7,5,6,6,6,6,6,6,6,6,6,6,6,7,9,9,9,8,8,9,8,9,6,7,8,7,8,9,7,3,8,10,9,8,4,4,4,5,5,4
sf,cvs,flylegacy,flylegacy/source/src/Utility/RawImage.cpp,clean,cpp,IssueTrue,86753,96,4806,6,6,8,6,8,8,8,7,7,7,7,7,5,4,4,5,9,9,9,6,6,6,7,7,5,6,6,6,6,6,6,6,6,6,6,6,6,9,9,9,8,8,9,7,6,6,7,6,8,6,7,8,2,6,10,10,9,10,9,8,7,6,4
sf,cvs,flylegacy,flylegacy/source/src/Utility/Scenery.cpp,buggy,cpp,IssueTrue,86753,96,4806,6,7,10,7,9,9,5,7,7,7,7,7,5,4,4,5,9,9,9,6,6,6,7,7,5,6,6,6,6,6,6,6,6,6,6,6,6,9,9,9,8,8,9,8,6,7,7,6,9,4,7,7,6,6,8,7,8,9,9,9,9,8,8
sf,cvs,flylegacy,flylegacy/source/src/Utility/SqlMGR.cpp,clean,cpp,IssueTrue,86753,96,4806,6,9,9,9,10,6,5,7,7,7,7,7,5,4,4,5,9,9,9,6,6,6,7,7,5,6,6,6,6,6,6,6,6,6,6,6,6,9,9,9,8,8,9,8,7,9,8,10,10,9,9,10,8,9,3,3,3,4,4,4,2,2,2
