Host,Vcs,Project,File,Buggy,PL,IssueTracking,TLOC,TNF,TNC,TND,LOC,CL,NStmt,NFunc,RCC,MNL,avg_WMC,max_WMC,total_WMC,avg_DIT,max_DIT,total_DIT,avg_RFC,max_RFC,total_RFC,avg_NOC,max_NOC,total_NOC,avg_CBO,max_CBO,total_CBO,avg_DIT.1,max_DIT.1,total_DIT.1,avg_NIV,max_NIV,total_NIV,avg_NIM,max_NIM,total_NIM,avg_NOM,max_NOM,total_NOM,avg_NPBM,max_NPBM,total_NPBM,avg_NPM,max_NPM,total_NPM,avg_NPRM,max_NPRM,total_NPRM,avg_CC,max_CC,total_CC,avg_FANIN,max_FANIN,total_FANIN,avg_FANOUT,max_FANOUT,total_FANOUT,NRev,NFix,avg_AddedLOC,max_AddedLOC,total_AddedLOC,avg_DeletedLOC,max_DeletedLOC,total_DeletedLOC,avg_ModifiedLOC,max_ModifiedLOC,total_ModifiedLOC
sf,cvs,fmri-dmt,fmri-dmt/src/org/fmridc/dcsearch/DCSearch.java,buggy,java,IssueFalse,22334,190,2672,13,10,10,10,9,7,10,10,10,10,5,4,7,8,8,8,9,9,9,10,10,10,5,4,7,10,10,10,10,10,10,10,10,10,9,9,8,10,10,10,10,10,10,9,9,10,9,10,10,9,10,10,10,9,9,9,10,8,9,10,7,8,10
sf,cvs,fmri-dmt,fmri-dmt/src/org/fmridc/dcsearch/DCSearchTest.java,clean,java,IssueFalse,22334,190,2672,13,7,4,7,5,7,5,6,5,4,9,9,8,7,6,7,9,9,9,9,8,7,9,9,8,4,4,3,6,5,5,7,5,5,6,6,6,9,9,9,7,7,7,4,4,4,7,5,6,9,6,7,6,7,9,10,9,5,6,7,5,6,5
sf,cvs,fmri-dmt,fmri-dmt/src/org/fmridc/dcsearch/DisplayPane.java,buggy,java,IssueFalse,22334,190,2672,13,9,10,9,9,9,7,8,9,9,9,10,10,10,10,10,9,9,9,8,10,10,9,10,10,8,9,9,8,10,9,8,9,9,7,10,10,8,9,10,7,9,9,6,7,9,7,9,9,6,9,9,7,10,6,7,7,6,7,7,6,8,7
sf,cvs,fmri-dmt,fmri-dmt/src/org/fmridc/dcsearch/DisplayPaneTest.java,clean,java,IssueFalse,22334,190,2672,13,5,1,5,4,2,5,4,4,3,9,9,8,6,6,6,9,9,9,8,7,7,9,9,8,7,7,5,5,4,4,5,3,4,4,3,3,10,10,10,7,7,7,4,4,3,3,5,3,5,4,4,4,7,4,5,5,5,6,6,4,4,3
sf,cvs,fmri-dmt,fmri-dmt/src/org/fmridc/dcsearch/Help.java,clean,java,IssueFalse,22334,190,2672,13,9,2,8,5,3,9,9,8,8,5,4,7,7,7,7,9,9,9,8,7,7,5,4,7,7,7,5,7,6,6,7,5,5,2,2,2,10,10,10,7,7,7,8,9,8,9,9,7,7,5,7,8,9,8,9,9,5,6,6,4,4,6
sf,cvs,fmri-dmt,fmri-dmt/src/org/fmridc/dcsearch/PointTableModel.java,clean,java,IssueFalse,22334,190,2672,13,8,9,8,8,8,7,10,9,8,9,9,8,8,8,8,9,9,9,9,9,8,9,9,8,8,8,7,9,9,8,9,9,8,10,9,9,8,8,8,7,7,7,6,8,9,8,9,9,4,5,8,7,9,5,6,6,7,8,9,7,6,7
sf,cvs,fmri-dmt,fmri-dmt/src/org/fmridc/dcsearch/PointTableModelTest.java,clean,java,IssueFalse,22334,190,2672,13,7,7,7,6,8,7,7,6,6,9,9,8,7,7,7,9,9,9,5,4,4,9,9,8,7,7,5,7,7,6,8,7,6,7,7,7,9,9,9,9,9,9,4,5,6,6,7,6,6,4,7,2,7,3,3,3,4,5,5,7,5,4
sf,cvs,fmri-dmt,fmri-dmt/src/org/fmridc/dcsearch/Search.java,clean,java,IssueFalse,22334,190,2672,13,8,8,8,7,8,10,10,9,9,5,4,7,7,7,7,9,9,9,7,6,6,5,4,7,9,8,7,9,8,8,9,8,8,9,9,9,8,8,8,9,8,8,8,9,9,10,10,9,4,5,7,4,7,8,7,7,4,5,5,2,1,1
sf,cvs,fmri-dmt,fmri-dmt/src/org/fmridc/dcsearch/SearchTerm.java,clean,java,IssueFalse,22334,190,2672,13,3,3,3,3,9,5,7,6,5,5,4,7,6,6,6,9,9,9,4,3,3,5,4,7,8,7,6,4,3,4,4,3,3,5,4,4,8,8,8,7,7,7,9,7,5,9,5,5,4,3,3,2,7,7,6,6,4,5,5,2,1,1
sf,cvs,fmri-dmt,fmri-dmt/src/org/fmridc/dcsearch/SearchTest.java,clean,java,IssueFalse,22334,190,2672,13,6,4,6,3,8,5,4,3,3,9,9,8,6,6,6,9,9,9,2,2,2,9,9,8,4,4,3,4,3,4,4,3,3,5,4,4,8,8,8,7,7,7,4,4,3,9,7,5,5,3,4,2,7,7,6,6,4,5,5,6,4,3
sf,cvs,fmri-dmt,fmri-dmt/src/org/fmridc/dcsearch/SessionManager.java,buggy,java,IssueFalse,22334,190,2672,13,8,9,7,6,9,7,9,8,7,5,4,7,7,7,7,9,9,9,9,8,7,5,4,7,8,7,6,7,6,6,8,7,6,7,7,7,8,8,8,9,9,9,7,7,8,9,9,8,6,7,7,4,9,9,8,8,6,7,7,9,9,8
sf,cvs,fmri-dmt,fmri-dmt/src/org/fmridc/dcsearch/SessionManagerTest.java,buggy,java,IssueFalse,22334,190,2672,13,4,2,4,4,7,3,4,3,3,9,9,8,6,6,6,9,9,9,4,3,3,9,9,8,4,4,3,5,4,4,5,3,4,6,5,5,8,8,8,7,7,7,3,3,3,2,5,3,4,4,4,5,7,7,8,7,4,5,5,7,5,6
sf,cvs,fmri-dmt,fmri-dmt/src/org/fmridc/dcsearch/data/DBDataSource.java,buggy,java,IssueFalse,22334,190,2672,13,5,6,5,5,9,5,5,5,4,10,10,9,9,8,8,9,9,9,8,7,7,10,10,9,8,8,7,6,6,5,7,5,5,7,7,6,8,8,8,7,7,7,4,4,4,6,7,5,4,5,5,2,7,4,4,4,10,10,10,5,4,3
sf,cvs,fmri-dmt,fmri-dmt/src/org/fmridc/dcsearch/data/DataSource.java,clean,java,IssueFalse,22334,190,2672,13,7,10,7,8,10,9,9,9,8,5,4,7,8,7,7,10,10,10,7,6,6,5,4,7,7,7,5,9,8,8,9,9,8,9,9,9,8,8,8,7,7,7,6,6,8,7,8,8,3,5,7,7,7,7,8,8,5,6,6,4,5,5
sf,cvs,fmri-dmt,fmri-dmt/src/org/fmridc/dcsearch/data/Field.java,clean,java,IssueFalse,22334,190,2672,13,2,2,2,3,9,5,3,3,2,5,4,7,6,6,6,9,9,9,2,1,1,5,4,7,8,7,6,3,3,3,3,2,2,4,3,3,8,8,8,7,7,7,5,4,2,2,3,2,3,2,2,2,7,3,3,3,4,5,5,3,3,2
sf,cvs,fmri-dmt,fmri-dmt/src/org/fmridc/dcsearch/data/FileDataSink.java,clean,java,IssueFalse,22334,190,2672,13,6,4,7,5,8,7,7,6,6,9,9,8,7,7,7,9,9,9,8,7,7,9,9,8,8,7,6,4,3,4,7,5,5,7,7,6,9,9,9,7,7,7,6,5,6,8,8,7,5,6,5,2,7,3,3,3,4,5,5,3,3,2
sf,cvs,fmri-dmt,fmri-dmt/src/org/fmridc/dcsearch/data/FileDataSinkTest.java,clean,java,IssueFalse,22334,190,2672,13,5,3,5,5,8,7,7,6,5,9,9,8,7,6,7,9,9,9,6,5,5,9,9,8,7,7,5,6,6,5,7,5,5,7,7,6,8,8,8,7,7,7,5,5,5,2,5,3,4,5,5,2,7,3,3,3,4,5,5,3,3,2
sf,cvs,fmri-dmt,fmri-dmt/src/org/fmridc/dcsearch/data/FileDataSource.java,clean,java,IssueFalse,22334,190,2672,13,10,10,10,8,8,10,10,10,10,9,9,8,8,8,8,10,10,10,10,10,9,9,9,8,8,7,6,9,9,8,10,9,9,9,9,8,10,10,10,9,8,8,9,10,10,10,9,10,8,8,9,8,7,7,8,9,8,9,10,9,9,10
sf,cvs,fmri-dmt,fmri-dmt/src/org/fmridc/dcsearch/data/FileDataSourceTest.java,clean,java,IssueFalse,22334,190,2672,13,10,10,10,10,7,7,10,10,10,9,9,8,8,8,8,9,9,9,8,7,6,9,9,8,10,9,8,10,10,10,10,10,10,10,10,10,9,9,9,9,8,8,5,8,10,3,8,9,7,6,10,8,9,6,8,8,6,7,8,6,7,7
sf,cvs,fmri-dmt,fmri-dmt/src/org/fmridc/dcsearch/data/FileFormat.java,clean,java,IssueFalse,22334,190,2672,13,7,8,7,6,9,9,9,8,8,5,4,7,7,7,7,9,9,9,3,3,3,5,4,7,8,8,7,8,7,7,8,7,6,9,8,8,8,8,8,7,7,7,7,8,8,9,10,8,3,3,5,4,7,6,7,6,8,8,8,3,4,3
sf,cvs,fmri-dmt,fmri-dmt/src/org/fmridc/dcsearch/data/Point.java,clean,java,IssueFalse,22334,190,2672,13,10,10,10,8,8,10,10,10,10,5,4,7,8,8,8,9,9,9,7,6,5,5,4,7,8,8,7,8,7,7,10,9,9,10,10,9,9,9,9,9,8,8,8,9,10,10,10,10,4,5,8,9,9,8,9,10,8,9,9,8,9,9
sf,cvs,fmri-dmt,fmri-dmt/src/org/fmridc/dcsearch/data/PointMath.java,clean,java,IssueFalse,22334,190,2672,13,10,10,10,8,8,10,10,10,10,5,4,7,8,8,8,9,9,9,7,6,5,5,4,7,4,4,3,1,1,1,10,9,9,10,9,9,10,10,10,9,8,8,9,9,10,9,10,10,6,7,9,8,7,9,9,10,7,8,9,9,10,9
sf,cvs,fmri-dmt,fmri-dmt/src/org/fmridc/dcsearch/data/PointMathTest.java,clean,java,IssueFalse,22334,190,2672,13,10,9,10,9,7,5,9,9,8,9,9,8,8,8,8,9,9,9,5,4,4,9,9,8,4,4,3,10,9,9,10,10,9,10,10,10,8,8,8,9,8,8,3,4,8,3,7,7,4,3,8,7,7,9,9,10,5,7,7,9,9,9
sf,cvs,fmri-dmt,fmri-dmt/src/org/fmridc/dcsearch/data/PointTest.java,clean,java,IssueFalse,22334,190,2672,13,9,3,9,6,3,7,8,7,7,9,9,8,7,7,7,9,9,9,4,3,3,9,9,8,4,4,3,8,7,7,8,6,6,8,8,8,8,8,8,7,7,7,6,7,7,9,9,8,4,4,6,7,9,9,9,9,7,7,8,2,4,4
sf,cvs,fmri-dmt,fmri-dmt/src/org/fmridc/dcsearch/internal/PointSQL.java,clean,java,IssueFalse,22334,190,2672,13,9,8,8,6,7,10,9,9,8,5,4,7,7,7,7,9,9,9,9,8,8,5,4,7,7,7,5,7,7,6,8,6,6,6,6,6,10,10,10,7,7,7,8,8,8,10,9,8,7,5,7,4,7,9,9,8,8,8,8,10,9,8
sf,cvs,fmri-dmt,fmri-dmt/src/org/fmridc/dcsearch/internal/PointSQLTest.java,clean,java,IssueFalse,22334,190,2672,13,8,5,8,7,6,7,8,7,7,9,9,8,7,7,7,9,9,9,4,3,3,9,9,8,8,7,6,9,8,8,9,8,7,9,9,9,8,8,8,7,7,7,4,5,7,5,9,7,4,5,6,2,7,3,3,3,4,5,5,7,5,4
sf,cvs,fmri-dmt,fmri-dmt/src/org/fmridc/dcsearch/internal/PubmedMiner.java,clean,java,IssueFalse,22334,190,2672,13,9,9,9,6,8,9,8,9,9,5,4,8,6,7,8,9,9,9,8,9,9,5,4,8,9,9,9,5,7,6,6,7,6,2,4,4,8,9,9,7,7,7,9,7,9,9,8,8,9,7,8,2,7,10,10,10,8,7,7,8,6,5
sf,cvs,fmri-dmt,fmri-dmt/src/org/fmridc/image/data/ImageData.java,clean,java,IssueFalse,22334,190,2672,13,2,2,2,7,9,3,8,7,6,1,1,5,6,6,6,10,10,10,1,1,1,1,1,5,4,4,3,9,8,8,9,8,8,1,1,1,8,8,8,7,7,7,3,3,6,2,5,4,2,2,3,2,7,5,5,5,4,5,5,2,1,1
sf,cvs,fmri-dmt,fmri-dmt/src/org/fmridc/image/data/PointDisplayImage.java,clean,java,IssueFalse,22334,190,2672,13,7,8,7,7,9,7,9,8,7,9,9,8,8,8,8,9,9,9,5,4,4,9,9,8,6,6,4,9,8,8,9,8,8,9,9,9,8,8,8,7,7,7,5,6,8,5,7,7,3,3,5,6,7,7,8,8,5,6,7,8,7,7
sf,cvs,fmri-dmt,fmri-dmt/src/org/fmridc/image/io/AbstractImageBay.java,clean,java,IssueFalse,22334,190,2672,13,7,2,6,8,4,5,6,8,8,5,4,9,7,8,8,9,10,10,5,8,8,5,4,9,6,8,7,7,9,9,7,9,9,7,9,9,9,10,10,7,7,7,4,6,8,2,5,6,3,3,6,4,7,4,4,4,5,6,6,5,4,4
sf,cvs,fmri-dmt,fmri-dmt/src/org/fmridc/image/io/GenericImageReader.java,clean,java,IssueFalse,22334,190,2672,13,9,10,9,9,9,9,10,10,9,9,9,8,8,8,8,9,9,9,7,6,6,9,9,8,10,10,9,10,10,9,10,10,9,10,10,9,10,10,10,10,10,10,6,7,9,7,9,9,4,5,8,5,7,8,8,8,10,10,10,2,3,3
sf,cvs,fmri-dmt,fmri-dmt/src/org/fmridc/image/io/ImageOpener.java,clean,java,IssueFalse,22334,190,2672,13,9,10,9,7,9,9,9,10,9,5,4,8,7,7,8,9,9,9,9,9,10,5,4,8,6,7,6,4,6,6,7,8,8,7,8,8,8,8,8,9,9,9,9,8,9,9,9,9,5,6,8,8,10,10,10,10,10,10,10,8,8,8
sf,cvs,fmri-dmt,fmri-dmt/src/org/fmridc/image/io/ImageSpec.java,clean,java,IssueFalse,22334,190,2672,13,10,9,9,10,7,9,8,9,10,9,10,10,7,8,9,10,10,10,5,9,10,9,10,10,6,8,8,7,9,10,7,9,10,6,8,10,9,9,10,9,10,10,6,7,10,5,8,9,4,7,9,8,9,9,9,10,9,10,10,9,9,9
sf,cvs,fmri-dmt,fmri-dmt/src/org/fmridc/image/io/SeriesDirectory.java,clean,java,IssueFalse,22334,190,2672,13,8,9,7,6,9,7,6,8,8,5,4,9,6,7,8,9,9,9,5,8,8,5,4,9,7,9,8,4,7,7,4,6,6,5,7,8,8,8,8,7,8,8,7,9,8,4,7,5,5,9,7,5,9,4,4,5,4,5,5,3,4,3
sf,cvs,fmri-dmt,fmri-dmt/src/org/fmridc/image/io/SeriesNameSorter.java,clean,java,IssueFalse,22334,190,2672,13,9,8,9,9,6,7,9,9,10,5,9,9,7,8,9,9,10,10,6,7,9,5,9,9,8,9,9,8,8,9,8,7,9,7,8,9,9,10,10,9,10,10,7,8,10,9,10,10,5,8,9,4,9,4,5,5,4,5,5,3,3,3
sf,cvs,fmri-dmt,fmri-dmt/src/org/fmridc/image/io/StoredImageBay.java,clean,java,IssueFalse,22334,190,2672,13,10,5,9,8,4,10,10,10,9,9,9,8,8,8,8,9,9,9,10,9,9,9,9,8,9,9,8,9,9,9,10,9,8,8,8,7,9,9,9,10,10,10,8,9,9,7,8,8,7,9,9,7,10,4,5,6,6,7,8,5,4,6
sf,cvs,fmri-dmt,fmri-dmt/src/org/fmridc/image/model/PictureFilterSettings.java,clean,java,IssueFalse,22334,190,2672,13,7,3,6,5,6,5,8,7,6,5,4,7,7,7,7,9,9,9,3,3,3,5,4,7,10,9,8,4,3,4,7,6,6,6,5,5,8,8,8,10,10,10,6,4,6,8,8,7,7,6,7,5,7,6,6,6,5,6,6,3,4,3
sf,cvs,fmri-dmt,fmri-dmt/src/org/fmridc/image/ui/crosshair/CrossHairsWidget.java,clean,java,IssueFalse,22334,190,2672,13,6,1,5,3,1,7,6,5,4,9,9,8,6,6,6,9,9,9,7,6,6,9,9,8,4,4,3,4,3,4,4,3,3,2,2,2,8,8,8,9,9,9,8,7,4,7,5,4,9,8,6,4,9,5,4,4,4,5,5,3,3,2
sf,cvs,fmri-dmt,fmri-dmt/src/org/fmridc/image/ui/render/PictureFilter.java,clean,java,IssueFalse,22334,190,2672,13,9,9,9,9,7,7,5,8,9,5,9,10,6,7,9,9,9,9,5,9,10,5,9,10,9,10,10,5,9,9,5,9,9,5,9,9,8,10,10,7,10,10,4,6,9,8,10,9,6,9,9,5,9,8,8,7,4,5,5,2,3,2
sf,cvs,fmri-dmt,fmri-dmt/src/org/fmridc/io/Log.java,clean,java,IssueFalse,22334,190,2672,13,9,9,9,9,8,7,10,10,10,5,4,7,8,8,8,9,9,9,9,8,8,5,4,7,10,9,8,10,10,9,10,10,9,10,10,10,8,8,8,9,8,8,7,7,10,10,10,10,4,4,8,9,10,9,9,10,8,9,10,9,9,10
sf,cvs,fmri-dmt,fmri-dmt/src/org/fmridc/io/LogTest.java,clean,java,IssueFalse,22334,190,2672,13,9,8,9,7,8,9,8,7,7,9,9,8,7,7,7,9,9,9,7,6,5,9,9,8,4,4,3,8,8,7,9,7,7,9,8,8,8,8,8,9,9,9,5,6,7,6,5,7,7,5,8,5,7,10,10,10,6,7,7,10,9,9
sf,cvs,fmri-dmt,fmri-dmt/src/org/fmridc/util/StringUtilTest.java,clean,java,IssueFalse,22334,190,2672,13,6,1,6,6,2,3,7,6,5,9,9,8,7,7,7,9,9,9,3,3,3,9,9,8,4,4,3,8,7,7,8,7,7,8,8,8,10,10,10,7,7,7,3,3,5,1,2,2,2,2,4,4,7,7,6,5,4,5,5,5,4,3
sf,cvs,fmri-dmt,fmri-dmt/src/org/fmridc/util/io/BrowserURL.java,clean,java,IssueFalse,22334,190,2672,13,7,9,7,5,9,7,8,7,7,5,4,7,7,6,7,9,9,9,8,7,7,5,4,7,4,4,3,1,1,1,7,5,5,6,6,6,8,8,8,9,8,8,8,7,7,7,8,6,7,5,6,7,10,7,7,8,5,6,6,6,6,7
sf,cvs,fmri-dmt,fmri-dmt/src/org/fmridc/util/io/DirectorySearch.java,clean,java,IssueFalse,22334,190,2672,13,8,9,7,7,9,9,6,7,8,5,4,9,6,7,9,9,9,9,4,5,9,5,4,9,6,8,8,4,6,8,4,5,8,5,7,8,8,8,8,7,9,9,7,8,8,6,6,8,5,5,8,5,9,5,5,5,4,5,5,5,4,4
sf,cvs,fmri-dmt,fmri-dmt/src/org/fmridc/util/io/DirectorySearchTest.java,clean,java,IssueFalse,22334,190,2672,13,8,2,8,8,2,5,8,7,7,9,9,8,8,7,7,9,9,9,8,7,6,9,9,8,6,6,4,9,9,8,9,9,8,8,8,8,10,10,10,10,10,10,3,4,7,3,6,6,3,3,6,2,9,4,4,4,4,5,5,3,3,2
sf,cvs,fmri-dmt,fmri-dmt/src/org/fmridc/util/io/OpenURL.java,clean,java,IssueFalse,22334,190,2672,13,5,6,5,4,9,7,7,6,6,5,4,7,6,6,6,9,9,9,8,7,6,5,4,7,4,4,3,1,1,1,5,3,4,5,4,4,9,9,9,7,7,7,8,7,6,9,7,6,5,5,4,4,7,9,8,8,5,6,6,5,5,4
sf,cvs,fmri-dmt,fmri-dmt/src/org/fmridc/util/io/URIs.java,clean,java,IssueFalse,22334,190,2672,13,6,9,5,7,10,5,9,8,7,5,4,7,7,7,7,9,9,9,7,6,6,5,4,7,4,4,3,2,2,2,9,8,8,9,9,8,8,8,8,9,9,9,5,5,7,6,7,7,4,3,7,2,9,8,7,6,6,6,6,9,7,6
sf,cvs,fmri-dmt,fmri-dmt/src/org/fmridc/util/model/AdvisoryRangeModel.java,clean,java,IssueFalse,22334,190,2672,13,9,1,9,10,1,7,9,9,9,9,9,9,8,8,9,9,9,9,7,7,8,9,9,9,9,9,9,10,10,10,10,10,10,9,10,10,8,9,9,7,8,8,4,7,9,7,7,10,5,6,10,4,7,3,3,3,4,5,5,5,4,3
sf,cvs,fmri-dmt,fmri-dmt/src/org/fmridc/util/model/FineGrainRangeModel.java,clean,java,IssueFalse,22334,190,2672,13,9,10,8,10,10,7,10,10,10,9,9,8,9,9,8,9,9,9,8,7,7,9,9,8,8,8,7,10,10,10,10,10,10,10,10,10,8,8,8,10,10,10,4,6,10,6,7,10,4,6,10,5,9,3,3,3,4,5,5,5,4,4
sf,cvs,fmri-dmt,fmri-dmt/src/org/fmridc/util/model/RangeSettings.java,clean,java,IssueFalse,22334,190,2672,13,3,5,3,4,10,5,4,4,3,5,4,7,6,6,6,9,9,9,2,1,1,5,4,7,9,9,8,5,4,4,5,3,4,6,5,5,8,8,8,7,7,7,4,4,3,10,9,7,4,3,4,5,7,9,9,9,9,9,10,8,7,7
sf,cvs,fmri-dmt,fmri-dmt/src/org/fmridc/util/model/RangeSettingsTest.java,clean,java,IssueFalse,22334,190,2672,13,7,2,7,6,4,3,7,6,5,9,9,8,7,7,7,9,9,9,2,2,2,9,9,8,4,4,3,8,8,7,8,7,7,9,9,8,8,8,8,7,7,7,3,3,5,8,5,8,4,3,6,2,7,10,9,8,7,7,7,9,6,5
sf,cvs,fmri-dmt,fmri-dmt/src/org/fmridc/util/number/AbstractDecimalizer.java,clean,java,IssueFalse,22334,190,2672,13,9,7,8,9,6,5,10,10,9,5,4,7,8,8,8,10,10,10,7,6,6,5,4,7,4,4,3,10,10,9,10,10,9,9,9,9,10,10,10,7,7,7,6,8,9,8,8,9,5,7,9,4,9,3,3,3,4,5,5,3,3,2
sf,cvs,fmri-dmt,fmri-dmt/src/org/fmridc/util/number/Decimalizer.java,clean,java,IssueFalse,22334,190,2672,13,2,1,2,7,1,3,7,6,6,1,1,5,6,6,6,10,10,10,2,2,2,1,1,5,4,4,3,9,8,8,9,8,7,1,1,1,8,8,8,7,7,7,3,3,6,2,3,4,2,2,4,4,9,4,4,4,4,5,5,2,1,1
sf,cvs,fmri-dmt,fmri-dmt/src/org/fmridc/viewer/AutoDriver.java,clean,java,IssueFalse,22334,190,2672,13,7,2,6,5,4,7,8,7,7,5,4,7,7,7,7,9,9,9,9,8,8,5,4,7,8,8,7,6,6,5,7,5,5,4,3,3,8,8,8,10,10,10,7,6,7,5,5,5,5,4,6,4,9,4,4,4,4,5,5,3,3,2
sf,cvs,fmri-dmt,fmri-dmt/src/org/fmridc/viewer/DCSearchDriver.java,clean,java,IssueFalse,22334,190,2672,13,7,4,7,5,6,7,8,7,7,5,4,7,7,7,7,9,9,9,10,10,9,5,4,7,8,8,7,6,6,5,7,6,6,5,4,4,8,8,8,10,10,10,7,5,7,7,7,7,7,5,7,5,7,5,6,6,4,5,5,4,4,4
sf,cvs,fmri-dmt,fmri-dmt/src/org/fmridc/viewer/Viewer.java,clean,java,IssueFalse,22334,190,2672,13,8,5,8,6,6,10,5,8,8,9,10,10,10,10,10,9,9,9,7,10,10,9,10,10,6,8,7,3,5,6,3,5,6,3,5,7,8,8,8,7,9,9,8,9,8,6,7,6,8,8,8,8,10,7,7,9,8,9,9,5,6,7
sf,cvs,fmri-dmt,fmri-dmt/src/org/fmridc/viewer/model/OverlaySpec.java,clean,java,IssueFalse,22334,190,2672,13,10,4,9,9,3,7,10,10,10,5,4,7,8,8,8,9,9,9,10,9,8,5,4,7,10,9,8,10,10,10,10,10,10,10,10,10,8,8,8,9,8,8,6,8,10,8,9,10,6,8,10,7,9,5,7,7,5,6,7,4,4,6
sf,cvs,fmri-dmt,fmri-dmt/src/org/fmridc/viewer/model/ViewModel.java,clean,java,IssueFalse,22334,190,2672,13,9,7,9,9,6,9,7,9,9,5,9,10,7,8,9,9,9,9,4,7,9,5,9,10,8,10,9,7,10,10,7,10,10,7,10,10,8,8,8,9,10,10,5,6,9,7,8,9,5,8,9,4,10,5,6,6,6,7,7,8,7,6
sf,cvs,fmri-dmt,fmri-dmt/src/org/fmridc/viewer/ui/MenuTree.java,clean,java,IssueFalse,22334,190,2672,13,10,9,10,9,5,7,3,8,9,5,10,10,9,10,10,9,9,9,4,9,10,5,10,10,5,10,9,3,9,9,3,8,9,2,2,9,8,8,8,7,7,7,5,7,9,7,9,9,7,8,10,6,10,4,6,5,9,9,9,4,4,4
sf,cvs,fmri-dmt,fmri-dmt/src/org/fmridc/viewer/ui/SceneBuilder.java,clean,java,IssueFalse,22334,190,2672,13,9,8,8,8,7,7,4,6,8,6,9,10,7,7,9,10,10,10,6,8,10,6,9,10,6,8,9,4,6,9,4,5,9,2,4,7,10,10,10,7,8,8,5,6,8,6,7,8,5,8,8,7,10,9,9,9,9,10,10,8,6,9
sf,cvs,fmri-dmt,fmri-dmt/src/org/fmridc/viewer/ui/SceneReaderWriter.java,clean,java,IssueFalse,22334,190,2672,13,7,5,6,5,7,7,8,7,6,5,4,7,7,7,7,9,9,9,9,8,8,5,4,7,8,7,6,5,4,4,7,6,6,6,5,5,8,8,8,10,10,10,6,5,6,8,7,7,6,4,6,4,9,9,7,7,4,5,5,3,3,2
sf,cvs,fmri-dmt,fmri-dmt/src/org/fmridc/viewer/widget/OverlayPathWidget.java,clean,java,IssueFalse,22334,190,2672,13,7,2,7,4,5,7,6,5,5,10,10,10,10,10,10,9,9,9,10,9,9,10,10,10,8,8,7,6,5,5,6,4,4,5,4,4,8,8,8,9,8,8,6,6,5,8,7,6,9,7,7,2,9,7,6,6,6,6,6,5,4,3
sf,cvs,fmri-dmt,fmri-dmt/src/org/fmridc/xmlhandler/NamedXML.java,buggy,java,IssueFalse,22334,190,2672,13,8,10,8,6,10,10,9,9,8,5,4,7,7,7,7,10,10,10,10,9,9,5,4,7,9,8,7,8,7,7,8,6,6,8,8,7,8,8,8,9,8,8,8,8,8,10,8,8,7,6,8,4,7,10,9,9,9,9,9,10,10,10
sf,cvs,fmri-dmt,fmri-dmt/src/org/fmridc/xmlviewer/XMLLoadPanel.java,clean,java,IssueFalse,22334,190,2672,13,9,6,9,3,6,7,4,5,5,10,10,10,10,10,10,9,9,9,8,7,9,10,10,10,10,10,10,2,2,3,2,1,2,2,2,3,8,8,8,7,7,7,10,8,5,10,10,7,10,10,8,4,7,10,10,10,5,6,6,10,9,8
sf,cvs,fmri-dmt,fmri-dmt/src/org/fmridc/xmlviewer/XMLSavePanel.java,clean,java,IssueFalse,22334,190,2672,13,8,6,8,3,7,7,3,4,4,10,10,10,10,10,10,9,9,9,7,7,9,10,10,10,10,10,10,2,2,3,2,1,2,2,2,3,8,8,8,7,7,7,8,6,4,10,10,6,10,9,7,2,7,10,10,10,7,6,7,9,7,6
sf,cvs,fmri-dmt,fmri-dmt/src/org/fmridc/xmlviewer/XMLTreePanel.java,clean,java,IssueFalse,22334,190,2672,13,6,8,6,5,9,7,5,5,6,10,10,10,10,10,10,9,9,9,7,7,8,10,10,10,7,8,7,4,4,6,4,3,5,4,5,6,8,9,9,7,8,8,6,6,6,4,5,5,6,6,6,4,7,10,10,9,10,9,9,10,9,8
sf,cvs,fmri-dmt,fmri-dmt/src/org/fmridc/xmlviewer/XMLViewer.java,clean,java,IssueFalse,22334,190,2672,13,2,4,2,2,10,5,2,2,2,5,4,7,6,6,6,9,9,9,6,5,5,5,4,7,4,4,3,1,1,1,2,1,1,2,2,2,8,8,8,7,7,7,6,4,2,2,2,2,6,3,3,2,7,9,7,7,4,5,5,6,4,3
sf,cvs,fmri-dmt,fmri-dmt/src/org/fmridc/xmlviewer/XMLViewerFrame.java,clean,java,IssueFalse,22334,190,2672,13,7,8,7,3,9,5,3,3,4,10,10,10,10,10,10,9,9,9,8,9,9,10,10,10,9,10,9,2,3,4,2,2,3,2,2,3,8,9,9,7,7,7,6,5,4,10,8,6,10,10,7,4,7,9,9,8,9,9,9,10,9,8
