Host,Vcs,Project,File,Buggy,PL,IssueTracking,TLOC,TNF,TNC,TND,LOC,CL,NStmt,NFunc,RCC,MNL,avg_WMC,max_WMC,total_WMC,avg_DIT,max_DIT,total_DIT,avg_RFC,max_RFC,total_RFC,avg_NOC,max_NOC,total_NOC,avg_CBO,max_CBO,total_CBO,avg_DIT.1,max_DIT.1,total_DIT.1,avg_NIV,max_NIV,total_NIV,avg_NIM,max_NIM,total_NIM,avg_NOM,max_NOM,total_NOM,avg_NPBM,max_NPBM,total_NPBM,avg_NPM,max_NPM,total_NPM,avg_NPRM,max_NPRM,total_NPRM,avg_CC,max_CC,total_CC,avg_FANIN,max_FANIN,total_FANIN,avg_FANOUT,max_FANOUT,total_FANOUT,NRev,NFix,avg_AddedLOC,max_AddedLOC,total_AddedLOC,avg_DeletedLOC,max_DeletedLOC,total_DeletedLOC,avg_ModifiedLOC,max_ModifiedLOC,total_ModifiedLOC
gc,svn,galaxium,/trunk/src/Addins/Galaxium.Platform.Gnome/GnomePlatform.cs,clean,cs,IssueTrue,27481,188,1634,6,4,5,4,3,9,6,3,4,4,9,9,8,6,6,5,9,10,10,9,3,5,9,9,8,6,4,6,6,5,4,6,6,6,4,6,4,9,9,9,9,9,9,7,6,4,1,2,2,3,4,3,6,6,9,9,9,7,7,7,3,5,5
gc,svn,galaxium,/trunk/src/Galaxium.AdiumThemes/MessageStyles/AdiumMessageStyleFactory.cs,clean,cs,IssueTrue,27481,188,1634,6,6,4,6,6,6,9,7,8,7,6,5,5,6,6,4,9,10,10,9,5,7,6,5,5,6,4,6,6,2,2,7,7,7,8,8,7,9,9,9,8,8,9,8,9,7,5,7,6,6,8,7,4,6,8,7,7,7,6,7,7,8,6
gc,svn,galaxium,/trunk/src/Galaxium.Client.Gtk/Activities/GtkActivityListener.cs,clean,cs,IssueTrue,27481,188,1634,6,6,5,6,4,6,10,8,8,8,6,5,5,5,6,4,9,10,10,10,8,8,6,5,5,6,4,6,6,2,2,7,7,7,3,4,3,9,9,9,10,10,10,10,9,7,2,2,3,9,9,6,6,9,5,5,5,7,7,8,2,3,3
gc,svn,galaxium,/trunk/src/Galaxium.Client.Gtk/Activities/GtkActivityPreProcessor.cs,buggy,cs,IssueTrue,27481,188,1634,6,7,4,6,7,4,9,9,9,9,6,5,5,7,7,6,9,10,10,10,9,9,6,5,5,6,4,6,6,2,2,9,8,8,3,4,3,9,9,9,10,10,10,8,8,8,8,9,8,7,7,8,8,9,9,9,9,9,10,10,8,8,8
gc,svn,galaxium,/trunk/src/Galaxium.Client.Gtk/Commands/ViewMenuCommands.cs,clean,cs,IssueTrue,27481,188,1634,6,7,4,5,8,5,6,2,4,9,9,9,10,5,5,10,9,10,10,8,3,10,9,9,10,6,4,6,6,5,9,6,6,9,6,7,9,9,9,9,8,8,9,7,5,7,4,3,7,5,3,7,3,4,3,3,2,10,9,9,2,2,2
gc,svn,galaxium,/trunk/src/Galaxium.Client.Gtk/Dialogs/AboutDialog.cs,clean,cs,IssueTrue,27481,188,1634,6,3,4,3,3,9,4,2,3,3,6,5,5,5,6,4,9,10,10,10,7,8,6,5,5,8,8,8,7,5,5,7,7,7,4,6,4,9,9,9,9,9,9,4,4,3,3,3,3,8,8,4,3,4,4,4,3,4,4,5,2,2,2
gc,svn,galaxium,/trunk/src/Galaxium.Client.Gtk/Dialogs/AccountsDialog.cs,clean,cs,IssueTrue,27481,188,1634,6,2,4,2,3,10,2,2,3,2,6,5,5,5,6,4,9,10,10,9,3,5,6,5,5,6,6,7,7,5,5,7,7,7,4,6,4,9,9,9,9,9,9,3,3,3,2,2,3,4,4,3,3,4,4,4,3,4,4,5,2,2,2
gc,svn,galaxium,/trunk/src/Galaxium.Client.Gtk/Dialogs/PreferencesDialog.cs,buggy,cs,IssueTrue,27481,188,1634,6,6,4,6,5,6,6,6,7,6,6,5,5,6,6,5,9,10,10,10,9,9,6,5,5,9,9,9,8,8,8,8,8,7,4,6,4,10,9,9,10,10,10,7,6,5,6,6,6,7,9,6,4,4,9,8,8,8,7,7,8,9,7
gc,svn,galaxium,/trunk/src/Galaxium.Client.Gtk/Dialogs/TransferDialog.cs,clean,cs,IssueTrue,27481,188,1634,6,4,4,4,3,8,6,3,4,3,6,5,5,5,6,4,9,10,10,10,6,7,6,5,5,10,9,10,7,5,5,7,7,7,7,8,6,9,9,9,8,8,9,5,5,3,6,5,4,9,8,5,4,4,4,4,3,5,5,5,6,7,5
gc,svn,galaxium,/trunk/src/Galaxium.Client.Gtk/Dialogs/TransferOverwriteDialog.cs,clean,cs,IssueTrue,27481,188,1634,6,5,4,4,4,7,6,5,5,5,6,5,5,5,6,4,9,10,10,10,7,8,6,5,5,10,10,10,7,6,6,7,7,7,7,8,6,9,9,9,9,9,9,7,6,4,7,6,5,9,8,6,4,6,6,6,5,9,8,8,6,8,5
gc,svn,galaxium,/trunk/src/Galaxium.Client.Gtk/GeneralContactTreeManager.cs,clean,cs,IssueTrue,27481,188,1634,6,5,4,5,5,6,10,8,9,8,9,9,8,6,7,5,9,10,10,10,7,8,9,9,8,6,6,7,8,8,8,8,8,8,9,9,8,9,9,9,9,9,9,9,7,7,4,5,5,4,6,5,6,6,9,9,8,7,7,8,8,9,8
gc,svn,galaxium,/trunk/src/Galaxium.Client.Gtk/Notifications/GtkNotificationBackend.cs,buggy,cs,IssueTrue,27481,188,1634,6,7,6,7,8,6,7,9,9,9,9,9,8,8,8,7,9,10,10,10,9,9,9,9,8,8,7,8,9,9,9,9,9,9,9,10,9,9,9,9,10,10,10,7,8,8,4,7,7,5,7,8,6,8,9,8,8,7,8,8,5,7,6
gc,svn,galaxium,/trunk/src/Galaxium.Client.Gtk/Preferences/EmoticonPreferenceWidget.cs,clean,cs,IssueTrue,27481,188,1634,6,7,5,7,7,6,6,8,9,8,9,9,8,8,8,7,9,10,10,10,10,10,9,9,8,10,10,10,9,9,9,9,9,8,4,6,4,9,9,9,10,10,10,6,6,7,7,9,8,6,9,8,3,4,4,4,3,8,7,7,9,9,7
gc,svn,galaxium,/trunk/src/Galaxium.Client.Gtk/Preferences/GtkPreferenceWidget.cs,clean,cs,IssueTrue,27481,188,1634,6,8,5,9,6,3,9,7,8,7,9,9,8,6,7,5,9,10,10,10,8,8,9,9,8,10,10,10,8,8,8,8,8,8,4,6,4,9,9,9,10,10,10,7,6,6,10,10,10,10,10,9,6,8,7,7,7,4,4,5,7,9,6
gc,svn,galaxium,/trunk/src/Galaxium.Client.Gtk/Preferences/MessageDisplayPreferenceWidget.cs,clean,cs,IssueTrue,27481,188,1634,6,4,4,4,4,8,6,5,5,5,9,9,8,5,6,4,9,10,10,10,8,8,9,9,8,9,9,9,7,6,6,7,7,7,4,6,4,9,9,9,10,9,9,6,6,5,5,7,5,6,7,5,4,4,3,3,2,4,4,5,5,6,5
gc,svn,galaxium,/trunk/src/Galaxium.Client.Gtk/Preferences/PluginPreferenceWidget.cs,clean,cs,IssueTrue,27481,188,1634,6,7,4,7,6,4,7,7,8,7,9,9,8,7,7,6,9,10,10,10,10,10,9,9,8,10,10,10,9,9,8,8,8,8,4,6,4,9,9,9,10,10,10,7,6,6,6,7,7,8,9,8,3,4,3,3,2,4,4,5,5,5,4
gc,svn,galaxium,/trunk/src/Galaxium.Client.Gtk/Preferences/ProxyPreferenceWidget.cs,clean,cs,IssueTrue,27481,188,1634,6,7,4,7,6,4,6,7,7,7,9,9,8,7,7,6,9,10,10,10,6,7,9,9,8,10,10,10,9,9,8,9,8,8,4,6,4,9,9,9,10,10,10,5,6,6,8,8,8,7,8,8,6,6,10,9,10,10,10,10,9,10,9
gc,svn,galaxium,/trunk/src/Galaxium.Client.Gtk/Preferences/SongInformationPreferenceWidget.cs,clean,cs,IssueTrue,27481,188,1634,6,5,4,6,6,6,7,6,7,7,9,9,8,7,7,6,9,10,10,10,8,9,9,9,8,9,9,9,9,9,8,8,8,8,4,6,4,9,9,9,10,10,10,6,6,6,4,5,6,6,9,7,3,4,10,9,9,4,4,5,6,6,5
gc,svn,galaxium,/trunk/src/Galaxium.Client.Gtk/Preferences/SoundPreferenceWidget.cs,clean,cs,IssueTrue,27481,188,1634,6,6,4,7,7,5,7,8,8,8,9,9,8,7,7,6,9,10,10,10,9,9,9,9,8,10,9,10,9,9,9,9,8,8,4,6,4,9,9,9,10,10,10,7,6,7,5,8,7,6,8,7,4,4,10,9,9,8,8,8,8,9,7
gc,svn,galaxium,/trunk/src/Galaxium.Client.Gtk/Utilities/GalaxiumUtility.cs,clean,cs,IssueTrue,27481,188,1634,6,3,4,3,5,9,2,2,3,3,6,5,5,5,6,4,9,10,10,9,3,5,6,5,5,6,4,6,6,2,2,7,7,7,6,7,5,9,9,9,8,8,9,3,3,4,4,5,5,3,3,4,3,6,3,3,2,4,4,5,3,3,3
gc,svn,galaxium,/trunk/src/Galaxium.Client.Gtk/Utilities/GtkActivityUtility.cs,buggy,cs,IssueTrue,27481,188,1634,6,7,9,6,6,10,9,8,9,8,6,5,5,7,7,6,9,10,10,10,8,9,6,5,5,6,4,6,6,2,2,8,8,8,8,9,7,9,9,9,10,10,10,8,7,7,7,6,7,6,4,7,8,9,7,8,8,8,9,9,5,8,7
gc,svn,galaxium,/trunk/src/Galaxium.Client.Gtk/Utilities/GtkWindowUtility.cs,clean,cs,IssueTrue,27481,188,1634,6,6,4,6,8,6,7,6,8,8,7,9,9,6,7,7,9,10,10,9,7,9,7,9,9,7,7,8,8,9,9,8,8,8,8,9,9,9,9,9,9,9,9,6,6,7,4,7,7,3,5,6,6,8,4,5,4,8,8,8,2,5,4
gc,svn,galaxium,/trunk/src/Galaxium.Client.Gtk/Windows/ContainerWindow.cs,buggy,cs,IssueTrue,27481,188,1634,6,9,6,9,9,3,7,10,10,10,6,5,5,9,9,8,9,10,10,10,10,10,6,5,5,10,10,10,10,10,10,10,10,9,10,10,9,9,9,9,10,10,10,7,6,9,5,7,9,5,7,9,8,9,4,5,6,8,9,9,2,3,4
gc,svn,galaxium,/trunk/src/Galaxium.Client.Gtk/Windows/MainWindow.cs,buggy,cs,IssueTrue,27481,188,1634,6,10,6,10,10,2,9,10,10,10,9,9,8,10,10,9,9,10,10,10,10,10,9,9,8,10,10,10,10,10,10,10,10,10,10,10,9,9,9,9,10,10,10,6,8,9,7,10,10,7,10,10,10,10,6,8,9,7,9,10,5,10,8
gc,svn,galaxium,/trunk/src/Galaxium.Client.Gtk/Windows/TransferWindow.cs,buggy,cs,IssueTrue,27481,188,1634,6,9,6,9,10,2,9,10,10,10,6,5,5,9,10,9,9,10,10,10,10,10,6,5,5,10,10,10,10,10,10,10,10,10,8,9,7,9,9,9,10,10,10,6,8,9,6,9,9,4,9,9,8,9,6,8,8,9,9,10,8,10,9
gc,svn,galaxium,/trunk/src/Galaxium.Client/GeneralSession.cs,buggy,cs,IssueTrue,27481,188,1634,6,5,6,5,7,8,7,7,8,7,10,10,9,10,10,10,9,10,10,9,5,7,10,10,9,8,7,8,9,9,9,9,9,8,8,8,7,10,9,9,10,10,10,5,6,6,4,7,7,2,4,5,4,4,9,8,8,4,4,5,7,8,6
gc,svn,galaxium,/trunk/src/Galaxium.Client/Interfaces/ICommandInputHandler.cs,clean,cs,IssueTrue,27481,188,1634,6,1,4,1,1,10,2,1,1,1,1,1,2,4,4,3,10,10,10,9,3,4,1,1,2,6,4,6,6,2,2,6,6,6,3,4,3,9,9,9,8,8,9,1,1,2,1,2,2,1,2,2,3,4,4,3,3,8,7,7,3,3,3
gc,svn,galaxium,/trunk/src/Galaxium.Client/Interfaces/IPlatform.cs,clean,cs,IssueTrue,27481,188,1634,6,1,4,1,1,10,2,1,1,1,1,1,2,4,4,3,10,10,10,6,2,1,1,1,2,6,4,6,6,2,2,6,6,6,3,4,3,9,9,9,8,8,9,1,1,2,1,2,2,1,2,2,7,4,4,5,4,5,6,6,3,6,5
gc,svn,galaxium,/trunk/src/Galaxium.Client/Platform/AbstractPlatform.cs,clean,cs,IssueTrue,27481,188,1634,6,2,4,2,4,10,6,3,4,4,6,5,5,5,6,4,10,10,10,6,2,1,6,5,5,6,4,6,7,6,6,7,7,7,8,8,7,9,9,9,8,8,9,5,5,4,1,2,2,2,4,3,4,4,6,6,5,4,4,5,5,5,5
gc,svn,galaxium,/trunk/src/Galaxium.Client/Platform/DefaultPlatform.cs,clean,cs,IssueTrue,27481,188,1634,6,1,4,1,2,10,2,1,1,1,9,9,8,5,6,4,9,10,10,6,2,1,9,9,8,6,4,6,6,2,2,6,6,6,3,4,3,9,9,9,8,8,9,3,3,2,1,2,2,2,2,2,3,4,3,3,2,4,4,5,5,5,4
gc,svn,galaxium,/trunk/src/Galaxium.Client/SongInformation/AudaciousSongInformationBackend.cs,clean,cs,IssueTrue,27481,188,1634,6,5,4,5,5,7,6,4,7,7,7,10,9,5,8,6,9,10,10,9,4,7,7,10,9,6,7,7,7,7,7,7,7,7,6,8,7,9,9,9,9,9,9,7,7,6,2,4,4,4,4,5,3,6,3,3,2,4,4,5,5,5,4
gc,svn,galaxium,/trunk/src/Galaxium.Client/SongInformation/BMPxSongInformationBackend.cs,clean,cs,IssueTrue,27481,188,1634,6,5,4,5,5,6,6,5,8,7,7,10,9,5,8,6,9,10,10,8,4,7,7,10,9,6,7,7,7,7,7,7,7,7,6,8,7,9,9,9,9,9,9,8,7,6,2,4,4,4,4,5,4,6,7,6,6,4,4,5,4,5,4
gc,svn,galaxium,/trunk/src/Galaxium.Client/SongInformation/BansheeSongInformationBackend.cs,clean,cs,IssueTrue,27481,188,1634,6,5,4,5,5,7,6,4,7,7,7,10,9,5,8,6,9,10,10,9,4,7,7,10,9,6,7,7,7,7,7,7,7,7,6,8,7,9,9,9,9,9,9,7,7,6,2,4,4,4,5,5,8,4,8,8,8,7,7,8,8,9,8
gc,svn,galaxium,/trunk/src/Galaxium.Client/SongInformation/ExaileSongInformationBackend.cs,clean,cs,IssueTrue,27481,188,1634,6,4,4,4,5,8,6,3,6,5,7,10,9,5,7,6,9,10,10,8,4,6,7,10,9,6,7,7,6,7,7,6,7,7,6,8,7,9,9,9,9,9,9,6,5,5,2,4,3,4,6,4,3,4,8,6,5,4,4,5,3,3,3
gc,svn,galaxium,/trunk/src/Galaxium.Client/SongInformation/RhythmboxSongInformationBackend.cs,clean,cs,IssueTrue,27481,188,1634,6,6,4,5,6,6,7,4,8,8,6,10,9,5,8,7,9,10,10,8,5,8,6,10,9,6,7,8,6,8,8,6,8,7,4,8,7,9,9,9,9,9,9,8,7,7,2,5,4,5,6,6,4,4,6,6,5,4,4,5,3,3,4
gc,svn,galaxium,/trunk/src/Galaxium.Client/SongInformation/SongInformation.cs,clean,cs,IssueTrue,27481,188,1634,6,4,4,3,6,8,4,5,5,5,9,9,8,6,6,5,9,10,10,7,2,3,9,9,8,8,8,8,7,6,6,8,7,7,9,9,8,9,9,9,8,8,9,4,5,5,6,8,6,2,4,4,4,4,4,4,4,6,6,6,2,2,2
gc,svn,galaxium,/trunk/src/Galaxium.Client/Utilities/ClientUtility.cs,clean,cs,IssueTrue,27481,188,1634,6,3,4,3,3,10,4,2,3,3,6,5,5,5,5,4,9,10,10,9,3,4,6,5,5,6,4,6,6,2,2,6,6,6,6,7,5,9,9,9,8,8,9,6,4,3,2,2,2,9,5,4,6,4,4,5,5,4,4,5,2,3,3
gc,svn,galaxium,/trunk/src/Galaxium.Client/Utilities/CommandInputHandlerUtility.cs,clean,cs,IssueTrue,27481,188,1634,6,5,4,5,4,7,10,8,9,8,6,5,5,5,6,4,9,10,10,10,7,8,6,5,5,6,4,6,6,2,2,7,7,7,7,8,6,9,9,9,8,8,9,10,9,7,6,5,5,9,7,6,3,4,10,8,8,9,7,7,9,9,7
gc,svn,galaxium,/trunk/src/Galaxium.Client/Utilities/PlatformUtility.cs,clean,cs,IssueTrue,27481,188,1634,6,3,4,3,4,9,6,3,4,4,6,5,5,5,6,4,9,10,10,8,3,3,6,5,5,6,4,6,6,2,2,7,7,7,8,8,7,9,9,9,8,8,9,5,5,4,4,4,4,2,4,3,6,4,7,6,6,5,5,5,5,7,5
gc,svn,galaxium,/trunk/src/Galaxium.Client/Utilities/SongPlayingUtility.cs,buggy,cs,IssueTrue,27481,188,1634,6,7,4,7,7,4,9,8,9,8,6,5,5,7,7,6,9,10,10,10,7,8,6,5,5,6,4,6,6,2,2,8,8,8,8,8,7,9,9,9,10,10,10,8,8,8,6,7,8,4,6,7,8,6,8,9,9,6,7,8,7,10,8
gc,svn,galaxium,/trunk/src/Galaxium.Core/Configuration/Configuration.cs,clean,cs,IssueTrue,27481,188,1634,6,7,4,8,1,4,2,1,1,1,6,5,10,5,5,10,9,10,10,7,3,10,6,5,10,6,4,6,6,2,2,6,6,6,3,4,3,9,9,9,8,8,9,1,1,2,1,2,2,1,2,2,7,9,4,4,5,6,6,7,5,7,6
gc,svn,galaxium,/trunk/src/Galaxium.Core/Utilities/BaseUtility.cs,clean,cs,IssueTrue,27481,188,1634,6,4,4,3,5,8,6,6,7,6,6,5,5,6,6,5,9,10,10,9,4,5,6,5,5,6,4,6,6,2,2,8,7,7,9,9,8,9,9,9,8,8,9,7,6,5,8,6,6,5,4,5,6,8,4,5,5,8,8,8,3,5,5
gc,svn,galaxium,/trunk/src/Galaxium.Core/Utilities/ThreadUtility.cs,clean,cs,IssueTrue,27481,188,1634,6,3,4,2,5,10,4,3,4,4,6,5,5,6,6,4,9,10,10,8,3,3,6,5,5,6,4,6,6,2,2,7,7,7,8,9,7,9,9,9,8,8,9,4,4,4,5,5,5,2,3,4,3,8,8,6,5,4,4,5,2,2,2
gc,svn,galaxium,/trunk/src/Galaxium.Gui.Gtk/Dialogs/AddContactDialog.cs,clean,cs,IssueTrue,27481,188,1634,6,5,4,5,6,7,6,6,6,6,6,5,5,6,6,5,9,10,10,10,8,9,6,5,5,10,9,10,8,7,7,8,7,7,7,8,6,9,9,9,10,9,9,6,6,6,4,7,5,5,8,6,4,8,8,7,6,10,9,9,7,8,6
gc,svn,galaxium,/trunk/src/Galaxium.Gui.Gtk/Dialogs/AddGroupDialog.cs,clean,cs,IssueTrue,27481,188,1634,6,3,4,3,5,9,2,3,4,3,6,5,5,6,6,4,9,10,10,10,7,8,6,5,5,8,8,9,7,7,7,7,7,7,7,8,6,9,9,9,9,9,9,3,3,3,3,4,4,5,7,5,3,6,4,4,3,4,4,5,2,2,2
gc,svn,galaxium,/trunk/src/Galaxium.Gui.Gtk/Dialogs/CopyMoveGroupDialog.cs,clean,cs,IssueTrue,27481,188,1634,6,5,4,5,5,7,7,6,7,6,6,5,5,6,6,4,9,10,10,10,8,8,6,5,5,9,9,9,7,7,7,7,7,7,7,8,6,9,9,9,9,9,9,8,8,5,6,8,5,6,8,5,4,8,7,6,6,10,9,9,9,10,8
gc,svn,galaxium,/trunk/src/Galaxium.Gui.Gtk/Dialogs/InviteContactDialog.cs,clean,cs,IssueTrue,27481,188,1634,6,3,4,4,3,9,6,4,5,4,6,5,5,5,6,4,9,10,10,10,8,8,6,5,5,8,8,9,7,5,5,7,7,7,7,8,6,9,9,9,8,8,9,7,5,4,7,6,4,8,7,5,3,4,4,4,3,4,4,5,2,2,2
gc,svn,galaxium,/trunk/src/Galaxium.Gui.Gtk/Dialogs/NewContactDialog.cs,clean,cs,IssueTrue,27481,188,1634,6,5,4,5,5,6,6,5,6,5,6,5,5,5,6,4,9,10,10,10,8,9,6,5,5,10,10,10,7,6,6,7,7,7,7,8,6,9,9,9,9,9,9,6,7,5,4,7,5,5,9,6,4,6,7,6,6,9,8,8,8,9,7
gc,svn,galaxium,/trunk/src/Galaxium.Gui.Gtk/Dialogs/RemoveContactDialog.cs,clean,cs,IssueTrue,27481,188,1634,6,3,4,3,4,9,4,3,4,3,6,5,5,5,6,4,9,10,10,9,5,7,6,5,5,8,8,9,7,5,5,7,7,7,7,8,6,9,9,9,8,8,9,5,5,3,6,6,5,6,6,4,4,6,4,4,4,4,4,5,2,3,3
gc,svn,galaxium,/trunk/src/Galaxium.Gui.Gtk/Dialogs/RemoveGroupDialog.cs,clean,cs,IssueTrue,27481,188,1634,6,2,4,2,4,10,2,2,3,2,6,5,5,5,6,4,9,10,10,9,5,7,6,5,5,8,7,8,7,5,5,7,7,7,7,8,6,9,9,9,8,8,9,3,3,3,4,3,4,5,5,4,3,6,4,4,3,4,4,5,2,2,2
gc,svn,galaxium,/trunk/src/Galaxium.Gui.Gtk/Dialogs/RenameGroupDialog.cs,clean,cs,IssueTrue,27481,188,1634,6,3,4,3,5,9,4,3,4,4,6,5,5,6,6,4,9,10,10,10,7,8,6,5,5,8,8,9,7,7,7,7,7,7,7,8,6,9,9,9,9,9,9,4,4,4,4,5,5,4,6,4,3,6,4,4,3,4,4,5,2,2,2
gc,svn,galaxium,/trunk/src/Galaxium.Gui.Gtk/Dialogs/SetDisplayImageDialog.cs,clean,cs,IssueTrue,27481,188,1634,6,8,4,8,8,3,10,9,9,9,6,5,5,9,9,7,9,10,10,10,9,10,6,5,5,10,10,10,10,10,10,10,9,9,7,8,6,9,9,9,10,10,10,7,7,8,5,8,8,6,8,9,6,6,7,7,6,8,8,8,2,3,3
gc,svn,galaxium,/trunk/src/Galaxium.Gui.Gtk/Dialogs/SetNicknameDialog.cs,clean,cs,IssueTrue,27481,188,1634,6,3,4,4,4,9,2,3,4,3,6,5,5,5,6,4,9,10,10,9,5,7,6,5,5,9,9,9,7,6,6,7,7,7,4,6,4,9,9,9,10,9,9,4,4,3,5,5,4,7,8,5,7,8,4,4,5,5,5,5,6,9,7
gc,svn,galaxium,/trunk/src/Galaxium.Gui.Gtk/Interfaces/IContactTreeManager.cs,clean,cs,IssueTrue,27481,188,1634,6,2,4,2,1,10,2,1,1,1,1,1,2,4,4,3,9,10,10,9,5,7,1,1,2,6,4,6,6,2,2,6,6,6,3,4,3,9,9,9,8,8,9,1,1,2,1,2,2,1,2,2,3,4,7,5,5,4,4,5,3,3,3
gc,svn,galaxium,/trunk/src/Galaxium.Gui.Gtk/TextMessageDisplay/TextMessageDisplay.cs,buggy,cs,IssueTrue,27481,188,1634,6,9,9,9,8,6,10,8,10,10,9,9,10,7,9,8,9,10,10,10,10,10,9,9,10,10,10,10,9,10,10,8,9,9,6,8,7,10,10,10,9,10,10,8,10,9,7,9,9,6,9,9,7,6,9,9,9,10,10,10,9,10,9
gc,svn,galaxium,/trunk/src/Galaxium.Gui.Gtk/Utilities/GtkUtility.cs,clean,cs,IssueTrue,27481,188,1634,6,8,7,8,6,6,10,9,9,9,6,5,5,7,7,6,9,10,10,10,9,10,6,5,5,6,4,6,6,2,2,9,8,8,9,10,9,9,9,9,9,9,9,9,9,8,9,10,9,6,8,7,8,6,10,9,10,7,8,8,9,10,9
gc,svn,galaxium,/trunk/src/Galaxium.Gui.Gtk/Utilities/PangoUtility.cs,clean,cs,IssueTrue,27481,188,1634,6,4,6,4,3,9,9,6,6,6,6,5,5,5,6,4,9,10,10,10,6,7,6,5,5,6,4,6,6,2,2,7,7,7,6,7,5,9,9,9,9,9,9,9,8,5,7,6,4,8,7,4,4,6,4,4,3,10,10,10,8,8,7
gc,svn,galaxium,/trunk/src/Galaxium.Gui.Gtk/Utilities/PixbufUtility.cs,buggy,cs,IssueTrue,27481,188,1634,6,7,7,7,7,6,6,7,9,9,7,9,9,6,7,7,9,10,10,9,3,8,7,9,9,7,8,9,6,5,4,8,8,8,9,10,9,9,9,9,9,9,9,7,7,7,8,9,8,5,5,7,4,8,3,3,2,9,8,9,2,3,3
gc,svn,galaxium,/trunk/src/Galaxium.Gui.Gtk/Widgets/AbstractAccountWidget.cs,buggy,cs,IssueTrue,27481,188,1634,6,9,4,9,10,3,10,10,10,10,9,9,8,10,10,9,10,10,10,10,10,10,9,9,8,10,10,10,10,10,10,10,10,10,10,10,9,10,10,10,8,8,9,5,8,9,6,8,9,3,6,9,10,10,7,9,9,8,9,10,7,10,9
gc,svn,galaxium,/trunk/src/Galaxium.Gui.Gtk/Widgets/AbstractChatWidget.cs,buggy,cs,IssueTrue,27481,188,1634,6,7,4,7,9,5,4,8,8,8,6,5,5,8,8,7,10,10,10,10,8,9,6,5,5,10,10,10,9,9,9,9,9,9,10,10,9,10,10,10,8,8,9,4,9,8,8,10,10,2,4,7,7,6,3,4,4,8,9,9,3,5,5
gc,svn,galaxium,/trunk/src/Galaxium.Gui.Gtk/Widgets/AbstractSessionWidget.cs,buggy,cs,IssueTrue,27481,188,1634,6,6,4,6,9,5,4,8,8,8,9,9,8,9,9,8,10,10,10,10,8,9,9,9,8,9,9,9,10,10,10,10,9,9,10,10,9,10,10,10,8,8,9,4,6,7,4,8,8,1,3,5,7,6,7,8,8,6,7,7,6,9,7
gc,svn,galaxium,/trunk/src/Galaxium.Gui.Gtk/Widgets/BasicAccountWidget.cs,buggy,cs,IssueTrue,27481,188,1634,6,8,6,9,9,4,7,7,9,9,9,10,10,9,10,10,10,10,10,10,9,10,9,10,10,9,10,10,9,10,10,9,9,9,8,9,8,10,10,10,8,8,9,5,7,8,7,9,9,5,8,9,9,9,8,9,10,8,9,10,9,10,10
gc,svn,galaxium,/trunk/src/Galaxium.Gui.Gtk/Widgets/BasicChatWidget.cs,buggy,cs,IssueTrue,27481,188,1634,6,8,7,9,10,4,9,9,9,9,9,9,8,9,10,9,10,10,10,10,10,10,9,9,8,10,10,10,10,10,10,10,9,9,9,10,9,10,10,10,9,9,9,5,7,9,6,10,9,5,9,9,10,9,8,9,10,7,8,9,7,9,9
gc,svn,galaxium,/trunk/src/Galaxium.Gui.Gtk/Widgets/BasicSessionWidget.cs,buggy,cs,IssueTrue,27481,188,1634,6,8,7,8,9,6,9,9,9,9,10,10,9,10,10,9,10,10,10,10,10,10,10,10,9,10,9,10,10,10,10,10,9,9,9,9,8,10,10,10,10,10,10,5,7,9,3,9,8,4,9,9,10,9,7,9,9,8,9,10,5,9,8
gc,svn,galaxium,/trunk/src/Galaxium.Gui.Gtk/Widgets/EntityDisplayEntry.cs,clean,cs,IssueTrue,27481,188,1634,6,5,4,5,5,7,6,5,6,6,9,9,8,6,6,5,9,10,10,10,6,7,9,9,8,8,8,9,8,7,7,8,7,7,4,6,4,10,10,10,9,9,9,6,5,5,6,6,6,5,4,5,3,4,3,3,2,4,4,5,6,6,5
gc,svn,galaxium,/trunk/src/Galaxium.Gui.Gtk/Widgets/GroupChatWidget.cs,buggy,cs,IssueTrue,27481,188,1634,6,8,7,8,9,5,7,8,8,8,9,9,8,9,9,8,10,10,10,10,9,10,9,9,8,10,10,10,9,10,9,9,9,9,9,10,9,10,10,10,9,9,9,5,6,9,3,8,8,4,8,9,6,4,5,7,6,5,6,6,5,8,6
gc,svn,galaxium,/trunk/src/Galaxium.Gui.Gtk/Widgets/ImageComboBox.cs,clean,cs,IssueTrue,27481,188,1634,6,6,4,6,7,5,9,8,8,8,9,9,8,7,8,6,9,10,10,9,5,6,9,9,8,8,8,8,9,9,9,9,9,8,10,10,9,9,9,9,9,9,9,7,6,7,9,9,8,5,5,6,3,4,10,8,7,4,4,5,9,8,6
gc,svn,galaxium,/trunk/src/Galaxium.Gui.Gtk/Widgets/MessageDisplayWidget.cs,clean,cs,IssueTrue,27481,188,1634,6,5,4,4,6,7,7,7,7,7,9,9,8,7,7,6,9,10,10,10,6,7,9,9,8,8,7,8,9,9,8,8,8,8,9,10,9,9,9,9,8,8,9,6,6,6,10,10,9,4,7,5,6,4,6,7,6,8,8,8,7,9,7
gc,svn,galaxium,/trunk/src/Galaxium.Gui.Gtk/Widgets/MessageEntryWidget.cs,buggy,cs,IssueTrue,27481,188,1634,6,9,6,9,10,3,9,9,10,9,9,9,8,8,8,7,9,10,10,10,9,10,9,9,8,10,10,10,9,10,9,9,9,9,9,9,8,10,10,10,10,10,10,6,9,9,8,9,10,5,9,9,9,9,9,10,10,9,9,10,7,9,9
gc,svn,galaxium,/trunk/src/Galaxium.Gui.Gtk/Widgets/NotebookLabel.cs,buggy,cs,IssueTrue,27481,188,1634,6,5,4,5,6,7,6,6,7,6,9,9,8,6,7,5,9,10,10,10,7,8,9,9,8,8,8,9,8,8,8,8,8,8,6,7,5,9,9,9,10,10,10,6,6,5,7,9,7,6,8,6,4,6,3,3,2,8,8,8,2,3,3
gc,svn,galaxium,/trunk/src/Galaxium.Gui.Gtk/Widgets/WebcamWidget.cs,buggy,cs,IssueTrue,27481,188,1634,6,7,4,7,7,4,7,8,8,8,9,9,8,7,7,6,9,10,10,10,8,9,9,9,8,9,9,9,9,9,9,9,8,8,7,8,6,10,10,10,10,10,10,7,7,7,7,7,8,5,7,8,9,8,9,10,10,9,10,10,7,10,9
gc,svn,galaxium,/trunk/src/Galaxium.Gui/Extensions/MessageDisplayExtension.cs,buggy,cs,IssueTrue,27481,188,1634,6,2,4,2,4,10,2,2,2,2,9,9,8,5,5,4,9,10,10,8,3,4,9,9,8,8,7,8,6,5,4,6,6,6,6,7,5,9,9,9,8,8,9,3,3,3,4,4,4,2,2,3,3,4,3,3,2,4,4,5,3,3,3
gc,svn,galaxium,/trunk/src/Galaxium.Gui/Utilities/EmoticonUtility.cs,clean,cs,IssueTrue,27481,188,1634,6,8,7,7,8,6,9,9,9,9,6,5,5,8,8,7,9,10,10,10,8,9,6,5,5,6,4,6,6,2,2,9,9,8,10,10,9,9,9,9,10,9,9,7,8,8,7,7,8,5,6,8,6,6,8,6,8,10,10,10,8,10,8
gc,svn,galaxium,/trunk/src/Galaxium.Gui/Utilities/MessageUtility.cs,buggy,cs,IssueTrue,27481,188,1634,6,3,4,3,3,9,7,3,4,4,6,5,5,5,5,4,9,10,10,10,7,8,6,5,5,6,4,6,6,2,2,6,6,6,4,6,4,9,9,9,8,8,9,8,6,3,5,4,3,6,4,3,4,8,8,8,7,10,10,10,6,7,5
gc,svn,galaxium,/trunk/src/Galaxium.Protocol.Aim.Gtk/AimChatWidget.cs,buggy,cs,IssueTrue,27481,188,1634,6,9,10,9,9,10,10,10,10,10,10,10,9,10,10,10,9,10,10,10,10,10,10,10,9,7,7,7,10,10,10,10,10,9,9,9,8,10,10,10,10,10,10,7,8,9,5,8,9,5,8,9,8,4,10,10,10,6,7,7,10,10,10
gc,svn,galaxium,/trunk/src/Galaxium.Protocol.Facebook/FBSession.cs,clean,cs,IssueTrue,27481,188,1634,6,8,4,7,8,4,7,8,8,8,10,10,9,10,10,10,9,10,10,10,8,9,10,10,9,8,8,9,9,9,9,9,9,8,8,8,7,10,9,9,10,10,10,6,6,7,3,5,6,8,7,9,3,4,10,9,8,4,4,5,6,6,5
gc,svn,galaxium,/trunk/src/Galaxium.Protocol.GaduGadu.GtkGui/GaduAccountWidget.cs,clean,cs,IssueTrue,27481,188,1634,6,4,8,4,6,10,4,6,6,6,10,10,10,10,10,10,9,10,10,10,6,7,10,10,10,6,4,6,9,9,8,9,8,8,8,9,7,10,10,10,8,8,9,4,4,5,2,5,4,3,3,5,8,8,5,7,7,10,10,10,8,10,8
gc,svn,galaxium,/trunk/src/Galaxium.Protocol.GaduGadu.GtkGui/GaduChatWidget.cs,buggy,cs,IssueTrue,27481,188,1634,6,9,10,9,10,10,10,10,10,10,10,10,9,10,10,10,9,10,10,10,10,10,10,10,9,6,6,7,10,10,10,10,10,10,10,10,9,10,10,10,10,10,10,6,8,9,3,7,9,4,9,9,9,6,4,6,6,9,9,10,8,10,9
gc,svn,galaxium,/trunk/src/Galaxium.Protocol.GaduGadu/Connections/GaduConnection.cs,clean,cs,IssueTrue,27481,188,1634,6,9,7,9,8,4,10,10,10,10,6,5,5,8,8,7,9,10,10,10,9,10,6,5,5,10,10,10,9,9,9,9,9,9,9,9,8,10,9,9,10,10,10,8,10,9,5,8,8,4,9,8,3,6,3,3,2,4,4,5,5,5,4
gc,svn,galaxium,/trunk/src/Galaxium.Protocol.GaduGadu/GaduConversation.cs,clean,cs,IssueTrue,27481,188,1634,6,4,4,4,6,8,4,5,5,5,9,9,8,9,9,8,9,10,10,10,8,8,9,9,8,8,8,8,8,7,7,8,7,7,9,9,8,9,9,9,8,8,9,4,5,5,4,5,6,5,6,6,3,4,3,3,2,4,4,5,8,8,5
gc,svn,galaxium,/trunk/src/Galaxium.Protocol.GaduGadu/GaduSession.cs,clean,cs,IssueTrue,27481,188,1634,6,8,6,8,9,4,6,9,9,9,10,10,9,10,10,10,9,10,10,10,10,10,10,10,9,9,9,9,10,10,10,10,9,9,9,9,8,10,9,9,10,10,10,5,6,8,4,9,8,5,8,9,3,6,10,9,8,10,9,10,10,10,9
gc,svn,galaxium,/trunk/src/Galaxium.Protocol.Gui/Interfaces/IChatWidget.cs,buggy,cs,IssueTrue,27481,188,1634,6,2,4,4,1,10,2,1,1,1,1,1,2,4,4,3,10,10,10,8,3,3,1,1,2,6,4,6,6,2,2,6,6,6,3,4,3,9,9,9,8,8,9,1,1,2,1,2,2,1,2,2,3,4,8,6,5,4,4,5,2,2,2
gc,svn,galaxium,/trunk/src/Galaxium.Protocol.Irc.Gtk/Commands/SessionMenuCommands.cs,clean,cs,IssueTrue,27481,188,1634,6,2,4,2,3,10,4,2,3,3,9,9,8,5,5,4,9,10,10,9,4,5,9,9,8,6,4,6,6,5,4,6,6,6,6,7,5,9,9,9,8,8,9,6,5,3,1,2,2,7,6,3,3,6,3,3,2,7,6,6,3,3,3
gc,svn,galaxium,/trunk/src/Galaxium.Protocol.Irc.Gtk/Dialogs/ManageNetworksDialog.cs,clean,cs,IssueTrue,27481,188,1634,6,9,4,9,9,2,7,10,10,10,6,5,5,9,10,9,9,10,10,10,9,10,6,5,5,10,10,10,10,10,10,10,10,10,7,8,6,9,9,9,10,10,10,7,6,9,7,9,9,6,8,9,4,4,4,4,3,4,4,5,2,3,3
gc,svn,galaxium,/trunk/src/Galaxium.Protocol.Irc.Gtk/IrcAccountWidget.cs,clean,cs,IssueTrue,27481,188,1634,6,7,5,7,8,5,6,8,9,8,10,10,10,10,10,10,9,10,10,10,9,10,10,10,10,9,9,9,10,10,10,10,9,9,8,8,7,10,10,10,10,10,10,5,8,7,4,6,7,5,7,8,9,9,7,9,9,10,10,10,9,10,10
gc,svn,galaxium,/trunk/src/Galaxium.Protocol.Irc.Gtk/IrcChatWidget.cs,buggy,cs,IssueTrue,27481,188,1634,6,8,10,8,9,10,10,9,9,9,10,10,9,10,10,10,9,10,10,10,10,10,10,10,9,8,7,8,10,10,10,10,10,9,9,9,8,10,10,10,10,10,10,6,7,8,5,9,8,5,7,9,9,8,9,10,10,10,10,10,9,10,10
gc,svn,galaxium,/trunk/src/Galaxium.Protocol.Irc.Gtk/IrcCommandInputHandler.cs,clean,cs,IssueTrue,27481,188,1634,6,5,6,4,3,9,7,7,8,7,6,5,5,5,5,4,9,10,10,9,5,6,6,5,5,6,4,6,6,5,4,6,6,6,4,6,4,9,9,9,9,9,9,10,9,6,5,6,4,6,6,4,3,4,9,7,7,4,4,5,9,8,6
gc,svn,galaxium,/trunk/src/Galaxium.Protocol.Irc.Gtk/IrcContactListView.cs,clean,cs,IssueTrue,27481,188,1634,6,3,4,3,5,9,2,3,4,4,9,9,8,6,6,5,9,10,10,9,3,4,9,9,8,6,4,6,8,7,7,8,7,7,4,6,4,9,9,9,10,10,10,3,3,3,3,6,4,2,2,3,6,4,3,3,2,4,4,5,5,6,6
gc,svn,galaxium,/trunk/src/Galaxium.Protocol.Irc.Gtk/IrcSessionWidget.cs,clean,cs,IssueTrue,27481,188,1634,6,4,5,4,5,9,6,5,6,5,10,10,10,10,10,9,9,10,10,10,8,8,10,10,10,8,7,8,8,8,8,8,8,7,6,7,5,10,10,10,9,9,9,5,5,4,3,4,4,4,5,4,9,10,5,6,7,10,10,10,7,10,9
gc,svn,galaxium,/trunk/src/Galaxium.Protocol.Irc/Dcc/DccConnection.cs,clean,cs,IssueTrue,27481,188,1634,6,6,4,6,5,6,10,8,8,8,10,10,9,9,9,8,9,10,10,10,8,9,10,10,9,8,8,9,8,8,8,8,8,7,7,8,6,10,10,10,9,9,9,9,7,6,6,7,6,7,7,6,4,6,10,9,9,4,4,5,7,7,6
gc,svn,galaxium,/trunk/src/Galaxium.Protocol.Irc/IrcConnection.cs,clean,cs,IssueTrue,27481,188,1634,6,10,10,10,9,6,10,10,10,10,10,10,9,10,10,9,9,10,10,10,10,10,10,10,9,8,8,8,10,10,10,10,10,10,7,8,6,10,10,10,8,8,9,9,10,10,4,6,9,6,10,10,9,9,8,8,10,7,8,9,7,10,9
gc,svn,galaxium,/trunk/src/Galaxium.Protocol.Irc/IrcSession.cs,clean,cs,IssueTrue,27481,188,1634,6,9,4,10,10,2,10,10,10,10,10,10,9,10,10,10,9,10,10,10,9,10,10,10,9,9,9,9,10,10,10,10,10,10,10,10,10,10,9,9,8,8,9,7,9,9,7,9,10,3,6,9,8,9,6,6,7,5,5,5,5,7,7
gc,svn,galaxium,/trunk/src/Galaxium.Protocol.Jabber.Gtk/Dialogs/RegisterServiceDialog.cs,clean,cs,IssueTrue,27481,188,1634,6,5,4,5,5,7,7,6,7,6,6,5,5,6,6,5,9,10,10,10,8,8,6,5,5,9,9,9,8,8,8,8,8,7,8,8,7,9,9,9,10,9,9,6,7,5,6,6,6,5,7,5,4,6,4,4,3,5,5,5,6,8,5
gc,svn,galaxium,/trunk/src/Galaxium.Protocol.Jabber.Gtk/JabberChatWidget.cs,buggy,cs,IssueTrue,27481,188,1634,6,9,10,9,9,9,10,10,10,10,10,10,9,10,10,10,9,10,10,10,10,10,10,10,9,8,7,8,10,10,10,10,10,10,9,9,8,10,10,10,10,10,10,7,8,9,6,8,9,6,9,10,10,9,9,10,10,10,10,10,9,10,10
gc,svn,galaxium,/trunk/src/Galaxium.Protocol.Jabber/Objects/JabberPresence.cs,buggy,cs,IssueTrue,27481,188,1634,6,8,4,8,10,3,10,3,9,9,10,10,10,6,6,10,9,10,10,7,5,9,10,10,10,6,4,6,6,3,8,6,7,8,4,9,9,9,9,9,8,8,9,6,8,9,3,7,8,4,7,9,6,4,4,4,4,4,4,5,3,5,5
gc,svn,galaxium,/trunk/src/Galaxium.Protocol.Msn.Gtk/Commands/ContactListMenuCommands.cs,clean,cs,IssueTrue,27481,188,1634,6,9,5,9,9,2,10,3,5,10,9,9,10,5,5,10,9,10,10,9,5,10,9,9,10,6,4,6,6,5,10,6,6,9,6,7,10,9,9,9,8,8,9,7,8,9,1,3,4,3,6,8,6,9,10,9,9,8,7,8,7,8,6
gc,svn,galaxium,/trunk/src/Galaxium.Protocol.Msn.Gtk/Commands/ConversationToolbarCommands.cs,clean,cs,IssueTrue,27481,188,1634,6,7,4,6,8,5,10,2,6,8,9,9,10,5,6,9,9,10,10,8,7,10,9,9,10,6,4,6,7,7,9,6,7,9,6,8,9,9,9,9,9,9,9,7,8,8,2,5,4,2,4,6,8,9,10,9,10,10,10,10,6,8,7
gc,svn,galaxium,/trunk/src/Galaxium.Protocol.Msn.Gtk/MsnAccountWidget.cs,clean,cs,IssueTrue,27481,188,1634,6,5,5,5,6,7,6,6,7,7,10,10,10,10,10,10,9,10,10,10,7,8,10,10,10,6,6,7,9,9,9,9,8,8,8,8,7,10,10,10,9,9,9,5,5,5,3,5,5,4,3,6,8,8,5,7,7,10,10,10,7,9,8
gc,svn,galaxium,/trunk/src/Galaxium.Protocol.Msn.Gtk/MsnChatWidget.cs,buggy,cs,IssueTrue,27481,188,1634,6,10,9,10,10,4,10,10,10,10,10,10,9,10,10,10,9,10,10,10,10,10,10,10,9,8,8,8,10,10,10,10,10,10,9,10,9,10,10,10,10,10,10,6,8,9,7,9,10,6,9,10,10,10,5,8,9,9,10,10,8,10,10
gc,svn,galaxium,/trunk/src/Galaxium.Protocol.Msn.Gtk/MsnContactTreeManager.cs,clean,cs,IssueTrue,27481,188,1634,6,7,4,7,4,4,10,9,10,9,9,9,8,6,6,4,9,10,10,10,8,8,9,9,8,6,4,6,7,7,7,7,7,7,8,8,7,9,9,9,9,9,9,10,10,8,5,4,4,5,5,5,9,9,3,5,5,7,8,9,5,8,7
gc,svn,galaxium,/trunk/src/Galaxium.Protocol.Msn/MessengerPlusSplitter.cs,clean,cs,IssueTrue,27481,188,1634,6,8,4,8,4,4,7,10,10,10,9,9,8,5,6,4,9,10,10,9,5,6,9,9,8,6,4,6,6,5,4,7,7,7,8,8,7,9,9,9,8,8,9,10,10,9,3,3,3,6,4,4,6,6,9,9,9,10,10,10,8,9,8
gc,svn,galaxium,/trunk/src/Galaxium.Protocol.Msn/P2P/Applications/P2PObjectLookup.cs,clean,cs,IssueTrue,27481,188,1634,6,5,4,4,6,8,6,5,6,6,9,9,8,6,7,5,9,10,10,10,7,8,9,9,8,6,6,7,8,8,8,8,8,8,9,9,8,9,9,9,9,9,9,5,6,5,2,3,4,5,6,6,6,8,9,9,8,7,7,7,6,8,6
gc,svn,galaxium,/trunk/src/Galaxium.Protocol.Msn/P2P/MsnEchoServer.cs,clean,cs,IssueTrue,27481,188,1634,6,5,4,6,5,6,4,3,5,5,7,9,9,6,6,7,9,10,10,9,5,8,7,9,9,8,9,10,7,6,7,7,7,8,6,8,7,9,9,9,9,9,9,4,4,5,6,7,6,8,7,7,4,4,10,10,9,4,4,5,2,3,3
gc,svn,galaxium,/trunk/src/Galaxium.Protocol.Msn/P2P/MsnP2PSession.Direct.cs,clean,cs,IssueTrue,27481,188,1634,6,8,6,8,5,4,9,8,9,9,6,5,5,6,7,5,9,10,10,10,8,8,6,5,5,7,7,7,8,8,8,8,8,8,3,4,3,9,9,9,10,10,10,9,9,7,3,5,5,8,8,8,9,9,9,9,10,7,7,9,6,9,8
gc,svn,galaxium,/trunk/src/Galaxium.Protocol/Abstract/AbstractConversation.cs,clean,cs,IssueTrue,27481,188,1634,6,7,4,7,9,5,7,9,9,9,6,5,5,8,9,7,10,10,10,10,7,8,6,5,5,9,9,9,10,10,10,9,9,9,9,9,8,10,10,10,9,9,9,5,6,8,4,5,8,3,6,7,6,4,3,3,2,8,8,8,6,7,6
gc,svn,galaxium,/trunk/src/Galaxium.Protocol/Abstract/AbstractEntity.cs,clean,cs,IssueTrue,27481,188,1634,6,8,5,8,10,4,4,7,8,7,9,9,8,8,8,7,9,10,10,9,5,6,9,9,8,10,10,10,9,9,9,9,9,9,9,9,8,10,10,10,8,8,9,5,7,9,5,7,9,3,6,8,6,8,4,5,4,4,4,5,3,5,5
gc,svn,galaxium,/trunk/src/Galaxium.Protocol/Abstract/AbstractSession.cs,clean,cs,IssueTrue,27481,188,1634,6,8,4,8,10,3,4,10,10,10,9,9,8,10,10,9,10,10,10,10,9,9,9,9,8,8,8,8,10,10,10,10,10,10,10,10,10,10,10,10,9,9,9,4,4,9,5,8,10,1,4,7,4,6,3,3,2,7,6,6,3,3,3
gc,svn,galaxium,/trunk/src/Galaxium.Protocol/Implementations/Message.cs,buggy,cs,IssueTrue,27481,188,1634,6,8,5,8,9,4,10,8,10,9,9,9,10,6,8,7,9,10,10,9,8,9,9,9,10,7,8,8,6,5,6,8,9,8,8,10,9,9,9,9,9,10,10,8,9,9,7,10,9,4,7,8,7,6,6,7,7,6,7,7,5,8,6
gc,svn,galaxium,/trunk/src/Galaxium.Protocol/Implementations/SQLiteConversationLog.cs,buggy,cs,IssueTrue,27481,188,1634,6,9,4,8,7,3,10,8,9,8,6,5,5,7,7,6,9,10,10,10,7,8,6,5,5,9,9,9,9,9,9,9,8,8,9,9,8,9,9,9,10,10,10,7,6,7,7,8,8,9,8,9,3,4,7,5,5,4,4,5,2,2,2
gc,svn,galaxium,/trunk/src/Galaxium.Protocol/Implementations/SocksSocket.cs,clean,cs,IssueTrue,27481,188,1634,6,6,8,6,3,9,6,6,7,6,6,5,5,5,5,4,9,10,10,9,5,7,6,5,5,6,4,6,6,3,3,6,6,6,4,6,4,9,9,9,9,9,9,10,9,5,8,7,4,9,8,4,6,6,3,3,3,6,6,7,8,9,7
gc,svn,galaxium,/trunk/src/Galaxium.Protocol/Implementations/TCPConnection.cs,buggy,cs,IssueTrue,27481,188,1634,6,9,5,8,8,3,10,7,9,9,7,9,9,6,8,8,10,10,10,10,9,9,7,9,9,7,7,8,8,9,9,8,9,9,7,9,8,10,10,10,8,8,9,6,7,9,4,9,8,4,7,9,8,9,8,8,9,8,8,9,6,9,8
gc,svn,galaxium,/trunk/src/Galaxium.Protocol/Implementations/TunnelSocket.cs,clean,cs,IssueTrue,27481,188,1634,6,4,5,3,3,9,4,4,5,4,6,5,5,5,5,4,9,10,10,9,5,7,6,5,5,6,4,6,6,3,3,6,6,6,4,6,4,9,9,9,9,9,9,9,7,4,7,7,3,9,8,4,6,6,7,7,7,9,9,9,8,9,8
gc,svn,galaxium,/trunk/src/Galaxium.Protocol/Interfaces/IConversation.cs,clean,cs,IssueTrue,27481,188,1634,6,2,4,2,1,10,2,1,1,1,9,9,8,5,5,4,10,10,10,9,3,5,9,9,8,6,4,6,6,2,2,6,6,6,3,4,3,9,9,9,8,8,9,1,1,2,1,2,2,1,2,2,3,4,3,3,2,4,4,5,3,3,3
gc,svn,galaxium,/trunk/src/Galaxium.Protocol/Utilities/AccountUtility.cs,clean,cs,IssueTrue,27481,188,1634,6,6,4,6,7,5,7,8,9,8,6,5,5,8,8,7,9,10,10,10,7,8,6,5,5,6,4,6,6,2,2,9,9,8,10,10,9,9,9,9,9,9,9,7,6,8,6,7,8,4,4,7,4,8,7,6,6,4,4,5,4,6,4
gc,svn,galaxium,/trunk/src/Galaxium.Protocol/Utilities/ConversationLogUtility.cs,clean,cs,IssueTrue,27481,188,1634,6,8,4,8,8,3,10,9,9,9,6,5,5,7,7,6,9,10,10,10,8,9,6,5,5,6,4,6,6,2,2,8,8,8,8,8,7,9,9,9,10,9,9,8,8,8,6,6,8,7,8,9,3,4,3,3,2,10,8,9,2,2,2
gc,svn,galaxium,/trunk/src/Galaxium.Protocol/Utilities/NetworkUtility.cs,buggy,cs,IssueTrue,27481,188,1634,6,6,5,6,6,7,6,6,7,7,6,5,5,6,6,5,9,10,10,9,5,6,6,5,5,6,4,6,6,2,2,8,7,7,8,8,7,9,9,9,9,9,9,6,6,6,6,5,7,5,6,6,8,6,4,5,5,6,7,7,10,10,10
gc,svn,galaxium,/trunk/src/Galaxium.Protocol/Utilities/SessionUtility.cs,buggy,cs,IssueTrue,27481,188,1634,6,6,4,6,8,5,9,5,7,7,7,9,9,6,7,7,9,10,10,9,7,8,7,9,9,6,4,6,6,3,3,7,8,8,8,9,8,9,9,9,8,8,9,6,6,7,9,10,9,3,4,6,3,4,3,3,2,4,4,5,3,3,3
gc,svn,galaxium,/trunk/src/Galaxium.Startup/GLibLogging.cs,clean,cs,IssueTrue,27481,188,1634,6,4,2,4,5,2,4,5,6,6,6,5,5,5,6,4,9,10,10,10,6,7,6,5,5,6,4,6,6,2,2,7,7,7,3,4,3,9,9,9,10,10,10,8,7,5,6,7,5,7,6,6,3,4,3,3,2,4,4,5,5,5,4
gc,svn,galaxium,/trunk/src/Galaxium.WebKit/WebKitHTMLWidget.cs,clean,cs,IssueTrue,27481,188,1634,6,5,4,5,6,7,4,6,7,7,9,9,8,7,7,6,9,10,10,10,7,8,9,9,8,7,7,7,9,9,8,8,8,8,8,8,7,10,10,10,9,9,9,6,6,6,2,5,5,2,3,5,6,6,4,5,5,7,8,8,2,2,2
gc,svn,galaxium,/trunk/src/Libraries/libgalaxium/GStreamer/video.c,clean,cs,IssueTrue,27481,188,1634,6,8,7,9,8,5,6,1,1,1,1,1,2,4,4,3,9,10,10,6,2,1,1,1,2,6,4,6,6,2,2,6,6,6,3,4,3,9,9,9,8,8,9,7,9,8,8,8,9,8,10,9,10,9,9,9,10,9,9,10,7,8,9
gc,svn,galaxium,/trunk/src/Libraries/libgalaxium/devices.c,clean,cs,IssueTrue,27481,188,1634,6,8,6,8,4,4,9,1,1,1,1,1,2,4,4,3,9,10,10,6,2,1,1,1,2,6,4,6,6,2,2,6,6,6,3,4,3,9,9,9,8,8,9,10,8,7,7,5,5,10,9,9,6,6,4,5,4,4,4,5,9,10,9
gc,svn,galaxium,/trunk/src/Libraries/libgalaxium/libgalaxium.h,clean,cs,IssueTrue,27481,188,1634,6,4,4,4,1,9,2,1,1,1,1,1,2,4,4,3,9,10,10,6,2,1,1,1,2,10,10,10,6,2,2,6,6,6,3,4,3,9,9,9,8,8,9,1,1,2,1,2,2,1,2,2,9,6,5,6,7,5,6,6,3,5,6
