Host,Vcs,Project,File,Buggy,PL,IssueTracking,TLOC,TNF,TNC,TND,LOC,CL,NStmt,NFunc,RCC,MNL,avg_WMC,max_WMC,total_WMC,avg_DIT,max_DIT,total_DIT,avg_RFC,max_RFC,total_RFC,avg_NOC,max_NOC,total_NOC,avg_CBO,max_CBO,total_CBO,avg_DIT.1,max_DIT.1,total_DIT.1,avg_NIV,max_NIV,total_NIV,avg_NIM,max_NIM,total_NIM,avg_NOM,max_NOM,total_NOM,avg_NPBM,max_NPBM,total_NPBM,avg_NPM,max_NPM,total_NPM,avg_NPRM,max_NPRM,total_NPRM,avg_CC,max_CC,total_CC,avg_FANIN,max_FANIN,total_FANIN,avg_FANOUT,max_FANOUT,total_FANOUT,NRev,NFix,avg_AddedLOC,max_AddedLOC,total_AddedLOC,avg_DeletedLOC,max_DeletedLOC,total_DeletedLOC,avg_ModifiedLOC,max_ModifiedLOC,total_ModifiedLOC
sf,cvs,geogebra,geogebra/geogebra/geogebra/Attic/JarManager.java,buggy,java,IssueFalse,153636,615,17097,18,8,10,8,6,6,7,9,7,8,7,6,7,8,8,8,9,9,9,10,10,9,7,6,7,10,9,9,8,8,7,8,8,7,8,7,7,9,9,9,10,10,10,8,7,9,9,7,8,8,6,8,9,9,9,9,9,9,9,10,10,10,10
sf,cvs,geogebra,geogebra/geogebra/geogebra/GeoGebra.java,buggy,java,IssueFalse,153636,615,17097,18,2,3,3,1,6,4,3,1,2,7,6,7,6,6,6,9,9,9,8,7,6,7,6,7,6,6,3,1,1,1,2,2,2,2,2,2,9,9,9,9,9,9,7,6,3,7,3,3,9,5,3,10,10,3,8,9,5,9,9,5,8,10
sf,cvs,geogebra,geogebra/geogebra/geogebra/GeoGebraApplet.java,buggy,java,IssueFalse,153636,615,17097,18,8,8,8,10,3,7,7,8,9,9,10,10,10,10,10,9,9,9,5,8,8,9,10,10,6,8,7,9,10,10,9,10,10,9,10,10,9,9,9,9,9,9,4,6,9,4,10,9,4,6,9,10,10,8,9,10,9,10,10,8,10,10
sf,cvs,geogebra,geogebra/geogebra/geogebra/JavaScriptAPI.java,clean,java,IssueFalse,153636,615,17097,18,4,10,5,10,10,2,9,8,8,5,4,5,9,9,9,10,10,10,2,1,2,5,4,5,6,6,3,10,10,10,10,10,10,10,10,10,9,9,9,8,8,9,3,3,9,1,1,2,1,2,4,9,8,8,8,9,6,7,7,2,6,4
sf,cvs,geogebra,geogebra/geogebra/geogebra/cas/CASparser.java,clean,java,IssueFalse,153636,615,17097,18,2,4,3,2,8,4,3,2,2,7,6,7,6,6,7,9,9,9,6,5,4,7,6,7,7,7,5,5,5,3,5,4,3,6,5,5,9,9,9,8,8,9,4,4,3,7,4,4,4,3,3,4,5,4,4,3,5,5,5,2,2,2
sf,cvs,geogebra,geogebra/geogebra/geogebra/cas/GeoGebraCAS.java,buggy,java,IssueFalse,153636,615,17097,18,8,10,8,6,6,10,9,7,8,7,6,7,8,8,8,9,9,9,10,10,8,7,6,7,10,9,9,9,8,8,8,8,7,8,8,8,9,9,9,10,10,10,8,8,9,7,5,7,9,7,8,10,8,10,10,10,10,10,10,10,10,10
sf,cvs,geogebra,geogebra/geogebra/geogebra/cas/view/CASInputPanel.java,clean,java,IssueFalse,153636,615,17097,18,3,1,3,3,2,4,4,2,2,10,10,10,10,10,10,9,9,9,6,5,4,10,10,10,6,6,4,6,5,4,5,4,3,6,6,5,9,9,9,8,8,9,4,4,4,5,3,4,5,5,4,6,5,5,5,5,8,7,7,9,8,8
sf,cvs,geogebra,geogebra/geogebra/geogebra/cas/view/CASSubDialog.java,clean,java,IssueFalse,153636,615,17097,18,5,2,6,2,3,6,5,3,3,10,10,10,10,10,10,9,9,9,10,9,8,10,10,10,10,10,9,5,4,3,4,3,2,3,3,3,10,9,9,9,9,9,8,7,5,10,8,5,10,9,6,8,5,8,8,8,10,10,10,10,10,10
sf,cvs,geogebra,geogebra/geogebra/geogebra/cas/view/CASTable.java,clean,java,IssueFalse,153636,615,17097,18,6,8,6,6,6,6,8,5,6,10,10,10,10,10,10,9,9,9,10,9,7,10,10,10,9,8,8,9,8,7,8,8,7,9,8,8,9,9,9,8,8,9,5,5,7,8,7,7,6,8,7,8,5,10,9,10,10,10,10,10,10,10
sf,cvs,geogebra,geogebra/geogebra/geogebra/cas/view/CASTableCell.java,clean,java,IssueFalse,153636,615,17097,18,4,1,4,4,1,7,6,3,4,10,10,10,10,10,10,9,9,9,9,8,6,10,10,10,8,8,7,7,6,5,7,6,5,7,7,6,9,9,9,8,8,9,5,6,5,4,4,4,6,7,5,7,5,8,7,7,10,10,10,10,10,9
sf,cvs,geogebra,geogebra/geogebra/geogebra/cas/view/CASTableCellController.java,clean,java,IssueFalse,153636,615,17097,18,4,4,4,3,5,6,7,4,4,7,6,7,7,7,7,9,9,9,8,7,5,7,6,7,8,8,7,6,5,4,5,5,4,5,5,4,9,9,9,10,9,9,8,8,6,6,5,4,7,6,5,8,5,9,10,9,10,10,10,10,10,10
sf,cvs,geogebra,geogebra/geogebra/geogebra/cas/view/CASTableCellValue.java,clean,java,IssueFalse,153636,615,17097,18,4,1,4,5,2,4,6,3,4,7,6,7,7,7,7,9,9,9,4,3,3,7,6,7,8,8,7,8,7,6,8,7,6,8,8,7,9,9,9,8,8,9,4,4,5,6,5,6,4,4,5,6,5,8,7,7,9,9,8,10,9,8
sf,cvs,geogebra,geogebra/geogebra/geogebra/cas/view/CASView.java,clean,java,IssueFalse,153636,615,17097,18,8,9,8,8,4,7,5,6,8,7,10,10,10,10,10,9,9,9,7,10,10,7,10,10,6,8,8,5,8,9,5,8,8,5,8,9,9,9,9,9,9,9,6,9,9,4,7,7,7,9,8,9,5,10,10,10,10,10,10,10,10,10
sf,cvs,geogebra,geogebra/geogebra/geogebra/cas/view/RowHeaderListener.java,clean,java,IssueFalse,153636,615,17097,18,3,4,3,3,6,4,5,2,3,8,8,8,7,7,7,9,9,9,7,6,4,8,8,8,8,8,7,6,5,4,5,4,3,6,6,5,9,9,9,8,8,9,5,5,4,5,3,3,7,6,4,3,5,3,3,2,6,5,5,6,5,4
sf,cvs,geogebra,geogebra/geogebra/geogebra/cas/view/RowHeaderPopupMenu.java,clean,java,IssueFalse,153636,615,17097,18,3,1,4,2,1,6,4,2,3,10,10,10,10,10,10,9,9,9,7,6,4,10,10,10,8,7,6,4,4,3,3,3,2,3,3,3,10,9,9,8,8,9,8,7,4,7,3,3,9,6,4,3,5,3,3,2,4,4,4,6,5,4
sf,cvs,geogebra,geogebra/geogebra/geogebra/cas/view/RowHeaderRenderer.java,clean,java,IssueFalse,153636,615,17097,18,3,1,3,1,1,4,3,1,2,10,10,10,10,10,10,9,9,9,5,5,3,10,10,10,7,7,5,3,3,2,2,2,2,3,3,3,9,9,9,8,8,9,7,6,3,9,5,3,10,5,3,4,5,3,4,3,4,4,4,6,6,5
sf,cvs,geogebra,geogebra/geogebra/geogebra/cas/view/TableCellMouseListener.java,clean,java,IssueFalse,153636,615,17097,18,4,2,4,2,4,7,5,3,3,8,8,8,7,7,7,9,9,9,8,7,5,8,8,8,6,6,4,5,4,3,4,3,2,5,5,4,9,9,9,8,8,9,8,8,5,5,4,3,9,9,4,6,5,7,7,6,5,6,6,7,8,6
sf,cvs,geogebra,geogebra/geogebra/geogebra/cas/view/components/CasToolBar.java,clean,java,IssueFalse,153636,615,17097,18,2,5,2,2,8,4,4,2,2,7,6,7,6,6,6,9,9,9,4,3,3,7,6,7,6,6,3,1,1,1,3,3,2,4,4,3,9,9,9,8,8,9,8,6,4,7,3,3,4,3,3,3,5,10,8,6,7,6,6,6,5,4
sf,cvs,geogebra,geogebra/geogebra/geogebra/cas/view/components/Command_ABS.java,clean,java,IssueFalse,153636,615,17097,18,1,2,1,1,9,4,2,1,1,7,6,7,6,6,6,9,9,9,3,3,2,7,6,7,6,6,3,3,3,2,2,2,2,3,3,3,9,9,9,8,8,9,5,4,3,3,3,2,2,2,2,3,5,7,5,4,4,4,4,8,6,5
sf,cvs,geogebra,geogebra/geogebra/geogebra/euclidian/DrawBoolean.java,clean,java,IssueFalse,153636,615,17097,18,6,9,6,5,8,7,6,3,5,7,8,9,8,8,9,9,9,9,5,7,6,7,8,9,8,8,8,6,6,6,5,6,6,6,7,7,9,9,9,9,9,9,6,8,7,7,7,6,6,6,6,9,5,7,8,7,10,10,10,8,9,9
sf,cvs,geogebra,geogebra/geogebra/geogebra/euclidian/DrawConic.java,buggy,java,IssueFalse,153636,615,17097,18,9,9,9,6,4,7,10,9,9,8,8,8,9,9,8,9,9,9,10,10,9,8,8,8,10,10,10,9,8,8,9,8,7,8,8,7,9,9,9,10,10,10,10,10,10,10,10,9,10,9,9,4,5,4,4,3,4,4,4,4,3,3
sf,cvs,geogebra,geogebra/geogebra/geogebra/euclidian/DrawConicPart.java,clean,java,IssueFalse,153636,615,17097,18,8,7,8,6,3,7,9,7,8,8,8,8,9,8,8,9,9,9,10,10,8,8,8,8,10,10,10,9,8,7,8,8,7,8,8,7,9,9,9,10,10,10,9,8,9,10,8,8,9,8,8,7,5,4,5,4,5,5,5,2,3,4
sf,cvs,geogebra,geogebra/geogebra/geogebra/euclidian/DrawImage.java,clean,java,IssueFalse,153636,615,17097,18,7,7,7,4,4,9,8,5,6,8,8,8,8,8,8,9,9,9,9,9,7,8,8,8,10,10,9,7,6,5,7,6,5,7,7,6,9,9,9,8,8,9,9,9,8,9,9,6,9,10,7,6,5,9,8,7,4,4,4,7,6,5
sf,cvs,geogebra,geogebra/geogebra/geogebra/euclidian/DrawIntegral.java,clean,java,IssueFalse,153636,615,17097,18,4,3,5,3,4,6,6,3,4,8,8,8,8,8,8,9,9,9,8,7,6,8,8,8,9,8,8,6,6,5,6,5,4,7,6,6,9,9,9,8,8,9,6,6,5,8,8,5,8,7,6,4,5,3,3,2,4,4,4,4,3,3
sf,cvs,geogebra,geogebra/geogebra/geogebra/euclidian/DrawIntegralFunctions.java,clean,java,IssueFalse,153636,615,17097,18,4,3,5,3,4,6,6,3,4,8,8,8,8,8,8,9,9,9,8,7,6,8,8,8,9,9,8,6,6,5,6,5,4,7,6,6,9,9,9,8,8,9,6,6,5,7,8,5,9,8,6,4,5,3,3,2,4,4,4,4,3,3
sf,cvs,geogebra,geogebra/geogebra/geogebra/euclidian/DrawLine.java,clean,java,IssueFalse,153636,615,17097,18,7,8,8,5,4,7,9,6,7,8,8,8,9,8,8,9,9,9,9,9,7,8,8,8,10,10,10,8,8,7,8,7,6,8,7,7,9,9,9,10,10,10,8,8,8,10,9,8,9,8,8,6,5,8,8,7,5,5,5,2,3,3
sf,cvs,geogebra,geogebra/geogebra/geogebra/euclidian/DrawList.java,clean,java,IssueFalse,153636,615,17097,18,5,6,6,4,5,7,8,5,6,8,8,8,8,8,8,9,9,9,5,5,3,8,8,8,8,7,6,7,6,5,7,6,5,7,6,6,9,9,9,9,9,9,8,7,7,6,4,5,7,5,5,7,8,3,3,2,5,6,6,8,8,7
sf,cvs,geogebra,geogebra/geogebra/geogebra/euclidian/DrawLocus.java,buggy,java,IssueFalse,153636,615,17097,18,4,3,5,4,4,7,7,4,4,8,8,8,8,8,8,9,9,9,8,7,6,8,8,8,8,8,7,7,6,5,6,5,4,7,6,6,9,9,9,9,9,9,7,6,6,8,7,5,8,6,6,4,5,3,3,2,4,4,4,4,3,3
sf,cvs,geogebra,geogebra/geogebra/geogebra/euclidian/DrawParametricCurve.java,buggy,java,IssueFalse,153636,615,17097,18,8,10,9,6,7,10,9,7,8,8,8,8,9,9,8,9,9,9,9,8,6,8,8,8,8,8,7,7,6,5,9,8,7,8,7,7,9,9,9,10,10,10,9,10,9,10,9,8,8,8,8,8,10,7,8,7,6,6,7,8,8,8
sf,cvs,geogebra,geogebra/geogebra/geogebra/euclidian/DrawPoint.java,clean,java,IssueFalse,153636,615,17097,18,6,7,6,4,5,6,8,5,6,8,8,8,8,8,8,9,9,9,9,8,7,8,8,8,10,9,9,7,6,5,6,5,4,7,6,6,9,9,9,8,8,9,9,9,7,10,9,7,9,9,6,8,8,7,6,7,9,8,9,8,7,8
sf,cvs,geogebra,geogebra/geogebra/geogebra/euclidian/DrawPolygon.java,clean,java,IssueFalse,153636,615,17097,18,5,4,6,5,4,7,7,5,5,8,8,8,8,8,8,9,9,9,8,7,5,8,8,8,9,8,8,8,7,6,7,7,5,8,7,7,9,9,9,8,8,9,7,7,7,8,7,6,7,7,6,8,8,6,6,6,6,7,7,2,5,5
sf,cvs,geogebra,geogebra/geogebra/geogebra/euclidian/DrawRay.java,clean,java,IssueFalse,153636,615,17097,18,6,6,7,5,4,7,8,5,6,8,8,8,9,8,8,9,9,9,10,9,7,8,8,8,9,9,8,8,8,7,8,7,6,8,8,7,9,9,9,9,9,9,7,8,7,9,9,7,7,8,7,8,8,8,9,8,6,7,7,5,6,7
sf,cvs,geogebra,geogebra/geogebra/geogebra/euclidian/DrawSegment.java,clean,java,IssueFalse,153636,615,17097,18,7,7,8,5,4,7,8,6,7,8,8,8,8,8,8,9,9,9,10,9,8,8,8,8,10,9,9,8,7,6,8,7,6,8,7,7,9,9,9,8,8,9,9,9,8,10,9,7,8,9,7,8,8,8,8,7,6,7,7,5,6,7
sf,cvs,geogebra,geogebra/geogebra/geogebra/euclidian/DrawText.java,buggy,java,IssueFalse,153636,615,17097,18,5,9,6,4,8,7,7,4,5,8,8,8,8,8,8,9,9,9,8,7,6,8,8,8,10,9,9,7,6,5,7,6,5,7,7,6,9,9,9,9,9,9,7,8,6,9,9,6,9,9,7,8,8,4,4,5,8,8,8,5,6,6
sf,cvs,geogebra,geogebra/geogebra/geogebra/euclidian/DrawUpperLowerSum.java,clean,java,IssueFalse,153636,615,17097,18,7,6,8,4,3,7,8,5,6,8,8,8,8,8,8,9,9,9,9,8,6,8,8,8,10,9,9,7,6,5,7,6,5,7,6,6,9,9,9,9,9,9,8,8,7,9,9,6,10,8,7,6,5,9,9,8,4,4,4,6,6,6
sf,cvs,geogebra,geogebra/geogebra/geogebra/euclidian/DrawVector.java,clean,java,IssueFalse,153636,615,17097,18,6,6,7,5,4,7,8,5,6,8,8,8,8,8,8,9,9,9,10,9,7,8,8,8,10,10,10,8,7,7,8,7,6,8,7,7,9,9,9,9,9,9,7,8,7,10,9,8,9,9,8,6,5,9,9,8,8,7,8,4,5,4
sf,cvs,geogebra,geogebra/geogebra/geogebra/euclidian/Drawable.java,clean,java,IssueFalse,153636,615,17097,18,8,10,9,7,7,10,9,8,9,7,6,7,8,8,8,10,10,10,10,10,8,7,6,7,10,10,10,9,8,8,9,8,7,8,8,8,10,10,10,9,9,9,9,9,9,10,9,9,8,8,8,10,5,10,10,10,10,10,10,10,10,10
sf,cvs,geogebra,geogebra/geogebra/geogebra/euclidian/EuclidianConstants.java,clean,java,IssueFalse,153636,615,17097,18,4,1,4,1,1,2,2,1,1,5,4,5,5,5,5,10,10,10,1,1,1,5,4,5,6,6,3,1,1,1,1,1,1,1,1,1,9,9,9,8,8,9,1,1,2,1,1,2,1,1,2,6,5,5,5,5,4,4,4,2,3,4
sf,cvs,geogebra,geogebra/geogebra/geogebra/euclidian/EuclidianController.java,buggy,java,IssueFalse,153636,615,17097,18,10,10,10,10,4,10,10,10,10,7,6,7,10,10,10,10,10,10,10,10,10,7,6,7,10,10,10,10,10,10,10,10,10,9,9,8,10,10,10,10,10,10,10,10,10,10,10,10,10,10,10,10,10,3,3,2,4,4,4,2,2,2
sf,cvs,geogebra,geogebra/geogebra/geogebra/euclidian/EuclidianView.java,buggy,java,IssueFalse,153636,615,17097,18,10,10,10,10,4,10,10,10,10,7,10,10,10,10,10,9,9,9,10,10,10,7,10,10,10,10,10,10,10,10,10,10,10,9,10,10,10,10,10,9,10,10,8,10,10,10,10,10,6,10,10,10,10,3,3,2,4,4,4,2,2,2
sf,cvs,geogebra,geogebra/geogebra/geogebra/euclidian/EuclidianViewInterface.java,clean,java,IssueFalse,153636,615,17097,18,3,7,4,9,8,2,9,6,7,5,4,5,8,8,8,10,10,10,7,6,4,5,4,5,6,6,3,10,10,10,10,10,9,9,9,9,9,9,9,8,8,9,3,3,8,5,7,8,1,2,4,8,5,7,8,8,8,9,8,2,6,6
sf,cvs,geogebra,geogebra/geogebra/geogebra/euclidian/Hits.java,clean,java,IssueFalse,153636,615,17097,18,6,9,6,5,8,9,8,6,7,10,10,9,9,9,9,10,10,10,5,5,3,10,10,9,8,8,7,8,8,7,8,7,6,8,8,8,10,10,10,8,8,9,8,8,8,9,8,7,6,5,7,8,5,6,7,7,5,6,6,5,8,7
sf,cvs,geogebra,geogebra/geogebra/geogebra/export/GraphicExportDialog.java,clean,java,IssueFalse,153636,615,17097,18,9,9,9,7,4,7,4,7,8,7,10,10,9,10,10,9,9,9,5,10,10,7,10,10,7,10,9,4,8,8,2,8,8,3,6,8,9,9,9,9,10,10,8,7,9,9,9,8,9,9,9,8,8,7,7,7,6,7,7,8,8,8
sf,cvs,geogebra,geogebra/geogebra/geogebra/export/WorksheetExportDialog.java,buggy,java,IssueFalse,153636,615,17097,18,9,9,9,6,3,6,3,6,7,7,10,10,9,10,10,9,9,9,7,10,10,7,10,10,7,10,10,4,7,8,2,7,7,2,3,6,9,9,9,9,10,10,7,9,8,10,9,8,10,9,9,8,9,9,9,9,9,9,9,9,9,9
sf,cvs,geogebra,geogebra/geogebra/geogebra/export/epsgraphics/EpsGraphics2D.java,clean,java,IssueFalse,153636,615,17097,18,9,10,10,10,7,9,10,9,10,10,9,9,10,10,10,9,9,9,10,10,10,10,9,9,10,9,9,10,10,10,10,10,10,10,10,10,10,9,9,10,10,10,5,9,10,7,9,10,5,8,10,6,5,3,3,2,6,6,6,5,5,6
sf,cvs,geogebra,geogebra/geogebra/geogebra/export/pstricks/ExportFrame.java,clean,java,IssueFalse,153636,615,17097,18,8,8,8,6,4,9,5,4,7,9,10,10,10,10,10,9,9,9,7,8,9,9,10,10,10,10,10,5,7,7,4,7,6,4,6,7,10,10,10,8,8,9,8,10,8,8,9,7,9,10,8,3,5,6,4,4,8,7,6,2,2,2
sf,cvs,geogebra,geogebra/geogebra/geogebra/export/pstricks/GeoGebraExport.java,clean,java,IssueFalse,153636,615,17097,18,9,9,10,9,3,9,10,9,10,7,6,7,9,9,9,10,10,10,10,10,10,7,6,7,10,10,10,10,10,10,10,10,10,5,5,4,10,10,10,9,9,9,7,10,10,7,10,9,4,10,9,6,5,5,5,4,7,6,6,5,5,4
sf,cvs,geogebra,geogebra/geogebra/geogebra/export/pstricks/GeoGebraToPgf.java,buggy,java,IssueFalse,153636,615,17097,18,10,10,10,8,2,10,10,10,10,8,8,8,10,10,9,9,9,9,10,10,10,8,8,8,7,7,5,10,10,9,10,9,9,3,3,3,10,10,10,10,10,10,10,10,10,10,10,10,10,10,10,8,9,3,3,2,4,4,4,2,2,2
sf,cvs,geogebra,geogebra/geogebra/geogebra/export/pstricks/GeoGebraToPstricks.java,buggy,java,IssueFalse,153636,615,17097,18,10,10,10,8,3,9,10,10,10,8,8,8,10,10,9,9,9,9,10,10,10,8,8,8,6,6,4,10,10,9,10,9,9,3,3,3,10,10,10,10,10,10,10,9,10,10,9,10,10,10,10,6,5,3,3,2,4,4,4,2,2,2
sf,cvs,geogebra,geogebra/geogebra/geogebra/gui/Attic/JavaScriptDialog.java,clean,java,IssueFalse,153636,615,17097,18,6,5,6,5,4,6,7,5,5,10,10,10,10,10,10,9,9,9,10,10,9,10,10,10,10,10,10,8,7,7,8,7,6,8,8,7,9,9,9,9,9,9,6,6,7,5,8,5,7,9,6,3,5,3,3,2,6,5,5,2,2,2
sf,cvs,geogebra,geogebra/geogebra/geogebra/gui/Attic/PropertiesDialogGeoElement.java,clean,java,IssueFalse,153636,615,17097,18,10,10,10,10,4,9,6,7,10,10,10,10,10,10,10,10,10,10,8,10,10,10,10,10,8,10,10,5,9,10,5,8,10,4,9,10,9,9,9,9,10,10,8,9,10,7,10,10,9,10,10,10,10,3,3,2,4,4,4,2,2,2
sf,cvs,geogebra,geogebra/geogebra/geogebra/gui/ContextMenuGeoElement.java,clean,java,IssueFalse,153636,615,17097,18,8,9,9,8,4,4,2,6,8,7,10,10,8,10,10,9,10,10,5,10,10,7,10,10,6,8,8,3,7,9,2,6,8,2,2,9,9,9,9,9,10,10,7,9,9,6,5,8,8,10,9,9,9,4,6,6,6,8,8,8,8,9
sf,cvs,geogebra,geogebra/geogebra/geogebra/gui/ContextMenuGraphicsWindow.java,clean,java,IssueFalse,153636,615,17097,18,6,5,6,3,4,7,3,3,4,9,10,10,10,10,10,9,9,9,6,7,8,9,10,10,6,7,6,4,5,5,2,4,4,2,3,4,9,9,9,9,10,10,7,6,6,6,4,4,10,9,7,4,8,3,4,3,5,5,5,5,5,4
sf,cvs,geogebra,geogebra/geogebra/geogebra/gui/DefaultGuiManager.java,buggy,java,IssueFalse,153636,615,17097,18,10,10,10,10,4,10,8,10,10,7,6,10,8,10,10,9,9,9,9,10,10,7,6,10,8,10,10,8,10,10,8,10,10,8,10,10,9,9,9,9,10,10,7,9,10,6,7,10,7,10,10,10,10,3,3,2,4,4,4,2,2,2
sf,cvs,geogebra,geogebra/geogebra/geogebra/gui/InputDialog.java,clean,java,IssueFalse,153636,615,17097,18,7,4,7,7,3,6,5,6,6,9,10,10,10,10,10,10,10,10,8,10,9,9,10,10,9,10,10,6,8,8,6,8,7,6,8,8,10,10,10,8,8,9,5,7,8,9,10,8,6,9,7,6,8,9,7,7,8,8,7,7,7,6
sf,cvs,geogebra,geogebra/geogebra/geogebra/gui/MathTextField.java,clean,java,IssueFalse,153636,615,17097,18,6,8,6,2,5,7,9,7,8,10,10,10,10,10,10,10,10,10,6,5,4,10,10,10,6,6,3,5,4,3,4,3,2,5,5,4,9,9,9,8,8,9,10,10,9,3,4,3,9,8,4,8,5,6,6,6,7,7,7,2,3,4
sf,cvs,geogebra,geogebra/geogebra/geogebra/gui/OptionsDefaults.java,clean,java,IssueFalse,153636,615,17097,18,6,8,7,3,6,6,5,2,3,10,10,10,10,10,10,9,9,9,10,9,7,10,10,10,10,10,10,6,5,4,5,5,4,6,5,5,9,9,9,9,9,9,5,6,4,10,10,7,10,9,7,4,8,5,4,4,7,6,6,10,9,8
sf,cvs,geogebra,geogebra/geogebra/geogebra/gui/OptionsDialog.java,clean,java,IssueFalse,153636,615,17097,18,7,9,7,8,7,4,4,4,7,10,10,10,10,10,10,9,9,9,6,9,9,10,10,10,7,9,9,6,8,9,5,7,8,4,7,8,10,10,10,9,9,9,4,5,8,6,8,8,5,9,8,7,9,10,10,10,9,9,9,10,10,10
sf,cvs,geogebra,geogebra/geogebra/geogebra/gui/OptionsEuclidian.java,clean,java,IssueFalse,153636,615,17097,18,9,8,9,5,2,7,8,5,8,10,10,10,10,10,10,9,9,9,10,10,10,10,10,10,10,10,10,6,7,7,6,6,6,6,6,7,9,9,9,9,10,10,9,9,9,10,9,8,10,10,9,3,5,3,3,2,9,7,7,2,2,2
sf,cvs,geogebra,geogebra/geogebra/geogebra/gui/OptionsFont.java,clean,java,IssueFalse,153636,615,17097,18,6,5,6,3,4,6,6,3,4,10,10,10,10,10,10,9,9,9,9,8,7,10,10,10,10,9,9,6,5,4,5,4,3,6,5,5,9,9,9,9,9,9,8,6,5,10,8,6,10,10,7,6,8,9,9,8,9,7,8,9,9,8
sf,cvs,geogebra,geogebra/geogebra/geogebra/gui/PropertiesDialog.java,clean,java,IssueFalse,153636,615,17097,18,9,10,9,9,6,9,6,7,9,9,10,10,10,10,10,9,9,9,7,10,10,9,10,10,7,9,9,7,9,10,6,8,9,6,9,10,9,9,9,9,10,10,6,7,10,5,8,8,7,10,10,4,5,10,8,8,10,9,9,10,10,10
sf,cvs,geogebra,geogebra/geogebra/geogebra/gui/PropertiesDialogGraphicsWindow.java,clean,java,IssueFalse,153636,615,17097,18,9,8,9,6,2,7,8,6,8,10,10,10,10,10,10,9,9,9,10,10,10,10,10,10,10,10,10,7,8,8,7,8,7,7,8,8,9,9,9,10,10,10,8,9,9,9,9,8,10,10,10,4,8,3,3,2,6,6,6,4,3,4
sf,cvs,geogebra,geogebra/geogebra/geogebra/gui/PropertiesPanel.java,buggy,java,IssueFalse,153636,615,17097,18,10,10,10,10,4,9,6,6,10,10,10,10,10,10,10,10,10,10,8,10,10,10,10,10,8,10,10,5,7,10,5,6,10,5,6,10,9,9,9,9,10,10,8,9,10,7,10,10,9,10,10,6,8,3,3,2,4,4,4,2,2,2
sf,cvs,geogebra,geogebra/geogebra/geogebra/gui/TextInputDialog.java,clean,java,IssueFalse,153636,615,17097,18,7,9,8,5,5,9,6,5,7,10,10,10,10,10,10,9,9,9,9,9,10,10,10,10,8,8,8,5,6,6,4,6,5,4,7,7,9,9,9,9,9,9,9,9,8,9,8,7,10,9,8,6,10,10,8,9,10,9,9,9,8,8
sf,cvs,geogebra,geogebra/geogebra/geogebra/gui/app/GeoGebraFrame.java,buggy,java,IssueFalse,153636,615,17097,18,7,8,7,6,5,9,7,6,7,10,10,10,10,10,10,10,10,10,8,10,8,10,10,10,6,6,4,6,7,6,7,8,7,7,8,8,9,9,9,8,8,9,7,8,8,7,6,7,7,8,8,8,9,8,8,8,6,7,7,8,8,8
sf,cvs,geogebra,geogebra/geogebra/geogebra/gui/inputbar/AlgebraInput.java,buggy,java,IssueFalse,153636,615,17097,18,6,7,7,6,5,6,8,6,6,10,10,10,10,10,10,9,9,9,10,10,8,10,10,10,8,8,7,9,8,8,9,8,7,9,9,8,9,9,9,9,9,9,6,7,8,5,6,6,6,9,7,10,8,9,10,10,10,10,10,10,10,10
sf,cvs,geogebra,geogebra/geogebra/geogebra/gui/inputbar/AutoCompleteTextField.java,clean,java,IssueFalse,153636,615,17097,18,7,9,8,6,6,6,9,7,8,10,10,10,10,10,10,9,9,9,9,8,6,10,10,10,9,9,8,9,8,7,8,8,7,8,7,7,10,9,9,10,10,10,9,9,9,7,7,7,9,8,8,9,8,4,5,5,7,7,8,5,7,8
sf,cvs,geogebra,geogebra/geogebra/geogebra/gui/layout/DockGlassPane.java,clean,java,IssueFalse,153636,615,17097,18,7,5,7,3,3,9,8,5,5,10,10,10,10,10,10,9,9,9,9,9,7,10,10,10,9,8,8,6,5,4,5,5,4,6,6,5,9,9,9,8,8,9,9,9,7,9,7,5,10,9,7,3,9,3,3,2,4,4,4,4,3,3
sf,cvs,geogebra,geogebra/geogebra/geogebra/gui/layout/DockManager.java,clean,java,IssueFalse,153636,615,17097,18,8,10,9,6,6,9,10,8,9,7,6,7,8,8,8,9,9,9,9,8,7,7,6,7,8,8,7,9,8,8,8,8,7,9,8,8,9,9,9,9,9,9,10,10,9,7,5,7,9,10,9,7,10,8,7,8,6,6,6,6,7,7
sf,cvs,geogebra,geogebra/geogebra/geogebra/gui/layout/DockPanel.java,clean,java,IssueFalse,153636,615,17097,18,8,9,8,8,6,7,8,7,8,10,10,10,10,10,10,9,9,9,9,10,9,10,10,10,9,9,9,8,9,9,8,9,8,8,9,9,9,9,9,9,10,10,6,7,9,7,9,8,7,10,9,6,9,9,8,7,8,7,7,5,6,5
sf,cvs,geogebra,geogebra/geogebra/geogebra/gui/layout/Layout.java,clean,java,IssueFalse,153636,615,17097,18,7,9,8,7,6,7,5,5,7,9,10,10,10,10,10,9,9,9,7,9,9,9,10,10,8,8,9,6,8,8,5,7,7,6,8,8,9,9,9,9,9,9,6,6,8,8,8,8,9,9,9,4,10,4,4,4,4,4,4,6,6,5
sf,cvs,geogebra,geogebra/geogebra/geogebra/gui/menubar/Attic/MenubarImpl.java,clean,java,IssueFalse,153636,615,17097,18,10,10,10,10,3,7,2,8,10,7,10,10,7,10,10,9,10,10,4,10,10,7,10,10,6,10,10,3,8,10,2,8,10,2,7,10,9,10,10,8,8,9,6,9,10,7,10,9,9,10,10,10,10,8,10,10,10,10,10,9,10,10
sf,cvs,geogebra,geogebra/geogebra/geogebra/gui/menubar/FileMenu.java,clean,java,IssueFalse,153636,615,17097,18,7,7,7,6,4,7,2,3,6,7,8,10,6,6,10,9,9,9,3,7,10,7,8,10,6,9,9,3,4,8,2,3,7,2,3,8,9,9,9,9,9,9,6,8,8,3,8,5,7,8,8,3,5,7,5,4,8,7,6,4,3,3
sf,cvs,geogebra,geogebra/geogebra/geogebra/gui/menubar/GeoGebraMenuBar.java,clean,java,IssueFalse,153636,615,17097,18,4,1,4,1,2,6,6,3,4,10,10,10,10,10,10,9,9,9,8,7,5,10,10,10,6,6,3,3,3,2,2,2,2,3,3,3,9,9,9,8,8,9,10,9,5,9,5,3,10,8,4,4,8,9,8,7,10,10,10,10,10,9
sf,cvs,geogebra,geogebra/geogebra/geogebra/gui/menubar/OptionsMenu.java,clean,java,IssueFalse,153636,615,17097,18,8,9,8,7,5,7,3,7,8,7,8,10,6,7,10,9,9,9,3,9,10,7,8,10,7,10,10,3,7,8,2,7,7,2,4,7,9,9,9,9,10,10,8,9,9,6,9,7,9,10,9,6,8,7,6,6,8,8,8,4,5,5
sf,cvs,geogebra,geogebra/geogebra/geogebra/gui/menubar/ViewMenu.java,clean,java,IssueFalse,153636,615,17097,18,8,6,8,7,2,6,2,2,6,7,8,10,6,6,10,9,9,9,2,8,10,7,8,10,7,10,10,3,5,8,2,4,8,2,3,8,9,9,9,9,9,9,4,6,7,5,10,7,9,10,9,4,8,9,7,7,8,7,7,2,2,2
sf,cvs,geogebra,geogebra/geogebra/geogebra/gui/menubar/WindowMenu.java,clean,java,IssueFalse,153636,615,17097,18,4,2,4,3,3,7,2,2,3,7,8,9,6,6,8,9,9,9,5,7,7,7,8,9,6,6,4,3,4,4,2,3,3,2,3,4,9,9,9,9,9,9,6,7,5,2,3,3,8,8,5,3,5,6,4,4,7,6,6,2,2,2
sf,cvs,geogebra,geogebra/geogebra/geogebra/gui/toolbar/ModeToggleMenu.java,clean,java,IssueFalse,153636,615,17097,18,7,6,8,7,3,6,6,5,7,10,10,10,10,10,10,9,9,9,8,8,9,10,10,10,8,9,9,7,7,9,6,7,8,7,7,9,9,9,9,9,9,9,5,7,8,7,8,8,7,7,8,7,5,9,8,8,9,9,9,10,10,10
sf,cvs,geogebra,geogebra/geogebra/geogebra/gui/toolbar/MyToolbar.java,clean,java,IssueFalse,153636,615,17097,18,8,9,9,5,4,10,9,7,8,10,10,10,10,10,10,9,9,9,10,10,9,10,10,10,9,9,8,8,7,7,8,7,6,8,8,7,9,9,9,10,9,9,9,8,9,10,10,8,9,10,8,9,8,10,10,10,10,10,10,10,10,10
sf,cvs,geogebra,geogebra/geogebra/geogebra/gui/toolbar/ToolbarConfigPanel.java,clean,java,IssueFalse,153636,615,17097,18,8,9,8,5,5,9,7,7,7,10,10,10,10,10,10,9,9,9,10,10,9,10,10,10,9,9,9,6,7,6,5,7,6,6,7,7,9,9,9,9,9,9,9,10,8,8,9,6,10,10,8,4,5,10,9,8,10,9,9,9,8,7
sf,cvs,geogebra,geogebra/geogebra/geogebra/gui/util/GeoGebraFileChooser.java,clean,java,IssueFalse,153636,615,17097,18,7,9,7,5,7,9,5,3,6,10,10,10,10,10,10,9,9,9,8,9,9,10,10,10,7,8,8,5,6,6,4,5,5,5,6,7,9,9,9,9,9,9,7,8,7,8,6,6,8,8,7,7,5,10,10,9,8,8,8,8,9,8
sf,cvs,geogebra,geogebra/geogebra/geogebra/gui/util/foxtrot/Attic/AbstractSyncWorker.java,clean,java,IssueFalse,153636,615,17097,18,4,6,4,3,6,6,6,4,4,8,8,8,7,7,7,10,10,10,10,9,7,8,8,8,6,6,4,6,5,4,5,4,3,1,1,1,9,9,9,8,8,9,8,6,6,8,6,4,7,5,4,3,5,5,4,3,7,6,6,4,3,3
sf,cvs,geogebra,geogebra/geogebra/geogebra/gui/util/foxtrot/Attic/AbstractWorker.java,clean,java,IssueFalse,153636,615,17097,18,2,5,2,2,9,4,4,2,2,7,6,7,6,6,6,10,10,10,4,3,3,7,6,7,6,6,4,5,4,3,4,3,2,1,1,1,9,9,9,8,8,9,6,5,4,5,4,3,3,3,3,3,5,3,3,2,4,4,4,4,3,3
sf,cvs,geogebra,geogebra/geogebra/geogebra/gui/util/foxtrot/Attic/AbstractWorkerThread.java,clean,java,IssueFalse,153636,615,17097,18,3,2,2,2,5,6,3,2,2,7,6,8,6,6,7,10,10,10,6,7,6,7,6,8,6,6,3,3,3,3,2,2,2,2,2,3,9,9,9,8,8,9,8,7,4,5,5,3,7,5,3,3,5,3,3,2,4,4,4,4,3,3
sf,cvs,geogebra,geogebra/geogebra/geogebra/gui/util/foxtrot/Attic/ConcurrentWorker.java,clean,java,IssueFalse,153636,615,17097,18,2,8,2,3,9,2,4,2,2,10,9,9,8,7,7,9,9,9,5,5,3,10,9,9,6,6,3,3,3,2,6,5,4,6,6,5,9,9,9,9,9,9,3,3,4,3,3,3,3,3,3,3,5,3,3,2,4,4,4,4,3,3
sf,cvs,geogebra,geogebra/geogebra/geogebra/gui/util/foxtrot/Attic/EventPump.java,clean,java,IssueFalse,153636,615,17097,18,1,3,1,1,10,2,2,1,1,5,4,5,5,5,5,10,10,10,2,1,2,5,4,5,6,6,3,3,3,2,2,2,1,2,2,2,9,9,9,8,8,9,3,3,2,2,2,2,1,1,2,3,5,3,3,2,4,4,4,4,3,3
sf,cvs,geogebra,geogebra/geogebra/geogebra/gui/util/foxtrot/Attic/JREVersion.java,clean,java,IssueFalse,153636,615,17097,18,4,2,4,3,3,6,5,4,4,7,6,8,6,7,8,9,9,9,4,4,5,7,6,8,6,6,3,1,3,2,4,5,4,1,2,2,9,9,9,9,9,9,8,6,6,7,4,5,5,3,4,3,5,3,3,2,4,4,4,4,3,3
sf,cvs,geogebra,geogebra/geogebra/geogebra/gui/util/foxtrot/Attic/Job.java,clean,java,IssueFalse,153636,615,17097,18,1,5,1,1,10,2,2,1,1,8,8,8,7,7,7,10,10,10,1,1,1,8,8,8,6,6,3,3,3,2,2,2,1,2,2,2,9,9,9,8,8,9,3,3,2,1,1,2,2,2,2,3,5,3,3,2,4,4,4,4,3,3
sf,cvs,geogebra,geogebra/geogebra/geogebra/gui/util/foxtrot/Attic/Task.java,clean,java,IssueFalse,153636,615,17097,18,4,9,4,5,9,6,4,3,4,7,6,8,7,7,8,10,10,10,5,5,5,7,6,8,7,8,7,6,7,6,5,6,5,2,3,3,10,10,10,9,9,9,4,5,6,4,3,4,2,3,4,3,5,3,3,2,4,4,4,4,3,3
sf,cvs,geogebra,geogebra/geogebra/geogebra/gui/util/foxtrot/Attic/Worker.java,clean,java,IssueFalse,153636,615,17097,18,2,9,2,3,10,2,4,2,2,10,9,9,8,7,7,9,9,9,5,5,3,10,9,9,6,6,3,3,3,2,6,5,4,6,6,5,9,9,9,9,9,9,3,3,4,4,3,3,3,3,3,3,5,3,3,2,4,4,4,4,3,3
sf,cvs,geogebra,geogebra/geogebra/geogebra/gui/util/foxtrot/Attic/WorkerThread.java,clean,java,IssueFalse,153636,615,17097,18,1,7,1,2,10,2,3,1,2,5,4,5,5,5,6,10,10,10,2,1,2,5,4,5,6,6,3,5,5,3,5,4,3,6,5,5,9,9,9,8,8,9,3,3,3,2,2,2,1,2,2,3,5,3,3,2,4,4,4,4,3,3
sf,cvs,geogebra,geogebra/geogebra/geogebra/gui/util/foxtrot/pumps/Attic/ConditionalEventPump.java,clean,java,IssueFalse,153636,615,17097,18,6,8,6,5,6,7,4,5,6,7,6,10,6,7,9,9,10,10,6,9,9,7,6,10,6,6,5,4,6,7,3,6,6,2,4,5,9,10,10,9,9,10,8,8,8,6,5,5,7,5,6,3,5,6,4,4,7,6,6,4,3,3
sf,cvs,geogebra,geogebra/geogebra/geogebra/gui/util/foxtrot/pumps/Attic/EventFilter.java,clean,java,IssueFalse,153636,615,17097,18,1,3,1,1,10,2,2,1,1,5,4,5,5,5,5,9,9,9,2,1,2,5,4,5,6,6,3,3,3,2,2,2,1,2,2,2,9,9,9,8,8,9,3,3,2,4,2,2,2,2,2,3,5,3,3,2,4,4,4,4,3,3
sf,cvs,geogebra,geogebra/geogebra/geogebra/gui/util/foxtrot/pumps/Attic/EventFilterable.java,clean,java,IssueFalse,153636,615,17097,18,1,7,1,1,10,2,2,1,1,5,4,5,5,5,5,10,10,10,2,1,2,5,4,5,6,6,3,3,3,2,2,2,2,3,3,3,9,9,9,8,8,9,3,3,2,1,1,2,1,2,2,3,5,3,3,2,4,4,4,4,3,3
sf,cvs,geogebra,geogebra/geogebra/geogebra/gui/util/foxtrot/pumps/Attic/QueueEventPump.java,clean,java,IssueFalse,153636,615,17097,18,5,4,4,3,4,9,4,4,5,7,6,9,6,6,8,9,9,9,6,9,8,7,6,9,6,6,4,4,5,5,2,4,4,3,4,5,9,9,9,9,9,9,8,8,6,4,4,3,6,5,5,3,5,6,4,4,7,6,6,4,3,3
sf,cvs,geogebra,geogebra/geogebra/geogebra/gui/util/foxtrot/pumps/Attic/SunJDK140ConditionalEventPump.java,clean,java,IssueFalse,153636,615,17097,18,3,2,3,1,4,7,2,1,2,8,9,9,7,7,8,9,9,9,5,5,6,8,9,9,6,6,3,3,3,2,2,2,2,1,2,2,9,9,9,8,8,9,8,6,3,7,4,3,8,4,3,3,5,3,3,2,4,4,4,4,3,3
sf,cvs,geogebra,geogebra/geogebra/geogebra/gui/util/foxtrot/pumps/Attic/SunJDK141ConditionalEventPump.java,clean,java,IssueFalse,153636,615,17097,18,3,3,3,1,6,7,3,2,2,8,9,9,7,7,8,9,9,9,5,6,6,8,9,9,6,6,3,3,3,2,2,2,2,1,2,2,9,9,9,8,8,9,9,7,4,8,4,3,8,4,3,3,5,3,3,2,4,4,4,4,3,3
sf,cvs,geogebra,geogebra/geogebra/geogebra/gui/util/foxtrot/pumps/Attic/SunJDK14ConditionalEventPump.java,clean,java,IssueFalse,153636,615,17097,18,2,4,2,1,8,6,3,2,2,8,8,8,7,7,7,10,10,10,5,5,3,8,8,8,6,6,3,3,3,2,2,2,1,1,1,1,10,9,9,8,8,9,10,7,3,4,2,2,9,4,3,3,5,3,3,2,4,4,4,4,3,3
sf,cvs,geogebra,geogebra/geogebra/geogebra/gui/util/foxtrot/utils/Attic/EventListenerProxy.java,clean,java,IssueFalse,153636,615,17097,18,2,8,2,2,10,4,3,2,2,7,6,7,6,6,6,9,9,9,6,5,4,7,6,7,6,6,4,3,3,2,3,3,2,3,3,3,10,9,9,8,8,9,6,4,3,5,3,3,7,4,3,3,5,3,3,2,4,4,4,4,3,3
sf,cvs,geogebra,geogebra/geogebra/geogebra/gui/util/foxtrot/utils/Attic/FlushJob.java,clean,java,IssueFalse,153636,615,17097,18,3,6,2,1,8,6,2,1,2,8,9,9,7,7,8,9,9,9,2,3,3,8,9,9,6,7,5,3,3,2,2,2,2,2,2,3,9,9,9,8,8,9,6,5,3,3,2,2,5,3,3,3,5,5,4,3,7,6,6,4,3,3
sf,cvs,geogebra,geogebra/geogebra/geogebra/gui/util/foxtrot/workers/Attic/MultiWorkerThread.java,clean,java,IssueFalse,153636,615,17097,18,3,3,3,2,5,4,2,1,2,8,9,9,7,8,8,9,9,9,5,5,6,8,9,9,6,6,4,3,4,3,2,3,3,2,2,3,10,10,10,8,8,9,4,4,3,3,2,3,6,4,4,3,5,5,4,3,7,6,6,4,3,3
sf,cvs,geogebra,geogebra/geogebra/geogebra/gui/util/foxtrot/workers/Attic/SingleWorkerThread.java,clean,java,IssueFalse,153636,615,17097,18,5,7,5,5,6,7,6,5,6,7,8,9,7,7,8,10,10,10,4,5,4,7,8,9,7,7,7,6,7,6,5,7,6,4,5,5,10,10,10,9,9,9,7,7,7,6,4,5,5,5,6,3,5,3,3,2,4,4,4,4,3,3
sf,cvs,geogebra,geogebra/geogebra/geogebra/gui/view/algebra/AlgebraController.java,clean,java,IssueFalse,153636,615,17097,18,5,6,5,4,5,7,8,5,5,7,6,7,7,7,7,9,9,9,9,8,6,7,6,7,8,7,6,7,7,6,7,6,5,7,6,6,9,9,9,8,8,9,8,9,7,4,5,4,8,9,6,10,9,7,8,9,9,9,10,9,10,10
sf,cvs,geogebra,geogebra/geogebra/geogebra/gui/view/algebra/AlgebraView.java,buggy,java,IssueFalse,153636,615,17097,18,8,10,8,8,6,9,8,7,9,10,10,10,10,10,10,9,9,9,9,9,9,10,10,10,9,10,10,8,9,9,8,9,8,8,9,9,9,9,9,9,9,10,7,9,9,7,7,8,8,10,9,9,9,9,10,10,10,10,10,8,9,9
sf,cvs,geogebra,geogebra/geogebra/geogebra/gui/view/algebra/InputPanel.java,buggy,java,IssueFalse,153636,615,17097,18,6,5,5,4,3,6,5,4,4,10,10,10,10,10,10,9,9,9,5,7,6,10,10,10,7,7,6,5,6,6,5,6,5,6,7,7,9,9,9,8,8,9,6,8,6,10,9,7,5,8,5,9,8,5,5,5,6,7,7,2,3,5
sf,cvs,geogebra,geogebra/geogebra/geogebra/gui/view/algebra/MyCellEditor.java,clean,java,IssueFalse,153636,615,17097,18,3,1,3,1,3,7,4,2,2,10,9,9,8,8,8,9,9,9,6,5,4,10,9,9,6,6,3,3,3,2,2,2,2,3,3,3,9,9,9,8,8,9,9,7,4,5,3,2,7,4,3,6,8,3,3,2,6,5,6,5,6,4
sf,cvs,geogebra,geogebra/geogebra/geogebra/gui/view/consprotocol/ConstructionProtocol.java,clean,java,IssueFalse,153636,615,17097,18,10,10,10,10,3,10,5,8,10,7,10,10,10,10,10,9,9,9,7,10,10,7,10,10,7,10,10,5,9,10,5,9,10,5,9,10,9,9,9,9,10,10,7,9,10,8,8,10,8,10,10,3,5,3,3,2,6,5,5,4,3,3
sf,cvs,geogebra,geogebra/geogebra/geogebra/gui/view/consprotocol/ConstructionProtocolNavigation.java,clean,java,IssueFalse,153636,615,17097,18,7,7,7,6,4,6,4,4,6,8,10,10,10,10,10,9,9,9,7,9,9,8,10,10,8,10,10,5,7,8,5,7,7,5,8,8,9,9,9,9,9,9,6,8,7,8,8,7,8,9,8,4,5,3,3,2,8,6,6,2,2,2
sf,cvs,geogebra,geogebra/geogebra/geogebra/gui/view/spreadsheet/ContextMenu.java,clean,java,IssueFalse,153636,615,17097,18,8,7,8,4,3,10,3,4,8,7,10,10,9,10,10,9,9,9,7,9,10,7,10,10,6,8,8,3,3,5,2,3,5,2,2,6,9,9,9,9,9,9,10,10,9,9,6,7,9,8,7,6,9,9,7,7,4,4,4,8,7,7
sf,cvs,geogebra,geogebra/geogebra/geogebra/gui/view/spreadsheet/CopyPasteCut.java,clean,java,IssueFalse,153636,615,17097,18,9,9,9,6,5,10,7,8,9,7,6,9,7,7,9,9,9,9,7,10,9,7,6,9,8,9,10,5,6,8,5,7,7,6,7,8,9,9,9,9,9,9,10,9,10,9,8,8,9,9,9,10,10,10,10,10,9,10,10,10,10,10
sf,cvs,geogebra,geogebra/geogebra/geogebra/gui/view/spreadsheet/MyCellEditor.java,clean,java,IssueFalse,153636,615,17097,18,8,9,8,7,4,9,8,7,8,8,9,9,8,8,9,9,9,9,9,9,9,8,9,9,8,9,9,7,8,8,7,8,7,7,8,8,9,9,9,9,9,9,8,9,9,8,6,8,8,8,8,10,10,9,10,10,9,10,10,9,10,10
sf,cvs,geogebra,geogebra/geogebra/geogebra/gui/view/spreadsheet/MyTable.java,buggy,java,IssueFalse,153636,615,17097,18,10,10,10,8,3,10,7,8,10,7,10,10,10,10,10,9,9,9,8,10,10,7,10,10,7,10,10,4,7,9,3,7,9,4,7,9,9,10,10,8,8,9,10,10,10,9,10,9,10,10,10,10,10,9,10,10,9,10,10,9,10,10
sf,cvs,geogebra,geogebra/geogebra/geogebra/gui/view/spreadsheet/RelativeCopy.java,buggy,java,IssueFalse,153636,615,17097,18,8,9,8,4,5,10,9,8,8,7,6,7,7,7,7,9,9,9,10,9,8,7,6,7,7,7,5,5,4,3,7,6,5,8,7,7,9,9,9,8,8,9,10,10,9,10,8,7,10,9,7,10,8,8,10,9,7,7,8,5,7,8
sf,cvs,geogebra,geogebra/geogebra/geogebra/gui/view/spreadsheet/SpreadsheetView.java,clean,java,IssueFalse,153636,615,17097,18,9,9,9,8,4,9,5,7,9,9,10,10,10,10,10,9,9,9,7,10,10,9,10,10,7,10,10,5,9,9,5,8,9,6,9,10,9,9,9,9,9,9,7,9,9,6,8,8,7,9,9,9,9,9,10,10,9,9,9,7,9,9
sf,cvs,geogebra,geogebra/geogebra/geogebra/io/MyXMLHandler.java,buggy,java,IssueFalse,153636,615,17097,18,10,10,10,10,4,10,10,10,10,7,6,9,9,10,10,9,9,9,10,10,10,7,6,9,10,10,10,10,10,10,10,10,10,4,6,5,9,9,9,10,10,10,9,10,10,9,9,10,9,10,10,10,10,3,3,2,4,4,4,2,2,2
sf,cvs,geogebra,geogebra/geogebra/geogebra/io/MyXMLio.java,clean,java,IssueFalse,153636,615,17097,18,8,10,9,7,6,7,9,7,8,7,6,7,8,8,8,9,9,9,10,10,10,7,6,7,9,8,8,9,9,8,9,8,8,8,8,8,9,9,9,10,10,10,8,9,9,9,7,8,9,8,9,9,9,9,9,9,9,9,9,9,9,10
sf,cvs,geogebra,geogebra/geogebra/geogebra/io/QDParser.java,clean,java,IssueFalse,153636,615,17097,18,8,7,8,2,3,7,9,7,8,7,6,7,6,6,7,9,9,9,8,7,6,7,6,7,8,8,7,5,5,3,5,4,3,4,4,3,9,9,9,9,9,9,10,10,9,10,9,5,10,8,5,4,8,7,6,5,8,7,7,2,2,2
sf,cvs,geogebra,geogebra/geogebra/geogebra/kernel/AlgoAxisStepX.java,clean,java,IssueFalse,153636,615,17097,18,2,3,3,3,7,2,4,2,2,10,9,9,10,9,9,9,9,9,6,5,4,10,9,9,6,6,4,6,5,4,5,5,4,4,4,3,10,10,10,8,8,9,3,3,4,4,3,3,4,4,4,3,8,3,3,2,6,5,5,2,2,2
sf,cvs,geogebra,geogebra/geogebra/geogebra/kernel/AlgoCellRange.java,clean,java,IssueFalse,153636,615,17097,18,4,7,5,4,7,7,6,3,4,10,9,9,10,9,9,9,9,9,7,6,5,10,9,9,8,8,7,7,6,5,7,6,5,6,5,5,10,10,10,9,9,9,5,6,5,5,5,4,5,5,5,4,8,3,3,2,6,5,5,2,2,2
sf,cvs,geogebra,geogebra/geogebra/geogebra/kernel/AlgoCircleThreePoints.java,clean,java,IssueFalse,153636,615,17097,18,6,7,6,5,5,6,7,4,5,10,9,9,10,10,9,9,9,9,9,8,6,10,9,9,10,10,10,8,7,6,8,7,6,6,6,5,10,10,10,8,8,9,5,8,6,9,9,7,8,9,7,6,5,7,6,6,5,5,6,2,3,3
sf,cvs,geogebra,geogebra/geogebra/geogebra/kernel/AlgoConicPartConicPoints.java,clean,java,IssueFalse,153636,615,17097,18,3,4,3,3,6,2,3,2,2,10,10,9,10,10,9,9,9,9,6,5,4,10,10,9,8,8,7,6,5,4,5,4,3,1,1,1,10,10,10,8,8,9,3,3,3,9,7,5,6,6,4,4,9,5,4,3,4,4,4,6,5,4
sf,cvs,geogebra,geogebra/geogebra/geogebra/kernel/AlgoDefined.java,clean,java,IssueFalse,153636,615,17097,18,3,2,3,2,6,4,4,2,2,10,9,9,9,9,9,9,9,9,5,5,3,10,9,9,7,7,5,5,5,3,5,4,3,1,1,1,10,10,10,8,8,9,5,5,4,5,4,3,5,4,3,6,5,3,3,2,6,5,5,2,2,2
sf,cvs,geogebra,geogebra/geogebra/geogebra/kernel/AlgoDependentConic.java,clean,java,IssueFalse,153636,615,17097,18,3,5,4,3,7,6,4,2,3,10,9,9,9,9,9,9,9,9,7,6,5,10,9,9,8,7,6,6,5,4,5,4,3,4,4,3,10,10,10,8,8,9,5,5,4,5,4,3,7,7,4,4,8,6,5,4,4,4,4,9,7,5
sf,cvs,geogebra,geogebra/geogebra/geogebra/kernel/AlgoDependentFunction.java,clean,java,IssueFalse,153636,615,17097,18,6,6,6,4,4,10,8,5,6,10,9,9,10,9,9,9,9,9,9,8,6,10,9,9,8,8,7,6,6,5,7,6,5,5,5,4,10,10,10,9,9,9,9,8,7,7,5,5,9,7,7,6,8,6,6,5,4,4,4,5,5,5
sf,cvs,geogebra,geogebra/geogebra/geogebra/kernel/AlgoDependentLine.java,clean,java,IssueFalse,153636,615,17097,18,3,5,4,3,7,6,4,2,3,10,9,9,9,9,9,9,9,9,8,7,5,10,9,9,8,7,6,6,5,4,5,4,3,4,4,3,10,10,10,8,8,9,5,5,4,5,4,3,7,7,4,4,8,6,5,4,4,4,4,8,6,5
sf,cvs,geogebra,geogebra/geogebra/geogebra/kernel/AlgoDependentListExpression.java,clean,java,IssueFalse,153636,615,17097,18,5,7,5,3,6,9,7,4,5,10,9,9,10,9,9,9,9,9,9,8,7,10,9,9,7,7,5,6,5,4,5,5,4,4,4,3,10,10,10,8,8,9,8,9,6,4,4,4,8,9,5,4,8,5,5,4,4,4,4,4,3,4
sf,cvs,geogebra,geogebra/geogebra/geogebra/kernel/AlgoDependentPoint.java,clean,java,IssueFalse,153636,615,17097,18,3,4,3,3,7,6,5,2,3,10,9,9,10,9,9,9,9,9,8,7,6,10,9,9,8,7,6,6,5,4,5,5,4,5,5,4,10,10,10,8,8,9,5,5,4,6,5,4,5,5,4,6,5,5,5,4,8,8,7,2,3,3
sf,cvs,geogebra,geogebra/geogebra/geogebra/kernel/AlgoDependentText.java,clean,java,IssueFalse,153636,615,17097,18,3,4,3,3,7,6,4,2,2,10,9,9,9,9,9,9,9,9,6,5,4,10,9,9,7,7,5,6,5,4,5,4,3,4,4,3,10,10,10,8,8,9,4,5,4,5,4,3,6,5,4,3,5,3,3,2,6,5,5,2,2,2
sf,cvs,geogebra,geogebra/geogebra/geogebra/kernel/AlgoDeterminant.java,clean,java,IssueFalse,153636,615,17097,18,2,2,3,2,6,4,3,2,2,10,9,9,9,9,9,9,9,9,5,5,3,10,9,9,7,7,5,5,5,3,5,4,3,1,1,1,10,10,10,8,8,9,4,4,3,5,4,3,6,4,4,6,5,3,3,2,4,4,4,7,6,5
sf,cvs,geogebra,geogebra/geogebra/geogebra/kernel/AlgoDilate.java,clean,java,IssueFalse,153636,615,17097,18,3,4,3,3,6,2,4,2,2,8,8,8,7,7,7,9,9,9,5,5,3,8,8,8,9,8,8,6,6,5,6,5,4,3,3,3,10,10,10,8,8,9,3,3,4,8,6,5,5,6,4,4,8,3,3,2,4,4,4,4,3,3
sf,cvs,geogebra,geogebra/geogebra/geogebra/kernel/AlgoDiv.java,clean,java,IssueFalse,153636,615,17097,18,2,2,2,2,6,6,4,2,2,8,8,8,6,6,6,9,9,9,5,4,3,8,8,8,6,6,3,4,4,3,3,3,2,1,1,1,10,10,10,8,8,9,7,6,4,5,4,3,6,5,3,4,5,4,4,3,4,4,4,4,3,3
sf,cvs,geogebra,geogebra/geogebra/geogebra/kernel/AlgoElement.java,buggy,java,IssueFalse,153636,615,17097,18,9,10,9,9,6,9,10,9,10,8,8,8,9,9,9,10,10,10,9,8,7,8,8,8,9,9,8,10,10,10,10,10,9,10,9,9,10,10,10,10,10,10,7,7,10,10,10,10,5,6,9,10,10,9,9,10,10,10,10,10,10,10
sf,cvs,geogebra,geogebra/geogebra/geogebra/kernel/AlgoExpand.java,clean,java,IssueFalse,153636,615,17097,18,2,2,3,3,6,4,4,2,2,10,9,9,9,9,9,9,9,9,5,4,3,10,9,9,7,7,5,6,5,4,5,4,3,4,4,3,10,10,10,8,8,9,4,4,4,5,4,3,5,4,4,6,5,3,3,2,7,6,6,2,2,2
sf,cvs,geogebra,geogebra/geogebra/geogebra/kernel/AlgoFactor.java,clean,java,IssueFalse,153636,615,17097,18,4,7,5,3,7,7,7,4,4,10,9,9,10,9,9,9,9,9,7,6,5,10,9,9,8,7,6,6,6,5,6,5,4,4,4,3,10,10,10,9,9,9,7,9,6,6,4,4,8,8,5,9,8,9,10,9,5,5,6,7,7,8
sf,cvs,geogebra,geogebra/geogebra/geogebra/kernel/AlgoFractionText.java,clean,java,IssueFalse,153636,615,17097,18,5,4,5,3,4,6,6,4,4,10,9,9,10,9,9,9,9,9,7,6,5,10,9,9,8,8,7,6,5,4,5,5,4,1,1,1,10,10,10,9,9,9,7,8,6,8,5,4,6,5,4,6,5,3,3,2,7,6,6,6,5,5
sf,cvs,geogebra,geogebra/geogebra/geogebra/kernel/AlgoFunctionAreaSums.java,clean,java,IssueFalse,153636,615,17097,18,9,9,10,7,3,9,10,9,9,10,9,9,10,10,9,9,9,9,9,8,6,10,9,9,10,10,10,9,9,8,9,8,8,9,9,8,10,10,10,9,9,9,10,10,10,10,10,9,9,10,9,8,5,8,8,8,7,7,8,2,5,5
sf,cvs,geogebra,geogebra/geogebra/geogebra/kernel/AlgoGCD.java,clean,java,IssueFalse,153636,615,17097,18,3,2,3,2,6,7,4,2,2,8,8,8,6,6,6,9,9,9,6,5,4,8,8,8,6,6,4,4,4,3,3,3,2,1,1,1,10,10,10,8,8,9,7,6,4,5,4,3,8,6,3,7,5,7,6,5,4,4,4,8,7,6
sf,cvs,geogebra,geogebra/geogebra/geogebra/kernel/AlgoIf.java,clean,java,IssueFalse,153636,615,17097,18,3,5,3,3,7,7,5,3,3,10,9,9,9,9,9,9,9,9,5,4,3,10,9,9,8,8,7,6,5,4,5,4,3,4,4,3,10,10,10,8,8,9,6,6,5,6,5,4,5,5,4,8,8,5,6,5,6,6,6,2,5,5
sf,cvs,geogebra,geogebra/geogebra/geogebra/kernel/AlgoIntegralDefinite.java,clean,java,IssueFalse,153636,615,17097,18,5,7,6,5,5,6,7,4,5,10,9,9,10,10,9,9,9,9,8,7,5,10,9,9,9,8,8,7,7,6,7,7,5,6,6,5,10,10,10,9,9,9,6,7,7,9,7,6,6,7,6,8,10,7,8,7,7,8,8,8,9,9
sf,cvs,geogebra,geogebra/geogebra/geogebra/kernel/AlgoIntersect.java,clean,java,IssueFalse,153636,615,17097,18,4,6,5,5,6,7,7,5,5,10,9,9,10,10,9,10,10,10,7,6,4,10,9,9,7,7,5,8,7,6,7,7,5,4,4,3,9,9,9,8,8,9,7,8,7,7,5,6,4,4,5,6,9,8,6,6,4,4,4,6,6,5
sf,cvs,geogebra,geogebra/geogebra/geogebra/kernel/AlgoIntersectConics.java,buggy,java,IssueFalse,153636,615,17097,18,9,10,9,7,7,9,10,9,9,10,10,9,10,10,9,9,9,9,9,8,6,10,10,9,10,10,10,9,9,8,9,8,8,4,4,3,10,10,10,10,10,10,9,9,10,9,8,8,8,9,9,6,8,6,6,5,7,7,7,8,7,7
sf,cvs,geogebra,geogebra/geogebra/geogebra/kernel/AlgoIntersectLineConic.java,clean,java,IssueFalse,153636,615,17097,18,8,9,8,6,6,9,9,8,8,10,10,9,10,10,9,9,9,9,8,7,6,10,10,9,10,10,10,8,8,7,8,8,7,3,3,3,10,10,10,10,10,10,9,9,9,9,8,8,8,9,8,4,8,5,4,3,8,7,7,10,8,7
sf,cvs,geogebra,geogebra/geogebra/geogebra/kernel/AlgoIntersectSingle.java,buggy,java,IssueFalse,153636,615,17097,18,4,4,4,4,5,4,5,3,3,10,10,9,10,10,9,9,9,9,5,4,3,10,10,9,8,8,7,7,7,6,7,6,5,5,5,4,10,10,10,8,8,9,4,4,5,7,7,5,5,5,5,4,8,8,6,5,4,4,4,6,5,4
sf,cvs,geogebra,geogebra/geogebra/geogebra/kernel/AlgoInvert.java,clean,java,IssueFalse,153636,615,17097,18,3,2,3,2,5,6,4,2,3,10,9,9,9,9,9,9,9,9,5,5,3,10,9,9,7,7,5,5,5,3,5,4,3,1,1,1,10,10,10,8,8,9,6,6,4,6,4,3,7,6,4,6,5,3,4,3,5,5,5,9,8,7
sf,cvs,geogebra,geogebra/geogebra/geogebra/kernel/AlgoJoin.java,clean,java,IssueFalse,153636,615,17097,18,3,2,4,2,4,7,5,2,3,10,9,9,9,9,9,9,9,9,4,3,3,10,9,9,8,8,7,5,5,3,5,4,3,1,1,1,10,10,10,8,8,9,6,7,4,6,4,4,7,5,4,3,5,3,3,2,6,5,5,2,2,2
sf,cvs,geogebra,geogebra/geogebra/geogebra/kernel/AlgoJoinPointsSegment.java,clean,java,IssueFalse,153636,615,17097,18,4,5,4,5,6,4,6,4,4,10,9,9,10,10,9,9,9,9,7,6,5,10,9,9,8,8,7,8,7,6,7,7,5,4,4,3,10,10,10,8,8,9,4,4,6,6,5,5,4,5,5,8,10,3,4,3,5,6,6,7,6,6
sf,cvs,geogebra,geogebra/geogebra/geogebra/kernel/AlgoLCM.java,clean,java,IssueFalse,153636,615,17097,18,3,2,3,2,6,7,4,2,2,8,8,8,6,6,6,9,9,9,6,5,4,8,8,8,6,6,4,4,4,3,3,3,2,1,1,1,10,10,10,8,8,9,7,6,4,5,4,3,8,6,3,7,5,7,6,5,4,4,4,8,7,6
sf,cvs,geogebra,geogebra/geogebra/geogebra/kernel/AlgoLaTeX.java,clean,java,IssueFalse,153636,615,17097,18,3,5,4,3,7,4,4,2,3,10,9,9,9,9,9,9,9,9,5,5,3,10,9,9,8,7,6,6,5,4,5,4,3,4,4,3,10,10,10,8,8,9,5,5,4,8,4,4,8,5,5,6,5,5,5,4,5,5,5,4,5,4
sf,cvs,geogebra,geogebra/geogebra/geogebra/kernel/AlgoListElement.java,clean,java,IssueFalse,153636,615,17097,18,3,4,4,2,6,6,5,2,3,10,9,9,9,9,9,9,9,9,6,5,4,10,9,9,8,8,7,5,5,3,5,4,3,1,1,1,10,10,10,8,8,9,6,6,4,7,4,4,8,7,4,4,8,3,3,2,6,5,5,2,2,2
sf,cvs,geogebra,geogebra/geogebra/geogebra/kernel/AlgoListGCD.java,clean,java,IssueFalse,153636,615,17097,18,3,2,3,2,5,4,4,2,2,10,9,9,9,9,9,9,9,9,7,6,4,10,9,9,7,7,5,5,5,3,5,4,3,1,1,1,10,10,10,8,8,9,5,5,4,6,4,3,6,4,4,7,5,3,3,2,4,4,4,6,6,5
sf,cvs,geogebra,geogebra/geogebra/geogebra/kernel/AlgoListLCM.java,clean,java,IssueFalse,153636,615,17097,18,3,2,3,2,5,4,4,2,2,10,9,9,9,9,9,9,9,9,7,6,4,10,9,9,7,7,5,5,5,3,5,4,3,1,1,1,10,10,10,8,8,9,5,5,4,6,4,3,6,4,4,7,5,3,3,2,4,4,4,6,6,5
sf,cvs,geogebra,geogebra/geogebra/geogebra/kernel/AlgoLocus.java,buggy,java,IssueFalse,153636,615,17097,18,8,10,8,6,6,10,9,7,8,10,9,9,10,10,9,9,9,9,10,10,8,10,9,9,10,10,10,9,8,8,8,8,7,5,5,4,10,10,10,10,10,10,8,10,9,9,9,8,9,9,9,9,10,10,10,10,10,10,10,10,10,10
sf,cvs,geogebra,geogebra/geogebra/geogebra/kernel/AlgoMacro.java,clean,java,IssueFalse,153636,615,17097,18,7,9,7,6,7,6,9,7,8,10,9,9,10,10,9,9,9,9,10,9,7,10,9,9,9,8,8,9,8,8,9,8,7,6,5,5,10,10,10,10,10,10,8,8,9,7,7,7,7,7,8,7,9,5,5,4,8,8,8,7,8,6
sf,cvs,geogebra,geogebra/geogebra/geogebra/kernel/AlgoMirror.java,clean,java,IssueFalse,153636,615,17097,18,4,5,4,4,6,4,6,3,3,8,8,8,7,7,7,9,9,9,6,5,4,8,8,8,9,8,8,7,6,5,7,6,5,3,3,3,10,10,10,8,8,9,5,5,5,9,7,6,5,6,5,4,8,3,3,2,4,4,4,4,3,3
sf,cvs,geogebra,geogebra/geogebra/geogebra/kernel/AlgoMod.java,clean,java,IssueFalse,153636,615,17097,18,2,2,2,2,7,6,3,2,2,8,8,8,6,6,6,9,9,9,5,4,3,8,8,8,6,6,3,4,4,3,3,3,2,1,1,1,10,10,10,8,8,9,6,6,3,5,4,3,5,4,3,6,5,6,6,5,5,5,6,5,6,5
sf,cvs,geogebra,geogebra/geogebra/geogebra/kernel/AlgoObject.java,clean,java,IssueFalse,153636,615,17097,18,4,6,4,3,7,7,6,3,4,10,9,9,10,9,9,9,9,9,7,6,5,10,9,9,8,8,7,6,5,4,5,5,4,3,3,3,10,10,10,9,9,9,7,6,5,8,5,5,7,5,5,8,8,6,5,6,5,6,6,6,8,7
sf,cvs,geogebra,geogebra/geogebra/geogebra/kernel/AlgoPerimeterPoly.java,clean,java,IssueFalse,153636,615,17097,18,3,3,3,3,7,4,4,2,2,10,9,9,9,9,9,9,9,9,5,4,3,10,9,9,7,7,5,6,5,4,5,4,3,1,1,1,10,10,10,8,8,9,4,5,4,5,4,4,5,4,4,7,9,6,5,5,8,7,7,5,5,5
sf,cvs,geogebra,geogebra/geogebra/geogebra/kernel/AlgoPointOnPath.java,buggy,java,IssueFalse,153636,615,17097,18,3,2,3,3,5,4,4,2,2,10,9,9,10,9,9,9,9,9,6,5,4,10,9,9,7,7,5,6,5,4,5,5,4,2,2,2,10,10,10,8,8,9,4,4,4,6,6,4,5,5,4,6,9,4,4,4,6,6,6,6,5,5
sf,cvs,geogebra,geogebra/geogebra/geogebra/kernel/AlgoPolygon.java,buggy,java,IssueFalse,153636,615,17097,18,5,7,6,5,6,7,7,5,5,10,9,9,10,10,9,10,10,10,7,6,5,10,9,9,8,8,7,8,7,7,8,7,6,5,5,4,10,10,10,9,9,9,6,7,7,7,7,6,5,5,6,8,5,8,8,8,5,5,5,8,8,9
sf,cvs,geogebra,geogebra/geogebra/geogebra/kernel/AlgoPolygonRegular.java,clean,java,IssueFalse,153636,615,17097,18,6,8,7,4,6,7,8,6,6,10,9,9,10,9,9,9,9,9,8,7,6,10,9,9,9,9,8,7,6,5,7,6,5,1,1,1,10,10,10,10,10,10,9,8,8,9,7,6,9,8,7,9,10,9,9,9,8,9,9,10,10,10
sf,cvs,geogebra,geogebra/geogebra/geogebra/kernel/AlgoPolynomialFromCoordinates.java,clean,java,IssueFalse,153636,615,17097,18,7,6,7,4,3,7,8,6,7,10,9,9,10,9,9,9,9,9,9,8,6,10,9,9,7,7,5,6,6,5,6,5,4,5,5,4,10,10,10,9,9,9,10,9,8,7,6,5,7,6,5,3,5,5,4,3,7,6,6,2,2,2
sf,cvs,geogebra,geogebra/geogebra/geogebra/kernel/AlgoPolynomialFromFunction.java,clean,java,IssueFalse,153636,615,17097,18,4,4,4,3,5,6,6,3,3,10,9,9,10,9,9,9,9,9,9,8,6,10,9,9,8,7,6,6,5,4,5,5,4,4,4,3,10,10,10,9,9,9,6,7,5,5,4,4,7,6,5,6,5,4,4,3,4,4,4,4,3,4
sf,cvs,geogebra,geogebra/geogebra/geogebra/kernel/AlgoRootInterval.java,clean,java,IssueFalse,153636,615,17097,18,4,4,4,3,5,6,5,3,3,10,9,9,10,9,9,9,9,9,9,8,6,10,9,9,9,8,8,6,5,4,5,5,4,4,4,3,10,10,10,8,8,9,6,7,5,8,6,5,8,6,5,4,5,7,6,5,5,5,5,4,5,4
sf,cvs,geogebra,geogebra/geogebra/geogebra/kernel/AlgoRootsPolynomial.java,buggy,java,IssueFalse,153636,615,17097,18,8,9,8,7,5,9,9,8,8,10,10,9,10,10,9,9,9,9,9,8,7,10,10,9,10,9,9,9,9,8,9,8,7,5,5,4,10,10,10,10,10,10,8,8,9,8,8,8,7,8,8,8,10,6,7,6,8,8,8,4,6,5
sf,cvs,geogebra,geogebra/geogebra/geogebra/kernel/AlgoRotate.java,clean,java,IssueFalse,153636,615,17097,18,3,4,3,3,6,2,4,2,2,8,8,8,7,7,7,9,9,9,5,4,3,8,8,8,8,8,7,6,6,5,6,5,4,3,3,3,10,10,10,8,8,9,3,3,4,8,5,5,5,6,4,4,8,3,3,2,4,4,4,4,3,3
sf,cvs,geogebra,geogebra/geogebra/geogebra/kernel/AlgoRotatePoint.java,clean,java,IssueFalse,153636,615,17097,18,3,4,3,3,6,2,4,2,2,8,8,8,7,7,7,9,9,9,5,5,3,8,8,8,9,8,8,6,6,5,6,5,4,3,3,3,10,10,10,8,8,9,3,3,4,8,6,5,5,6,4,4,8,4,4,3,6,6,6,2,3,3
sf,cvs,geogebra,geogebra/geogebra/geogebra/kernel/AlgoSequence.java,buggy,java,IssueFalse,153636,615,17097,18,6,8,7,4,6,9,8,5,6,10,9,9,10,10,9,9,9,9,9,8,6,10,9,9,10,10,10,7,7,6,7,6,5,2,2,2,10,10,10,10,10,10,9,8,8,9,7,7,10,9,7,8,10,6,7,7,7,7,8,5,8,7
sf,cvs,geogebra,geogebra/geogebra/geogebra/kernel/AlgoSimplify.java,clean,java,IssueFalse,153636,615,17097,18,3,5,4,3,6,6,5,3,3,10,9,9,9,9,9,9,9,9,7,6,4,10,9,9,8,7,6,6,5,4,5,4,3,4,4,3,10,10,10,8,8,9,6,7,5,5,4,4,7,6,4,8,5,4,6,5,5,6,6,7,9,8
sf,cvs,geogebra,geogebra/geogebra/geogebra/kernel/AlgoSlope.java,clean,java,IssueFalse,153636,615,17097,18,3,4,3,3,7,4,4,2,2,10,9,9,10,9,9,9,9,9,7,6,4,10,9,9,7,7,5,6,5,4,5,5,4,3,3,3,10,10,10,8,8,9,4,4,4,6,4,4,5,5,4,4,5,4,4,3,6,5,5,2,2,2
sf,cvs,geogebra,geogebra/geogebra/geogebra/kernel/AlgoSumFunctions.java,clean,java,IssueFalse,153636,615,17097,18,4,6,4,3,6,7,6,3,4,10,9,9,9,9,9,9,9,9,8,7,5,10,9,9,8,7,6,6,5,4,5,4,3,4,4,3,10,10,10,8,8,9,8,8,5,8,5,4,8,7,5,3,5,3,3,2,9,8,7,2,2,2
sf,cvs,geogebra,geogebra/geogebra/geogebra/kernel/AlgoTableText.java,buggy,java,IssueFalse,153636,615,17097,18,5,5,6,3,4,7,8,5,6,10,9,9,10,9,9,9,9,9,5,5,3,10,9,9,9,8,8,6,5,4,5,5,4,1,1,1,10,10,10,9,9,9,9,10,7,8,5,5,8,7,5,7,8,5,5,5,5,6,6,7,7,7
sf,cvs,geogebra,geogebra/geogebra/geogebra/kernel/AlgoTake.java,clean,java,IssueFalse,153636,615,17097,18,3,2,4,2,5,4,4,2,2,10,9,9,9,9,9,9,9,9,5,4,3,10,9,9,8,8,7,5,5,3,5,4,3,1,1,1,10,10,10,8,8,9,5,6,4,8,5,4,7,5,4,6,5,3,3,2,4,4,4,6,6,5
sf,cvs,geogebra,geogebra/geogebra/geogebra/kernel/AlgoText.java,clean,java,IssueFalse,153636,615,17097,18,4,5,4,3,6,6,6,4,4,10,9,9,10,9,9,9,9,9,6,5,4,10,9,9,8,8,7,6,6,5,6,5,4,6,5,5,10,10,10,8,8,9,7,6,6,9,7,6,7,7,5,6,8,3,3,2,7,6,6,5,6,4
sf,cvs,geogebra,geogebra/geogebra/geogebra/kernel/AlgoTextCorner.java,clean,java,IssueFalse,153636,615,17097,18,3,3,3,3,6,2,4,2,2,10,9,9,10,9,9,9,9,9,6,5,4,10,9,9,8,7,6,6,6,5,6,5,4,4,4,3,10,10,10,8,8,9,3,3,4,5,4,4,5,6,4,6,8,3,4,3,5,5,5,2,3,3
sf,cvs,geogebra,geogebra/geogebra/geogebra/kernel/AlgoTranslate.java,clean,java,IssueFalse,153636,615,17097,18,3,4,3,3,7,2,4,2,2,8,8,8,7,7,7,9,9,9,5,4,3,8,8,8,8,8,7,6,6,5,6,5,4,3,3,3,10,10,10,8,8,9,3,3,4,8,5,5,5,5,4,6,9,3,3,2,5,5,5,2,3,3
sf,cvs,geogebra,geogebra/geogebra/geogebra/kernel/AlgoTranspose.java,clean,java,IssueFalse,153636,615,17097,18,2,2,3,2,6,4,3,2,2,10,9,9,9,9,9,9,9,9,5,4,3,10,9,9,7,7,5,5,5,3,5,4,3,1,1,1,10,10,10,8,8,9,4,4,3,6,4,3,6,4,4,6,5,3,3,2,4,4,4,7,6,6
sf,cvs,geogebra,geogebra/geogebra/geogebra/kernel/AlgoVector.java,clean,java,IssueFalse,153636,615,17097,18,3,4,4,3,6,6,5,3,3,10,9,9,10,9,9,9,9,9,5,5,3,10,9,9,8,8,7,6,5,4,5,5,4,4,4,3,10,10,10,8,8,9,5,5,5,6,5,4,6,6,4,8,10,4,4,3,6,6,6,8,7,7
sf,cvs,geogebra,geogebra/geogebra/geogebra/kernel/AlgorithmSet.java,clean,java,IssueFalse,153636,615,17097,18,6,7,6,5,5,9,5,5,6,7,6,9,7,7,8,9,9,9,3,5,5,7,6,9,7,8,8,5,7,7,5,6,6,6,7,8,9,9,9,8,8,9,7,7,7,7,5,6,4,5,5,7,10,8,7,6,8,7,7,10,8,8
sf,cvs,geogebra,geogebra/geogebra/geogebra/kernel/Attic/GeoJavaScriptButton.java,clean,java,IssueFalse,153636,615,17097,18,6,3,6,8,3,4,8,6,7,10,9,9,10,10,10,9,9,9,5,4,3,10,9,9,8,7,6,10,9,9,10,9,9,10,9,9,10,10,10,9,9,9,4,4,8,2,4,5,2,5,6,7,5,5,5,6,9,9,9,4,5,5
sf,cvs,geogebra,geogebra/geogebra/geogebra/kernel/Construction.java,buggy,java,IssueFalse,153636,615,17097,18,10,10,10,10,6,7,10,10,10,7,6,8,9,9,9,10,10,10,9,10,9,7,6,8,10,10,10,10,10,10,10,10,10,10,10,10,9,9,9,10,10,10,7,8,10,9,9,10,6,8,10,10,10,10,10,10,10,10,10,10,10,10
sf,cvs,geogebra,geogebra/geogebra/geogebra/kernel/ConstructionDefaults.java,buggy,java,IssueFalse,153636,615,17097,18,7,9,8,3,6,7,8,6,6,7,6,7,7,7,7,10,10,10,10,10,8,7,6,7,9,8,8,6,6,5,6,5,4,6,6,5,10,9,9,8,8,9,10,9,8,10,10,8,10,9,7,9,8,10,10,10,10,10,10,9,8,9
sf,cvs,geogebra,geogebra/geogebra/geogebra/kernel/ConstructionElement.java,clean,java,IssueFalse,153636,615,17097,18,4,9,4,7,9,4,8,5,6,7,6,7,8,8,8,10,10,10,5,5,3,7,6,7,8,8,7,9,9,9,9,9,8,9,9,9,10,9,9,8,8,9,3,5,7,5,6,7,2,3,5,7,10,3,3,2,9,9,8,8,7,6
sf,cvs,geogebra,geogebra/geogebra/geogebra/kernel/GeoAngle.java,clean,java,IssueFalse,153636,615,17097,18,7,9,7,8,6,6,9,7,8,10,10,9,10,10,10,9,9,9,7,6,5,10,10,9,8,8,7,9,9,9,9,9,8,9,9,9,10,10,10,10,9,9,6,7,9,8,7,8,4,7,7,8,9,8,7,7,8,8,8,5,6,6
sf,cvs,geogebra,geogebra/geogebra/geogebra/kernel/GeoBoolean.java,clean,java,IssueFalse,153636,615,17097,18,7,6,7,9,4,6,9,7,8,10,9,9,10,10,10,9,9,9,7,6,5,10,9,9,8,8,7,10,10,10,10,10,9,10,10,10,10,10,10,9,9,9,4,6,9,3,6,7,2,5,7,8,5,8,7,8,8,8,8,4,5,5
sf,cvs,geogebra,geogebra/geogebra/geogebra/kernel/GeoConic.java,buggy,java,IssueFalse,153636,615,17097,18,10,10,10,10,5,9,10,10,10,10,9,9,10,10,10,10,10,10,10,9,8,10,9,9,10,10,10,10,10,10,10,10,10,10,10,10,10,10,10,10,10,10,8,10,10,9,9,10,6,8,10,10,10,9,9,10,9,10,10,9,10,10
sf,cvs,geogebra,geogebra/geogebra/geogebra/kernel/GeoConicPart.java,clean,java,IssueFalse,153636,615,17097,18,9,9,9,8,4,7,10,8,9,10,10,9,10,10,10,9,9,9,10,9,8,10,10,9,10,9,9,10,10,9,10,9,9,10,10,9,10,10,10,10,9,9,7,9,10,8,9,9,5,8,9,9,10,8,8,9,8,9,9,8,9,9
sf,cvs,geogebra,geogebra/geogebra/geogebra/kernel/GeoCurveCartesian.java,clean,java,IssueFalse,153636,615,17097,18,8,9,8,9,4,6,9,8,8,10,9,9,10,10,10,9,9,9,9,9,7,10,9,9,10,9,9,10,10,10,10,10,9,10,10,10,10,10,10,8,8,9,5,8,9,4,8,8,4,6,9,8,9,8,7,8,7,8,7,7,6,7
sf,cvs,geogebra,geogebra/geogebra/geogebra/kernel/GeoElement.java,buggy,java,IssueFalse,153636,615,17097,18,10,10,10,10,5,10,10,10,10,8,8,8,10,10,10,10,10,10,10,10,10,8,8,8,10,10,10,10,10,10,10,10,10,10,10,10,10,10,10,10,10,10,7,10,10,10,10,10,5,10,10,10,10,3,3,2,4,4,4,2,2,2
sf,cvs,geogebra,geogebra/geogebra/geogebra/kernel/GeoFunction.java,buggy,java,IssueFalse,153636,615,17097,18,8,9,8,9,5,6,8,8,9,7,9,10,10,10,10,9,10,10,6,9,8,7,9,10,8,9,9,9,10,10,9,10,10,9,10,10,10,10,10,8,8,9,5,6,9,7,9,10,4,5,9,10,8,8,9,9,8,9,9,8,9,9
sf,cvs,geogebra,geogebra/geogebra/geogebra/kernel/GeoFunctionConditional.java,buggy,java,IssueFalse,153636,615,17097,18,7,7,7,7,4,7,9,7,7,10,10,9,10,10,10,9,9,9,8,7,6,10,10,9,9,8,8,9,9,9,9,9,8,9,9,9,10,10,10,9,9,9,6,8,9,5,5,7,4,5,7,4,5,8,7,6,9,8,8,4,5,4
sf,cvs,geogebra,geogebra/geogebra/geogebra/kernel/GeoImage.java,clean,java,IssueFalse,153636,615,17097,18,9,9,9,9,4,7,10,9,10,10,9,9,10,10,10,9,9,9,9,8,7,10,9,9,10,9,9,10,10,10,10,10,10,10,10,10,10,10,10,10,10,10,6,8,10,6,7,9,4,5,9,6,9,5,5,5,7,6,7,2,3,4
sf,cvs,geogebra,geogebra/geogebra/geogebra/kernel/GeoLine.java,buggy,java,IssueFalse,153636,615,17097,18,9,10,9,9,5,7,9,8,9,10,10,10,10,10,10,10,10,10,8,9,8,10,10,10,8,8,8,9,10,10,9,10,10,9,10,10,10,10,10,10,10,10,5,7,9,8,8,10,4,5,9,8,9,8,7,8,8,9,9,10,10,10
sf,cvs,geogebra,geogebra/geogebra/geogebra/kernel/GeoList.java,clean,java,IssueFalse,153636,615,17097,18,9,10,9,9,5,10,10,9,10,10,9,9,10,10,10,9,9,9,9,8,7,10,9,9,10,10,10,10,10,10,10,10,10,10,10,10,10,10,10,10,10,10,7,8,10,9,10,10,6,9,10,10,10,9,9,10,9,9,10,9,9,10
sf,cvs,geogebra,geogebra/geogebra/geogebra/kernel/GeoLocus.java,clean,java,IssueFalse,153636,615,17097,18,6,6,6,8,4,7,8,6,7,10,9,9,10,10,10,9,9,9,8,7,6,10,9,9,8,8,7,9,9,9,9,9,8,9,9,9,10,10,10,9,9,9,4,8,8,3,7,6,3,5,6,6,5,8,8,7,9,9,8,8,8,8
sf,cvs,geogebra,geogebra/geogebra/geogebra/kernel/GeoNumeric.java,clean,java,IssueFalse,153636,615,17097,18,9,9,9,10,4,9,9,9,9,8,9,9,10,10,10,10,10,10,8,9,8,8,9,9,10,10,10,10,10,10,10,10,10,10,10,10,10,10,10,9,9,9,5,8,10,9,10,10,4,7,9,9,10,6,8,8,7,7,8,8,9,9
sf,cvs,geogebra,geogebra/geogebra/geogebra/kernel/GeoPoint.java,buggy,java,IssueFalse,153636,615,17097,18,9,10,9,10,5,10,9,9,10,9,10,10,10,10,10,9,9,9,10,10,9,9,10,10,9,10,10,10,10,10,10,10,10,10,10,10,10,10,10,10,10,10,6,7,10,9,10,10,5,7,10,10,10,10,10,10,10,10,10,10,10,10
sf,cvs,geogebra,geogebra/geogebra/geogebra/kernel/GeoPointInterface.java,buggy,java,IssueFalse,153636,615,17097,18,2,1,2,5,6,2,6,3,4,5,4,5,6,6,6,10,10,10,2,2,2,5,4,5,6,6,3,8,7,7,8,7,6,8,8,8,9,9,9,8,8,9,3,3,5,2,3,4,1,2,3,8,5,7,6,7,5,5,5,2,2,2
sf,cvs,geogebra,geogebra/geogebra/geogebra/kernel/GeoPolygon.java,buggy,java,IssueFalse,153636,615,17097,18,9,10,9,9,6,7,10,9,10,10,9,9,10,10,10,10,10,10,10,9,8,10,9,9,10,9,9,10,10,10,10,10,10,10,10,10,10,10,10,10,10,10,6,8,10,6,8,9,4,5,9,10,10,10,10,10,10,10,10,10,10,10
sf,cvs,geogebra,geogebra/geogebra/geogebra/kernel/GeoSegment.java,buggy,java,IssueFalse,153636,615,17097,18,7,8,7,9,5,4,9,7,7,10,10,10,10,10,10,9,9,9,9,8,6,10,10,10,8,8,7,10,10,9,10,9,9,10,10,10,10,10,10,8,8,9,4,5,8,4,6,7,3,4,8,8,8,9,8,8,9,9,9,9,8,8
sf,cvs,geogebra,geogebra/geogebra/geogebra/kernel/GeoText.java,buggy,java,IssueFalse,153636,615,17097,18,9,8,9,10,3,7,8,9,10,7,9,10,10,10,10,9,9,9,6,9,8,7,9,10,8,10,9,9,10,10,9,10,10,9,10,10,10,10,10,9,9,9,6,7,10,7,8,10,3,5,9,10,10,8,9,9,8,9,9,8,9,9
sf,cvs,geogebra,geogebra/geogebra/geogebra/kernel/GeoVec2D.java,clean,java,IssueFalse,153636,615,17097,18,8,9,9,10,5,4,9,8,9,8,8,8,9,9,9,9,9,9,8,7,6,8,8,8,8,8,7,10,10,10,10,10,10,10,10,10,9,9,9,8,8,9,4,6,9,8,9,10,5,5,9,10,5,10,10,10,9,10,10,7,8,9
sf,cvs,geogebra,geogebra/geogebra/geogebra/kernel/GeoVec3D.java,clean,java,IssueFalse,153636,615,17097,18,6,9,6,8,6,6,8,6,7,10,9,9,10,10,10,10,10,10,6,5,4,10,9,9,9,8,8,10,9,9,10,9,9,10,10,10,10,10,10,8,8,9,4,6,8,9,10,9,2,4,7,4,5,7,6,5,8,8,7,5,5,4
sf,cvs,geogebra,geogebra/geogebra/geogebra/kernel/GeoVector.java,buggy,java,IssueFalse,153636,615,17097,18,8,9,8,9,5,7,9,8,9,10,10,9,10,10,10,9,9,9,10,9,7,10,10,9,9,9,8,10,10,10,10,10,9,10,10,10,10,10,10,10,9,9,5,8,9,5,7,8,4,6,8,9,8,3,5,4,6,6,7,7,8,8
sf,cvs,geogebra,geogebra/geogebra/geogebra/kernel/Kernel.java,buggy,java,IssueFalse,153636,615,17097,18,10,10,10,10,6,10,10,10,10,7,6,7,10,10,10,10,10,10,10,10,10,7,6,7,10,10,10,10,10,10,10,10,10,10,10,10,9,9,9,10,10,10,5,10,10,9,10,10,5,8,10,10,10,3,3,2,4,4,4,2,2,2
sf,cvs,geogebra,geogebra/geogebra/geogebra/kernel/Macro.java,clean,java,IssueFalse,153636,615,17097,18,8,9,8,8,5,9,9,8,8,7,6,7,8,8,8,9,9,9,10,10,8,7,6,7,10,9,9,9,9,9,9,9,8,9,9,9,9,9,9,10,9,9,7,10,9,7,6,8,6,8,8,6,9,3,3,2,9,8,7,4,3,3
sf,cvs,geogebra,geogebra/geogebra/geogebra/kernel/MacroConstruction.java,clean,java,IssueFalse,153636,615,17097,18,3,4,3,3,7,6,5,3,3,8,8,8,10,9,9,9,9,9,7,6,4,8,8,8,8,7,6,6,5,4,5,5,4,5,5,4,9,9,9,9,9,9,6,6,5,6,4,4,5,4,4,4,8,3,3,2,7,6,6,2,2,2
sf,cvs,geogebra,geogebra/geogebra/geogebra/kernel/PathMover.java,clean,java,IssueFalse,153636,615,17097,18,2,7,2,5,10,2,5,3,3,5,4,5,6,6,6,10,10,10,2,1,2,5,4,5,6,6,3,8,7,6,7,7,5,8,8,7,9,9,9,8,8,9,3,3,5,2,2,3,1,2,3,6,5,3,3,2,6,6,6,7,6,5
sf,cvs,geogebra,geogebra/geogebra/geogebra/kernel/PathMoverGeneric.java,clean,java,IssueFalse,153636,615,17097,18,6,6,6,6,4,7,8,6,6,7,6,7,8,8,8,10,10,10,5,4,3,7,6,7,10,10,9,8,8,7,8,8,7,8,8,8,10,9,9,9,9,9,7,8,8,8,8,7,4,6,6,8,10,5,7,6,8,8,8,9,9,9
sf,cvs,geogebra,geogebra/geogebra/geogebra/kernel/Region.java,clean,java,IssueFalse,153636,615,17097,18,1,4,1,2,10,2,3,1,2,5,4,5,5,5,6,10,10,10,2,2,2,5,4,5,6,6,3,5,4,3,4,3,2,5,5,4,9,9,9,8,8,9,3,3,3,4,3,3,1,2,2,3,5,3,3,2,4,4,4,7,6,4
sf,cvs,geogebra,geogebra/geogebra/geogebra/kernel/RegionParameters.java,clean,java,IssueFalse,153636,615,17097,18,2,5,2,4,8,2,4,2,3,7,6,7,7,7,7,9,9,9,2,1,2,7,6,7,8,7,6,7,6,5,6,5,4,7,7,6,9,9,9,8,8,9,3,3,4,6,3,4,2,3,3,3,5,10,7,6,4,4,4,4,3,3
sf,cvs,geogebra,geogebra/geogebra/geogebra/kernel/UndoManager.java,buggy,java,IssueFalse,153636,615,17097,18,5,7,6,5,6,7,4,4,5,7,6,9,7,7,8,9,9,9,8,9,9,7,6,9,7,8,8,5,7,7,5,7,6,4,6,6,9,9,9,9,10,10,6,7,7,6,5,6,7,6,7,9,9,9,9,9,9,9,10,10,10,10
sf,cvs,geogebra,geogebra/geogebra/geogebra/kernel/arithmetic/Command.java,clean,java,IssueFalse,153636,615,17097,18,6,6,7,8,4,6,9,7,7,8,8,8,9,9,8,9,9,9,9,8,6,8,8,8,9,8,8,9,9,9,9,9,8,9,9,9,9,9,9,9,9,9,6,6,8,9,10,9,5,7,8,6,8,8,7,7,9,7,8,10,10,10
sf,cvs,geogebra,geogebra/geogebra/geogebra/kernel/arithmetic/Equation.java,clean,java,IssueFalse,153636,615,17097,18,7,7,7,8,4,4,8,6,7,8,8,8,9,9,8,9,9,9,9,8,7,8,8,8,9,8,8,9,9,9,9,9,8,9,9,9,9,9,9,8,8,9,5,6,8,5,5,7,5,7,7,6,5,10,10,10,10,10,10,8,8,7
sf,cvs,geogebra,geogebra/geogebra/geogebra/kernel/arithmetic/ExpressionNode.java,buggy,java,IssueFalse,153636,615,17097,18,10,10,10,9,4,10,10,10,10,8,8,8,9,9,9,9,9,9,10,10,9,8,8,8,9,9,8,10,10,10,10,10,9,10,10,10,9,9,9,10,10,10,10,10,10,10,10,10,8,10,10,10,10,3,3,2,4,4,4,2,2,2
sf,cvs,geogebra,geogebra/geogebra/geogebra/kernel/arithmetic/Function.java,buggy,java,IssueFalse,153636,615,17097,18,9,10,9,9,6,10,9,9,10,7,8,9,9,9,9,9,9,9,8,9,8,7,8,9,10,10,10,9,10,10,9,10,10,9,10,10,9,9,9,10,10,10,7,9,10,8,9,10,6,8,10,10,10,9,10,10,8,10,9,8,9,10
sf,cvs,geogebra,geogebra/geogebra/geogebra/kernel/arithmetic/MyDouble.java,buggy,java,IssueFalse,153636,615,17097,18,7,7,7,9,4,6,9,7,8,8,8,8,9,9,9,10,10,10,8,7,5,8,8,8,8,7,6,10,10,10,10,10,9,10,10,10,9,9,9,8,8,9,4,6,9,6,10,9,4,5,9,9,10,9,9,9,9,9,10,9,9,9
sf,cvs,geogebra,geogebra/geogebra/geogebra/kernel/arithmetic/MyList.java,clean,java,IssueFalse,153636,615,17097,18,7,9,8,8,6,10,9,7,8,8,8,8,9,9,8,9,9,9,8,7,6,8,8,8,8,8,7,9,9,9,9,9,8,9,9,9,9,9,9,10,9,9,7,9,9,6,6,7,5,8,8,9,5,10,10,10,10,10,10,9,9,10
sf,cvs,geogebra,geogebra/geogebra/geogebra/kernel/arithmetic/MySpecialDouble.java,buggy,java,IssueFalse,153636,615,17097,18,2,2,2,1,8,6,3,1,2,10,9,9,9,9,9,9,9,9,3,3,2,10,9,9,7,7,5,3,3,2,2,2,2,3,3,3,9,9,9,8,8,9,7,6,3,7,3,3,5,3,3,6,5,8,7,6,7,6,6,4,5,4
sf,cvs,geogebra,geogebra/geogebra/geogebra/kernel/arithmetic/MyVecNode.java,clean,java,IssueFalse,153636,615,17097,18,5,5,6,7,4,6,8,5,6,8,8,8,9,8,8,9,9,9,7,6,5,8,8,8,8,8,7,9,9,9,9,9,8,9,9,9,9,9,9,9,9,9,4,6,8,3,5,6,3,4,6,3,5,7,5,4,4,4,4,4,3,3
sf,cvs,geogebra,geogebra/geogebra/geogebra/kernel/arithmetic/Parametric.java,clean,java,IssueFalse,153636,615,17097,18,4,2,4,6,4,4,7,4,5,8,8,8,8,8,8,9,9,9,5,5,3,8,8,8,8,8,7,9,8,8,9,8,7,9,9,8,9,9,9,8,8,9,3,5,6,3,4,5,3,4,5,3,5,7,5,4,4,4,4,2,2,2
sf,cvs,geogebra,geogebra/geogebra/geogebra/kernel/arithmetic/ValidExpression.java,clean,java,IssueFalse,153636,615,17097,18,4,2,4,5,3,4,7,4,4,7,6,7,7,7,7,10,10,10,2,2,2,7,6,7,7,7,5,8,7,6,8,7,6,8,8,7,9,9,9,9,9,9,5,5,6,10,10,9,3,3,4,3,5,3,3,2,4,4,4,4,3,3
sf,cvs,geogebra,geogebra/geogebra/geogebra/kernel/arithmetic/Variable.java,clean,java,IssueFalse,153636,615,17097,18,5,6,5,7,6,6,7,5,5,8,8,8,8,8,8,9,9,9,5,4,3,8,8,8,7,7,5,9,9,8,9,8,7,9,9,8,9,9,9,9,9,9,4,6,7,2,5,5,2,4,5,6,8,6,5,5,7,7,6,5,6,5
sf,cvs,geogebra,geogebra/geogebra/geogebra/kernel/arithmetic3D/MyVec3DNode.java,clean,java,IssueFalse,153636,615,17097,18,5,4,5,7,4,4,8,5,6,8,8,8,9,8,8,9,9,9,5,5,3,8,8,8,8,8,7,9,9,8,9,8,8,9,9,9,9,9,9,9,9,9,4,6,7,3,4,5,3,4,6,4,5,3,4,3,7,6,6,2,3,3
sf,cvs,geogebra,geogebra/geogebra/geogebra/kernel/arithmetic3D/Vector3DValue.java,clean,java,IssueFalse,153636,615,17097,18,1,3,1,1,10,2,2,1,1,7,6,7,7,7,7,10,10,10,1,1,1,7,6,7,6,6,3,3,3,2,2,2,1,2,2,2,9,9,9,8,8,9,3,3,2,6,3,2,2,2,2,3,5,3,3,2,6,5,5,2,2,2
sf,cvs,geogebra,geogebra/geogebra/geogebra/kernel/commands/AlgebraProcessor.java,buggy,java,IssueFalse,153636,615,17097,18,9,10,9,8,4,10,10,9,10,7,6,7,8,8,8,10,10,10,10,10,10,7,6,7,9,8,8,9,9,9,9,9,8,8,8,8,10,10,10,10,10,10,9,9,10,10,8,9,10,9,10,10,10,9,9,10,9,10,10,10,10,10
sf,cvs,geogebra,geogebra/geogebra/geogebra/kernel/commands/CmdFitPoly.java,clean,java,IssueFalse,153636,615,17097,18,2,2,2,1,7,7,3,2,2,8,8,8,7,7,7,9,9,9,6,5,4,8,8,8,6,6,3,3,3,2,2,2,2,3,3,3,9,9,9,8,8,9,8,6,3,6,3,3,9,5,3,4,5,3,3,2,4,4,4,4,3,3
sf,cvs,geogebra,geogebra/geogebra/geogebra/kernel/commands/CommandDispatcher.java,buggy,java,IssueFalse,153636,615,17097,18,7,4,8,2,2,4,5,3,3,7,6,7,6,6,6,10,10,10,10,10,10,7,6,7,8,8,7,5,4,3,4,3,2,4,4,3,10,9,9,8,8,9,8,7,5,9,7,4,10,10,8,8,5,5,5,5,6,6,6,2,5,5
sf,cvs,geogebra,geogebra/geogebra/geogebra/kernel/commands/CommandProcessor.java,clean,java,IssueFalse,153636,615,17097,18,10,10,10,10,3,9,3,4,10,8,9,10,7,7,10,10,10,10,6,8,10,8,9,10,6,8,7,3,6,10,2,5,10,3,4,10,9,10,10,9,9,9,8,10,10,8,10,10,8,9,10,9,10,3,3,2,4,4,4,2,2,2
sf,cvs,geogebra,geogebra/geogebra/geogebra/kernel/complex/Complex.java,clean,java,IssueFalse,153636,615,17097,18,8,9,8,8,4,10,9,8,8,7,6,7,9,9,8,9,9,9,3,3,2,7,6,7,7,7,5,8,7,6,10,9,9,10,10,10,9,9,9,9,9,9,6,7,9,9,8,9,5,6,9,4,5,10,9,8,4,4,4,2,2,2
sf,cvs,geogebra,geogebra/geogebra/geogebra/kernel/parser/ParseException.java,clean,java,IssueFalse,153636,615,17097,18,5,8,5,2,7,7,7,4,5,10,9,9,8,8,8,9,9,9,5,4,3,10,9,9,8,8,7,5,5,3,5,4,3,5,5,4,10,9,9,8,8,9,10,9,7,10,9,5,8,5,4,4,5,3,3,2,8,7,7,6,5,4
sf,cvs,geogebra,geogebra/geogebra/geogebra/kernel/parser/Parser.java,clean,java,IssueFalse,153636,615,17097,18,10,10,10,10,2,10,10,10,10,7,9,10,9,10,10,9,9,9,9,10,10,7,9,10,9,10,10,10,10,10,10,10,10,9,10,10,9,9,9,10,10,10,10,10,10,9,10,10,7,10,10,10,10,3,3,2,4,4,4,2,2,2
sf,cvs,geogebra,geogebra/geogebra/geogebra/kernel/parser/ParserConstants.java,clean,java,IssueFalse,153636,615,17097,18,6,8,5,1,6,2,2,1,1,5,4,5,5,5,5,10,10,10,2,1,2,5,4,5,10,10,10,1,1,1,1,1,1,1,1,1,9,9,9,8,8,9,1,1,2,1,1,2,1,1,2,9,9,9,10,9,10,10,10,10,10,10
sf,cvs,geogebra,geogebra/geogebra/geogebra/kernel/parser/ParserTokenManager.java,clean,java,IssueFalse,153636,615,17097,18,10,2,10,8,1,10,10,10,10,7,6,7,8,8,8,9,9,9,7,6,4,7,6,7,10,9,9,9,9,8,10,9,9,6,6,5,10,9,9,10,10,10,10,10,10,9,9,9,6,9,9,9,10,3,3,2,4,4,4,2,2,2
sf,cvs,geogebra,geogebra/geogebra/geogebra/kernel/parser/SimpleCharStream.java,clean,java,IssueFalse,153636,615,17097,18,8,2,8,8,1,7,9,7,8,7,6,7,8,8,8,9,9,9,7,6,5,7,6,7,10,10,9,10,9,9,9,9,8,9,9,9,10,10,10,8,8,9,6,8,9,8,8,8,4,6,8,4,5,3,3,2,10,9,8,6,5,4
sf,cvs,geogebra,geogebra/geogebra/geogebra/kernel/parser/Token.java,clean,java,IssueFalse,153636,615,17097,18,2,7,2,1,10,4,2,1,1,7,6,7,6,6,6,9,9,9,2,1,2,7,6,7,9,9,8,3,3,2,2,2,2,3,3,3,9,9,9,8,8,9,3,3,2,3,2,2,2,2,2,4,5,3,3,2,10,9,9,10,8,7
sf,cvs,geogebra,geogebra/geogebra/geogebra/kernel/parser/TokenMgrError.java,clean,java,IssueFalse,153636,615,17097,18,4,6,4,3,7,7,6,4,4,10,9,9,8,8,8,9,9,9,3,3,2,10,9,9,6,6,4,5,4,3,5,4,3,5,5,4,10,10,10,8,8,9,8,9,6,7,5,4,5,5,4,4,5,3,3,2,9,7,7,10,8,7
sf,cvs,geogebra,geogebra/geogebra/geogebra/kernel/statistics/AlgoFitLogistic.java,clean,java,IssueFalse,153636,615,17097,18,8,10,8,6,7,7,8,6,7,10,9,9,10,10,9,9,9,9,10,9,8,10,9,9,7,7,5,6,5,4,8,8,7,6,6,5,10,10,10,10,10,10,7,8,8,9,8,8,8,8,8,4,5,7,5,4,9,7,7,2,2,2
sf,cvs,geogebra,geogebra/geogebra/geogebra/kernel/statistics/AlgoFitPoly.java,clean,java,IssueFalse,153636,615,17097,18,5,6,5,2,5,9,6,4,4,10,9,9,9,9,9,9,9,9,8,7,5,10,9,9,8,8,7,5,5,3,5,4,3,3,3,3,10,10,10,8,8,9,9,9,6,8,6,4,9,8,5,6,8,5,4,4,7,6,6,2,3,3
sf,cvs,geogebra,geogebra/geogebra/geogebra/kernel/statistics/AlgoFitSin.java,clean,java,IssueFalse,153636,615,17097,18,8,10,9,6,8,10,9,7,8,10,9,9,10,10,9,9,9,9,10,9,8,10,9,9,7,7,5,6,5,4,9,8,7,6,6,5,10,10,10,10,10,10,8,9,9,9,8,8,6,7,8,6,8,6,5,5,7,7,7,5,5,5
sf,cvs,geogebra,geogebra/geogebra/geogebra/kernel/statistics/AlgoRandom.java,clean,java,IssueFalse,153636,615,17097,18,2,2,2,2,7,4,3,1,2,8,8,8,6,6,6,9,9,9,4,3,3,8,8,8,6,6,3,4,4,3,4,3,2,2,2,2,10,10,10,9,9,9,4,4,3,5,4,3,5,3,3,4,5,3,3,2,9,8,7,6,5,4
sf,cvs,geogebra,geogebra/geogebra/geogebra/kernel/statistics/AlgoRandomBinomial.java,clean,java,IssueFalse,153636,615,17097,18,4,8,4,3,9,7,6,4,4,8,8,8,7,6,7,9,9,9,4,3,3,8,8,8,6,6,3,6,5,4,5,4,3,2,2,2,10,10,10,10,9,9,8,7,6,6,4,4,6,4,4,6,5,4,4,3,8,8,7,10,10,9
sf,cvs,geogebra,geogebra/geogebra/geogebra/kernel/statistics/AlgoRandomNormal.java,clean,java,IssueFalse,153636,615,17097,18,2,2,2,2,7,6,4,2,2,8,8,8,6,6,6,9,9,9,4,3,3,8,8,8,6,6,3,4,4,3,4,3,2,2,2,2,10,10,10,9,9,9,6,5,4,5,4,3,5,3,3,4,5,3,3,2,9,8,7,6,5,4
sf,cvs,geogebra,geogebra/geogebra/geogebra/kernel/statistics/AlgoRandomPoisson.java,clean,java,IssueFalse,153636,615,17097,18,4,5,5,3,5,7,6,4,4,10,9,9,10,9,9,9,9,9,5,5,3,10,9,9,7,7,5,6,6,5,6,5,4,3,3,3,10,10,10,10,9,9,7,7,6,5,4,4,7,5,5,6,5,4,4,3,8,8,7,7,7,6
sf,cvs,geogebra,geogebra/geogebra/geogebra/kernel/statistics/AlgoSXX.java,clean,java,IssueFalse,153636,615,17097,18,1,2,1,1,8,2,2,1,1,10,10,9,10,9,9,9,9,9,3,3,2,10,10,9,6,6,3,3,3,2,2,2,2,2,2,2,10,9,9,8,8,9,3,3,2,5,4,2,2,2,2,3,5,4,4,3,6,5,5,2,2,2
sf,cvs,geogebra,geogebra/geogebra/geogebra/kernel/statistics/AlgoStats1D.java,clean,java,IssueFalse,153636,615,17097,18,5,3,6,3,3,6,7,4,5,10,9,9,9,9,9,10,10,10,7,6,4,10,9,9,8,8,7,6,5,4,5,4,3,3,3,3,10,10,10,8,8,9,9,9,6,10,7,6,7,6,4,6,5,9,7,6,7,6,6,10,10,10
sf,cvs,geogebra,geogebra/geogebra/geogebra/kernel/statistics/RegressionMath.java,clean,java,IssueFalse,153636,615,17097,18,8,10,8,7,6,6,9,7,8,7,6,7,8,8,8,9,9,9,5,5,3,7,6,7,10,10,10,9,9,9,9,9,8,9,9,9,9,9,9,10,10,10,7,7,9,10,9,9,8,7,9,7,8,4,4,4,6,6,6,2,3,4
sf,cvs,geogebra,geogebra/geogebra/geogebra/main/AppletImplementation.java,buggy,java,IssueFalse,153636,615,17097,18,9,10,9,10,7,6,5,9,10,7,8,10,7,9,10,9,10,10,6,10,10,7,8,10,7,10,10,6,10,10,6,10,10,7,10,10,9,10,10,9,10,10,5,7,10,5,8,10,5,9,10,10,10,10,10,10,10,10,10,10,10,10
sf,cvs,geogebra,geogebra/geogebra/geogebra/main/Application.java,buggy,java,IssueFalse,153636,615,17097,18,10,10,10,10,5,9,10,10,10,7,6,10,9,10,10,9,10,10,10,10,10,7,6,10,10,10,10,10,10,10,10,10,10,10,10,10,9,10,10,10,10,10,7,9,10,10,10,10,6,10,10,10,10,3,3,2,4,4,4,2,2,2
sf,cvs,geogebra,geogebra/geogebra/geogebra/main/DefaultApplet.java,buggy,java,IssueFalse,153636,615,17097,18,1,1,1,1,7,2,2,1,1,8,8,8,10,9,9,9,9,9,3,3,2,8,8,8,6,6,3,3,3,2,2,2,2,2,2,2,10,9,9,8,8,9,3,3,2,3,2,2,2,2,2,6,8,3,3,2,4,4,4,6,5,4
sf,cvs,geogebra,geogebra/geogebra/geogebra/main/GeoGebraPreferences.java,buggy,java,IssueFalse,153636,615,17097,18,6,8,7,5,6,9,8,6,7,7,6,7,8,7,7,9,9,9,8,7,5,7,6,7,9,8,8,8,7,7,8,7,6,8,8,7,9,9,9,9,9,9,8,8,8,9,8,7,6,4,6,3,8,8,6,5,7,6,6,4,3,3
sf,cvs,geogebra,geogebra/geogebra/geogebra/main/GlobalKeyDispatcher.java,buggy,java,IssueFalse,153636,615,17097,18,8,9,8,4,5,10,9,8,9,7,6,7,7,7,7,9,9,9,10,9,8,7,6,7,8,7,6,7,6,5,6,5,4,4,4,3,9,9,9,10,10,10,10,10,9,10,9,6,10,10,8,9,10,8,6,9,6,8,8,8,8,9
sf,cvs,geogebra,geogebra/geogebra/geogebra/main/GuiManager.java,clean,java,IssueFalse,153636,615,17097,18,6,8,7,10,6,2,10,9,9,5,4,5,10,10,9,10,10,10,10,9,7,5,4,5,6,6,3,10,10,10,10,10,10,10,10,10,9,9,9,8,8,9,3,3,10,2,5,9,1,2,6,10,10,8,8,9,9,9,10,5,7,8
sf,cvs,geogebra,geogebra/geogebra/geogebra/plugin/GgbAPI.java,clean,java,IssueFalse,153636,615,17097,18,9,10,9,10,7,7,10,9,10,7,6,7,9,9,9,9,9,9,10,10,9,7,6,7,9,8,8,10,10,10,10,10,10,10,10,10,9,9,9,8,8,9,6,6,10,6,5,9,4,5,9,10,9,9,10,10,9,10,10,6,8,9
sf,cvs,geogebra,geogebra/geogebra/geogebra/plugin/PluginManager.java,buggy,java,IssueFalse,153636,615,17097,18,7,9,7,4,7,10,8,6,6,7,6,7,7,7,7,9,9,9,10,10,9,7,6,7,8,8,7,7,7,6,7,6,5,6,6,5,9,9,9,10,10,10,9,8,8,6,5,5,9,7,7,7,5,4,4,4,5,5,5,7,7,7
sf,cvs,geogebra,geogebra/geogebra/geogebra/plugin/ScriptManager.java,buggy,java,IssueFalse,153636,615,17097,18,7,9,7,7,7,7,8,6,8,7,6,8,7,7,8,9,9,9,7,7,8,7,6,8,8,9,9,8,8,8,7,7,8,8,8,9,9,9,9,9,9,9,7,6,9,5,5,6,6,6,8,6,5,5,5,4,8,7,7,4,6,4
sf,cvs,geogebra,geogebra/geogebra/geogebra/util/ImageManager.java,clean,java,IssueFalse,153636,615,17097,18,6,7,6,4,5,7,7,5,5,7,6,7,7,7,7,9,9,9,10,10,8,7,6,7,8,8,7,6,6,5,7,6,5,7,7,7,9,9,9,9,9,9,7,7,7,8,4,6,7,6,6,6,8,6,6,5,7,6,6,7,6,6
sf,cvs,geogebra,geogebra/geogebra/geogebra/util/ScientificFormat.java,clean,java,IssueFalse,153636,615,17097,18,5,8,6,5,6,6,8,5,6,8,8,8,8,8,8,9,9,9,9,8,6,8,8,8,8,8,7,8,7,7,8,7,6,8,7,7,9,9,9,10,10,10,7,9,7,6,5,6,6,6,6,7,8,3,5,4,6,6,6,4,3,5
sf,cvs,geogebra,geogebra/geogebra/geogebra/util/Util.java,buggy,java,IssueFalse,153636,615,17097,18,8,9,8,6,5,9,10,8,9,7,6,7,8,7,7,9,9,9,10,10,9,7,6,7,6,6,3,3,3,2,8,7,6,9,8,8,9,9,9,8,8,9,10,10,9,8,8,7,8,5,7,3,5,10,7,6,4,4,4,2,2,2
sf,cvs,geogebra,geogebra/geogebra/geogebra3D/Application3D.java,buggy,java,IssueFalse,153636,615,17097,18,4,8,4,3,8,4,4,2,3,8,8,8,10,10,10,9,9,9,10,9,8,8,8,8,8,7,6,6,5,4,5,5,4,6,6,5,9,9,9,9,9,9,4,4,4,8,6,4,8,8,5,9,8,8,9,9,6,7,7,6,7,8
sf,cvs,geogebra,geogebra/geogebra/geogebra3D/Attic/GeoGebra3D.java,clean,java,IssueFalse,153636,615,17097,18,3,4,3,1,7,4,3,1,2,10,10,10,10,10,10,9,9,9,8,7,6,10,10,10,6,6,3,1,1,1,2,2,2,3,3,3,9,9,9,8,8,9,7,6,3,5,3,2,10,7,4,4,8,7,5,4,7,6,6,6,5,4
sf,cvs,geogebra,geogebra/geogebra/geogebra3D/Matrix/Ggb3DMatrix.java,clean,java,IssueFalse,153636,615,17097,18,8,10,9,8,6,7,10,8,9,7,6,7,9,8,8,10,10,10,8,7,5,7,6,7,8,8,7,9,9,9,10,9,9,10,10,9,10,9,9,9,9,9,7,8,9,9,9,9,6,5,9,7,5,10,10,9,5,5,6,10,10,9
sf,cvs,geogebra,geogebra/geogebra/geogebra3D/Matrix/Ggb3DVector.java,clean,java,IssueFalse,153636,615,17097,18,6,9,7,7,8,6,8,6,7,8,8,8,9,9,9,9,9,9,4,3,3,8,8,8,6,6,3,9,9,8,9,9,8,9,9,9,9,9,9,8,8,9,5,5,8,9,10,9,7,5,8,6,5,10,9,10,7,7,7,10,10,9
sf,cvs,geogebra,geogebra/geogebra/geogebra3D/Test3D.java,buggy,java,IssueFalse,153636,615,17097,18,8,9,8,7,6,4,8,5,6,7,6,7,8,8,8,9,9,9,10,10,8,7,6,7,8,8,7,9,9,9,9,9,8,2,2,2,9,9,9,10,10,10,4,6,7,5,8,7,5,7,8,10,5,8,10,10,8,10,10,9,10,10
sf,cvs,geogebra,geogebra/geogebra/geogebra3D/euclidian3D/Attic/Drawable3DSolid.java,clean,java,IssueFalse,153636,615,17097,18,3,2,3,3,5,4,5,3,3,8,8,8,8,8,8,10,10,10,4,3,3,8,8,8,6,6,3,6,6,5,6,5,4,7,6,6,9,9,9,8,8,9,5,5,5,4,5,3,6,5,5,8,5,4,5,5,4,4,4,4,6,6
sf,cvs,geogebra,geogebra/geogebra/geogebra3D/euclidian3D/Attic/Drawable3DTransparent.java,clean,java,IssueFalse,153636,615,17097,18,3,1,3,3,2,4,6,3,3,8,8,8,8,8,8,10,10,10,5,4,3,8,8,8,6,6,3,6,6,5,6,5,4,6,6,5,9,9,9,8,8,9,6,5,5,2,4,3,5,5,4,8,5,6,6,6,4,4,4,4,6,6
sf,cvs,geogebra,geogebra/geogebra/geogebra3D/euclidian3D/Attic/EuclidianRenderer3D.java,clean,java,IssueFalse,153636,615,17097,18,9,10,9,9,8,7,9,8,9,7,6,7,9,9,9,9,9,9,9,8,7,7,6,7,10,10,10,10,10,10,10,10,9,10,10,9,9,9,9,10,10,10,5,8,9,8,9,9,6,9,9,10,5,10,10,10,8,9,10,9,10,10
sf,cvs,geogebra,geogebra/geogebra/geogebra3D/euclidian3D/DrawConic3D.java,clean,java,IssueFalse,153636,615,17097,18,3,2,3,3,4,4,4,2,3,10,9,9,9,8,8,9,9,9,5,5,3,10,9,9,8,7,6,6,5,4,5,5,4,6,6,5,9,9,9,9,9,9,4,4,4,6,5,4,6,4,4,4,5,6,6,5,6,6,6,7,7,6
sf,cvs,geogebra,geogebra/geogebra/geogebra3D/euclidian3D/DrawLine3D.java,buggy,java,IssueFalse,153636,615,17097,18,3,1,3,4,3,2,5,2,3,10,9,9,9,9,8,9,9,9,5,5,3,10,9,9,6,6,3,7,6,5,7,6,5,7,7,7,9,9,9,8,8,9,3,3,4,2,3,3,2,3,3,8,5,10,9,9,10,10,9,8,9,9
sf,cvs,geogebra,geogebra/geogebra/geogebra3D/euclidian3D/DrawList3D.java,buggy,java,IssueFalse,153636,615,17097,18,2,3,2,1,8,4,3,1,2,10,10,10,9,9,9,9,9,9,4,3,3,10,10,10,6,6,4,3,3,2,2,2,2,3,3,3,9,9,9,8,8,9,6,5,3,2,2,2,5,3,2,6,5,3,3,2,4,4,4,4,3,3
sf,cvs,geogebra,geogebra/geogebra/geogebra3D/euclidian3D/DrawPlane3D.java,clean,java,IssueFalse,153636,615,17097,18,2,5,2,3,9,2,4,2,2,10,9,9,9,8,8,9,9,9,3,3,2,10,9,9,6,6,3,6,5,4,5,5,4,6,6,5,9,9,9,8,8,9,3,3,4,2,3,3,3,4,3,7,5,9,9,8,10,9,9,10,10,10
sf,cvs,geogebra,geogebra/geogebra/geogebra3D/euclidian3D/DrawPoint3D.java,clean,java,IssueFalse,153636,615,17097,18,2,1,2,2,1,4,4,2,2,10,9,9,8,8,8,9,9,9,4,3,3,10,9,9,6,6,3,5,5,3,5,4,3,6,5,5,9,9,9,8,8,9,5,5,4,6,5,4,4,4,3,8,5,5,6,6,9,10,9,7,8,8
sf,cvs,geogebra,geogebra/geogebra/geogebra3D/euclidian3D/DrawPolygon3D.java,clean,java,IssueFalse,153636,615,17097,18,2,1,2,3,1,4,4,2,2,10,9,9,9,8,8,9,9,9,5,4,3,10,9,9,6,6,3,6,5,4,5,4,3,6,6,5,9,9,9,8,8,9,4,4,4,3,3,3,3,5,3,9,5,9,10,9,9,10,10,7,8,8
sf,cvs,geogebra,geogebra/geogebra/geogebra3D/euclidian3D/DrawQuadric.java,clean,java,IssueFalse,153636,615,17097,18,2,1,2,3,2,2,3,2,2,10,9,9,9,8,8,9,9,9,2,2,2,10,9,9,6,6,3,6,5,4,5,4,3,6,5,5,9,9,9,8,8,9,3,3,3,2,3,3,1,2,2,4,5,3,4,3,4,4,4,2,3,3
sf,cvs,geogebra,geogebra/geogebra/geogebra3D/euclidian3D/DrawRay3D.java,clean,java,IssueFalse,153636,615,17097,18,2,1,2,2,2,2,3,1,2,10,9,9,8,8,8,9,9,9,5,4,3,10,9,9,6,6,3,5,5,3,5,4,3,6,5,5,9,9,9,8,8,9,3,3,3,4,3,3,4,3,3,6,5,3,4,3,5,5,5,2,3,3
sf,cvs,geogebra,geogebra/geogebra/geogebra3D/euclidian3D/DrawSegment3D.java,clean,java,IssueFalse,153636,615,17097,18,2,1,2,2,1,2,3,1,2,10,9,9,8,8,8,9,9,9,4,3,3,10,9,9,6,6,4,5,5,3,5,4,3,6,5,5,9,9,9,8,8,9,3,3,3,4,3,3,4,3,3,8,5,9,10,9,9,10,9,8,9,8
sf,cvs,geogebra,geogebra/geogebra/geogebra3D/euclidian3D/DrawVector3D.java,clean,java,IssueFalse,153636,615,17097,18,2,1,2,2,2,2,3,1,2,10,9,9,8,8,8,9,9,9,4,3,3,10,9,9,6,6,3,5,5,3,5,4,3,6,5,5,9,9,9,8,8,9,3,3,3,6,4,3,5,4,3,4,5,7,6,5,4,4,4,6,6,5
sf,cvs,geogebra,geogebra/geogebra/geogebra3D/euclidian3D/Drawable3D.java,clean,java,IssueFalse,153636,615,17097,18,6,10,6,7,9,7,6,6,7,7,6,9,7,8,9,10,10,10,3,6,6,7,6,9,7,9,8,7,9,9,6,8,8,6,9,8,10,10,10,8,8,9,6,9,8,7,10,8,3,6,6,10,5,10,10,10,9,10,10,9,9,10
sf,cvs,geogebra,geogebra/geogebra/geogebra3D/euclidian3D/EuclidianController3D.java,buggy,java,IssueFalse,153636,615,17097,18,7,9,7,7,6,6,8,6,7,8,8,8,10,10,10,9,9,9,10,10,8,8,8,8,10,9,9,9,9,9,9,9,8,6,5,5,10,10,10,10,9,9,5,7,8,5,6,7,6,7,8,10,8,9,10,10,10,10,10,9,10,10
sf,cvs,geogebra,geogebra/geogebra/geogebra3D/euclidian3D/EuclidianView3D.java,buggy,java,IssueFalse,153636,615,17097,18,8,10,8,10,6,7,10,8,9,10,10,10,10,10,10,9,9,9,10,10,10,10,10,10,10,10,10,10,10,10,10,10,10,10,10,10,10,9,9,9,9,9,4,9,9,3,7,8,2,7,8,10,5,10,10,10,9,10,10,8,10,10
sf,cvs,geogebra,geogebra/geogebra/geogebra3D/euclidian3D/Hits3D.java,clean,java,IssueFalse,153636,615,17097,18,4,5,5,3,6,7,7,4,4,10,10,10,9,9,9,9,9,9,6,5,4,10,10,10,8,8,7,6,5,4,5,4,3,6,6,5,9,9,9,8,8,9,9,8,6,8,5,4,6,6,4,8,5,9,9,9,7,8,7,8,9,8
sf,cvs,geogebra,geogebra/geogebra/geogebra3D/euclidian3D/opengl/Attic/EuclidianRenderer3D.java,clean,java,IssueFalse,153636,615,17097,18,9,10,10,9,8,6,9,8,9,7,6,7,9,9,9,9,9,9,9,9,7,7,6,7,10,10,10,10,10,10,10,10,9,10,10,9,9,9,9,10,10,10,6,8,9,9,9,10,7,9,9,3,5,10,8,7,4,4,4,9,7,6
sf,cvs,geogebra,geogebra/geogebra/geogebra3D/kernel/linalg/GgbMatrix.java,buggy,java,IssueFalse,153636,615,17097,18,8,8,9,8,4,7,9,8,9,7,6,7,8,8,8,10,10,10,8,7,5,7,6,7,8,8,7,9,9,9,10,9,9,10,10,9,9,9,9,9,9,9,7,8,9,8,9,9,6,5,9,6,5,10,8,7,10,10,10,10,9,8
sf,cvs,geogebra,geogebra/geogebra/geogebra3D/kernel/linalg/GgbVector.java,clean,java,IssueFalse,153636,615,17097,18,6,8,6,7,6,6,8,5,6,8,8,8,9,9,9,9,9,9,4,3,3,8,8,8,6,6,3,9,8,8,9,8,7,9,9,9,9,9,9,8,8,9,5,5,7,8,8,7,7,5,8,6,5,10,8,7,4,4,4,7,6,4
sf,cvs,geogebra,geogebra/geogebra/geogebra3D/kernel3D/Algo3Dto2D.java,clean,java,IssueFalse,153636,615,17097,18,3,1,3,3,1,4,4,2,2,10,10,9,10,10,9,9,9,9,8,7,5,10,10,9,8,7,6,6,5,4,5,4,3,4,4,3,10,10,10,8,8,9,4,4,4,7,4,4,6,5,4,7,5,3,4,3,5,5,5,5,6,7
sf,cvs,geogebra,geogebra/geogebra/geogebra3D/kernel3D/AlgoCoordSys2D.java,clean,java,IssueFalse,153636,615,17097,18,4,7,4,3,8,6,6,3,3,10,10,9,10,10,9,9,9,9,8,7,5,10,10,9,8,8,7,6,6,5,6,5,4,6,5,5,10,10,10,8,8,9,6,6,5,7,5,5,5,5,4,8,5,7,7,7,7,7,7,6,7,7
sf,cvs,geogebra,geogebra/geogebra/geogebra3D/kernel3D/AlgoElement3D.java,clean,java,IssueFalse,153636,615,17097,18,2,8,2,2,10,4,3,2,2,10,9,9,9,9,9,10,10,10,2,2,2,10,9,9,6,6,3,5,5,3,5,4,3,2,2,2,10,10,10,8,8,9,4,4,3,8,6,4,2,3,3,4,5,10,10,9,6,6,6,6,6,5
sf,cvs,geogebra,geogebra/geogebra/geogebra3D/kernel3D/AlgoIntersectCoordSys.java,clean,java,IssueFalse,153636,615,17097,18,4,7,4,4,8,6,7,4,4,10,10,9,10,10,9,9,9,9,8,7,6,10,10,9,8,7,6,7,7,6,7,6,5,2,2,2,10,10,10,10,9,9,6,7,6,6,4,5,5,4,5,3,5,9,7,6,9,8,7,10,8,7
sf,cvs,geogebra,geogebra/geogebra/geogebra3D/kernel3D/AlgoJoinPoints3D.java,buggy,java,IssueFalse,153636,615,17097,18,4,8,4,4,8,6,7,4,4,10,10,9,10,10,9,9,9,9,8,7,6,10,10,9,8,8,7,7,6,5,7,6,5,3,3,3,10,10,10,8,8,9,6,7,6,9,7,6,5,6,4,8,5,9,8,8,9,9,9,10,9,9
sf,cvs,geogebra,geogebra/geogebra/geogebra3D/kernel3D/AlgoPoint3DInRegion.java,clean,java,IssueFalse,153636,615,17097,18,3,2,3,3,4,4,4,2,3,10,10,9,10,10,9,9,9,9,7,6,5,10,10,9,7,7,5,6,5,4,5,5,4,2,2,2,10,10,10,8,8,9,4,4,4,6,6,4,7,6,4,3,5,3,3,2,7,6,6,2,2,2
sf,cvs,geogebra,geogebra/geogebra/geogebra3D/kernel3D/AlgoPoint3DOnPath.java,clean,java,IssueFalse,153636,615,17097,18,3,2,3,3,5,4,4,2,2,10,10,9,10,10,9,9,9,9,6,5,4,10,10,9,7,7,5,6,5,4,5,5,4,2,2,2,10,10,10,8,8,9,4,4,4,6,5,4,6,5,4,7,5,5,5,5,8,7,8,5,6,6
sf,cvs,geogebra,geogebra/geogebra/geogebra3D/kernel3D/AlgoPolygon3D.java,clean,java,IssueFalse,153636,615,17097,18,2,5,2,2,9,2,3,1,2,10,10,9,10,10,9,9,9,9,6,5,4,10,10,9,6,6,4,5,4,3,4,3,2,4,4,3,10,9,9,8,8,9,3,3,3,9,5,4,3,2,3,8,5,9,9,9,10,10,10,9,9,9
sf,cvs,geogebra,geogebra/geogebra/geogebra3D/kernel3D/AlgoPolyhedron.java,buggy,java,IssueFalse,153636,615,17097,18,2,3,3,2,7,6,4,2,2,10,10,9,10,9,9,9,9,9,5,5,3,10,10,9,6,6,4,5,4,3,4,3,2,3,3,3,10,10,10,8,8,9,6,6,4,5,4,3,4,4,3,6,5,8,7,6,5,5,6,5,5,5
sf,cvs,geogebra,geogebra/geogebra/geogebra3D/kernel3D/AlgoTo2D.java,clean,java,IssueFalse,153636,615,17097,18,3,4,4,3,6,4,5,2,3,10,10,9,10,10,9,9,9,9,5,5,3,10,10,9,7,7,5,6,6,5,6,5,4,3,3,3,10,10,10,8,8,9,4,5,4,5,5,4,4,5,4,3,5,3,3,2,7,6,6,2,2,2
sf,cvs,geogebra,geogebra/geogebra/geogebra3D/kernel3D/ConstructionDefaults3D.java,clean,java,IssueFalse,153636,615,17097,18,5,6,6,2,5,7,5,3,3,8,8,8,7,7,7,9,9,9,9,8,6,8,8,8,6,6,3,4,4,3,3,3,2,3,3,3,10,9,9,8,8,9,9,8,5,10,9,6,10,8,4,8,5,10,10,10,7,7,7,7,8,7
sf,cvs,geogebra,geogebra/geogebra/geogebra3D/kernel3D/GeoConic3D.java,clean,java,IssueFalse,153636,615,17097,18,3,6,4,5,7,4,6,3,4,10,10,9,10,10,10,9,9,9,5,5,3,10,10,9,7,7,5,8,7,6,7,7,5,8,8,7,9,9,9,8,8,9,4,4,5,2,4,4,2,4,4,6,5,9,7,7,4,4,4,7,7,6
sf,cvs,geogebra,geogebra/geogebra/geogebra3D/kernel3D/GeoCoordSys.java,clean,java,IssueFalse,153636,615,17097,18,5,7,6,7,6,7,8,5,6,10,10,9,10,10,10,10,10,10,4,3,3,10,10,9,8,8,7,9,9,8,9,8,7,9,9,8,9,9,9,9,9,9,5,9,7,7,6,7,3,7,6,9,5,10,10,10,5,5,6,7,9,9
sf,cvs,geogebra,geogebra/geogebra/geogebra3D/kernel3D/GeoCoordSys1D.java,buggy,java,IssueFalse,153636,615,17097,18,4,5,4,5,5,6,7,4,4,10,10,10,10,10,10,10,10,10,7,6,4,10,10,10,6,6,3,8,7,6,7,7,5,8,8,7,9,9,9,8,8,9,5,6,6,5,4,5,6,7,6,10,5,8,8,9,9,9,9,10,10,10
sf,cvs,geogebra,geogebra/geogebra/geogebra3D/kernel3D/GeoCoordSys2D.java,clean,java,IssueFalse,153636,615,17097,18,4,4,4,6,5,4,7,4,4,10,10,10,10,10,10,10,10,10,6,5,4,10,10,10,8,8,7,9,8,7,8,8,7,8,8,8,10,10,10,8,8,9,3,4,6,4,4,5,3,4,5,9,5,9,9,9,9,10,9,8,9,9
sf,cvs,geogebra,geogebra/geogebra/geogebra3D/kernel3D/GeoElement3D.java,clean,java,IssueFalse,153636,615,17097,18,3,9,3,4,10,2,5,3,3,10,9,9,10,10,10,10,10,10,2,2,2,10,9,9,8,7,6,7,7,6,7,6,5,8,7,7,9,9,9,8,8,9,3,3,5,4,4,4,2,2,3,9,5,9,10,10,8,9,9,7,9,9
sf,cvs,geogebra,geogebra/geogebra/geogebra3D/kernel3D/GeoLine3D.java,clean,java,IssueFalse,153636,615,17097,18,4,2,4,6,4,2,7,4,4,10,10,10,10,10,10,10,10,10,7,6,5,10,10,10,6,6,4,9,8,8,8,8,7,8,8,8,10,10,10,8,8,9,3,3,6,2,3,3,2,4,4,8,5,8,9,8,5,6,6,7,8,8
sf,cvs,geogebra,geogebra/geogebra/geogebra3D/kernel3D/GeoPlane3D.java,clean,java,IssueFalse,153636,615,17097,18,5,5,5,7,5,4,7,5,5,10,10,10,10,10,10,9,9,9,5,4,3,10,10,10,9,8,8,9,9,8,9,8,7,9,9,8,10,10,10,8,8,9,3,5,7,3,6,5,3,5,6,9,5,8,9,9,9,9,9,9,9,9
sf,cvs,geogebra,geogebra/geogebra/geogebra3D/kernel3D/GeoPoint3D.java,buggy,java,IssueFalse,153636,615,17097,18,7,9,7,9,6,9,9,7,8,10,10,10,10,10,10,9,9,9,9,8,7,10,10,10,10,9,9,10,10,10,10,10,9,10,10,10,10,10,10,8,8,9,4,7,9,5,6,8,3,5,8,10,5,9,10,10,8,9,9,8,10,10
sf,cvs,geogebra,geogebra/geogebra/geogebra3D/kernel3D/GeoPolygon3D.java,buggy,java,IssueFalse,153636,615,17097,18,5,8,6,6,7,6,8,5,5,10,10,9,10,10,10,9,9,9,10,9,7,10,10,9,8,7,6,9,8,8,9,8,7,9,9,8,9,9,9,8,8,9,4,6,7,3,4,5,4,5,6,10,5,10,10,10,9,9,10,9,10,10
sf,cvs,geogebra,geogebra/geogebra/geogebra3D/kernel3D/GeoPolyhedron.java,buggy,java,IssueFalse,153636,615,17097,18,5,7,6,6,5,7,7,5,5,10,10,9,10,10,10,9,9,9,9,8,6,10,10,9,8,8,7,8,8,7,8,7,6,8,8,8,10,10,10,8,8,9,5,7,7,3,4,5,4,5,5,6,5,10,9,9,8,7,8,9,9,9
sf,cvs,geogebra,geogebra/geogebra/geogebra3D/kernel3D/GeoRay3D.java,clean,java,IssueFalse,153636,615,17097,18,2,1,2,3,2,2,3,2,2,10,10,10,10,10,10,9,9,9,3,3,2,10,10,10,6,6,3,6,5,4,5,4,3,6,5,5,10,9,9,8,8,9,3,3,3,2,3,2,2,3,3,6,5,4,4,4,5,5,6,2,3,3
sf,cvs,geogebra,geogebra/geogebra/geogebra3D/kernel3D/GeoSegment3D.java,clean,java,IssueFalse,153636,615,17097,18,5,9,5,7,8,4,7,5,5,10,10,10,10,10,10,9,9,9,7,6,4,10,10,10,6,6,4,9,9,8,9,8,8,9,9,9,10,10,10,8,8,9,3,4,7,2,3,4,2,4,5,9,5,9,10,10,7,8,9,7,8,9
sf,cvs,geogebra,geogebra/geogebra/geogebra3D/kernel3D/GeoVec.java,clean,java,IssueFalse,153636,615,17097,18,2,4,3,3,7,2,4,2,2,10,10,9,10,10,10,10,10,10,3,3,2,10,10,9,7,7,5,6,6,5,6,5,4,7,6,6,9,9,9,8,8,9,3,3,4,9,9,6,4,4,4,7,5,6,6,6,6,6,6,8,8,7
sf,cvs,geogebra,geogebra/geogebra/geogebra3D/kernel3D/GeoVec4D.java,clean,java,IssueFalse,153636,615,17097,18,3,5,3,4,7,2,5,3,3,10,10,10,10,10,10,10,10,10,7,6,4,10,10,10,6,6,3,7,6,5,7,6,5,7,7,7,10,9,9,8,8,9,3,3,5,6,5,5,6,5,5,6,5,8,8,7,6,6,6,2,5,4
sf,cvs,geogebra,geogebra/geogebra/geogebra3D/kernel3D/GeoVector3D.java,clean,java,IssueFalse,153636,615,17097,18,3,1,3,5,3,2,6,3,4,10,10,10,10,10,10,9,9,9,3,3,2,10,10,10,6,6,3,8,7,7,8,7,6,8,7,7,10,10,10,8,8,9,3,3,5,2,4,3,2,4,4,6,5,4,5,4,5,5,5,5,7,6
sf,cvs,geogebra,geogebra/geogebra/geogebra3D/kernel3D/Kernel3D.java,buggy,java,IssueFalse,153636,615,17097,18,6,9,6,7,7,6,8,5,6,8,8,8,10,10,10,9,9,9,10,10,9,8,8,8,6,6,4,9,9,8,9,8,8,9,9,9,10,9,9,8,8,9,4,5,7,9,6,8,5,4,7,10,8,8,10,10,6,7,9,5,8,9
sf,cvs,geogebra,geogebra/geogebra/geogebra3D/kernel3D/arithmetic/Attic/MyVec3DNode.java,clean,java,IssueFalse,153636,615,17097,18,5,4,6,7,4,4,8,5,6,8,8,8,9,8,8,9,9,9,5,5,3,8,8,8,8,8,7,9,9,8,9,8,8,9,9,9,9,9,9,9,9,9,4,6,7,3,4,5,3,4,6,4,5,3,3,2,6,5,5,7,6,4
sf,cvs,geogebra,geogebra/geogebra/geogebra3D/kernel3D/commands/AlgebraProcessor3D.java,clean,java,IssueFalse,153636,615,17097,18,2,1,3,1,4,4,2,1,1,8,8,8,8,8,8,9,9,9,7,6,5,8,8,8,6,6,4,3,3,2,2,2,2,2,2,2,10,9,9,8,8,9,5,4,3,5,3,2,8,4,3,4,5,9,8,7,9,8,8,7,7,6
sf,cvs,geogebra,geogebra/geogebra/geogebra3D/kernel3D/commands/CmdLine3D.java,clean,java,IssueFalse,153636,615,17097,18,3,1,3,2,2,7,3,2,2,8,8,8,6,6,6,9,9,9,7,6,4,8,8,8,6,6,4,4,4,3,3,3,2,4,4,3,9,9,9,8,8,9,6,6,3,4,2,3,6,4,3,3,5,3,3,2,6,5,5,2,2,2
sf,cvs,geogebra,geogebra/geogebra/geogebra3D/kernel3D/commands/CmdPoint3D.java,clean,java,IssueFalse,153636,615,17097,18,3,1,3,2,2,7,3,2,2,8,8,8,6,6,6,9,9,9,7,6,4,8,8,8,6,6,4,4,4,3,3,3,2,4,4,3,9,9,9,8,8,9,6,6,3,4,2,3,6,4,3,6,5,3,3,2,7,6,6,2,3,4
sf,cvs,geogebra,geogebra/geogebra/geogebra3D/kernel3D/commands/CmdPolygon3D.java,clean,java,IssueFalse,153636,615,17097,18,3,1,3,2,3,7,4,2,2,8,8,8,6,6,6,9,9,9,7,6,5,8,8,8,6,6,4,4,4,3,3,3,2,4,4,3,9,9,9,8,8,9,8,7,4,5,3,3,7,5,3,6,8,4,4,4,9,9,8,9,9,8
sf,cvs,geogebra,geogebra/geogebra/geogebra3D/kernel3D/commands/CmdPyramid.java,clean,java,IssueFalse,153636,615,17097,18,2,1,3,2,4,6,3,1,2,8,8,8,6,6,6,9,9,9,6,5,4,8,8,8,6,6,4,4,4,3,3,3,2,4,4,3,9,9,9,8,8,9,5,5,3,5,3,3,6,4,3,3,5,3,3,2,7,6,6,2,2,2
sf,cvs,geogebra,geogebra/geogebra/geogebra3D/kernel3D/commands/CmdSegment3D.java,buggy,java,IssueFalse,153636,615,17097,18,3,1,3,2,3,7,3,2,2,8,8,8,6,6,6,9,9,9,7,6,5,8,8,8,6,6,4,4,4,3,3,3,2,4,4,3,9,9,9,8,8,9,6,6,3,4,2,3,6,5,3,3,5,3,3,2,4,4,4,4,3,3
sf,cvs,geogebra,geogebra/geogebra/geogebra3D/kernel3D/commands/CommandDispatcher3D.java,clean,java,IssueFalse,153636,615,17097,18,2,1,2,1,2,2,2,1,1,8,8,8,7,6,7,9,9,9,6,5,4,8,8,8,6,6,4,3,3,2,2,2,2,2,2,2,10,9,9,8,8,9,3,3,2,4,2,2,7,4,3,3,5,4,4,3,4,4,4,2,2,2
sf,cvs,geogebra,geogebra/geogebra/jasymca/GeoGebraJasymca.java,clean,java,IssueFalse,153636,615,17097,18,3,5,3,2,7,7,5,2,3,8,8,8,8,7,7,9,9,9,5,5,3,8,8,8,6,6,4,4,4,3,3,3,2,4,4,3,9,9,9,8,8,9,9,7,4,8,4,3,9,5,4,8,5,3,3,2,6,6,6,9,8,7
sf,cvs,geogebra,geogebra/geogebra/jasymca/Lambda.java,clean,java,IssueFalse,153636,615,17097,18,9,8,10,9,2,10,3,5,10,10,10,10,9,9,10,10,10,10,2,5,10,10,10,10,6,7,8,3,5,10,2,4,9,2,5,9,9,9,9,8,8,9,9,8,10,5,7,8,8,7,10,7,5,3,3,2,4,4,4,4,3,3
sf,cvs,geogebra,geogebra/geogebra/jasymca/Lisp.java,clean,java,IssueFalse,153636,615,17097,18,8,9,9,8,4,7,10,9,10,7,6,7,9,8,8,10,10,10,8,7,5,7,6,7,6,6,3,1,1,1,10,9,9,9,9,9,9,9,9,8,8,9,9,10,10,9,10,9,7,7,9,7,5,9,7,6,4,4,4,8,6,5
sf,cvs,geogebra,geogebra/geogebra/org/freehep/graphics2d/BufferedPanel.java,clean,java,IssueFalse,153636,615,17097,18,4,9,4,5,9,7,7,4,4,10,10,10,10,10,10,9,9,9,5,5,3,10,10,10,9,8,8,8,7,6,7,7,5,8,7,7,9,9,9,9,9,9,5,7,6,4,5,4,4,5,5,4,5,3,3,2,4,4,4,4,3,4
sf,cvs,geogebra,geogebra/geogebra/org/freehep/graphics2d/SymbolShape.java,clean,java,IssueFalse,153636,615,17097,18,7,4,8,8,2,4,7,5,7,7,6,8,8,8,8,9,9,9,5,7,5,7,6,8,8,8,9,8,9,9,8,8,8,7,8,8,9,9,9,10,10,10,4,8,8,8,7,8,5,6,7,4,5,3,3,2,4,4,4,4,3,4
sf,cvs,geogebra,geogebra/geogebra/org/freehep/graphics2d/TagHandler.java,clean,java,IssueFalse,153636,615,17097,18,5,5,5,3,5,9,7,4,5,7,6,7,7,7,7,9,9,9,4,3,3,7,6,7,6,6,3,6,5,4,6,5,4,4,4,3,10,10,10,8,8,9,8,8,6,3,2,3,7,7,5,4,5,3,3,2,4,4,4,4,3,4
sf,cvs,geogebra,geogebra/geogebra/org/freehep/graphics2d/VectorGraphics.java,clean,java,IssueFalse,153636,615,17097,18,7,10,8,10,7,4,10,9,9,10,9,9,10,10,10,9,9,9,10,10,9,10,9,9,6,6,3,10,10,10,10,10,10,10,10,10,10,10,10,8,8,9,3,6,10,1,5,6,1,8,7,4,5,3,3,2,4,4,4,4,3,4
sf,cvs,geogebra,geogebra/geogebra/org/freehep/graphics2d/font/AbstractCharTable.java,clean,java,IssueFalse,153636,615,17097,18,2,1,2,2,4,6,3,2,2,7,6,7,6,6,6,10,10,10,5,4,3,7,6,7,6,6,3,4,4,3,3,3,2,4,4,3,9,9,9,8,8,9,6,6,3,3,2,2,5,3,3,4,5,3,3,2,4,4,4,4,3,4
sf,cvs,geogebra,geogebra/geogebra/org/freehep/graphicsio/AbstractVectorGraphicsIO.java,clean,java,IssueFalse,153636,615,17097,18,9,10,9,10,8,9,10,9,10,8,8,8,9,9,9,10,10,10,10,10,10,8,8,8,10,9,9,10,10,10,10,10,10,10,10,10,10,10,10,10,9,9,6,8,10,7,9,10,5,8,10,4,5,3,3,2,4,4,4,4,3,4
sf,cvs,geogebra,geogebra/geogebra/org/freehep/graphicsio/CubicToLinePathConstructor.java,clean,java,IssueFalse,153636,615,17097,18,4,4,5,3,5,6,3,2,3,7,8,9,6,6,8,10,10,10,5,5,5,7,8,9,7,8,7,5,5,5,4,4,4,4,5,5,10,10,10,8,8,9,5,6,5,8,6,5,7,6,5,4,5,3,3,2,4,4,4,4,3,4
sf,cvs,geogebra,geogebra/geogebra/org/freehep/graphicsio/CubicToQuadPathConstructor.java,clean,java,IssueFalse,153636,615,17097,18,5,5,5,4,5,4,4,3,4,9,9,10,7,7,8,10,10,10,3,5,4,9,9,10,6,6,4,5,5,5,5,5,5,6,6,7,9,9,9,8,8,9,5,7,6,7,5,5,3,3,4,4,5,3,3,2,4,4,4,4,3,4
sf,cvs,geogebra,geogebra/geogebra/org/freehep/graphicsio/ImageGraphics2D.java,clean,java,IssueFalse,153636,615,17097,18,8,8,8,8,3,9,8,7,8,8,9,9,9,10,10,9,9,9,10,10,10,8,9,9,7,8,7,7,8,7,8,9,8,8,9,9,10,10,10,9,9,10,7,8,9,9,8,8,8,8,9,4,5,3,3,2,4,4,4,4,3,4
sf,cvs,geogebra,geogebra/geogebra/org/freehep/graphicsio/PolylinePathConstructor.java,clean,java,IssueFalse,153636,615,17097,18,3,1,3,3,3,4,4,2,2,10,9,9,7,7,7,9,9,9,4,3,3,10,9,9,8,7,6,6,5,4,5,5,4,6,6,5,10,9,9,8,8,9,4,4,4,4,3,4,4,3,4,4,5,3,3,2,4,4,4,4,3,4
sf,cvs,geogebra,geogebra/geogebra/org/freehep/graphicsio/emf/Attic/EMFApplet.java,clean,java,IssueFalse,153636,615,17097,18,2,2,3,2,6,4,3,2,2,10,10,10,10,10,10,9,9,9,5,5,3,10,10,10,6,6,3,5,4,3,4,3,2,5,5,4,9,9,9,8,8,9,5,5,3,2,2,2,5,4,3,4,5,3,3,2,4,4,4,4,3,4
sf,cvs,geogebra,geogebra/geogebra/org/freehep/graphicsio/emf/gdi/AlphaBlend.java,clean,java,IssueFalse,153636,615,17097,18,5,6,5,3,5,4,5,2,3,10,9,9,7,7,7,9,9,9,8,7,6,10,9,9,10,9,9,6,5,4,5,4,3,6,6,5,9,9,9,8,8,9,5,4,4,10,8,6,10,8,6,4,5,3,3,2,4,4,4,4,3,4
sf,cvs,geogebra,geogebra/geogebra/org/freehep/graphicsio/emf/gdi/StretchDIBits.java,clean,java,IssueFalse,153636,615,17097,18,5,7,5,3,6,4,4,2,2,10,9,9,7,7,7,9,9,9,8,7,5,10,9,9,10,9,9,6,5,4,5,4,3,6,6,5,9,9,9,8,8,9,4,4,4,10,8,6,10,8,6,4,5,3,3,2,4,4,4,4,3,4
sf,cvs,geogebra,geogebra/geogebra/org/freehep/graphicsio/font/FontTable.java,clean,java,IssueFalse,153636,615,17097,18,5,8,5,6,7,6,5,4,5,7,6,8,7,7,8,9,9,9,7,7,8,7,6,8,7,8,7,6,6,7,6,6,6,6,6,7,10,10,10,9,9,9,4,6,7,4,5,5,5,5,6,4,5,3,3,2,4,4,4,4,3,4
sf,cvs,geogebra,geogebra/geogebra/org/freehep/graphicsio/pdf/PDF.java,clean,java,IssueFalse,153636,615,17097,18,4,2,5,3,3,6,6,3,3,7,6,7,7,7,7,10,10,10,7,6,5,7,6,7,9,8,8,6,6,5,6,5,4,4,4,3,10,10,10,8,8,9,6,5,5,9,9,6,6,5,5,4,5,3,3,2,4,4,4,4,3,4
sf,cvs,geogebra,geogebra/geogebra/org/freehep/graphicsio/pdf/PDFDictionary.java,clean,java,IssueFalse,153636,615,17097,18,5,1,6,5,1,6,8,6,6,7,6,7,8,7,7,10,10,10,7,6,5,7,6,7,8,8,7,8,8,7,8,7,6,8,8,7,9,9,9,8,8,9,7,6,8,10,7,8,5,4,6,4,5,3,3,2,4,4,4,4,3,4
sf,cvs,geogebra,geogebra/geogebra/org/freehep/graphicsio/pdf/PDFGraphics2D.java,clean,java,IssueFalse,153636,615,17097,18,9,9,9,9,4,6,10,8,9,10,9,9,10,10,10,9,9,9,10,10,10,10,9,9,10,10,10,10,10,10,10,10,9,9,9,9,10,10,10,10,10,10,6,9,10,8,9,9,8,10,10,4,5,3,3,2,4,4,4,6,5,5
sf,cvs,geogebra,geogebra/geogebra/org/freehep/graphicsio/pdf/PDFObject.java,clean,java,IssueFalse,153636,615,17097,18,5,2,6,5,2,6,8,5,6,7,6,7,7,7,7,9,9,9,7,6,4,7,6,7,8,8,7,8,7,7,8,7,6,3,3,3,9,9,9,8,8,9,7,6,8,9,6,7,6,4,6,4,5,3,3,2,4,4,4,4,3,4
sf,cvs,geogebra,geogebra/geogebra/org/freehep/graphicsio/pdf/PDFPaintDelayQueue.java,clean,java,IssueFalse,153636,615,17097,18,6,7,6,4,5,7,5,4,4,7,6,8,7,7,8,9,9,9,8,9,8,7,6,8,8,8,8,5,6,6,5,6,5,4,5,5,9,9,9,10,10,10,6,6,6,8,5,6,9,8,7,4,5,3,3,2,4,4,4,4,3,4
sf,cvs,geogebra,geogebra/geogebra/org/freehep/graphicsio/pdf/PDFRedundanceTracker.java,clean,java,IssueFalse,153636,615,17097,18,4,4,4,3,5,7,3,3,3,5,6,8,6,6,8,9,9,9,5,7,7,5,6,8,7,8,8,3,5,4,2,4,4,3,5,5,9,9,9,9,9,9,6,6,5,8,5,4,7,4,5,4,5,3,3,2,4,4,4,4,3,4
sf,cvs,geogebra,geogebra/geogebra/org/freehep/graphicsio/pdf/PDFStream.java,clean,java,IssueFalse,153636,615,17097,18,9,9,9,10,3,7,10,9,9,8,8,8,10,10,9,9,9,9,9,9,7,8,8,8,10,9,9,10,10,10,10,10,10,10,10,10,9,9,9,10,10,10,5,7,10,7,10,10,4,6,9,4,5,3,3,2,4,4,4,4,3,4
sf,cvs,geogebra,geogebra/geogebra/org/freehep/graphicsio/pdf/PDFUtil.java,clean,java,IssueFalse,153636,615,17097,18,3,1,3,2,3,6,5,2,3,7,6,7,6,6,6,9,9,9,6,5,4,7,6,7,6,6,3,3,3,2,4,3,2,4,4,3,9,9,9,9,9,9,7,6,4,10,10,6,6,4,3,4,5,3,3,2,4,4,4,4,3,4
sf,cvs,geogebra,geogebra/geogebra/org/freehep/graphicsio/pdf/PDFWriter.java,clean,java,IssueFalse,153636,615,17097,18,6,4,6,7,3,4,7,5,5,8,8,8,8,8,8,9,9,9,6,5,4,8,8,8,8,7,6,9,9,8,9,8,8,9,9,9,9,9,9,8,8,9,3,4,7,7,8,7,5,5,7,4,5,3,3,2,4,4,4,4,3,4
sf,cvs,geogebra,geogebra/geogebra/org/freehep/graphicsio/svg/SVGFontTable.java,clean,java,IssueFalse,153636,615,17097,18,5,9,6,3,8,6,6,3,4,7,6,7,7,7,7,9,9,9,10,9,8,7,6,7,6,6,4,6,5,4,5,5,4,3,3,3,10,9,9,10,10,10,7,6,5,8,5,5,10,9,6,4,5,3,3,2,4,4,4,4,3,4
sf,cvs,geogebra,geogebra/geogebra/org/freehep/graphicsio/svg/SVGGraphics2D.java,clean,java,IssueFalse,153636,615,17097,18,10,10,10,9,5,9,10,9,10,10,9,9,10,10,10,9,9,9,10,10,10,10,9,9,10,10,10,10,10,10,10,10,9,9,9,8,10,10,10,10,10,10,7,9,10,7,9,9,8,9,10,4,5,3,3,2,4,4,4,6,5,5
sf,cvs,geogebra,geogebra/geogebra/org/freehep/util/DiscreteAngle.java,clean,java,IssueFalse,153636,615,17097,18,4,4,4,3,6,6,6,3,4,7,6,7,7,7,7,9,9,9,7,6,4,7,6,7,6,6,4,6,5,4,5,5,4,6,6,5,9,9,9,8,8,9,7,6,5,4,3,3,7,5,5,4,5,3,3,2,4,4,4,4,3,4
sf,cvs,geogebra,geogebra/geogebra/org/freehep/util/DoubleWithError.java,clean,java,IssueFalse,153636,615,17097,18,4,2,3,4,3,4,5,3,3,7,6,7,7,7,7,9,9,9,2,1,2,7,6,7,8,8,7,7,7,6,7,6,5,8,7,7,9,9,9,8,8,9,4,4,5,5,5,4,3,3,4,4,5,3,3,2,4,4,4,4,3,4
sf,cvs,geogebra,geogebra/geogebra/org/freehep/util/Factory.java,clean,java,IssueFalse,153636,615,17097,18,4,4,4,2,5,7,6,3,4,7,6,7,6,6,6,9,9,9,9,8,7,7,6,7,6,6,3,3,3,2,3,3,2,3,3,3,9,9,9,9,9,9,10,9,5,8,5,3,9,7,4,4,5,3,3,2,4,4,4,4,3,4
sf,cvs,geogebra,geogebra/geogebra/org/freehep/util/Service.java,clean,java,IssueFalse,153636,615,17097,18,4,1,5,2,2,10,7,4,5,7,6,7,6,6,6,9,9,9,10,9,8,7,6,7,6,6,3,3,3,2,4,3,2,4,4,3,9,9,9,9,9,9,10,9,6,4,4,3,10,9,5,4,5,3,3,2,4,4,4,4,3,4
sf,cvs,geogebra,geogebra/geogebra/org/freehep/util/images/ImageUtilities.java,clean,java,IssueFalse,153636,615,17097,18,5,2,5,3,2,9,7,5,5,7,6,7,7,7,7,9,9,9,9,8,6,7,6,7,6,6,3,3,3,2,5,5,4,6,6,5,9,9,9,9,9,9,9,9,7,8,6,4,8,7,5,4,5,3,3,2,4,4,4,4,3,4
sf,cvs,geogebra,geogebra/geogebra/org/freehep/util/io/ASCII85InputStream.java,clean,java,IssueFalse,153636,615,17097,18,5,4,5,2,4,7,7,4,5,8,8,8,7,7,7,9,9,9,6,5,4,8,8,8,9,9,8,5,4,3,5,4,3,5,5,4,9,9,9,9,9,9,10,9,7,7,6,4,8,4,4,4,5,3,3,2,4,4,4,4,3,4
sf,cvs,geogebra,geogebra/geogebra/org/freehep/util/io/Base64OutputStream.java,clean,java,IssueFalse,153636,615,17097,18,4,4,4,3,5,4,6,4,4,10,9,9,8,7,7,9,9,9,4,3,3,10,9,9,8,8,7,6,5,4,5,4,3,5,5,4,9,9,9,9,9,9,8,7,6,6,4,4,5,4,4,4,5,3,3,2,4,4,4,4,3,4
sf,cvs,geogebra,geogebra/geogebra/org/freehep/util/io/BitOutputStream.java,clean,java,IssueFalse,153636,615,17097,18,4,8,5,5,7,7,7,5,5,8,8,8,7,7,7,9,9,9,3,3,2,8,8,8,7,7,5,7,6,5,7,7,5,8,7,7,10,9,9,8,8,9,7,8,7,4,4,4,3,3,4,4,5,3,3,2,4,4,4,4,3,4
sf,cvs,geogebra,geogebra/geogebra/org/freehep/util/io/ByteCountInputStream.java,clean,java,IssueFalse,153636,615,17097,18,3,5,4,2,7,6,6,3,3,8,8,8,6,6,7,9,9,9,3,3,2,8,8,8,8,7,6,5,5,3,5,4,3,6,5,5,9,9,9,8,8,9,8,6,5,5,3,3,5,3,3,4,5,3,3,2,4,4,4,4,3,4
sf,cvs,geogebra,geogebra/geogebra/org/freehep/util/io/ByteCountOutputStream.java,clean,java,IssueFalse,153636,615,17097,18,5,8,5,5,7,6,5,4,5,7,8,9,7,7,8,9,9,9,3,4,3,7,8,9,7,7,7,6,6,6,5,5,6,5,7,6,9,9,9,8,8,9,6,6,7,5,4,5,5,4,6,4,5,3,3,2,4,4,4,4,3,4
sf,cvs,geogebra,geogebra/geogebra/org/freehep/xml/util/SAXErrorHandler.java,clean,java,IssueFalse,153636,615,17097,18,3,3,3,3,6,4,5,3,3,7,6,7,7,7,7,9,9,9,5,4,3,7,6,7,7,7,5,6,5,4,5,5,4,6,6,5,9,9,9,9,9,9,5,6,5,5,5,4,3,4,3,4,5,3,3,2,4,4,4,4,3,4
sf,cvs,geogebra,geogebra/geogebra/org/freehep/xml/util/XHTMLWriter.java,clean,java,IssueFalse,153636,615,17097,18,3,2,3,3,5,4,5,3,3,8,8,8,7,6,7,9,9,9,3,3,2,8,8,8,6,6,3,6,5,4,5,4,3,6,6,5,9,9,9,8,8,9,6,6,5,3,3,3,4,4,3,4,5,3,3,2,4,4,4,4,3,4
sf,cvs,geogebra,geogebra/geogebra/org/mathpiper/Version.java,clean,java,IssueFalse,153636,615,17097,18,1,2,1,1,10,2,2,1,1,7,6,7,6,6,6,9,9,9,2,1,2,7,6,7,6,6,3,1,1,1,1,1,1,1,1,1,9,9,9,8,8,9,1,1,2,1,1,2,1,1,2,9,5,3,3,2,5,5,5,4,5,6
sf,cvs,geogebra,geogebra/geogebra/org/mathpiper/builtin/Array.java,clean,java,IssueFalse,153636,615,17097,18,3,2,2,3,6,2,4,2,2,8,8,8,7,7,7,9,9,9,3,3,2,8,8,8,6,6,4,6,5,4,5,5,4,6,6,5,9,9,9,8,8,9,3,3,4,2,3,3,3,3,3,7,5,4,4,3,6,5,5,4,3,3
sf,cvs,geogebra,geogebra/geogebra/org/mathpiper/builtin/BigNumber.java,clean,java,IssueFalse,153636,615,17097,18,8,10,8,8,7,9,9,8,9,7,6,7,8,8,8,9,9,9,6,5,4,7,6,7,8,8,7,10,9,9,10,9,9,10,9,9,9,9,9,8,8,9,7,8,9,6,5,8,7,6,9,8,5,10,10,10,6,5,6,10,10,10
sf,cvs,geogebra,geogebra/geogebra/org/mathpiper/builtin/PatternContainer.java,clean,java,IssueFalse,153636,615,17097,18,3,3,2,3,7,2,3,2,2,8,8,8,7,7,7,9,9,9,4,3,3,8,8,8,6,6,4,6,5,4,5,4,3,6,6,5,9,9,9,8,8,9,3,3,3,2,3,3,3,3,3,7,5,4,4,3,6,5,5,4,3,3
sf,cvs,geogebra,geogebra/geogebra/org/mathpiper/interpreters/Interpreters.java,clean,java,IssueFalse,153636,615,17097,18,2,7,2,2,10,2,3,1,2,7,6,7,6,6,7,9,9,9,3,3,2,7,6,7,6,6,3,3,3,2,5,4,3,5,5,4,9,9,9,9,9,9,3,3,3,2,2,2,2,2,3,7,5,4,4,3,4,4,4,2,2,2
sf,cvs,geogebra,geogebra/geogebra/org/mathpiper/interpreters/SynchronousInterpreter.java,clean,java,IssueFalse,153636,615,17097,18,7,8,7,4,4,9,8,5,5,7,6,7,7,7,7,9,9,9,10,9,8,7,6,7,9,9,8,6,6,5,7,6,5,6,6,5,9,9,9,9,9,9,7,8,7,8,9,6,8,10,7,8,5,6,6,6,7,7,7,8,8,7
sf,cvs,geogebra,geogebra/geogebra/org/mathpiper/io/CachedStandardFileInputStream.java,clean,java,IssueFalse,153636,615,17097,18,3,2,3,3,5,6,5,3,3,8,8,8,7,7,7,9,9,9,5,4,3,8,8,8,7,7,5,6,6,5,6,5,4,7,6,6,9,9,9,8,8,9,4,5,5,2,3,3,3,3,3,8,5,3,3,2,6,6,6,4,5,4
sf,cvs,geogebra,geogebra/geogebra/org/mathpiper/io/StandardFileOutputStream.java,clean,java,IssueFalse,153636,615,17097,18,1,2,1,1,9,2,2,1,1,8,8,8,6,6,6,9,9,9,2,2,2,8,8,8,6,6,4,3,3,2,2,2,2,3,3,3,9,9,9,8,8,9,3,3,2,3,2,2,2,2,2,7,5,3,3,2,7,6,6,4,3,3
sf,cvs,geogebra,geogebra/geogebra/org/mathpiper/io/StringInputStream.java,clean,java,IssueFalse,153636,615,17097,18,3,2,3,3,5,4,5,2,3,8,8,8,7,7,7,9,9,9,3,3,2,8,8,8,7,7,5,6,5,4,5,5,4,6,6,5,9,9,9,8,8,9,5,5,4,3,3,3,3,3,3,8,5,3,3,2,6,6,6,4,5,4
sf,cvs,geogebra,geogebra/geogebra/org/mathpiper/io/StringOutput.java,clean,java,IssueFalse,153636,615,17097,18,2,3,2,2,8,4,3,1,2,8,8,8,7,6,7,9,9,9,2,2,2,8,8,8,6,6,4,5,4,3,4,3,2,5,5,4,9,9,9,8,8,9,4,4,3,3,2,3,3,3,3,7,5,3,3,2,4,4,4,4,3,3
sf,cvs,geogebra,geogebra/geogebra/org/mathpiper/io/StringOutputStream.java,clean,java,IssueFalse,153636,615,17097,18,1,2,1,1,9,2,2,1,1,8,8,8,6,6,6,9,9,9,2,1,2,8,8,8,6,6,4,3,3,2,2,2,2,3,3,3,9,9,9,8,8,9,3,3,2,5,3,2,2,2,2,8,5,3,3,2,5,5,5,4,5,4
sf,cvs,geogebra,geogebra/geogebra/org/mathpiper/lisp/Environment.java,clean,java,IssueFalse,153636,615,17097,18,8,5,8,7,2,6,6,6,7,7,6,9,7,8,9,9,9,9,5,8,7,7,6,9,10,10,10,7,9,9,7,8,8,7,9,9,9,9,9,8,8,9,5,6,8,8,6,8,5,8,8,8,5,5,5,4,9,8,7,9,7,7
sf,cvs,geogebra,geogebra/geogebra/org/mathpiper/lisp/GlobalVariable.java,clean,java,IssueFalse,153636,615,17097,18,2,3,2,3,8,2,3,2,2,7,6,7,7,6,7,9,9,9,2,1,2,7,6,7,7,7,5,6,5,4,5,4,3,6,6,5,9,9,9,8,8,9,3,3,3,3,3,3,3,3,3,7,5,8,6,5,4,4,4,2,2,2
sf,cvs,geogebra,geogebra/geogebra/org/mathpiper/lisp/LispError.java,clean,java,IssueFalse,153636,615,17097,18,7,5,7,4,2,6,9,6,7,7,6,7,7,7,7,9,9,9,5,4,3,7,6,7,6,6,3,1,1,1,7,6,5,8,7,7,9,9,9,8,8,9,9,10,8,10,10,8,4,4,5,8,5,3,3,2,5,5,5,6,6,5
sf,cvs,geogebra,geogebra/geogebra/org/mathpiper/lisp/LispExpressionEvaluator.java,clean,java,IssueFalse,153636,615,17097,18,6,10,6,3,9,9,8,5,6,8,8,8,7,7,7,9,9,9,7,6,4,8,8,8,6,6,3,3,3,2,5,5,4,6,6,5,9,9,9,8,8,9,9,8,7,9,5,5,8,7,5,8,5,3,3,2,5,5,5,9,9,8
sf,cvs,geogebra,geogebra/geogebra/org/mathpiper/lisp/parsers/MathPiperParser.java,clean,java,IssueFalse,153636,615,17097,18,8,6,7,4,2,10,8,6,7,8,8,8,7,7,7,9,9,9,5,5,3,8,8,8,9,9,8,7,7,6,7,6,5,4,4,3,9,9,9,8,8,9,9,9,8,10,8,7,8,7,6,8,5,5,5,4,7,7,7,8,7,6
sf,cvs,geogebra,geogebra/geogebra/org/mathpiper/lisp/parsers/Parser.java,clean,java,IssueFalse,153636,615,17097,18,4,5,4,2,6,6,5,2,3,7,6,7,6,6,6,10,10,10,5,4,3,7,6,7,8,8,7,5,4,3,4,3,2,3,3,3,9,9,9,8,8,9,7,6,4,9,5,4,9,5,4,8,5,5,5,4,5,5,5,10,10,10
sf,cvs,geogebra,geogebra/geogebra/org/mathpiper/lisp/tokenizers/CommonLispTokenizer.java,clean,java,IssueFalse,153636,615,17097,18,1,9,1,1,10,2,2,1,1,8,8,8,6,6,7,9,9,9,1,1,1,8,8,8,6,6,3,1,1,1,1,1,1,1,1,1,9,9,9,8,8,9,1,1,2,1,1,2,1,1,2,8,5,3,3,2,10,10,10,2,3,3
sf,cvs,geogebra,geogebra/geogebra/org/mathpiper/lisp/tokenizers/MathPiperTokenizer.java,clean,java,IssueFalse,153636,615,17097,18,6,7,6,2,5,10,9,7,8,7,6,7,6,6,7,10,10,10,4,3,3,7,6,7,6,6,4,3,3,2,5,4,3,6,5,5,9,9,9,8,8,9,10,10,9,7,5,4,6,6,4,8,5,7,7,6,5,5,5,10,10,10
sf,cvs,geogebra,geogebra/geogebra/org/mathpiper/lisp/tokenizers/XmlTokenizer.java,clean,java,IssueFalse,153636,615,17097,18,3,3,2,1,6,6,5,3,3,8,8,8,7,7,7,9,9,9,3,3,2,8,8,8,6,6,3,3,3,2,2,2,2,2,2,2,9,9,9,9,9,9,10,7,5,5,3,2,8,5,3,8,5,4,4,3,6,6,6,4,5,4
sf,cvs,geogebra,geogebra/geogebra/org/mathpiper/lisp/userfunctions/ListedBranchingUserFunction.java,clean,java,IssueFalse,153636,615,17097,18,3,2,3,2,5,4,3,1,2,8,8,8,6,6,6,9,9,9,3,3,2,8,8,8,6,6,3,4,4,3,3,3,2,4,4,3,9,9,9,8,8,9,5,5,3,5,3,3,6,5,3,7,5,4,4,3,6,5,5,2,2,2
sf,cvs,geogebra,geogebra/geogebra/org/mathpiper/lisp/userfunctions/ListedMacroUserFunction.java,clean,java,IssueFalse,153636,615,17097,18,3,2,3,2,5,4,3,1,2,10,9,9,6,6,7,9,9,9,3,3,2,10,9,9,6,6,3,4,4,3,3,3,2,4,4,3,9,9,9,8,8,9,5,5,3,5,3,3,6,5,3,7,5,4,4,3,6,5,5,2,2,2
sf,cvs,geogebra,geogebra/geogebra/org/mathpiper/lisp/userfunctions/MacroUserFunction.java,clean,java,IssueFalse,153636,615,17097,18,5,5,5,1,4,7,6,4,4,8,8,8,6,6,6,10,10,10,5,4,3,8,8,8,6,6,3,3,3,2,2,2,2,3,3,3,9,9,9,8,8,9,10,9,6,9,6,3,10,9,5,7,5,6,5,4,8,6,6,2,2,2
sf,cvs,geogebra,geogebra/geogebra/org/mathpiper/lisp/userfunctions/MultipleArityUserFunction.java,clean,java,IssueFalse,153636,615,17097,18,3,5,4,2,6,6,5,3,3,7,6,7,6,6,7,9,9,9,4,3,3,7,6,7,7,7,5,5,5,3,5,4,3,6,5,5,9,9,9,8,8,9,7,5,5,7,5,4,7,4,4,8,5,4,4,3,4,4,4,5,5,4
sf,cvs,geogebra,geogebra/geogebra/org/mathpiper/ui/text/consoles/Console.java,clean,java,IssueFalse,153636,615,17097,18,4,6,4,2,6,6,6,3,4,7,6,7,6,6,7,9,9,9,8,7,6,7,6,7,6,6,4,5,4,3,5,4,3,3,3,3,9,9,9,8,8,9,8,7,5,6,3,3,8,5,4,8,5,10,9,9,10,10,10,10,10,10
sf,cvs,geogebra,geogebra/geogebra/org/mozilla/classfile/ClassFileWriter.java,buggy,java,IssueFalse,153636,615,17097,18,10,10,10,10,4,9,10,10,10,7,10,10,8,9,10,9,9,9,4,8,9,7,10,10,9,10,10,8,10,10,8,10,10,7,10,10,9,9,9,9,10,10,10,10,10,10,10,10,6,8,10,3,5,3,3,2,4,4,4,2,2,2
sf,cvs,geogebra,geogebra/geogebra/org/mozilla/javascript/Context.java,buggy,java,IssueFalse,153636,615,17097,18,10,10,10,10,9,10,10,10,10,7,6,8,9,10,10,9,9,9,9,10,9,7,6,8,10,10,10,10,10,10,10,10,10,10,10,10,10,10,10,9,10,10,7,9,10,7,9,10,5,7,10,3,5,3,3,2,4,4,4,2,2,2
sf,cvs,geogebra,geogebra/geogebra/org/mozilla/javascript/Interpreter.java,buggy,java,IssueFalse,153636,615,17097,18,10,10,10,10,2,10,10,10,10,7,6,9,8,9,9,9,9,9,6,9,9,7,6,9,10,10,10,8,10,10,8,10,10,4,7,7,9,9,9,10,10,10,10,10,10,10,10,10,9,10,10,3,5,3,3,2,4,4,4,2,2,2
sf,cvs,geogebra,geogebra/geogebra/org/mozilla/javascript/JavaAdapter.java,buggy,java,IssueFalse,153636,615,17097,18,10,10,10,8,4,9,8,9,10,7,6,9,7,8,9,9,9,9,8,10,10,7,6,9,6,7,6,3,4,4,6,9,9,4,7,8,9,9,9,10,10,10,9,9,10,8,6,9,9,9,9,3,5,8,6,5,4,4,4,9,7,5
sf,cvs,geogebra,geogebra/geogebra/org/mozilla/javascript/ScriptRuntime.java,buggy,java,IssueFalse,153636,615,17097,18,10,10,10,10,3,10,10,10,10,5,6,9,8,10,10,9,10,10,6,10,9,5,6,9,7,9,9,3,3,3,10,10,10,9,10,10,9,9,9,10,10,10,9,10,10,9,9,10,6,9,10,3,5,3,3,2,4,4,4,2,2,2
sf,cvs,geogebra,geogebra/geogebra/org/mozilla/javascript/ScriptableObject.java,buggy,java,IssueFalse,153636,615,17097,18,10,10,10,10,7,10,10,10,10,7,8,9,8,9,9,9,10,10,9,10,9,7,8,9,9,9,10,9,10,10,9,10,10,9,10,10,9,10,10,10,10,10,9,10,10,9,9,10,6,10,10,3,5,3,3,2,4,4,4,2,2,2
sf,cvs,geogebra,geogebra/geogebra/org/mozilla/javascript/jdk13/VMBridge_jdk13.java,buggy,java,IssueFalse,153636,615,17097,18,5,7,4,4,6,4,4,3,4,7,8,9,6,7,8,10,10,10,8,9,8,7,8,9,6,6,4,5,6,5,4,5,4,1,2,2,10,10,10,8,8,9,6,6,6,4,4,4,4,4,4,3,5,7,5,4,6,5,5,4,3,3
sf,cvs,geogebra,geogebra/geogebra/org/mozilla/javascript/jdk15/VMBridge_jdk15.java,buggy,java,IssueFalse,153636,615,17097,18,3,6,3,2,9,6,4,2,3,10,9,9,7,7,7,9,9,9,9,8,6,10,9,9,6,6,3,4,4,3,3,3,2,4,4,3,9,9,9,8,8,9,8,6,4,2,2,2,5,3,3,3,5,6,5,4,6,5,5,4,3,3
sf,cvs,geogebra,geogebra/geogebra/org/mozilla/javascript/optimizer/Block.java,buggy,java,IssueFalse,153636,615,17097,18,9,9,9,6,4,10,9,9,9,7,6,8,7,7,8,9,9,9,4,6,5,7,6,8,9,9,9,5,5,6,7,7,7,1,1,1,9,9,9,10,10,10,10,10,10,8,6,7,7,7,8,3,5,5,4,3,4,4,4,8,6,5
sf,cvs,geogebra,geogebra/geogebra/org/mozilla/javascript/optimizer/Codegen.java,buggy,java,IssueFalse,153636,615,17097,18,10,10,10,10,2,10,10,10,10,7,6,9,8,9,10,9,9,9,8,9,9,7,6,9,10,10,10,10,10,10,10,10,10,4,6,6,9,9,9,10,10,10,10,10,10,10,10,10,10,10,10,3,5,3,3,2,4,4,4,2,2,2
sf,cvs,geogebra,geogebra/geogebra/org/mozilla/javascript/optimizer/OptTransformer.java,buggy,java,IssueFalse,153636,615,17097,18,4,7,4,2,8,9,6,3,4,8,8,8,6,6,6,9,9,9,3,3,2,8,8,8,7,7,5,5,4,3,4,3,2,1,1,1,10,10,10,9,9,9,9,9,5,6,4,3,8,6,4,3,5,8,6,5,6,5,5,2,2,2
sf,cvs,geogebra,geogebra/geogebra/org/mozilla/javascript/serialize/ScriptableInputStream.java,buggy,java,IssueFalse,153636,615,17097,18,3,7,3,2,8,6,5,2,3,10,9,9,9,9,9,9,9,9,8,7,5,10,9,9,7,7,5,4,4,3,3,3,2,2,2,2,10,10,10,8,8,9,9,6,4,4,2,3,8,4,3,3,5,7,5,4,4,4,4,7,6,4
sf,cvs,geogebra,geogebra/geogebra/org/mozilla/javascript/serialize/ScriptableOutputStream.java,buggy,java,IssueFalse,153636,615,17097,18,5,8,5,4,8,6,5,4,5,8,9,9,8,9,9,9,9,9,5,7,6,8,9,9,7,7,6,5,6,5,5,5,5,4,6,5,9,9,9,8,8,9,6,5,6,5,4,5,5,4,5,3,5,7,5,4,6,5,5,6,5,4
