Host,Vcs,Project,File,Buggy,PL,IssueTracking,TLOC,TNF,TNC,TND,LOC,CL,NStmt,NFunc,RCC,MNL,avg_WMC,max_WMC,total_WMC,avg_DIT,max_DIT,total_DIT,avg_RFC,max_RFC,total_RFC,avg_NOC,max_NOC,total_NOC,avg_CBO,max_CBO,total_CBO,avg_DIT.1,max_DIT.1,total_DIT.1,avg_NIV,max_NIV,total_NIV,avg_NIM,max_NIM,total_NIM,avg_NOM,max_NOM,total_NOM,avg_NPBM,max_NPBM,total_NPBM,avg_NPM,max_NPM,total_NPM,avg_NPRM,max_NPRM,total_NPRM,avg_CC,max_CC,total_CC,avg_FANIN,max_FANIN,total_FANIN,avg_FANOUT,max_FANOUT,total_FANOUT,NRev,NFix,avg_AddedLOC,max_AddedLOC,total_AddedLOC,avg_DeletedLOC,max_DeletedLOC,total_DeletedLOC,avg_ModifiedLOC,max_ModifiedLOC,total_ModifiedLOC
gc,svn,ghostscript,/trunk/ghostpdl/pcl/pcpage.c,buggy,c,IssueFalse,75868,108,10944,39,7,9,6,8,4,6,7,7,7,5,4,5,5,5,5,9,9,9,6,6,6,5,4,5,9,8,8,6,6,6,6,6,6,6,6,6,9,9,9,8,8,9,6,7,7,7,9,8,7,7,8,3,6,5,5,5,4,8,8,4,7,5
gc,svn,ghostscript,/trunk/ghostpdl/pcl/pcsfont.c,buggy,c,IssueFalse,75868,108,10944,39,7,8,7,6,3,10,7,7,7,5,4,5,5,5,5,9,9,9,6,6,6,5,4,5,7,7,7,6,6,6,6,6,6,6,6,6,9,9,9,8,8,9,9,8,7,8,9,7,9,9,7,3,8,3,4,4,4,8,8,6,8,6
gc,svn,ghostscript,/trunk/ghostpdl/pcl/pctext.c,buggy,c,IssueFalse,75868,108,10944,39,6,9,6,6,5,8,7,7,7,5,4,5,5,5,5,9,9,9,6,6,6,5,4,5,6,6,6,6,6,6,6,6,6,6,6,6,9,9,9,8,8,9,7,7,7,8,8,7,7,9,7,3,6,4,5,5,4,8,8,4,7,5
gc,svn,ghostscript,/trunk/ghostpdl/pcl/pctop.c,buggy,c,IssueFalse,75868,108,10944,39,6,8,5,7,4,6,7,7,7,5,4,5,5,5,5,9,9,9,6,6,6,5,4,5,8,9,9,6,6,6,6,6,6,6,6,6,9,9,9,8,8,9,5,6,6,4,5,5,4,6,6,3,8,4,5,5,6,9,9,3,6,4
gc,svn,ghostscript,/trunk/ghostpdl/pl/plftable.c,buggy,c,IssueFalse,75868,108,10944,39,6,3,1,2,1,3,7,7,7,5,4,5,5,5,5,9,9,9,6,6,6,5,4,5,6,6,6,6,6,6,6,6,6,6,6,6,9,9,9,8,8,9,3,3,2,3,2,2,3,2,2,3,8,10,9,9,4,8,8,10,10,10
gc,svn,ghostscript,/trunk/ghostpdl/pl/pllfont.c,buggy,c,IssueFalse,75868,108,10944,39,4,6,4,4,4,8,7,7,7,5,4,5,5,5,5,9,9,9,6,6,6,5,4,5,6,6,6,6,6,6,6,6,6,6,6,6,9,9,9,8,8,9,8,7,5,5,6,4,8,7,4,5,8,3,5,5,6,9,10,4,7,5
gc,svn,ghostscript,/trunk/ghostpdl/pl/plulfont.c,buggy,c,IssueFalse,75868,108,10944,39,5,6,5,5,4,10,7,7,7,5,4,5,5,5,5,9,9,9,6,6,6,5,4,5,6,6,6,6,6,6,6,6,6,6,6,6,9,9,9,8,8,9,7,7,5,6,7,5,7,8,5,3,8,3,4,4,4,8,8,4,7,5
gc,svn,ghostscript,/trunk/ghostpdl/pxl/pxgstate.c,buggy,c,IssueFalse,75868,108,10944,39,7,9,7,9,4,8,7,7,7,5,4,5,5,5,5,9,9,9,6,6,6,5,4,5,6,6,6,6,6,6,6,6,6,6,6,6,9,9,9,8,8,9,5,8,7,6,6,9,6,7,8,3,6,4,5,5,4,8,8,3,6,4
gc,svn,ghostscript,/trunk/ghostpdl/xps/ghostxps.h,buggy,c,IssueFalse,75868,108,10944,39,4,6,5,2,4,3,7,7,7,5,4,5,5,5,5,9,9,9,6,8,9,5,4,5,9,10,10,6,6,6,6,6,6,6,6,6,9,9,9,8,8,9,3,3,2,3,2,2,3,2,2,3,4,4,5,5,6,9,9,2,3,2
gc,svn,ghostscript,/trunk/ghostpdl/xps/xpsanalyze.c,buggy,c,IssueFalse,75868,108,10944,39,5,3,4,5,2,8,7,7,7,5,4,5,5,5,5,9,9,9,6,6,6,5,4,5,6,6,6,6,6,6,6,6,6,6,6,6,9,9,9,8,8,9,8,7,6,4,3,4,6,5,5,3,6,6,6,6,4,8,8,2,3,2
gc,svn,ghostscript,/trunk/ghostpdl/xps/xpsgradient.c,buggy,c,IssueFalse,75868,108,10944,39,7,6,7,6,2,9,7,7,7,5,4,5,5,5,5,9,9,9,6,6,6,5,4,5,6,6,6,6,6,6,6,6,6,6,6,6,9,9,9,8,8,9,7,7,6,8,6,7,8,8,7,3,4,5,6,6,4,8,8,2,3,2
gc,svn,ghostscript,/trunk/ghostpdl/xps/xpsimage.c,buggy,c,IssueFalse,75868,108,10944,39,5,2,5,5,1,8,7,7,7,5,4,5,5,5,5,9,9,9,6,6,6,5,4,5,6,6,6,6,6,6,6,6,6,6,6,6,9,9,9,8,8,9,8,6,6,8,7,6,8,6,6,5,6,4,5,5,4,8,8,2,6,4
gc,svn,ghostscript,/trunk/gs/base/gdevbbox.c,buggy,c,IssueFalse,75868,108,10944,39,8,8,7,9,3,6,7,7,7,5,4,5,5,5,5,9,9,9,6,6,6,5,4,5,10,9,9,6,6,6,6,6,6,6,6,6,9,9,9,8,8,9,5,5,8,8,8,9,6,6,8,3,6,3,4,4,4,8,8,4,7,5
gc,svn,ghostscript,/trunk/gs/base/gdevmem.c,buggy,c,IssueFalse,75868,108,10944,39,6,7,6,7,3,9,7,7,7,5,4,5,5,5,5,9,9,9,6,6,6,5,4,5,6,6,6,6,6,6,6,6,6,6,6,6,9,9,9,8,8,9,6,6,7,7,7,8,5,5,7,5,6,10,10,10,4,8,8,3,6,5
gc,svn,ghostscript,/trunk/gs/base/gdevp14.c,buggy,c,IssueFalse,75868,108,10944,39,10,10,10,10,4,10,7,7,7,5,4,5,5,5,5,9,9,9,6,6,6,5,4,5,7,7,7,6,6,6,6,6,6,6,6,6,9,9,9,8,8,9,7,8,10,9,9,10,8,9,10,9,9,3,4,4,4,8,8,2,3,2
gc,svn,ghostscript,/trunk/gs/base/gdevp14.h,buggy,c,IssueFalse,75868,108,10944,39,3,6,3,2,6,3,7,7,7,5,4,5,5,5,6,9,9,9,6,7,8,5,4,5,10,10,10,6,7,7,6,7,7,6,7,7,9,9,9,8,8,9,3,3,2,3,2,2,3,2,2,3,8,9,9,8,4,8,8,3,6,4
gc,svn,ghostscript,/trunk/gs/base/gdevpdfb.h,clean,c,IssueFalse,75868,108,10944,39,4,8,1,2,6,3,7,7,7,5,4,5,5,5,5,9,9,9,6,6,6,5,4,5,6,6,6,6,6,6,6,6,6,6,6,6,9,9,9,8,8,9,3,3,2,3,2,2,3,2,2,5,9,4,5,6,4,8,8,4,7,6
gc,svn,ghostscript,/trunk/gs/base/gdevpdfc.c,clean,c,IssueFalse,75868,108,10944,39,7,7,7,7,2,8,7,7,7,5,4,5,5,5,5,9,9,9,6,6,6,5,4,5,6,6,6,6,6,6,6,6,6,6,6,6,9,9,9,8,8,9,8,10,8,9,10,9,7,10,7,5,8,5,6,6,4,8,8,3,6,5
gc,svn,ghostscript,/trunk/gs/base/gdevpdfe.c,buggy,c,IssueFalse,75868,108,10944,39,7,6,7,8,2,6,7,7,7,5,4,5,5,5,5,9,9,9,6,6,6,5,4,5,6,6,6,6,6,6,6,6,6,6,6,6,9,9,9,8,8,9,6,7,7,5,6,7,4,6,6,6,8,4,5,5,10,10,10,3,7,6
gc,svn,ghostscript,/trunk/gs/base/gdevpdfg.c,buggy,c,IssueFalse,75868,108,10944,39,9,8,9,9,2,9,7,7,7,5,4,5,5,5,5,9,9,9,6,6,6,5,4,5,7,7,7,6,6,6,6,6,6,6,6,6,9,9,9,8,8,9,6,9,9,8,9,10,7,8,9,6,6,4,5,6,4,8,8,3,6,5
gc,svn,ghostscript,/trunk/gs/base/gdevpdfm.c,clean,c,IssueFalse,75868,108,10944,39,9,9,9,9,3,10,7,7,7,5,4,5,5,5,5,9,9,9,6,6,7,5,4,5,8,7,8,6,6,6,6,6,6,6,6,6,9,9,9,8,8,9,7,9,9,6,8,10,6,9,9,8,9,3,4,4,4,8,8,2,3,2
gc,svn,ghostscript,/trunk/gs/base/gdevpdfp.c,clean,c,IssueFalse,75868,108,10944,39,6,8,5,4,4,9,7,7,7,5,4,5,5,5,5,9,9,9,6,6,6,5,4,5,6,6,6,6,6,6,6,6,6,6,6,6,9,9,9,8,8,9,10,9,6,10,9,6,10,9,5,7,8,4,5,6,5,10,10,3,6,6
gc,svn,ghostscript,/trunk/gs/base/gdevpdft.c,buggy,c,IssueFalse,75868,108,10944,39,5,5,5,6,2,5,7,7,7,5,4,5,5,5,5,9,9,9,6,6,6,5,4,5,6,6,6,6,6,6,6,6,6,6,6,6,9,9,9,8,8,9,7,6,6,6,6,6,6,5,6,5,8,6,7,7,4,8,8,3,6,5
gc,svn,ghostscript,/trunk/gs/base/gdevpdfx.h,clean,c,IssueFalse,75868,108,10944,39,6,9,7,2,6,3,7,7,7,5,4,5,5,5,6,9,9,9,6,9,10,5,4,5,10,10,10,6,7,7,6,7,7,6,7,7,9,9,9,8,8,9,3,3,2,3,2,2,3,2,2,6,9,4,5,6,4,8,8,3,7,6
gc,svn,ghostscript,/trunk/gs/base/gdevpdtd.c,buggy,c,IssueFalse,75868,108,10944,39,6,8,6,7,4,6,7,7,7,5,4,5,5,5,5,9,9,9,6,7,8,5,4,5,9,9,10,6,6,6,6,6,6,6,6,6,9,9,9,8,8,9,7,10,7,7,8,7,6,8,7,5,6,3,4,4,5,9,9,4,7,5
gc,svn,ghostscript,/trunk/gs/base/gdevpdtt.c,buggy,c,IssueFalse,75868,108,10944,39,9,10,9,9,3,9,7,7,7,5,4,5,5,5,5,9,9,9,6,6,6,5,4,5,8,7,7,6,6,6,6,6,6,6,6,6,9,9,9,8,8,9,8,9,10,9,9,10,7,9,10,5,4,3,4,4,4,8,8,2,3,2
gc,svn,ghostscript,/trunk/gs/base/gdevtrac.c,buggy,c,IssueFalse,75868,108,10944,39,6,5,6,7,2,6,7,7,7,5,4,5,5,5,5,9,9,9,6,6,6,5,4,5,9,8,8,6,6,6,6,6,6,6,6,6,9,9,9,8,8,9,5,8,6,9,9,8,5,7,7,3,8,3,4,4,6,9,9,5,8,5
gc,svn,ghostscript,/trunk/gs/base/gdevtsep.c,buggy,c,IssueFalse,75868,108,10944,39,7,9,7,8,5,6,7,7,7,5,4,5,5,5,5,9,9,9,6,6,7,5,4,5,8,9,10,6,6,6,6,6,6,6,6,6,9,9,9,8,8,9,6,7,7,7,8,8,5,8,7,3,6,3,4,4,4,8,8,4,7,5
gc,svn,ghostscript,/trunk/gs/base/gdevwts.c,buggy,c,IssueFalse,75868,108,10944,39,7,7,7,7,2,10,7,7,7,5,4,5,5,5,5,9,9,9,6,7,7,5,4,5,9,9,9,6,6,6,6,6,6,6,6,6,9,9,9,8,8,9,7,7,7,8,8,8,7,8,7,6,6,7,8,8,5,9,10,4,8,7
gc,svn,ghostscript,/trunk/gs/base/gsalloc.c,buggy,c,IssueFalse,75868,108,10944,39,8,9,8,9,3,8,7,7,7,5,4,5,5,5,5,9,9,9,6,6,6,5,4,5,6,6,6,6,6,6,6,6,6,6,6,6,9,9,9,8,8,9,6,7,8,7,8,9,7,9,9,5,9,3,4,4,4,8,8,2,3,2
gc,svn,ghostscript,/trunk/gs/base/gscdef.c,clean,c,IssueFalse,75868,108,10944,39,1,3,2,3,7,3,7,7,7,5,4,5,5,5,5,9,9,9,6,6,6,5,4,5,6,6,6,6,6,6,6,6,6,6,6,6,9,9,9,8,8,9,3,3,2,3,3,2,3,3,2,3,4,3,4,4,4,8,8,4,7,5
gc,svn,ghostscript,/trunk/gs/base/gsiorom.c,clean,c,IssueFalse,75868,108,10944,39,5,6,5,6,3,6,7,7,7,5,4,5,5,5,5,9,9,9,6,6,6,5,4,5,7,7,7,6,6,6,6,6,6,6,6,6,9,9,9,8,8,9,6,6,5,7,6,6,6,4,5,6,9,8,9,8,7,10,10,6,10,9
gc,svn,ghostscript,/trunk/gs/base/gsptype1.c,buggy,c,IssueFalse,75868,108,10944,39,9,9,9,9,3,9,7,7,7,5,4,5,5,5,5,9,9,9,6,6,6,5,4,5,9,9,9,6,6,6,6,6,6,6,6,6,9,9,9,8,8,9,6,8,8,8,9,9,7,9,9,3,8,10,10,10,4,8,8,5,8,5
gc,svn,ghostscript,/trunk/gs/base/gstrans.c,buggy,c,IssueFalse,75868,108,10944,39,5,7,5,8,4,5,7,7,7,5,4,5,5,5,5,9,9,9,6,6,6,5,4,5,6,6,6,6,6,6,6,6,6,6,6,6,9,9,9,8,8,9,4,5,5,6,8,8,5,7,7,5,9,8,9,8,10,10,10,5,8,7
gc,svn,ghostscript,/trunk/gs/base/gstype42.c,clean,c,IssueFalse,75868,108,10944,39,8,8,9,8,2,10,7,7,7,5,4,5,5,5,5,9,9,9,6,6,6,5,4,5,8,8,10,6,6,6,6,6,6,6,6,6,9,9,9,8,8,9,8,9,9,9,9,9,8,10,8,3,4,3,4,4,4,8,8,4,7,5
gc,svn,ghostscript,/trunk/gs/base/gxclrast.c,buggy,c,IssueFalse,75868,108,10944,39,10,9,10,8,2,10,7,7,7,5,4,5,5,5,5,9,9,9,6,6,7,5,4,5,8,8,9,6,6,6,6,6,6,6,6,6,9,9,9,8,8,9,9,10,10,9,10,9,9,10,9,5,9,3,4,4,4,8,8,2,3,2
gc,svn,ghostscript,/trunk/gs/base/gxiscale.c,clean,c,IssueFalse,75868,108,10944,39,6,8,6,3,4,10,7,7,7,5,4,5,5,5,5,9,9,9,6,6,6,5,4,5,6,6,6,6,6,6,6,6,6,6,6,6,9,9,9,8,8,9,10,9,6,10,10,7,10,9,6,3,4,3,4,4,4,8,8,7,9,7
gc,svn,ghostscript,/trunk/gs/base/gxtype1.c,buggy,c,IssueFalse,75868,108,10944,39,6,7,6,6,3,8,7,7,7,5,4,5,5,5,5,9,9,9,6,6,6,5,4,5,6,6,6,6,6,6,6,6,6,6,6,6,9,9,9,8,8,9,7,9,6,8,7,7,8,7,7,3,8,10,9,9,6,9,9,4,7,5
gc,svn,ghostscript,/trunk/gs/base/seexec.c,buggy,c,IssueFalse,75868,108,10944,39,3,6,3,4,5,8,7,7,7,5,4,5,5,5,5,9,9,9,6,6,6,5,4,5,6,6,6,6,6,6,6,6,6,6,6,6,9,9,9,8,8,9,7,7,4,6,6,4,6,5,4,3,4,3,4,4,9,10,10,7,9,7
gc,svn,ghostscript,/trunk/gs/contrib/gdevcd8.c,clean,c,IssueFalse,75868,108,10944,39,10,10,10,9,4,9,7,7,7,5,4,5,5,5,5,9,9,9,6,6,6,5,4,5,10,10,10,6,6,6,6,6,6,6,6,6,9,9,9,8,8,9,8,10,9,8,9,10,5,6,9,3,4,3,4,4,4,8,8,2,3,2
gc,svn,ghostscript,/trunk/gs/cups/gdevcups.c,buggy,c,IssueFalse,75868,108,10944,39,10,10,10,6,3,10,7,7,7,5,4,5,5,5,5,9,9,9,6,6,6,5,4,5,10,9,9,6,6,6,6,6,6,6,6,6,9,9,9,8,8,9,10,10,10,10,9,9,9,10,8,9,9,3,4,4,4,8,8,2,3,2
gc,svn,ghostscript,/trunk/gs/psi/ifapi.h,buggy,c,IssueFalse,75868,108,10944,39,4,5,3,2,4,3,7,7,7,5,4,5,5,5,5,9,9,9,6,7,7,5,4,5,10,10,10,6,6,6,6,6,6,6,6,6,9,9,9,8,8,9,3,3,2,3,2,2,3,2,2,3,8,9,8,8,4,8,8,5,8,5
gc,svn,ghostscript,/trunk/gs/psi/iscan.c,buggy,c,IssueFalse,75868,108,10944,39,8,8,8,6,3,10,7,7,7,5,4,5,5,5,5,9,9,9,6,6,6,5,4,5,6,6,6,6,6,6,6,6,6,6,6,6,9,9,9,8,8,9,10,10,9,8,9,7,9,10,7,3,6,3,4,4,4,8,8,4,7,5
gc,svn,ghostscript,/trunk/gs/psi/zcolor.c,buggy,c,IssueFalse,75868,108,10944,39,10,10,10,10,3,10,7,7,7,5,4,5,5,5,5,9,9,9,6,6,6,5,4,5,6,6,6,6,6,6,6,6,6,6,6,6,9,9,9,8,8,9,8,9,10,4,6,10,7,9,10,5,9,3,4,4,4,8,8,2,3,2
gc,svn,ghostscript,/trunk/gs/psi/zfapi.c,buggy,c,IssueFalse,75868,108,10944,39,9,9,9,9,2,10,7,7,7,5,4,5,5,5,5,9,9,9,6,6,7,5,4,5,9,9,10,6,6,6,6,6,6,6,6,6,9,9,9,8,8,9,8,10,10,8,10,10,7,10,10,10,10,3,4,4,4,8,8,2,3,2
