Host,Vcs,Project,File,Buggy,PL,IssueTracking,TLOC,TNF,TNC,TND,LOC,CL,NStmt,NFunc,RCC,MNL,avg_WMC,max_WMC,total_WMC,avg_DIT,max_DIT,total_DIT,avg_RFC,max_RFC,total_RFC,avg_NOC,max_NOC,total_NOC,avg_CBO,max_CBO,total_CBO,avg_DIT.1,max_DIT.1,total_DIT.1,avg_NIV,max_NIV,total_NIV,avg_NIM,max_NIM,total_NIM,avg_NOM,max_NOM,total_NOM,avg_NPBM,max_NPBM,total_NPBM,avg_NPM,max_NPM,total_NPM,avg_NPRM,max_NPRM,total_NPRM,avg_CC,max_CC,total_CC,avg_FANIN,max_FANIN,total_FANIN,avg_FANOUT,max_FANOUT,total_FANOUT,NRev,NFix,avg_AddedLOC,max_AddedLOC,total_AddedLOC,avg_DeletedLOC,max_DeletedLOC,total_DeletedLOC,avg_ModifiedLOC,max_ModifiedLOC,total_ModifiedLOC
sf,cvs,gnupdate,gnupdate/comprex/src/list.c,clean,c,IssueTrue,20524,215,6737,7,7,3,7,4,3,9,10,10,10,10,10,10,10,10,10,9,9,9,9,9,9,10,10,10,6,6,6,10,10,10,10,10,10,10,10,10,10,10,10,8,8,9,10,10,8,6,5,4,10,10,7,9,9,8,8,9,5,6,7,5,8,8
sf,cvs,gnupdate,gnupdate/comprex/src/main.c,clean,c,IssueTrue,20524,215,6737,7,5,6,5,7,6,4,10,10,10,10,10,10,10,10,10,9,9,9,9,9,9,10,10,10,6,6,6,10,10,10,10,10,10,10,10,10,10,10,10,8,8,9,4,6,5,5,5,5,4,6,5,3,7,3,3,4,6,6,6,3,3,3
sf,cvs,gnupdate,gnupdate/gpkg/src/files.c,clean,c,IssueTrue,20524,215,6737,7,7,4,7,5,3,9,10,10,10,10,10,10,10,10,10,9,9,9,9,9,9,10,10,10,6,6,6,10,10,10,10,10,10,10,10,10,10,10,10,8,8,9,10,10,8,6,6,5,10,9,7,5,9,8,7,8,4,5,5,5,5,5
sf,cvs,gnupdate,gnupdate/gpkg/src/install.c,clean,c,IssueTrue,20524,215,6737,7,7,3,7,5,3,9,10,10,10,10,10,10,10,10,10,9,9,9,9,9,9,10,10,10,6,6,6,10,10,10,10,10,10,10,10,10,10,10,10,8,8,9,9,9,7,6,7,5,9,10,6,5,7,6,5,7,4,5,5,4,5,4
sf,cvs,gnupdate,gnupdate/gpkg/src/main.c,clean,c,IssueTrue,20524,215,6737,7,9,7,8,7,3,6,10,10,10,10,10,10,10,10,10,9,9,9,9,9,9,10,10,10,6,6,6,10,10,10,10,10,10,10,10,10,10,10,10,8,8,9,8,10,8,5,6,6,7,10,7,5,7,8,7,8,6,6,7,2,2,2
sf,cvs,gnupdate,gnupdate/gpkg/src/settings.c,clean,c,IssueTrue,20524,215,6737,7,5,3,4,9,4,4,10,10,10,10,10,10,10,10,10,9,9,9,9,9,9,10,10,10,6,6,6,10,10,10,10,10,10,10,10,10,10,10,10,8,8,9,3,5,6,3,5,6,2,4,5,6,7,6,7,7,4,5,5,5,7,6
sf,cvs,gnupdate,gnupdate/gpkg/src/settings.h,clean,c,IssueTrue,20524,215,6737,7,1,3,1,2,9,2,10,10,10,10,10,10,10,10,10,9,9,9,9,9,9,10,10,10,6,6,6,10,10,10,10,10,10,10,10,10,10,10,10,8,8,9,2,1,2,2,2,2,2,1,2,5,7,4,4,6,4,5,5,5,6,5
sf,cvs,gnupdate,gnupdate/gpkg/src/utils.c,clean,c,IssueTrue,20524,215,6737,7,6,3,6,6,4,7,10,10,10,10,10,10,10,10,10,9,9,9,9,9,9,10,10,10,6,6,6,10,10,10,10,10,10,10,10,10,10,10,10,8,8,9,7,7,6,7,7,6,8,6,6,3,7,3,3,4,4,5,5,3,3,3
sf,cvs,gnupdate,gnupdate/gpkg/src/utils.h,clean,c,IssueTrue,20524,215,6737,7,1,7,1,2,10,2,10,10,10,10,10,10,10,10,10,9,9,9,9,9,9,10,10,10,6,6,6,10,10,10,10,10,10,10,10,10,10,10,10,8,8,9,2,1,2,2,2,2,2,1,2,5,9,3,3,4,4,5,5,5,6,5
sf,cvs,gnupdate,gnupdate/libcomprex/libcomprex/archive.c,buggy,c,IssueTrue,20524,215,6737,7,8,4,8,10,2,4,10,10,10,10,10,10,10,10,10,9,9,9,9,9,9,10,10,10,6,6,6,10,10,10,10,10,10,10,10,10,10,10,10,8,8,9,4,8,8,6,10,10,4,6,9,10,10,4,5,7,8,9,9,8,10,10
sf,cvs,gnupdate,gnupdate/libcomprex/libcomprex/archive.h,clean,c,IssueTrue,20524,215,6737,7,4,10,4,2,10,2,10,10,10,10,10,10,10,10,10,9,9,9,10,10,10,10,10,10,10,10,10,10,10,10,10,10,10,10,10,10,10,10,10,8,8,9,2,1,2,2,2,2,2,1,2,8,7,3,3,4,5,6,7,6,8,8
sf,cvs,gnupdate,gnupdate/libcomprex/libcomprex/comprex.h,buggy,c,IssueTrue,20524,215,6737,7,1,3,1,2,1,2,10,10,10,10,10,10,10,10,10,9,9,9,9,9,9,10,10,10,6,6,6,10,10,10,10,10,10,10,10,10,10,10,10,8,8,9,2,1,2,2,2,2,2,1,2,9,7,4,4,7,5,6,7,2,3,5
sf,cvs,gnupdate,gnupdate/libcomprex/libcomprex/debug.c,clean,c,IssueTrue,20524,215,6737,7,4,3,3,5,5,6,10,10,10,10,10,10,10,10,10,9,9,9,9,9,9,10,10,10,6,6,6,10,10,10,10,10,10,10,10,10,10,10,10,8,8,9,4,6,4,10,10,8,5,4,4,6,7,5,5,6,5,6,6,3,5,5
sf,cvs,gnupdate,gnupdate/libcomprex/libcomprex/device.c,buggy,c,IssueTrue,20524,215,6737,7,3,4,2,6,7,4,10,10,10,10,10,10,10,10,10,9,9,9,9,9,9,10,10,10,6,6,6,10,10,10,10,10,10,10,10,10,10,10,10,8,8,9,3,5,4,6,5,6,4,4,4,3,7,3,3,4,7,6,7,5,5,4
sf,cvs,gnupdate,gnupdate/libcomprex/libcomprex/device.h,clean,c,IssueTrue,20524,215,6737,7,2,8,1,2,10,2,10,10,10,10,10,10,10,10,10,9,9,9,10,10,9,10,10,10,9,9,8,10,10,10,10,10,10,10,10,10,10,10,10,8,8,9,2,1,2,2,2,2,2,1,2,3,7,3,3,4,7,6,7,6,6,5
sf,cvs,gnupdate,gnupdate/libcomprex/libcomprex/directory.c,buggy,c,IssueTrue,20524,215,6737,7,10,6,10,10,2,7,10,10,10,10,10,10,10,10,10,9,9,9,9,9,9,10,10,10,6,6,6,10,10,10,10,10,10,10,10,10,10,10,10,8,8,9,4,9,9,5,7,10,6,9,10,10,10,8,8,10,8,9,10,7,10,10
sf,cvs,gnupdate,gnupdate/libcomprex/libcomprex/directory.h,buggy,c,IssueTrue,20524,215,6737,7,3,10,4,2,10,2,10,10,10,10,10,10,10,10,10,9,9,9,10,10,9,10,10,10,10,9,9,10,10,10,10,10,10,10,10,10,10,10,10,8,8,9,2,1,2,2,2,2,2,1,2,9,7,8,8,9,5,6,7,6,9,8
sf,cvs,gnupdate,gnupdate/libcomprex/libcomprex/fifo.c,buggy,c,IssueTrue,20524,215,6737,7,1,4,1,3,9,4,10,10,10,10,10,10,10,10,10,9,9,9,9,9,9,10,10,10,6,6,6,10,10,10,10,10,10,10,10,10,10,10,10,8,8,9,4,4,2,6,4,3,4,3,2,3,7,3,3,4,4,5,5,6,6,4
sf,cvs,gnupdate,gnupdate/libcomprex/libcomprex/fifo.h,clean,c,IssueTrue,20524,215,6737,7,1,5,1,2,10,2,10,10,10,10,10,10,10,10,10,9,9,9,10,10,9,10,10,10,7,7,7,10,10,10,10,10,10,10,10,10,10,10,10,8,8,9,2,1,2,2,2,2,2,1,2,3,7,3,3,4,4,5,5,7,7,5
sf,cvs,gnupdate,gnupdate/libcomprex/libcomprex/file.c,buggy,c,IssueTrue,20524,215,6737,7,8,4,6,10,3,4,10,10,10,10,10,10,10,10,10,9,9,9,9,9,9,10,10,10,6,6,6,10,10,10,10,10,10,10,10,10,10,10,10,8,8,9,3,5,8,7,9,10,4,5,9,9,7,3,3,4,7,8,8,7,9,9
sf,cvs,gnupdate,gnupdate/libcomprex/libcomprex/file.h,buggy,c,IssueTrue,20524,215,6737,7,3,10,3,2,10,2,10,10,10,10,10,10,10,10,10,9,9,9,10,10,9,10,10,10,9,9,8,10,10,10,10,10,10,10,10,10,10,10,10,8,8,9,2,1,2,2,2,2,2,1,2,8,7,3,3,4,5,6,7,7,9,8
sf,cvs,gnupdate,gnupdate/libcomprex/libcomprex/fp.c,clean,c,IssueTrue,20524,215,6737,7,5,4,5,8,4,4,10,10,10,10,10,10,10,10,10,9,9,9,9,9,9,10,10,10,6,6,6,10,10,10,10,10,10,10,10,10,10,10,10,8,8,9,4,6,6,7,8,8,4,4,6,9,9,3,5,6,9,10,10,6,8,8
sf,cvs,gnupdate,gnupdate/libcomprex/libcomprex/fp.h,buggy,c,IssueTrue,20524,215,6737,7,2,9,2,2,10,2,10,10,10,10,10,10,10,10,10,9,9,9,10,10,10,10,10,10,10,10,10,10,10,10,10,10,10,10,10,10,10,10,10,8,8,9,2,1,2,2,2,2,2,1,2,8,7,7,8,8,10,10,10,3,6,6
sf,cvs,gnupdate,gnupdate/libcomprex/libcomprex/fsnode.c,buggy,c,IssueTrue,20524,215,6737,7,8,4,7,10,3,7,10,10,10,10,10,10,10,10,10,9,9,9,9,9,9,10,10,10,6,6,6,10,10,10,10,10,10,10,10,10,10,10,10,8,8,9,4,8,8,8,10,10,4,7,9,10,10,6,9,9,8,9,10,6,9,9
sf,cvs,gnupdate,gnupdate/libcomprex/libcomprex/fsnode.h,buggy,c,IssueTrue,20524,215,6737,7,3,10,4,2,10,2,10,10,10,10,10,10,10,10,10,9,9,9,10,10,10,10,10,10,10,10,10,10,10,10,10,10,10,10,10,10,10,10,10,8,8,9,2,1,2,2,2,2,2,1,2,9,7,7,9,9,8,9,10,6,8,8
sf,cvs,gnupdate,gnupdate/libcomprex/libcomprex/internal.c,clean,c,IssueTrue,20524,215,6737,7,8,7,9,8,3,9,10,10,10,10,10,10,10,10,10,9,9,9,9,9,9,10,10,10,6,6,6,10,10,10,10,10,10,10,10,10,10,10,10,8,8,9,7,9,9,6,6,8,7,7,8,7,7,3,3,4,7,7,8,6,8,7
sf,cvs,gnupdate,gnupdate/libcomprex/libcomprex/internal.h,clean,c,IssueTrue,20524,215,6737,7,2,3,2,2,8,2,10,10,10,10,10,10,10,10,10,9,9,9,9,9,9,10,10,10,6,6,6,10,10,10,10,10,10,10,10,10,10,10,10,8,8,9,2,1,2,2,2,2,2,1,2,9,9,3,4,5,5,6,7,5,8,8
sf,cvs,gnupdate,gnupdate/libcomprex/libcomprex/io.c,buggy,c,IssueTrue,20524,215,6737,7,8,3,8,9,2,6,10,10,10,10,10,10,10,10,10,9,9,9,9,9,9,10,10,10,6,6,6,10,10,10,10,10,10,10,10,10,10,10,10,8,8,9,4,6,7,8,9,9,6,7,8,7,7,3,4,6,8,9,9,8,10,9
sf,cvs,gnupdate,gnupdate/libcomprex/libcomprex/io.h,clean,c,IssueTrue,20524,215,6737,7,1,10,2,2,10,2,10,10,10,10,10,10,10,10,10,9,9,9,9,9,9,10,10,10,6,6,6,10,10,10,10,10,10,10,10,10,10,10,10,8,8,9,2,1,2,2,2,2,2,1,2,5,9,3,3,4,6,6,7,2,3,3
sf,cvs,gnupdate,gnupdate/libcomprex/libcomprex/io_internal.c,buggy,c,IssueTrue,20524,215,6737,7,10,9,10,8,4,9,10,10,10,10,10,10,10,10,10,9,9,9,9,9,9,10,10,10,6,6,6,10,10,10,10,10,10,10,10,10,10,10,10,8,8,9,9,9,9,7,7,8,10,9,10,10,9,10,10,10,10,10,10,9,10,10
sf,cvs,gnupdate,gnupdate/libcomprex/libcomprex/link.h,clean,c,IssueTrue,20524,215,6737,7,1,7,1,2,10,2,10,10,10,10,10,10,10,10,10,9,9,9,10,10,9,10,10,10,8,8,7,10,10,10,10,10,10,10,10,10,10,10,10,8,8,9,2,1,2,2,2,2,2,1,2,6,10,3,3,4,5,6,7,6,7,7
sf,cvs,gnupdate,gnupdate/libcomprex/libcomprex/module.c,buggy,c,IssueTrue,20524,215,6737,7,8,4,7,8,3,6,10,10,10,10,10,10,10,10,10,9,9,9,9,9,9,10,10,10,6,6,6,10,10,10,10,10,10,10,10,10,10,10,10,8,8,9,6,8,7,6,9,8,6,8,7,9,7,3,4,5,6,7,8,6,8,8
sf,cvs,gnupdate,gnupdate/libcomprex/libcomprex/module.h,buggy,c,IssueTrue,20524,215,6737,7,3,10,3,2,10,2,10,10,10,10,10,10,10,10,10,9,9,9,10,10,10,10,10,10,10,10,10,10,10,10,10,10,10,10,10,10,10,10,10,8,8,9,2,1,2,2,2,2,2,1,2,7,7,3,3,4,5,6,7,2,3,4
sf,cvs,gnupdate,gnupdate/libcomprex/libcomprex/object-debug.c,clean,c,IssueTrue,20524,215,6737,7,3,3,2,4,6,6,10,10,10,10,10,10,10,10,10,9,9,9,9,9,9,10,10,10,6,6,6,10,10,10,10,10,10,10,10,10,10,10,10,8,8,9,7,6,4,5,3,3,7,4,4,6,9,3,3,4,5,6,7,5,7,6
sf,cvs,gnupdate,gnupdate/libcomprex/libcomprex/object.c,buggy,c,IssueTrue,20524,215,6737,7,9,4,9,9,2,9,10,10,10,10,10,10,10,10,10,9,9,9,9,9,9,10,10,10,9,9,8,10,10,10,10,10,10,10,10,10,10,10,10,8,8,9,5,7,8,10,10,10,6,7,9,10,10,9,10,10,7,9,10,7,9,10
sf,cvs,gnupdate,gnupdate/libcomprex/libcomprex/object.h,clean,c,IssueTrue,20524,215,6737,7,3,10,3,2,10,2,10,10,10,10,10,10,10,10,10,9,9,9,9,10,9,10,10,10,10,9,10,10,10,10,10,10,10,10,10,10,10,10,10,8,8,9,2,1,2,2,2,2,2,1,2,10,9,7,9,10,5,7,8,5,7,8
sf,cvs,gnupdate,gnupdate/libcomprex/libcomprex/rawrangefp.c,clean,c,IssueTrue,20524,215,6737,7,6,4,6,8,4,4,10,10,10,10,10,10,10,10,10,9,9,9,9,9,9,10,10,10,6,6,6,10,10,10,10,10,10,10,10,10,10,10,10,8,8,9,4,6,6,5,5,6,5,6,7,8,7,3,4,6,7,7,8,5,6,7
sf,cvs,gnupdate,gnupdate/libcomprex/libcomprex/subclassobject.c,clean,c,IssueTrue,20524,215,6737,7,2,4,1,5,8,4,10,10,10,10,10,10,10,10,10,9,9,9,9,9,9,10,10,10,6,6,6,10,10,10,10,10,10,10,10,10,10,10,10,8,8,9,3,4,3,4,3,3,3,3,3,6,7,6,6,7,5,6,7,3,5,4
sf,cvs,gnupdate,gnupdate/libcomprex/libcomprex/subclassobject.h,clean,c,IssueTrue,20524,215,6737,7,1,5,1,2,10,2,10,10,10,10,10,10,10,10,10,9,9,9,10,10,9,10,10,10,9,8,8,10,10,10,10,10,10,10,10,10,10,10,10,8,8,9,2,1,2,2,2,2,2,1,2,6,7,3,4,5,5,6,7,3,5,4
sf,cvs,gnupdate,gnupdate/libcomprex/libcomprex/types.h,clean,c,IssueTrue,20524,215,6737,7,2,7,1,2,10,2,10,10,10,10,10,10,10,10,10,9,9,9,9,9,9,10,10,10,6,6,6,10,10,10,10,10,10,10,10,10,10,10,10,8,8,9,2,1,2,2,2,2,2,1,2,5,7,3,3,4,6,6,7,2,3,3
sf,cvs,gnupdate,gnupdate/libcomprex/libcomprex/utils.c,clean,c,IssueTrue,20524,215,6737,7,8,4,8,7,3,9,10,10,10,10,10,10,10,10,10,9,9,9,9,9,9,10,10,10,6,6,6,10,10,10,10,10,10,10,10,10,10,10,10,8,8,9,8,8,7,7,7,7,9,7,8,7,7,3,3,4,5,6,7,5,8,7
sf,cvs,gnupdate,gnupdate/libcomprex/libcomprex/utils.h,clean,c,IssueTrue,20524,215,6737,7,1,9,1,2,10,2,10,10,10,10,10,10,10,10,10,9,9,9,9,9,9,10,10,10,6,6,6,10,10,10,10,10,10,10,10,10,10,10,10,8,8,9,2,1,2,2,2,2,2,1,2,8,9,3,3,4,8,9,9,5,7,7
sf,cvs,gnupdate,gnupdate/libcomprex/modules/archive/ar/ar.c,buggy,c,IssueTrue,20524,215,6737,7,8,7,9,7,4,9,10,10,10,10,10,10,10,10,10,9,9,9,9,9,9,10,10,10,6,6,6,10,10,10,10,10,10,10,10,10,10,10,10,8,8,9,7,9,8,5,7,6,9,10,8,8,7,3,3,4,10,10,10,5,7,7
sf,cvs,gnupdate,gnupdate/libcomprex/modules/archive/ar/ar.h,buggy,c,IssueTrue,20524,215,6737,7,1,3,1,2,9,2,10,10,10,10,10,10,10,10,10,9,9,9,9,9,9,10,10,10,6,6,6,10,10,10,10,10,10,10,10,10,10,10,10,8,8,9,2,1,2,2,2,2,2,1,2,5,7,3,3,4,6,6,7,2,3,3
sf,cvs,gnupdate,gnupdate/libcomprex/modules/archive/bzip2/bzip2.c,buggy,c,IssueTrue,20524,215,6737,7,8,7,8,8,4,6,10,10,10,10,10,10,10,10,10,9,9,9,9,9,9,10,10,10,6,6,6,10,10,10,10,10,10,10,10,10,10,10,10,8,8,9,5,7,7,4,4,6,8,9,8,7,7,4,5,6,9,9,9,6,8,8
sf,cvs,gnupdate,gnupdate/libcomprex/modules/archive/cab/cab.c,clean,c,IssueTrue,20524,215,6737,7,6,5,6,7,4,7,10,10,10,10,10,10,10,10,10,9,9,9,9,9,9,10,10,10,6,6,6,10,10,10,10,10,10,10,10,10,10,10,10,8,8,9,4,7,6,4,6,5,6,7,6,5,7,3,3,4,4,5,5,5,6,5
sf,cvs,gnupdate,gnupdate/libcomprex/modules/archive/cpio/cpio.c,clean,c,IssueTrue,20524,215,6737,7,6,5,6,7,5,6,10,10,10,10,10,10,10,10,10,9,9,9,9,9,9,10,10,10,6,6,6,10,10,10,10,10,10,10,10,10,10,10,10,8,8,9,5,7,6,3,3,4,7,9,7,7,7,3,4,5,10,10,10,6,7,7
sf,cvs,gnupdate,gnupdate/libcomprex/modules/archive/cpio/header.c,clean,c,IssueTrue,20524,215,6737,7,7,5,7,5,4,6,10,10,10,10,10,10,10,10,10,9,9,9,9,9,9,10,10,10,6,6,6,10,10,10,10,10,10,10,10,10,10,10,10,8,8,9,8,9,7,7,9,6,10,10,8,7,7,9,9,9,6,6,7,7,9,8
sf,cvs,gnupdate,gnupdate/libcomprex/modules/archive/tar/tar.c,clean,c,IssueTrue,20524,215,6737,7,8,6,8,7,4,10,10,10,10,10,10,10,10,10,10,9,9,9,9,9,9,10,10,10,6,6,6,10,10,10,10,10,10,10,10,10,10,10,10,8,8,9,8,10,7,5,9,6,8,10,7,9,7,9,9,10,10,10,10,8,10,10
sf,cvs,gnupdate,gnupdate/libcomprex/modules/archive/zip/extra.c,clean,c,IssueTrue,20524,215,6737,7,6,5,6,5,4,7,10,10,10,10,10,10,10,10,10,9,9,9,9,9,9,10,10,10,6,6,6,10,10,10,10,10,10,10,10,10,10,10,10,8,8,9,8,8,6,6,6,5,9,7,6,3,7,3,3,4,4,5,5,3,3,3
sf,cvs,gnupdate,gnupdate/libcomprex/modules/archive/zip/header.c,clean,c,IssueTrue,20524,215,6737,7,3,5,4,3,7,6,10,10,10,10,10,10,10,10,10,9,9,9,9,9,9,10,10,10,6,6,6,10,10,10,10,10,10,10,10,10,10,10,10,8,8,9,10,8,5,9,7,4,10,9,5,3,9,6,5,6,7,6,7,5,5,4
sf,cvs,gnupdate,gnupdate/libcomprex/modules/archive/zip/zip.c,clean,c,IssueTrue,20524,215,6737,7,8,7,8,8,4,9,10,10,10,10,10,10,10,10,10,9,9,9,9,9,9,10,10,10,6,6,6,10,10,10,10,10,10,10,10,10,10,10,10,8,8,9,6,9,7,5,8,7,9,10,8,7,9,9,9,9,10,10,10,8,10,9
sf,cvs,gnupdate,gnupdate/libcomprex/modules/archive/zip/zip.h,clean,c,IssueTrue,20524,215,6737,7,3,5,1,2,8,2,10,10,10,10,10,10,10,10,10,9,9,9,9,9,9,10,10,10,6,6,6,10,10,10,10,10,10,10,10,10,10,10,10,8,8,9,2,1,2,2,2,2,2,1,2,5,9,8,7,8,8,7,8,7,8,7
sf,cvs,gnupdate,gnupdate/libcomprex/modules/archive/zlib/zlib.c,clean,c,IssueTrue,20524,215,6737,7,8,6,8,8,4,6,10,10,10,10,10,10,10,10,10,9,9,9,9,9,9,10,10,10,6,6,6,10,10,10,10,10,10,10,10,10,10,10,10,8,8,9,5,7,7,4,5,6,8,9,8,5,7,3,3,4,4,5,5,5,6,5
sf,cvs,gnupdate,gnupdate/libcomprex/modules/archive/zlib/zlibfp.c,clean,c,IssueTrue,20524,215,6737,7,4,4,4,7,5,4,10,10,10,10,10,10,10,10,10,9,9,9,9,9,9,10,10,10,6,6,6,10,10,10,10,10,10,10,10,10,10,10,10,8,8,9,3,4,4,5,5,6,5,4,5,3,7,3,3,4,4,5,5,3,3,3
sf,cvs,gnupdate,gnupdate/libcomprex/modules/archive/zlib/zlibfp.h,clean,c,IssueTrue,20524,215,6737,7,1,4,1,2,10,2,10,10,10,10,10,10,10,10,10,9,9,9,10,10,9,10,10,10,8,8,7,10,10,10,10,10,10,10,10,10,10,10,10,8,8,9,2,1,2,2,2,2,2,1,2,3,7,3,3,4,4,5,5,3,3,3
sf,cvs,gnupdate,gnupdate/libcomprex/modules/scheme/curl/curl.c,clean,c,IssueTrue,20524,215,6737,7,5,3,5,7,4,6,10,10,10,10,10,10,10,10,10,9,9,9,9,9,9,10,10,10,6,6,6,10,10,10,10,10,10,10,10,10,10,10,10,8,8,9,4,6,5,4,4,4,7,8,6,5,7,3,4,5,10,10,10,7,8,7
sf,cvs,gnupdate,gnupdate/libcomprex/modules/scheme/curl/curlfp.c,clean,c,IssueTrue,20524,215,6737,7,3,4,3,5,7,4,10,10,10,10,10,10,10,10,10,9,9,9,9,9,9,10,10,10,6,6,6,10,10,10,10,10,10,10,10,10,10,10,10,8,8,9,4,4,3,4,3,3,7,6,5,3,7,3,3,4,4,5,5,3,3,3
sf,cvs,gnupdate,gnupdate/libcomprex/modules/scheme/curl/curlfp.h,clean,c,IssueTrue,20524,215,6737,7,1,4,1,2,10,2,10,10,10,10,10,10,10,10,10,9,9,9,9,9,9,10,10,10,9,8,8,10,10,10,10,10,10,10,10,10,10,10,10,8,8,9,2,1,2,2,2,2,2,1,2,3,7,3,3,4,4,5,5,3,3,3
sf,cvs,gnupdate,gnupdate/libcomprex/tests/catarchive.c,clean,c,IssueTrue,20524,215,6737,7,3,3,4,3,6,6,10,10,10,10,10,10,10,10,10,9,9,9,9,9,9,10,10,10,6,6,6,10,10,10,10,10,10,10,10,10,10,10,10,8,8,9,8,7,3,5,3,3,10,8,5,6,7,3,4,5,4,5,5,3,5,5
sf,cvs,gnupdate,gnupdate/libcomprex/tests/catfile.c,clean,c,IssueTrue,20524,215,6737,7,2,3,2,3,8,6,10,10,10,10,10,10,10,10,10,9,9,9,9,9,9,10,10,10,6,6,6,10,10,10,10,10,10,10,10,10,10,10,10,8,8,9,8,6,3,4,3,2,9,5,3,5,7,3,3,4,7,7,7,3,3,4
sf,cvs,gnupdate,gnupdate/libcomprex/tests/check_libcomprex.c,buggy,c,IssueTrue,20524,215,6737,7,6,5,6,7,5,2,10,10,10,10,10,10,10,10,10,9,9,9,9,9,9,10,10,10,6,6,6,10,10,10,10,10,10,10,10,10,10,10,10,8,8,9,3,4,4,2,2,2,8,7,8,10,10,8,8,10,5,7,8,4,7,8
sf,cvs,gnupdate,gnupdate/libcomprex/tests/showtree.c,clean,c,IssueTrue,20524,215,6737,7,4,4,4,5,6,4,10,10,10,10,10,10,10,10,10,9,9,9,9,9,9,10,10,10,6,6,6,10,10,10,10,10,10,10,10,10,10,10,10,8,8,9,5,5,4,4,4,4,7,5,4,3,7,3,3,4,4,5,5,3,3,3
sf,cvs,gnupdate,gnupdate/libpackman/libpackman/batch.c,clean,c,IssueTrue,20524,215,6737,7,2,3,2,5,7,4,10,10,10,10,10,10,10,10,10,9,9,9,9,9,9,10,10,10,6,6,6,10,10,10,10,10,10,10,10,10,10,10,10,8,8,9,3,4,3,8,7,7,5,5,4,3,7,3,3,4,7,6,7,7,7,6
sf,cvs,gnupdate,gnupdate/libpackman/libpackman/db.c,clean,c,IssueTrue,20524,215,6737,7,1,3,1,4,9,2,10,10,10,10,10,10,10,10,10,9,9,9,9,9,9,10,10,10,6,6,6,10,10,10,10,10,10,10,10,10,10,10,10,8,8,9,3,3,2,7,5,4,4,3,3,6,7,3,3,4,5,6,7,3,5,5
sf,cvs,gnupdate,gnupdate/libpackman/libpackman/db.h,clean,c,IssueTrue,20524,215,6737,7,1,8,1,2,10,2,10,10,10,10,10,10,10,10,10,9,9,9,10,10,10,10,10,10,9,9,9,10,10,10,10,10,10,10,10,10,10,10,10,8,8,9,2,1,2,2,2,2,2,1,2,3,7,3,3,4,7,6,7,2,2,2
sf,cvs,gnupdate,gnupdate/libpackman/libpackman/db_api.c,clean,c,IssueTrue,20524,215,6737,7,9,6,10,10,2,4,10,10,10,10,10,10,10,10,10,9,9,9,9,9,9,10,10,10,6,6,6,10,10,10,10,10,10,10,10,10,10,10,10,8,8,9,4,6,8,8,9,10,8,7,10,5,7,3,4,5,6,6,7,5,6,5
sf,cvs,gnupdate,gnupdate/libpackman/libpackman/depcheck.c,clean,c,IssueTrue,20524,215,6737,7,9,6,9,7,3,10,10,10,10,10,10,10,10,10,10,9,9,9,9,9,9,10,10,10,6,6,6,10,10,10,10,10,10,10,10,10,10,10,10,8,8,9,10,9,9,7,7,7,9,9,8,3,7,3,3,4,7,6,7,2,2,2
sf,cvs,gnupdate,gnupdate/libpackman/libpackman/dependency.c,clean,c,IssueTrue,20524,215,6737,7,8,3,8,9,2,4,10,10,10,10,10,10,10,10,10,9,9,9,9,9,9,10,10,10,6,6,6,10,10,10,10,10,10,10,10,10,10,10,10,8,8,9,4,7,8,7,8,10,5,7,9,6,9,9,8,9,5,6,7,3,5,5
sf,cvs,gnupdate,gnupdate/libpackman/libpackman/error.c,clean,c,IssueTrue,20524,215,6737,7,6,3,6,6,3,7,10,10,10,10,10,10,10,10,10,9,9,9,9,9,9,10,10,10,7,7,7,10,10,10,10,10,10,10,10,10,10,10,10,8,8,9,7,8,6,9,10,8,5,5,5,3,7,3,3,4,7,6,7,2,2,2
sf,cvs,gnupdate,gnupdate/libpackman/libpackman/file.c,clean,c,IssueTrue,20524,215,6737,7,8,4,8,10,2,4,10,10,10,10,10,10,10,10,10,9,9,9,9,9,9,10,10,10,6,6,6,10,10,10,10,10,10,10,10,10,10,10,10,8,8,9,3,7,8,6,8,10,6,9,9,7,9,3,4,6,5,6,7,7,9,8
sf,cvs,gnupdate,gnupdate/libpackman/libpackman/file.h,clean,c,IssueTrue,20524,215,6737,7,4,10,4,2,10,2,10,10,10,10,10,10,10,10,10,9,9,9,10,10,10,10,10,10,10,9,9,10,10,10,10,10,10,10,10,10,10,10,10,8,8,9,2,1,2,2,2,2,2,1,2,3,7,3,3,4,7,6,7,2,2,2
sf,cvs,gnupdate,gnupdate/libpackman/libpackman/filecheck.c,clean,c,IssueTrue,20524,215,6737,7,8,3,7,5,2,9,10,10,10,10,10,10,10,10,10,9,9,9,9,9,9,10,10,10,6,6,6,10,10,10,10,10,10,10,10,10,10,10,10,8,8,9,10,9,8,8,7,7,10,8,7,3,7,3,3,4,7,6,7,2,2,2
sf,cvs,gnupdate,gnupdate/libpackman/libpackman/graph.c,clean,c,IssueTrue,20524,215,6737,7,8,5,8,9,3,10,10,10,10,10,10,10,10,10,10,9,9,9,10,10,9,10,10,10,9,8,8,10,10,10,10,10,10,10,10,10,10,10,10,8,8,9,5,8,7,5,7,8,7,9,9,3,7,3,3,4,7,6,7,2,2,2
sf,cvs,gnupdate,gnupdate/libpackman/libpackman/hashtable.c,clean,c,IssueTrue,20524,215,6737,7,6,4,7,6,4,7,10,10,10,10,10,10,10,10,10,9,9,9,9,9,9,10,10,10,6,6,6,10,10,10,10,10,10,10,10,10,10,10,10,8,8,9,7,6,6,8,7,7,9,7,7,5,7,3,3,4,6,6,7,4,6,4
sf,cvs,gnupdate,gnupdate/libpackman/libpackman/hashtable.h,clean,c,IssueTrue,20524,215,6737,7,2,9,2,2,10,2,10,10,10,10,10,10,10,10,10,9,9,9,9,10,9,10,10,10,10,9,10,10,10,10,10,10,10,10,10,10,10,10,10,8,8,9,2,1,2,2,2,2,2,1,2,5,7,4,4,5,6,6,7,2,3,3
sf,cvs,gnupdate,gnupdate/libpackman/libpackman/internal.c,clean,c,IssueTrue,20524,215,6737,7,8,7,8,9,4,9,10,10,10,10,10,10,10,10,10,9,9,9,9,9,9,10,10,10,6,6,6,10,10,10,10,10,10,10,10,10,10,10,10,8,8,9,7,9,9,5,6,7,6,7,8,3,7,3,3,4,7,6,7,2,2,2
sf,cvs,gnupdate,gnupdate/libpackman/libpackman/list.c,clean,c,IssueTrue,20524,215,6737,7,8,3,8,9,2,6,10,10,10,10,10,10,10,10,10,9,9,9,9,9,9,10,10,10,6,6,6,10,10,10,10,10,10,10,10,10,10,10,10,8,8,9,4,7,8,10,10,10,6,8,9,5,7,4,4,5,6,6,7,4,6,4
sf,cvs,gnupdate,gnupdate/libpackman/libpackman/listeners.c,clean,c,IssueTrue,20524,215,6737,7,6,3,8,5,3,6,10,10,10,10,10,10,10,10,10,9,9,9,9,9,9,10,10,10,6,6,6,10,10,10,10,10,10,10,10,10,10,10,10,8,8,9,10,9,8,10,9,8,6,4,4,5,7,6,5,6,6,6,7,3,5,4
sf,cvs,gnupdate,gnupdate/libpackman/libpackman/module.c,clean,c,IssueTrue,20524,215,6737,7,8,4,7,8,3,6,10,10,10,10,10,10,10,10,10,9,9,9,9,9,9,10,10,10,6,6,6,10,10,10,10,10,10,10,10,10,10,10,10,8,8,9,6,8,7,6,8,8,6,8,8,3,7,3,3,4,7,6,7,2,2,2
sf,cvs,gnupdate,gnupdate/libpackman/libpackman/package.c,clean,c,IssueTrue,20524,215,6737,7,10,5,10,10,2,7,10,10,10,10,10,10,10,10,10,9,9,9,9,9,9,10,10,10,6,6,6,10,10,10,10,10,10,10,10,10,10,10,10,8,8,9,4,9,10,6,9,10,5,6,10,9,9,6,7,8,9,10,10,9,10,10
sf,cvs,gnupdate,gnupdate/libpackman/libpackman/package.h,clean,c,IssueTrue,20524,215,6737,7,5,10,6,2,10,2,10,10,10,10,10,10,10,10,10,9,9,9,10,10,10,10,10,10,10,10,10,10,10,10,10,10,10,10,10,10,10,10,10,8,8,9,2,1,2,2,2,2,2,1,2,5,7,3,3,4,6,6,7,3,5,4
sf,cvs,gnupdate,gnupdate/libpackman/libpackman/package_api.c,clean,c,IssueTrue,20524,215,6737,7,6,4,6,5,4,9,10,10,10,10,10,10,10,10,10,9,9,9,9,9,9,10,10,10,6,6,6,10,10,10,10,10,10,10,10,10,10,10,10,8,8,9,8,8,6,8,7,6,9,8,6,3,7,3,3,4,7,6,7,2,2,2
sf,cvs,gnupdate,gnupdate/libpackman/libpackman/script.c,clean,c,IssueTrue,20524,215,6737,7,4,3,3,4,5,6,10,10,10,10,10,10,10,10,10,9,9,9,9,9,9,10,10,10,6,6,6,10,10,10,10,10,10,10,10,10,10,10,10,8,8,9,7,6,4,9,9,6,9,7,5,3,7,3,3,4,7,6,7,2,2,2
sf,cvs,gnupdate,gnupdate/libpackman/libpackman/transaction.c,clean,c,IssueTrue,20524,215,6737,7,8,8,8,7,5,9,10,10,10,10,10,10,10,10,10,9,9,9,9,9,9,10,10,10,6,6,6,10,10,10,10,10,10,10,10,10,10,10,10,8,8,9,9,10,8,9,8,8,10,9,8,6,9,8,7,8,6,6,7,8,9,8
sf,cvs,gnupdate,gnupdate/libpackman/libpackman/transerror.c,clean,c,IssueTrue,20524,215,6737,7,2,3,2,4,8,4,10,10,10,10,10,10,10,10,10,9,9,9,9,9,9,10,10,10,6,6,6,10,10,10,10,10,10,10,10,10,10,10,10,8,8,9,3,4,3,6,5,4,6,4,3,3,7,3,3,4,7,6,7,2,2,2
sf,cvs,gnupdate,gnupdate/libpackman/modules/database/gnupdate/addpackage.c,clean,c,IssueTrue,20524,215,6737,7,9,7,9,7,3,7,10,10,10,10,10,10,10,10,10,9,9,9,9,9,9,10,10,10,6,6,6,10,10,10,10,10,10,10,10,10,10,10,10,8,8,9,8,8,8,8,7,8,10,10,9,3,7,3,3,4,7,6,7,2,2,2
sf,cvs,gnupdate,gnupdate/libpackman/modules/database/gnupdate/db/db.c,clean,c,IssueTrue,20524,215,6737,7,7,3,7,8,3,6,10,10,10,10,10,10,10,10,10,9,9,9,9,9,9,10,10,10,6,6,6,10,10,10,10,10,10,10,10,10,10,10,10,8,8,9,5,7,7,7,8,8,8,8,8,3,7,3,3,4,7,7,7,7,7,5
sf,cvs,gnupdate,gnupdate/libpackman/modules/database/gnupdate/db/db_internal.h,clean,c,IssueTrue,20524,215,6737,7,1,3,1,2,1,2,10,10,10,10,10,10,10,10,10,9,9,9,9,9,9,10,10,10,6,6,6,10,10,10,10,10,10,10,10,10,10,10,10,8,8,9,2,1,2,2,2,2,2,1,2,3,7,6,4,6,4,5,5,2,2,2
sf,cvs,gnupdate,gnupdate/libpackman/modules/database/gnupdate/gnupdate.c,clean,c,IssueTrue,20524,215,6737,7,8,7,8,8,4,6,10,10,10,10,10,10,10,10,10,9,9,9,9,9,9,10,10,10,6,6,6,10,10,10,10,10,10,10,10,10,10,10,10,8,8,9,6,8,7,6,6,7,7,8,8,6,9,5,4,6,6,6,7,5,6,6
sf,cvs,gnupdate,gnupdate/libpackman/modules/database/gnupdate/removepackage.c,clean,c,IssueTrue,20524,215,6737,7,4,6,4,7,7,4,10,10,10,10,10,10,10,10,10,9,9,9,9,9,9,10,10,10,6,6,6,10,10,10,10,10,10,10,10,10,10,10,10,8,8,9,4,8,5,4,5,5,4,6,5,5,7,3,3,4,6,6,7,4,6,4
sf,cvs,gnupdate,gnupdate/libpackman/modules/package/rpm/depends.c,clean,c,IssueTrue,20524,215,6737,7,2,3,1,3,7,6,10,10,10,10,10,10,10,10,10,9,9,9,9,9,9,10,10,10,6,6,6,10,10,10,10,10,10,10,10,10,10,10,10,8,8,9,9,7,4,6,5,3,6,4,3,3,7,3,3,4,7,6,7,2,2,2
sf,cvs,gnupdate,gnupdate/libpackman/modules/package/rpm/depends.h,clean,c,IssueTrue,20524,215,6737,7,1,3,1,2,10,2,10,10,10,10,10,10,10,10,10,9,9,9,9,9,9,10,10,10,6,6,6,10,10,10,10,10,10,10,10,10,10,10,10,8,8,9,2,1,2,2,2,2,2,1,2,3,7,3,3,4,7,6,7,2,2,2
sf,cvs,gnupdate,gnupdate/libpackman/modules/package/rpm/digest.c,clean,c,IssueTrue,20524,215,6737,7,9,10,9,7,6,7,10,10,10,10,10,10,10,10,10,9,9,9,9,9,9,10,10,10,8,8,7,10,10,10,10,10,10,10,10,10,10,10,10,8,8,9,7,9,7,6,7,7,6,7,6,3,7,3,3,4,7,6,7,2,2,2
sf,cvs,gnupdate,gnupdate/libpackman/modules/package/rpm/digest.h,clean,c,IssueTrue,20524,215,6737,7,2,5,2,2,9,2,10,10,10,10,10,10,10,10,10,9,9,9,9,9,9,10,10,10,10,10,9,10,10,10,10,10,10,10,10,10,10,10,10,8,8,9,2,1,2,2,2,2,2,1,2,3,7,3,3,4,7,6,7,2,2,2
sf,cvs,gnupdate,gnupdate/libpackman/modules/package/rpm/header.c,clean,c,IssueTrue,20524,215,6737,7,10,10,10,10,3,10,10,10,10,10,10,10,10,10,10,9,9,9,9,9,9,10,10,10,6,6,6,10,10,10,10,10,10,10,10,10,10,10,10,8,8,9,8,10,10,8,9,10,8,9,10,3,7,3,3,4,7,6,7,2,2,2
sf,cvs,gnupdate,gnupdate/libpackman/modules/package/rpm/header.h,clean,c,IssueTrue,20524,215,6737,7,6,10,6,3,10,6,10,10,10,10,10,10,10,10,10,9,9,9,9,9,9,10,10,10,6,6,6,10,10,10,10,10,10,10,10,10,10,10,10,8,8,9,6,5,3,6,4,3,3,2,2,3,7,3,3,4,7,6,7,2,2,2
sf,cvs,gnupdate,gnupdate/libpackman/modules/package/rpm/lead.c,clean,c,IssueTrue,20524,215,6737,7,2,3,2,4,7,4,10,10,10,10,10,10,10,10,10,9,9,9,9,9,9,10,10,10,6,6,6,10,10,10,10,10,10,10,10,10,10,10,10,8,8,9,5,5,3,8,6,5,9,6,5,3,7,3,3,4,7,6,7,2,2,2
sf,cvs,gnupdate,gnupdate/libpackman/modules/package/rpm/lead.h,clean,c,IssueTrue,20524,215,6737,7,1,5,1,2,10,2,10,10,10,10,10,10,10,10,10,9,9,9,9,9,9,10,10,10,6,6,6,10,10,10,10,10,10,10,10,10,10,10,10,8,8,9,2,1,2,2,2,2,2,1,2,3,7,3,3,4,7,6,7,2,2,2
sf,cvs,gnupdate,gnupdate/libpackman/modules/package/rpm/misc.c,clean,c,IssueTrue,20524,215,6737,7,7,6,7,5,5,6,10,10,10,10,10,10,10,10,10,9,9,9,9,9,9,10,10,10,6,6,6,10,10,10,10,10,10,10,10,10,10,10,10,8,8,9,9,9,6,4,3,3,7,6,5,3,7,3,3,4,7,6,7,2,2,2
sf,cvs,gnupdate,gnupdate/libpackman/modules/package/rpm/misc.h,clean,c,IssueTrue,20524,215,6737,7,1,5,1,3,10,4,10,10,10,10,10,10,10,10,10,9,9,9,9,9,9,10,10,10,6,6,6,10,10,10,10,10,10,10,10,10,10,10,10,8,8,9,4,4,2,5,3,3,3,2,2,3,7,3,3,4,7,6,7,2,2,2
sf,cvs,gnupdate,gnupdate/libpackman/modules/package/rpm/package.c,clean,c,IssueTrue,20524,215,6737,7,6,7,7,5,6,7,10,10,10,10,10,10,10,10,10,9,9,9,9,9,9,10,10,10,6,6,6,10,10,10,10,10,10,10,10,10,10,10,10,8,8,9,10,10,8,8,7,6,9,8,6,3,7,3,3,4,7,6,7,2,2,2
sf,cvs,gnupdate,gnupdate/libpackman/modules/package/rpm/package.h,clean,c,IssueTrue,20524,215,6737,7,1,6,1,2,10,2,10,10,10,10,10,10,10,10,10,9,9,9,9,9,9,10,10,10,6,6,6,10,10,10,10,10,10,10,10,10,10,10,10,8,8,9,2,1,2,2,2,2,2,1,2,3,7,3,3,4,7,6,7,2,2,2
sf,cvs,gnupdate,gnupdate/libpackman/modules/package/rpm/rpmlib.h,clean,c,IssueTrue,20524,215,6737,7,8,9,1,2,7,2,10,10,10,10,10,10,10,10,10,9,9,9,9,9,9,10,10,10,6,6,6,10,10,10,10,10,10,10,10,10,10,10,10,8,8,9,2,1,2,2,2,2,2,1,2,3,7,3,3,4,7,6,7,2,2,2
sf,cvs,gnupdate,gnupdate/libpackman/modules/package/rpm/signature.c,clean,c,IssueTrue,20524,215,6737,7,5,5,6,5,6,7,10,10,10,10,10,10,10,10,10,9,9,9,9,9,9,10,10,10,6,6,6,10,10,10,10,10,10,10,10,10,10,10,10,8,8,9,9,9,6,6,6,5,7,6,5,3,7,3,3,4,7,6,7,2,2,2
sf,cvs,gnupdate,gnupdate/libpackman/modules/package/rpm/signature.h,clean,c,IssueTrue,20524,215,6737,7,1,6,1,2,10,2,10,10,10,10,10,10,10,10,10,9,9,9,9,9,9,10,10,10,6,6,6,10,10,10,10,10,10,10,10,10,10,10,10,8,8,9,2,1,2,2,2,2,2,1,2,3,7,3,3,4,7,6,7,2,2,2
