Host,Vcs,Project,File,Buggy,PL,IssueTracking,TLOC,TNF,TNC,TND,LOC,CL,NStmt,NFunc,RCC,MNL,avg_WMC,max_WMC,total_WMC,avg_DIT,max_DIT,total_DIT,avg_RFC,max_RFC,total_RFC,avg_NOC,max_NOC,total_NOC,avg_CBO,max_CBO,total_CBO,avg_DIT.1,max_DIT.1,total_DIT.1,avg_NIV,max_NIV,total_NIV,avg_NIM,max_NIM,total_NIM,avg_NOM,max_NOM,total_NOM,avg_NPBM,max_NPBM,total_NPBM,avg_NPM,max_NPM,total_NPM,avg_NPRM,max_NPRM,total_NPRM,avg_CC,max_CC,total_CC,avg_FANIN,max_FANIN,total_FANIN,avg_FANOUT,max_FANOUT,total_FANOUT,NRev,NFix,avg_AddedLOC,max_AddedLOC,total_AddedLOC,avg_DeletedLOC,max_DeletedLOC,total_DeletedLOC,avg_ModifiedLOC,max_ModifiedLOC,total_ModifiedLOC
gc,svn,google-web-toolkit,/changes/jat/abstractui/dev/core/src/com/google/gwt/dev/HostedModeBase.java,buggy,java,IssueTrue,126472,648,7904,67,10,10,9,10,6,7,5,9,10,6,10,10,3,9,9,10,10,10,5,10,10,6,10,10,6,10,10,5,9,10,4,9,10,6,8,10,9,10,10,9,9,9,4,7,10,5,8,10,3,6,9,10,10,10,10,10,10,10,10,8,9,10
gc,svn,google-web-toolkit,/changes/jat/abstractui/dev/core/src/com/google/gwt/dev/SwingUI.java,buggy,java,IssueTrue,126472,648,7904,67,8,5,7,7,4,9,5,8,7,6,9,10,2,7,7,9,10,10,5,10,9,6,9,10,7,9,9,3,5,7,3,5,7,4,6,7,8,9,9,9,9,9,7,6,8,8,8,8,7,9,7,9,9,9,10,10,9,9,9,10,10,10
gc,svn,google-web-toolkit,/changes/jat/abstractui/dev/oophm/overlay/com/google/gwt/dev/HostedMode.java,buggy,java,IssueTrue,126472,648,7904,67,9,7,8,9,4,7,6,8,9,9,10,10,7,9,9,9,10,10,5,10,10,9,10,10,7,9,10,6,8,9,5,7,9,6,8,9,9,10,10,9,10,10,5,7,9,5,7,9,5,7,9,8,8,6,6,8,7,7,7,2,3,5
gc,svn,google-web-toolkit,/changes/jat/abstractui/dev/oophm/src/com/google/gwt/dev/shell/BrowserChannel.java,buggy,java,IssueTrue,126472,648,7904,67,10,10,10,10,3,8,7,10,10,7,10,10,6,9,10,10,10,10,6,10,10,7,10,10,7,9,10,6,10,10,6,10,10,8,10,10,8,10,10,9,9,9,5,9,10,9,10,10,4,9,10,9,9,10,10,10,4,5,5,10,10,10
gc,svn,google-web-toolkit,/changes/jat/abstractui/dev/oophm/src/com/google/gwt/dev/shell/BrowserChannelServer.java,clean,java,IssueTrue,126472,648,7904,67,9,7,8,7,4,9,10,9,9,7,9,9,8,9,7,9,9,9,10,10,9,7,9,9,9,9,9,8,7,7,7,7,7,8,6,7,8,9,9,9,9,9,9,9,9,9,10,9,10,10,9,9,9,10,10,10,10,10,10,5,6,7
gc,svn,google-web-toolkit,/changes/jat/abstractui/user/src/com/google/gwt/junit/BatchingStrategy.java,buggy,java,IssueTrue,126472,648,7904,67,4,5,4,3,7,8,3,3,3,7,9,10,2,3,7,10,10,10,5,6,9,7,9,10,6,5,6,2,2,3,1,2,3,3,2,4,8,9,9,8,8,9,8,6,5,5,5,4,8,5,4,4,9,3,3,4,4,5,5,9,7,7
gc,svn,google-web-toolkit,/changes/jat/abstractui/user/src/com/google/gwt/junit/RunStyleHtmlUnit.java,clean,java,IssueTrue,126472,648,7904,67,7,4,6,6,4,7,6,6,6,9,9,10,9,10,8,9,9,9,5,8,8,9,9,10,8,9,9,5,4,6,5,5,7,7,5,7,8,9,10,9,9,9,6,6,7,6,6,7,7,6,7,4,5,7,6,7,4,5,5,7,6,5
gc,svn,google-web-toolkit,/trunk/dev/core/src/com/google/gwt/core/ext/linker/CompilationResult.java,clean,java,IssueTrue,126472,648,7904,67,3,5,3,5,9,7,7,5,3,9,9,8,6,6,3,10,10,10,7,6,4,9,9,8,6,5,6,8,6,6,8,6,5,8,6,6,10,10,10,8,8,9,4,5,5,6,7,7,3,5,4,9,8,5,5,7,4,5,5,5,7,7
gc,svn,google-web-toolkit,/trunk/dev/core/src/com/google/gwt/core/ext/linker/SyntheticArtifact.java,buggy,java,IssueTrue,126472,648,7904,67,3,1,3,4,5,3,5,3,2,9,9,8,5,4,3,10,10,10,9,8,6,9,9,8,8,7,7,7,5,4,6,4,4,7,5,4,8,9,9,9,9,9,3,3,4,7,6,6,4,4,4,7,5,8,7,8,7,7,7,6,6,6
gc,svn,google-web-toolkit,/trunk/dev/core/src/com/google/gwt/core/ext/linker/impl/SelectionScriptLinker.java,buggy,java,IssueTrue,126472,648,7904,67,8,7,7,6,5,10,10,9,8,9,9,8,7,7,4,10,10,10,10,9,8,9,9,8,7,6,7,9,7,6,9,7,7,3,2,2,10,10,10,8,8,9,8,9,8,7,8,8,8,9,7,7,8,7,7,8,9,8,8,4,3,5
gc,svn,google-web-toolkit,/trunk/dev/core/src/com/google/gwt/core/ext/linker/impl/StandardCompilationResult.java,clean,java,IssueTrue,126472,648,7904,67,5,3,5,5,4,5,5,4,3,9,10,9,6,7,6,9,9,9,8,8,8,9,10,9,9,9,9,5,5,5,4,5,5,7,6,6,8,9,9,8,8,9,5,5,5,7,7,6,5,5,4,8,5,7,6,8,4,5,5,6,6,7
gc,svn,google-web-toolkit,/trunk/dev/core/src/com/google/gwt/core/ext/linker/impl/StandardGeneratedResource.java,buggy,java,IssueTrue,126472,648,7904,67,2,1,2,2,7,5,4,2,2,9,9,8,3,3,2,9,9,9,7,6,4,9,9,8,7,6,7,4,2,3,3,2,2,6,3,3,8,9,9,8,8,9,4,4,3,6,4,3,3,3,3,4,5,3,3,4,10,9,8,2,2,2
gc,svn,google-web-toolkit,/trunk/dev/core/src/com/google/gwt/core/ext/linker/impl/StandardLinkerContext.java,clean,java,IssueTrue,126472,648,7904,67,9,8,9,8,4,8,8,10,9,7,9,10,5,8,7,9,9,9,7,10,9,7,9,10,9,10,10,6,9,8,6,9,9,8,9,9,8,9,9,9,10,10,7,9,9,9,9,10,9,10,9,10,10,9,10,10,8,9,9,9,9,10
gc,svn,google-web-toolkit,/trunk/dev/core/src/com/google/gwt/core/ext/soyc/impl/DependencyRecorder.java,clean,java,IssueTrue,126472,648,7904,67,6,4,5,6,5,7,7,7,5,10,10,10,8,8,7,9,9,9,7,8,7,10,10,10,7,8,8,6,7,6,6,6,6,6,6,5,8,9,9,10,10,10,6,6,6,7,6,7,5,6,5,9,8,9,9,10,10,10,10,10,9,10
gc,svn,google-web-toolkit,/trunk/dev/core/src/com/google/gwt/core/ext/soyc/impl/MemberFactory.java,clean,java,IssueTrue,126472,648,7904,67,4,4,3,4,7,8,8,5,4,6,5,7,4,4,3,9,9,9,9,8,6,6,5,7,7,6,7,6,4,4,6,4,3,7,4,4,8,9,9,9,9,9,7,8,5,9,8,6,6,5,4,4,5,3,3,4,6,5,5,2,2,2
gc,svn,google-web-toolkit,/trunk/dev/core/src/com/google/gwt/core/ext/soyc/impl/SizeMapRecorder.java,buggy,java,IssueTrue,126472,648,7904,67,6,4,6,3,5,8,7,7,5,6,5,8,2,3,4,9,9,9,6,8,6,6,5,8,7,7,7,1,1,2,2,3,3,4,3,4,8,9,9,9,9,9,9,9,6,9,7,6,9,7,5,4,8,10,10,10,4,5,5,6,5,5
gc,svn,google-web-toolkit,/trunk/dev/core/src/com/google/gwt/core/ext/soyc/impl/SplitPointRecorder.java,clean,java,IssueTrue,126472,648,7904,67,5,2,5,3,4,8,7,5,3,6,5,7,3,3,2,9,9,9,9,8,6,6,5,7,6,5,6,2,1,2,4,3,2,3,2,2,8,9,9,10,9,9,8,7,5,5,5,4,9,7,5,9,5,8,8,9,7,7,7,8,7,8
gc,svn,google-web-toolkit,/trunk/dev/core/src/com/google/gwt/core/ext/soyc/impl/StoryRecorder.java,clean,java,IssueTrue,126472,648,7904,67,8,7,8,5,5,9,8,8,7,6,5,8,3,5,5,9,9,9,9,10,9,6,5,8,10,10,10,5,5,5,4,5,5,3,2,2,8,9,9,10,10,10,9,9,8,10,9,8,10,9,7,8,8,7,8,8,10,10,10,10,10,10
gc,svn,google-web-toolkit,/trunk/dev/core/src/com/google/gwt/core/ext/typeinfo/JParameter.java,clean,java,IssueTrue,126472,648,7904,67,4,2,4,6,5,3,8,5,4,6,5,7,7,7,4,9,9,9,7,6,5,6,5,7,9,8,8,9,7,7,9,7,6,9,7,7,8,9,9,8,8,9,3,3,5,7,9,8,3,4,5,4,8,6,5,6,4,5,5,2,2,2
gc,svn,google-web-toolkit,/trunk/dev/core/src/com/google/gwt/core/ext/typeinfo/JRealClassType.java,buggy,java,IssueTrue,126472,648,7904,67,9,7,8,10,4,7,10,10,9,10,10,9,10,10,9,10,10,10,8,7,6,10,10,9,10,10,10,10,10,10,10,10,10,10,10,10,10,10,10,8,8,9,4,7,9,5,7,9,3,6,8,4,8,4,4,5,4,5,5,4,3,4
gc,svn,google-web-toolkit,/trunk/dev/core/src/com/google/gwt/core/ext/typeinfo/TypeOracle.java,buggy,java,IssueTrue,126472,648,7904,67,9,10,9,9,7,9,8,10,10,6,5,10,4,9,8,9,9,9,4,9,9,6,5,10,8,10,10,6,10,9,6,9,9,7,9,10,8,9,9,9,10,10,7,8,10,9,10,10,5,6,9,4,5,6,5,6,4,5,5,2,2,2
gc,svn,google-web-toolkit,/trunk/dev/core/src/com/google/gwt/core/linker/IFrameLinker.java,clean,java,IssueTrue,126472,648,7904,67,8,7,7,6,5,8,8,7,6,9,10,9,7,8,6,10,10,10,7,8,8,9,10,9,6,5,6,7,7,6,7,7,7,4,3,4,10,10,10,9,9,9,6,7,7,6,6,7,7,5,7,9,10,10,10,10,5,6,6,7,7,8
gc,svn,google-web-toolkit,/trunk/dev/core/src/com/google/gwt/core/linker/SingleScriptLinker.java,buggy,java,IssueTrue,126472,648,7904,67,5,4,5,4,5,5,7,5,3,10,10,9,8,8,5,9,9,9,7,6,4,10,10,9,6,5,6,7,5,5,7,5,4,4,3,2,10,10,10,8,8,9,4,5,5,4,5,4,6,7,4,4,8,3,3,4,4,5,5,4,3,4
gc,svn,google-web-toolkit,/trunk/dev/core/src/com/google/gwt/core/linker/SoycReportLinker.java,clean,java,IssueTrue,126472,648,7904,67,4,2,4,2,5,7,7,5,3,9,9,8,3,3,2,9,9,9,9,8,7,9,9,8,6,5,6,4,2,3,3,2,2,4,3,2,8,9,9,9,9,9,9,8,5,4,4,3,10,7,4,9,5,8,9,9,9,10,9,6,6,7
gc,svn,google-web-toolkit,/trunk/dev/core/src/com/google/gwt/core/linker/SymbolMapsLinker.java,clean,java,IssueTrue,126472,648,7904,67,6,3,5,4,4,8,8,6,4,9,9,8,4,4,3,9,9,9,8,7,6,9,9,8,6,5,6,5,3,3,6,4,3,6,3,3,10,10,10,9,9,9,8,8,5,6,6,5,9,8,5,8,5,9,8,9,9,9,8,5,5,6
gc,svn,google-web-toolkit,/trunk/dev/core/src/com/google/gwt/dev/CompilePerms.java,buggy,java,IssueTrue,126472,648,7904,67,8,7,7,8,5,10,5,7,8,6,9,10,2,5,8,9,10,10,5,9,9,6,9,10,6,7,8,3,5,7,3,5,8,5,6,8,8,9,9,9,9,9,6,8,8,6,7,8,5,6,7,9,9,3,4,6,4,5,5,2,3,5
gc,svn,google-web-toolkit,/trunk/dev/core/src/com/google/gwt/dev/CompileTaskRunner.java,clean,java,IssueTrue,126472,648,7904,67,4,4,4,3,7,8,4,4,3,1,5,8,1,3,4,10,10,10,2,5,4,1,5,8,6,5,6,1,1,2,1,2,3,1,2,2,8,9,9,9,9,9,7,6,5,7,7,5,8,7,4,4,5,4,4,5,6,5,5,2,2,2
gc,svn,google-web-toolkit,/trunk/dev/core/src/com/google/gwt/dev/Compiler.java,clean,java,IssueTrue,126472,648,7904,67,7,3,6,7,3,9,5,5,6,9,10,10,7,9,8,9,9,9,6,9,9,9,10,10,6,7,8,5,6,7,4,6,7,7,7,8,8,9,9,8,8,9,6,8,7,6,7,7,6,9,7,7,5,4,4,6,4,5,5,2,2,2
gc,svn,google-web-toolkit,/trunk/dev/core/src/com/google/gwt/dev/GWTCompiler.java,clean,java,IssueTrue,126472,648,7904,67,7,4,6,6,4,9,5,5,5,9,10,10,6,9,8,9,9,9,6,9,9,9,10,10,6,7,8,4,5,6,3,4,6,6,6,7,8,9,9,8,8,9,6,8,7,6,7,7,7,9,6,7,5,4,4,6,4,5,5,2,2,2
gc,svn,google-web-toolkit,/trunk/dev/core/src/com/google/gwt/dev/GWTShell.java,buggy,java,IssueTrue,126472,648,7904,67,7,6,6,8,6,7,5,6,7,9,10,10,4,6,8,10,10,10,5,8,9,9,10,10,6,7,8,6,7,8,5,7,8,6,6,8,10,10,10,8,8,9,4,5,7,4,6,7,3,4,6,9,9,3,3,4,5,5,5,2,3,4
gc,svn,google-web-toolkit,/trunk/dev/core/src/com/google/gwt/dev/HostedModeBase.java,clean,java,IssueTrue,126472,648,7904,67,9,8,8,10,5,7,5,9,10,6,10,10,4,9,9,9,10,10,4,9,10,6,10,10,6,8,9,6,10,10,5,9,10,6,8,10,9,10,10,8,8,9,4,6,9,3,5,9,3,5,8,9,8,4,4,5,6,6,6,2,2,2
gc,svn,google-web-toolkit,/trunk/dev/core/src/com/google/gwt/dev/Link.java,clean,java,IssueTrue,126472,648,7904,67,8,5,7,7,3,8,5,8,7,7,10,10,5,8,8,9,10,10,6,10,9,7,10,10,6,8,8,3,6,6,3,5,8,5,7,8,8,9,9,9,10,10,6,8,8,8,7,9,8,9,8,9,8,6,7,8,5,6,6,6,8,8
gc,svn,google-web-toolkit,/trunk/dev/core/src/com/google/gwt/dev/Precompile.java,buggy,java,IssueTrue,126472,648,7904,67,9,7,9,9,3,9,7,8,9,7,10,10,6,9,8,10,10,10,8,10,10,7,10,10,7,9,10,7,10,9,7,9,10,8,10,10,8,9,9,9,9,9,5,9,9,7,8,10,6,10,9,10,9,7,8,10,7,8,8,8,8,9
gc,svn,google-web-toolkit,/trunk/dev/core/src/com/google/gwt/dev/ThreadedPermutationWorkerFactory.java,clean,java,IssueTrue,126472,648,7904,67,4,3,3,4,5,5,4,3,3,7,9,9,5,5,5,9,9,9,7,7,7,7,9,9,7,7,7,4,3,4,3,3,4,6,4,5,8,9,9,8,8,9,5,5,4,5,5,5,4,4,3,4,8,4,4,5,4,5,5,2,2,2
gc,svn,google-web-toolkit,/trunk/dev/core/src/com/google/gwt/dev/cfg/BindingProperty.java,clean,java,IssueTrue,126472,648,7904,67,5,6,5,6,6,7,9,7,6,9,9,8,7,7,4,9,9,9,9,8,6,9,9,8,10,9,9,9,8,7,9,7,7,10,8,8,8,9,9,8,8,9,6,6,7,9,9,9,4,4,5,4,5,10,10,10,8,7,7,10,8,8
gc,svn,google-web-toolkit,/trunk/dev/core/src/com/google/gwt/dev/cfg/Condition.java,clean,java,IssueTrue,126472,648,7904,67,2,2,2,3,7,5,5,3,2,6,5,7,4,4,3,10,10,10,5,4,3,6,5,7,6,5,6,6,3,3,5,3,3,4,3,2,10,10,10,8,8,9,5,5,4,6,7,5,4,4,3,4,5,4,4,5,4,5,5,4,3,4
gc,svn,google-web-toolkit,/trunk/dev/core/src/com/google/gwt/dev/cfg/ConditionWhenPropertyIs.java,clean,java,IssueTrue,126472,648,7904,67,3,2,3,4,5,7,7,4,3,9,9,8,6,6,3,9,9,9,5,5,3,9,9,8,8,7,7,6,4,4,6,4,3,6,3,3,10,10,10,8,8,9,5,6,4,7,7,5,4,4,3,4,5,7,6,7,8,6,6,9,7,7
gc,svn,google-web-toolkit,/trunk/dev/core/src/com/google/gwt/dev/cfg/ModuleDef.java,buggy,java,IssueTrue,126472,648,7904,67,9,8,8,9,5,8,10,9,9,6,5,8,8,9,7,10,10,10,9,10,9,6,5,8,10,10,10,10,10,9,9,10,9,10,10,10,8,9,9,9,9,9,6,7,9,10,10,10,5,7,8,8,8,9,8,9,4,5,5,7,8,7
gc,svn,google-web-toolkit,/trunk/dev/core/src/com/google/gwt/dev/cfg/ModuleDefLoader.java,clean,java,IssueTrue,126472,648,7904,67,6,8,6,5,7,8,5,6,5,1,5,9,1,5,6,10,10,10,5,9,8,1,5,9,6,8,8,2,3,4,2,5,5,3,3,4,8,9,9,9,10,10,7,8,6,9,8,8,7,7,6,4,5,3,3,4,8,6,6,2,2,2
gc,svn,google-web-toolkit,/trunk/dev/core/src/com/google/gwt/dev/cfg/ModuleDefSchema.java,buggy,java,IssueTrue,126472,648,7904,67,10,9,10,10,4,8,6,10,10,7,10,10,3,9,9,9,10,10,5,10,10,7,10,10,9,10,10,4,10,10,3,9,10,3,4,9,10,10,10,9,10,10,6,8,10,8,9,10,6,7,10,10,8,10,10,10,9,10,9,10,10,10
gc,svn,google-web-toolkit,/trunk/dev/core/src/com/google/gwt/dev/cfg/Properties.java,clean,java,IssueTrue,126472,648,7904,67,4,3,4,5,5,7,8,6,4,6,5,7,5,5,3,9,9,9,10,9,8,6,5,7,9,8,8,8,6,5,7,5,5,8,6,5,8,9,9,10,9,9,6,8,6,9,9,8,5,5,4,7,8,4,4,6,9,9,8,9,8,8
gc,svn,google-web-toolkit,/trunk/dev/core/src/com/google/gwt/dev/cfg/StaticPropertyOracle.java,buggy,java,IssueTrue,126472,648,7904,67,5,3,5,6,5,8,6,7,5,6,5,9,3,4,6,9,9,9,3,4,6,6,5,9,7,8,8,5,5,6,4,4,6,7,6,7,8,9,9,8,8,9,7,7,7,4,7,6,4,4,5,4,5,6,5,6,4,5,5,2,2,2
gc,svn,google-web-toolkit,/trunk/dev/core/src/com/google/gwt/dev/javac/ArtificialRescueChecker.java,buggy,java,IssueTrue,126472,648,7904,67,8,5,7,7,3,10,10,9,9,7,9,9,6,7,6,9,9,9,4,4,5,7,9,9,8,9,9,6,4,5,7,7,8,5,3,4,8,9,9,10,10,10,9,10,9,6,8,8,6,9,7,4,8,7,6,7,8,7,7,2,2,2
gc,svn,google-web-toolkit,/trunk/dev/core/src/com/google/gwt/dev/javac/CompilationState.java,buggy,java,IssueTrue,126472,648,7904,67,8,8,7,7,6,8,10,9,8,6,5,7,7,7,4,10,10,10,9,8,7,6,5,7,10,10,10,9,8,7,9,7,7,9,7,6,8,9,9,10,10,10,8,7,8,10,10,9,9,9,8,4,8,5,5,6,6,5,5,6,5,5
gc,svn,google-web-toolkit,/trunk/dev/core/src/com/google/gwt/dev/javac/CompilationUnit.java,buggy,java,IssueTrue,126472,648,7904,67,9,9,8,9,6,8,8,9,9,6,9,10,5,9,8,9,10,10,7,8,10,6,9,10,8,9,10,7,10,9,7,9,9,7,9,9,8,10,10,9,10,10,5,7,9,8,8,10,5,6,9,8,9,7,8,8,8,8,8,4,5,5
gc,svn,google-web-toolkit,/trunk/dev/core/src/com/google/gwt/dev/jdt/FindJsniRefVisitor.java,clean,java,IssueTrue,126472,648,7904,67,7,4,6,5,4,7,6,7,6,6,9,9,3,4,6,9,9,9,5,7,7,6,9,9,6,7,7,4,5,6,3,4,5,4,3,5,8,9,9,9,10,10,7,7,7,6,6,6,6,5,5,4,8,4,4,5,6,5,5,7,6,5
gc,svn,google-web-toolkit,/trunk/dev/core/src/com/google/gwt/dev/jdt/WebModeCompilerFrontEnd.java,buggy,java,IssueTrue,126472,648,7904,67,6,5,5,4,5,7,9,7,5,10,10,9,8,8,5,9,9,9,9,8,7,10,10,9,8,7,7,6,3,3,6,4,3,3,2,2,10,10,10,9,9,9,9,8,6,7,6,5,9,8,5,9,10,5,6,7,10,10,10,5,6,7
gc,svn,google-web-toolkit,/trunk/dev/core/src/com/google/gwt/dev/jjs/JJSOptions.java,clean,java,IssueTrue,126472,648,7904,67,1,1,2,1,8,3,1,1,1,9,9,8,2,2,2,10,10,10,1,1,1,9,9,8,6,5,6,1,1,1,1,1,1,1,1,1,8,9,9,8,8,9,1,1,2,2,2,2,1,1,2,7,5,4,4,5,4,5,5,4,3,5
gc,svn,google-web-toolkit,/trunk/dev/core/src/com/google/gwt/dev/jjs/JJSOptionsImpl.java,clean,java,IssueTrue,126472,648,7904,67,5,1,5,8,3,3,9,7,5,6,5,7,8,8,5,9,9,9,1,1,1,6,5,7,10,10,10,10,9,8,10,8,8,10,9,9,8,9,9,8,8,9,3,3,7,6,5,8,2,8,5,7,5,7,6,8,4,5,5,2,2,2
gc,svn,google-web-toolkit,/trunk/dev/core/src/com/google/gwt/dev/jjs/JavaToJavaScriptCompiler.java,buggy,java,IssueTrue,126472,648,7904,67,10,9,10,8,4,9,10,10,10,6,5,9,5,7,7,9,9,9,10,10,10,6,5,9,7,9,9,3,4,4,7,8,8,5,6,6,9,10,10,10,10,10,9,9,10,9,8,9,10,10,10,10,10,8,9,10,9,10,10,9,10,10
gc,svn,google-web-toolkit,/trunk/dev/core/src/com/google/gwt/dev/jjs/ast/JClassLiteral.java,buggy,java,IssueTrue,126472,648,7904,67,6,5,5,5,5,10,9,7,5,9,9,8,5,5,3,9,9,9,6,5,4,9,9,8,8,7,7,6,3,3,7,5,5,7,4,4,8,9,9,10,9,9,8,9,7,7,7,7,8,9,6,7,5,7,7,8,7,7,7,7,6,7
gc,svn,google-web-toolkit,/trunk/dev/core/src/com/google/gwt/dev/jjs/ast/JDeclaredType.java,clean,java,IssueTrue,126472,648,7904,67,6,8,5,8,8,7,9,8,6,9,9,8,8,8,5,9,9,9,8,7,6,9,9,8,10,9,9,10,9,8,10,9,8,10,9,8,8,9,9,8,8,9,4,6,7,8,10,9,3,3,6,4,5,9,7,8,6,5,5,9,7,7
gc,svn,google-web-toolkit,/trunk/dev/core/src/com/google/gwt/dev/jjs/ast/JMethod.java,buggy,java,IssueTrue,126472,648,7904,67,7,6,6,8,5,8,10,9,7,9,9,8,9,8,5,9,9,9,9,8,7,9,9,8,10,10,10,10,9,8,10,9,8,10,9,9,8,9,9,9,9,9,5,7,8,10,10,10,3,6,6,7,8,8,8,8,5,5,5,2,3,4
gc,svn,google-web-toolkit,/trunk/dev/core/src/com/google/gwt/dev/jjs/ast/JProgram.java,buggy,java,IssueTrue,126472,648,7904,67,10,9,10,10,4,9,10,10,10,7,9,9,9,10,8,9,9,9,9,10,9,7,9,9,10,10,10,10,10,10,10,10,10,10,10,10,8,9,9,10,10,10,6,10,10,10,10,10,5,8,10,10,10,8,10,10,6,8,8,8,10,10
gc,svn,google-web-toolkit,/trunk/dev/core/src/com/google/gwt/dev/jjs/ast/JTypeOracle.java,buggy,java,IssueTrue,126472,648,7904,67,10,9,9,9,6,10,10,10,10,7,9,9,10,10,9,9,9,9,7,7,7,7,9,9,10,10,10,10,10,9,9,9,9,9,8,9,8,9,9,10,10,10,8,9,10,9,9,10,7,8,9,10,10,10,9,10,10,10,10,8,8,9
gc,svn,google-web-toolkit,/trunk/dev/core/src/com/google/gwt/dev/jjs/impl/CastNormalizer.java,clean,java,IssueTrue,126472,648,7904,67,9,8,8,6,5,10,8,8,9,7,9,10,9,10,9,9,9,9,6,7,9,7,9,10,8,9,10,3,5,6,3,4,6,3,4,6,8,9,9,9,9,10,10,10,9,9,8,8,9,8,8,4,8,3,3,4,8,7,7,8,6,6
gc,svn,google-web-toolkit,/trunk/dev/core/src/com/google/gwt/dev/jjs/impl/CatchBlockNormalizer.java,buggy,java,IssueTrue,126472,648,7904,67,5,4,5,5,5,7,6,4,4,7,9,9,4,4,5,9,9,9,5,4,5,7,9,9,8,8,8,5,3,5,5,4,5,5,4,4,8,9,9,10,10,10,5,6,5,5,6,6,6,7,5,7,8,5,4,6,9,7,7,10,9,9
gc,svn,google-web-toolkit,/trunk/dev/core/src/com/google/gwt/dev/jjs/impl/CloneExpressionVisitor.java,buggy,java,IssueTrue,126472,648,7904,67,8,2,7,9,2,5,10,8,7,9,9,8,10,10,9,10,10,10,7,6,4,9,9,8,8,7,7,10,10,9,10,9,9,10,10,10,8,9,9,8,8,9,4,5,8,5,9,8,6,5,8,4,8,3,3,4,8,7,7,6,5,5
gc,svn,google-web-toolkit,/trunk/dev/core/src/com/google/gwt/dev/jjs/impl/CodeSplitter.java,buggy,java,IssueTrue,126472,648,7904,67,10,10,9,10,5,10,8,10,10,6,9,10,9,10,10,9,10,10,6,10,10,6,9,10,8,10,10,5,8,9,6,9,10,5,6,9,8,9,9,10,10,10,7,8,10,7,7,10,7,8,10,10,9,10,10,10,10,10,10,9,10,10
gc,svn,google-web-toolkit,/trunk/dev/core/src/com/google/gwt/dev/jjs/impl/ControlFlowAnalyzer.java,buggy,java,IssueTrue,126472,648,7904,67,9,9,9,9,5,10,9,10,10,6,9,9,9,10,9,9,10,10,7,8,9,6,9,9,9,10,10,8,9,9,7,9,9,8,9,9,8,9,9,10,10,10,8,8,10,8,9,10,8,6,9,10,8,4,7,7,9,9,9,2,3,5
gc,svn,google-web-toolkit,/trunk/dev/core/src/com/google/gwt/dev/jjs/impl/DeadCodeElimination.java,buggy,java,IssueTrue,126472,648,7904,67,10,10,10,10,4,9,10,10,10,7,9,10,10,10,9,9,9,9,8,10,9,7,9,10,8,8,9,10,10,10,10,10,10,9,10,10,8,9,9,10,10,10,9,10,10,8,10,10,8,9,10,4,8,5,4,6,8,7,7,2,2,2
gc,svn,google-web-toolkit,/trunk/dev/core/src/com/google/gwt/dev/jjs/impl/FragmentExtractor.java,clean,java,IssueTrue,126472,648,7904,67,9,9,8,9,6,9,7,9,9,1,5,9,2,7,7,10,10,10,3,7,8,1,5,9,7,9,9,6,8,9,6,7,9,6,6,8,8,9,9,9,10,10,7,9,9,6,6,9,6,6,8,8,5,7,8,8,9,8,9,9,8,9
gc,svn,google-web-toolkit,/trunk/dev/core/src/com/google/gwt/dev/jjs/impl/FragmentLoaderCreator.java,clean,java,IssueTrue,126472,648,7904,67,8,5,7,7,4,5,9,7,5,6,5,7,7,7,4,9,9,9,7,6,5,6,5,7,9,8,8,9,8,7,9,7,7,4,3,2,8,9,9,10,10,10,4,5,6,8,7,8,6,7,6,8,5,3,4,5,9,9,9,9,9,9
gc,svn,google-web-toolkit,/trunk/dev/core/src/com/google/gwt/dev/jjs/impl/GenerateJavaAST.java,buggy,java,IssueTrue,126472,648,7904,67,10,10,10,10,4,10,10,10,10,6,9,10,8,10,9,9,9,9,7,10,10,6,9,10,9,10,10,10,10,10,9,10,10,4,4,7,8,10,10,10,10,10,9,9,10,9,10,10,9,10,10,9,5,3,3,4,4,5,5,2,2,2
gc,svn,google-web-toolkit,/trunk/dev/core/src/com/google/gwt/dev/jjs/impl/GenerateJavaScriptAST.java,clean,java,IssueTrue,126472,648,7904,67,10,10,10,10,3,9,10,10,10,7,9,10,10,10,10,9,9,9,8,10,10,7,9,10,9,10,10,9,10,10,9,10,10,9,10,10,8,9,9,10,10,10,7,9,10,7,8,10,9,9,10,10,10,3,3,4,4,5,5,2,2,2
gc,svn,google-web-toolkit,/trunk/dev/core/src/com/google/gwt/dev/jjs/impl/JavaScriptObjectNormalizer.java,buggy,java,IssueTrue,126472,648,7904,67,7,6,6,7,5,9,8,8,7,7,9,9,5,7,6,9,9,9,7,8,7,7,9,9,8,8,8,8,8,7,7,7,7,8,7,7,8,9,9,10,10,10,6,6,7,7,8,8,7,8,7,7,9,6,6,7,4,5,5,8,7,8
gc,svn,google-web-toolkit,/trunk/dev/core/src/com/google/gwt/dev/jjs/impl/JavaToJavaScriptMap.java,clean,java,IssueTrue,126472,648,7904,67,1,4,2,4,10,3,5,3,2,1,1,5,1,1,2,10,10,10,2,1,2,1,1,5,6,5,6,7,5,4,6,4,4,1,1,1,8,9,9,8,8,9,3,3,4,6,5,5,2,2,3,7,5,5,5,6,8,7,7,2,2,2
gc,svn,google-web-toolkit,/trunk/dev/core/src/com/google/gwt/dev/jjs/impl/JsAbstractTextTransformer.java,clean,java,IssueTrue,126472,648,7904,67,4,3,4,5,6,5,7,5,3,6,5,7,6,6,4,10,10,10,5,4,3,6,5,7,8,7,7,9,7,6,8,6,6,7,5,4,10,10,10,8,8,9,3,4,5,6,6,7,4,6,5,4,8,9,7,8,10,9,9,9,7,7
gc,svn,google-web-toolkit,/trunk/dev/core/src/com/google/gwt/dev/jjs/impl/JsFunctionClusterer.java,clean,java,IssueTrue,126472,648,7904,67,6,4,6,4,4,8,7,7,5,7,9,9,5,7,6,9,9,9,5,7,6,7,9,9,7,7,7,4,4,4,3,4,4,4,3,4,8,9,9,9,9,9,9,9,7,8,7,6,8,7,5,4,8,3,3,4,4,5,5,4,3,4
gc,svn,google-web-toolkit,/trunk/dev/core/src/com/google/gwt/dev/jjs/impl/JsniRefLookup.java,clean,java,IssueTrue,126472,648,7904,67,5,3,5,2,5,10,7,7,5,1,5,7,1,2,2,10,10,10,5,7,6,1,5,7,6,5,6,1,1,2,1,1,1,1,2,2,8,9,9,8,8,9,10,10,6,8,7,4,10,9,5,4,8,5,5,6,4,5,5,2,2,2
gc,svn,google-web-toolkit,/trunk/dev/core/src/com/google/gwt/dev/jjs/impl/MethodInliner.java,buggy,java,IssueTrue,126472,648,7904,67,8,9,8,8,6,9,7,8,8,9,10,10,10,10,10,9,9,9,4,8,9,9,10,10,7,8,10,4,6,8,4,5,8,5,4,8,8,9,9,9,10,10,7,8,9,6,7,8,7,8,8,4,9,8,7,7,9,7,7,4,3,4
gc,svn,google-web-toolkit,/trunk/dev/core/src/com/google/gwt/dev/jjs/impl/Pruner.java,clean,java,IssueTrue,126472,648,7904,67,9,9,9,8,5,9,9,9,10,7,9,10,6,6,7,9,9,9,8,7,9,7,9,10,9,8,9,8,7,8,7,7,9,8,7,9,8,9,9,10,9,10,8,8,9,8,8,9,9,8,9,7,8,5,6,7,7,7,7,8,7,7
gc,svn,google-web-toolkit,/trunk/dev/core/src/com/google/gwt/dev/jjs/impl/ReplaceRunAsyncs.java,buggy,java,IssueTrue,126472,648,7904,67,7,5,6,7,5,7,6,5,5,6,9,9,4,5,6,9,9,9,6,7,8,6,9,9,8,8,9,6,4,7,5,5,7,5,5,6,8,9,9,9,10,10,5,6,6,7,5,8,7,7,7,8,8,9,9,9,8,8,8,7,7,7
gc,svn,google-web-toolkit,/trunk/dev/core/src/com/google/gwt/dev/js/JsInliner.java,clean,java,IssueTrue,126472,648,7904,67,10,10,10,10,6,9,8,9,10,7,9,10,10,10,10,9,9,9,5,9,10,7,9,10,8,10,10,6,8,10,6,7,10,7,9,10,8,9,9,9,10,10,7,9,10,6,8,10,7,10,10,7,5,10,10,10,10,10,10,10,9,9
gc,svn,google-web-toolkit,/trunk/dev/core/src/com/google/gwt/dev/js/JsParser.java,clean,java,IssueTrue,126472,648,7904,67,10,9,10,10,3,9,10,10,10,6,5,8,9,9,7,9,9,9,4,6,5,6,5,8,7,8,8,10,10,10,10,10,10,5,3,4,8,9,9,10,10,10,9,10,10,9,10,10,8,10,10,10,10,8,9,10,5,7,7,8,8,9
gc,svn,google-web-toolkit,/trunk/dev/core/src/com/google/gwt/dev/js/JsSourceGenerationVisitorWithSizeBreakdown.java,clean,java,IssueTrue,126472,648,7904,67,5,2,5,5,4,7,8,6,4,9,9,8,6,5,3,9,9,9,7,6,5,9,9,8,9,8,8,8,6,5,7,5,5,7,5,4,10,10,10,9,9,9,6,7,6,6,5,6,4,4,4,4,5,6,5,6,4,5,5,6,5,5
gc,svn,google-web-toolkit,/trunk/dev/core/src/com/google/gwt/dev/js/JsStackEmulator.java,buggy,java,IssueTrue,126472,648,7904,67,9,10,9,9,6,8,8,8,9,9,10,10,8,10,9,9,10,10,5,6,9,9,10,10,9,9,10,6,7,9,6,7,9,6,7,9,8,9,9,9,10,10,7,7,9,8,9,10,8,7,9,8,9,8,7,8,4,5,5,2,3,4
gc,svn,google-web-toolkit,/trunk/dev/core/src/com/google/gwt/dev/js/JsStaticEval.java,clean,java,IssueTrue,126472,648,7904,67,9,8,9,9,4,9,9,10,10,7,9,10,10,10,9,9,9,9,4,7,7,7,9,10,7,6,8,7,9,9,7,8,9,8,8,9,9,10,10,9,10,10,8,8,10,7,7,9,7,6,9,8,8,10,9,10,10,9,9,10,10,10
gc,svn,google-web-toolkit,/trunk/dev/core/src/com/google/gwt/dev/js/JsToStringGenerationVisitor.java,buggy,java,IssueTrue,126472,648,7904,67,10,8,10,10,2,9,10,10,10,9,9,8,10,10,9,9,9,9,9,8,6,9,9,8,10,9,9,10,10,10,10,10,10,10,10,10,10,10,10,10,10,10,6,9,10,7,9,10,6,8,10,9,9,8,9,9,5,5,5,6,8,8
gc,svn,google-web-toolkit,/trunk/dev/core/src/com/google/gwt/dev/js/ast/JsRootScope.java,buggy,java,IssueTrue,126472,648,7904,67,4,4,2,3,7,5,4,3,2,9,9,8,3,3,2,9,9,9,2,2,2,9,9,8,7,6,7,5,3,3,4,3,2,4,3,2,9,9,9,9,9,9,4,4,3,4,4,3,3,3,3,7,9,3,3,4,8,6,6,2,2,2
gc,svn,google-web-toolkit,/trunk/dev/core/src/com/google/gwt/dev/resource/impl/ResourceOracleImpl.java,buggy,java,IssueTrue,126472,648,7904,67,8,7,8,8,4,10,8,8,8,6,9,10,5,7,7,9,9,9,7,10,9,6,9,10,8,9,10,6,7,8,6,7,8,8,7,9,8,9,9,9,9,9,7,8,9,7,8,9,6,9,8,4,8,5,5,6,4,5,5,2,2,2
gc,svn,google-web-toolkit,/trunk/dev/core/src/com/google/gwt/dev/shell/BrowserWidgetHost.java,clean,java,IssueTrue,126472,648,7904,67,1,6,2,5,10,3,7,4,3,1,1,5,1,1,2,9,9,9,2,2,2,1,1,5,6,5,6,8,6,5,7,5,5,1,1,1,8,9,9,8,8,9,3,3,4,2,2,2,1,2,3,7,8,4,4,6,4,5,5,5,6,5
gc,svn,google-web-toolkit,/trunk/dev/core/src/com/google/gwt/dev/shell/CheckForUpdates.java,buggy,java,IssueTrue,126472,648,7904,67,9,9,9,9,6,9,7,9,9,1,5,10,3,7,8,9,10,10,7,10,10,1,5,10,6,8,8,5,6,8,5,7,9,6,7,9,8,10,10,9,10,10,7,9,9,7,10,9,6,8,8,4,8,5,5,6,10,9,9,9,7,7
gc,svn,google-web-toolkit,/trunk/dev/core/src/com/google/gwt/dev/shell/CompilingClassLoader.java,buggy,java,IssueTrue,126472,648,7904,67,10,10,9,9,6,9,10,10,10,7,9,10,9,10,9,9,9,9,10,10,10,7,9,10,10,10,10,7,8,9,7,8,9,6,6,7,8,9,10,10,10,10,9,9,10,8,8,10,9,9,10,10,9,8,9,10,8,9,9,5,5,7
gc,svn,google-web-toolkit,/trunk/dev/core/src/com/google/gwt/dev/shell/GWTShellServlet.java,clean,java,IssueTrue,126472,648,7904,67,10,9,9,8,4,10,10,10,10,7,9,9,6,8,6,9,9,9,9,10,9,7,9,9,10,10,10,9,9,8,8,8,8,3,2,2,10,10,10,10,10,10,9,9,9,8,7,9,9,10,9,8,9,4,5,6,4,5,5,5,6,6
gc,svn,google-web-toolkit,/trunk/dev/core/src/com/google/gwt/dev/shell/ModuleSpacePropertyOracle.java,buggy,java,IssueTrue,126472,648,7904,67,7,5,6,6,5,8,7,7,6,6,5,9,3,5,6,9,9,9,6,8,8,6,5,9,7,8,8,5,5,6,4,5,6,6,5,7,8,9,9,9,9,9,7,6,7,5,7,6,6,5,6,7,5,9,9,9,6,6,6,8,8,7
gc,svn,google-web-toolkit,/trunk/dev/core/src/com/google/gwt/dev/shell/jetty/JettyLauncher.java,buggy,java,IssueTrue,126472,648,7904,67,9,8,8,8,4,8,6,7,8,7,9,10,3,5,8,9,9,9,5,7,9,7,9,10,7,9,10,5,6,9,4,5,8,6,7,9,8,10,10,9,9,10,7,8,9,6,7,9,7,8,8,7,8,9,8,9,9,8,8,8,7,7
gc,svn,google-web-toolkit,/trunk/dev/core/src/com/google/gwt/dev/shell/rewrite/HostedModeClassRewriter.java,buggy,java,IssueTrue,126472,648,7904,67,5,8,5,4,8,7,5,5,3,1,5,7,1,4,3,10,10,10,7,9,7,1,5,7,9,9,9,4,3,4,4,4,4,5,5,4,8,9,9,9,9,9,5,5,5,9,8,7,9,8,6,4,5,4,4,5,4,5,5,8,6,6
gc,svn,google-web-toolkit,/trunk/dev/core/src/com/google/gwt/dev/shell/rewrite/RewriteSingleJsoImplDispatches.java,buggy,java,IssueTrue,126472,648,7904,67,7,8,7,5,6,10,8,7,6,9,9,9,4,5,5,9,9,9,8,9,8,9,9,9,9,9,9,6,6,6,6,5,6,6,4,5,8,9,9,10,10,10,8,7,7,9,7,8,9,8,7,4,5,10,8,9,9,8,7,10,8,8
gc,svn,google-web-toolkit,/trunk/dev/core/src/com/google/gwt/dev/shell/tomcat/EmbeddedTomcatServer.java,buggy,java,IssueTrue,126472,648,7904,67,8,8,8,6,5,7,9,8,7,6,5,8,5,6,5,9,9,9,9,10,9,6,5,8,8,9,9,6,6,5,6,7,6,6,5,5,8,9,9,10,10,10,8,7,8,9,7,8,9,9,8,4,8,3,3,4,9,8,8,2,2,2
gc,svn,google-web-toolkit,/trunk/dev/core/src/com/google/gwt/dev/util/DiskCache.java,buggy,java,IssueTrue,126472,648,7904,67,6,6,5,5,6,8,7,7,5,6,5,8,4,5,5,9,9,9,8,9,8,6,5,8,7,7,7,6,6,6,5,5,5,7,6,6,8,9,9,9,9,9,7,6,7,8,7,7,8,6,6,7,9,9,8,9,4,5,5,6,6,6
gc,svn,google-web-toolkit,/trunk/dev/core/src/com/google/gwt/dev/util/Util.java,clean,java,IssueTrue,126472,648,7904,67,10,10,10,10,5,9,10,10,10,6,5,8,9,10,8,9,9,9,10,10,10,6,5,8,6,5,6,2,1,2,10,10,10,10,10,10,8,9,9,10,10,10,8,8,10,8,9,10,7,6,10,9,9,10,10,10,7,7,7,7,7,8
gc,svn,google-web-toolkit,/trunk/dev/core/src/com/google/gwt/dev/util/arg/ArgHandlerEnableAssertions.java,clean,java,IssueTrue,126472,648,7904,67,1,1,2,3,8,3,4,2,2,9,9,8,3,3,2,9,9,9,2,2,2,9,9,8,7,6,7,5,3,3,4,3,2,7,4,4,8,9,9,8,8,9,3,3,3,4,5,3,2,2,2,8,8,3,3,4,4,5,5,4,3,4
gc,svn,google-web-toolkit,/trunk/dev/core/src/com/google/gwt/dev/util/arg/ArgHandlerSoycDetailed.java,clean,java,IssueTrue,126472,648,7904,67,2,1,2,3,7,3,4,3,2,9,9,8,4,4,3,9,9,9,3,3,2,9,9,8,7,6,7,6,3,3,5,3,3,7,5,4,8,9,9,8,8,9,3,3,3,2,2,2,2,2,3,4,5,3,3,4,4,5,5,4,3,4
gc,svn,google-web-toolkit,/trunk/dev/core/src/com/google/gwt/dev/util/collect/Maps.java,clean,java,IssueTrue,126472,648,7904,67,6,4,5,4,5,7,9,7,6,6,5,7,5,5,3,9,9,9,7,6,4,6,5,7,6,5,6,1,1,1,7,5,4,8,6,6,8,9,9,8,8,9,9,7,7,8,7,7,9,6,6,4,5,3,3,4,4,5,5,4,3,4
gc,svn,google-web-toolkit,/trunk/dev/core/src/com/google/gwt/dev/util/collect/Sets.java,clean,java,IssueTrue,126472,648,7904,67,5,3,4,4,4,7,9,7,5,6,5,7,5,5,3,9,9,9,5,5,3,6,5,7,6,5,6,1,1,1,7,5,4,8,6,6,8,9,9,8,8,9,9,7,7,8,7,7,8,5,6,4,5,9,8,8,4,5,5,2,2,2
gc,svn,google-web-toolkit,/trunk/dev/core/src/com/google/gwt/soyc/GlobalInformation.java,clean,java,IssueTrue,126472,648,7904,67,5,7,5,7,8,8,9,7,5,6,5,7,7,7,4,9,9,9,7,6,5,6,5,7,10,10,10,9,8,7,9,7,7,10,8,8,8,9,9,9,9,9,5,6,6,4,6,6,3,3,4,4,5,7,6,7,4,5,5,4,3,4
gc,svn,google-web-toolkit,/trunk/dev/core/src/com/google/gwt/soyc/MakeTopLevelHtmlForPerm.java,buggy,java,IssueTrue,126472,648,7904,67,10,8,10,9,2,10,8,10,10,1,5,10,3,9,8,10,10,10,5,9,9,1,5,10,6,7,7,5,9,9,6,9,9,4,7,7,8,9,9,10,10,10,8,9,10,8,8,10,8,8,9,9,8,3,3,4,4,5,5,2,2,2
gc,svn,google-web-toolkit,/trunk/dev/core/src/com/google/gwt/soyc/Settings.java,clean,java,IssueTrue,126472,648,7904,67,6,4,5,5,4,8,6,6,6,7,10,10,6,8,8,9,10,10,4,7,8,7,10,10,8,10,10,3,3,5,3,3,6,4,4,6,8,9,9,9,9,9,7,9,7,6,5,6,6,7,5,7,5,5,5,7,10,10,10,7,6,7
gc,svn,google-web-toolkit,/trunk/dev/core/src/com/google/gwt/util/tools/ToolBase.java,clean,java,IssueTrue,126472,648,7904,67,7,6,7,4,5,8,10,9,8,6,5,7,4,4,3,10,10,10,8,7,6,6,5,7,8,7,7,6,3,3,6,4,3,3,2,2,10,10,10,8,8,9,10,10,8,8,6,6,9,8,5,4,8,3,3,4,4,5,5,4,3,4
gc,svn,google-web-toolkit,/trunk/dev/core/test/com/google/gwt/dev/GWTShellTest.java,clean,java,IssueTrue,126472,648,7904,67,4,4,4,3,6,3,4,2,2,9,9,8,3,3,2,9,9,9,5,5,3,9,9,8,8,7,7,5,3,3,4,3,2,7,4,4,8,9,9,8,8,9,3,3,3,4,3,3,10,8,5,8,8,3,3,4,9,8,8,2,2,2
gc,svn,google-web-toolkit,/trunk/dev/core/test/com/google/gwt/dev/javac/CheckerTestCase.java,clean,java,IssueTrue,126472,648,7904,67,4,1,4,5,4,5,7,5,3,9,9,8,6,5,3,10,10,10,6,5,4,9,9,8,6,5,6,8,6,5,7,5,5,1,1,1,10,10,10,9,9,9,4,5,5,10,8,8,4,4,4,4,8,3,3,4,4,5,5,6,5,5
gc,svn,google-web-toolkit,/trunk/dev/core/test/com/google/gwt/dev/javac/CompilationStateTest.java,buggy,java,IssueTrue,126472,648,7904,67,9,7,8,9,4,7,6,8,8,6,9,10,5,8,8,9,9,9,5,8,9,6,9,10,6,7,8,7,9,9,6,9,9,7,9,9,8,9,10,9,10,10,4,5,8,7,8,9,8,8,9,4,8,4,4,5,4,5,5,7,6,5
gc,svn,google-web-toolkit,/trunk/dev/core/test/com/google/gwt/dev/javac/impl/JavaResourceBase.java,clean,java,IssueTrue,126472,648,7904,67,6,1,5,5,3,3,2,1,3,6,5,10,2,2,8,9,9,9,2,3,9,6,5,10,6,5,6,1,1,5,1,1,5,1,2,2,8,9,10,8,8,9,3,3,5,3,8,4,4,3,4,4,9,3,3,4,4,5,5,4,3,4
gc,svn,google-web-toolkit,/trunk/dev/core/test/com/google/gwt/dev/jjs/JavaAstConstructor.java,buggy,java,IssueTrue,126472,648,7904,67,6,4,6,4,4,8,2,3,3,6,5,10,2,2,7,9,9,9,5,9,9,6,5,10,6,5,6,1,1,3,1,2,4,1,3,2,8,9,10,8,8,9,6,7,5,5,7,5,9,8,5,4,8,8,7,7,4,5,5,2,2,2
gc,svn,google-web-toolkit,/trunk/dev/core/test/com/google/gwt/dev/jjs/impl/OptimizerTestBase.java,buggy,java,IssueTrue,126472,648,7904,67,6,5,5,5,6,9,7,6,5,7,9,9,4,5,5,10,10,10,6,6,6,7,9,9,8,9,9,3,3,3,5,5,5,6,6,5,10,10,10,9,9,9,6,6,6,7,6,7,6,4,5,4,8,4,4,5,4,5,5,10,8,8
gc,svn,google-web-toolkit,/trunk/dev/core/test/com/google/gwt/dev/js/JsInlinerTest.java,clean,java,IssueTrue,126472,648,7904,67,3,3,3,3,7,3,2,2,2,9,9,9,2,3,4,9,9,9,3,4,3,9,9,9,6,5,6,3,2,3,2,2,3,4,3,4,8,9,9,9,9,9,3,3,3,3,5,3,2,2,3,4,5,10,8,9,9,8,8,9,7,7
gc,svn,google-web-toolkit,/trunk/dev/core/test/com/google/gwt/dev/js/JsStaticEvalTest.java,clean,java,IssueTrue,126472,648,7904,67,3,2,3,6,6,3,7,5,3,9,9,8,7,6,4,9,9,9,4,3,3,9,9,8,6,5,6,9,7,6,8,6,6,9,8,7,8,9,9,9,9,9,3,3,5,3,9,5,3,2,4,7,5,9,8,9,9,9,9,9,7,8
gc,svn,google-web-toolkit,/trunk/dev/core/test/com/google/gwt/dev/js/JsToStringGenerationVisitorAccuracyTest.java,buggy,java,IssueTrue,126472,648,7904,67,5,2,5,8,3,3,9,7,5,9,9,8,8,8,5,9,9,9,5,5,3,9,9,8,6,5,6,10,9,8,10,9,8,10,9,9,8,9,9,10,9,9,3,3,7,3,10,7,2,4,5,4,9,8,6,7,4,5,5,2,2,2
gc,svn,google-web-toolkit,/trunk/dev/core/test/com/google/gwt/dev/shell/StandardGeneratorContextTest.java,clean,java,IssueTrue,126472,648,7904,67,8,5,8,8,3,5,6,8,8,7,9,10,7,9,9,9,9,9,5,9,9,7,9,10,7,10,9,6,8,9,5,7,9,7,8,9,8,9,9,9,10,10,5,7,8,5,7,8,6,7,8,7,5,7,7,8,9,9,9,7,7,7
gc,svn,google-web-toolkit,/trunk/dev/oophm/overlay/com/google/gwt/dev/GWTShell.java,clean,java,IssueTrue,126472,648,7904,67,7,5,6,8,5,7,6,7,7,7,9,10,4,7,8,9,9,9,5,8,9,7,9,10,7,7,9,6,6,8,5,7,8,7,6,8,9,10,10,8,8,9,4,5,8,3,5,7,3,4,6,4,5,3,3,4,4,5,5,4,3,4
gc,svn,google-web-toolkit,/trunk/dev/oophm/overlay/com/google/gwt/dev/HostedMode.java,clean,java,IssueTrue,126472,648,7904,67,9,7,8,9,4,7,6,8,9,7,9,10,4,7,9,9,10,10,6,10,10,7,9,10,7,9,10,6,8,10,6,8,10,6,8,9,9,10,10,9,10,10,5,7,9,5,7,9,5,7,9,4,5,5,4,6,6,5,5,7,6,5
gc,svn,google-web-toolkit,/trunk/dev/oophm/src/com/google/gwt/dev/ModuleTabPanel.java,clean,java,IssueTrue,126472,648,7904,67,9,8,8,8,4,8,6,7,9,10,10,10,10,10,10,9,9,9,6,9,10,10,10,10,8,10,10,4,6,8,3,6,8,5,7,8,8,9,9,9,10,10,8,7,9,8,9,9,8,10,9,7,5,10,9,10,10,9,9,10,9,9
gc,svn,google-web-toolkit,/trunk/dev/oophm/src/com/google/gwt/dev/shell/BrowserChannel.java,clean,java,IssueTrue,126472,648,7904,67,10,9,10,10,3,8,7,10,10,7,9,10,6,9,10,10,10,10,7,10,10,7,9,10,7,9,10,6,10,10,6,10,10,8,10,10,8,10,10,9,9,9,5,9,10,7,9,10,5,9,10,7,9,10,10,10,10,9,9,10,10,10
gc,svn,google-web-toolkit,/trunk/dev/oophm/src/com/google/gwt/dev/shell/BrowserChannelServer.java,clean,java,IssueTrue,126472,648,7904,67,8,7,7,6,4,9,10,9,8,9,9,8,9,9,6,9,9,9,10,10,9,9,9,8,10,9,9,9,7,6,8,6,6,8,6,6,8,9,9,10,9,9,9,9,9,8,9,8,10,10,8,8,9,10,10,10,8,9,8,6,6,7
gc,svn,google-web-toolkit,/trunk/dev/oophm/src/com/google/gwt/dev/shell/OophmSessionHandler.java,clean,java,IssueTrue,126472,648,7904,67,7,4,6,4,3,8,8,6,4,9,9,8,7,6,4,9,9,9,9,8,7,9,9,8,9,8,8,7,5,4,6,4,4,8,6,5,8,9,9,8,8,9,8,8,6,9,8,7,10,9,7,8,9,4,5,6,4,5,5,8,8,8
gc,svn,google-web-toolkit,/trunk/dev/oophm/src/com/google/gwt/dev/shell/log/SwingLoggerPanel.java,clean,java,IssueTrue,126472,648,7904,67,9,6,9,9,2,9,4,9,9,7,10,10,10,10,10,9,9,9,5,10,10,7,10,10,7,10,10,3,9,9,2,8,9,3,7,10,8,10,10,9,10,10,6,7,9,7,10,10,7,10,9,7,5,10,9,9,8,8,8,10,9,9
gc,svn,google-web-toolkit,/trunk/dev/oophm/src/com/google/gwt/dev/shell/log/SwingTreeLogger.java,clean,java,IssueTrue,126472,648,7904,67,8,5,7,6,4,7,7,6,7,7,10,10,6,8,7,9,9,9,8,8,9,7,10,10,9,10,10,5,4,6,4,4,6,3,4,4,9,10,10,9,9,10,8,8,8,9,9,9,8,7,7,7,8,4,4,6,10,9,9,9,8,8
gc,svn,google-web-toolkit,/trunk/dev/oophm/test/com/google/gwt/dev/shell/BrowserChannelTest.java,clean,java,IssueTrue,126472,648,7904,67,8,3,8,7,2,5,7,7,5,9,9,9,8,8,7,9,9,9,9,10,9,9,9,9,8,8,8,8,8,7,7,7,7,8,8,8,8,9,9,8,8,9,5,7,7,7,9,8,9,7,9,4,8,10,9,9,4,5,5,4,3,4
gc,svn,google-web-toolkit,/trunk/plugins/common/HostChannel.cpp,buggy,java,IssueTrue,126472,648,7904,67,9,3,8,7,2,8,1,1,1,1,1,5,1,1,1,9,9,9,1,1,1,1,1,5,6,5,6,1,1,1,1,1,1,1,1,1,8,9,9,8,8,9,9,10,9,7,7,8,9,9,8,7,5,9,9,9,7,7,7,8,7,7
gc,svn,google-web-toolkit,/trunk/plugins/common/HostChannel.h,buggy,java,IssueTrue,126472,648,7904,67,5,2,4,5,4,7,10,10,10,1,1,5,8,7,5,9,9,9,8,7,6,1,1,5,7,6,7,10,10,9,10,9,9,10,10,9,8,9,9,8,8,9,6,5,6,9,7,8,4,3,4,7,5,5,5,6,6,6,6,2,3,4
gc,svn,google-web-toolkit,/trunk/plugins/common/SessionHandler.h,buggy,java,IssueTrue,126472,648,7904,67,1,5,2,1,10,3,2,1,1,1,1,5,1,1,2,10,10,10,3,3,2,1,1,5,6,5,6,7,5,4,6,4,4,1,1,1,10,10,10,8,8,9,3,3,2,7,4,3,2,2,2,4,5,7,6,7,4,5,5,10,8,8
gc,svn,google-web-toolkit,/trunk/plugins/ie/oophm/oophm/IESessionHandler.cpp,buggy,java,IssueTrue,126472,648,7904,67,8,5,8,6,3,9,1,1,1,1,1,5,1,1,1,9,9,9,1,1,1,1,1,5,6,5,6,1,1,1,1,1,1,1,1,1,8,9,9,8,8,9,9,9,9,9,9,9,10,9,8,7,5,5,6,7,6,6,6,8,7,7
gc,svn,google-web-toolkit,/trunk/plugins/ie/oophm/oophm/IESessionHandler.h,buggy,java,IssueTrue,126472,648,7904,67,2,3,2,1,8,3,10,9,8,6,5,7,7,6,4,9,9,9,7,6,5,6,5,7,9,8,8,9,7,6,8,6,6,7,5,4,10,10,10,9,9,9,1,1,2,2,2,2,1,1,2,7,5,4,4,6,7,7,7,8,6,7
gc,svn,google-web-toolkit,/trunk/plugins/npapi/LocalObjectTable.h,buggy,java,IssueTrue,126472,648,7904,67,4,2,4,4,4,8,8,6,4,1,1,5,1,1,2,9,9,9,2,2,2,1,1,5,9,8,8,8,6,5,7,5,5,8,6,5,8,9,9,9,9,9,7,6,6,9,7,7,5,4,4,8,9,6,7,8,9,9,9,7,6,7
gc,svn,google-web-toolkit,/trunk/plugins/npapi/ScriptableInstance.cpp,buggy,java,IssueTrue,126472,648,7904,67,10,5,9,9,2,7,1,1,1,1,1,5,1,1,1,9,9,9,1,1,1,1,1,5,6,5,6,1,1,1,1,1,1,1,1,1,8,9,9,8,8,9,8,8,10,9,8,10,10,8,10,9,8,9,10,10,8,9,9,10,9,10
gc,svn,google-web-toolkit,/trunk/plugins/npapi/ScriptableInstance.h,buggy,java,IssueTrue,126472,648,7904,67,4,3,4,2,5,3,10,10,10,6,5,7,9,8,5,9,9,9,9,8,7,6,5,7,10,10,10,10,10,9,10,9,9,10,8,8,8,9,9,10,10,10,3,3,2,4,3,3,3,2,2,7,5,5,5,6,4,5,5,4,5,5
gc,svn,google-web-toolkit,/trunk/plugins/npapi/main.cpp,buggy,java,IssueTrue,126472,648,7904,67,7,2,6,7,2,5,1,1,1,1,1,5,1,1,1,9,9,9,1,1,1,1,1,5,6,5,6,1,1,1,1,1,1,1,1,1,8,9,9,8,8,9,5,6,7,6,7,8,5,7,6,7,5,4,4,5,4,5,5,4,5,5
gc,svn,google-web-toolkit,/trunk/plugins/webkit/Core/WebScriptSessionHandler.cpp,clean,java,IssueTrue,126472,648,7904,67,9,6,9,7,2,8,1,1,1,1,1,5,1,1,1,9,9,9,1,1,1,1,1,5,6,5,6,1,1,1,1,1,1,1,1,1,8,9,9,8,8,9,9,9,9,9,9,9,10,10,9,7,5,5,5,6,6,6,6,10,10,10
gc,svn,google-web-toolkit,/trunk/plugins/webkit/Core/WebScriptSessionHandler.h,clean,java,IssueTrue,126472,648,7904,67,3,6,3,1,9,3,10,10,9,1,5,7,4,8,5,9,9,9,4,6,5,1,5,7,10,10,10,8,9,8,8,8,8,9,9,9,8,9,9,9,9,9,1,1,2,2,2,2,1,1,2,7,5,4,4,5,4,5,5,10,9,9
gc,svn,google-web-toolkit,/trunk/plugins/webkit/Plugin/OophmWebScriptObject.h,clean,java,IssueTrue,126472,648,7904,67,2,1,3,1,7,3,1,1,1,1,1,5,1,1,1,9,9,9,1,1,1,1,1,5,6,5,6,1,1,1,1,1,1,1,1,1,8,9,9,8,8,9,3,3,2,2,2,2,2,2,2,4,5,5,4,6,4,5,5,9,7,7
gc,svn,google-web-toolkit,/trunk/plugins/xpcom/ExternalWrapper.cpp,buggy,java,IssueTrue,126472,648,7904,67,7,2,6,5,3,5,1,1,1,1,1,5,1,1,1,9,9,9,1,1,1,1,1,5,6,5,6,1,1,1,1,1,1,1,1,1,8,9,9,8,8,9,7,7,7,6,7,7,8,7,6,7,5,10,9,10,6,6,6,10,9,9
gc,svn,google-web-toolkit,/trunk/plugins/xpcom/ExternalWrapper.h,clean,java,IssueTrue,126472,648,7904,67,1,3,2,1,9,3,9,7,5,6,5,7,1,1,2,9,9,9,6,5,4,6,5,7,9,8,8,8,6,5,7,5,5,8,6,5,8,9,9,10,10,10,3,3,2,5,3,2,3,2,2,4,5,9,8,8,4,5,5,8,6,6
gc,svn,google-web-toolkit,/trunk/plugins/xpcom/FFSessionHandler.cpp,buggy,java,IssueTrue,126472,648,7904,67,9,7,9,7,3,10,1,1,1,1,1,5,1,1,1,9,9,9,1,1,1,1,1,5,6,5,6,1,1,1,1,1,1,1,1,1,8,9,9,8,8,9,10,10,10,9,7,9,10,9,9,8,8,8,8,9,4,5,5,8,7,8
gc,svn,google-web-toolkit,/trunk/plugins/xpcom/FFSessionHandler.h,buggy,java,IssueTrue,126472,648,7904,67,3,1,3,1,5,5,10,10,9,6,5,7,8,8,5,9,9,9,8,7,5,6,5,7,10,9,9,10,9,8,9,8,8,9,8,7,10,10,10,10,9,9,6,4,2,5,3,2,5,3,2,7,5,4,4,6,4,5,5,6,6,6
gc,svn,google-web-toolkit,/trunk/plugins/xpcom/JavaObject.cpp,buggy,java,IssueTrue,126472,648,7904,67,8,6,7,5,4,8,1,1,1,1,1,5,1,1,1,9,9,9,1,1,1,1,1,5,6,5,6,1,1,1,1,1,1,1,1,1,8,9,9,8,8,9,9,8,8,9,7,8,10,8,8,4,5,6,5,6,4,5,5,6,5,5
gc,svn,google-web-toolkit,/trunk/plugins/xpcom/ModuleOOPHM.cpp,buggy,java,IssueTrue,126472,648,7904,67,4,3,3,3,5,5,1,1,1,1,1,5,1,1,1,9,9,9,1,1,1,1,1,5,6,5,6,1,1,1,1,1,1,1,1,1,8,9,9,8,8,9,5,4,3,5,5,4,6,4,3,7,5,4,4,5,4,5,5,7,6,7
gc,svn,google-web-toolkit,/trunk/samples/mail/src/com/google/gwt/sample/mail/client/Contacts.java,clean,java,IssueTrue,126472,648,7904,67,4,3,4,3,6,5,2,2,2,7,10,10,4,9,8,9,9,9,2,5,7,7,10,10,7,7,9,1,2,3,1,2,3,1,2,4,8,9,9,9,9,9,4,4,3,7,7,5,6,3,4,7,9,7,7,8,10,10,9,9,8,8
gc,svn,google-web-toolkit,/trunk/samples/mail/src/com/google/gwt/sample/mail/client/Mail.java,clean,java,IssueTrue,126472,648,7904,67,2,3,3,2,8,3,1,1,1,6,5,9,1,2,4,9,9,9,5,8,7,6,5,9,7,8,8,1,1,2,1,1,1,1,2,2,8,9,9,8,8,9,3,3,2,7,5,3,8,5,3,4,8,4,4,5,10,10,10,10,10,9
gc,svn,google-web-toolkit,/trunk/samples/mail/src/com/google/gwt/sample/mail/client/MailList.java,clean,java,IssueTrue,126472,648,7904,67,7,5,6,5,5,7,7,7,5,7,10,9,1,5,3,10,10,10,5,8,6,7,10,9,9,10,9,5,5,5,4,5,5,3,3,3,8,9,9,9,10,10,8,7,7,9,8,8,8,7,6,7,9,4,4,6,5,5,5,2,2,2
gc,svn,google-web-toolkit,/trunk/samples/showcase/src/com/google/gwt/sample/showcase/client/Showcase.java,buggy,java,IssueTrue,126472,648,7904,67,9,9,8,7,5,8,4,7,7,6,10,10,6,10,9,9,9,9,4,9,9,6,10,10,6,8,9,3,6,7,2,5,7,3,3,6,8,9,9,9,10,10,7,8,8,7,6,8,10,8,9,4,8,5,4,6,10,9,9,6,5,5
gc,svn,google-web-toolkit,/trunk/tools/api-checker/src/com/google/gwt/tools/apichecker/ApiCompatibilityChecker.java,clean,java,IssueTrue,126472,648,7904,67,10,8,9,10,3,10,7,8,10,6,9,10,5,9,9,9,10,10,6,10,10,6,9,10,7,9,10,5,5,10,5,6,10,6,6,10,8,10,10,9,10,10,7,9,10,5,9,9,7,8,9,9,10,7,8,9,9,9,9,10,10,10
gc,svn,google-web-toolkit,/trunk/user/javadoc/com/google/gwt/examples/LayoutPanelExample.java,clean,java,IssueTrue,126472,648,7904,67,2,2,2,1,8,3,2,1,1,6,5,7,2,2,2,9,9,9,5,4,3,6,5,7,6,5,6,2,1,2,1,1,1,3,2,2,8,9,9,8,8,9,3,3,2,3,2,2,9,4,3,4,5,3,3,4,4,5,5,4,3,4
gc,svn,google-web-toolkit,/trunk/user/javadoc/com/google/gwt/examples/SplitLayoutPanelExample.java,clean,java,IssueTrue,126472,648,7904,67,1,2,2,1,9,3,2,1,1,6,5,7,2,2,2,9,9,9,4,3,3,6,5,7,6,5,6,2,1,2,1,1,1,3,2,2,8,9,9,8,8,9,3,3,2,2,2,2,9,4,3,4,8,3,3,4,6,5,5,7,6,5
gc,svn,google-web-toolkit,/trunk/user/src/com/google/gwt/core/client/GWT.java,clean,java,IssueTrue,126472,648,7904,67,5,9,4,7,9,7,6,7,5,1,5,8,2,7,6,10,10,10,4,7,6,1,5,8,6,5,6,1,1,2,6,7,7,7,8,8,8,9,9,9,9,9,5,6,7,10,10,10,3,3,5,7,8,9,9,9,10,9,9,2,3,4
gc,svn,google-web-toolkit,/trunk/user/src/com/google/gwt/core/client/impl/AsyncFragmentLoader.java,buggy,java,IssueTrue,126472,648,7904,67,8,10,7,9,8,8,4,7,8,6,10,10,2,8,9,10,10,10,3,8,9,6,10,10,7,10,10,4,7,9,3,7,9,3,6,8,8,9,9,9,10,10,5,7,8,8,8,9,5,7,8,10,10,10,10,10,10,10,10,10,10,10
gc,svn,google-web-toolkit,/trunk/user/src/com/google/gwt/core/client/impl/Impl.java,buggy,java,IssueTrue,126472,648,7904,67,2,7,2,4,10,3,2,2,1,6,5,7,5,4,3,9,9,9,4,3,3,6,5,7,6,5,6,1,1,1,6,4,4,8,6,5,8,9,9,9,9,9,1,3,2,2,2,2,4,3,2,4,5,3,3,4,4,5,5,4,3,4
gc,svn,google-web-toolkit,/trunk/user/src/com/google/gwt/core/client/impl/StackTraceCreator.java,clean,java,IssueTrue,126472,648,7904,67,8,9,7,8,7,8,6,5,8,9,10,10,6,7,8,10,10,10,3,5,8,9,10,10,6,5,6,5,5,8,5,4,9,4,4,7,9,10,10,9,9,10,5,7,8,3,4,6,6,5,7,8,9,10,10,10,10,10,10,10,9,9
gc,svn,google-web-toolkit,/trunk/user/src/com/google/gwt/dom/client/AnchorElement.java,buggy,java,IssueTrue,126472,648,7904,67,3,9,2,7,10,3,2,2,1,10,10,9,10,10,8,9,9,9,2,1,2,10,10,9,6,5,6,10,8,7,9,8,7,10,9,8,9,9,9,8,8,9,1,3,2,4,4,3,3,3,2,4,9,3,3,4,4,5,5,4,3,4
gc,svn,google-web-toolkit,/trunk/user/src/com/google/gwt/dom/client/DOMImpl.java,buggy,java,IssueTrue,126472,648,7904,67,6,10,5,10,9,5,8,6,4,6,5,7,10,9,7,10,10,10,7,6,5,6,5,7,6,5,6,10,10,10,10,10,10,10,10,10,8,9,9,8,8,9,1,4,6,4,5,6,2,3,4,9,8,6,6,8,6,7,7,7,8,7
gc,svn,google-web-toolkit,/trunk/user/src/com/google/gwt/dom/client/DOMImplIE6.java,buggy,java,IssueTrue,126472,648,7904,67,3,4,3,4,8,5,7,5,3,10,10,9,10,10,8,9,9,9,5,5,3,10,10,9,6,5,6,7,5,5,7,5,4,8,6,5,8,9,9,9,9,9,4,5,5,4,4,4,6,4,4,10,9,4,5,7,10,10,10,5,6,7
gc,svn,google-web-toolkit,/trunk/user/src/com/google/gwt/dom/client/DOMImplMozilla.java,clean,java,IssueTrue,126472,648,7904,67,4,8,3,7,10,5,5,3,2,10,10,9,10,10,8,9,9,9,5,5,3,10,10,9,6,5,6,9,8,7,9,7,7,9,8,7,8,9,9,10,10,10,1,4,3,4,3,3,7,4,4,8,9,7,7,9,5,5,5,2,3,4
gc,svn,google-web-toolkit,/trunk/user/src/com/google/gwt/dom/client/DOMImplSafari.java,clean,java,IssueTrue,126472,648,7904,67,4,9,3,7,10,5,6,4,3,10,10,9,10,10,8,9,9,9,6,5,4,10,10,9,6,5,6,10,8,7,9,8,7,10,9,8,8,9,9,9,9,9,1,4,4,4,3,4,5,3,4,9,8,6,6,8,4,5,5,4,6,7
gc,svn,google-web-toolkit,/trunk/user/src/com/google/gwt/dom/client/DOMImplTrident.java,clean,java,IssueTrue,126472,648,7904,67,5,9,4,8,9,5,5,3,2,9,9,8,10,10,8,10,10,10,7,6,4,9,9,8,6,5,6,10,9,9,10,9,9,10,9,9,10,10,10,10,10,10,1,4,4,3,3,3,5,4,3,10,10,8,9,10,9,9,9,7,8,9
gc,svn,google-web-toolkit,/trunk/user/src/com/google/gwt/dom/client/Document.java,clean,java,IssueTrue,126472,648,7904,67,9,10,8,10,10,3,10,10,10,10,10,9,10,10,9,9,9,9,8,7,6,10,10,9,6,5,6,10,10,10,10,10,10,10,10,10,9,9,9,8,8,9,1,4,9,8,10,10,3,3,9,9,9,10,9,10,4,5,5,10,10,10
gc,svn,google-web-toolkit,/trunk/user/src/com/google/gwt/dom/client/Element.java,buggy,java,IssueTrue,126472,648,7904,67,7,10,6,10,10,8,10,8,7,10,10,9,10,10,8,10,10,10,3,3,2,10,10,9,6,5,6,10,10,10,10,10,10,10,10,10,9,9,9,8,8,9,1,7,8,8,9,9,4,5,6,9,10,10,10,10,8,8,8,7,8,9
gc,svn,google-web-toolkit,/trunk/user/src/com/google/gwt/dom/client/Node.java,clean,java,IssueTrue,126472,648,7904,67,4,10,4,8,10,5,7,5,3,9,9,8,9,8,5,10,10,10,4,3,3,9,9,8,6,5,6,10,9,8,10,9,8,10,10,9,9,9,9,8,8,9,1,5,5,6,8,6,4,3,4,7,8,4,4,5,4,5,5,5,5,5
gc,svn,google-web-toolkit,/trunk/user/src/com/google/gwt/dom/client/Style.java,buggy,java,IssueTrue,126472,648,7904,67,10,10,9,10,6,3,10,10,10,6,9,8,10,10,8,10,10,10,6,8,6,6,9,8,6,5,6,10,10,10,10,10,10,10,10,10,8,9,9,9,9,9,4,9,10,6,10,10,2,3,9,7,5,5,6,7,4,5,5,6,6,6
gc,svn,google-web-toolkit,/trunk/user/src/com/google/gwt/i18n/client/DateTimeFormat.java,buggy,java,IssueTrue,126472,648,7904,67,10,10,10,10,9,10,10,10,10,6,5,8,9,9,7,9,9,9,4,6,5,6,5,8,9,8,9,10,10,9,10,10,10,9,9,9,9,10,10,10,10,10,9,10,10,9,9,10,7,8,10,7,9,3,3,4,4,5,5,2,2,2
gc,svn,google-web-toolkit,/trunk/user/src/com/google/gwt/i18n/client/NumberFormat.java,buggy,java,IssueTrue,126472,648,7904,67,10,10,9,9,8,10,10,10,10,6,5,8,8,9,7,9,9,9,4,5,5,6,5,8,10,10,10,10,9,9,10,9,10,10,9,9,10,10,10,10,10,10,9,10,10,8,10,10,7,7,9,8,8,10,10,10,10,9,9,10,10,9
gc,svn,google-web-toolkit,/trunk/user/src/com/google/gwt/i18n/rebind/AbstractLocalizableImplCreator.java,buggy,java,IssueTrue,126472,648,7904,67,8,7,7,4,5,10,10,8,7,9,9,8,4,4,3,9,9,9,10,9,8,9,9,8,9,8,8,6,3,3,6,4,3,4,3,2,10,10,10,8,8,9,10,10,8,9,8,6,10,10,6,4,5,3,3,4,4,5,5,4,3,4
gc,svn,google-web-toolkit,/trunk/user/src/com/google/gwt/i18n/rebind/CurrencyListGenerator.java,buggy,java,IssueTrue,126472,648,7904,67,9,10,9,7,6,9,10,9,9,7,9,9,5,6,5,9,9,9,9,10,9,7,9,9,9,9,9,7,6,7,7,6,7,6,6,5,8,9,9,10,10,10,9,9,9,9,8,9,9,8,8,7,8,4,4,6,8,7,7,2,3,4
gc,svn,google-web-toolkit,/trunk/user/src/com/google/gwt/i18n/rebind/ResourceFactory.java,clean,java,IssueTrue,126472,648,7904,67,7,5,6,6,4,9,8,7,7,6,5,8,4,4,5,9,9,9,7,8,7,6,5,8,7,7,7,5,4,5,6,4,6,7,6,6,8,9,9,9,9,9,8,8,7,7,8,7,8,8,7,7,5,4,4,6,6,6,6,10,9,9
gc,svn,google-web-toolkit,/trunk/user/src/com/google/gwt/i18n/server/GwtLocaleImpl.java,buggy,java,IssueTrue,126472,648,7904,67,9,8,8,8,5,9,10,10,10,6,5,7,8,8,5,9,9,9,7,6,5,6,5,7,10,9,9,10,8,8,10,9,8,10,9,8,8,9,9,10,10,10,9,9,10,7,7,9,7,8,8,4,8,4,4,5,4,5,5,4,3,4
gc,svn,google-web-toolkit,/trunk/user/src/com/google/gwt/jsonp/client/JsonpRequest.java,clean,java,IssueTrue,126472,648,7904,67,5,8,5,6,8,7,5,5,4,6,5,9,4,6,6,9,9,9,4,5,6,6,5,9,8,9,9,5,6,6,5,7,7,3,3,4,8,9,9,10,10,10,4,5,6,6,7,7,5,6,5,9,9,5,6,7,7,8,8,7,7,8
gc,svn,google-web-toolkit,/trunk/user/src/com/google/gwt/junit/BatchingStrategy.java,clean,java,IssueTrue,126472,648,7904,67,4,6,4,5,7,8,4,3,4,7,9,10,3,4,7,10,10,10,5,6,9,7,9,10,6,5,6,3,2,5,2,2,5,4,3,6,8,9,9,8,8,9,6,6,6,3,5,3,5,5,4,9,8,9,9,10,6,7,7,9,9,9
gc,svn,google-web-toolkit,/trunk/user/src/com/google/gwt/junit/CompileStrategy.java,clean,java,IssueTrue,126472,648,7904,67,7,8,5,6,8,7,4,4,5,9,10,10,5,6,7,10,10,10,8,9,10,9,10,10,7,8,9,4,5,6,3,4,6,3,3,5,8,9,10,9,9,9,6,6,6,9,9,8,8,5,7,7,8,10,9,10,8,8,7,8,8,7
gc,svn,google-web-toolkit,/trunk/user/src/com/google/gwt/junit/JUnitMessageQueue.java,buggy,java,IssueTrue,126472,648,7904,67,8,9,7,7,7,8,9,9,8,6,5,8,5,7,5,10,10,10,7,9,7,6,5,8,10,9,10,8,8,7,7,7,7,4,3,4,8,9,9,9,9,9,8,7,8,10,9,9,7,6,7,10,8,10,10,10,10,10,10,10,10,10
gc,svn,google-web-toolkit,/trunk/user/src/com/google/gwt/junit/JUnitShell.java,buggy,java,IssueTrue,126472,648,7904,67,10,10,9,10,5,8,6,10,10,6,10,10,3,9,9,9,9,9,5,10,10,6,10,10,7,10,10,5,7,10,4,8,10,6,6,10,8,10,10,9,10,10,6,9,10,4,9,9,5,9,9,10,10,10,10,10,10,10,10,10,10,10
gc,svn,google-web-toolkit,/trunk/user/src/com/google/gwt/junit/RunStyle.java,buggy,java,IssueTrue,126472,648,7904,67,2,6,2,4,10,3,6,4,2,6,5,7,5,5,3,10,10,10,2,2,2,6,5,7,7,6,7,7,5,5,7,5,4,8,6,5,10,10,10,8,8,9,3,3,4,4,4,5,2,2,3,7,9,3,3,4,9,8,8,2,2,2
gc,svn,google-web-toolkit,/trunk/user/src/com/google/gwt/junit/RunStyleHtmlUnit.java,buggy,java,IssueTrue,126472,648,7904,67,7,4,6,6,4,7,7,6,5,9,9,9,9,10,8,9,9,9,7,8,7,9,9,9,9,8,9,6,5,6,6,5,6,7,5,6,9,9,10,9,9,9,6,6,7,5,6,7,6,6,6,9,8,6,6,8,8,8,8,2,3,5
gc,svn,google-web-toolkit,/trunk/user/src/com/google/gwt/junit/RunStyleManual.java,buggy,java,IssueTrue,126472,648,7904,67,2,2,2,2,8,5,4,2,2,9,9,8,3,3,2,9,9,9,5,4,3,9,9,8,7,6,7,4,2,3,3,2,2,6,3,3,8,9,9,8,8,9,4,4,3,5,4,3,3,3,2,4,8,3,3,4,8,7,7,2,2,2
gc,svn,google-web-toolkit,/trunk/user/src/com/google/gwt/junit/client/GWTTestCase.java,buggy,java,IssueTrue,126472,648,7904,67,6,10,5,8,9,5,7,7,6,6,9,9,5,7,7,9,9,9,6,8,8,6,9,9,7,8,9,7,8,8,7,8,8,8,8,9,10,10,10,8,8,9,4,5,7,3,5,6,2,6,6,10,10,10,10,10,5,6,6,8,8,9
gc,svn,google-web-toolkit,/trunk/user/src/com/google/gwt/junit/client/impl/JUnitHost.java,buggy,java,IssueTrue,126472,648,7904,67,4,5,3,6,7,5,4,4,4,6,9,9,3,5,6,9,10,10,2,3,3,6,9,9,7,8,9,5,5,6,4,5,6,6,6,6,8,9,9,8,8,9,3,4,5,8,8,8,2,3,4,8,5,9,8,9,6,6,6,9,8,8
gc,svn,google-web-toolkit,/trunk/user/src/com/google/gwt/junit/client/impl/JUnitHostAsync.java,buggy,java,IssueTrue,126472,648,7904,67,1,4,1,2,10,3,2,2,1,1,1,5,1,1,1,9,9,9,2,2,2,1,1,5,6,5,6,3,2,2,2,2,1,1,1,1,8,9,9,8,8,9,3,3,2,3,2,2,1,1,2,8,5,5,6,7,6,6,6,9,7,8
gc,svn,google-web-toolkit,/trunk/user/src/com/google/gwt/junit/server/JUnitHostImpl.java,buggy,java,IssueTrue,126472,648,7904,67,7,5,6,5,5,10,9,7,5,10,10,10,9,9,6,9,9,9,10,9,8,10,10,10,6,5,6,7,5,5,7,5,5,4,3,2,9,9,9,10,10,10,7,8,6,9,7,7,8,5,6,9,5,5,4,6,4,5,5,10,8,9
gc,svn,google-web-toolkit,/trunk/user/src/com/google/gwt/layout/client/Layout.java,clean,java,IssueTrue,126472,648,7904,67,8,10,8,8,8,7,7,7,8,1,5,9,3,6,7,10,10,10,4,7,7,1,5,9,10,10,10,7,7,8,6,7,8,7,8,8,8,10,10,9,9,9,6,8,8,10,10,10,7,9,8,4,5,10,10,10,10,10,10,7,6,5
gc,svn,google-web-toolkit,/trunk/user/src/com/google/gwt/layout/client/LayoutImpl.java,buggy,java,IssueTrue,126472,648,7904,67,6,3,5,5,4,5,9,7,6,6,5,7,6,5,3,10,10,10,7,6,4,6,5,7,8,7,7,8,6,5,7,5,5,9,7,6,9,9,9,8,8,9,8,9,7,10,10,8,7,5,5,8,9,7,6,8,9,8,9,9,9,9
gc,svn,google-web-toolkit,/trunk/user/src/com/google/gwt/layout/client/LayoutImplIE6.java,buggy,java,IssueTrue,126472,648,7904,67,5,9,5,7,9,5,6,6,4,7,9,9,7,8,6,9,9,9,5,7,6,7,9,9,6,5,6,7,7,7,8,8,8,7,6,6,8,9,9,10,10,10,1,4,6,4,5,5,6,6,5,4,5,9,7,8,10,9,8,2,2,2
gc,svn,google-web-toolkit,/trunk/user/src/com/google/gwt/resources/client/CssResource.java,clean,java,IssueTrue,126472,648,7904,67,3,10,2,3,10,3,2,2,1,9,9,8,2,2,2,10,10,10,4,3,3,9,9,8,6,5,6,3,2,2,2,2,1,1,1,1,8,9,9,8,8,9,3,3,3,8,8,5,2,2,2,9,5,6,6,8,4,5,5,5,6,7
gc,svn,google-web-toolkit,/trunk/user/src/com/google/gwt/resources/css/ExtractClassNamesVisitor.java,clean,java,IssueTrue,126472,648,7904,67,2,3,2,3,8,5,5,3,2,9,9,8,9,9,6,9,9,9,7,6,4,9,9,8,7,6,7,5,3,3,5,3,3,6,3,3,8,9,9,8,8,9,4,4,3,6,4,4,4,3,3,4,8,7,6,7,9,8,8,8,6,6
gc,svn,google-web-toolkit,/trunk/user/src/com/google/gwt/resources/css/GenerateCssAst.java,buggy,java,IssueTrue,126472,648,7904,67,10,9,9,10,4,9,10,10,10,6,5,9,7,8,8,9,9,9,8,10,10,6,5,9,8,9,10,9,9,10,9,9,10,9,8,10,8,9,9,10,10,10,8,10,10,5,9,9,6,9,10,4,5,9,8,8,8,7,7,8,6,6
gc,svn,google-web-toolkit,/trunk/user/src/com/google/gwt/resources/ext/ResourceGeneratorUtil.java,buggy,java,IssueTrue,126472,648,7904,67,8,9,7,7,7,9,6,8,7,1,5,9,2,5,7,10,10,10,6,9,9,1,5,9,6,6,8,2,2,5,3,5,7,4,5,6,8,9,9,9,10,10,8,9,8,7,7,8,7,7,7,10,9,10,10,10,10,10,10,10,9,10
gc,svn,google-web-toolkit,/trunk/user/src/com/google/gwt/resources/rebind/context/AbstractClientBundleGenerator.java,clean,java,IssueTrue,126472,648,7904,67,9,8,8,7,5,7,8,9,8,6,9,9,4,6,6,9,10,10,8,10,9,6,9,9,7,8,9,6,7,8,6,7,7,4,4,5,9,10,10,10,10,10,8,8,8,8,7,9,9,9,8,9,5,6,7,8,8,9,9,7,7,9
gc,svn,google-web-toolkit,/trunk/user/src/com/google/gwt/resources/rebind/context/AbstractResourceContext.java,clean,java,IssueTrue,126472,648,7904,67,5,3,5,6,5,7,8,6,4,6,5,7,7,6,4,9,9,9,9,8,6,6,5,7,10,9,9,8,6,6,8,6,6,8,6,5,10,10,10,9,9,9,4,5,6,6,5,7,4,4,5,4,5,10,9,9,4,5,5,2,2,2
gc,svn,google-web-toolkit,/trunk/user/src/com/google/gwt/resources/rg/CssResourceGenerator.java,buggy,java,IssueTrue,126472,648,7904,67,10,9,9,7,4,9,10,10,10,7,9,9,6,8,6,9,9,9,10,10,10,7,9,9,9,10,9,7,8,7,8,8,8,6,5,5,8,9,9,10,10,10,9,8,9,9,8,9,10,9,9,10,10,8,10,10,10,10,10,7,9,10
gc,svn,google-web-toolkit,/trunk/user/src/com/google/gwt/resources/rg/ImageBundleBuilder.java,clean,java,IssueTrue,126472,648,7904,67,9,9,9,9,5,10,6,8,10,1,5,10,2,7,9,10,10,10,6,10,10,1,5,10,7,10,10,5,8,9,4,7,10,5,8,9,8,9,9,9,10,10,6,9,9,7,7,10,6,8,9,4,5,10,10,10,10,9,8,9,8,7
gc,svn,google-web-toolkit,/trunk/user/src/com/google/gwt/resources/rg/ImageResourceGenerator.java,clean,java,IssueTrue,126472,648,7904,67,7,2,7,4,2,8,9,7,6,9,9,8,5,4,3,9,9,9,10,10,8,9,9,8,10,9,9,7,5,4,6,4,4,7,4,4,8,9,9,10,9,9,9,9,7,9,8,7,10,9,7,7,5,3,4,5,6,6,6,2,3,4
gc,svn,google-web-toolkit,/trunk/user/src/com/google/gwt/resources/rg/TextResourceGenerator.java,buggy,java,IssueTrue,126472,648,7904,67,3,2,3,1,6,5,2,2,1,9,9,8,2,2,2,9,9,9,6,5,4,9,9,8,6,5,6,2,1,2,1,1,1,3,2,2,8,9,9,8,8,9,6,4,2,7,4,3,10,6,3,4,5,4,4,5,4,5,5,2,2,2
gc,svn,google-web-toolkit,/trunk/user/src/com/google/gwt/rpc/rebind/RpcProxyCreator.java,clean,java,IssueTrue,126472,648,7904,67,9,6,8,5,3,9,10,9,8,9,9,8,9,8,6,9,9,9,10,10,8,9,9,8,7,6,7,8,6,6,8,6,5,3,2,2,10,10,10,9,9,9,9,9,8,6,5,6,10,10,8,8,9,6,7,8,4,5,5,5,6,6
gc,svn,google-web-toolkit,/trunk/user/src/com/google/gwt/rpc/server/CommandServerSerializationStreamReader.java,clean,java,IssueTrue,126472,648,7904,67,8,2,7,8,2,8,9,8,9,7,9,9,9,9,8,9,9,9,9,9,9,7,9,9,7,7,8,9,8,9,9,7,9,9,8,9,8,9,9,10,9,10,7,9,9,6,9,9,6,7,8,4,8,3,3,4,4,5,5,4,3,4
gc,svn,google-web-toolkit,/trunk/user/src/com/google/gwt/rpc/server/RpcServlet.java,buggy,java,IssueTrue,126472,648,7904,67,7,8,6,5,8,7,9,7,5,10,10,9,8,7,4,10,10,10,10,9,8,10,10,9,7,6,7,8,6,5,7,5,5,7,4,4,10,10,10,9,9,9,8,8,7,6,7,6,9,7,6,4,8,3,3,4,6,5,5,2,2,2
gc,svn,google-web-toolkit,/trunk/user/src/com/google/gwt/rpc/server/WebModeClientOracle.java,clean,java,IssueTrue,126472,648,7904,67,9,6,8,8,4,7,8,9,9,7,9,10,6,9,8,9,9,9,8,10,10,7,9,10,9,9,10,6,8,8,6,8,8,7,8,8,8,9,9,9,10,10,7,8,9,7,8,9,6,5,8,4,8,6,5,6,4,5,5,4,3,4
gc,svn,google-web-toolkit,/trunk/user/src/com/google/gwt/rpc/server/WebModePayloadSink.java,clean,java,IssueTrue,126472,648,7904,67,10,8,9,10,3,8,10,10,10,9,9,10,10,10,9,9,9,9,9,9,10,9,9,10,9,9,10,10,10,10,9,10,10,8,9,9,8,9,9,10,10,10,6,8,10,8,10,10,7,9,10,7,9,4,4,5,6,6,6,4,3,5
gc,svn,google-web-toolkit,/trunk/user/src/com/google/gwt/uibinder/client/UiBinder.java,clean,java,IssueTrue,126472,648,7904,67,1,4,1,1,10,3,2,1,1,1,1,5,1,1,1,10,10,10,1,1,1,1,1,5,6,5,6,2,1,2,1,1,1,1,1,1,8,9,9,8,8,9,3,3,2,10,7,4,2,2,2,4,8,3,3,4,10,9,9,9,7,7
gc,svn,google-web-toolkit,/trunk/user/src/com/google/gwt/uibinder/client/UiBinderUtil.java,clean,java,IssueTrue,126472,648,7904,67,3,4,3,4,8,5,4,3,3,6,5,8,3,4,4,9,9,9,4,5,5,6,5,8,7,8,8,2,2,3,3,3,4,3,3,3,8,9,9,9,9,10,4,4,4,7,5,6,6,4,4,4,5,10,9,9,9,8,8,9,7,7
gc,svn,google-web-toolkit,/trunk/user/src/com/google/gwt/uibinder/parsers/BeanParser.java,buggy,java,IssueTrue,126472,648,7904,67,7,4,6,3,4,8,9,7,6,6,5,7,4,4,3,9,9,9,10,9,8,6,5,7,6,5,6,6,3,3,5,3,3,3,2,2,8,9,9,10,10,10,10,10,7,7,5,5,10,10,6,7,8,4,4,6,10,9,9,7,6,7
gc,svn,google-web-toolkit,/trunk/user/src/com/google/gwt/uibinder/parsers/BooleanAttributeParser.java,buggy,java,IssueTrue,126472,648,7904,67,1,2,1,1,10,3,2,1,1,9,9,8,2,2,2,9,9,9,2,2,2,9,9,8,6,5,6,2,1,2,1,1,1,3,2,2,8,9,9,8,8,9,3,3,2,5,3,2,3,2,2,4,5,4,4,5,4,5,5,9,7,7
gc,svn,google-web-toolkit,/trunk/user/src/com/google/gwt/uibinder/parsers/BundleAttributeParser.java,buggy,java,IssueTrue,126472,648,7904,67,3,2,3,4,6,7,6,4,3,6,5,7,5,4,3,9,9,9,4,3,3,6,5,7,9,8,8,7,5,4,6,4,4,8,6,5,8,9,9,9,9,9,4,5,4,6,5,5,4,4,4,4,5,4,4,5,4,5,5,2,2,2
gc,svn,google-web-toolkit,/trunk/user/src/com/google/gwt/uibinder/parsers/CellPanelParser.java,buggy,java,IssueTrue,126472,648,7904,67,4,3,3,2,6,8,6,4,3,6,5,7,2,2,2,9,9,9,6,5,4,6,5,7,6,5,6,2,1,2,2,2,1,4,3,2,8,9,9,8,8,9,9,6,4,10,9,5,9,5,3,4,8,3,3,4,4,5,5,6,5,5
gc,svn,google-web-toolkit,/trunk/user/src/com/google/gwt/uibinder/parsers/ComputedAttributeInterpreter.java,buggy,java,IssueTrue,126472,648,7904,67,2,3,3,2,8,7,5,3,2,6,5,7,2,2,2,9,9,9,7,6,5,6,5,7,7,6,7,3,2,2,2,2,1,4,3,2,8,9,9,8,8,9,8,6,3,4,3,3,10,7,3,4,5,8,6,7,6,5,5,9,7,7
gc,svn,google-web-toolkit,/trunk/user/src/com/google/gwt/uibinder/parsers/DisclosurePanelParser.java,buggy,java,IssueTrue,126472,648,7904,67,4,3,4,2,5,8,8,6,4,6,5,7,2,2,2,9,9,9,5,5,3,6,5,7,6,5,6,2,1,2,2,2,1,3,2,2,8,9,9,9,9,9,10,9,5,9,7,4,9,5,3,4,8,3,3,4,4,5,5,6,5,5
gc,svn,google-web-toolkit,/trunk/user/src/com/google/gwt/uibinder/parsers/DockLayoutPanelParser.java,buggy,java,IssueTrue,126472,648,7904,67,4,4,4,4,6,7,7,5,3,6,5,7,4,4,3,9,9,9,9,8,6,6,5,7,6,5,6,6,3,3,6,4,3,3,2,2,8,9,9,10,10,10,6,6,5,7,5,5,8,7,5,4,8,4,4,5,4,5,5,7,6,5
gc,svn,google-web-toolkit,/trunk/user/src/com/google/gwt/uibinder/parsers/DockPanelParser.java,buggy,java,IssueTrue,126472,648,7904,67,3,2,3,1,6,7,6,4,3,6,5,7,2,2,2,9,9,9,5,5,3,6,5,7,6,5,6,2,1,2,1,1,1,3,2,2,8,9,9,8,8,9,10,8,4,9,5,3,10,6,3,7,8,4,4,5,4,5,5,2,3,4
gc,svn,google-web-toolkit,/trunk/user/src/com/google/gwt/uibinder/parsers/FieldInterpreter.java,buggy,java,IssueTrue,126472,648,7904,67,2,2,2,2,8,7,4,2,2,6,5,7,2,2,2,9,9,9,3,3,2,6,5,7,8,7,7,3,2,2,2,2,1,4,3,2,8,9,9,8,8,9,6,5,3,6,4,3,8,5,3,4,8,3,3,4,4,5,5,4,3,4
gc,svn,google-web-toolkit,/trunk/user/src/com/google/gwt/uibinder/parsers/HTMLPanelParser.java,buggy,java,IssueTrue,126472,648,7904,67,3,4,3,2,8,5,2,2,2,6,5,8,2,2,4,9,9,9,3,3,3,6,5,8,6,5,6,2,2,3,1,2,2,3,2,2,8,9,9,9,9,9,4,4,3,7,5,4,6,5,3,7,5,4,4,5,4,5,5,5,6,5
gc,svn,google-web-toolkit,/trunk/user/src/com/google/gwt/uibinder/parsers/HasWidgetsParser.java,buggy,java,IssueTrue,126472,648,7904,67,1,2,2,1,9,5,2,2,1,6,5,7,2,2,2,9,9,9,4,3,3,6,5,7,6,5,6,2,1,2,1,1,1,3,2,2,8,9,9,8,8,9,6,4,2,7,4,3,5,3,2,4,8,3,3,4,4,5,5,4,3,4
gc,svn,google-web-toolkit,/trunk/user/src/com/google/gwt/uibinder/parsers/HorizontalAlignmentConstantParser.java,buggy,java,IssueTrue,126472,648,7904,67,2,2,2,1,8,5,2,2,1,6,5,7,2,2,2,9,9,9,3,3,2,6,5,7,6,5,6,2,1,2,1,1,1,3,2,2,8,9,9,8,8,9,6,4,2,8,5,3,5,3,2,4,5,3,3,4,4,5,5,4,3,4
gc,svn,google-web-toolkit,/trunk/user/src/com/google/gwt/uibinder/parsers/MenuBarParser.java,buggy,java,IssueTrue,126472,648,7904,67,2,2,2,1,7,7,4,3,2,6,5,7,2,2,2,9,9,9,6,5,4,6,5,7,6,5,6,2,1,2,1,1,1,3,2,2,8,9,9,8,8,9,10,6,3,8,5,3,10,6,3,4,8,3,3,4,4,5,5,4,3,4
gc,svn,google-web-toolkit,/trunk/user/src/com/google/gwt/uibinder/parsers/MenuItemParser.java,buggy,java,IssueTrue,126472,648,7904,67,4,3,4,4,5,7,4,4,3,6,5,8,3,4,4,9,9,9,5,5,6,6,5,8,8,9,9,4,3,4,3,3,3,3,3,3,8,9,9,9,9,9,6,6,5,8,5,6,8,7,5,4,8,3,3,4,4,5,5,4,3,4
gc,svn,google-web-toolkit,/trunk/user/src/com/google/gwt/uibinder/parsers/StackLayoutPanelParser.java,buggy,java,IssueTrue,126472,648,7904,67,3,2,3,2,6,9,6,4,2,6,5,7,2,2,2,9,9,9,7,6,5,6,5,7,6,5,6,3,2,2,2,2,1,3,2,2,8,9,9,9,9,9,9,7,4,9,5,4,10,6,3,4,8,3,3,4,4,5,5,7,6,5
gc,svn,google-web-toolkit,/trunk/user/src/com/google/gwt/uibinder/parsers/StackPanelParser.java,buggy,java,IssueTrue,126472,648,7904,67,2,2,2,1,8,7,4,2,2,6,5,7,2,2,2,9,9,9,4,3,3,6,5,7,6,5,6,2,1,2,1,1,1,3,2,2,8,9,9,8,8,9,9,6,3,8,5,3,8,4,2,4,8,3,3,4,4,5,5,4,3,4
gc,svn,google-web-toolkit,/trunk/user/src/com/google/gwt/uibinder/parsers/StringAttributeParser.java,buggy,java,IssueTrue,126472,648,7904,67,1,2,2,2,8,3,2,2,1,6,5,8,2,2,4,9,9,9,2,3,3,6,5,8,6,6,7,2,2,3,1,2,2,3,3,3,8,9,9,8,8,9,3,3,3,4,4,3,3,2,2,4,5,8,7,7,4,5,5,8,6,6
gc,svn,google-web-toolkit,/trunk/user/src/com/google/gwt/uibinder/parsers/TabPanelParser.java,buggy,java,IssueTrue,126472,648,7904,67,3,2,3,1,6,9,6,4,3,6,5,7,2,2,2,9,9,9,4,3,3,6,5,7,6,5,6,2,1,2,1,1,1,3,2,2,8,9,9,8,8,9,10,8,4,9,5,3,10,5,3,4,8,3,3,4,4,5,5,4,3,4
gc,svn,google-web-toolkit,/trunk/user/src/com/google/gwt/uibinder/parsers/WidgetPlaceholderInterpreter.java,buggy,java,IssueTrue,126472,648,7904,67,5,4,5,5,5,5,8,6,4,9,9,8,5,5,3,9,9,9,9,8,6,9,9,8,10,9,9,8,6,5,7,5,5,4,3,2,8,9,9,10,10,10,6,6,5,9,7,7,8,7,6,4,8,3,3,4,4,5,5,7,6,5
gc,svn,google-web-toolkit,/trunk/user/src/com/google/gwt/uibinder/rebind/AbstractFieldWriter.java,buggy,java,IssueTrue,126472,648,7904,67,4,2,3,3,5,8,8,5,4,6,5,7,4,4,3,10,10,10,7,6,4,6,5,7,10,9,9,6,3,3,5,3,3,7,5,4,8,9,9,8,8,9,8,7,5,8,7,6,7,6,4,7,10,4,4,5,6,6,6,8,7,7
gc,svn,google-web-toolkit,/trunk/user/src/com/google/gwt/uibinder/rebind/BundleWriter.java,buggy,java,IssueTrue,126472,648,7904,67,3,2,3,2,6,5,5,3,2,6,5,7,3,3,2,9,9,9,6,5,4,6,5,7,10,9,9,4,2,3,3,2,2,4,3,2,8,9,9,9,9,9,6,5,3,9,5,5,10,6,4,4,9,9,7,8,8,6,6,10,9,8
gc,svn,google-web-toolkit,/trunk/user/src/com/google/gwt/uibinder/rebind/FieldManager.java,buggy,java,IssueTrue,126472,648,7904,67,3,7,3,5,9,5,7,5,3,6,5,7,5,5,3,9,9,9,8,7,5,6,5,7,9,8,8,8,6,5,7,5,5,8,6,5,8,9,9,9,9,9,4,4,5,9,7,7,4,4,4,7,9,9,9,9,10,9,9,10,10,10
gc,svn,google-web-toolkit,/trunk/user/src/com/google/gwt/uibinder/rebind/FieldWriter.java,buggy,java,IssueTrue,126472,648,7904,67,1,5,1,4,10,3,5,3,2,1,1,5,1,1,2,10,10,10,3,3,2,1,1,5,6,5,6,6,4,4,6,4,3,1,1,1,8,9,9,8,8,9,3,3,3,5,5,4,1,2,2,9,10,6,7,8,10,10,10,10,9,10
gc,svn,google-web-toolkit,/trunk/user/src/com/google/gwt/uibinder/rebind/FieldWriterOfExistingType.java,buggy,java,IssueTrue,126472,648,7904,67,1,2,2,2,8,5,4,2,2,9,9,8,5,5,3,9,9,9,4,3,3,9,9,8,8,7,7,4,2,3,3,2,2,4,3,2,8,9,9,8,8,9,4,4,3,5,5,3,4,3,3,4,9,3,3,4,6,5,5,7,6,5
gc,svn,google-web-toolkit,/trunk/user/src/com/google/gwt/uibinder/rebind/FieldWriterOfGeneratedType.java,buggy,java,IssueTrue,126472,648,7904,67,2,2,2,2,8,5,5,3,2,9,9,8,5,5,3,9,9,9,4,3,3,9,9,8,8,7,7,4,2,3,3,2,2,6,3,3,8,9,9,8,8,9,6,5,3,6,5,3,5,3,3,4,9,3,3,4,8,6,6,6,5,5
gc,svn,google-web-toolkit,/trunk/user/src/com/google/gwt/uibinder/rebind/GwtResourceEntityResolver.java,clean,java,IssueTrue,126472,648,7904,67,3,4,3,3,8,5,2,3,2,1,5,8,1,3,4,10,10,10,4,5,6,1,5,8,6,6,7,2,2,3,1,2,3,3,3,3,8,9,9,8,8,9,5,5,4,6,7,5,5,4,3,4,8,3,3,4,4,5,5,10,8,8
gc,svn,google-web-toolkit,/trunk/user/src/com/google/gwt/uibinder/rebind/HandlerEvaluator.java,buggy,java,IssueTrue,126472,648,7904,67,6,9,5,4,8,9,9,7,5,6,5,7,4,4,3,9,9,9,8,7,5,6,5,7,10,9,9,6,4,4,6,4,3,3,2,2,9,9,9,9,9,9,9,8,6,10,7,7,10,7,6,7,9,8,7,8,10,9,9,10,10,10
gc,svn,google-web-toolkit,/trunk/user/src/com/google/gwt/uibinder/rebind/MortalLogger.java,clean,java,IssueTrue,126472,648,7904,67,1,3,2,3,9,3,4,2,2,6,5,7,3,3,2,9,9,9,2,1,2,6,5,7,7,6,7,5,3,3,4,3,2,7,4,4,8,9,9,8,8,9,3,3,3,10,9,7,2,2,3,4,8,3,3,4,4,5,5,4,3,4
gc,svn,google-web-toolkit,/trunk/user/src/com/google/gwt/uibinder/rebind/UiBinderGenerator.java,buggy,java,IssueTrue,126472,648,7904,67,4,3,4,3,5,7,7,5,3,9,9,8,3,3,2,9,9,9,8,7,6,9,9,8,6,5,6,3,2,2,4,3,2,3,2,2,8,9,9,10,9,9,8,6,5,9,7,5,10,6,5,7,9,8,7,9,10,10,10,10,9,10
gc,svn,google-web-toolkit,/trunk/user/src/com/google/gwt/uibinder/rebind/UiBinderParser.java,buggy,java,IssueTrue,126472,648,7904,67,6,4,5,5,5,7,5,6,5,6,5,9,3,5,6,9,9,9,6,8,8,6,5,9,8,9,9,4,5,5,3,5,5,3,3,4,8,9,9,9,10,10,7,7,6,8,7,7,9,7,6,9,10,9,9,10,5,6,6,9,9,10
gc,svn,google-web-toolkit,/trunk/user/src/com/google/gwt/uibinder/rebind/UiBinderWriter.java,buggy,java,IssueTrue,126472,648,7904,67,10,10,9,10,6,9,10,10,10,6,5,7,10,10,7,9,9,9,10,10,10,6,5,7,10,10,10,10,10,10,10,10,10,10,10,10,8,9,9,10,10,10,6,7,10,9,10,10,7,8,10,10,10,10,10,10,10,10,10,10,10,10
gc,svn,google-web-toolkit,/trunk/user/src/com/google/gwt/uibinder/rebind/XMLAttribute.java,buggy,java,IssueTrue,126472,648,7904,67,2,2,2,5,6,3,6,4,3,6,5,7,5,5,3,9,9,9,5,5,3,6,5,7,8,7,7,8,6,5,7,5,5,9,7,6,8,9,9,8,8,9,3,3,4,6,6,6,4,3,4,4,5,6,5,6,4,5,5,4,3,4
gc,svn,google-web-toolkit,/trunk/user/src/com/google/gwt/uibinder/rebind/XMLElement.java,buggy,java,IssueTrue,126472,648,7904,67,8,9,7,9,7,8,8,9,8,1,5,9,3,8,7,10,10,10,7,10,9,1,5,9,7,8,8,7,9,9,7,9,9,8,10,9,8,9,9,9,9,9,6,6,9,9,10,10,6,6,8,9,9,9,9,10,5,6,6,10,9,10
gc,svn,google-web-toolkit,/trunk/user/src/com/google/gwt/uibinder/rebind/messages/MessagesWriter.java,buggy,java,IssueTrue,126472,648,7904,67,8,7,7,8,5,7,9,8,7,6,5,8,7,8,6,9,9,9,7,8,7,6,5,8,10,10,10,9,9,8,8,8,8,8,8,8,8,9,9,10,10,10,5,6,8,7,6,9,6,6,8,8,9,3,4,5,9,9,9,8,8,8
gc,svn,google-web-toolkit,/trunk/user/src/com/google/gwt/uibinder/rebind/model/ImplicitClientBundle.java,buggy,java,IssueTrue,126472,648,7904,67,3,4,3,4,8,3,5,3,2,6,5,7,4,4,3,9,9,9,6,5,4,6,5,7,10,9,9,6,4,4,6,4,3,8,6,5,8,9,9,8,8,9,3,3,3,9,7,6,3,4,3,4,9,4,4,5,4,5,5,8,6,6
gc,svn,google-web-toolkit,/trunk/user/src/com/google/gwt/uibinder/rebind/model/ImplicitCssResource.java,buggy,java,IssueTrue,126472,648,7904,67,5,5,5,5,6,7,8,6,4,6,5,7,5,5,3,9,9,9,9,9,7,6,5,7,10,10,9,8,6,5,7,5,5,8,6,5,8,9,9,9,9,9,6,5,5,9,7,7,7,5,5,4,9,10,9,10,9,8,8,10,8,8
gc,svn,google-web-toolkit,/trunk/user/src/com/google/gwt/uibinder/rebind/model/OwnerClass.java,buggy,java,IssueTrue,126472,648,7904,67,5,7,5,5,8,8,9,7,5,6,5,7,5,5,3,9,9,9,8,7,6,6,5,7,10,9,9,8,6,5,7,5,5,8,6,5,8,9,9,10,9,9,7,7,6,10,8,8,6,5,5,9,10,4,5,7,8,8,8,7,8,8
gc,svn,google-web-toolkit,/trunk/user/src/com/google/gwt/uibinder/rebind/model/OwnerFieldClass.java,buggy,java,IssueTrue,126472,648,7904,67,6,8,6,5,7,8,9,8,6,6,5,7,6,6,3,9,9,9,8,7,6,6,5,7,10,9,9,8,6,5,8,6,5,7,4,4,8,9,9,10,10,10,8,7,7,9,8,8,8,6,6,7,9,6,5,7,8,8,8,10,9,9
gc,svn,google-web-toolkit,/trunk/user/src/com/google/gwt/uibinder/sample/client/DomBasedUi.java,clean,java,IssueTrue,126472,648,7904,67,2,3,3,3,7,5,2,2,2,7,10,10,1,3,6,9,9,9,3,6,6,7,10,10,6,8,8,2,2,3,1,2,2,1,2,2,8,9,9,8,8,9,4,4,3,6,6,4,4,4,3,7,9,3,3,4,9,9,9,5,6,5
gc,svn,google-web-toolkit,/trunk/user/src/com/google/gwt/uibinder/sample/client/WidgetBasedUi.java,buggy,java,IssueTrue,126472,648,7904,67,5,2,5,2,4,5,2,2,2,9,10,10,1,3,4,9,9,9,6,9,8,9,10,10,10,10,10,2,2,3,1,2,2,1,2,2,8,9,9,8,8,9,4,4,3,6,5,3,6,5,3,9,10,5,5,7,10,10,10,10,10,10
gc,svn,google-web-toolkit,/trunk/user/src/com/google/gwt/user/client/AsyncProxy.java,clean,java,IssueTrue,126472,648,7904,67,3,9,2,6,10,3,2,2,2,1,5,7,1,3,3,9,9,9,3,3,4,1,5,7,6,5,6,3,2,3,2,2,3,3,3,3,8,9,9,8,8,9,3,3,5,2,2,2,1,2,3,4,5,9,7,8,8,6,6,8,6,6
gc,svn,google-web-toolkit,/trunk/user/src/com/google/gwt/user/client/Cookies.java,buggy,java,IssueTrue,126472,648,7904,67,5,9,4,7,9,5,9,7,5,6,5,7,8,7,4,9,9,9,5,5,3,6,5,7,6,5,6,2,1,2,9,8,7,9,7,6,8,9,9,10,10,10,4,6,6,9,8,8,4,4,5,8,10,10,10,10,10,10,10,10,10,10
gc,svn,google-web-toolkit,/trunk/user/src/com/google/gwt/user/client/Event.java,clean,java,IssueTrue,126472,648,7904,67,7,10,6,9,9,5,7,7,7,9,9,10,6,8,7,10,10,10,4,6,6,9,9,10,7,8,8,7,6,8,8,8,9,9,9,9,9,10,10,9,9,9,3,4,8,8,9,10,3,6,7,9,10,7,7,9,4,5,5,2,3,4
gc,svn,google-web-toolkit,/trunk/user/src/com/google/gwt/user/client/impl/DOMImplStandard.java,buggy,java,IssueTrue,126472,648,7904,67,4,9,3,6,10,5,6,4,3,9,9,8,9,9,6,10,10,10,3,3,2,9,9,8,6,5,6,9,7,6,8,6,6,9,7,6,10,10,10,9,9,9,1,5,4,3,3,3,5,4,3,4,9,4,4,5,4,5,5,2,2,2
gc,svn,google-web-toolkit,/trunk/user/src/com/google/gwt/user/client/impl/DOMImplTrident.java,buggy,java,IssueTrue,126472,648,7904,67,3,9,3,6,10,3,3,2,1,9,9,8,9,9,6,9,9,9,3,3,2,9,9,8,6,5,6,9,7,6,8,7,6,9,7,6,8,9,9,10,10,10,1,3,3,4,3,3,3,2,2,8,10,8,9,9,4,5,5,2,5,5
gc,svn,google-web-toolkit,/trunk/user/src/com/google/gwt/user/client/impl/HistoryImpl.java,clean,java,IssueTrue,126472,648,7904,67,4,7,4,6,8,7,8,6,4,6,5,7,7,7,4,10,10,10,5,5,3,6,5,7,7,6,7,9,7,6,9,7,7,9,7,6,10,10,10,9,9,9,3,6,6,5,5,5,3,3,4,7,9,7,6,8,7,7,7,2,3,4
gc,svn,google-web-toolkit,/trunk/user/src/com/google/gwt/user/client/impl/HistoryImplIE6.java,clean,java,IssueTrue,126472,648,7904,67,4,8,4,6,9,5,6,4,3,9,9,8,9,8,6,9,9,9,5,4,3,9,9,8,8,7,7,8,6,6,9,7,6,3,2,2,10,10,10,10,10,10,1,5,4,3,2,3,6,5,4,8,9,8,8,9,7,7,7,5,5,7
gc,svn,google-web-toolkit,/trunk/user/src/com/google/gwt/user/client/impl/WindowImplIE.java,clean,java,IssueTrue,126472,648,7904,67,4,9,3,6,10,5,2,3,2,6,9,10,3,6,7,9,9,9,2,3,4,6,9,10,6,5,6,4,7,7,3,6,6,4,5,6,8,9,9,9,10,10,1,4,4,3,6,3,4,4,3,7,5,10,10,10,10,9,9,9,8,7
gc,svn,google-web-toolkit,/trunk/user/src/com/google/gwt/user/client/rpc/core/java/util/LinkedHashMap_CustomFieldSerializer.java,clean,java,IssueTrue,126472,648,7904,67,3,2,2,3,6,5,6,4,2,6,5,7,3,3,2,9,9,9,8,7,5,6,5,7,6,5,6,1,1,1,4,3,2,6,3,3,8,9,9,9,9,9,6,6,4,6,6,4,5,3,3,7,5,4,4,5,10,10,9,9,7,7
gc,svn,google-web-toolkit,/trunk/user/src/com/google/gwt/user/client/ui/Anchor.java,buggy,java,IssueTrue,126472,648,7904,67,6,8,5,8,8,5,10,8,6,9,9,8,9,8,5,9,9,9,5,5,3,9,9,8,7,6,7,10,9,9,10,9,9,10,10,9,9,9,9,9,9,9,4,4,7,7,8,9,5,4,7,4,9,3,3,4,4,5,5,8,6,6
gc,svn,google-web-toolkit,/trunk/user/src/com/google/gwt/user/client/ui/Button.java,clean,java,IssueTrue,126472,648,7904,67,3,7,3,4,9,3,6,4,2,9,9,8,5,5,3,9,9,9,5,4,3,9,9,8,6,5,6,7,5,4,7,5,4,8,6,5,10,10,10,8,8,9,3,3,4,7,8,6,5,4,4,8,8,7,6,8,9,8,8,9,7,8
gc,svn,google-web-toolkit,/trunk/user/src/com/google/gwt/user/client/ui/CheckBox.java,clean,java,IssueTrue,126472,648,7904,67,8,9,7,9,8,5,9,9,7,7,9,9,7,8,6,10,10,10,5,7,6,7,9,9,7,8,8,9,9,9,9,9,9,9,9,9,10,10,10,9,9,9,4,6,8,6,7,9,5,8,8,4,9,8,6,7,9,8,8,2,2,2
gc,svn,google-web-toolkit,/trunk/user/src/com/google/gwt/user/client/ui/DialogBox.java,buggy,java,IssueTrue,126472,648,7904,67,7,9,6,8,8,7,6,8,7,7,9,10,4,8,8,10,10,10,2,7,6,7,9,10,7,10,9,6,9,9,6,8,9,7,8,9,9,10,10,9,9,9,5,7,8,7,7,9,4,7,7,4,9,5,5,6,4,5,5,10,8,8
gc,svn,google-web-toolkit,/trunk/user/src/com/google/gwt/user/client/ui/DockLayoutPanel.java,buggy,java,IssueTrue,126472,648,7904,67,7,9,6,8,8,8,8,8,8,6,9,9,5,8,7,9,10,10,5,7,7,6,9,9,9,9,9,7,9,8,7,8,8,8,9,8,9,10,10,9,9,9,6,7,8,8,9,9,4,5,7,8,9,10,10,10,8,9,8,10,9,10
gc,svn,google-web-toolkit,/trunk/user/src/com/google/gwt/user/client/ui/FlexTable.java,clean,java,IssueTrue,126472,648,7904,67,5,8,4,7,9,5,7,6,5,10,10,10,9,10,8,9,9,9,3,4,3,10,10,10,6,5,6,7,7,7,7,7,7,8,7,8,9,10,10,9,9,9,4,5,6,6,6,7,4,3,5,4,5,3,3,4,4,5,5,4,3,4
gc,svn,google-web-toolkit,/trunk/user/src/com/google/gwt/user/client/ui/FlowPanel.java,clean,java,IssueTrue,126472,648,7904,67,2,4,2,3,9,5,4,3,2,9,9,8,3,3,2,9,9,9,4,3,3,9,9,8,6,5,6,5,3,3,4,3,2,7,4,4,8,9,9,8,8,9,4,4,3,5,4,4,3,3,3,7,9,4,4,5,4,5,5,8,8,7
gc,svn,google-web-toolkit,/trunk/user/src/com/google/gwt/user/client/ui/FormPanel.java,clean,java,IssueTrue,126472,648,7904,67,8,10,7,9,9,5,6,8,8,7,9,10,5,9,8,9,10,10,3,8,8,7,9,10,6,7,8,7,9,9,6,9,9,7,9,9,9,10,10,9,10,10,4,4,8,6,8,9,4,5,8,7,8,7,6,7,9,8,8,2,2,2
gc,svn,google-web-toolkit,/trunk/user/src/com/google/gwt/user/client/ui/HTMLPanel.java,clean,java,IssueTrue,126472,648,7904,67,4,8,4,4,9,5,7,5,3,9,9,8,5,5,3,9,9,9,6,5,4,9,9,8,6,5,6,7,5,4,7,5,4,8,6,5,8,9,9,9,9,9,5,5,5,8,7,7,8,6,6,10,10,9,9,9,9,8,8,8,6,8
gc,svn,google-web-toolkit,/trunk/user/src/com/google/gwt/user/client/ui/HTMLTable.java,buggy,java,IssueTrue,126472,648,7904,67,10,10,9,10,9,8,9,10,10,6,9,10,7,9,9,10,10,10,5,8,9,6,9,10,8,9,10,9,10,10,9,10,10,9,10,10,10,10,10,9,9,10,4,6,10,8,9,10,4,4,10,4,8,4,4,5,4,5,5,10,8,7
gc,svn,google-web-toolkit,/trunk/user/src/com/google/gwt/user/client/ui/HorizontalPanel.java,clean,java,IssueTrue,126472,648,7904,67,4,5,4,5,8,5,7,5,3,10,10,9,8,8,5,9,9,9,5,4,3,10,10,9,9,8,8,8,6,5,7,5,5,8,6,6,9,9,9,9,9,9,4,4,5,8,8,7,5,4,4,4,8,4,4,5,10,9,8,4,3,4
gc,svn,google-web-toolkit,/trunk/user/src/com/google/gwt/user/client/ui/Image.java,clean,java,IssueTrue,126472,648,7904,67,8,10,7,10,8,5,8,8,9,9,10,10,9,10,9,10,10,10,6,7,9,9,10,10,7,9,9,9,10,10,9,9,10,9,10,10,9,9,10,9,9,9,3,4,9,9,10,10,4,5,9,4,5,9,8,8,4,5,5,10,9,9
gc,svn,google-web-toolkit,/trunk/user/src/com/google/gwt/user/client/ui/LayoutPanel.java,buggy,java,IssueTrue,126472,648,7904,67,4,8,4,6,9,7,6,5,4,7,9,9,4,6,5,10,10,10,5,5,6,7,9,9,6,6,7,6,6,6,6,6,6,7,6,6,9,10,10,8,8,9,5,5,6,7,7,7,4,4,5,7,8,7,7,8,9,9,8,6,6,6
gc,svn,google-web-toolkit,/trunk/user/src/com/google/gwt/user/client/ui/MenuBar.java,buggy,java,IssueTrue,126472,648,7904,67,10,10,9,10,7,8,9,10,10,9,10,10,8,10,9,10,10,10,5,8,8,9,10,10,8,10,10,8,10,10,8,10,10,8,10,9,9,10,10,10,10,10,8,9,10,9,9,10,6,8,9,8,9,4,5,6,5,5,5,10,10,10
gc,svn,google-web-toolkit,/trunk/user/src/com/google/gwt/user/client/ui/RadioButton.java,buggy,java,IssueTrue,126472,648,7904,67,4,8,3,4,9,7,8,5,4,10,10,9,9,9,6,9,9,9,5,5,3,10,10,9,7,6,7,7,5,4,6,4,4,8,6,5,9,9,9,8,8,9,6,7,5,8,7,6,6,5,4,10,10,7,9,9,9,10,10,4,6,7
gc,svn,google-web-toolkit,/trunk/user/src/com/google/gwt/user/client/ui/RichTextArea.java,clean,java,IssueTrue,126472,648,7904,67,7,10,6,10,10,5,7,8,9,6,9,10,7,9,9,10,10,10,3,6,8,6,9,10,6,6,8,9,9,10,8,9,10,4,7,7,8,10,10,9,9,9,3,4,9,4,10,9,1,3,6,9,5,10,10,10,10,10,10,10,10,10
gc,svn,google-web-toolkit,/trunk/user/src/com/google/gwt/user/client/ui/RootLayoutPanel.java,buggy,java,IssueTrue,126472,648,7904,67,2,5,2,3,10,5,2,2,2,9,10,9,5,6,5,9,9,9,2,3,3,9,10,9,6,5,6,2,2,3,2,2,2,3,2,2,8,9,9,9,9,9,4,4,3,4,6,3,4,3,3,4,5,3,3,4,4,5,5,4,3,4
gc,svn,google-web-toolkit,/trunk/user/src/com/google/gwt/user/client/ui/SplitLayoutPanel.java,buggy,java,IssueTrue,126472,648,7904,67,7,6,6,8,5,8,6,6,7,10,10,10,10,10,9,10,10,10,3,6,7,10,10,10,7,9,9,6,5,8,5,5,8,4,4,6,10,10,10,9,9,9,5,7,8,6,7,8,5,6,7,8,9,6,7,8,8,8,8,6,7,7
gc,svn,google-web-toolkit,/trunk/user/src/com/google/gwt/user/client/ui/StackPanel.java,clean,java,IssueTrue,126472,648,7904,67,7,8,7,7,7,8,10,8,7,9,9,8,8,7,4,9,9,9,6,5,4,9,9,8,8,7,7,10,8,8,9,8,7,9,8,7,9,9,9,10,10,10,6,6,8,8,8,9,6,6,7,4,8,3,3,4,10,8,8,4,3,4
gc,svn,google-web-toolkit,/trunk/user/src/com/google/gwt/user/client/ui/SuggestBox.java,buggy,java,IssueTrue,126472,648,7904,67,9,10,8,10,8,8,7,9,9,9,10,10,9,10,9,9,9,9,3,8,8,9,10,10,7,10,9,8,10,10,7,10,10,9,10,10,8,9,9,9,10,10,4,7,9,5,7,10,4,6,9,4,8,3,3,4,6,5,5,2,2,2
gc,svn,google-web-toolkit,/trunk/user/src/com/google/gwt/user/client/ui/Tree.java,clean,java,IssueTrue,126472,648,7904,67,10,10,9,10,5,8,10,10,10,7,10,10,9,10,9,9,9,9,7,9,9,7,10,10,8,10,10,10,10,10,10,10,10,9,10,10,9,10,10,10,10,10,6,10,10,6,8,10,5,8,10,4,8,5,5,6,7,6,6,10,8,8
gc,svn,google-web-toolkit,/trunk/user/src/com/google/gwt/user/client/ui/UIObject.java,buggy,java,IssueTrue,126472,648,7904,67,7,10,6,9,10,5,8,9,8,6,9,9,7,9,7,10,10,10,5,7,8,6,9,9,6,6,7,8,9,9,9,10,9,9,10,9,10,10,10,9,9,9,4,6,8,9,10,10,4,4,8,4,8,3,3,4,10,10,9,6,5,5
gc,svn,google-web-toolkit,/trunk/user/src/com/google/gwt/user/client/ui/VerticalPanel.java,clean,java,IssueTrue,126472,648,7904,67,4,5,4,5,8,5,7,5,3,10,10,9,8,8,5,9,9,9,5,4,3,10,10,9,8,7,7,8,6,5,7,5,5,8,6,6,9,9,9,9,9,9,4,4,5,6,7,6,5,4,5,4,8,4,4,5,10,9,8,4,3,4
gc,svn,google-web-toolkit,/trunk/user/src/com/google/gwt/user/client/ui/Widget.java,clean,java,IssueTrue,126472,648,7904,67,7,9,6,7,9,8,10,8,7,9,9,8,10,10,7,10,10,10,6,5,4,9,9,8,10,9,9,10,9,8,10,8,8,8,6,6,10,10,10,8,8,9,6,6,8,9,9,9,4,5,6,4,8,9,8,8,6,5,5,10,8,8
gc,svn,google-web-toolkit,/trunk/user/src/com/google/gwt/user/client/ui/impl/RichTextAreaImpl.java,clean,java,IssueTrue,126472,648,7904,67,3,3,3,6,7,5,7,5,3,6,5,7,7,6,4,10,10,10,4,3,3,6,5,7,8,7,7,9,7,6,8,6,6,9,7,6,10,10,10,8,8,9,3,4,5,6,7,6,2,3,3,4,5,7,6,7,4,5,5,8,6,6
gc,svn,google-web-toolkit,/trunk/user/src/com/google/gwt/user/client/ui/impl/RichTextAreaImplIE6.java,clean,java,IssueTrue,126472,648,7904,67,2,8,2,4,10,3,2,1,1,10,10,9,10,10,7,9,9,9,3,3,2,10,10,9,6,5,6,7,5,4,6,4,4,6,3,3,10,10,10,8,8,9,1,3,2,2,2,2,5,3,2,8,8,3,3,4,7,7,7,4,5,5
gc,svn,google-web-toolkit,/trunk/user/src/com/google/gwt/user/client/ui/impl/RichTextAreaImplMozilla.java,clean,java,IssueTrue,126472,648,7904,67,2,6,2,3,10,5,3,2,1,10,10,9,10,10,7,9,9,9,2,2,2,10,10,9,7,6,7,5,3,3,4,3,2,4,3,2,10,10,10,8,8,9,1,4,3,4,3,3,3,3,2,7,9,10,8,9,8,7,7,9,7,7
gc,svn,google-web-toolkit,/trunk/user/src/com/google/gwt/user/client/ui/impl/RichTextAreaImplSafari.java,clean,java,IssueTrue,126472,648,7904,67,1,6,1,3,10,3,2,1,1,10,10,9,10,10,7,9,9,9,2,2,2,10,10,9,6,5,6,6,3,3,5,3,3,3,2,2,10,10,10,8,8,9,1,3,2,3,2,2,2,2,2,7,8,3,3,4,4,5,5,9,7,7
gc,svn,google-web-toolkit,/trunk/user/src/com/google/gwt/user/client/ui/impl/RichTextAreaImplStandard.java,clean,java,IssueTrue,126472,648,7904,67,8,9,7,9,7,7,10,9,8,9,9,8,10,10,7,10,10,10,5,5,3,9,9,8,9,8,8,10,10,10,10,10,10,10,10,10,10,10,10,8,8,9,3,6,9,4,10,8,2,4,7,10,9,8,8,9,9,9,9,9,8,9
gc,svn,google-web-toolkit,/trunk/user/src/com/google/gwt/user/datepicker/client/DatePicker.java,clean,java,IssueTrue,126472,648,7904,67,9,10,8,10,7,8,8,9,9,6,9,10,7,9,8,9,9,9,3,6,7,6,9,10,8,9,10,9,10,10,8,9,10,9,10,10,9,10,10,9,9,9,4,7,9,5,8,10,4,6,9,4,9,3,3,4,4,5,5,6,5,5
gc,svn,google-web-toolkit,/trunk/user/src/com/google/gwt/user/rebind/rpc/BlacklistTypeFilter.java,clean,java,IssueTrue,126472,648,7904,67,5,3,5,3,4,8,8,6,4,6,5,7,3,3,2,9,9,9,8,7,5,6,5,7,9,8,8,5,3,3,4,3,2,6,3,3,8,9,9,9,9,9,9,7,6,7,6,5,9,7,4,4,8,3,3,4,6,5,5,2,2,2
gc,svn,google-web-toolkit,/trunk/user/src/com/google/gwt/user/rebind/rpc/FieldSerializerCreator.java,buggy,java,IssueTrue,126472,648,7904,67,9,7,8,7,4,7,10,9,8,6,5,7,7,7,4,9,9,9,8,7,5,6,5,7,10,9,9,9,8,7,9,7,7,4,3,2,8,9,9,10,10,10,7,7,8,8,7,8,9,6,8,9,8,7,8,9,9,9,9,2,3,4
gc,svn,google-web-toolkit,/trunk/user/src/com/google/gwt/user/rebind/rpc/ProblemReport.java,clean,java,IssueTrue,126472,648,7904,67,6,8,6,7,8,9,7,7,6,6,5,9,4,6,6,9,9,9,4,6,6,6,5,9,8,8,9,6,6,7,5,6,7,7,6,7,8,9,9,9,9,9,6,6,7,8,9,8,4,4,6,7,9,10,10,10,10,9,9,10,10,10
gc,svn,google-web-toolkit,/trunk/user/src/com/google/gwt/user/rebind/rpc/ProxyCreator.java,buggy,java,IssueTrue,126472,648,7904,67,10,8,9,7,3,10,10,9,9,6,5,7,8,7,5,10,10,10,10,10,9,6,5,7,9,8,8,9,8,7,9,8,8,4,3,2,10,10,10,10,10,10,8,8,9,8,7,9,10,10,9,9,8,10,10,10,10,10,10,10,10,10
gc,svn,google-web-toolkit,/trunk/user/src/com/google/gwt/user/rebind/rpc/SerializableTypeOracleBuilder.java,buggy,java,IssueTrue,126472,648,7904,67,10,10,10,10,5,9,10,10,10,6,5,9,7,9,8,9,9,9,8,10,10,6,5,9,10,10,10,9,9,10,9,10,10,8,9,9,8,9,9,10,10,10,8,8,10,9,10,10,8,9,10,9,9,10,10,10,9,9,9,10,10,10
gc,svn,google-web-toolkit,/trunk/user/src/com/google/gwt/user/rebind/rpc/Shared.java,buggy,java,IssueTrue,126472,648,7904,67,5,7,5,5,7,7,9,7,5,6,5,7,5,5,3,9,9,9,7,6,4,6,5,7,6,5,6,1,1,1,7,5,5,1,1,1,8,9,9,9,9,9,8,9,7,8,7,7,7,5,5,4,5,9,8,8,4,5,5,2,2,2
gc,svn,google-web-toolkit,/trunk/user/src/com/google/gwt/user/server/rpc/RemoteServiceServlet.java,clean,java,IssueTrue,126472,648,7904,67,6,8,5,5,8,9,9,7,5,10,10,9,8,8,5,9,9,9,8,7,6,10,10,9,7,6,7,8,6,6,8,6,6,7,4,4,10,10,10,10,9,9,6,8,6,7,7,7,6,6,6,9,8,9,10,10,10,10,10,8,9,9
gc,svn,google-web-toolkit,/trunk/user/src/com/google/gwt/user/server/rpc/impl/SerializabilityUtil.java,buggy,java,IssueTrue,126472,648,7904,67,7,7,7,6,5,8,7,8,7,6,5,9,4,6,6,9,9,9,8,10,9,6,5,9,6,5,6,2,2,3,5,6,6,6,6,6,8,9,9,9,10,10,8,8,8,7,6,7,7,6,6,10,9,8,8,9,10,10,10,10,10,10
gc,svn,google-web-toolkit,/trunk/user/src/com/google/gwt/user/server/rpc/impl/ServerSerializationStreamReader.java,buggy,java,IssueTrue,126472,648,7904,67,10,8,9,10,3,10,10,10,9,10,10,10,10,10,8,9,9,9,10,10,10,10,10,10,9,9,9,9,9,9,9,8,8,9,8,8,9,10,10,10,10,10,9,8,10,9,10,10,8,9,9,9,8,10,10,10,8,8,8,8,8,8
gc,svn,google-web-toolkit,/trunk/user/super/com/google/gwt/emul/java/lang/String.java,buggy,java,IssueTrue,126472,648,7904,67,8,10,7,10,9,7,9,9,9,6,5,9,9,10,8,9,9,9,3,6,5,6,5,9,6,5,6,9,10,10,10,10,10,10,10,10,8,9,9,9,10,10,1,6,9,10,10,10,3,3,8,4,9,9,7,8,9,8,8,9,7,7
gc,svn,google-web-toolkit,/trunk/user/super/com/google/gwt/emul/java/util/Collections.java,buggy,java,IssueTrue,126472,648,7904,67,10,8,9,10,3,7,7,9,10,7,10,10,7,9,10,10,10,10,4,10,10,7,10,10,6,8,10,6,8,10,7,9,10,8,10,10,8,9,9,9,9,10,4,6,10,6,9,10,3,5,10,4,9,5,5,6,4,5,5,2,2,2
gc,svn,google-web-toolkit,/trunk/user/super/com/google/gwt/emul/java/util/Date.java,buggy,java,IssueTrue,126472,648,7904,67,6,9,5,9,9,5,9,7,5,6,5,7,9,9,6,10,10,10,5,4,3,6,5,7,7,6,7,10,10,9,10,10,9,10,10,10,9,9,9,10,10,10,1,5,6,10,10,9,3,3,5,7,8,3,3,4,4,5,5,4,3,4
gc,svn,google-web-toolkit,/trunk/user/super/com/google/gwt/emul/java/util/TreeMap.java,clean,java,IssueTrue,126472,648,7904,67,10,10,9,10,5,10,9,10,10,7,10,10,7,9,9,9,9,9,6,7,10,7,10,10,8,9,10,8,9,10,7,9,10,8,9,10,8,10,10,9,10,10,7,9,10,8,9,10,5,7,9,7,10,9,9,9,6,6,6,6,5,6
gc,svn,google-web-toolkit,/trunk/user/super/com/google/gwt/junit/translatable/com/google/gwt/junit/client/impl/GWTRunner.java,buggy,java,IssueTrue,126472,648,7904,67,7,8,6,7,7,7,6,7,6,6,5,9,3,6,7,9,9,9,5,9,8,6,5,9,8,10,9,5,7,7,4,6,7,4,4,6,8,10,10,9,10,10,5,6,7,6,7,8,7,6,7,10,9,10,10,10,7,8,7,10,9,10
gc,svn,google-web-toolkit,/trunk/user/test/com/google/gwt/core/CoreSuite.java,buggy,java,IssueTrue,126472,648,7904,67,2,2,2,1,8,3,2,1,1,6,5,7,2,2,2,9,9,9,4,3,3,6,5,7,6,5,6,1,1,1,1,1,1,3,2,2,8,9,9,8,8,9,3,3,2,2,2,2,5,3,2,9,9,4,4,6,5,6,6,2,2,2
gc,svn,google-web-toolkit,/trunk/user/test/com/google/gwt/core/client/impl/AsyncFragmentLoaderTest.java,clean,java,IssueTrue,126472,648,7904,67,8,5,8,7,3,7,4,5,5,6,9,10,3,4,8,9,9,9,4,6,9,6,9,10,7,8,9,4,4,7,3,4,7,4,5,7,8,9,9,9,9,10,5,6,7,8,8,8,6,6,7,10,10,10,10,10,5,6,6,8,8,8
gc,svn,google-web-toolkit,/trunk/user/test/com/google/gwt/core/client/impl/StackTraceCreatorTest.java,buggy,java,IssueTrue,126472,648,7904,67,6,4,6,6,4,7,9,6,4,10,10,9,9,9,6,9,9,9,8,7,5,10,10,9,6,5,6,4,2,3,8,6,6,8,6,5,8,9,9,10,10,10,5,6,6,5,7,6,7,6,6,9,9,8,8,9,9,9,9,7,8,8
gc,svn,google-web-toolkit,/trunk/user/test/com/google/gwt/dev/jjs/CompilerSuite.java,buggy,java,IssueTrue,126472,648,7904,67,4,2,5,1,4,3,2,1,1,6,5,7,2,2,2,9,9,9,6,5,4,6,5,7,6,5,6,1,1,1,1,1,1,3,2,2,8,9,9,8,8,9,3,3,2,2,2,2,5,3,2,10,10,4,4,7,4,5,5,2,2,2
gc,svn,google-web-toolkit,/trunk/user/test/com/google/gwt/dev/jjs/test/CompilerTest.java,buggy,java,IssueTrue,126472,648,7904,67,10,9,10,10,4,7,3,10,10,6,10,10,2,10,10,10,10,10,2,10,10,6,10,10,6,7,9,2,10,10,1,10,10,3,10,10,8,9,9,9,10,10,7,9,10,3,5,8,2,5,8,4,8,9,8,8,4,5,5,2,2,2
gc,svn,google-web-toolkit,/trunk/user/test/com/google/gwt/dev/jjs/test/CoverageTest.java,buggy,java,IssueTrue,126472,648,7904,67,10,7,9,10,2,8,7,10,10,10,10,10,9,10,10,10,10,10,2,8,9,10,10,10,6,8,10,7,10,10,6,10,10,7,10,10,8,9,10,10,10,10,5,8,10,5,8,10,3,5,9,7,9,7,6,7,6,5,5,4,3,4
gc,svn,google-web-toolkit,/trunk/user/test/com/google/gwt/dev/jjs/test/RunAsyncFailureTest.java,clean,java,IssueTrue,126472,648,7904,67,3,3,3,5,6,3,2,2,3,7,10,10,5,8,7,9,10,10,2,3,4,7,10,10,6,6,7,3,3,5,2,3,5,3,3,5,8,9,9,9,9,9,3,4,4,4,4,4,3,3,3,7,8,3,4,5,4,5,5,4,3,5
gc,svn,google-web-toolkit,/trunk/user/test/com/google/gwt/dev/jjs/test/RunAsyncMetricsIntegrationTest.java,buggy,java,IssueTrue,126472,648,7904,67,7,7,6,7,6,5,3,5,4,7,10,10,5,8,8,9,9,9,3,5,7,7,10,10,6,7,8,5,6,8,4,5,8,6,6,8,8,9,9,9,10,10,1,4,6,4,5,5,5,5,5,8,9,9,9,9,4,5,5,8,8,8
gc,svn,google-web-toolkit,/trunk/user/test/com/google/gwt/dev/jjs/test/SingleJsoImplTest.java,buggy,java,IssueTrue,126472,648,7904,67,9,8,9,10,4,5,3,6,10,6,10,10,1,9,9,10,10,10,2,10,10,6,10,10,6,9,9,3,7,10,2,7,10,3,8,10,8,9,10,9,10,10,1,6,9,2,6,8,2,6,9,4,8,10,8,9,4,5,5,4,3,4
gc,svn,google-web-toolkit,/trunk/user/test/com/google/gwt/dom/client/ElementTest.java,buggy,java,IssueTrue,126472,648,7904,67,9,9,8,8,6,7,9,8,7,9,10,9,8,9,7,9,9,9,7,8,7,9,10,9,6,5,6,9,9,8,8,9,8,9,9,9,8,9,9,9,9,9,5,8,8,2,4,3,10,8,9,10,10,10,10,10,10,10,10,8,9,10
gc,svn,google-web-toolkit,/trunk/user/test/com/google/gwt/dom/client/NodeTest.java,buggy,java,IssueTrue,126472,648,7904,67,7,7,7,5,6,5,8,5,4,10,10,9,9,9,6,9,9,9,6,5,4,10,10,9,6,5,6,9,7,6,8,6,6,9,8,7,8,9,9,8,8,9,4,5,5,2,4,3,10,8,8,8,8,6,7,8,4,5,5,7,8,7
gc,svn,google-web-toolkit,/trunk/user/test/com/google/gwt/emultest/java/lang/StringTest.java,buggy,java,IssueTrue,126472,648,7904,67,9,8,8,9,5,7,10,8,7,10,10,9,10,9,7,9,9,9,6,5,4,10,10,9,6,5,6,10,10,9,10,9,9,10,10,9,8,9,9,10,10,10,4,5,8,2,6,6,5,6,8,4,8,5,5,6,4,5,5,2,2,2
gc,svn,google-web-toolkit,/trunk/user/test/com/google/gwt/emultest/java/sql/SqlTimestampTest.java,buggy,java,IssueTrue,126472,648,7904,67,5,4,5,4,5,7,8,5,4,10,10,9,9,8,5,9,9,9,7,6,4,10,10,9,6,5,6,7,5,5,7,5,4,8,6,6,8,9,9,8,8,9,6,6,5,2,2,2,9,7,6,4,9,3,3,4,4,5,5,4,3,4
gc,svn,google-web-toolkit,/trunk/user/test/com/google/gwt/emultest/java/util/TreeMapStringStringTest.java,clean,java,IssueTrue,126472,648,7904,67,7,3,6,7,3,5,9,7,5,9,9,8,8,7,4,9,9,9,8,7,6,9,9,8,6,5,6,10,8,7,9,8,7,9,7,6,10,10,10,9,9,9,4,5,6,2,6,4,8,6,8,4,9,10,8,9,4,5,5,2,2,2
gc,svn,google-web-toolkit,/trunk/user/test/com/google/gwt/event/shared/HandlerManagerTest.java,buggy,java,IssueTrue,126472,648,7904,67,8,3,7,8,2,7,1,5,6,6,9,10,1,5,9,9,9,9,1,5,8,6,9,10,6,6,7,1,6,8,1,5,8,1,7,9,8,9,9,9,9,9,4,5,7,4,7,7,6,4,7,7,9,7,6,7,9,8,8,6,5,5
gc,svn,google-web-toolkit,/trunk/user/test/com/google/gwt/http/client/RequestBuilderTest.java,buggy,java,IssueTrue,126472,648,7904,67,8,9,7,9,7,5,4,8,8,6,10,10,4,9,9,9,9,9,3,5,9,6,10,10,6,5,6,4,7,9,3,7,9,6,8,9,8,9,9,9,9,9,4,7,8,4,8,7,4,4,7,4,8,9,8,8,4,5,5,4,3,4
gc,svn,google-web-toolkit,/trunk/user/test/com/google/gwt/i18n/I18NSuite.java,clean,java,IssueTrue,126472,648,7904,67,4,2,4,1,5,3,2,1,1,6,5,7,2,2,2,9,9,9,6,5,4,6,5,7,6,5,6,1,1,1,1,1,1,3,2,2,8,9,9,8,8,9,3,3,2,2,2,2,5,3,2,7,5,4,4,5,6,6,6,2,2,2
gc,svn,google-web-toolkit,/trunk/user/test/com/google/gwt/i18n/client/I18NTest.java,buggy,java,IssueTrue,126472,648,7904,67,10,7,9,9,3,8,10,9,9,10,10,9,10,9,7,9,9,9,10,10,8,10,10,9,6,5,6,10,10,9,10,9,9,10,10,9,8,9,9,10,10,10,6,9,9,3,7,7,9,8,10,4,5,7,6,7,4,5,5,2,2,2
gc,svn,google-web-toolkit,/trunk/user/test/com/google/gwt/i18n/client/NumberFormat_en_Test.java,buggy,java,IssueTrue,126472,648,7904,67,8,3,8,6,2,3,8,5,4,10,10,9,9,9,6,9,9,9,3,3,2,10,10,9,6,5,6,9,7,6,8,7,6,9,8,7,8,9,9,8,8,9,3,3,5,2,2,2,6,4,6,4,5,6,5,6,4,5,5,2,2,2
gc,svn,google-web-toolkit,/trunk/user/test/com/google/gwt/jsonp/client/JsonpRequestTest.java,buggy,java,IssueTrue,126472,648,7904,67,6,4,5,8,4,5,6,6,6,7,10,10,6,9,8,9,9,9,5,7,8,7,10,10,7,7,9,6,7,8,6,7,8,7,8,9,8,9,9,9,9,10,4,4,7,6,8,8,5,3,7,9,10,8,8,9,8,8,8,10,9,9
gc,svn,google-web-toolkit,/trunk/user/test/com/google/gwt/jsonp/server/EchoServlet.java,clean,java,IssueTrue,126472,648,7904,67,3,3,3,1,8,7,5,3,2,9,9,8,2,2,2,9,9,9,4,3,3,9,9,8,6,5,6,2,1,2,1,1,1,1,1,1,9,9,9,8,8,9,8,7,4,5,5,3,3,3,3,7,8,5,4,6,4,5,5,2,2,2
gc,svn,google-web-toolkit,/trunk/user/test/com/google/gwt/junit/JUnitSuite.java,clean,java,IssueTrue,126472,648,7904,67,1,3,2,1,9,3,2,1,1,6,5,7,2,2,2,9,9,9,4,3,3,6,5,7,6,5,6,1,1,1,1,1,1,3,2,2,8,9,9,8,8,9,3,3,2,2,2,2,5,3,2,9,8,7,7,9,7,7,7,2,3,4
gc,svn,google-web-toolkit,/trunk/user/test/com/google/gwt/layout/client/LayoutTest.java,buggy,java,IssueTrue,126472,648,7904,67,9,8,8,9,5,3,4,7,7,6,10,10,4,9,9,10,10,10,3,7,9,6,10,10,6,10,9,5,9,9,4,9,9,6,9,9,8,10,10,9,10,10,3,3,8,8,8,10,7,8,9,4,5,3,3,4,4,5,5,9,7,7
gc,svn,google-web-toolkit,/trunk/user/test/com/google/gwt/resources/ResourcesSuite.java,buggy,java,IssueTrue,126472,648,7904,67,2,1,2,1,7,3,2,1,1,6,5,7,2,2,2,9,9,9,6,5,4,6,5,7,6,5,6,1,1,1,1,1,1,3,2,2,8,9,9,8,8,9,3,3,2,2,2,2,5,3,2,4,5,5,4,6,8,6,6,2,2,2
gc,svn,google-web-toolkit,/trunk/user/test/com/google/gwt/resources/client/CSSResourceTest.java,buggy,java,IssueTrue,126472,648,7904,67,8,4,7,9,3,3,3,5,8,10,10,10,5,8,9,10,10,10,3,9,10,10,10,10,6,6,7,4,6,9,3,6,9,1,7,6,8,9,9,8,8,9,3,3,8,3,5,8,4,8,8,9,5,8,7,9,4,5,5,2,6,5
gc,svn,google-web-toolkit,/trunk/user/test/com/google/gwt/resources/client/ImageResourceTest.java,buggy,java,IssueTrue,126472,648,7904,67,5,3,5,7,5,5,4,5,4,7,10,10,5,8,7,9,9,9,2,5,4,7,10,10,6,5,6,5,7,7,4,6,7,3,4,5,8,9,9,8,8,9,3,4,6,2,3,4,5,7,6,8,8,7,7,8,5,5,5,2,3,4
gc,svn,google-web-toolkit,/trunk/user/test/com/google/gwt/resources/client/TextResourceTest.java,buggy,java,IssueTrue,126472,648,7904,67,3,1,3,5,5,3,3,3,3,9,10,10,6,8,7,9,9,9,2,4,4,9,10,10,6,5,6,4,3,6,3,3,5,4,5,5,8,9,9,8,8,9,3,3,5,3,4,5,5,4,5,7,8,4,4,6,6,5,6,2,2,2
gc,svn,google-web-toolkit,/trunk/user/test/com/google/gwt/resources/rg/CssTestCase.java,clean,java,IssueTrue,126472,648,7904,67,5,5,5,6,6,5,5,4,4,7,9,10,7,9,7,10,10,10,6,7,8,7,9,10,6,6,7,5,5,6,5,5,6,5,6,6,10,10,10,9,9,9,4,5,6,4,7,6,3,4,4,7,5,4,5,6,4,5,5,4,3,5
gc,svn,google-web-toolkit,/trunk/user/test/com/google/gwt/uibinder/UiBinderGwtSuite.java,buggy,java,IssueTrue,126472,648,7904,67,1,1,2,2,9,3,2,2,1,6,5,7,2,2,2,9,9,9,4,3,3,6,5,7,6,5,6,2,1,2,2,2,1,3,2,2,8,9,9,9,9,9,3,3,2,2,2,2,3,3,2,8,10,4,4,5,4,5,5,8,7,7
gc,svn,google-web-toolkit,/trunk/user/test/com/google/gwt/uibinder/rebind/GwtResourceEntityResolverTest.java,clean,java,IssueTrue,126472,648,7904,67,3,2,3,3,6,3,2,2,2,6,9,9,2,3,5,9,9,9,4,6,6,6,9,9,7,7,8,2,2,3,1,2,3,3,3,4,8,9,9,8,8,9,3,3,3,4,5,4,5,3,3,4,8,8,6,7,9,8,7,9,7,7
gc,svn,google-web-toolkit,/trunk/user/test/com/google/gwt/uibinder/rebind/XMLElementTest.java,buggy,java,IssueTrue,126472,648,7904,67,4,2,4,4,5,5,6,4,2,9,9,8,5,4,3,9,9,9,9,8,6,9,9,8,9,8,8,7,5,4,6,4,4,8,6,5,9,9,9,8,8,9,4,4,4,3,4,4,7,5,5,4,5,9,7,8,4,5,5,2,2,2
gc,svn,google-web-toolkit,/trunk/user/test/com/google/gwt/uibinder/sample/client/UiBinderTest.java,buggy,java,IssueTrue,126472,648,7904,67,8,3,8,9,2,7,9,9,8,10,10,10,9,10,8,9,9,9,9,10,9,10,10,10,7,8,8,10,10,9,9,10,9,10,10,10,8,9,9,9,9,9,3,5,8,5,5,9,6,6,9,8,10,8,7,9,4,5,5,2,3,4
gc,svn,google-web-toolkit,/trunk/user/test/com/google/gwt/user/RPCSuite.java,clean,java,IssueTrue,126472,648,7904,67,5,3,5,1,5,3,2,1,1,6,5,7,2,2,2,9,9,9,7,6,5,6,5,7,6,5,6,1,1,1,1,1,1,3,2,2,8,9,9,8,8,9,3,3,2,2,2,2,5,3,2,8,5,8,8,8,6,6,6,2,2,2
gc,svn,google-web-toolkit,/trunk/user/test/com/google/gwt/user/UISuite.java,buggy,java,IssueTrue,126472,648,7904,67,7,2,7,1,2,3,2,1,1,6,5,7,2,2,2,9,9,9,10,10,9,6,5,7,6,5,6,1,1,1,1,1,1,3,2,2,8,9,9,8,8,9,3,3,2,2,2,2,5,3,2,10,10,4,5,7,6,7,7,2,3,5
gc,svn,google-web-toolkit,/trunk/user/test/com/google/gwt/user/client/CookieTest.java,buggy,java,IssueTrue,126472,648,7904,67,7,7,6,4,6,7,6,5,4,9,10,9,7,8,6,9,9,9,5,5,5,9,10,9,6,5,6,4,4,4,3,4,4,6,5,5,8,9,9,9,9,9,7,8,5,2,3,2,8,5,5,9,10,10,10,10,5,5,6,9,9,9
gc,svn,google-web-toolkit,/trunk/user/test/com/google/gwt/user/client/EventTest.java,buggy,java,IssueTrue,126472,648,7904,67,9,8,8,9,5,5,2,6,7,6,10,10,3,9,9,10,10,10,3,8,10,6,10,10,6,8,9,3,8,9,2,7,9,4,8,9,8,9,9,9,9,9,3,5,7,5,9,8,7,6,9,4,5,9,8,8,4,5,5,6,5,5
gc,svn,google-web-toolkit,/trunk/user/test/com/google/gwt/user/client/WindowTest.java,buggy,java,IssueTrue,126472,648,7904,67,7,5,7,5,5,7,4,5,4,7,10,10,6,8,7,9,9,9,5,7,7,7,10,10,6,5,6,4,5,5,4,5,6,6,6,6,8,9,9,9,9,9,4,6,5,2,3,3,8,6,6,7,5,9,9,9,6,6,6,8,8,8
gc,svn,google-web-toolkit,/trunk/user/test/com/google/gwt/user/client/rpc/CollectionsTest.java,clean,java,IssueTrue,126472,648,7904,67,10,3,9,10,1,5,3,8,10,6,10,10,3,9,10,9,9,9,5,10,10,6,10,10,6,6,7,3,10,10,2,9,10,5,10,10,8,9,9,9,9,9,3,4,9,4,10,10,5,4,10,8,5,5,4,6,4,5,5,2,2,2
gc,svn,google-web-toolkit,/trunk/user/test/com/google/gwt/user/client/rpc/InheritanceTest.java,clean,java,IssueTrue,126472,648,7904,67,7,4,6,8,4,5,2,5,6,6,10,10,3,8,9,9,9,9,2,3,9,6,10,10,6,6,7,3,6,9,2,6,9,4,7,9,8,9,9,9,9,9,3,4,7,3,8,7,3,3,7,4,5,4,4,5,6,5,5,2,2,2
gc,svn,google-web-toolkit,/trunk/user/test/com/google/gwt/user/client/rpc/TestSetValidator.java,clean,java,IssueTrue,126472,648,7904,67,9,3,8,8,2,8,10,10,10,6,5,7,8,8,5,9,9,9,10,10,8,6,5,7,6,5,6,1,1,1,10,9,8,10,9,9,8,9,9,9,9,9,9,8,10,10,10,10,5,5,7,4,8,7,6,7,8,7,7,10,9,9
gc,svn,google-web-toolkit,/trunk/user/test/com/google/gwt/user/client/rpc/UnicodeEscapingTest.java,buggy,java,IssueTrue,126472,648,7904,67,7,8,6,6,7,7,7,6,6,7,10,10,6,8,7,9,9,9,7,7,9,7,10,10,7,6,8,5,5,6,5,6,7,7,6,7,8,9,9,9,9,10,6,7,7,9,7,9,7,7,7,4,9,3,3,4,4,5,5,7,6,5
gc,svn,google-web-toolkit,/trunk/user/test/com/google/gwt/user/client/ui/AbsolutePanelTest.java,buggy,java,IssueTrue,126472,648,7904,67,3,3,3,2,7,3,3,2,1,10,10,9,5,5,3,9,9,9,6,5,4,10,10,9,6,5,6,4,2,3,3,2,2,4,3,2,9,9,9,8,8,9,3,3,3,2,2,2,9,8,4,7,9,7,7,8,8,8,8,4,3,5
gc,svn,google-web-toolkit,/trunk/user/test/com/google/gwt/user/client/ui/AnchorTest.java,buggy,java,IssueTrue,126472,648,7904,67,8,7,7,7,5,5,6,7,6,7,10,10,7,9,7,9,9,9,4,7,6,7,10,10,7,7,8,6,7,8,6,7,8,8,8,8,8,9,9,9,9,9,4,4,7,5,8,7,9,6,8,7,9,4,4,6,4,5,5,4,5,5
gc,svn,google-web-toolkit,/trunk/user/test/com/google/gwt/user/client/ui/CreateEventTest.java,buggy,java,IssueTrue,126472,648,7904,67,9,8,8,9,5,7,3,7,8,6,10,10,3,9,9,10,10,10,3,8,10,6,10,10,6,8,10,3,8,9,2,8,9,5,9,10,8,9,10,9,9,9,4,6,8,9,8,10,7,5,9,7,9,7,7,8,4,5,5,2,3,4
gc,svn,google-web-toolkit,/trunk/user/test/com/google/gwt/user/client/ui/DOMTest.java,buggy,java,IssueTrue,126472,648,7904,67,9,9,8,8,6,5,3,7,7,6,10,10,4,9,9,9,9,9,4,7,9,6,10,10,6,5,6,3,8,8,3,8,8,6,9,9,8,9,9,8,8,9,4,5,7,2,8,5,8,7,9,8,10,5,6,7,4,5,5,2,5,5
gc,svn,google-web-toolkit,/trunk/user/test/com/google/gwt/user/client/ui/DateBoxTest.java,buggy,java,IssueTrue,126472,648,7904,67,3,2,3,3,6,3,2,2,2,6,9,9,2,3,5,9,9,9,3,3,5,6,9,9,6,5,6,2,2,3,1,2,3,3,3,3,8,9,10,8,8,9,3,3,3,2,2,2,6,4,4,4,8,5,5,6,4,5,5,2,2,2
gc,svn,google-web-toolkit,/trunk/user/test/com/google/gwt/user/client/ui/DeckPanelTest.java,buggy,java,IssueTrue,126472,648,7904,67,4,4,4,3,7,5,3,3,2,9,10,9,3,5,5,9,9,9,2,2,2,9,10,9,6,5,6,3,2,3,2,2,2,3,3,3,8,9,9,8,8,9,5,5,3,2,2,2,6,4,3,4,8,6,5,6,8,7,7,4,3,4
gc,svn,google-web-toolkit,/trunk/user/test/com/google/gwt/user/client/ui/DialogBoxTest.java,buggy,java,IssueTrue,126472,648,7904,67,5,3,5,5,5,3,2,3,3,7,10,10,6,9,8,9,9,9,3,5,6,7,10,10,6,5,6,3,5,6,2,4,5,4,6,6,8,10,10,8,8,9,3,3,5,2,2,2,6,5,5,4,5,4,4,5,6,5,5,2,2,2
gc,svn,google-web-toolkit,/trunk/user/test/com/google/gwt/user/client/ui/DisclosurePanelTest.java,clean,java,IssueTrue,126472,648,7904,67,5,4,5,6,5,3,3,4,4,6,10,10,5,8,8,9,9,9,2,4,6,6,10,10,6,5,6,3,5,6,2,5,6,5,6,7,8,9,9,9,9,9,3,3,5,3,5,4,6,5,6,4,8,4,4,5,6,5,5,2,2,2
gc,svn,google-web-toolkit,/trunk/user/test/com/google/gwt/user/client/ui/FormPanelTest.java,buggy,java,IssueTrue,126472,648,7904,67,8,6,7,8,4,7,3,5,5,6,9,10,2,6,8,9,9,9,2,7,8,6,9,10,6,5,6,3,7,8,2,6,8,5,7,9,8,9,9,9,9,9,3,5,7,2,3,4,8,8,9,9,10,8,9,9,9,10,9,5,6,7
gc,svn,google-web-toolkit,/trunk/user/test/com/google/gwt/user/client/ui/HTMLPanelTest.java,buggy,java,IssueTrue,126472,648,7904,67,5,6,5,5,7,5,5,5,3,9,10,9,7,8,6,9,9,9,4,5,5,9,10,9,6,5,6,6,6,6,5,5,5,7,7,7,8,9,9,8,8,9,3,4,5,2,3,2,9,6,7,10,10,7,8,9,8,9,8,5,6,7
gc,svn,google-web-toolkit,/trunk/user/test/com/google/gwt/user/client/ui/HTMLTableTestBase.java,buggy,java,IssueTrue,126472,648,7904,67,7,3,7,6,3,7,7,7,5,9,10,9,7,9,7,9,9,9,6,7,6,9,10,9,6,5,6,6,6,6,6,6,6,8,8,7,8,9,9,8,8,9,6,6,7,3,7,5,8,7,7,7,9,3,4,5,4,5,5,4,3,5
gc,svn,google-web-toolkit,/trunk/user/test/com/google/gwt/user/client/ui/HistoryTest.java,buggy,java,IssueTrue,126472,648,7904,67,7,7,6,8,5,7,3,6,7,6,10,10,3,9,9,9,9,9,2,5,9,6,10,10,6,7,9,2,7,8,2,7,8,3,7,9,8,9,9,9,10,10,5,7,8,3,8,6,5,4,7,4,5,4,4,5,7,6,6,4,3,4
gc,svn,google-web-toolkit,/trunk/user/test/com/google/gwt/user/client/ui/ImageTest.java,buggy,java,IssueTrue,126472,648,7904,67,9,7,8,9,4,7,3,5,8,6,10,10,3,9,9,9,10,10,3,7,10,6,10,10,6,7,10,3,7,9,2,7,9,4,8,10,8,9,9,9,9,9,5,5,8,3,5,7,8,7,9,7,5,9,8,9,8,8,7,8,8,8
gc,svn,google-web-toolkit,/trunk/user/test/com/google/gwt/user/client/ui/MenuBarTest.java,buggy,java,IssueTrue,126472,648,7904,67,7,6,7,6,5,5,2,4,4,6,10,10,3,8,8,9,9,9,2,5,4,6,10,10,6,5,6,2,5,6,1,4,6,3,6,7,8,9,9,8,8,9,4,6,6,2,2,2,6,7,6,4,5,4,4,5,6,5,5,2,2,2
gc,svn,google-web-toolkit,/trunk/user/test/com/google/gwt/user/client/ui/PopupTest.java,buggy,java,IssueTrue,126472,648,7904,67,7,7,7,7,6,3,3,5,5,7,10,10,7,9,9,9,9,9,3,6,8,7,10,10,6,6,7,4,7,8,3,7,8,5,7,8,8,10,10,8,8,9,3,3,6,2,6,5,6,8,7,10,10,7,9,9,8,9,9,2,5,5
gc,svn,google-web-toolkit,/trunk/user/test/com/google/gwt/user/client/ui/RichTextAreaTest.java,buggy,java,IssueTrue,126472,648,7904,67,7,5,6,7,4,8,3,6,6,6,10,10,3,9,9,9,9,9,3,5,9,6,10,10,6,5,6,3,7,8,2,6,8,4,8,9,8,9,9,8,8,9,5,6,7,2,2,4,7,5,8,10,10,10,10,10,10,10,10,10,10,10
gc,svn,google-web-toolkit,/trunk/user/test/com/google/gwt/user/client/ui/StackPanelTest.java,buggy,java,IssueTrue,126472,648,7904,67,5,3,5,5,5,7,4,4,3,7,10,10,4,6,6,9,9,9,3,4,5,7,10,10,6,5,6,4,5,5,3,5,5,5,6,6,8,10,10,8,8,9,4,5,5,3,5,4,7,5,5,4,8,4,4,5,6,5,5,7,6,5
gc,svn,google-web-toolkit,/trunk/user/test/com/google/gwt/user/client/ui/TextAreaTest.java,buggy,java,IssueTrue,126472,648,7904,67,2,4,2,2,9,3,3,2,1,10,10,9,9,8,5,9,9,9,4,3,3,10,10,9,6,5,6,4,2,3,3,2,2,3,2,2,9,9,9,9,9,9,3,3,3,5,5,3,7,6,3,7,9,5,5,7,5,5,5,2,3,4
gc,svn,google-web-toolkit,/trunk/user/test/com/google/gwt/user/client/ui/TreeItemTest.java,buggy,java,IssueTrue,126472,648,7904,67,2,3,3,2,8,5,4,2,2,10,10,9,8,8,5,9,9,9,4,3,3,10,10,9,6,5,6,4,2,3,3,2,2,6,3,3,8,9,9,8,8,9,4,4,3,2,2,2,9,7,4,4,9,10,8,9,4,5,5,2,2,2
gc,svn,google-web-toolkit,/trunk/user/test/com/google/gwt/user/client/ui/TreeTest.java,buggy,java,IssueTrue,126472,648,7904,67,7,4,7,5,3,5,5,5,3,9,10,9,7,8,6,9,9,9,5,7,6,9,10,9,6,5,6,6,6,6,6,6,6,8,7,7,8,9,9,8,8,9,3,4,5,2,3,2,9,7,7,4,8,3,3,4,4,5,5,4,3,4
gc,svn,google-web-toolkit,/trunk/user/test/com/google/gwt/user/rebind/rpc/SerializableTypeOracleBuilderTest.java,clean,java,IssueTrue,126472,648,7904,67,10,10,10,10,2,7,9,9,9,6,9,9,8,9,8,9,9,9,8,10,9,6,9,9,6,7,7,9,10,9,9,10,10,9,10,10,8,9,9,10,10,10,4,5,9,9,10,10,10,8,10,9,10,3,3,4,4,5,5,2,2,2
gc,svn,google-web-toolkit,/trunk/user/test/com/google/gwt/user/server/rpc/CollectionsTestServiceImpl.java,clean,java,IssueTrue,126472,648,7904,67,8,2,7,9,1,7,10,9,9,10,10,10,10,9,7,9,9,9,10,10,9,10,10,10,6,5,6,10,9,9,10,9,9,10,10,9,8,9,9,9,9,9,6,6,9,3,5,7,7,4,9,4,8,8,6,7,4,5,5,4,3,4
gc,svn,google-web-toolkit,/trunk/user/test/com/google/gwt/user/server/rpc/RPCTest.java,buggy,java,IssueTrue,126472,648,7904,67,9,10,7,9,7,5,4,7,8,6,9,10,2,5,8,9,10,10,2,9,9,6,9,10,6,6,7,4,6,9,3,5,9,5,7,9,8,9,9,8,8,9,5,6,8,2,4,5,2,4,6,7,9,6,6,7,4,5,5,2,2,2
gc,svn,google-web-toolkit,/trunk/user/test/com/google/gwt/xml/client/XMLTest.java,buggy,java,IssueTrue,126472,648,7904,67,9,4,8,7,2,7,10,9,8,10,10,9,9,9,6,9,9,9,6,5,4,10,10,9,6,5,6,9,7,6,9,8,8,9,8,7,8,9,9,10,10,10,7,8,8,4,7,7,10,10,9,9,9,6,7,8,8,7,8,9,8,9
