Host,Vcs,Project,File,Buggy,PL,IssueTracking,TLOC,TNF,TNC,TND,LOC,CL,NStmt,NFunc,RCC,MNL,avg_WMC,max_WMC,total_WMC,avg_DIT,max_DIT,total_DIT,avg_RFC,max_RFC,total_RFC,avg_NOC,max_NOC,total_NOC,avg_CBO,max_CBO,total_CBO,avg_DIT.1,max_DIT.1,total_DIT.1,avg_NIV,max_NIV,total_NIV,avg_NIM,max_NIM,total_NIM,avg_NOM,max_NOM,total_NOM,avg_NPBM,max_NPBM,total_NPBM,avg_NPM,max_NPM,total_NPM,avg_NPRM,max_NPRM,total_NPRM,avg_CC,max_CC,total_CC,avg_FANIN,max_FANIN,total_FANIN,avg_FANOUT,max_FANOUT,total_FANOUT,NRev,NFix,avg_AddedLOC,max_AddedLOC,total_AddedLOC,avg_DeletedLOC,max_DeletedLOC,total_DeletedLOC,avg_ModifiedLOC,max_ModifiedLOC,total_ModifiedLOC
gc,svn,google-collections,/trunk/gwtemul/com/google/common/collect/Platform.java,buggy,java,IssueTrue,29602,114,130,9,2,2,2,2,8,2,3,2,2,5,4,7,4,4,7,9,9,9,3,3,7,5,4,7,4,4,3,1,1,1,5,4,3,1,1,1,9,9,9,8,8,9,3,3,3,3,3,3,2,1,1,3,8,3,3,2,4,4,4,3,3,3
gc,svn,google-collections,/trunk/src/com/google/common/base/Functions.java,buggy,java,IssueTrue,29602,114,130,9,6,6,6,8,6,4,3,3,6,5,4,10,4,5,9,9,9,9,5,7,10,5,4,10,6,7,8,5,5,8,5,5,8,6,6,9,9,9,9,9,9,9,4,4,8,4,6,7,2,2,5,3,8,6,5,4,10,9,9,10,9,8
gc,svn,google-collections,/trunk/src/com/google/common/base/Joiner.java,buggy,java,IssueTrue,29602,114,130,9,6,7,6,7,7,6,4,4,7,5,4,10,4,7,9,10,10,10,6,7,10,5,4,10,4,7,6,5,7,8,5,7,8,5,8,9,9,9,9,9,9,10,5,6,8,8,7,8,4,3,6,3,9,8,6,6,4,4,4,5,4,4
gc,svn,google-collections,/trunk/src/com/google/common/base/Preconditions.java,buggy,java,IssueTrue,29602,114,130,9,5,9,5,5,9,6,8,6,6,5,4,7,7,7,7,9,9,9,5,5,8,5,4,7,4,4,3,3,3,2,8,7,6,8,8,7,9,9,9,9,9,9,7,6,7,10,10,10,3,3,3,3,8,7,6,5,10,10,9,7,5,5
gc,svn,google-collections,/trunk/src/com/google/common/base/Predicate.java,buggy,java,IssueTrue,29602,114,130,9,1,4,1,1,10,2,2,1,1,1,1,5,1,1,5,10,10,10,1,1,6,1,1,5,4,4,3,3,3,2,2,2,2,1,1,1,9,9,9,8,8,9,3,3,2,10,10,6,1,1,1,3,8,6,5,4,4,4,4,1,1,2
gc,svn,google-collections,/trunk/src/com/google/common/base/Predicates.java,buggy,java,IssueTrue,29602,114,130,9,8,8,8,9,6,6,4,5,8,5,4,10,5,7,10,9,9,9,6,10,10,5,4,10,6,7,8,5,5,9,5,8,9,6,8,10,9,9,9,9,10,10,4,6,9,7,9,9,2,2,7,4,8,9,8,7,7,6,6,10,10,9
gc,svn,google-collections,/trunk/src/com/google/common/base/Suppliers.java,buggy,java,IssueTrue,29602,114,130,9,4,4,4,5,6,6,2,2,4,6,10,10,5,8,9,9,9,9,2,4,8,6,10,10,6,7,8,3,3,5,2,4,6,2,5,6,9,9,9,9,9,9,4,5,6,5,4,5,3,2,3,3,8,4,4,3,4,4,4,3,3,3
gc,svn,google-collections,/trunk/src/com/google/common/collect/AbstractIterator.java,buggy,java,IssueTrue,29602,114,130,9,3,7,3,3,9,4,5,3,3,9,8,8,4,4,7,10,10,10,3,3,7,9,8,8,7,7,5,6,5,4,5,4,3,4,4,3,10,10,10,9,9,9,5,5,5,5,4,4,3,2,2,4,8,5,5,4,8,8,7,8,7,7
gc,svn,google-collections,/trunk/src/com/google/common/collect/AbstractMapBasedMultiset.java,buggy,java,IssueTrue,29602,114,130,9,7,5,8,8,4,6,4,5,8,6,9,10,7,9,10,10,10,10,6,8,10,6,9,10,6,8,9,5,7,9,5,7,9,5,6,9,9,10,10,9,9,9,5,6,9,4,5,7,4,3,7,3,8,10,8,7,8,7,6,10,7,7
gc,svn,google-collections,/trunk/src/com/google/common/collect/AbstractMapEntry.java,buggy,java,IssueTrue,29602,114,130,9,2,3,2,3,9,4,4,3,3,5,4,7,4,4,7,10,10,10,4,3,8,5,4,7,4,4,3,6,5,4,5,4,3,6,6,5,9,9,9,8,8,9,5,5,4,2,3,3,3,2,2,3,8,5,4,4,4,4,4,5,4,4
gc,svn,google-collections,/trunk/src/com/google/common/collect/AbstractMultiset.java,buggy,java,IssueTrue,29602,114,130,9,6,9,6,8,8,7,5,6,7,6,9,10,7,8,9,10,10,10,5,8,10,6,9,10,6,8,8,6,8,9,6,8,8,6,9,9,9,9,9,8,8,9,5,7,8,3,6,6,4,3,6,3,8,9,6,6,8,7,7,10,8,7
gc,svn,google-collections,/trunk/src/com/google/common/collect/ArrayListMultimap.java,buggy,java,IssueTrue,29602,114,130,9,4,6,4,4,9,4,5,3,3,9,8,8,6,5,7,9,9,9,9,8,9,9,8,8,6,6,4,6,5,4,7,6,5,5,5,4,9,9,9,10,10,10,4,4,5,6,7,4,4,2,3,4,8,9,8,8,6,6,6,9,8,8
gc,svn,google-collections,/trunk/src/com/google/common/collect/Collections2.java,buggy,java,IssueTrue,29602,114,130,9,6,6,6,7,6,6,6,6,7,5,8,9,7,7,9,9,10,10,7,7,10,5,8,9,6,7,7,6,7,8,6,7,8,6,8,8,9,9,9,9,9,9,6,5,8,6,7,7,4,3,5,3,8,8,6,6,10,8,7,6,4,4
gc,svn,google-collections,/trunk/src/com/google/common/collect/ComputationException.java,buggy,java,IssueTrue,29602,114,130,9,1,2,1,1,10,2,2,1,1,10,10,9,9,8,8,10,10,10,1,1,6,10,10,9,4,4,3,3,3,2,2,2,1,2,2,2,9,9,9,8,8,9,3,3,2,9,4,2,2,1,1,3,5,5,5,4,6,5,5,1,1,2
gc,svn,google-collections,/trunk/src/com/google/common/collect/ConcurrentHashMultiset.java,buggy,java,IssueTrue,29602,114,130,9,7,8,7,8,7,7,5,7,8,6,9,10,7,9,10,9,9,9,7,10,10,6,9,10,4,7,5,6,8,9,5,8,8,6,7,9,9,9,10,9,10,10,6,7,9,3,4,6,4,2,6,3,8,4,4,3,4,4,4,9,6,6
gc,svn,google-collections,/trunk/src/com/google/common/collect/CustomConcurrentHashMap.java,buggy,java,IssueTrue,29602,114,130,9,10,10,10,10,7,10,5,9,10,6,9,10,6,8,10,10,10,10,4,10,10,6,9,10,6,9,10,5,8,10,5,8,10,4,8,10,9,9,9,9,9,10,7,9,10,7,8,10,4,6,10,4,9,3,3,2,4,4,4,1,1,2
gc,svn,google-collections,/trunk/src/com/google/common/collect/EnumHashBiMap.java,buggy,java,IssueTrue,29602,114,130,9,3,4,3,3,8,2,4,3,2,9,8,8,5,5,7,9,9,9,9,8,9,9,8,8,6,6,4,6,5,4,6,5,4,6,5,5,9,9,9,10,9,9,3,3,4,4,2,3,4,3,2,3,8,4,4,3,7,6,6,1,1,2
gc,svn,google-collections,/trunk/src/com/google/common/collect/ForwardingObject.java,buggy,java,IssueTrue,29602,114,130,9,1,5,1,2,10,2,2,2,1,5,4,7,3,3,6,9,9,9,2,2,7,5,4,7,4,4,3,4,4,3,3,3,2,2,2,2,10,10,10,8,8,9,3,3,3,1,2,2,2,1,1,3,8,5,4,4,4,4,4,1,1,2
gc,svn,google-collections,/trunk/src/com/google/common/collect/HashBiMap.java,buggy,java,IssueTrue,29602,114,130,9,3,4,3,4,8,2,4,3,3,9,8,8,5,5,7,9,9,9,7,6,9,9,8,8,4,4,3,6,5,4,6,5,4,6,5,5,9,9,9,10,10,10,3,3,4,4,4,4,3,2,2,4,8,7,6,6,7,7,6,7,6,6
gc,svn,google-collections,/trunk/src/com/google/common/collect/HashMultimap.java,buggy,java,IssueTrue,29602,114,130,9,3,6,3,4,9,2,4,3,3,9,8,8,5,5,7,9,9,9,9,8,9,9,8,8,6,6,4,6,5,4,6,5,4,4,4,3,9,9,9,10,10,10,3,3,4,4,4,4,4,2,2,4,8,10,9,8,7,6,6,8,6,7
gc,svn,google-collections,/trunk/src/com/google/common/collect/HashMultiset.java,buggy,java,IssueTrue,29602,114,130,9,3,4,3,3,8,2,4,2,2,10,10,9,10,9,9,9,9,9,7,6,9,10,10,9,4,4,3,5,4,3,5,5,4,4,4,3,9,9,9,10,10,10,3,3,4,2,3,3,4,2,2,4,8,5,5,5,9,8,8,5,4,5
gc,svn,google-collections,/trunk/src/com/google/common/collect/ImmutableBiMap.java,buggy,java,IssueTrue,29602,114,130,9,6,8,6,8,8,4,4,5,6,9,9,10,9,9,10,10,10,10,4,6,10,9,9,10,4,7,5,5,8,9,5,8,9,6,9,9,9,9,9,9,9,9,4,5,8,8,9,8,3,3,6,4,9,8,7,7,7,7,6,6,4,5
gc,svn,google-collections,/trunk/src/com/google/common/collect/ImmutableCollection.java,buggy,java,IssueTrue,29602,114,130,9,6,5,5,7,6,6,4,5,6,5,8,10,6,7,9,10,10,10,3,6,9,5,8,10,4,6,6,5,7,9,5,7,8,5,8,9,9,9,9,8,8,9,4,6,8,2,4,5,2,2,4,4,9,5,5,5,10,9,8,7,6,6
gc,svn,google-collections,/trunk/src/com/google/common/collect/ImmutableEntry.java,buggy,java,IssueTrue,29602,114,130,9,2,2,2,2,8,2,2,2,1,9,8,8,5,5,7,9,9,9,2,1,7,9,8,8,7,7,5,4,4,3,3,3,2,3,3,3,9,9,9,8,8,9,3,3,3,3,3,2,2,1,1,3,8,5,4,4,4,4,4,3,3,3
gc,svn,google-collections,/trunk/src/com/google/common/collect/ImmutableList.java,buggy,java,IssueTrue,29602,114,130,9,7,9,7,9,7,6,6,7,8,6,9,10,8,9,10,10,10,10,7,9,10,6,9,10,4,6,5,6,8,9,7,8,9,7,8,9,9,9,9,9,10,10,5,7,9,6,10,8,3,3,6,6,9,7,7,6,10,10,10,8,7,8
gc,svn,google-collections,/trunk/src/com/google/common/collect/ImmutableMap.java,buggy,java,IssueTrue,29602,114,130,9,7,9,7,9,8,6,6,6,8,5,8,10,8,8,9,10,10,10,7,9,10,5,8,10,5,7,6,7,8,9,7,9,9,7,9,10,9,9,9,9,9,9,4,6,9,9,9,9,3,3,6,6,9,5,5,5,10,10,10,9,6,8
gc,svn,google-collections,/trunk/src/com/google/common/collect/ImmutableMultimap.java,buggy,java,IssueTrue,29602,114,130,9,7,9,7,9,8,6,4,7,8,5,8,10,7,8,10,10,10,10,5,9,10,5,8,10,6,8,9,5,8,9,5,9,9,6,9,10,9,9,9,9,9,9,4,5,9,4,6,7,3,3,7,6,9,10,10,10,10,10,10,10,10,10
gc,svn,google-collections,/trunk/src/com/google/common/collect/ImmutableMultiset.java,buggy,java,IssueTrue,29602,114,130,9,7,9,7,8,7,7,4,6,8,6,9,10,7,8,10,9,10,10,7,10,10,6,9,10,6,7,8,5,8,9,5,8,9,6,8,9,9,9,9,9,9,9,5,7,9,3,4,6,4,3,7,4,9,10,10,10,6,6,6,6,4,6
gc,svn,google-collections,/trunk/src/com/google/common/collect/ImmutableSet.java,buggy,java,IssueTrue,29602,114,130,9,8,9,8,9,6,7,5,5,9,9,9,10,8,8,10,10,10,10,5,8,10,9,9,10,6,7,8,6,7,10,5,7,10,6,7,10,9,9,9,9,9,9,5,7,9,5,10,8,3,4,7,4,9,10,9,9,10,10,10,10,8,8
gc,svn,google-collections,/trunk/src/com/google/common/collect/ImmutableSetMultimap.java,buggy,java,IssueTrue,29602,114,130,9,7,8,7,7,7,6,5,5,6,9,9,10,9,9,10,9,10,10,7,9,10,9,9,10,4,6,5,5,5,7,5,7,7,5,7,8,9,9,9,9,9,9,5,7,8,6,6,7,4,5,6,4,9,10,9,9,4,4,4,9,7,7
gc,svn,google-collections,/trunk/src/com/google/common/collect/ImmutableSortedSet.java,buggy,java,IssueTrue,29602,114,130,9,9,10,9,10,7,9,7,8,9,9,10,10,9,9,10,10,10,10,7,9,10,9,10,10,6,7,8,7,8,10,8,9,10,7,8,10,9,9,9,10,10,10,5,8,10,6,8,9,3,4,8,6,9,9,8,8,9,9,9,10,9,10
gc,svn,google-collections,/trunk/src/com/google/common/collect/Iterables.java,buggy,java,IssueTrue,29602,114,130,9,7,10,7,9,8,6,3,8,8,5,4,10,3,8,10,10,10,10,4,9,10,5,4,10,4,4,3,3,4,7,3,9,9,4,9,10,9,9,9,9,9,9,4,6,9,7,7,9,4,3,7,4,8,7,6,6,10,10,10,8,7,7
gc,svn,google-collections,/trunk/src/com/google/common/collect/Iterators.java,buggy,java,IssueTrue,29602,114,130,9,9,10,9,9,7,7,4,9,9,5,4,10,3,8,10,9,9,9,3,9,10,5,4,10,5,7,9,3,5,9,4,9,10,5,9,10,9,9,9,9,9,9,5,7,10,8,8,10,4,3,8,6,9,6,5,6,10,10,10,10,9,10
gc,svn,google-collections,/trunk/src/com/google/common/collect/LinkedHashMultimap.java,buggy,java,IssueTrue,29602,114,130,9,6,8,6,8,8,6,5,4,6,6,8,10,5,6,9,9,9,9,7,9,10,6,8,10,6,7,8,6,7,8,6,7,8,5,6,8,9,9,9,9,10,10,4,5,8,4,4,6,4,5,6,4,8,10,9,8,6,6,6,7,5,6
gc,svn,google-collections,/trunk/src/com/google/common/collect/LinkedHashMultiset.java,buggy,java,IssueTrue,29602,114,130,9,3,4,3,3,9,2,4,2,2,10,10,9,10,9,9,9,9,9,7,6,9,10,10,9,4,4,3,5,4,3,5,5,4,4,4,3,9,9,9,10,10,10,3,3,4,4,3,3,4,2,2,4,8,5,5,5,9,9,8,5,4,5
gc,svn,google-collections,/trunk/src/com/google/common/collect/LinkedListMultimap.java,buggy,java,IssueTrue,29602,114,130,9,9,9,9,10,5,6,4,8,10,5,9,10,4,8,10,9,9,9,5,10,10,5,9,10,6,9,10,5,9,10,5,9,10,5,9,10,9,9,9,9,10,10,4,7,10,3,7,9,3,4,9,6,9,9,9,8,9,9,8,8,8,8
gc,svn,google-collections,/trunk/src/com/google/common/collect/Lists.java,buggy,java,IssueTrue,29602,114,130,9,7,9,7,8,8,4,3,4,7,9,10,10,9,9,10,9,10,10,4,9,10,9,10,10,6,7,9,4,6,9,5,7,9,5,7,9,9,9,9,9,9,9,4,5,8,9,10,9,3,2,6,6,9,8,7,7,8,8,7,9,8,8
gc,svn,google-collections,/trunk/src/com/google/common/collect/MapDifference.java,buggy,java,IssueTrue,29602,114,130,9,2,6,2,4,10,2,3,2,3,1,1,5,1,1,6,10,10,10,2,1,7,1,1,5,4,4,3,5,5,6,5,5,5,1,1,1,9,9,9,8,8,9,3,3,5,5,4,4,1,1,1,3,9,3,3,2,4,4,4,6,4,4
gc,svn,google-collections,/trunk/src/com/google/common/collect/MapMaker.java,buggy,java,IssueTrue,29602,114,130,9,9,10,9,10,6,6,3,6,9,5,9,10,4,7,10,10,10,10,4,10,10,5,9,10,6,8,10,5,8,10,5,8,10,4,8,10,9,9,9,9,9,10,4,7,10,8,10,10,3,3,9,6,9,9,8,8,5,6,6,9,8,9
gc,svn,google-collections,/trunk/src/com/google/common/collect/Maps.java,buggy,java,IssueTrue,29602,114,130,9,9,10,9,10,7,7,3,6,10,6,9,10,6,8,10,9,10,10,5,10,10,6,9,10,6,8,10,4,6,10,4,8,10,5,9,10,9,9,10,9,9,9,4,6,10,4,9,10,4,4,10,6,9,10,10,10,10,10,10,10,9,9
gc,svn,google-collections,/trunk/src/com/google/common/collect/Multimaps.java,buggy,java,IssueTrue,29602,114,130,9,9,10,9,10,7,4,4,5,10,6,10,10,6,8,10,9,10,10,6,10,10,6,10,10,5,9,10,5,8,10,5,8,10,5,9,10,9,9,10,9,10,10,4,6,10,3,4,9,3,3,9,6,9,8,8,7,10,10,10,10,10,9
gc,svn,google-collections,/trunk/src/com/google/common/collect/Multiset.java,buggy,java,IssueTrue,29602,114,130,9,2,10,3,6,10,2,5,4,4,5,8,8,4,7,8,10,10,10,2,2,7,5,8,8,4,4,3,7,8,8,7,7,7,1,1,1,9,9,9,8,8,9,3,3,6,7,8,7,1,1,2,3,8,6,5,4,10,8,8,10,8,8
gc,svn,google-collections,/trunk/src/com/google/common/collect/Ordering.java,buggy,java,IssueTrue,29602,114,130,9,8,9,8,9,7,7,5,7,9,9,10,10,9,8,10,10,10,10,5,9,10,9,10,10,5,7,8,5,8,10,5,8,10,6,9,10,9,9,9,9,9,9,5,6,10,6,10,9,3,2,8,6,9,10,9,9,10,10,9,10,9,10
gc,svn,google-collections,/trunk/src/com/google/common/collect/RegularImmutableList.java,buggy,java,IssueTrue,29602,114,130,9,6,2,6,7,3,7,7,6,7,9,9,9,9,9,9,9,9,9,5,6,9,9,9,9,7,7,7,8,8,8,7,7,8,8,8,9,9,9,9,8,8,9,6,8,8,5,5,7,3,2,4,3,9,3,3,2,4,4,4,6,4,4
gc,svn,google-collections,/trunk/src/com/google/common/collect/RegularImmutableMap.java,buggy,java,IssueTrue,29602,114,130,9,5,3,6,6,4,7,4,5,6,9,10,10,8,8,10,9,9,9,5,8,10,9,10,10,7,9,9,4,6,7,3,5,7,4,6,7,9,9,9,8,8,9,6,6,7,5,7,6,4,4,4,3,9,3,3,2,9,8,7,6,4,4
gc,svn,google-collections,/trunk/src/com/google/common/collect/Sets.java,buggy,java,IssueTrue,29602,114,130,9,8,10,8,9,9,6,5,6,8,6,9,10,7,8,10,10,10,10,7,10,10,6,9,10,4,7,5,5,8,9,6,8,9,6,8,10,9,9,9,9,9,10,4,5,9,7,10,9,3,3,8,6,9,9,8,9,10,9,9,9,8,8
gc,svn,google-collections,/trunk/src/com/google/common/collect/SingletonImmutableMap.java,buggy,java,IssueTrue,29602,114,130,9,5,2,4,6,4,6,6,5,5,9,8,9,9,9,9,9,9,9,5,7,9,9,8,9,8,9,8,7,7,8,7,7,7,6,7,8,9,9,9,9,9,9,5,6,7,3,3,5,3,3,4,3,9,7,6,5,4,4,4,5,4,4
gc,svn,google-collections,/trunk/src/com/google/common/collect/SingletonImmutableSet.java,buggy,java,IssueTrue,29602,114,130,9,4,3,4,5,5,4,6,4,4,10,9,9,9,8,8,9,9,9,7,6,9,10,9,9,7,7,5,8,7,6,7,7,5,7,7,6,9,9,9,8,8,9,4,5,6,2,3,4,3,2,3,3,9,9,7,6,4,4,4,9,6,6
gc,svn,google-collections,/trunk/src/com/google/common/collect/StandardMultimap.java,buggy,java,IssueTrue,29602,114,130,9,10,9,10,10,4,6,5,8,10,9,10,10,8,9,10,10,10,10,5,10,10,9,10,10,6,9,10,6,9,10,5,9,10,6,9,10,9,10,10,9,10,10,5,7,10,4,9,10,4,4,10,4,9,10,9,9,10,9,9,10,9,9
gc,svn,google-collections,/trunk/src/com/google/common/collect/Synchronized.java,buggy,java,IssueTrue,29602,114,130,9,10,10,9,10,5,4,4,6,10,9,10,10,8,8,10,10,10,10,5,9,10,9,10,10,5,8,10,6,8,10,6,8,10,6,8,10,9,9,10,9,9,10,4,6,10,6,9,10,3,2,10,4,8,7,6,6,6,6,6,7,5,6
gc,svn,google-collections,/trunk/src/com/google/common/collect/TreeMultimap.java,buggy,java,IssueTrue,29602,114,130,9,4,8,4,5,9,2,6,4,4,9,8,8,7,6,7,9,9,9,9,8,9,9,8,8,7,7,5,7,7,6,8,7,6,6,6,5,9,9,9,10,10,10,4,5,6,4,5,5,4,2,3,6,9,9,9,8,6,6,6,5,6,6
gc,svn,google-collections,/trunk/src/com/google/common/collect/TreeMultiset.java,buggy,java,IssueTrue,29602,114,130,9,5,6,4,6,7,4,5,3,5,10,10,10,9,9,9,9,9,9,8,9,10,10,10,10,4,4,3,6,6,7,6,6,7,6,6,7,9,9,9,9,10,10,4,5,6,3,4,4,4,2,4,4,8,7,6,6,10,9,9,6,5,5
gc,svn,google-collections,/trunk/test/com/google/common/collect/AbstractImmutableSetTest.java,buggy,java,IssueTrue,29602,114,130,9,8,3,8,8,2,7,5,8,7,5,8,10,6,8,9,10,10,10,6,9,10,5,8,10,4,6,4,7,9,9,7,9,9,7,9,9,10,10,10,8,8,9,4,7,8,2,8,5,5,4,7,3,5,3,3,2,4,4,4,3,3,3
gc,svn,google-collections,/trunk/test/com/google/common/collect/AbstractMultimapTest.java,buggy,java,IssueTrue,29602,114,130,9,10,5,10,10,1,6,9,10,9,6,8,9,10,9,9,10,10,10,9,10,10,6,8,9,4,6,4,10,10,10,10,10,10,10,10,10,10,10,10,8,8,9,4,5,10,4,10,9,8,8,10,4,8,4,5,4,4,4,4,3,3,4
gc,svn,google-collections,/trunk/test/com/google/common/collect/CollectTestSuite.java,clean,java,IssueTrue,29602,114,130,9,5,2,2,1,3,6,2,2,1,5,4,7,2,2,6,9,9,9,5,4,8,5,4,7,4,4,3,1,1,1,2,2,1,2,2,2,9,9,9,8,8,9,8,5,3,2,2,2,8,2,1,3,8,7,6,5,4,4,4,3,3,3
gc,svn,google-collections,/trunk/test/com/google/common/collect/ImmutableListTest.java,buggy,java,IssueTrue,29602,114,130,9,9,4,8,9,2,7,3,8,8,5,9,10,3,9,10,9,10,10,5,10,10,5,9,10,4,8,7,4,9,10,3,9,10,4,10,10,9,9,10,9,10,10,4,6,9,2,4,6,4,3,8,3,8,10,8,7,4,4,4,1,1,2
gc,svn,google-collections,/trunk/test/com/google/common/collect/ImmutableMapTest.java,buggy,java,IssueTrue,29602,114,130,9,9,2,8,9,1,4,3,6,8,9,10,10,4,7,10,10,10,10,5,7,10,9,10,10,4,6,4,5,8,10,4,7,10,4,8,9,10,10,10,9,9,9,4,5,9,2,6,5,4,4,8,4,8,10,9,8,7,7,6,3,4,4
gc,svn,google-collections,/trunk/test/com/google/common/collect/ImmutableMultimapTest.java,buggy,java,IssueTrue,29602,114,130,9,2,2,2,2,7,2,2,2,1,9,8,8,3,3,6,9,9,9,4,3,8,9,8,8,4,4,3,4,4,3,3,3,2,4,4,3,9,9,9,8,8,9,3,3,3,2,2,2,6,2,2,4,8,10,9,9,10,10,10,9,8,8
gc,svn,google-collections,/trunk/test/com/google/common/collect/ImmutableSetCollectionTest.java,buggy,java,IssueTrue,29602,114,130,9,7,2,6,6,2,2,2,1,4,5,8,10,2,2,10,9,10,10,5,6,10,5,8,10,4,4,3,3,3,7,2,2,7,1,2,5,9,9,10,8,8,9,3,3,6,2,2,4,5,3,5,3,8,9,7,6,4,4,4,1,1,2
gc,svn,google-collections,/trunk/test/com/google/common/collect/ImmutableSetTest.java,buggy,java,IssueTrue,29602,114,130,9,3,2,3,4,6,4,5,3,3,10,9,9,9,9,8,9,9,9,9,8,9,10,9,9,4,4,3,7,6,5,7,6,5,5,5,4,10,10,10,8,8,9,4,4,5,1,2,2,3,1,2,3,5,3,3,2,4,4,4,3,3,3
gc,svn,google-collections,/trunk/test/com/google/common/collect/ImmutableSortedSetTest.java,buggy,java,IssueTrue,29602,114,130,9,9,3,9,10,1,4,8,9,9,9,9,9,10,10,9,9,9,9,9,10,10,9,9,9,4,4,3,10,10,10,10,10,10,10,10,10,10,10,10,9,9,9,3,4,9,2,5,5,5,3,9,4,8,9,8,8,4,4,4,8,6,7
gc,svn,google-collections,/trunk/test/com/google/common/collect/IterablesTest.java,buggy,java,IssueTrue,29602,114,130,9,9,4,9,10,2,6,4,9,9,5,8,10,4,9,10,9,10,10,4,10,10,5,8,10,4,4,3,6,10,10,5,10,10,6,10,10,9,9,9,9,10,10,4,6,10,1,4,4,4,3,9,4,8,9,8,7,10,10,10,8,6,7
gc,svn,google-collections,/trunk/test/com/google/common/collect/IteratorsTest.java,buggy,java,IssueTrue,29602,114,130,9,10,3,10,10,1,4,3,10,10,5,8,10,3,9,10,9,10,10,4,10,10,5,8,10,4,4,3,5,10,10,4,10,10,4,10,10,9,9,10,9,9,9,4,5,10,1,6,5,5,3,10,4,8,7,6,6,10,10,10,4,4,4
gc,svn,google-collections,/trunk/test/com/google/common/collect/Jsr166HashMap.java,clean,java,IssueTrue,29602,114,130,9,3,6,2,3,9,2,2,2,2,9,9,10,6,5,8,9,9,9,2,4,8,9,9,10,4,6,4,4,5,4,3,4,3,4,5,5,9,9,9,8,8,9,3,3,3,7,5,4,4,2,2,3,8,3,3,2,4,4,4,3,3,3
gc,svn,google-collections,/trunk/test/com/google/common/collect/ListsTest.java,buggy,java,IssueTrue,29602,114,130,9,9,5,9,9,2,4,3,8,8,5,9,10,4,9,10,9,9,9,5,10,10,5,9,10,4,4,3,4,10,10,4,10,10,4,10,10,9,9,10,9,10,10,4,7,9,2,4,7,5,5,9,4,8,7,7,6,4,4,4,5,4,5
gc,svn,google-collections,/trunk/test/com/google/common/collect/MapMakerTestSuite.java,buggy,java,IssueTrue,29602,114,130,9,10,5,10,10,2,9,3,6,10,5,8,10,3,7,10,9,10,10,5,8,10,5,8,10,4,7,9,4,8,10,4,8,10,4,8,10,9,10,10,9,9,10,5,7,10,3,8,9,5,4,10,3,8,10,8,8,7,6,6,1,1,2
gc,svn,google-collections,/trunk/test/com/google/common/collect/MapsTest.java,buggy,java,IssueTrue,29602,114,130,9,10,4,10,10,1,4,4,9,9,6,9,10,8,9,10,9,9,9,5,10,10,6,9,10,4,4,3,5,10,10,5,10,10,5,10,10,10,10,10,8,8,9,4,8,10,2,3,5,5,6,10,4,8,8,8,7,6,6,6,9,6,7
gc,svn,google-collections,/trunk/test/com/google/common/collect/MultimapCollectionTest.java,buggy,java,IssueTrue,29602,114,130,9,9,3,8,9,1,4,2,3,8,5,8,10,2,4,10,9,10,10,4,6,10,5,8,10,4,7,5,3,5,10,2,4,9,1,5,8,9,9,10,9,10,10,4,4,9,3,6,7,4,3,8,4,8,3,3,2,4,4,4,9,8,8
gc,svn,google-collections,/trunk/test/com/google/common/collect/OrderingTest.java,buggy,java,IssueTrue,29602,114,130,9,6,4,7,6,4,4,5,5,5,9,8,9,8,8,9,9,9,9,8,8,10,9,8,9,4,6,4,7,8,7,7,7,7,7,8,8,9,9,9,8,8,9,4,6,6,3,4,5,5,3,5,3,8,5,5,4,7,6,6,9,6,7
gc,svn,google-collections,/trunk/test/com/google/common/collect/SetOperationsTest.java,buggy,java,IssueTrue,29602,114,130,9,7,2,6,6,2,2,2,2,5,5,8,10,2,3,10,9,9,9,4,6,10,5,8,10,4,7,5,3,4,8,2,3,7,1,4,4,9,9,10,8,8,9,3,3,6,2,2,3,5,3,6,3,5,3,3,2,4,4,4,3,3,3
gc,svn,google-collections,/trunk/test/com/google/common/collect/SetsTest.java,buggy,java,IssueTrue,29602,114,130,9,8,4,8,9,2,6,3,8,8,5,8,10,4,9,10,9,10,10,5,10,10,5,8,10,4,6,4,5,9,10,4,9,9,5,10,10,9,9,10,9,10,10,4,5,9,3,9,8,4,3,8,4,8,9,8,7,9,8,8,3,4,4
gc,svn,google-collections,/trunk/test/com/google/common/testutils/NullPointerTester.java,buggy,java,IssueTrue,29602,114,130,9,6,6,7,7,5,7,5,6,6,1,4,9,3,6,9,10,10,10,9,10,10,1,4,9,4,6,4,5,7,8,5,7,7,5,7,8,9,9,9,9,10,10,5,6,8,7,8,7,4,4,5,3,5,4,3,3,6,5,5,5,4,4
gc,svn,google-collections,/trunk/testfw/com/google/common/collect/testing/FeatureSpecificTestSuiteBuilder.java,buggy,java,IssueTrue,29602,114,130,9,6,5,6,6,5,6,8,7,6,5,4,7,8,7,8,10,10,10,10,10,10,5,4,7,8,8,7,8,8,7,8,8,7,6,6,5,10,10,10,10,9,9,7,7,8,5,5,6,5,4,5,3,5,3,3,2,4,4,4,5,4,4
gc,svn,google-collections,/trunk/testfw/com/google/common/collect/testing/Helpers.java,buggy,java,IssueTrue,29602,114,130,9,5,2,5,6,3,6,3,4,5,5,4,9,4,6,9,9,9,9,5,8,10,5,4,9,4,6,4,3,4,4,5,7,7,5,7,8,9,9,9,8,8,9,4,5,7,5,7,6,3,2,4,4,8,5,5,4,9,9,8,2,3,3
gc,svn,google-collections,/trunk/testfw/com/google/common/collect/testing/MapInterfaceTest.java,buggy,java,IssueTrue,29602,114,130,9,10,8,10,9,2,7,10,10,10,9,8,8,10,9,9,10,10,10,9,8,9,9,8,8,9,9,8,10,10,10,10,10,10,10,10,10,10,10,10,9,9,9,9,8,10,6,10,9,8,9,10,4,8,8,7,7,5,5,5,10,10,10
gc,svn,google-collections,/trunk/testfw/com/google/common/collect/testing/MinimalCollection.java,buggy,java,IssueTrue,29602,114,130,9,4,3,4,5,6,6,6,4,4,9,8,8,9,8,8,10,10,10,6,5,8,9,8,8,8,7,6,7,6,5,7,7,5,8,7,7,9,9,9,9,9,9,4,5,6,6,8,5,3,2,3,3,8,9,6,6,4,4,4,9,6,6
gc,svn,google-collections,/trunk/testfw/com/google/common/collect/testing/TestCollidingSetGenerator.java,buggy,java,IssueTrue,29602,114,130,9,1,2,1,2,9,2,2,2,1,5,4,7,3,3,6,10,10,10,2,1,7,5,4,7,4,4,3,4,4,3,3,3,2,4,4,3,9,9,9,8,8,9,3,3,3,2,2,2,1,1,1,3,5,3,3,2,4,4,4,3,3,3
gc,svn,google-collections,/trunk/testfw/com/google/common/collect/testing/testers/CollectionCreationTester.java,buggy,java,IssueTrue,29602,114,130,9,2,3,2,2,8,4,3,2,2,9,8,8,3,3,6,9,9,9,5,4,8,9,8,8,4,4,3,3,3,2,3,3,2,4,4,3,9,9,9,8,8,9,5,4,3,2,2,2,4,2,1,3,5,3,3,2,4,4,4,3,3,3
gc,svn,google-collections,/trunk/testfw/com/google/common/collect/testing/testers/CollectionToArrayTester.java,buggy,java,IssueTrue,29602,114,130,9,5,2,5,5,3,4,6,4,4,9,8,8,7,6,7,9,9,9,4,3,8,9,8,8,4,4,3,8,7,6,8,7,6,8,7,7,9,9,9,9,9,9,4,4,6,2,5,3,6,4,5,3,5,3,3,2,4,4,4,5,4,4
gc,svn,google-collections,/trunk/testfw/com/google/common/collect/testing/testers/ListSubListTester.java,buggy,java,IssueTrue,29602,114,130,9,7,5,7,7,4,7,8,6,6,9,8,8,8,7,8,9,9,9,8,7,9,9,8,8,4,4,3,9,8,8,9,8,7,9,9,9,9,9,9,8,8,9,5,6,7,1,2,2,6,3,7,3,5,4,3,3,4,4,4,3,3,3
gc,svn,google-collections,/trunk/testfw/com/google/common/collect/testing/testers/QueueElementTester.java,buggy,java,IssueTrue,29602,114,130,9,2,2,2,2,7,4,3,2,2,9,8,8,3,3,6,9,9,9,2,1,7,9,8,8,4,4,3,4,4,3,3,3,2,4,4,3,9,9,9,8,8,9,4,4,3,1,1,2,5,2,1,3,5,4,4,3,7,6,6,6,4,4
gc,svn,google-collections,/trunk/testfw/com/google/common/collect/testing/testers/QueueRemoveTester.java,buggy,java,IssueTrue,29602,114,130,9,2,2,2,2,7,4,3,2,2,9,8,8,3,3,6,9,9,9,2,1,7,9,8,8,4,4,3,4,4,3,3,3,2,4,4,3,9,9,9,8,8,9,4,4,3,1,1,2,5,2,1,3,5,4,4,3,7,6,6,6,4,4
