Host,Vcs,Project,File,Buggy,PL,IssueTracking,TLOC,TNF,TNC,TND,LOC,CL,NStmt,NFunc,RCC,MNL,avg_WMC,max_WMC,total_WMC,avg_DIT,max_DIT,total_DIT,avg_RFC,max_RFC,total_RFC,avg_NOC,max_NOC,total_NOC,avg_CBO,max_CBO,total_CBO,avg_DIT.1,max_DIT.1,total_DIT.1,avg_NIV,max_NIV,total_NIV,avg_NIM,max_NIM,total_NIM,avg_NOM,max_NOM,total_NOM,avg_NPBM,max_NPBM,total_NPBM,avg_NPM,max_NPM,total_NPM,avg_NPRM,max_NPRM,total_NPRM,avg_CC,max_CC,total_CC,avg_FANIN,max_FANIN,total_FANIN,avg_FANOUT,max_FANOUT,total_FANOUT,NRev,NFix,avg_AddedLOC,max_AddedLOC,total_AddedLOC,avg_DeletedLOC,max_DeletedLOC,total_DeletedLOC,avg_ModifiedLOC,max_ModifiedLOC,total_ModifiedLOC
sf,cvs,gpac,gpac/gpac/applications/generators/MPEG4/main.c,clean,c,IssueTrue,167898,183,3742,5,9,8,9,7,4,10,10,10,10,10,10,10,8,9,10,9,9,9,9,9,6,10,10,10,7,6,6,10,10,10,10,10,10,10,10,10,10,10,9,8,8,9,9,10,9,6,7,7,6,7,8,3,9,6,5,5,6,5,5,4,3,4
sf,cvs,gpac,gpac/gpac/applications/mp4box/filedump.c,buggy,c,IssueTrue,167898,183,3742,5,9,4,9,8,1,10,10,10,10,10,10,10,8,9,10,9,9,9,9,9,6,10,10,10,7,6,6,10,10,10,10,10,10,10,10,10,10,10,9,8,8,9,9,10,10,8,10,9,9,10,9,3,9,3,3,3,6,5,5,2,2,2
sf,cvs,gpac,gpac/gpac/applications/mp4box/main.c,buggy,c,IssueTrue,167898,183,3742,5,10,7,10,7,2,10,10,10,10,10,10,10,8,9,10,9,9,9,9,9,6,10,10,10,7,6,6,10,10,10,10,10,10,10,10,10,10,10,9,8,8,9,10,10,10,5,9,7,9,10,9,8,10,3,3,3,6,5,5,2,2,2
sf,cvs,gpac,gpac/gpac/applications/mp4client/main.c,buggy,c,IssueTrue,167898,183,3742,5,9,5,9,7,2,9,10,10,10,10,10,10,8,9,10,9,9,9,9,9,6,10,10,10,7,6,6,10,10,10,10,10,10,10,10,10,10,10,9,8,8,9,10,10,10,9,10,9,9,10,8,9,9,3,3,3,6,5,5,2,2,2
sf,cvs,gpac,gpac/gpac/applications/osmo4_w32/Osmo4.cpp,buggy,c,IssueTrue,167898,183,3742,5,7,6,8,8,3,10,10,10,10,10,10,10,9,9,10,9,9,9,9,9,6,10,10,10,9,9,8,10,10,10,10,10,10,10,10,10,10,10,10,8,8,9,7,10,8,5,10,8,6,10,8,3,9,5,4,4,6,5,5,4,3,4
sf,cvs,gpac,gpac/gpac/applications/osmophone/main.cpp,clean,c,IssueTrue,167898,183,3742,5,8,5,8,8,2,8,10,10,10,10,10,10,8,9,10,9,9,9,9,9,6,10,10,10,7,6,6,10,10,10,10,10,10,10,10,10,10,10,9,8,8,9,9,9,9,7,7,8,8,10,9,7,9,10,10,10,9,9,8,8,9,9
sf,cvs,gpac,gpac/gpac/applications/testapps/broadcaster/RTP_serv_generator.c,buggy,c,IssueTrue,167898,183,3742,5,3,1,4,4,2,6,10,10,10,10,10,10,8,9,10,9,9,9,9,9,6,10,10,10,7,6,6,10,10,10,10,10,10,10,10,10,10,10,9,8,8,9,6,5,4,5,5,4,8,6,5,6,9,3,3,3,6,5,5,4,3,5
sf,cvs,gpac,gpac/gpac/applications/testapps/broadcaster/broadcaster.c,buggy,c,IssueTrue,167898,183,3742,5,6,1,6,6,1,9,10,10,10,10,10,10,8,9,10,9,9,9,9,9,6,10,10,10,7,6,6,10,10,10,10,10,10,10,10,10,10,10,9,8,8,9,7,7,6,6,6,5,8,9,7,5,9,7,6,7,9,9,8,7,6,7
sf,cvs,gpac,gpac/gpac/applications/testapps/broadcaster/sdp_generator.c,buggy,c,IssueTrue,167898,183,3742,5,2,1,2,3,1,4,10,10,10,10,10,10,8,9,10,9,9,9,9,9,6,10,10,10,7,6,6,10,10,10,10,10,10,10,10,10,10,10,9,8,8,9,7,4,3,9,5,3,9,5,3,3,9,3,3,3,6,5,5,4,3,4
sf,cvs,gpac,gpac/gpac/applications/testapps/mp4_streamer/main.c,clean,c,IssueTrue,167898,183,3742,5,8,8,8,6,5,9,10,10,10,10,10,10,8,9,10,9,9,9,10,10,8,10,10,10,10,10,10,10,10,10,10,10,10,10,10,10,10,10,9,8,8,9,9,9,8,10,9,9,9,9,8,9,10,8,8,9,9,10,9,10,10,10
sf,cvs,gpac,gpac/gpac/include/gpac/internal/bifs_tables.h,clean,c,IssueTrue,167898,183,3742,5,5,3,3,2,4,3,10,10,10,10,10,10,8,9,10,9,9,9,9,9,6,10,10,10,7,6,6,10,10,10,10,10,10,10,10,10,10,10,9,8,8,9,3,3,2,3,2,2,3,2,2,3,9,3,3,3,6,5,5,4,3,4
sf,cvs,gpac,gpac/gpac/include/gpac/internal/compositor_dev.h,buggy,c,IssueTrue,167898,183,3742,5,6,10,7,2,10,3,10,10,10,10,10,10,8,9,10,9,9,9,10,10,10,10,10,10,10,10,10,10,10,10,10,10,10,10,10,10,10,10,9,8,8,9,3,3,2,3,2,2,3,2,2,7,10,4,4,5,6,5,5,2,3,4
sf,cvs,gpac,gpac/gpac/include/gpac/internal/scenegraph_dev.h,clean,c,IssueTrue,167898,183,3742,5,6,9,6,2,9,3,10,10,10,10,10,10,8,9,10,9,9,9,10,10,10,10,10,10,10,10,10,10,10,10,10,10,10,10,10,10,10,10,9,8,8,9,3,3,2,3,2,2,3,2,2,10,10,5,6,8,7,9,8,2,6,8
sf,cvs,gpac,gpac/gpac/include/gpac/internal/terminal_dev.h,buggy,c,IssueTrue,167898,183,3742,5,6,10,6,2,10,3,10,10,10,10,10,10,8,9,10,9,9,9,10,10,10,10,10,10,10,10,10,10,10,10,10,10,10,10,10,10,10,10,9,8,8,9,3,3,2,3,2,2,3,2,2,10,9,6,7,9,8,9,8,2,6,7
sf,cvs,gpac,gpac/gpac/include/gpac/isomedia.h,buggy,c,IssueTrue,167898,183,3742,5,6,10,6,2,10,3,10,10,10,10,10,10,8,9,10,9,9,9,9,9,6,10,10,10,7,6,6,10,10,10,10,10,10,10,10,10,10,10,9,8,8,9,3,3,2,3,2,2,3,2,2,3,9,3,3,3,6,5,5,2,2,2
sf,cvs,gpac,gpac/gpac/include/gpac/modules/term_ext.h,clean,c,IssueTrue,167898,183,3742,5,2,5,1,2,10,3,10,10,10,10,10,10,8,9,10,9,9,9,9,9,6,10,10,10,9,8,8,10,10,10,10,10,10,10,10,10,10,10,9,8,8,9,3,3,2,3,2,2,3,2,2,3,9,4,3,4,6,5,5,7,6,5
sf,cvs,gpac,gpac/gpac/include/gpac/mpegts.h,buggy,c,IssueTrue,167898,183,3742,5,6,8,5,2,8,3,10,10,10,10,10,10,8,9,10,9,9,9,10,10,9,10,10,10,10,10,10,10,10,10,10,10,10,10,10,10,10,10,9,8,8,9,3,3,2,3,2,2,3,2,2,3,9,5,4,4,10,8,7,10,8,7
sf,cvs,gpac,gpac/gpac/include/gpac/nodes_mpeg4.h,clean,c,IssueTrue,167898,183,3742,5,10,10,10,2,9,3,10,10,10,10,10,10,8,9,10,9,9,9,10,10,10,10,10,10,10,10,10,10,10,10,10,10,10,10,10,10,10,10,9,8,8,9,3,3,2,3,2,2,3,2,2,3,9,10,10,10,6,5,5,4,3,4
sf,cvs,gpac,gpac/gpac/include/gpac/scenegraph.h,clean,c,IssueTrue,167898,183,3742,5,5,9,4,2,10,3,10,10,10,10,10,10,8,9,10,9,9,9,10,9,7,10,10,10,8,7,8,10,10,10,10,10,10,10,10,10,10,10,9,8,8,9,3,3,2,3,2,2,3,2,2,9,9,6,6,7,9,9,9,8,9,9
sf,cvs,gpac,gpac/gpac/include/gpac/scenegraph_svg.h,buggy,c,IssueTrue,167898,183,3742,5,5,8,5,2,9,3,10,10,10,10,10,10,8,9,10,9,9,9,10,10,9,10,10,10,9,9,10,10,10,10,10,10,10,10,10,10,10,10,9,8,8,9,3,3,2,3,2,2,3,2,2,7,9,5,5,6,6,5,5,2,5,5
sf,cvs,gpac,gpac/gpac/include/gpac/scenegraph_vrml.h,clean,c,IssueTrue,167898,183,3742,5,5,9,5,2,10,3,10,10,10,10,10,10,8,9,10,9,9,9,9,9,6,10,10,10,7,6,6,10,10,10,10,10,10,10,10,10,10,10,9,8,8,9,3,3,2,3,2,2,3,2,2,7,9,6,5,7,6,7,6,2,3,4
sf,cvs,gpac,gpac/gpac/include/gpac/tools.h,clean,c,IssueTrue,167898,183,3742,5,3,10,3,2,10,3,10,10,10,10,10,10,8,9,10,9,9,9,9,9,6,10,10,10,7,6,6,10,10,10,10,10,10,10,10,10,10,10,9,8,8,9,3,3,2,3,2,2,3,2,2,3,9,3,3,3,6,5,5,4,3,4
sf,cvs,gpac,gpac/gpac/modules/ctx_load/ctx_load.c,clean,c,IssueTrue,167898,183,3742,5,7,6,7,7,4,10,10,10,10,10,10,10,8,9,10,9,9,9,9,9,6,10,10,10,7,6,6,10,10,10,10,10,10,10,10,10,10,10,9,8,8,9,7,10,8,6,10,7,7,10,8,5,9,8,7,7,6,5,5,7,6,7
sf,cvs,gpac,gpac/gpac/modules/dx_hw/dx_2d.c,clean,c,IssueTrue,167898,183,3742,5,6,4,7,6,3,6,10,10,10,10,10,10,8,9,10,9,9,9,9,9,6,10,10,10,7,6,6,10,10,10,10,10,10,10,10,10,10,10,9,8,8,9,9,8,8,8,7,7,8,7,7,5,9,4,4,4,6,5,5,2,3,4
sf,cvs,gpac,gpac/gpac/modules/dx_hw/dx_video.c,clean,c,IssueTrue,167898,183,3742,5,6,5,6,6,5,6,10,10,10,10,10,10,8,9,10,9,9,9,9,9,6,10,10,10,7,6,6,10,10,10,10,10,10,10,10,10,10,10,9,8,8,9,7,7,7,7,7,7,8,9,8,5,9,8,7,8,7,7,6,7,6,7
sf,cvs,gpac,gpac/gpac/modules/ffmpeg_in/ffmpeg_decode.c,buggy,c,IssueTrue,167898,183,3742,5,6,6,7,5,5,9,10,10,10,10,10,10,8,9,10,9,9,9,9,9,6,10,10,10,7,6,6,10,10,10,10,10,10,10,10,10,10,10,9,8,8,9,9,9,8,9,9,7,9,9,7,6,9,5,5,6,8,8,7,5,5,6
sf,cvs,gpac,gpac/gpac/modules/ffmpeg_in/ffmpeg_demux.c,clean,c,IssueTrue,167898,183,3742,5,7,6,8,6,3,8,10,10,10,10,10,10,8,9,10,9,9,9,9,9,6,10,10,10,7,6,6,10,10,10,10,10,10,10,10,10,10,10,9,8,8,9,9,9,8,9,9,8,9,9,8,7,10,8,8,8,10,10,9,6,8,8
sf,cvs,gpac,gpac/gpac/modules/gapi/gapi.cpp,buggy,c,IssueTrue,167898,183,3742,5,7,5,8,7,2,8,10,10,10,10,10,10,8,9,10,9,9,9,9,9,6,10,10,10,7,6,6,10,10,10,10,10,10,10,10,10,10,10,9,8,8,9,9,10,9,9,8,8,9,8,8,7,9,7,6,7,8,8,7,5,6,7
sf,cvs,gpac,gpac/gpac/modules/gapi/gapi.h,clean,c,IssueTrue,167898,183,3742,5,2,2,2,2,10,3,10,10,10,10,10,10,8,9,10,9,9,9,9,9,6,10,10,10,7,6,6,10,10,10,10,10,10,10,10,10,10,10,9,8,8,9,3,3,2,3,2,2,3,2,2,3,9,5,4,4,6,5,5,2,2,2
sf,cvs,gpac,gpac/gpac/modules/gpac_js/gpac_js.c,buggy,c,IssueTrue,167898,183,3742,5,2,2,2,4,9,4,10,10,10,10,10,10,8,9,10,9,9,9,9,9,6,10,10,10,7,6,6,10,10,10,10,10,10,10,10,10,10,10,9,8,8,9,4,4,3,3,3,3,3,4,3,10,9,8,8,10,9,10,10,8,9,10
sf,cvs,gpac,gpac/gpac/modules/mpegts_in/mpegts_in.c,buggy,c,IssueTrue,167898,183,3742,5,7,6,8,8,3,10,10,10,10,10,10,10,8,9,10,9,9,9,9,9,6,10,10,10,7,6,6,10,10,10,10,10,10,10,10,10,10,10,9,8,8,9,8,8,8,8,8,9,8,7,9,7,9,6,6,7,8,8,7,10,10,10
sf,cvs,gpac,gpac/gpac/src/bifs/bifs_node_tables.c,clean,c,IssueTrue,167898,183,3742,5,7,4,8,7,2,5,10,10,10,10,10,10,8,9,10,9,9,9,9,9,6,10,10,10,7,6,6,10,10,10,10,10,10,10,10,10,10,10,9,8,8,9,10,10,10,9,9,9,3,4,5,3,9,7,5,5,6,5,5,4,3,4
sf,cvs,gpac,gpac/gpac/src/bifs/com_enc.c,clean,c,IssueTrue,167898,183,3742,5,7,5,8,7,2,10,10,10,10,10,10,10,8,9,10,9,9,9,9,9,6,10,10,10,7,6,6,10,10,10,10,10,10,10,10,10,10,10,9,8,8,9,9,9,8,10,9,9,9,8,8,3,9,9,7,7,10,9,9,10,9,8
sf,cvs,gpac,gpac/gpac/src/compositor/bindable.c,clean,c,IssueTrue,167898,183,3742,5,4,3,5,5,4,6,10,10,10,10,10,10,8,9,10,9,9,9,9,9,6,10,10,10,7,6,6,10,10,10,10,10,10,10,10,10,10,10,9,8,8,9,9,7,7,8,7,6,7,6,5,3,9,7,5,5,6,5,5,7,6,5
sf,cvs,gpac,gpac/gpac/src/compositor/compositor.c,buggy,c,IssueTrue,167898,183,3742,5,9,8,9,9,3,10,10,10,10,10,10,10,8,9,10,9,9,9,9,9,6,10,10,10,7,6,6,10,10,10,10,10,10,10,10,10,10,10,9,8,8,9,8,9,10,9,9,10,9,9,10,10,10,3,3,3,6,5,5,2,2,2
sf,cvs,gpac,gpac/gpac/src/compositor/compositor_2d.c,buggy,c,IssueTrue,167898,183,3742,5,7,6,7,5,4,10,10,10,10,10,10,10,8,9,10,9,9,9,9,9,6,10,10,10,7,6,6,10,10,10,10,10,10,10,10,10,10,10,9,8,8,9,10,10,8,10,10,9,9,9,7,3,9,3,3,3,8,7,6,4,3,4
sf,cvs,gpac,gpac/gpac/src/compositor/compositor_3d.c,clean,c,IssueTrue,167898,183,3742,5,4,3,4,4,6,8,10,10,10,10,10,10,8,9,10,9,9,9,9,9,6,10,10,10,7,6,6,10,10,10,10,10,10,10,10,10,10,10,9,8,8,9,8,6,4,9,7,5,9,7,5,5,9,5,5,5,6,5,5,2,3,4
sf,cvs,gpac,gpac/gpac/src/compositor/drawable.c,buggy,c,IssueTrue,167898,183,3742,5,8,7,8,8,4,9,10,10,10,10,10,10,8,9,10,9,9,9,9,9,6,10,10,10,7,6,6,10,10,10,10,10,10,10,10,10,10,10,9,8,8,9,8,9,9,10,10,10,8,8,9,8,9,6,6,7,9,9,8,8,8,9
sf,cvs,gpac,gpac/gpac/src/compositor/events.c,clean,c,IssueTrue,167898,183,3742,5,9,7,9,7,2,10,10,10,10,10,10,10,8,9,10,9,9,9,9,9,6,10,10,10,7,6,6,10,10,10,10,10,10,10,10,10,10,10,9,8,8,9,10,10,10,10,9,9,9,8,9,10,10,7,8,9,9,9,9,7,8,9
sf,cvs,gpac,gpac/gpac/src/compositor/font_engine.c,buggy,c,IssueTrue,167898,183,3742,5,8,6,9,8,2,9,10,10,10,10,10,10,8,9,10,9,9,9,10,9,7,10,10,10,9,8,9,10,10,10,10,10,10,10,10,10,10,10,9,8,8,9,9,8,9,10,10,10,9,10,9,3,10,4,3,4,6,5,5,2,2,2
sf,cvs,gpac,gpac/gpac/src/compositor/hardcoded_protos.c,buggy,c,IssueTrue,167898,183,3742,5,7,4,8,7,2,10,10,10,10,10,10,10,8,9,10,9,9,9,9,9,6,10,10,10,7,6,6,10,10,10,10,10,10,10,10,10,10,10,9,8,8,9,8,9,8,8,9,8,8,8,8,9,9,9,10,10,7,8,7,5,6,8
sf,cvs,gpac,gpac/gpac/src/compositor/mpeg4_background.c,buggy,c,IssueTrue,167898,183,3742,5,6,4,6,5,4,8,10,10,10,10,10,10,8,9,10,9,9,9,9,9,6,10,10,10,7,6,6,10,10,10,10,10,10,10,10,10,10,10,9,8,8,9,8,8,6,10,10,8,9,9,7,3,9,3,3,3,6,5,5,4,3,4
sf,cvs,gpac,gpac/gpac/src/compositor/mpeg4_background2d.c,buggy,c,IssueTrue,167898,183,3742,5,5,4,5,6,6,8,10,10,10,10,10,10,8,9,10,9,9,9,9,9,6,10,10,10,7,6,6,10,10,10,10,10,10,10,10,10,10,10,9,8,8,9,6,7,6,9,8,7,8,8,7,5,9,4,4,4,8,8,7,8,7,7
sf,cvs,gpac,gpac/gpac/src/compositor/mpeg4_composite.c,buggy,c,IssueTrue,167898,183,3742,5,6,5,7,6,4,9,10,10,10,10,10,10,8,9,10,9,9,9,9,9,6,10,10,10,7,6,6,10,10,10,10,10,10,10,10,10,10,10,9,8,8,9,8,9,7,10,10,8,10,10,8,9,9,8,9,9,8,9,8,10,10,10
sf,cvs,gpac,gpac/gpac/src/compositor/mpeg4_geometry_2d.c,buggy,c,IssueTrue,167898,183,3742,5,6,5,7,7,4,10,10,10,10,10,10,10,8,9,10,9,9,9,9,9,6,10,10,10,7,6,6,10,10,10,10,10,10,10,10,10,10,10,9,8,8,9,8,9,8,8,8,8,7,6,8,3,9,3,3,3,6,5,5,10,9,9
sf,cvs,gpac,gpac/gpac/src/compositor/mpeg4_geometry_ils2d.c,clean,c,IssueTrue,167898,183,3742,5,4,3,5,4,4,9,10,10,10,10,10,10,8,9,10,9,9,9,9,9,6,10,10,10,7,6,6,10,10,10,10,10,10,10,10,10,10,10,9,8,8,9,8,8,5,9,9,6,8,7,5,3,9,3,3,3,6,5,5,10,8,8
sf,cvs,gpac,gpac/gpac/src/compositor/mpeg4_gradients.c,clean,c,IssueTrue,167898,183,3742,5,6,5,7,6,4,6,10,10,10,10,10,10,8,9,10,9,9,9,9,9,6,10,10,10,7,6,6,10,10,10,10,10,10,10,10,10,10,10,9,8,8,9,8,8,7,10,9,8,9,9,7,6,9,7,7,7,7,7,6,9,9,9
sf,cvs,gpac,gpac/gpac/src/compositor/mpeg4_sensors.c,buggy,c,IssueTrue,167898,183,3742,5,8,5,8,9,2,9,10,10,10,10,10,10,8,9,10,9,9,9,9,9,6,10,10,10,7,6,6,10,10,10,10,10,10,10,10,10,10,10,9,8,8,9,7,8,9,7,9,9,7,9,9,6,9,5,5,5,7,7,6,5,6,6
sf,cvs,gpac,gpac/gpac/src/compositor/mpeg4_viewport.c,buggy,c,IssueTrue,167898,183,3742,5,6,5,6,6,5,6,10,10,10,10,10,10,8,9,10,9,9,9,9,9,6,10,10,10,7,6,6,10,10,10,10,10,10,10,10,10,10,10,9,8,8,9,8,8,7,9,9,8,9,8,8,7,9,5,5,6,6,5,5,6,7,8
sf,cvs,gpac,gpac/gpac/src/compositor/nodes_stacks.h,buggy,c,IssueTrue,167898,183,3742,5,4,4,5,2,6,3,10,10,10,10,10,10,8,9,10,9,9,9,9,9,6,10,10,10,7,6,6,10,10,10,10,10,10,10,10,10,10,10,9,8,8,9,3,3,2,3,2,2,3,2,2,7,9,5,5,5,6,5,5,2,3,5
sf,cvs,gpac,gpac/gpac/src/compositor/offscreen_cache.c,clean,c,IssueTrue,167898,183,3742,5,4,5,4,4,7,5,10,10,10,10,10,10,8,9,10,9,9,9,9,9,6,10,10,10,7,6,6,10,10,10,10,10,10,10,10,10,10,10,9,8,8,9,7,8,4,9,9,6,9,10,6,5,9,3,3,4,6,5,5,2,3,4
sf,cvs,gpac,gpac/gpac/src/compositor/svg_geometry.c,clean,c,IssueTrue,167898,183,3742,5,6,5,7,8,3,10,10,10,10,10,10,10,8,9,10,9,9,9,9,9,6,10,10,10,7,6,6,10,10,10,10,10,10,10,10,10,10,10,9,8,8,9,6,8,7,8,9,8,6,9,8,5,9,4,4,4,6,5,5,2,3,4
sf,cvs,gpac,gpac/gpac/src/compositor/svg_grouping.c,buggy,c,IssueTrue,167898,183,3742,5,8,6,8,8,2,9,10,10,10,10,10,10,8,9,10,9,9,9,9,9,6,10,10,10,7,6,6,10,10,10,10,10,10,10,10,10,10,10,9,8,8,9,8,9,9,8,10,9,9,9,9,8,9,4,5,5,7,8,7,5,5,7
sf,cvs,gpac,gpac/gpac/src/compositor/svg_media.c,buggy,c,IssueTrue,167898,183,3742,5,6,5,7,7,3,8,10,10,10,10,10,10,8,9,10,9,9,9,9,9,6,10,10,10,7,6,6,10,10,10,10,10,10,10,10,10,10,10,9,8,8,9,8,8,7,8,9,8,8,10,8,6,9,4,4,5,6,5,5,8,8,8
sf,cvs,gpac,gpac/gpac/src/compositor/visual_manager.c,clean,c,IssueTrue,167898,183,3742,5,4,3,4,4,5,8,10,10,10,10,10,10,8,9,10,9,9,9,9,9,6,10,10,10,7,6,6,10,10,10,10,10,10,10,10,10,10,10,9,8,8,9,7,7,5,9,7,6,7,5,5,3,9,4,3,4,6,5,5,8,6,6
sf,cvs,gpac,gpac/gpac/src/compositor/visual_manager_2d.c,buggy,c,IssueTrue,167898,183,3742,5,6,6,7,6,5,8,10,10,10,10,10,10,8,9,10,9,9,9,9,9,6,10,10,10,7,6,6,10,10,10,10,10,10,10,10,10,10,10,9,8,8,9,8,9,7,9,9,8,9,9,8,3,9,6,5,5,6,5,5,7,6,5
sf,cvs,gpac,gpac/gpac/src/compositor/visual_manager_2d_draw.c,clean,c,IssueTrue,167898,183,3742,5,6,5,6,6,5,6,10,10,10,10,10,10,8,9,10,9,9,9,9,9,6,10,10,10,7,6,6,10,10,10,10,10,10,10,10,10,10,10,9,8,8,9,8,7,7,10,9,9,8,7,7,3,9,3,3,3,6,5,5,4,3,4
sf,cvs,gpac,gpac/gpac/src/compositor/visual_manager_3d.c,clean,c,IssueTrue,167898,183,3742,5,8,8,9,8,5,8,10,10,10,10,10,10,8,9,10,9,9,9,9,9,6,10,10,10,7,6,6,10,10,10,10,10,10,10,10,10,10,10,9,8,8,9,8,8,9,10,9,10,9,9,9,6,9,6,6,7,8,8,7,8,8,8
sf,cvs,gpac,gpac/gpac/src/ietf/rtp.c,clean,c,IssueTrue,167898,183,3742,5,7,7,7,8,5,8,10,10,10,10,10,10,8,9,10,9,9,9,9,9,6,10,10,10,7,6,6,10,10,10,10,10,10,10,10,10,10,10,9,8,8,9,7,9,8,7,9,9,6,8,8,3,9,7,5,5,10,8,7,2,2,2
sf,cvs,gpac,gpac/gpac/src/isomedia/box_dump.c,clean,c,IssueTrue,167898,183,3742,5,10,4,10,10,1,10,10,10,10,10,10,10,8,9,10,9,9,9,9,9,6,10,10,10,7,6,6,10,10,10,10,10,10,10,10,10,10,10,9,8,8,9,6,10,10,8,10,10,5,10,10,6,9,3,3,3,6,5,5,2,2,2
sf,cvs,gpac,gpac/gpac/src/isomedia/isom_read.c,clean,c,IssueTrue,167898,183,3742,5,9,9,10,10,3,9,10,10,10,10,10,10,8,9,10,9,9,9,9,9,6,10,10,10,7,6,6,10,10,10,10,10,10,10,10,10,10,10,9,8,8,9,7,9,10,10,10,10,5,7,9,5,9,3,3,3,6,5,5,2,2,2
sf,cvs,gpac,gpac/gpac/src/isomedia/isom_write.c,clean,c,IssueTrue,167898,183,3742,5,10,9,10,10,3,10,10,10,10,10,10,10,8,9,10,9,9,9,9,9,6,10,10,10,7,6,6,10,10,10,10,10,10,10,10,10,10,10,9,8,8,9,8,8,10,9,10,10,8,8,10,6,10,3,3,3,6,5,5,2,2,2
sf,cvs,gpac,gpac/gpac/src/laser/lsr_dec.c,clean,c,IssueTrue,167898,183,3742,5,10,9,10,10,2,10,10,10,10,10,10,10,8,9,10,9,9,9,9,9,6,10,10,10,7,6,6,10,10,10,10,10,10,10,10,10,10,10,9,8,8,9,8,10,10,9,10,10,9,10,10,3,9,3,3,3,6,5,5,2,2,2
sf,cvs,gpac,gpac/gpac/src/media_tools/avilib.c,clean,c,IssueTrue,167898,183,3742,5,9,10,10,9,8,10,10,10,10,10,10,10,8,9,10,9,9,9,9,9,6,10,10,10,7,6,6,10,10,10,10,10,10,10,10,10,10,10,9,8,8,9,9,10,10,8,9,10,5,10,9,3,9,3,3,3,6,5,5,2,2,2
sf,cvs,gpac,gpac/gpac/src/media_tools/filestreamer.c,clean,c,IssueTrue,167898,183,3742,5,6,6,7,6,4,9,10,10,10,10,10,10,8,9,10,9,9,9,10,10,8,10,10,10,10,10,10,10,10,10,10,10,10,10,10,10,10,10,9,8,8,9,8,8,7,9,9,8,9,8,7,5,10,4,3,4,6,5,5,2,2,2
sf,cvs,gpac,gpac/gpac/src/media_tools/isom_tools.c,clean,c,IssueTrue,167898,183,3742,5,8,6,8,4,3,10,10,10,10,10,10,10,8,9,10,9,9,9,9,9,6,10,10,10,7,6,6,10,10,10,10,10,10,10,10,10,10,10,9,8,8,9,10,9,8,10,9,6,10,10,8,3,9,3,3,3,6,5,5,10,10,10
sf,cvs,gpac,gpac/gpac/src/media_tools/media_import.c,buggy,c,IssueTrue,167898,183,3742,5,10,9,10,9,2,10,10,10,10,10,10,10,8,9,10,9,9,9,9,9,6,10,10,10,7,6,6,10,10,10,10,10,10,10,10,10,10,10,9,8,8,9,10,10,10,10,10,10,10,10,10,5,9,3,3,3,6,5,5,2,2,2
sf,cvs,gpac,gpac/gpac/src/media_tools/mpegts.c,buggy,c,IssueTrue,167898,183,3742,5,9,8,9,8,4,10,10,10,10,10,10,10,8,9,10,9,9,9,9,9,6,10,10,10,7,6,6,10,10,10,10,10,10,10,10,10,10,10,9,8,8,9,9,9,10,8,8,9,9,9,9,10,10,7,9,9,9,9,9,10,10,10
sf,cvs,gpac,gpac/gpac/src/scene_manager/loader_bt.c,clean,c,IssueTrue,167898,183,3742,5,10,9,10,9,2,10,10,10,10,10,10,10,8,9,10,9,9,9,9,9,6,10,10,10,7,6,6,10,10,10,10,10,10,10,10,10,10,10,9,8,8,9,10,10,10,9,9,10,9,10,10,9,9,3,3,3,6,5,5,2,2,2
sf,cvs,gpac,gpac/gpac/src/scene_manager/loader_svg.c,buggy,c,IssueTrue,167898,183,3742,5,9,8,9,8,3,9,10,10,10,10,10,10,8,9,10,9,9,9,9,9,6,10,10,10,9,8,7,10,10,10,10,10,10,10,10,10,10,10,9,8,8,9,10,10,10,9,10,9,9,10,9,5,9,3,3,3,6,5,5,2,2,2
sf,cvs,gpac,gpac/gpac/src/scenegraph/base_scenegraph.c,buggy,c,IssueTrue,167898,183,3742,5,9,8,9,10,2,10,10,10,10,10,10,10,8,9,10,9,9,9,9,9,6,10,10,10,7,6,6,10,10,10,10,10,10,10,10,10,10,10,9,8,8,9,6,8,10,10,10,10,5,8,9,10,10,7,7,9,8,9,9,5,8,9
sf,cvs,gpac,gpac/gpac/src/scenegraph/commands.c,buggy,c,IssueTrue,167898,183,3742,5,7,6,8,5,3,10,10,10,10,10,10,10,8,9,10,9,9,9,9,9,6,10,10,10,7,6,6,10,10,10,10,10,10,10,10,10,10,10,9,8,8,9,10,10,9,10,10,8,10,10,7,9,9,9,10,10,10,10,10,5,8,8
sf,cvs,gpac,gpac/gpac/src/scenegraph/dom_events.c,buggy,c,IssueTrue,167898,183,3742,5,7,6,7,8,4,8,10,10,10,10,10,10,8,9,10,9,9,9,9,9,6,10,10,10,7,6,6,10,10,10,10,10,10,10,10,10,10,10,9,8,8,9,7,7,8,8,7,9,6,7,8,7,9,8,8,8,6,7,6,2,6,5
sf,cvs,gpac,gpac/gpac/src/scenegraph/dom_smjs.c,buggy,c,IssueTrue,167898,183,3742,5,1,3,1,3,10,3,10,10,10,10,10,10,8,9,10,9,9,9,9,9,6,10,10,10,7,6,6,10,10,10,10,10,10,10,10,10,10,10,9,8,8,9,3,3,2,3,2,2,3,3,2,10,10,3,3,3,6,5,5,2,2,2
sf,cvs,gpac,gpac/gpac/src/scenegraph/mpeg4_nodes.c,clean,c,IssueTrue,167898,183,3742,5,10,10,10,10,1,4,10,10,10,10,10,10,8,9,10,9,9,9,9,9,6,10,10,10,7,6,6,10,10,10,10,10,10,10,10,10,10,10,9,8,8,9,8,10,10,5,10,10,5,10,10,3,9,3,3,3,6,5,5,2,2,2
sf,cvs,gpac,gpac/gpac/src/scenegraph/mpeg4_valuator.c,clean,c,IssueTrue,167898,183,3742,5,6,4,6,7,3,9,10,10,10,10,10,10,8,9,10,9,9,9,9,9,6,10,10,10,7,6,6,10,10,10,10,10,10,10,10,10,10,10,9,8,8,9,6,9,7,7,10,7,6,10,7,7,9,10,10,10,10,10,10,10,9,10
sf,cvs,gpac,gpac/gpac/src/scenegraph/svg_attributes.c,buggy,c,IssueTrue,167898,183,3742,5,10,9,10,10,2,10,10,10,10,10,10,10,8,9,10,9,9,9,9,9,6,10,10,10,8,8,9,10,10,10,10,10,10,10,10,10,10,10,9,8,8,9,10,10,10,6,9,10,6,10,10,9,10,3,3,3,6,5,5,2,2,2
sf,cvs,gpac,gpac/gpac/src/scenegraph/svg_smjs.c,buggy,c,IssueTrue,167898,183,3742,5,1,2,1,2,1,3,10,10,10,10,10,10,8,9,10,9,9,9,9,9,6,10,10,10,7,6,6,10,10,10,10,10,10,10,10,10,10,10,9,8,8,9,3,3,2,3,2,2,3,2,2,10,10,3,3,3,6,5,5,2,2,2
sf,cvs,gpac,gpac/gpac/src/scenegraph/svg_types.c,buggy,c,IssueTrue,167898,183,3742,5,6,4,6,7,3,6,10,10,10,10,10,10,8,9,10,9,9,9,9,9,6,10,10,10,7,6,6,10,10,10,10,10,10,10,10,10,10,10,9,8,8,9,8,9,7,6,7,6,5,5,6,3,9,7,5,5,6,5,5,9,7,7
sf,cvs,gpac,gpac/gpac/src/scenegraph/vrml_proto.c,clean,c,IssueTrue,167898,183,3742,5,8,7,8,9,4,8,10,10,10,10,10,10,8,9,10,9,9,9,9,9,6,10,10,10,7,6,6,10,10,10,10,10,10,10,10,10,10,10,9,8,8,9,8,9,9,9,9,10,6,9,9,9,9,6,6,8,9,9,8,5,6,8
sf,cvs,gpac,gpac/gpac/src/scenegraph/vrml_route.c,clean,c,IssueTrue,167898,183,3742,5,5,5,5,7,6,8,10,10,10,10,10,10,8,9,10,9,9,9,9,9,6,10,10,10,7,6,6,10,10,10,10,10,10,10,10,10,10,10,9,8,8,9,6,7,6,9,9,9,5,6,6,7,9,5,6,6,9,8,8,4,6,7
sf,cvs,gpac,gpac/gpac/src/scenegraph/vrml_smjs.c,buggy,c,IssueTrue,167898,183,3742,5,1,2,1,3,10,4,10,10,10,10,10,10,8,9,10,9,9,9,9,9,6,10,10,10,7,6,6,10,10,10,10,10,10,10,10,10,10,10,9,8,8,9,4,3,2,7,4,3,4,3,2,10,10,3,3,3,6,5,5,2,2,2
sf,cvs,gpac,gpac/gpac/src/scenegraph/vrml_tools.c,clean,c,IssueTrue,167898,183,3742,5,9,6,9,10,2,8,10,10,10,10,10,10,8,9,10,9,9,9,9,9,6,10,10,10,7,6,6,10,10,10,10,10,10,10,10,10,10,10,9,8,8,9,7,9,10,9,10,10,5,8,9,9,9,9,9,10,6,7,6,7,8,9
sf,cvs,gpac,gpac/gpac/src/scenegraph/xml_ns.c,buggy,c,IssueTrue,167898,183,3742,5,8,5,7,7,2,8,10,10,10,10,10,10,8,9,10,9,9,9,9,9,6,10,10,10,9,8,8,10,10,10,10,10,10,10,10,10,10,10,9,8,8,9,8,9,8,10,10,9,6,7,7,3,9,3,3,3,6,5,5,4,3,4
sf,cvs,gpac,gpac/gpac/src/terminal/Attic/inline.c,buggy,c,IssueTrue,167898,183,3742,5,9,8,9,9,4,10,10,10,10,10,10,10,8,9,10,9,9,9,9,9,6,10,10,10,7,6,6,10,10,10,10,10,10,10,10,10,10,10,9,8,8,9,8,9,10,9,9,10,8,9,9,10,10,9,10,10,10,10,10,10,10,10
sf,cvs,gpac,gpac/gpac/src/terminal/channel.c,buggy,c,IssueTrue,167898,183,3742,5,8,8,8,7,5,10,10,10,10,10,10,10,8,9,10,9,9,9,9,9,6,10,10,10,7,6,6,10,10,10,10,10,10,10,10,10,10,10,9,8,8,9,9,10,9,10,10,10,9,10,9,6,9,8,7,8,6,5,5,4,6,5
sf,cvs,gpac,gpac/gpac/src/terminal/decoder.c,buggy,c,IssueTrue,167898,183,3742,5,7,8,8,7,6,9,10,10,10,10,10,10,8,9,10,9,9,9,9,9,6,10,10,10,7,6,6,10,10,10,10,10,10,10,10,10,10,10,9,8,8,9,9,9,8,10,9,9,9,9,8,8,9,6,6,7,7,8,7,10,10,10
sf,cvs,gpac,gpac/gpac/src/terminal/input_sensor.c,buggy,c,IssueTrue,167898,183,3742,5,7,6,8,7,3,9,10,10,10,10,10,10,8,9,10,9,9,9,9,9,6,10,10,10,7,6,6,10,10,10,10,10,10,10,10,10,10,10,9,8,8,9,8,10,8,8,9,8,8,9,8,3,9,5,4,4,8,7,6,2,2,2
sf,cvs,gpac,gpac/gpac/src/terminal/media_memory.c,clean,c,IssueTrue,167898,183,3742,5,5,5,6,7,6,6,10,10,10,10,10,10,8,9,10,9,9,9,9,9,6,10,10,10,7,6,6,10,10,10,10,10,10,10,10,10,10,10,9,8,8,9,6,6,6,8,8,8,7,6,7,3,9,9,7,7,8,7,6,9,7,7
sf,cvs,gpac,gpac/gpac/src/terminal/media_object.c,buggy,c,IssueTrue,167898,183,3742,5,7,6,7,8,4,9,10,10,10,10,10,10,8,9,10,9,9,9,9,9,6,10,10,10,7,6,6,10,10,10,10,10,10,10,10,10,10,10,9,8,8,9,8,8,8,8,8,9,6,6,8,7,10,4,5,5,6,5,5,4,5,7
sf,cvs,gpac,gpac/gpac/src/terminal/network_service.c,buggy,c,IssueTrue,167898,183,3742,5,7,7,8,8,4,9,10,10,10,10,10,10,8,9,10,9,9,9,9,9,6,10,10,10,7,6,6,10,10,10,10,10,10,10,10,10,10,10,9,8,8,9,7,8,9,9,9,9,7,8,8,5,9,3,3,3,6,5,5,7,6,7
sf,cvs,gpac,gpac/gpac/src/terminal/object_manager.c,buggy,c,IssueTrue,167898,183,3742,5,9,9,9,8,5,10,10,10,10,10,10,10,8,9,10,9,9,9,9,9,6,10,10,10,7,6,6,10,10,10,10,10,10,10,10,10,10,10,9,8,8,9,9,10,10,10,10,10,9,10,9,7,9,4,4,5,6,5,5,8,8,9
sf,cvs,gpac,gpac/gpac/src/terminal/svg_external.c,clean,c,IssueTrue,167898,183,3742,5,3,3,4,4,7,6,10,10,10,10,10,10,8,9,10,9,9,9,9,9,6,10,10,10,7,6,6,10,10,10,10,10,10,10,10,10,10,10,9,8,8,9,8,6,5,9,8,5,9,6,5,5,10,5,4,5,6,5,5,4,3,5
sf,cvs,gpac,gpac/gpac/src/terminal/term_node_init.c,clean,c,IssueTrue,167898,183,3742,5,4,4,5,4,7,6,10,10,10,10,10,10,8,9,10,9,9,9,9,9,6,10,10,10,7,6,6,10,10,10,10,10,10,10,10,10,10,10,9,8,8,9,9,9,6,6,6,5,5,5,4,5,9,4,3,4,6,5,5,8,7,7
sf,cvs,gpac,gpac/gpac/src/terminal/terminal.c,buggy,c,IssueTrue,167898,183,3742,5,8,7,9,9,3,8,10,10,10,10,10,10,8,9,10,9,9,9,9,9,6,10,10,10,7,6,6,10,10,10,10,10,10,10,10,10,10,10,9,8,8,9,7,8,9,9,9,10,7,10,9,9,9,8,8,10,9,9,9,8,9,10
sf,cvs,gpac,gpac/gpac/src/utils/color.c,clean,c,IssueTrue,167898,183,3742,5,7,4,8,8,2,10,10,10,10,10,10,10,8,9,10,9,9,9,9,9,6,10,10,10,7,6,6,10,10,10,10,10,10,10,10,10,10,10,9,8,8,9,8,10,9,7,9,9,3,5,6,3,9,4,3,4,6,5,5,2,2,2
sf,cvs,gpac,gpac/gpac/src/utils/downloader.c,buggy,c,IssueTrue,167898,183,3742,5,8,6,9,8,3,9,10,10,10,10,10,10,8,9,10,9,9,9,9,9,7,10,10,10,10,10,10,10,10,10,10,10,10,10,10,10,10,10,9,8,8,9,9,10,9,7,9,8,8,10,9,7,10,4,5,5,6,5,5,10,10,10
sf,cvs,gpac,gpac/gpac/src/utils/module.c,clean,c,IssueTrue,167898,183,3742,5,4,3,4,6,5,8,10,10,10,10,10,10,8,9,10,9,9,9,9,9,6,10,10,10,7,6,6,10,10,10,10,10,10,10,10,10,10,10,9,8,8,9,6,6,5,10,9,8,5,6,5,3,9,3,3,3,6,5,5,9,7,7
sf,cvs,gpac,gpac/gpac/src/utils/os_divers.c,buggy,c,IssueTrue,167898,183,3742,5,5,3,5,7,4,6,10,10,10,10,10,10,8,9,10,9,9,9,9,9,6,10,10,10,7,6,6,10,10,10,10,10,10,10,10,10,10,10,9,8,8,9,5,7,6,8,9,8,5,8,7,8,9,8,8,8,7,8,7,5,6,7
sf,cvs,gpac,gpac/gpac/src/utils/os_module.c,clean,c,IssueTrue,167898,183,3742,5,2,2,3,4,8,4,10,10,10,10,10,10,8,9,10,9,9,9,9,9,6,10,10,10,7,6,6,10,10,10,10,10,10,10,10,10,10,10,9,8,8,9,5,4,3,5,4,4,7,5,4,5,9,6,5,6,8,8,7,4,3,5
sf,cvs,gpac,gpac/gpac/src/utils/os_net.c,buggy,c,IssueTrue,167898,183,3742,5,7,6,7,8,4,6,10,10,10,10,10,10,8,9,10,9,9,9,10,9,7,10,10,10,9,8,7,10,10,10,10,10,10,10,10,10,10,10,9,8,8,9,7,7,8,7,8,8,6,8,8,6,9,8,7,8,10,9,9,10,10,10
sf,cvs,gpac,gpac/gpac/src/utils/url.c,buggy,c,IssueTrue,167898,183,3742,5,4,4,4,4,7,6,10,10,10,10,10,10,8,9,10,9,9,9,9,9,6,10,10,10,7,6,6,10,10,10,10,10,10,10,10,10,10,10,9,8,8,9,9,8,5,5,6,4,6,5,4,7,9,8,6,8,6,5,5,6,7,8
sf,cvs,gpac,gpac/gpac/src/utils/xml_parser.c,buggy,c,IssueTrue,167898,183,3742,5,9,5,9,9,2,10,10,10,10,10,10,10,8,9,10,9,9,9,9,9,7,10,10,10,10,10,10,10,10,10,10,10,10,10,10,10,10,10,9,8,8,9,8,9,9,7,7,9,7,8,9,3,10,7,6,6,6,5,5,2,2,2
