Host,Vcs,Project,File,Buggy,PL,IssueTracking,TLOC,TNF,TNC,TND,LOC,CL,NStmt,NFunc,RCC,MNL,avg_WMC,max_WMC,total_WMC,avg_DIT,max_DIT,total_DIT,avg_RFC,max_RFC,total_RFC,avg_NOC,max_NOC,total_NOC,avg_CBO,max_CBO,total_CBO,avg_DIT.1,max_DIT.1,total_DIT.1,avg_NIV,max_NIV,total_NIV,avg_NIM,max_NIM,total_NIM,avg_NOM,max_NOM,total_NOM,avg_NPBM,max_NPBM,total_NPBM,avg_NPM,max_NPM,total_NPM,avg_NPRM,max_NPRM,total_NPRM,avg_CC,max_CC,total_CC,avg_FANIN,max_FANIN,total_FANIN,avg_FANOUT,max_FANOUT,total_FANOUT,NRev,NFix,avg_AddedLOC,max_AddedLOC,total_AddedLOC,avg_DeletedLOC,max_DeletedLOC,total_DeletedLOC,avg_ModifiedLOC,max_ModifiedLOC,total_ModifiedLOC
gc,svn,growl-for-windows,/trunk/Growl Extras/Growl Outlook Add-In/GrowlExtras.OutlookAddIn/ThisApplication.cs,clean,cs,IssueTrue,17705,97,118,4,7,1,7,6,1,10,8,9,9,5,7,6,7,7,6,9,9,9,10,10,10,5,7,6,9,9,8,9,9,8,8,9,8,4,4,4,9,9,9,10,10,10,8,9,7,6,7,7,5,5,7,3,8,4,3,3,6,5,5,2,2,2
gc,svn,growl-for-windows,/trunk/Growl Extras/MiniVisor/MiniVisor/MiniVisorWindow.cs,clean,cs,IssueTrue,17705,97,118,4,6,1,6,8,1,7,8,8,8,10,10,10,10,10,9,9,9,9,10,8,8,10,10,10,10,9,9,10,10,9,9,9,9,6,5,5,10,10,10,10,10,10,5,6,7,5,6,8,3,4,7,3,8,7,5,5,4,4,4,2,2,2
gc,svn,growl-for-windows,/trunk/Growl/Growl.Connector/ConnectorBase.cs,buggy,cs,IssueTrue,17705,97,118,4,7,10,7,8,8,9,5,9,8,5,10,10,6,8,8,10,10,10,9,9,9,5,10,10,8,9,9,8,9,9,6,9,9,3,4,5,10,10,10,9,10,10,6,8,8,8,7,9,5,5,8,3,5,8,6,5,4,4,4,8,7,5
gc,svn,growl-for-windows,/trunk/Growl/Growl.Connector/Cryptography.cs,clean,cs,IssueTrue,17705,97,118,4,7,10,7,7,8,6,9,9,9,5,7,6,8,8,7,9,9,9,10,10,9,5,7,6,6,6,3,3,3,3,9,9,9,10,9,9,9,9,9,9,9,9,9,8,8,6,5,7,6,5,8,7,8,4,4,4,4,4,4,4,5,6
gc,svn,growl-for-windows,/trunk/Growl/Growl.Connector/ErrorDescription.cs,clean,cs,IssueTrue,17705,97,118,4,2,8,3,1,10,2,1,1,1,5,7,6,5,5,4,9,9,9,6,1,1,5,7,6,6,6,3,2,2,2,1,1,1,3,2,3,9,9,9,8,8,9,1,1,2,1,2,2,2,1,2,3,5,6,5,4,4,4,4,2,2,2
gc,svn,growl-for-windows,/trunk/Growl/Growl.Connector/GrowlConnector.cs,clean,cs,IssueTrue,17705,97,118,4,6,9,5,7,8,6,8,9,8,9,10,9,9,9,8,9,9,9,10,9,9,9,10,9,6,6,3,10,9,9,9,9,9,10,9,9,10,10,10,8,8,9,7,7,7,6,7,7,4,6,7,5,5,7,6,6,4,4,4,2,3,3
gc,svn,growl-for-windows,/trunk/Growl/Growl.Connector/PasswordManager.cs,clean,cs,IssueTrue,17705,97,118,4,3,7,3,5,9,6,5,6,5,5,7,6,6,6,5,9,9,9,9,5,4,5,7,6,6,6,4,8,7,7,7,7,6,9,8,8,9,9,9,8,8,9,6,6,5,7,5,6,4,4,5,5,8,4,4,4,4,4,4,5,6,5
gc,svn,growl-for-windows,/trunk/Growl/Growl.Connector/Properties/AssemblyInfo.cs,buggy,cs,IssueTrue,17705,97,118,4,1,2,1,1,9,2,1,1,1,1,2,2,4,4,3,9,9,9,6,1,1,1,2,2,6,6,3,2,2,2,1,1,1,3,2,3,9,9,9,8,8,9,1,1,2,1,2,2,2,1,2,10,8,3,3,2,4,4,4,3,3,7
gc,svn,growl-for-windows,/trunk/Growl/Growl.CoreLibrary/Detector.cs,clean,cs,IssueTrue,17705,97,118,4,4,8,4,5,9,7,3,4,4,5,7,6,5,5,4,9,9,9,9,5,4,5,7,6,8,8,7,3,3,3,2,2,2,4,4,4,9,9,9,8,8,9,6,7,5,5,4,5,4,6,5,3,5,6,5,4,4,4,4,2,2,2
gc,svn,growl-for-windows,/trunk/Growl/Growl.CoreLibrary/Properties/AssemblyInfo.cs,buggy,cs,IssueTrue,17705,97,118,4,1,2,1,1,9,2,1,1,1,1,2,2,4,4,3,9,9,9,6,1,1,1,2,2,6,6,3,2,2,2,1,1,1,3,2,3,9,9,9,8,8,9,1,1,2,1,2,2,2,1,2,10,8,3,3,2,4,4,4,3,3,7
gc,svn,growl-for-windows,/trunk/Growl/Growl.Daemon/AsyncSocket.cs,buggy,cs,IssueTrue,17705,97,118,4,10,10,10,10,8,10,9,10,10,5,7,10,8,10,10,9,9,9,9,10,10,5,7,10,9,10,10,10,10,10,10,10,10,9,10,10,10,10,10,10,10,10,7,9,10,7,8,10,5,6,10,3,5,3,3,2,4,4,4,2,2,2
gc,svn,growl-for-windows,/trunk/Growl/Growl.Daemon/GrowlServer.cs,clean,cs,IssueTrue,17705,97,118,4,9,10,8,10,8,10,10,10,10,5,7,6,9,9,8,9,9,9,10,10,10,5,7,6,10,10,10,10,10,10,10,10,10,8,8,7,10,10,10,10,10,10,7,8,9,7,9,10,5,9,10,5,5,9,8,8,4,4,4,8,8,7
gc,svn,growl-for-windows,/trunk/Growl/Growl.Daemon/MessageHandler.cs,buggy,cs,IssueTrue,17705,97,118,4,10,10,9,9,7,10,10,10,10,5,7,6,9,9,7,9,9,9,10,10,10,5,7,6,10,10,10,10,10,9,10,10,10,9,8,8,10,10,10,10,10,10,9,10,10,9,10,10,7,10,10,9,10,7,8,8,6,6,7,2,3,4
gc,svn,growl-for-windows,/trunk/Growl/Growl.Daemon/Properties/AssemblyInfo.cs,buggy,cs,IssueTrue,17705,97,118,4,1,2,1,1,9,2,1,1,1,1,2,2,4,4,3,9,9,9,6,1,1,1,2,2,6,6,3,2,2,2,1,1,1,3,2,3,9,9,9,8,8,9,1,1,2,1,2,2,2,1,2,10,8,3,3,2,4,4,4,3,3,7
gc,svn,growl-for-windows,/trunk/Growl/Growl.DisplayStyle/Display.cs,clean,cs,IssueTrue,17705,97,118,4,4,9,4,8,10,2,4,5,4,9,10,9,7,7,6,10,10,10,9,6,5,9,10,9,8,8,7,9,9,8,8,8,8,9,9,8,10,10,10,8,8,9,1,3,6,2,3,4,2,3,5,3,8,7,5,5,4,4,4,2,2,2
gc,svn,growl-for-windows,/trunk/Growl/Growl.DisplayStyle/NotificationLite.cs,buggy,cs,IssueTrue,17705,97,118,4,2,5,2,2,10,2,1,1,1,5,7,6,5,5,4,9,9,9,7,3,3,5,7,6,9,8,8,2,2,2,2,2,2,4,4,4,9,9,9,8,8,9,3,3,2,10,6,4,8,4,3,3,5,7,5,4,4,4,4,2,2,2
gc,svn,growl-for-windows,/trunk/Growl/Growl.DisplayStyle/NotificationWindow.cs,buggy,cs,IssueTrue,17705,97,118,4,7,10,6,9,9,6,9,9,9,9,10,9,9,9,8,10,10,10,10,9,9,9,10,9,10,9,9,10,10,10,10,10,10,8,7,7,10,10,10,10,10,10,6,6,8,6,7,9,3,3,7,3,5,7,6,5,7,6,6,6,6,4
gc,svn,growl-for-windows,/trunk/Growl/Growl.DisplayStyle/Properties/AssemblyInfo.cs,buggy,cs,IssueTrue,17705,97,118,4,1,2,1,1,9,2,1,1,1,1,2,2,4,4,3,9,9,9,6,1,1,1,2,2,6,6,3,2,2,2,1,1,1,3,2,3,9,9,9,8,8,9,1,1,2,1,2,2,2,1,2,10,8,3,3,2,4,4,4,3,3,7
gc,svn,growl-for-windows,/trunk/Growl/Growl.DisplayStyle/Utility.cs,clean,cs,IssueTrue,17705,97,118,4,5,2,5,4,2,10,5,6,6,5,7,6,5,6,4,9,9,9,10,9,9,5,7,6,6,6,3,2,2,2,5,6,5,7,6,6,9,9,9,9,9,9,8,7,5,10,7,6,9,8,6,3,8,9,7,6,4,4,4,2,2,2
gc,svn,growl-for-windows,/trunk/Growl/Growl.DisplayStyle/VisualDisplay.cs,clean,cs,IssueTrue,17705,97,118,4,4,9,4,6,9,6,7,7,7,10,10,10,9,9,7,9,9,9,10,7,7,10,10,10,7,7,5,9,9,8,8,8,8,8,7,7,10,10,10,10,10,10,6,5,6,3,5,6,2,3,4,3,8,7,5,5,4,4,4,2,2,2
gc,svn,growl-for-windows,/trunk/Growl/Growl.Displays.Plain/Properties/AssemblyInfo.cs,buggy,cs,IssueTrue,17705,97,118,4,1,2,1,1,9,2,1,1,1,1,2,2,4,4,3,9,9,9,6,1,1,1,2,2,6,6,3,2,2,2,1,1,1,3,2,3,9,9,9,8,8,9,1,1,2,1,2,2,2,1,2,9,8,3,3,2,4,4,4,3,3,6
gc,svn,growl-for-windows,/trunk/Growl/Growl.Displays.Smokestack/Properties/AssemblyInfo.cs,buggy,cs,IssueTrue,17705,97,118,4,1,2,1,1,9,2,1,1,1,1,2,2,4,4,3,9,9,9,6,1,1,1,2,2,6,6,3,2,2,2,1,1,1,3,2,3,9,9,9,8,8,9,1,1,2,1,2,2,2,1,2,10,8,3,3,2,4,4,4,3,3,7
gc,svn,growl-for-windows,/trunk/Growl/Growl.Displays.Standard/Properties/AssemblyInfo.cs,buggy,cs,IssueTrue,17705,97,118,4,1,2,1,1,9,2,1,1,1,1,2,2,4,4,3,9,9,9,6,1,1,1,2,2,6,6,3,2,2,2,1,1,1,3,2,3,9,9,9,8,8,9,1,1,2,1,2,2,2,1,2,10,8,3,3,2,4,4,4,3,3,7
gc,svn,growl-for-windows,/trunk/Growl/Growl.Displays.Standard/StandardWindow.cs,buggy,cs,IssueTrue,17705,97,118,4,6,1,6,7,1,6,6,7,6,10,10,10,9,9,8,9,9,9,10,10,9,10,10,10,9,8,8,9,9,8,8,8,8,7,6,6,10,10,9,10,10,10,5,5,6,3,5,6,4,3,6,5,5,4,4,3,8,8,7,4,6,4
gc,svn,growl-for-windows,/trunk/Growl/Growl.Displays.Toast/Properties/AssemblyInfo.cs,buggy,cs,IssueTrue,17705,97,118,4,1,2,1,1,9,2,1,1,1,1,2,2,4,4,3,9,9,9,6,1,1,1,2,2,6,6,3,2,2,2,1,1,1,3,2,3,9,9,9,8,8,9,1,1,2,1,2,2,2,1,2,10,8,3,3,2,4,4,4,3,3,7
gc,svn,growl-for-windows,/trunk/Growl/Growl.Displays.Visor/Properties/AssemblyInfo.cs,buggy,cs,IssueTrue,17705,97,118,4,1,2,1,1,9,2,1,1,1,1,2,2,4,4,3,9,9,9,6,1,1,1,2,2,6,6,3,2,2,2,1,1,1,3,2,3,9,9,9,8,8,9,1,1,2,1,2,2,2,1,2,10,8,3,3,2,4,4,4,3,3,7
gc,svn,growl-for-windows,/trunk/Growl/Growl.Displays.Visor/VisorWindow.cs,clean,cs,IssueTrue,17705,97,118,4,6,2,6,7,3,6,8,9,8,10,10,10,9,10,9,9,9,9,10,7,7,10,10,10,9,8,8,10,9,9,9,9,9,7,6,6,10,10,10,10,10,10,7,7,7,5,5,7,4,3,6,5,5,8,7,6,4,4,4,3,3,4
gc,svn,growl-for-windows,/trunk/Growl/Growl.UDPLegacy/Properties/AssemblyInfo.cs,buggy,cs,IssueTrue,17705,97,118,4,1,2,1,1,9,2,1,1,1,1,2,2,4,4,3,9,9,9,6,1,1,1,2,2,6,6,3,2,2,2,1,1,1,3,2,3,9,9,9,8,8,9,1,1,2,1,2,2,2,1,2,10,8,3,3,2,4,4,4,3,3,7
gc,svn,growl-for-windows,/trunk/Growl/Growl/MainForm.Designer.cs,buggy,cs,IssueTrue,17705,97,118,4,10,10,10,2,5,2,1,1,1,1,2,2,4,4,3,9,9,9,6,1,1,1,2,2,6,6,3,2,2,2,1,1,1,3,2,3,9,9,9,8,8,9,3,3,2,10,10,10,10,10,10,8,9,3,3,2,4,4,4,2,2,2
gc,svn,growl-for-windows,/trunk/Growl/Growl/MainForm.cs,buggy,cs,IssueTrue,17705,97,118,4,10,8,10,10,2,7,10,10,10,9,10,9,10,10,10,9,9,9,10,10,10,9,10,9,10,10,10,10,10,10,10,10,10,4,4,4,10,10,9,10,10,10,6,6,10,5,8,10,7,10,10,9,8,9,9,10,7,8,8,6,8,8
gc,svn,growl-for-windows,/trunk/Growl/Growl/Properties/AssemblyInfo.cs,buggy,cs,IssueTrue,17705,97,118,4,2,2,1,1,9,2,1,1,1,1,2,2,4,4,3,9,9,9,6,1,1,1,2,2,6,6,3,2,2,2,1,1,1,3,2,3,9,9,9,8,8,9,1,1,2,1,2,2,2,1,2,10,8,3,3,2,4,4,4,5,5,8
gc,svn,growl-for-windows,/trunk/Growl/Growl/Properties/Resources.Designer.cs,buggy,cs,IssueTrue,17705,97,118,4,10,10,9,10,7,2,1,1,1,5,7,6,5,5,4,9,9,9,9,5,5,5,7,6,6,6,3,3,3,3,2,2,2,3,2,3,9,9,9,8,8,9,3,4,10,5,10,10,4,3,10,6,5,10,10,10,9,8,8,10,10,10
gc,svn,growl-for-windows,/trunk/Growl/Growl/Properties/Settings.Designer.cs,buggy,cs,IssueTrue,17705,97,118,4,8,1,6,10,1,2,1,1,1,9,10,9,5,5,4,9,9,9,9,7,6,9,10,9,6,6,3,2,2,2,1,1,1,3,2,3,9,9,9,8,8,9,3,3,8,4,10,9,2,2,7,3,5,9,7,7,4,4,4,3,3,3
gc,svn,growl-for-windows,/trunk/Growl/Growl/UI/ForwardListView.cs,clean,cs,IssueTrue,17705,97,118,4,7,2,7,7,2,9,8,9,8,9,10,9,7,7,6,9,9,9,10,10,10,9,10,9,7,7,5,9,8,8,8,8,8,6,5,5,9,9,9,10,10,10,7,9,7,5,5,7,6,8,8,3,5,5,4,4,4,4,4,7,6,5
gc,svn,growl-for-windows,/trunk/Growl/Growl/UI/HistoryListView.cs,buggy,cs,IssueTrue,17705,97,118,4,8,4,8,9,2,10,9,10,9,9,10,9,8,8,7,9,9,9,10,10,10,9,10,9,9,9,8,10,9,9,9,9,9,7,6,6,9,9,9,10,10,10,8,9,9,8,8,9,6,7,9,5,8,6,5,5,4,4,4,8,8,7
gc,svn,growl-for-windows,/trunk/Growl/Growl/UI/ListControl.cs,buggy,cs,IssueTrue,17705,97,118,4,6,1,6,8,1,9,7,8,7,9,10,9,8,8,7,9,9,9,10,9,9,9,10,9,9,8,8,10,9,9,9,9,9,7,6,6,10,10,10,10,10,10,4,8,7,6,6,8,3,4,6,5,5,10,10,10,4,4,4,7,8,7
gc,svn,growl-for-windows,/trunk/Growl/Growl/UI/MissedNotificationsWindow.cs,clean,cs,IssueTrue,17705,97,118,4,4,1,4,5,1,6,1,1,1,1,2,2,4,4,3,9,9,9,6,1,1,1,2,2,6,6,3,2,2,2,1,1,1,3,2,3,9,9,9,8,8,9,3,3,4,3,4,4,5,6,6,3,5,5,4,4,9,8,7,5,5,4
gc,svn,growl-for-windows,/trunk/Growl/Growl/UI/PasswordManagerControl.cs,clean,cs,IssueTrue,17705,97,118,4,7,1,6,8,1,7,9,9,9,9,10,9,8,9,7,9,9,9,10,10,10,9,10,9,10,10,10,10,10,10,10,10,9,6,5,5,10,10,10,10,10,10,6,6,7,4,5,7,5,7,8,5,5,8,7,7,4,4,4,3,5,4
gc,svn,growl-for-windows,/trunk/Growl/Growl/_source/ActivityMonitor.cs,buggy,cs,IssueTrue,17705,97,118,4,7,2,6,9,2,9,5,9,9,6,10,10,6,8,8,9,9,9,9,8,8,6,10,10,8,9,9,8,9,9,7,9,9,6,8,8,10,10,10,9,10,10,6,6,8,5,6,8,3,5,8,5,5,7,6,6,6,6,6,5,6,5
gc,svn,growl-for-windows,/trunk/Growl/Growl/_source/ApplicationMain.cs,buggy,cs,IssueTrue,17705,97,118,4,5,1,5,5,2,10,5,8,7,6,10,10,5,6,7,9,9,9,9,9,9,6,10,10,6,7,5,2,3,3,4,6,6,3,4,4,9,9,9,10,10,10,8,9,6,6,5,6,7,9,7,8,9,9,9,9,5,6,6,7,8,8
gc,svn,growl-for-windows,/trunk/Growl/Growl/_source/AutoUpdate/Updater.cs,clean,cs,IssueTrue,17705,97,118,4,6,1,6,7,1,7,6,9,8,5,7,9,6,8,7,9,9,9,10,10,9,5,7,9,9,9,9,9,9,9,7,9,9,6,8,7,10,10,10,10,10,10,7,6,7,6,6,7,4,5,7,8,8,8,7,8,8,8,8,7,8,8
gc,svn,growl-for-windows,/trunk/Growl/Growl/_source/Controller.cs,buggy,cs,IssueTrue,17705,97,118,4,10,9,10,10,2,10,10,10,10,5,7,6,10,10,10,9,9,9,10,10,10,5,7,6,10,10,10,10,10,10,10,10,10,10,10,10,10,10,10,10,10,10,7,9,10,7,8,10,5,9,10,10,10,3,3,2,4,4,4,2,2,2
gc,svn,growl-for-windows,/trunk/Growl/Growl/_source/DisplayLoader.cs,buggy,cs,IssueTrue,17705,97,118,4,4,3,4,5,5,9,4,5,4,5,7,6,5,5,4,9,9,9,9,7,7,5,7,6,7,7,5,3,3,3,3,4,3,4,4,4,9,9,9,9,9,9,6,6,5,4,4,5,5,5,5,3,5,3,3,2,4,4,4,5,5,4
gc,svn,growl-for-windows,/trunk/Growl/Growl/_source/DisplayStyleManager.cs,buggy,cs,IssueTrue,17705,97,118,4,5,1,5,6,1,6,7,8,7,5,7,6,6,7,5,9,9,9,9,7,6,5,7,6,6,6,3,3,3,3,7,8,7,8,7,7,9,9,9,9,9,9,7,6,6,6,5,6,4,7,6,5,5,9,8,7,9,8,8,10,10,9
gc,svn,growl-for-windows,/trunk/Growl/Growl/_source/Installation/GrowlInstaller.cs,clean,cs,IssueTrue,17705,97,118,4,4,1,3,3,2,10,3,4,3,9,10,9,5,6,4,9,9,9,7,3,3,9,10,9,6,6,3,6,5,5,4,5,4,7,6,6,9,9,9,8,8,9,5,4,3,2,2,2,3,3,3,3,5,9,7,6,8,7,6,10,9,7
gc,svn,growl-for-windows,/trunk/Growl/Growl/_source/Installation/InstallDisplay.Designer.cs,buggy,cs,IssueTrue,17705,97,118,4,5,4,6,2,5,2,8,9,8,9,10,9,7,7,6,9,9,9,10,10,10,9,10,9,10,10,9,9,9,9,8,9,8,6,5,5,10,10,9,10,10,10,3,3,2,10,7,4,9,5,3,3,5,3,3,2,9,8,7,2,2,2
gc,svn,growl-for-windows,/trunk/Growl/Growl/_source/Installation/InstallDisplay.cs,buggy,cs,IssueTrue,17705,97,118,4,7,2,7,7,2,10,2,3,3,5,7,6,5,6,4,9,9,9,7,3,3,5,7,6,9,8,8,5,5,4,4,5,4,6,5,5,9,9,9,9,9,9,7,8,7,7,9,8,7,10,8,6,5,9,8,8,7,7,7,6,8,7
gc,svn,growl-for-windows,/trunk/Growl/Growl/_source/Installation/ProtocolHandler.cs,buggy,cs,IssueTrue,17705,97,118,4,3,1,2,3,2,7,3,4,4,5,7,6,5,5,4,9,9,9,9,6,5,5,7,6,6,6,4,5,5,4,3,4,3,6,5,5,9,9,9,8,8,9,8,6,3,6,4,3,5,3,3,5,5,4,4,4,4,4,4,5,6,5
gc,svn,growl-for-windows,/trunk/Growl/Growl/_source/PastNotification.cs,clean,cs,IssueTrue,17705,97,118,4,5,1,5,6,1,9,4,6,6,9,10,10,5,6,6,9,9,9,9,8,8,9,10,10,7,8,7,5,6,7,4,6,6,4,5,6,9,9,9,9,9,9,6,6,6,6,5,7,4,5,6,3,5,8,6,6,8,6,6,9,8,7
gc,svn,growl-for-windows,/trunk/Growl/Growl/_source/Program.cs,buggy,cs,IssueTrue,17705,97,118,4,9,8,8,10,3,7,10,10,10,9,10,9,10,10,9,9,9,9,10,10,10,9,10,9,10,10,10,10,10,10,10,10,10,8,7,7,10,10,9,10,10,10,5,6,9,6,9,9,5,8,10,9,5,9,9,9,5,6,6,7,9,8
gc,svn,growl-for-windows,/trunk/Growl/Growl/_source/SingleInstanceApplication.cs,buggy,cs,IssueTrue,17705,97,118,4,5,1,5,7,1,7,7,8,7,9,10,9,8,8,7,9,9,9,10,8,8,9,10,9,9,8,8,9,9,9,9,9,9,9,8,8,10,10,9,10,10,10,5,6,6,5,5,6,3,4,5,3,5,4,3,3,4,4,4,8,7,6
gc,svn,growl-for-windows,/trunk/Growl/Growl/_source/Subscription.cs,buggy,cs,IssueTrue,17705,97,118,4,6,2,6,8,2,7,8,8,8,9,10,9,8,8,7,9,9,9,10,8,8,9,10,9,9,8,8,10,9,9,9,9,9,7,6,6,10,10,10,10,10,10,5,6,7,5,7,8,4,5,8,3,5,3,3,2,6,5,5,5,5,4
gc,svn,growl-for-windows,/trunk/Growl/Growl/_source/Utility.cs,buggy,cs,IssueTrue,17705,97,118,4,4,2,4,5,4,6,3,4,3,5,7,6,5,6,4,9,9,9,9,5,4,5,7,6,6,6,3,2,2,2,4,5,4,6,5,5,9,9,9,8,8,9,4,5,4,5,6,6,5,6,6,3,5,9,7,7,4,4,4,2,2,2
gc,svn,growl-for-windows,/trunk/Growl/Test App/Form1.cs,buggy,cs,IssueTrue,17705,97,118,4,7,5,7,8,3,4,7,8,8,9,10,9,8,8,7,9,9,9,10,10,10,9,10,9,8,7,6,10,10,9,9,9,9,4,4,4,9,9,9,10,10,10,4,5,6,3,5,6,6,7,8,6,5,8,7,7,4,4,4,2,3,3
