Host,Vcs,Project,File,Buggy,PL,IssueTracking,TLOC,TNF,TNC,TND,LOC,CL,NStmt,NFunc,RCC,MNL,avg_WMC,max_WMC,total_WMC,avg_DIT,max_DIT,total_DIT,avg_RFC,max_RFC,total_RFC,avg_NOC,max_NOC,total_NOC,avg_CBO,max_CBO,total_CBO,avg_DIT.1,max_DIT.1,total_DIT.1,avg_NIV,max_NIV,total_NIV,avg_NIM,max_NIM,total_NIM,avg_NOM,max_NOM,total_NOM,avg_NPBM,max_NPBM,total_NPBM,avg_NPM,max_NPM,total_NPM,avg_NPRM,max_NPRM,total_NPRM,avg_CC,max_CC,total_CC,avg_FANIN,max_FANIN,total_FANIN,avg_FANOUT,max_FANOUT,total_FANOUT,NRev,NFix,avg_AddedLOC,max_AddedLOC,total_AddedLOC,avg_DeletedLOC,max_DeletedLOC,total_DeletedLOC,avg_ModifiedLOC,max_ModifiedLOC,total_ModifiedLOC
sf,cvs,hatari,hatari/hatari/config-default.h,clean,c,IssueTrue,26868,83,3703,9,1,2,1,1,1,3,7,7,7,8,9,10,8,9,5,9,9,9,9,9,6,8,9,10,6,6,6,9,6,6,9,6,6,9,6,6,9,9,9,8,8,9,3,3,2,3,2,2,2,2,2,6,5,7,5,6,4,4,4,2,2,2
sf,cvs,hatari,hatari/hatari/src/bios.c,clean,c,IssueTrue,26868,83,3703,9,4,5,4,5,5,6,7,7,7,8,9,10,8,9,5,9,9,9,9,9,6,8,9,10,6,6,6,9,6,6,9,6,6,9,6,6,9,9,9,8,8,9,6,4,4,6,4,4,4,4,4,5,5,3,3,3,5,5,5,6,6,6
sf,cvs,hatari,hatari/hatari/src/blitter.c,buggy,c,IssueTrue,26868,83,3703,9,6,8,6,9,6,9,7,7,7,8,9,10,8,9,5,9,9,9,9,9,6,8,9,10,6,6,6,9,6,6,9,6,6,9,6,6,9,9,9,8,8,9,5,8,6,4,8,6,4,5,6,9,10,9,10,10,10,10,10,8,9,10
sf,cvs,hatari,hatari/hatari/src/change.c,buggy,c,IssueTrue,26868,83,3703,9,5,6,4,4,5,6,7,7,7,8,9,10,8,9,5,9,9,9,9,9,6,8,9,10,6,6,6,9,6,6,9,6,6,9,6,6,9,9,9,8,8,9,9,8,5,10,9,6,10,7,5,9,10,9,10,10,10,10,10,9,9,10
sf,cvs,hatari,hatari/hatari/src/configuration.c,buggy,c,IssueTrue,26868,83,3703,9,7,6,6,5,3,5,7,7,7,8,9,10,8,9,5,9,9,9,9,9,6,8,9,10,6,6,6,9,6,6,9,6,6,9,6,6,9,9,9,8,8,9,6,5,4,10,9,8,10,10,8,10,10,5,6,8,5,8,7,6,7,9
sf,cvs,hatari,hatari/hatari/src/control.c,buggy,c,IssueTrue,26868,83,3703,9,1,1,1,1,10,3,7,7,7,8,9,10,8,9,5,9,9,9,9,9,6,8,9,10,6,6,6,9,6,6,9,6,6,9,6,6,9,9,9,8,8,9,3,3,2,3,2,2,2,2,2,4,5,5,4,4,4,4,4,5,4,4
sf,cvs,hatari,hatari/hatari/src/debugui.c,clean,c,IssueTrue,26868,83,3703,9,7,8,7,7,4,8,7,7,7,8,9,10,8,9,5,9,9,9,9,9,6,8,9,10,6,6,6,9,6,6,9,6,6,9,6,6,9,9,9,8,8,9,8,8,7,4,4,5,7,6,7,9,5,7,8,8,9,9,9,8,9,9
sf,cvs,hatari,hatari/hatari/src/dialog.c,buggy,c,IssueTrue,26868,83,3703,9,1,2,1,2,8,4,7,7,7,8,9,10,8,9,5,9,9,9,9,9,6,8,9,10,6,6,6,9,6,6,9,6,6,9,6,6,9,9,9,8,8,9,6,4,3,7,4,3,10,5,3,7,10,5,5,6,10,10,10,6,6,7
sf,cvs,hatari,hatari/hatari/src/dmaSnd.c,buggy,c,IssueTrue,26868,83,3703,9,5,8,4,8,7,6,7,7,7,8,9,10,8,9,5,9,9,9,9,9,6,8,9,10,6,6,6,9,6,6,9,6,6,9,6,6,9,9,9,8,8,9,4,5,5,4,6,5,4,4,6,3,5,3,3,3,4,4,4,6,5,4
sf,cvs,hatari,hatari/hatari/src/falcon/dsp_cpu.c,buggy,c,IssueTrue,26868,83,3703,9,10,10,10,10,3,8,7,7,7,8,9,10,8,9,5,9,9,9,9,9,6,8,9,10,6,6,6,9,6,6,9,6,6,9,6,6,9,9,9,8,8,9,6,7,10,4,8,9,4,5,10,2,8,3,3,3,4,4,4,2,2,2
sf,cvs,hatari,hatari/hatari/src/falcon/nvram.c,clean,c,IssueTrue,26868,83,3703,9,4,6,3,6,6,5,7,7,7,8,9,10,8,9,5,9,9,9,9,9,6,8,9,10,6,6,6,9,6,6,9,6,6,9,6,6,9,9,9,8,8,9,5,6,4,4,4,4,4,4,5,7,5,3,3,3,4,4,4,6,6,6
sf,cvs,hatari,hatari/hatari/src/fdc.c,buggy,c,IssueTrue,26868,83,3703,9,8,10,8,10,8,6,7,7,7,8,9,10,8,9,5,9,9,9,9,9,6,8,9,10,6,6,6,9,6,6,9,6,6,9,6,6,9,9,9,8,8,9,5,6,8,5,8,9,5,6,9,9,9,7,8,8,6,7,7,9,9,9
sf,cvs,hatari,hatari/hatari/src/file.c,clean,c,IssueTrue,26868,83,3703,9,7,9,6,9,6,8,7,7,7,8,9,10,8,9,5,9,9,9,9,9,6,8,9,10,6,6,6,9,6,6,9,6,6,9,6,6,9,9,9,8,8,9,6,6,7,6,6,7,6,7,8,7,10,9,9,8,5,5,5,6,7,6
sf,cvs,hatari,hatari/hatari/src/floppy.c,buggy,c,IssueTrue,26868,83,3703,9,6,9,6,8,6,8,7,7,7,8,9,10,8,9,5,9,9,9,9,9,6,8,9,10,6,6,6,9,6,6,9,6,6,9,6,6,9,9,9,8,8,9,7,5,6,7,6,7,8,7,8,7,8,8,9,9,9,9,9,9,9,9
sf,cvs,hatari,hatari/hatari/src/gemdos.c,buggy,c,IssueTrue,26868,83,3703,9,9,10,9,10,6,8,7,7,7,8,9,10,8,9,5,9,9,9,9,9,6,8,9,10,6,6,6,9,6,6,9,6,6,9,6,6,9,9,9,8,8,9,7,9,9,6,7,9,7,7,10,9,5,7,7,8,7,8,8,8,9,9
sf,cvs,hatari,hatari/hatari/src/gui-sdl/dlgDisk.c,clean,c,IssueTrue,26868,83,3703,9,4,3,4,3,3,6,7,7,7,8,9,10,8,9,5,9,9,9,9,9,6,8,9,10,6,6,6,9,6,6,9,6,6,9,6,6,9,9,9,8,8,9,9,8,4,9,7,4,10,6,5,7,10,3,3,3,5,6,6,9,8,9
sf,cvs,hatari,hatari/hatari/src/gui-sdl/dlgFileSelect.c,buggy,c,IssueTrue,26868,83,3703,9,7,8,7,6,4,10,7,7,7,8,9,10,8,9,5,9,9,9,9,9,6,8,9,10,6,6,6,9,6,6,9,6,6,9,6,6,9,9,9,8,8,9,8,9,6,6,7,6,9,9,7,5,9,3,3,3,4,4,4,7,6,6
sf,cvs,hatari,hatari/hatari/src/gui-sdl/dlgKeyboard.c,clean,c,IssueTrue,26868,83,3703,9,2,1,2,2,5,5,7,7,7,8,9,10,8,9,5,9,9,9,9,9,6,8,9,10,6,6,6,9,6,6,9,6,6,9,6,6,9,9,9,8,8,9,7,4,3,8,4,3,9,4,3,3,8,3,3,3,4,4,4,8,6,5
sf,cvs,hatari,hatari/hatari/src/gui-sdl/dlgNewDisk.c,clean,c,IssueTrue,26868,83,3703,9,3,1,2,2,4,9,7,7,7,8,9,10,8,9,5,9,9,9,9,9,6,8,9,10,6,6,6,9,6,6,9,6,6,9,6,6,9,9,9,8,8,9,9,6,3,8,5,3,10,5,3,3,8,3,3,3,4,4,4,6,5,4
sf,cvs,hatari,hatari/hatari/src/gui-sdl/dlgScreen.c,clean,c,IssueTrue,26868,83,3703,9,4,3,4,3,3,6,7,7,7,8,9,10,8,9,5,9,9,9,9,9,6,8,9,10,6,6,6,9,6,6,9,6,6,9,6,6,9,9,9,8,8,9,10,8,5,9,8,4,10,7,4,6,8,3,3,3,4,4,4,9,9,8
sf,cvs,hatari,hatari/hatari/src/gui-sdl/sdlgui.c,clean,c,IssueTrue,26868,83,3703,9,7,8,8,8,4,10,7,7,7,8,9,10,8,9,5,9,9,9,9,9,6,8,9,10,6,6,6,9,6,6,9,6,6,9,6,6,9,9,9,8,8,9,7,9,7,9,9,8,7,8,8,6,5,8,7,7,4,4,4,10,10,10
sf,cvs,hatari,hatari/hatari/src/hdc.c,clean,c,IssueTrue,26868,83,3703,9,6,8,6,7,6,6,7,7,7,8,9,10,8,9,5,9,9,9,9,9,6,8,9,10,6,6,6,9,6,6,9,6,6,9,6,6,9,9,9,8,8,9,6,6,5,5,4,5,9,5,8,3,5,3,3,3,4,4,4,6,5,5
sf,cvs,hatari,hatari/hatari/src/ikbd.c,buggy,c,IssueTrue,26868,83,3703,9,8,10,8,10,8,8,7,7,7,8,9,10,8,9,5,9,9,9,9,9,6,8,9,10,6,6,6,9,6,6,9,6,6,9,6,6,9,9,9,8,8,9,5,7,8,4,6,8,6,9,9,9,5,9,9,9,9,9,9,8,9,9
sf,cvs,hatari,hatari/hatari/src/includes/blitter.h,clean,c,IssueTrue,26868,83,3703,9,1,1,2,1,5,3,7,7,7,8,9,10,8,9,5,9,9,9,9,9,6,8,9,10,6,6,6,9,6,6,9,6,6,9,6,6,9,9,9,8,8,9,3,3,2,3,2,2,2,2,2,5,9,4,4,4,7,6,6,6,6,6
sf,cvs,hatari,hatari/hatari/src/includes/configuration.h,clean,c,IssueTrue,26868,83,3703,9,5,3,4,1,3,3,7,7,7,8,9,10,8,9,5,9,9,9,9,9,6,8,9,10,6,6,6,9,6,6,9,6,6,9,6,6,9,9,9,8,8,9,3,3,2,3,2,2,2,2,2,9,10,4,5,5,6,7,7,6,8,8
sf,cvs,hatari,hatari/hatari/src/includes/control.h,buggy,c,IssueTrue,26868,83,3703,9,1,1,1,1,1,3,7,7,7,8,9,10,8,9,5,9,9,9,9,9,6,8,9,10,6,6,6,9,6,6,9,6,6,9,6,6,9,9,9,8,8,9,3,3,2,3,2,2,2,2,2,4,9,3,3,3,4,4,4,3,3,3
sf,cvs,hatari,hatari/hatari/src/includes/fdc.h,clean,c,IssueTrue,26868,83,3703,9,3,2,2,1,4,3,7,7,7,8,9,10,8,9,5,9,9,9,9,9,6,8,9,10,6,6,6,9,6,6,9,6,6,9,6,6,9,9,9,8,8,9,3,3,2,3,2,2,2,2,2,5,5,3,3,3,4,4,4,6,5,5
sf,cvs,hatari,hatari/hatari/src/includes/file.h,clean,c,IssueTrue,26868,83,3703,9,1,1,2,1,5,3,7,7,7,8,9,10,8,9,5,9,9,9,9,9,6,8,9,10,6,6,6,9,6,6,9,6,6,9,6,6,9,9,9,8,8,9,3,3,2,3,2,2,2,2,2,6,10,4,4,4,4,4,4,6,6,5
sf,cvs,hatari,hatari/hatari/src/includes/floppy.h,clean,c,IssueTrue,26868,83,3703,9,1,1,2,1,5,3,7,7,7,8,9,10,8,9,5,9,9,9,9,9,6,8,9,10,6,6,6,9,6,6,9,6,6,9,6,6,9,9,9,8,8,9,3,3,2,3,2,2,2,2,2,5,8,4,4,4,4,4,4,6,6,6
sf,cvs,hatari,hatari/hatari/src/includes/ikbd.h,buggy,c,IssueTrue,26868,83,3703,9,2,3,2,1,7,3,7,7,7,8,9,10,8,9,5,9,9,9,9,9,6,8,9,10,6,6,6,9,6,6,9,6,6,9,6,6,9,9,9,8,8,9,3,3,2,3,2,2,2,2,2,5,5,3,3,3,10,9,8,5,5,5
sf,cvs,hatari,hatari/hatari/src/includes/int.h,buggy,c,IssueTrue,26868,83,3703,9,2,1,1,1,7,3,7,7,7,8,9,10,8,9,5,9,9,9,9,9,6,8,9,10,6,6,6,9,6,6,9,6,6,9,6,6,9,9,9,8,8,9,3,3,2,3,2,2,2,2,2,6,5,4,3,4,4,4,4,2,4,4
sf,cvs,hatari,hatari/hatari/src/includes/log.h,clean,c,IssueTrue,26868,83,3703,9,1,4,1,1,9,3,7,7,7,8,9,10,8,9,5,9,9,9,9,9,6,8,9,10,6,6,6,9,6,6,9,6,6,9,6,6,9,9,9,8,8,9,3,3,2,3,2,2,2,2,2,10,10,6,6,8,7,7,8,6,6,8
sf,cvs,hatari,hatari/hatari/src/includes/m68000.h,clean,c,IssueTrue,26868,83,3703,9,2,5,2,4,7,4,7,7,7,8,9,10,8,9,5,9,9,9,9,9,6,8,9,10,6,6,6,9,6,6,9,6,6,9,6,6,9,9,9,8,8,9,4,4,3,6,5,4,4,3,3,9,5,8,9,9,5,6,6,3,5,6
sf,cvs,hatari,hatari/hatari/src/includes/main.h,buggy,c,IssueTrue,26868,83,3703,9,1,1,1,1,8,3,7,7,7,8,9,10,8,9,5,9,9,9,9,9,6,8,9,10,6,6,6,9,6,6,9,6,6,9,6,6,9,9,9,8,8,9,3,3,2,3,2,2,2,2,2,9,10,3,3,3,9,10,9,5,6,7
sf,cvs,hatari,hatari/hatari/src/includes/screen.h,clean,c,IssueTrue,26868,83,3703,9,2,4,2,1,8,3,7,7,7,8,9,10,8,9,5,9,9,9,9,9,6,8,9,10,6,6,6,9,6,6,9,6,6,9,6,6,9,9,9,8,8,9,3,3,2,3,2,2,2,2,2,8,5,4,5,6,5,6,6,5,5,7
sf,cvs,hatari,hatari/hatari/src/includes/sdlgui.h,clean,c,IssueTrue,26868,83,3703,9,1,2,1,1,8,3,7,7,7,8,9,10,8,9,5,9,9,9,9,9,6,8,9,10,6,6,6,9,6,6,9,6,6,9,6,6,9,9,9,8,8,9,3,3,2,3,2,2,2,2,2,5,9,3,3,3,4,4,4,3,4,4
sf,cvs,hatari,hatari/hatari/src/includes/str.h,clean,c,IssueTrue,26868,83,3703,9,1,1,1,1,9,3,7,7,7,8,9,10,8,9,5,9,9,9,9,9,6,8,9,10,6,6,6,9,6,6,9,6,6,9,6,6,9,9,9,8,8,9,3,3,2,3,2,2,2,2,2,4,5,5,4,4,4,4,4,2,2,2
sf,cvs,hatari,hatari/hatari/src/includes/video.h,buggy,c,IssueTrue,26868,83,3703,9,2,6,3,1,9,3,7,7,7,8,9,10,8,9,5,9,9,9,9,9,6,8,9,10,6,6,6,9,6,6,9,6,6,9,6,6,9,9,9,8,8,9,3,3,2,3,2,2,2,2,2,9,10,6,8,8,5,6,6,5,7,8
sf,cvs,hatari,hatari/hatari/src/int.c,buggy,c,IssueTrue,26868,83,3703,9,4,8,4,7,8,6,7,7,7,8,9,10,8,9,5,9,9,9,9,9,6,8,9,10,6,6,6,9,6,6,9,6,6,9,6,6,9,9,9,8,8,9,4,4,5,8,7,7,5,4,6,8,9,5,5,6,5,5,5,5,5,6
sf,cvs,hatari,hatari/hatari/src/ioMemTabFalcon.c,clean,c,IssueTrue,26868,83,3703,9,4,8,2,4,7,4,7,7,7,8,9,10,8,9,5,9,9,9,9,9,6,8,9,10,6,6,6,9,6,6,9,6,6,9,6,6,9,9,9,8,8,9,4,4,3,3,2,2,2,3,2,6,5,3,3,3,4,4,4,6,5,5
sf,cvs,hatari,hatari/hatari/src/ioMemTabST.c,clean,c,IssueTrue,26868,83,3703,9,3,6,1,1,7,3,7,7,7,8,9,10,8,9,5,9,9,9,9,9,6,8,9,10,6,6,6,9,6,6,9,6,6,9,6,6,9,9,9,8,8,9,3,3,2,3,2,2,2,2,2,6,5,3,3,3,4,4,4,6,5,5
sf,cvs,hatari,hatari/hatari/src/ioMemTabSTE.c,buggy,c,IssueTrue,26868,83,3703,9,4,7,1,1,7,3,7,7,7,8,9,10,8,9,5,9,9,9,9,9,6,8,9,10,6,6,6,9,6,6,9,6,6,9,6,6,9,9,9,8,8,9,3,3,2,3,2,2,2,2,2,6,5,3,3,3,4,4,4,6,5,5
sf,cvs,hatari,hatari/hatari/src/ioMemTabTT.c,clean,c,IssueTrue,26868,83,3703,9,4,7,1,1,7,3,7,7,7,8,9,10,8,9,5,9,9,9,9,9,6,8,9,10,6,6,6,9,6,6,9,6,6,9,6,6,9,9,9,8,8,9,3,3,2,3,2,2,2,2,2,4,5,3,3,3,4,4,4,6,5,5
sf,cvs,hatari,hatari/hatari/src/joy.c,buggy,c,IssueTrue,26868,83,3703,9,6,7,5,7,5,6,7,7,7,8,9,10,8,9,5,9,9,9,9,9,6,8,9,10,6,6,6,9,6,6,9,6,6,9,6,6,9,9,9,8,8,9,8,7,7,7,7,6,5,5,6,3,5,3,3,3,4,4,4,7,6,5
sf,cvs,hatari,hatari/hatari/src/keymap.c,buggy,c,IssueTrue,26868,83,3703,9,7,10,7,6,8,8,7,7,7,8,9,10,8,9,5,9,9,9,9,9,6,8,9,10,6,6,6,9,6,6,9,6,6,9,6,6,9,9,9,8,8,9,9,9,8,7,6,6,6,5,6,9,5,6,8,7,6,7,7,5,6,7
sf,cvs,hatari,hatari/hatari/src/log.c,clean,c,IssueTrue,26868,83,3703,9,4,5,4,5,5,6,7,7,7,8,9,10,8,9,5,9,9,9,9,9,6,8,9,10,6,6,6,9,6,6,9,6,6,9,6,6,9,9,9,8,8,9,6,6,4,7,8,5,7,4,5,10,10,9,10,10,5,7,7,7,7,8
sf,cvs,hatari,hatari/hatari/src/m68000.c,clean,c,IssueTrue,26868,83,3703,9,5,8,4,6,7,5,7,7,7,8,9,10,8,9,5,9,9,9,9,9,6,8,9,10,6,6,6,9,6,6,9,6,6,9,6,6,9,9,9,8,8,9,5,5,4,10,10,7,5,4,5,10,5,8,8,9,7,9,9,5,7,8
sf,cvs,hatari,hatari/hatari/src/main.c,buggy,c,IssueTrue,26868,83,3703,9,5,8,5,7,6,8,7,7,7,8,9,10,8,9,5,9,9,9,9,9,6,8,9,10,6,6,6,9,6,6,9,6,6,9,6,6,9,9,9,8,8,9,6,7,5,6,5,6,8,8,7,10,10,8,10,10,9,10,10,6,7,9
sf,cvs,hatari,hatari/hatari/src/memorySnapShot.c,clean,c,IssueTrue,26868,83,3703,9,4,6,4,7,7,5,7,7,7,8,9,10,8,9,5,9,9,9,9,9,6,8,9,10,6,6,6,9,6,6,9,6,6,9,6,6,9,9,9,8,8,9,4,4,4,5,8,5,6,7,6,9,9,6,8,7,5,5,5,5,6,7
sf,cvs,hatari,hatari/hatari/src/mfp.c,buggy,c,IssueTrue,26868,83,3703,9,8,10,8,10,8,9,7,7,7,8,9,10,8,9,5,9,9,9,9,9,6,8,9,10,6,6,6,9,6,6,9,6,6,9,6,6,9,9,9,8,8,9,4,6,8,5,9,9,4,8,9,10,10,8,8,9,5,7,7,6,7,8
sf,cvs,hatari,hatari/hatari/src/options.c,clean,c,IssueTrue,26868,83,3703,9,9,7,8,6,2,9,7,7,7,8,9,10,8,9,5,9,9,9,9,9,6,8,9,10,6,6,6,9,6,6,9,6,6,9,6,6,9,9,9,8,8,9,10,10,8,9,10,7,9,10,7,10,10,9,10,10,9,10,10,9,10,10
sf,cvs,hatari,hatari/hatari/src/printer.c,clean,c,IssueTrue,26868,83,3703,9,4,7,3,7,7,6,7,7,7,8,9,10,8,9,5,9,9,9,9,9,6,8,9,10,6,6,6,9,6,6,9,6,6,9,6,6,9,9,9,8,8,9,5,5,4,4,5,5,4,4,5,5,5,6,5,5,4,4,4,8,6,7
sf,cvs,hatari,hatari/hatari/src/psg.c,buggy,c,IssueTrue,26868,83,3703,9,4,8,3,5,8,6,7,7,7,8,9,10,8,9,5,9,9,9,9,9,6,8,9,10,6,6,6,9,6,6,9,6,6,9,6,6,9,9,9,8,8,9,6,7,4,4,5,4,5,5,4,9,5,5,5,6,6,6,7,6,6,7
sf,cvs,hatari,hatari/hatari/src/screen.c,buggy,c,IssueTrue,26868,83,3703,9,8,10,7,9,6,8,7,7,7,8,9,10,8,9,5,9,9,9,9,9,6,8,9,10,6,6,6,9,6,6,9,6,6,9,6,6,9,9,9,8,8,9,6,6,7,7,8,8,6,7,8,10,10,7,9,9,8,9,10,7,9,9
sf,cvs,hatari,hatari/hatari/src/screenSnapShot.c,buggy,c,IssueTrue,26868,83,3703,9,3,4,3,5,7,8,7,7,7,8,9,10,8,9,5,9,9,9,9,9,6,8,9,10,6,6,6,9,6,6,9,6,6,9,6,6,9,9,9,8,8,9,5,5,4,5,4,4,5,4,4,3,5,3,3,3,4,4,4,7,6,5
sf,cvs,hatari,hatari/hatari/src/shortcut.c,clean,c,IssueTrue,26868,83,3703,9,5,6,4,7,6,5,7,7,7,8,9,10,8,9,5,9,9,9,9,9,6,8,9,10,6,6,6,9,6,6,9,6,6,9,6,6,9,9,9,8,8,9,6,7,5,5,5,5,6,6,6,9,10,8,8,8,4,4,4,6,6,7
sf,cvs,hatari,hatari/hatari/src/sound.c,buggy,c,IssueTrue,26868,83,3703,9,6,9,6,8,7,6,7,7,7,8,9,10,8,9,5,9,9,9,9,9,6,8,9,10,6,6,6,9,6,6,9,6,6,9,6,6,9,9,9,8,8,9,5,6,6,5,6,6,5,5,7,6,10,8,6,7,5,5,5,7,7,6
sf,cvs,hatari,hatari/hatari/src/spec512.c,buggy,c,IssueTrue,26868,83,3703,9,3,8,4,5,8,5,7,7,7,8,9,10,8,9,5,9,9,9,9,9,6,8,9,10,6,6,6,9,6,6,9,6,6,9,6,6,9,9,9,8,8,9,5,5,4,6,6,5,5,4,5,8,9,4,5,5,7,8,7,5,5,6
sf,cvs,hatari,hatari/hatari/src/str.c,clean,c,IssueTrue,26868,83,3703,9,2,2,2,4,5,5,7,7,7,8,9,10,8,9,5,9,9,9,9,9,6,8,9,10,6,6,6,9,6,6,9,6,6,9,6,6,9,9,9,8,8,9,5,5,3,3,3,3,4,3,3,6,5,9,8,8,6,6,6,6,6,5
sf,cvs,hatari,hatari/hatari/src/tos.c,clean,c,IssueTrue,26868,83,3703,9,5,7,4,4,6,8,7,7,7,8,9,10,8,9,5,9,9,9,9,9,6,8,9,10,6,6,6,9,6,6,9,6,6,9,6,6,9,9,9,8,8,9,7,5,4,9,7,5,9,7,5,3,5,3,3,3,4,4,4,7,6,5
sf,cvs,hatari,hatari/hatari/src/uae-cpu/gencpu.c,clean,c,IssueTrue,26868,83,3703,9,10,8,10,9,1,8,7,7,7,8,9,10,8,9,5,9,9,9,9,9,6,8,9,10,6,6,6,9,6,6,9,6,6,9,6,6,9,9,9,8,8,9,10,10,10,6,9,8,6,8,8,7,9,3,3,3,4,4,4,2,2,2
sf,cvs,hatari,hatari/hatari/src/uae-cpu/newcpu.c,clean,c,IssueTrue,26868,83,3703,9,9,9,9,9,4,8,7,7,7,8,9,10,8,9,5,9,9,9,9,9,6,8,9,10,6,6,6,9,6,6,9,6,6,9,6,6,9,9,9,8,8,9,9,9,9,7,8,9,8,7,9,9,9,6,7,7,7,7,7,5,5,7
sf,cvs,hatari,hatari/hatari/src/video.c,buggy,c,IssueTrue,26868,83,3703,9,9,10,9,10,7,8,7,7,7,8,9,10,8,9,5,9,9,9,9,9,6,8,9,10,6,6,6,9,6,6,9,6,6,9,6,6,9,9,9,8,8,9,6,8,9,5,8,9,5,6,9,10,10,9,10,10,5,8,8,6,10,10
sf,cvs,hatari,hatari/hatari/src/xbios.c,clean,c,IssueTrue,26868,83,3703,9,3,5,2,5,7,5,7,7,7,8,9,10,8,9,5,9,9,9,9,9,6,8,9,10,6,6,6,9,6,6,9,6,6,9,6,6,9,9,9,8,8,9,5,4,3,3,4,3,4,4,3,6,5,5,5,5,7,7,7,6,6,6
sf,cvs,hatari,hatari/hatari/src/ymFormat.c,clean,c,IssueTrue,26868,83,3703,9,3,5,3,4,7,6,7,7,7,8,9,10,8,9,5,9,9,9,9,9,6,8,9,10,6,6,6,9,6,6,9,6,6,9,6,6,9,9,9,8,8,9,6,4,4,5,4,3,8,5,4,6,10,3,3,3,4,4,4,6,5,5
