Host,Vcs,Project,File,Buggy,PL,IssueTracking,TLOC,TNF,TNC,TND,LOC,CL,NStmt,NFunc,RCC,MNL,avg_WMC,max_WMC,total_WMC,avg_DIT,max_DIT,total_DIT,avg_RFC,max_RFC,total_RFC,avg_NOC,max_NOC,total_NOC,avg_CBO,max_CBO,total_CBO,avg_DIT.1,max_DIT.1,total_DIT.1,avg_NIV,max_NIV,total_NIV,avg_NIM,max_NIM,total_NIM,avg_NOM,max_NOM,total_NOM,avg_NPBM,max_NPBM,total_NPBM,avg_NPM,max_NPM,total_NPM,avg_NPRM,max_NPRM,total_NPRM,avg_CC,max_CC,total_CC,avg_FANIN,max_FANIN,total_FANIN,avg_FANOUT,max_FANOUT,total_FANOUT,NRev,NFix,avg_AddedLOC,max_AddedLOC,total_AddedLOC,avg_DeletedLOC,max_DeletedLOC,total_DeletedLOC,avg_ModifiedLOC,max_ModifiedLOC,total_ModifiedLOC
sf,cvs,img-browse-sort,img-browse-sort/jibs-swing/org/gerhardb/jibs/AboutBox.java,buggy,java,IssueTrue,20304,100,512,1,6,8,5,5,7,5,3,4,4,10,10,10,10,10,10,9,9,9,8,9,8,10,10,10,6,6,4,4,5,4,3,4,4,3,4,4,9,9,9,7,8,8,5,4,4,5,6,5,8,7,6,6,5,3,4,4,4,5,5,3,3,4
sf,cvs,img-browse-sort,img-browse-sort/jibs-swing/org/gerhardb/jibs/concatenater/Concatenater.java,clean,java,IssueTrue,20304,100,512,1,8,8,7,8,4,7,2,5,7,7,10,10,9,10,10,9,9,9,5,10,10,7,10,10,6,8,8,2,5,7,1,5,6,2,4,7,9,9,9,7,9,9,5,6,7,4,7,7,6,7,7,3,8,3,4,4,4,5,5,3,3,3
sf,cvs,img-browse-sort,img-browse-sort/jibs-swing/org/gerhardb/jibs/games/Attic/TilePanel.java,clean,java,IssueTrue,20304,100,512,1,8,8,7,7,4,8,7,8,8,10,10,10,10,10,10,9,9,9,7,6,7,10,10,10,8,8,8,6,6,6,6,5,5,4,5,5,9,9,9,7,7,7,8,8,8,7,6,7,5,6,6,3,9,7,7,7,7,7,7,9,8,7
sf,cvs,img-browse-sort,img-browse-sort/jibs-swing/org/gerhardb/jibs/optimizer/WorkerDownload.java,clean,java,IssueTrue,20304,100,512,1,10,10,8,7,6,9,10,9,9,7,6,7,7,7,7,9,9,9,10,9,8,7,6,7,10,10,10,8,7,6,8,6,5,4,4,3,9,9,9,10,10,10,10,9,9,10,10,9,10,9,8,3,8,10,10,10,10,10,10,10,9,7
sf,cvs,img-browse-sort,img-browse-sort/jibs-swing/org/gerhardb/jibs/util/RecreateDirectories.java,clean,java,IssueTrue,20304,100,512,1,8,7,7,8,3,8,2,7,8,7,10,10,9,10,10,9,9,9,4,9,10,7,10,10,6,8,8,3,5,7,2,5,7,2,4,7,9,9,9,7,9,9,6,7,8,5,7,8,5,7,7,3,5,4,5,5,4,5,5,3,3,3
sf,cvs,img-browse-sort,img-browse-sort/jibs-swing/org/gerhardb/jibs/viewer/FileName.java,clean,java,IssueTrue,20304,100,512,1,6,8,5,5,6,9,7,6,6,7,6,7,7,7,7,9,9,9,7,6,4,7,6,7,8,7,6,6,5,3,6,5,4,6,6,5,9,9,9,7,7,7,8,7,6,9,8,7,5,4,5,3,5,3,4,4,7,7,7,9,8,6
sf,cvs,img-browse-sort,img-browse-sort/jibs-swing/org/gerhardb/jibs/viewer/FileNameChangeAddNumberTab.java,clean,java,IssueTrue,20304,100,512,1,7,8,5,6,5,7,3,6,6,7,8,10,6,7,8,9,9,9,5,8,8,7,8,10,7,8,8,3,5,5,2,5,5,2,3,5,9,9,9,7,9,9,7,6,6,8,6,7,6,6,6,3,5,3,4,4,10,9,9,2,2,2
sf,cvs,img-browse-sort,img-browse-sort/jibs-swing/org/gerhardb/jibs/viewer/FileNameChangeCompleteTab.java,clean,java,IssueTrue,20304,100,512,1,3,6,3,5,8,3,2,3,3,7,8,9,6,6,7,9,9,9,6,7,7,7,8,9,7,8,7,4,5,4,3,4,3,3,4,4,9,9,9,7,8,8,3,3,3,7,6,6,4,4,4,3,5,3,4,4,10,9,9,7,6,5
sf,cvs,img-browse-sort,img-browse-sort/jibs-swing/org/gerhardb/jibs/viewer/FileNameChangeDialog.java,clean,java,IssueTrue,20304,100,512,1,8,9,7,8,5,9,3,7,7,7,10,10,9,10,10,9,9,9,5,10,10,7,10,10,6,8,8,3,6,7,2,5,6,2,4,6,9,9,9,7,9,9,7,6,7,7,7,8,6,8,7,7,8,10,10,10,10,10,10,10,10,10
sf,cvs,img-browse-sort,img-browse-sort/jibs-swing/org/gerhardb/jibs/viewer/IFrame.java,buggy,java,IssueTrue,20304,100,512,1,2,5,3,8,9,3,6,6,5,5,4,5,6,6,6,10,10,10,7,6,4,5,4,5,6,6,3,9,8,7,9,7,6,8,8,8,9,9,9,7,7,7,3,3,5,5,6,7,1,2,2,6,8,4,5,5,6,6,7,4,5,4
sf,cvs,img-browse-sort,img-browse-sort/jibs-swing/org/gerhardb/jibs/viewer/PicInfoDialog.java,clean,java,IssueTrue,20304,100,512,1,6,6,4,5,5,7,2,3,4,8,10,10,10,10,10,9,9,9,4,7,8,8,10,10,6,8,7,2,3,4,1,2,3,2,2,5,9,9,9,7,7,7,5,5,4,7,9,6,6,6,4,9,8,7,9,9,10,10,10,7,9,8
sf,cvs,img-browse-sort,img-browse-sort/jibs-swing/org/gerhardb/jibs/viewer/PicInfoDialogBase.java,clean,java,IssueTrue,20304,100,512,1,7,8,6,7,5,7,2,5,5,8,10,10,10,10,10,9,10,10,6,10,9,8,10,10,7,9,8,3,5,6,2,5,5,2,3,5,9,10,10,7,9,9,5,6,6,7,8,7,7,9,7,3,5,3,4,4,9,8,8,2,2,2
sf,cvs,img-browse-sort,img-browse-sort/jibs-swing/org/gerhardb/jibs/viewer/PicInfoScrollPane.java,clean,java,IssueTrue,20304,100,512,1,5,8,5,2,8,7,4,3,3,10,10,10,10,10,10,9,9,9,9,8,6,10,10,10,8,8,7,2,3,2,1,2,1,2,2,2,9,9,9,7,7,7,10,7,4,10,8,4,10,10,5,3,5,3,4,4,10,9,9,2,2,2
sf,cvs,img-browse-sort,img-browse-sort/jibs-swing/org/gerhardb/jibs/viewer/UndoableMovingFiles.java,buggy,java,IssueTrue,20304,100,512,1,9,10,8,9,5,10,9,10,9,7,6,8,7,8,8,9,9,9,8,10,8,7,6,8,8,9,8,9,8,8,8,8,7,7,8,8,9,9,9,9,10,10,8,8,9,7,8,9,6,6,8,8,8,4,6,6,4,5,5,4,6,6
sf,cvs,img-browse-sort,img-browse-sort/jibs-swing/org/gerhardb/jibs/viewer/ViewerPreferences.java,buggy,java,IssueTrue,20304,100,512,1,9,10,8,10,6,7,6,10,10,7,8,10,8,9,10,9,9,9,5,10,10,7,8,10,6,6,7,2,4,6,7,10,10,7,10,10,9,9,9,7,9,9,5,6,9,7,6,10,3,4,9,7,8,9,9,10,4,5,5,7,8,7
sf,cvs,img-browse-sort,img-browse-sort/jibs-swing/org/gerhardb/jibs/viewer/contact/ContactSheet.java,clean,java,IssueTrue,20304,100,512,1,9,10,8,8,6,8,9,9,8,8,8,8,8,8,8,9,9,9,10,9,7,8,8,8,10,10,10,10,8,8,9,8,7,5,5,4,10,10,10,7,7,7,6,6,8,9,9,10,4,6,7,3,8,10,9,9,8,7,7,3,3,3
sf,cvs,img-browse-sort,img-browse-sort/jibs-swing/org/gerhardb/jibs/viewer/contact/ContactSheetOptions.java,clean,java,IssueTrue,20304,100,512,1,10,10,10,10,5,8,3,9,10,7,10,10,9,10,10,9,9,9,6,10,10,7,10,10,8,10,10,4,10,10,3,9,9,4,9,10,9,9,9,7,9,9,5,8,9,9,10,10,7,9,10,6,8,6,7,7,6,6,7,9,9,8
sf,cvs,img-browse-sort,img-browse-sort/jibs-swing/org/gerhardb/jibs/viewer/contact/ContactSheetPrintOptions.java,clean,java,IssueTrue,20304,100,512,1,4,5,4,5,6,3,1,2,3,7,6,9,6,6,8,9,9,9,4,6,8,7,6,9,6,7,6,2,4,4,1,3,4,1,2,3,9,9,9,7,7,7,3,3,4,6,5,6,4,4,4,3,8,3,4,4,6,6,6,3,3,3
sf,cvs,img-browse-sort,img-browse-sort/jibs-swing/org/gerhardb/jibs/viewer/contact/ContactSheetSaveOptions.java,clean,java,IssueTrue,20304,100,512,1,8,10,7,6,7,9,2,3,5,7,6,10,6,6,9,9,9,9,8,10,10,7,6,10,6,8,8,2,5,6,1,4,5,1,2,5,9,9,9,7,7,7,5,6,6,9,8,8,8,8,7,3,8,3,4,4,6,6,6,9,8,6
sf,cvs,img-browse-sort,img-browse-sort/jibs-swing/org/gerhardb/jibs/viewer/frame/Actions.java,buggy,java,IssueTrue,20304,100,512,1,10,10,9,10,5,7,2,8,10,7,8,10,8,8,10,9,9,9,4,10,10,7,8,10,6,8,7,2,9,10,1,8,10,2,7,10,9,9,9,7,10,10,4,7,9,5,8,10,3,8,9,9,8,8,10,9,5,6,6,6,8,7
sf,cvs,img-browse-sort,img-browse-sort/jibs-swing/org/gerhardb/jibs/viewer/frame/FileListManager.java,clean,java,IssueTrue,20304,100,512,1,6,8,5,6,6,8,7,7,6,7,6,7,7,7,7,9,9,9,10,9,8,7,6,7,8,8,7,8,6,5,7,5,4,6,5,5,9,9,9,9,8,8,7,6,6,9,8,8,6,5,6,3,5,3,4,4,6,6,6,8,7,5
sf,cvs,img-browse-sort,img-browse-sort/jibs-swing/org/gerhardb/jibs/viewer/frame/LoadingShow.java,clean,java,IssueTrue,20304,100,512,1,3,6,4,9,8,3,8,8,7,7,6,7,8,8,8,9,9,9,8,7,6,7,6,7,6,6,3,10,9,9,10,9,8,9,9,9,9,9,9,7,7,7,3,3,7,1,2,2,1,2,3,6,8,3,5,5,5,6,6,3,5,4
sf,cvs,img-browse-sort,img-browse-sort/jibs-swing/org/gerhardb/jibs/viewer/frame/MoveManager.java,clean,java,IssueTrue,20304,100,512,1,8,9,6,6,7,8,6,6,6,7,6,8,7,7,8,9,9,9,9,9,9,7,6,8,8,8,8,6,6,6,5,5,5,2,3,3,9,9,9,9,8,9,7,7,7,9,8,9,6,6,6,3,8,10,10,9,6,6,6,7,6,5
sf,cvs,img-browse-sort,img-browse-sort/jibs-swing/org/gerhardb/jibs/viewer/frame/RDPmanager.java,clean,java,IssueTrue,20304,100,512,1,9,9,7,8,5,7,8,9,9,7,6,8,7,7,8,9,9,9,9,9,9,7,6,8,9,9,10,8,8,7,7,7,6,6,7,7,9,9,9,9,8,9,8,7,8,9,7,9,6,6,7,6,10,8,8,9,4,5,5,10,10,9
sf,cvs,img-browse-sort,img-browse-sort/jibs-swing/org/gerhardb/jibs/viewer/frame/SortScreen.java,buggy,java,IssueTrue,20304,100,512,1,10,10,9,10,6,8,4,9,9,7,10,10,9,10,10,9,9,9,7,10,10,7,10,10,8,10,10,5,9,9,4,9,9,4,9,9,9,9,9,7,10,10,5,7,9,7,9,10,6,10,9,10,9,9,10,10,9,9,10,6,8,8
sf,cvs,img-browse-sort,img-browse-sort/jibs-swing/org/gerhardb/jibs/viewer/list/FileDrag.java,buggy,java,IssueTrue,20304,100,512,1,6,9,5,6,8,9,5,5,6,7,8,9,7,7,8,9,9,9,8,8,8,7,8,9,7,7,6,5,5,5,4,5,4,5,6,6,9,9,9,7,7,7,7,7,6,5,5,6,4,5,4,8,8,8,9,9,8,9,9,3,6,5
sf,cvs,img-browse-sort,img-browse-sort/jibs-swing/org/gerhardb/jibs/viewer/list/FileList.java,clean,java,IssueTrue,20304,100,512,1,9,10,8,8,7,8,7,9,9,10,10,10,10,10,10,9,9,9,7,9,9,10,10,10,7,8,8,6,8,8,5,7,7,5,7,8,9,9,9,9,10,10,9,9,9,6,8,8,6,7,8,7,8,5,8,7,4,5,5,6,6,7
sf,cvs,img-browse-sort,img-browse-sort/jibs-swing/org/gerhardb/jibs/viewer/shows/classic/NoResizeOptionsDialog.java,clean,java,IssueTrue,20304,100,512,1,6,8,5,6,6,5,2,3,5,9,10,10,10,10,10,9,9,9,5,7,9,9,10,10,6,8,8,2,3,5,1,3,5,2,3,5,9,9,9,7,8,8,5,4,5,7,8,7,5,6,5,3,5,3,4,4,4,5,5,5,5,4
sf,cvs,img-browse-sort,img-browse-sort/jibs-swing/org/gerhardb/jibs/viewer/shows/classic/Single.java,clean,java,IssueTrue,20304,100,512,1,8,9,6,9,6,7,7,8,8,10,10,10,10,10,10,10,10,10,9,9,9,10,10,10,7,8,7,9,8,8,8,8,7,8,9,8,9,9,9,7,8,8,5,8,8,4,6,8,3,5,6,9,8,9,10,10,5,6,7,3,6,6
sf,cvs,img-browse-sort,img-browse-sort/jibs-swing/org/gerhardb/jibs/viewer/shows/classic/SingleDrag.java,clean,java,IssueTrue,20304,100,512,1,5,9,4,5,9,7,3,4,5,7,8,9,7,7,8,9,9,9,7,7,7,7,8,9,6,6,4,4,5,4,3,4,4,4,5,5,9,9,9,7,7,7,6,5,5,5,5,5,4,4,4,7,5,7,8,9,8,8,9,7,8,7
sf,cvs,img-browse-sort,img-browse-sort/jibs-swing/org/gerhardb/jibs/viewer/shows/classic/SingleNoResize.java,clean,java,IssueTrue,20304,100,512,1,6,7,5,4,6,7,8,7,6,10,10,10,10,10,10,10,10,10,7,6,4,10,10,10,8,8,7,6,5,3,5,4,3,4,4,3,9,9,9,7,7,7,9,8,6,10,9,7,4,4,4,7,5,4,6,6,10,10,10,8,8,7
sf,cvs,img-browse-sort,img-browse-sort/jibs-swing/org/gerhardb/jibs/viewer/shows/classic/SingleNoResizeKeyControl.java,clean,java,IssueTrue,20304,100,512,1,7,8,6,5,4,8,7,8,8,10,10,10,10,10,10,9,9,9,8,7,8,10,10,10,6,6,4,5,5,5,4,4,4,4,4,5,9,9,9,9,9,9,9,9,7,8,7,7,7,7,5,8,5,6,8,8,10,10,10,5,7,6
sf,cvs,img-browse-sort,img-browse-sort/jibs-swing/org/gerhardb/jibs/viewer/shows/classic/SingleNoResizeScrollControl.java,clean,java,IssueTrue,20304,100,512,1,7,9,5,6,7,7,4,5,6,10,10,10,10,10,10,9,9,9,7,9,9,10,10,10,6,7,7,4,5,5,3,4,5,4,4,5,9,9,9,7,8,8,7,6,6,7,8,7,6,8,6,8,5,9,9,10,10,10,10,9,10,9
sf,cvs,img-browse-sort,img-browse-sort/jibs-swing/org/gerhardb/jibs/viewer/shows/classic/SingleResize.java,buggy,java,IssueTrue,20304,100,512,1,5,9,4,5,9,7,4,4,5,10,10,10,10,10,10,9,9,9,6,7,7,10,10,10,6,6,3,4,4,4,3,3,3,4,5,5,9,9,9,7,7,7,7,7,5,5,6,5,6,7,5,9,8,6,9,9,6,6,7,3,6,5
sf,cvs,img-browse-sort,img-browse-sort/jibs-swing/org/gerhardb/jibs/viewer/shows/full/FullScreen.java,clean,java,IssueTrue,20304,100,512,1,8,9,7,7,5,10,5,7,8,7,6,9,6,7,8,9,9,9,8,10,10,7,6,9,7,9,8,3,5,6,3,5,5,4,6,7,9,9,9,7,8,8,8,8,7,8,8,8,9,10,8,7,8,8,9,9,8,8,8,9,10,9
sf,cvs,img-browse-sort,img-browse-sort/jibs-swing/org/gerhardb/jibs/viewer/shows/thumbs/Picture.java,clean,java,IssueTrue,20304,100,512,1,9,10,7,8,6,10,8,9,8,10,10,10,10,10,10,9,9,9,10,10,10,10,10,10,8,9,8,8,8,8,8,8,7,6,8,7,9,9,9,9,9,9,7,8,8,7,9,9,5,9,7,9,8,9,10,10,7,8,8,3,5,6
sf,cvs,img-browse-sort,img-browse-sort/jibs-swing/org/gerhardb/jibs/viewer/shows/thumbs/ThumbnailOptionsDialog.java,clean,java,IssueTrue,20304,100,512,1,7,8,6,7,6,5,2,4,5,7,10,10,9,10,10,9,9,9,4,8,9,7,10,10,6,8,8,2,5,6,2,5,6,2,4,6,9,9,9,7,8,8,4,4,5,5,7,7,5,7,6,3,8,3,4,4,4,5,5,3,3,3
sf,cvs,img-browse-sort,img-browse-sort/jibs-swing/org/gerhardb/jibs/viewer/shows/thumbs/Thumbnails.java,buggy,java,IssueTrue,20304,100,512,1,9,10,8,9,5,8,7,9,9,9,10,10,10,10,10,9,9,9,8,9,9,9,10,10,8,9,9,8,8,8,7,8,8,7,9,9,9,9,9,7,9,9,7,9,9,6,7,9,5,8,8,7,8,8,9,9,6,6,7,5,7,6
sf,cvs,img-browse-sort,img-browse-sort/jibs-swing/org/gerhardb/jibs/viewer/sorter/SorterDialog.java,clean,java,IssueTrue,20304,100,512,1,5,6,5,6,5,3,2,3,4,8,10,10,10,10,10,9,9,9,5,9,9,8,10,10,6,8,7,3,5,6,2,4,5,2,2,5,9,9,9,7,8,8,3,3,5,3,5,6,6,8,6,6,5,3,4,4,4,5,5,3,3,4
sf,cvs,img-browse-sort,img-browse-sort/jibs-swing/org/gerhardb/jibs/viewer/sorter/SorterPanel.java,buggy,java,IssueTrue,20304,100,512,1,6,7,5,5,5,8,2,3,5,7,10,10,10,10,10,9,9,9,6,7,9,7,10,10,6,7,6,2,4,5,1,3,4,2,3,5,9,9,9,7,9,9,5,6,5,6,7,6,7,8,6,8,8,3,5,5,5,6,7,7,7,8
sf,cvs,img-browse-sort,img-browse-sort/jibs-swing/org/gerhardb/jibs/viewer/sorter/Tile.java,buggy,java,IssueTrue,20304,100,512,1,9,10,8,9,5,7,9,10,9,9,10,10,10,10,10,9,9,9,10,10,9,9,10,10,7,8,7,9,9,9,9,9,8,8,9,8,9,9,9,9,9,9,8,8,9,7,8,9,5,7,8,10,8,7,8,9,9,10,10,7,8,9
sf,cvs,img-browse-sort,img-browse-sort/jibs-swing/org/gerhardb/jibs/viewer/sorter/TilePanel.java,clean,java,IssueTrue,20304,100,512,1,5,10,5,5,10,7,6,5,5,10,10,10,10,10,10,9,9,9,8,7,6,10,10,10,6,6,3,6,5,4,6,4,3,2,2,2,9,9,9,9,8,8,7,6,5,7,7,6,5,4,4,3,8,4,5,5,4,5,5,2,2,2
sf,cvs,img-browse-sort,img-browse-sort/jibs-swing/org/gerhardb/jibs/viewer/tree/ExtendedFileTree.java,clean,java,IssueTrue,20304,100,512,1,8,10,6,7,8,7,4,6,7,9,10,10,10,10,10,9,9,9,8,9,10,9,10,10,7,8,8,4,5,6,3,5,5,4,6,7,9,9,9,7,8,8,8,8,7,7,6,8,6,7,6,7,8,5,7,7,6,7,7,5,6,6
sf,cvs,img-browse-sort,img-browse-sort/jibs-swing/org/gerhardb/jibs/viewer/tree/FileTreePopUp.java,clean,java,IssueTrue,20304,100,512,1,7,8,6,7,4,5,1,3,6,7,10,10,9,10,10,9,9,9,5,7,10,7,10,10,6,7,6,2,3,6,1,2,5,2,2,7,9,9,9,7,7,7,6,7,6,3,5,6,5,8,6,6,8,6,7,7,7,7,7,7,7,6
sf,cvs,img-browse-sort,img-browse-sort/jibs-swing/org/gerhardb/lib/filetree/DTNListFactory.java,clean,java,IssueTrue,20304,100,512,1,5,5,4,4,5,8,6,6,5,7,6,7,6,6,7,9,9,9,7,6,4,7,6,7,7,7,5,6,5,3,5,4,3,6,5,5,9,9,9,7,7,7,8,6,5,5,4,4,6,5,4,3,5,7,7,7,4,5,5,5,5,4
sf,cvs,img-browse-sort,img-browse-sort/jibs-swing/org/gerhardb/lib/filetree/DirectoryTree.java,buggy,java,IssueTrue,20304,100,512,1,7,9,6,8,6,8,6,7,7,10,10,10,10,10,10,10,10,10,8,10,8,10,10,10,7,8,7,7,7,7,7,7,6,6,7,7,9,9,9,7,7,7,6,7,7,6,8,8,5,6,6,3,5,6,7,6,4,5,5,9,8,7
sf,cvs,img-browse-sort,img-browse-sort/jibs-swing/org/gerhardb/lib/filetree/DirectoryTreeNode.java,buggy,java,IssueTrue,20304,100,512,1,9,10,8,8,5,8,9,9,9,8,8,8,9,9,9,9,9,9,10,10,8,8,8,8,8,8,7,10,8,7,9,8,7,9,8,8,9,9,9,9,9,9,8,8,8,9,7,9,8,8,8,6,9,9,9,9,8,8,8,9,9,8
sf,cvs,img-browse-sort,img-browse-sort/jibs-swing/org/gerhardb/lib/io/DirListController.java,clean,java,IssueTrue,20304,100,512,1,9,10,8,9,6,9,3,9,9,7,6,10,6,8,10,9,9,9,5,10,10,7,6,10,6,8,8,4,8,9,3,8,8,3,6,8,9,9,9,7,10,10,6,8,9,6,8,9,5,9,8,3,5,3,4,4,8,7,7,2,2,2
sf,cvs,img-browse-sort,img-browse-sort/jibs-swing/org/gerhardb/lib/playlist/Scroller.java,clean,java,IssueTrue,20304,100,512,1,10,10,9,10,5,9,9,10,10,7,6,10,7,9,10,9,9,9,7,10,10,7,6,10,8,10,10,9,10,10,8,10,10,8,10,10,9,9,9,9,10,10,8,10,10,8,10,10,3,9,9,7,8,6,7,7,4,5,5,6,7,6
sf,cvs,img-browse-sort,img-browse-sort/jibs-swing/org/gerhardb/lib/print/PreviewablePage.java,clean,java,IssueTrue,20304,100,512,1,3,6,3,4,8,5,2,2,3,9,10,10,10,10,10,9,9,9,6,7,7,9,10,10,7,8,7,3,4,3,2,3,3,3,4,4,9,9,9,7,7,7,4,4,3,6,5,5,5,5,4,3,8,3,4,4,4,5,5,5,5,4
sf,cvs,img-browse-sort,img-browse-sort/jibs-swing/org/gerhardb/lib/util/FileUtil.java,clean,java,IssueTrue,20304,100,512,1,9,10,8,8,8,8,10,9,9,7,6,7,8,7,7,9,9,9,10,10,8,7,6,7,6,6,3,2,3,2,9,7,6,8,8,8,9,9,9,9,8,8,9,9,9,9,8,9,8,7,8,3,5,9,9,8,9,8,8,9,8,7
