Host,Vcs,Project,File,Buggy,PL,IssueTracking,TLOC,TNF,TNC,TND,LOC,CL,NStmt,NFunc,RCC,MNL,avg_WMC,max_WMC,total_WMC,avg_DIT,max_DIT,total_DIT,avg_RFC,max_RFC,total_RFC,avg_NOC,max_NOC,total_NOC,avg_CBO,max_CBO,total_CBO,avg_DIT.1,max_DIT.1,total_DIT.1,avg_NIV,max_NIV,total_NIV,avg_NIM,max_NIM,total_NIM,avg_NOM,max_NOM,total_NOM,avg_NPBM,max_NPBM,total_NPBM,avg_NPM,max_NPM,total_NPM,avg_NPRM,max_NPRM,total_NPRM,avg_CC,max_CC,total_CC,avg_FANIN,max_FANIN,total_FANIN,avg_FANOUT,max_FANOUT,total_FANOUT,NRev,NFix,avg_AddedLOC,max_AddedLOC,total_AddedLOC,avg_DeletedLOC,max_DeletedLOC,total_DeletedLOC,avg_ModifiedLOC,max_ModifiedLOC,total_ModifiedLOC
sf,cvs,indiestep,indiestep/current/hotkey/hotkey.cpp,buggy,cpp,IssueFalse,12588,27,996,8,10,9,10,9,3,10,7,7,7,8,9,5,8,9,5,9,9,9,6,6,6,8,9,5,6,6,6,6,6,6,6,6,6,6,6,6,9,9,9,8,8,9,9,10,10,6,8,9,9,9,10,5,8,9,8,7,5,5,5,5,5,4
sf,cvs,indiestep,indiestep/current/litestep/litestep.cpp,clean,cpp,IssueFalse,12588,27,996,8,10,10,10,10,3,10,7,7,7,8,9,5,8,9,5,9,9,9,6,6,6,8,9,5,6,6,6,6,6,6,6,6,6,6,6,6,9,9,9,8,8,9,10,10,10,10,10,10,10,10,10,5,8,8,7,6,4,4,5,10,10,8
sf,cvs,indiestep,indiestep/current/litestep/traymanager.cpp,buggy,cpp,IssueFalse,12588,27,996,8,10,10,10,7,5,10,7,7,7,8,9,5,8,9,5,9,9,9,6,6,6,8,9,5,9,9,8,6,6,6,6,6,6,6,6,6,9,9,9,8,8,9,10,10,10,9,10,9,10,10,9,5,9,9,8,7,4,4,5,2,3,3
sf,cvs,indiestep,indiestep/current/lsapi/bangs.cpp,clean,cpp,IssueFalse,12588,27,996,8,9,10,10,10,9,9,7,7,7,8,9,5,8,9,5,9,9,9,6,6,6,8,9,5,6,6,6,6,6,6,6,6,6,6,6,6,9,9,9,8,8,9,7,9,10,4,10,9,5,7,9,7,8,7,7,7,4,4,5,10,10,10
sf,cvs,indiestep,indiestep/current/lsapi/bangs.h,clean,cpp,IssueFalse,12588,27,996,8,2,4,4,2,8,4,7,7,7,8,9,5,8,9,5,9,9,9,6,6,6,8,9,5,6,6,6,6,6,6,6,6,6,6,6,6,9,9,9,8,8,9,1,2,2,2,2,3,1,2,3,5,5,3,4,3,4,4,5,6,6,5
sf,cvs,indiestep,indiestep/current/lsapi/log.cpp,buggy,cpp,IssueFalse,12588,27,996,8,8,9,8,9,7,8,7,7,7,8,9,5,8,9,5,9,9,9,6,6,6,8,9,5,6,6,6,6,6,6,6,6,6,6,6,6,9,9,9,8,8,9,6,8,9,10,10,10,6,7,8,7,5,10,10,9,5,6,6,5,6,5
sf,cvs,indiestep,indiestep/current/lsapi/log.h,clean,cpp,IssueFalse,12588,27,996,8,2,1,2,2,4,4,8,7,7,8,9,5,9,9,6,9,9,9,6,6,7,8,9,5,7,7,7,8,8,7,8,7,7,8,8,8,9,9,9,8,8,9,1,2,2,2,2,3,1,2,3,3,5,4,4,3,4,4,5,2,2,2
sf,cvs,indiestep,indiestep/current/lsapi/lsapi.cpp,clean,cpp,IssueFalse,12588,27,996,8,10,10,10,10,9,9,7,7,7,8,9,5,8,9,5,9,9,9,6,6,6,8,9,5,8,8,7,6,6,6,6,6,6,6,6,6,9,9,9,8,8,9,8,9,10,10,10,10,9,10,10,6,8,10,9,8,5,6,6,5,6,5
sf,cvs,indiestep,indiestep/current/lsapi/lsapi.h,clean,cpp,IssueFalse,12588,27,996,8,7,7,8,2,6,4,7,7,7,8,9,5,8,9,5,9,9,9,6,6,6,8,9,5,9,9,9,6,6,6,6,6,6,6,6,6,9,9,9,8,8,9,1,2,2,2,2,3,1,2,3,3,5,5,4,4,4,4,5,2,2,2
sf,cvs,indiestep,indiestep/current/lscp-dll/lscp_dll.cpp,clean,cpp,IssueFalse,12588,27,996,8,9,7,10,7,3,9,7,7,7,8,9,5,8,9,5,9,9,9,6,6,6,8,9,5,6,6,6,6,6,6,6,6,6,6,6,6,9,9,9,8,8,9,9,9,9,3,6,4,10,9,9,3,5,3,3,3,6,5,5,7,6,4
sf,cvs,indiestep,indiestep/current/lscp-dll/lscp_dll.h,clean,cpp,IssueFalse,12588,27,996,8,1,6,2,2,10,4,7,7,7,8,9,5,8,9,5,9,9,9,6,6,6,8,9,5,6,6,6,6,6,6,6,6,6,6,6,6,9,9,9,8,8,9,1,2,2,2,2,3,1,2,3,3,5,3,3,3,4,4,5,4,3,3
sf,cvs,indiestep,indiestep/current/lscp/lscpDlg.cpp,clean,cpp,IssueFalse,12588,27,996,8,10,10,10,10,5,10,7,7,7,8,9,5,8,9,5,9,9,9,6,6,6,8,9,5,6,6,6,6,6,6,6,6,6,6,6,6,9,9,9,8,8,9,9,10,10,6,10,10,8,9,10,10,10,10,10,10,10,10,10,10,10,10
sf,cvs,indiestep,indiestep/current/lscp/lscpDlg.h,clean,cpp,IssueFalse,12588,27,996,8,6,5,7,2,5,4,10,10,10,10,10,7,10,10,8,9,9,9,6,6,7,10,10,7,10,10,10,10,10,10,10,10,10,10,10,9,10,10,10,8,8,9,1,2,2,2,2,3,1,2,3,9,10,5,5,5,4,4,5,2,6,5
sf,cvs,indiestep,indiestep/current/lscp/resource.h,clean,cpp,IssueFalse,12588,27,996,8,1,2,1,2,1,4,7,7,7,8,9,5,8,9,5,9,9,9,6,6,6,8,9,5,6,6,6,6,6,6,6,6,6,6,6,6,9,9,9,8,8,9,1,2,2,2,2,3,1,2,3,6,9,5,5,5,4,4,5,5,5,5
sf,cvs,indiestep,indiestep/current/popup2/BmpPainter.cpp,buggy,cpp,IssueFalse,12588,27,996,8,7,10,8,5,8,8,7,7,7,8,9,5,8,9,5,9,9,9,6,6,6,8,9,5,6,6,6,6,6,6,6,6,6,6,6,6,9,9,9,8,8,9,8,8,7,10,9,8,10,8,7,3,5,3,3,3,10,9,9,2,2,2
sf,cvs,indiestep,indiestep/current/popup2/PopupMaker.cpp,buggy,cpp,IssueFalse,12588,27,996,8,10,10,10,9,5,10,7,7,7,8,9,5,8,9,5,9,9,9,6,6,6,8,9,5,6,6,6,6,6,6,6,6,6,6,6,6,9,9,9,8,8,9,10,10,10,10,10,10,10,10,10,10,10,8,9,9,5,7,8,9,10,9
sf,cvs,indiestep,indiestep/current/popup2/PopupMaker.h,clean,cpp,IssueFalse,12588,27,996,8,5,9,7,2,8,4,10,10,10,8,9,5,10,10,7,9,9,9,9,9,9,8,9,5,10,10,10,10,9,9,9,9,9,10,10,9,9,9,9,8,8,9,1,2,2,2,2,3,1,2,3,7,8,4,5,5,9,9,9,8,8,7
sf,cvs,indiestep,indiestep/current/popup2/commandItem.cpp,clean,cpp,IssueFalse,12588,27,996,8,6,8,6,7,7,8,7,7,7,8,9,5,8,9,5,9,9,9,6,6,6,8,9,5,6,6,6,6,6,6,6,6,6,6,6,6,9,9,9,8,8,9,7,7,8,3,5,5,8,9,7,5,5,8,7,6,4,4,5,7,6,5
sf,cvs,indiestep,indiestep/current/popup2/info.h,buggy,cpp,IssueFalse,12588,27,996,8,1,4,1,2,10,4,7,7,7,8,9,5,8,9,5,9,9,9,6,6,6,8,9,5,6,6,6,6,6,6,6,6,6,6,6,6,9,9,9,8,8,9,1,2,2,2,2,3,1,2,3,3,8,3,3,3,4,4,5,6,5,4
sf,cvs,indiestep,indiestep/current/stepsets/StepSettings.cpp,buggy,cpp,IssueFalse,12588,27,996,8,10,10,10,10,3,10,7,7,7,8,9,5,8,9,5,9,9,9,6,6,6,8,9,5,6,6,6,6,6,6,6,6,6,6,6,6,9,9,9,8,8,9,9,10,10,5,7,9,8,9,10,6,9,7,6,6,5,5,5,8,8,6
sf,cvs,indiestep,indiestep/current/systray2/systray.cpp,buggy,cpp,IssueFalse,12588,27,996,8,10,10,10,10,4,10,7,7,7,8,9,5,8,9,5,9,9,9,6,6,6,8,9,5,6,6,6,6,6,6,6,6,6,6,6,6,9,9,9,8,8,9,10,10,10,10,10,10,10,10,10,10,10,10,10,10,10,10,10,9,10,10
sf,cvs,indiestep,indiestep/current/systray2/systray.h,clean,cpp,IssueFalse,12588,27,996,8,9,9,10,3,5,4,10,10,10,8,10,7,9,10,9,9,9,9,6,8,9,8,10,7,10,10,10,8,10,10,8,10,10,6,9,9,9,9,9,10,10,10,3,4,3,2,2,3,6,4,4,10,10,7,9,9,6,7,8,5,8,8
sf,cvs,indiestep,indiestep/current/vwm2/vwm.cpp,clean,cpp,IssueFalse,12588,27,996,8,10,10,10,10,3,10,7,7,7,8,9,5,8,9,5,9,9,9,6,6,6,8,9,5,6,6,6,6,6,6,6,6,6,6,6,6,9,9,9,8,8,9,8,10,10,10,10,10,9,10,10,3,5,3,3,3,6,5,5,9,8,5
sf,cvs,indiestep,indiestep/current/vwm2/vwm.h,clean,cpp,IssueFalse,12588,27,996,8,8,6,9,2,4,4,10,10,10,9,10,7,10,10,8,9,9,9,6,7,7,9,10,7,10,10,10,10,10,10,10,10,10,9,10,10,9,9,9,10,10,10,1,2,2,2,2,3,1,2,3,3,5,3,3,3,4,4,5,4,3,3
