Host,Vcs,Project,File,Buggy,PL,IssueTracking,TLOC,TNF,TNC,TND,LOC,CL,NStmt,NFunc,RCC,MNL,avg_WMC,max_WMC,total_WMC,avg_DIT,max_DIT,total_DIT,avg_RFC,max_RFC,total_RFC,avg_NOC,max_NOC,total_NOC,avg_CBO,max_CBO,total_CBO,avg_DIT.1,max_DIT.1,total_DIT.1,avg_NIV,max_NIV,total_NIV,avg_NIM,max_NIM,total_NIM,avg_NOM,max_NOM,total_NOM,avg_NPBM,max_NPBM,total_NPBM,avg_NPM,max_NPM,total_NPM,avg_NPRM,max_NPRM,total_NPRM,avg_CC,max_CC,total_CC,avg_FANIN,max_FANIN,total_FANIN,avg_FANOUT,max_FANOUT,total_FANOUT,NRev,NFix,avg_AddedLOC,max_AddedLOC,total_AddedLOC,avg_DeletedLOC,max_DeletedLOC,total_DeletedLOC,avg_ModifiedLOC,max_ModifiedLOC,total_ModifiedLOC
sf,cvs,irad,irad/irad/AppController.h,buggy,cpp,IssueTrue,1570,61,1837,2,3,3,7,2,7,4,7,7,7,7,7,5,8,4,3,9,9,9,6,6,7,7,7,5,7,6,6,6,6,6,6,6,6,6,6,6,9,9,9,8,8,9,1,2,2,2,2,3,3,1,2,7,9,3,3,4,5,5,5,5,6,6
sf,cvs,irad,irad/irad/CineSpeedWindowController.h,clean,cpp,IssueTrue,1570,61,1837,2,1,2,1,3,10,4,7,7,7,7,7,5,8,4,3,9,9,9,6,6,7,7,7,5,7,6,6,6,6,6,6,6,6,6,6,6,9,9,9,8,8,9,3,4,3,2,2,3,4,2,2,4,5,5,5,5,5,5,5,2,2,2
sf,cvs,irad,irad/irad/ContrastWindowController.h,clean,cpp,IssueTrue,1570,61,1837,2,1,2,2,3,9,4,7,7,7,7,7,5,8,4,3,9,9,9,6,6,7,7,7,5,7,6,6,6,6,6,6,6,6,6,6,6,9,9,9,8,8,9,3,4,3,2,2,3,4,2,2,3,5,7,5,5,4,4,4,4,3,3
sf,cvs,irad,irad/irad/DBNode.h,clean,cpp,IssueTrue,1570,61,1837,2,3,2,5,3,6,4,7,7,7,7,7,5,8,4,3,9,9,9,6,6,7,7,7,5,7,6,6,6,6,6,6,6,6,6,6,6,9,9,9,8,8,9,3,4,3,2,2,3,4,2,2,6,8,3,3,3,4,4,4,5,5,5
sf,cvs,irad,irad/irad/DICOM.h,buggy,cpp,IssueTrue,1570,61,1837,2,1,2,1,2,1,4,7,7,7,7,7,5,8,4,3,9,9,9,6,6,7,7,7,5,7,6,6,6,6,6,6,6,6,6,6,6,9,9,9,8,8,9,1,2,2,2,2,3,3,1,2,8,8,4,5,6,4,4,4,2,6,6
sf,cvs,irad,irad/irad/DICOMDataset.h,clean,cpp,IssueTrue,1570,61,1837,2,2,2,5,3,6,4,7,7,7,7,7,5,8,4,3,9,9,9,6,6,7,7,7,5,7,6,6,6,6,6,6,6,6,6,6,6,9,9,9,8,8,9,3,4,3,2,2,3,4,2,2,4,5,8,7,7,4,4,4,2,3,3
sf,cvs,irad,irad/irad/DICOMDefinitions.h,clean,cpp,IssueTrue,1570,61,1837,2,2,2,2,2,6,4,7,7,7,7,7,5,8,4,3,9,9,9,6,6,8,7,7,5,8,8,10,6,6,6,6,6,6,6,6,6,9,9,9,8,8,9,1,2,2,2,2,3,3,1,2,3,8,9,8,7,4,4,4,2,2,2
sf,cvs,irad,irad/irad/DICOMElement.h,buggy,cpp,IssueTrue,1570,61,1837,2,2,3,5,3,9,4,7,7,7,7,7,5,8,4,3,9,9,9,6,6,7,7,7,5,7,6,6,6,6,6,6,6,6,6,6,6,9,9,9,8,8,9,3,4,3,2,2,3,4,2,2,3,5,4,3,3,4,4,4,2,2,2
sf,cvs,irad,irad/irad/DICOMImage.h,clean,cpp,IssueTrue,1570,61,1837,2,1,2,2,2,10,4,7,7,7,7,7,5,8,4,3,9,9,9,6,6,7,7,7,5,7,6,6,6,6,6,6,6,6,6,6,6,9,9,9,8,8,9,1,2,2,2,2,3,3,1,2,4,8,4,3,4,4,4,4,2,3,3
sf,cvs,irad,irad/irad/DICOMImageRep.h,clean,cpp,IssueTrue,1570,61,1837,2,5,3,8,3,5,4,7,7,7,7,7,5,8,4,3,9,9,9,6,6,7,7,7,5,7,6,6,6,6,6,6,6,6,6,6,6,9,9,9,8,8,9,3,4,3,2,2,3,4,2,2,6,8,4,4,5,6,7,6,6,7,7
sf,cvs,irad,irad/irad/DICOMImageRepAssistant.h,clean,cpp,IssueTrue,1570,61,1837,2,1,2,2,3,9,4,7,7,7,7,7,5,8,4,3,9,9,9,6,6,7,7,7,5,7,6,6,6,6,6,6,6,6,6,6,6,9,9,9,8,8,9,3,4,3,2,2,3,4,2,2,3,5,4,3,3,4,4,4,2,2,2
sf,cvs,irad,irad/irad/DICOMImageRepAssistantG4.h,clean,cpp,IssueTrue,1570,61,1837,2,1,4,1,3,10,4,7,7,7,7,7,5,8,4,3,9,9,9,6,6,7,7,7,5,7,6,6,6,6,6,6,6,6,6,6,6,9,9,9,8,8,9,3,4,3,2,2,3,4,2,2,6,5,6,6,6,4,4,4,2,5,4
sf,cvs,irad,irad/irad/DICOMMeasurement.h,buggy,cpp,IssueTrue,1570,61,1837,2,4,2,7,3,3,4,7,7,7,7,7,5,8,4,3,9,9,9,6,6,7,7,7,5,7,6,6,6,6,6,6,6,6,6,6,6,9,9,9,8,8,9,3,4,3,2,2,3,4,2,2,8,8,7,7,8,4,4,4,4,6,6
sf,cvs,irad,irad/irad/DICOMMeasurementLine.h,clean,cpp,IssueTrue,1570,61,1837,2,1,2,1,3,10,4,7,7,7,7,7,5,8,4,3,9,9,9,6,6,7,7,7,5,7,6,6,6,6,6,6,6,6,6,6,6,9,9,9,8,8,9,3,4,3,2,2,3,4,2,2,6,8,4,4,4,4,4,4,2,3,4
sf,cvs,irad,irad/irad/DICOMObject.h,clean,cpp,IssueTrue,1570,61,1837,2,4,2,7,3,3,4,7,7,7,7,7,5,8,4,3,9,9,9,6,6,7,7,7,5,7,6,6,6,6,6,6,6,6,6,6,6,9,9,9,8,8,9,3,4,3,2,2,3,4,2,2,9,9,6,7,8,5,5,5,5,8,7
sf,cvs,irad,irad/irad/DICOMPoint.h,clean,cpp,IssueTrue,1570,61,1837,2,1,2,2,3,8,4,7,7,7,7,7,5,8,4,3,9,9,9,6,6,7,7,7,5,7,6,6,6,6,6,6,6,6,6,6,6,9,9,9,8,8,9,3,4,3,2,2,3,4,2,2,3,8,7,5,5,4,4,4,6,5,4
sf,cvs,irad,irad/irad/DICOMRecord.h,buggy,cpp,IssueTrue,1570,61,1837,2,1,2,3,3,8,4,7,7,7,7,7,5,8,4,3,9,9,9,6,6,7,7,7,5,7,6,6,6,6,6,6,6,6,6,6,6,9,9,9,8,8,9,3,4,3,2,2,3,4,2,2,3,5,7,5,5,4,4,4,2,2,2
sf,cvs,irad,irad/irad/DicomDecoder.h,clean,cpp,IssueTrue,1570,61,1837,2,5,8,8,3,9,4,7,7,7,7,7,5,8,4,3,9,9,9,6,6,7,7,7,5,7,6,6,6,6,6,6,6,6,6,6,6,9,9,9,8,8,9,3,4,3,2,2,3,4,2,2,10,10,4,5,6,7,8,8,7,9,9
sf,cvs,irad,irad/irad/DicomDirDecoder.h,clean,cpp,IssueTrue,1570,61,1837,2,1,3,1,3,10,4,7,7,7,7,7,5,8,4,3,9,9,9,6,6,7,7,7,5,7,6,6,6,6,6,6,6,6,6,6,6,9,9,9,8,8,9,3,4,3,2,2,3,4,2,2,4,8,5,5,5,10,10,10,8,8,6
sf,cvs,irad,irad/irad/DicomGLView.h,buggy,cpp,IssueTrue,1570,61,1837,2,7,9,8,3,9,4,7,7,7,7,7,5,8,4,3,9,9,9,6,6,7,7,7,5,7,6,6,6,6,6,6,6,6,6,6,6,9,9,9,8,8,9,3,4,3,2,2,3,4,2,2,6,8,4,4,4,4,4,4,2,5,4
sf,cvs,irad,irad/irad/DicomIMageRepG3.h,clean,cpp,IssueTrue,1570,61,1837,2,1,5,1,3,10,4,7,7,7,7,7,5,8,4,3,9,9,9,6,6,7,7,7,5,7,6,6,6,6,6,6,6,6,6,6,6,9,9,9,8,8,9,3,4,3,2,2,3,4,2,2,3,8,4,3,3,4,4,4,9,7,5
sf,cvs,irad,irad/irad/DicomImage.h,clean,cpp,IssueTrue,1570,61,1837,2,1,2,2,2,10,4,7,7,7,7,7,5,8,4,3,9,9,9,6,6,7,7,7,5,7,6,6,6,6,6,6,6,6,6,6,6,9,9,9,8,8,9,1,2,2,2,2,3,3,1,2,6,8,4,3,4,4,4,4,4,6,5
sf,cvs,irad,irad/irad/DicomImageRep.h,clean,cpp,IssueTrue,1570,61,1837,2,5,3,8,3,5,4,7,7,7,7,7,5,8,4,3,9,9,9,6,6,7,7,7,5,7,6,6,6,6,6,6,6,6,6,6,6,9,9,9,8,8,9,3,4,3,2,2,3,4,2,2,9,9,5,6,7,5,7,7,7,8,8
sf,cvs,irad,irad/irad/DicomImageRepG4.h,clean,cpp,IssueTrue,1570,61,1837,2,2,7,3,3,10,4,7,7,7,7,7,5,8,4,3,9,9,9,6,6,7,7,7,5,8,8,9,6,6,6,6,6,6,6,6,6,9,9,9,8,8,9,3,4,3,2,2,3,4,2,2,7,10,3,4,4,5,5,5,7,8,7
sf,cvs,irad,irad/irad/DicomQuartzView.h,clean,cpp,IssueTrue,1570,61,1837,2,7,2,9,3,3,4,7,7,7,7,7,5,8,4,3,9,9,9,6,6,7,7,7,5,7,6,6,6,6,6,6,6,6,6,6,6,9,9,9,8,8,9,3,4,3,2,2,3,4,2,2,4,8,4,4,4,4,4,4,5,6,4
sf,cvs,irad,irad/irad/DicomView.h,clean,cpp,IssueTrue,1570,61,1837,2,7,3,10,3,3,4,7,7,7,7,7,5,8,4,3,9,9,9,6,6,7,7,7,5,7,6,6,6,6,6,6,6,6,6,6,6,9,9,9,8,8,9,3,4,3,2,2,3,4,2,2,8,8,4,4,5,4,4,4,6,6,7
sf,cvs,irad,irad/irad/HeaderInfoWindowController.h,clean,cpp,IssueTrue,1570,61,1837,2,1,2,2,3,9,4,7,7,7,7,7,5,8,4,3,9,9,9,6,6,7,7,7,5,7,6,6,6,6,6,6,6,6,6,6,6,9,9,9,8,8,9,3,4,3,2,2,3,4,2,2,4,8,4,4,4,4,4,4,4,3,4
sf,cvs,irad,irad/irad/ImageDelegate.h,buggy,cpp,IssueTrue,1570,61,1837,2,8,3,9,3,3,4,7,7,7,7,7,5,8,4,3,9,9,9,6,6,7,7,7,5,7,6,6,6,6,6,6,6,6,6,6,6,9,9,9,8,8,9,3,4,3,2,2,3,4,2,2,10,10,5,6,8,7,9,9,8,10,10
sf,cvs,irad,irad/irad/MasterWindowController.h,clean,cpp,IssueTrue,1570,61,1837,2,1,2,1,3,9,4,7,7,7,7,7,5,8,4,3,9,9,9,6,6,7,7,7,5,7,6,6,6,6,6,6,6,6,6,6,6,9,9,9,8,8,9,3,4,3,2,2,3,4,2,2,4,5,5,4,4,4,4,4,2,2,2
sf,cvs,irad,irad/irad/Node.h,clean,cpp,IssueTrue,1570,61,1837,2,3,2,6,3,5,4,7,7,7,7,7,5,8,4,3,9,9,9,6,6,7,7,7,5,7,6,6,6,6,6,6,6,6,6,6,6,9,9,9,8,8,9,3,4,3,2,2,3,4,2,2,6,8,3,3,3,4,4,4,2,3,4
sf,cvs,irad,irad/irad/OutlineDelegate.h,clean,cpp,IssueTrue,1570,61,1837,2,1,2,1,2,10,4,7,7,7,7,7,5,8,4,3,9,9,9,6,6,7,7,7,5,7,6,6,6,6,6,6,6,6,6,6,6,9,9,9,8,8,9,1,2,2,2,2,3,3,1,2,6,8,4,3,4,4,4,4,2,3,3
sf,cvs,irad,irad/irad/PatientWindowController.h,clean,cpp,IssueTrue,1570,61,1837,2,7,3,8,3,3,4,7,7,7,7,7,5,8,4,3,9,9,9,6,6,7,7,7,5,7,6,6,6,6,6,6,6,6,6,6,6,9,9,9,8,8,9,3,4,3,2,2,3,4,2,2,10,9,7,8,9,4,4,4,2,3,6
sf,cvs,irad,irad/irad/PrefsController.h,clean,cpp,IssueTrue,1570,61,1837,2,6,2,9,3,2,4,7,7,7,7,7,5,8,4,3,9,9,9,6,6,7,7,7,5,7,6,6,6,6,6,6,6,6,6,6,6,9,9,9,8,8,9,3,4,3,2,2,3,4,2,2,8,5,6,6,7,4,4,4,6,8,7
sf,cvs,irad,irad/irad/SendWindowController.h,clean,cpp,IssueTrue,1570,61,1837,2,2,2,3,3,7,4,7,7,7,7,7,5,8,4,3,9,9,9,6,6,7,7,7,5,7,6,6,6,6,6,6,6,6,6,6,6,9,9,9,8,8,9,3,4,3,2,2,3,4,2,2,9,8,4,5,6,4,4,4,2,6,6
sf,cvs,irad,irad/irad/SeriesView.h,clean,cpp,IssueTrue,1570,61,1837,2,6,3,9,3,4,4,7,7,7,7,7,5,8,4,3,9,9,9,6,6,7,7,7,5,7,6,6,6,6,6,6,6,6,6,6,6,9,9,9,8,8,9,3,4,3,2,2,3,4,2,2,9,9,3,3,4,5,6,6,6,7,8
sf,cvs,irad,irad/irad/TileWindowController.h,clean,cpp,IssueTrue,1570,61,1837,2,1,2,2,3,9,4,7,7,7,7,7,5,8,4,3,9,9,9,6,6,7,7,7,5,7,6,6,6,6,6,6,6,6,6,6,6,9,9,9,8,8,9,3,4,3,2,2,3,4,2,2,3,5,7,5,5,4,4,4,4,3,3
sf,cvs,irad,irad/irad/ViewController.h,clean,cpp,IssueTrue,1570,61,1837,2,2,2,5,2,6,4,7,7,7,7,7,5,8,4,3,9,9,9,6,6,7,7,7,5,7,6,6,6,6,6,6,6,6,6,6,6,9,9,9,8,8,9,1,2,2,2,2,3,3,1,2,6,5,4,3,4,4,4,4,2,3,3
sf,cvs,irad,irad/irad/myDocument.h,buggy,cpp,IssueTrue,1570,61,1837,2,8,3,10,3,3,4,7,7,7,7,7,5,8,4,3,9,9,9,6,6,7,7,7,5,7,6,6,6,6,6,6,6,6,6,6,6,9,9,9,8,8,9,3,4,3,2,2,3,4,2,2,10,9,6,8,8,4,4,4,6,8,9
