Host,Vcs,Project,File,Buggy,PL,IssueTracking,TLOC,TNF,TNC,TND,LOC,CL,NStmt,NFunc,RCC,MNL,avg_WMC,max_WMC,total_WMC,avg_DIT,max_DIT,total_DIT,avg_RFC,max_RFC,total_RFC,avg_NOC,max_NOC,total_NOC,avg_CBO,max_CBO,total_CBO,avg_DIT.1,max_DIT.1,total_DIT.1,avg_NIV,max_NIV,total_NIV,avg_NIM,max_NIM,total_NIM,avg_NOM,max_NOM,total_NOM,avg_NPBM,max_NPBM,total_NPBM,avg_NPM,max_NPM,total_NPM,avg_NPRM,max_NPRM,total_NPRM,avg_CC,max_CC,total_CC,avg_FANIN,max_FANIN,total_FANIN,avg_FANOUT,max_FANOUT,total_FANOUT,NRev,NFix,avg_AddedLOC,max_AddedLOC,total_AddedLOC,avg_DeletedLOC,max_DeletedLOC,total_DeletedLOC,avg_ModifiedLOC,max_ModifiedLOC,total_ModifiedLOC
sf,cvs,j4fry,j4fry/HibernateJSF/source/org/j4fry/common/database/TransactionCommitter.java,clean,java,IssueTrue,2848,36,807,4,2,3,1,3,9,7,2,3,3,9,9,7,4,4,3,9,9,9,2,2,2,9,9,7,4,4,6,3,3,3,2,2,2,4,3,3,8,8,8,7,7,7,6,5,3,2,2,2,5,4,3,6,5,3,4,4,8,7,7,7,8,7
sf,cvs,j4fry,j4fry/HibernateJSF/source/org/j4fry/common/database/TransactionListener.java,clean,java,IssueTrue,2848,36,807,4,1,1,1,3,1,3,2,3,2,6,5,4,3,3,2,10,10,10,1,1,1,6,5,4,4,4,6,4,3,4,3,3,3,5,4,3,8,8,8,7,7,7,3,3,3,2,2,2,2,2,2,3,5,3,3,3,10,9,8,2,2,2
sf,cvs,j4fry,j4fry/HibernateJSF/source/org/j4fry/common/database/TransactionManager.java,clean,java,IssueTrue,2848,36,807,4,3,3,3,3,8,5,3,4,3,6,5,4,3,3,2,9,9,9,2,1,1,6,5,4,6,6,7,3,3,3,3,3,3,5,4,3,8,8,8,7,7,7,5,4,3,7,5,4,5,5,4,7,5,9,9,9,10,10,10,9,9,9
sf,cvs,j4fry,j4fry/HibernateJSF/source/org/j4fry/common/database/TransactionStarter.java,clean,java,IssueTrue,2848,36,807,4,2,3,1,3,10,5,2,3,2,9,9,7,4,4,3,9,9,9,2,1,1,9,9,7,4,4,6,3,3,3,2,2,2,4,3,3,8,8,8,7,7,7,5,4,3,2,2,2,4,4,3,6,5,3,4,4,7,6,7,7,8,7
sf,cvs,j4fry,j4fry/J4Fry_Quick_Setup_Tomcat_MyFaces_Hibernate/source/org/j4fry/example/model/Attic/Assets.java,clean,java,IssueTrue,2848,36,807,4,5,2,5,3,5,3,2,3,2,6,5,4,3,3,2,9,9,9,2,2,2,6,5,4,6,6,7,4,3,4,3,3,3,5,4,3,8,8,8,7,7,7,3,3,3,3,2,2,4,4,3,6,5,3,4,4,8,7,7,7,8,7
sf,cvs,j4fry,j4fry/J4Fry_Quick_Setup_Tomcat_MyFaces_Hibernate/source/org/j4fry/example/utils/BeanComparator.java,clean,java,IssueTrue,2848,36,807,4,4,3,3,3,7,10,5,6,5,6,5,4,2,2,2,9,9,9,8,7,7,6,5,4,8,7,8,3,3,3,2,2,2,4,3,3,8,8,8,7,7,7,10,8,5,9,7,4,9,8,5,3,5,4,4,4,5,5,5,2,2,2
sf,cvs,j4fry,j4fry/JSFComponents/source/org/j4fry/jsf/action/bean/ActionWrapperBean.java,clean,java,IssueTrue,2848,36,807,4,8,4,7,7,4,10,8,9,8,6,5,4,7,7,5,9,9,9,5,5,4,6,5,4,6,6,7,9,9,8,9,8,8,9,9,7,8,8,8,9,9,9,7,8,7,3,6,5,5,9,8,6,5,7,8,7,5,5,5,4,5,5
sf,cvs,j4fry,j4fry/JSFComponents/source/org/j4fry/jsf/component/UIAjax.java,buggy,java,IssueTrue,2848,36,807,4,7,7,6,6,8,7,7,8,8,9,9,7,6,5,4,9,9,9,7,6,6,9,9,7,9,9,9,8,7,7,7,7,6,4,3,3,8,8,8,10,10,10,7,7,6,4,5,5,5,5,7,7,8,10,10,10,5,6,5,2,5,4
sf,cvs,j4fry,j4fry/JSFComponents/source/org/j4fry/jsf/component/UIPanel.java,buggy,java,IssueTrue,2848,36,807,4,5,6,4,6,8,7,6,7,6,9,9,7,5,5,4,9,9,9,5,4,4,9,9,7,6,6,7,8,7,7,7,6,6,6,5,4,8,8,8,10,10,10,5,5,5,3,4,4,4,4,6,7,8,9,10,9,5,6,5,4,6,6
sf,cvs,j4fry,j4fry/JSFComponents/source/org/j4fry/jsf/converter/BaseConverter.java,clean,java,IssueTrue,2848,36,807,4,7,2,6,4,3,9,8,8,8,6,5,4,4,4,3,10,10,10,6,5,5,6,5,4,4,4,6,6,5,5,5,4,4,6,6,5,8,8,8,7,7,7,10,9,7,6,5,5,7,8,6,3,5,6,5,5,5,5,5,3,3,3
sf,cvs,j4fry,j4fry/JSFComponents/source/org/j4fry/jsf/converter/NumberConverter.java,clean,java,IssueTrue,2848,36,807,4,8,3,7,3,4,9,8,9,8,9,9,7,5,5,4,9,9,9,9,9,8,9,9,7,4,4,6,4,3,4,3,3,3,4,3,3,8,8,8,9,8,8,10,9,7,7,5,4,10,9,7,3,5,9,7,7,5,5,5,8,7,5
sf,cvs,j4fry,j4fry/JSFComponents/source/org/j4fry/jsf/listener/AjaxPhaseListener.java,buggy,java,IssueTrue,2848,36,807,4,8,7,7,5,6,9,7,8,8,9,9,7,6,6,4,9,9,9,10,9,9,9,9,7,4,4,6,7,7,6,7,6,6,4,3,3,8,8,8,10,10,10,8,7,6,7,7,6,10,9,9,9,8,8,8,9,10,10,9,7,8,8
sf,cvs,j4fry,j4fry/JSFComponents/source/org/j4fry/jsf/listener/InitializeStatePhaseListener.java,buggy,java,IssueTrue,2848,36,807,4,5,2,5,4,5,9,7,7,7,9,9,7,5,5,4,9,9,9,7,6,6,9,9,7,4,4,6,6,5,5,5,4,4,4,3,3,8,8,8,10,9,9,9,6,6,6,5,4,7,5,6,8,9,8,7,9,9,9,9,7,8,8
sf,cvs,j4fry,j4fry/JSFComponents/source/org/j4fry/jsf/listener/ResourcePhaseListener.java,clean,java,IssueTrue,2848,36,807,4,4,3,3,3,8,9,3,4,4,9,9,7,4,4,3,9,9,9,5,4,4,9,9,7,4,4,6,3,3,3,3,3,3,5,4,3,8,8,8,7,7,7,6,6,3,5,4,3,8,8,5,7,5,4,5,5,7,7,7,4,6,5
sf,cvs,j4fry,j4fry/JSFComponents/source/org/j4fry/jsf/renderkit/J4FryHtmlRenderer.java,buggy,java,IssueTrue,2848,36,807,4,10,5,4,4,2,5,4,5,4,10,10,8,6,6,4,10,10,10,4,3,3,10,10,8,4,4,6,5,4,4,4,3,4,5,4,3,8,8,8,9,8,8,6,4,4,10,7,6,8,5,6,9,10,10,10,10,10,10,10,4,6,7
sf,cvs,j4fry,j4fry/JSFComponents/source/org/j4fry/jsf/renderkit/J4FryRenderer.java,clean,java,IssueTrue,2848,36,807,4,4,3,3,5,8,5,5,6,5,9,9,7,5,4,4,10,10,10,5,4,4,9,9,7,4,4,6,7,6,6,6,5,5,7,7,5,8,8,8,7,7,7,5,5,5,8,7,6,5,4,5,7,8,8,8,9,5,5,5,2,3,3
sf,cvs,j4fry,j4fry/JSFComponents/source/org/j4fry/jsf/renderkit/html/HtmlAjaxRenderer.java,buggy,java,IssueTrue,2848,36,807,4,8,8,7,5,8,9,8,8,8,10,10,9,7,7,6,9,9,9,9,8,8,10,10,9,4,4,6,6,6,5,6,5,5,4,3,3,8,8,8,10,10,10,9,7,6,10,9,7,9,9,8,10,10,9,9,10,10,10,10,10,10,10
sf,cvs,j4fry,j4fry/JSFComponents/source/org/j4fry/jsf/renderkit/html/HtmlPanelRenderer.java,buggy,java,IssueTrue,2848,36,807,4,8,7,6,5,6,7,8,9,9,10,10,9,7,7,6,9,9,9,7,6,6,10,10,9,4,4,6,7,6,6,6,5,5,6,6,5,8,8,8,9,9,9,9,9,7,7,5,6,8,8,8,10,5,9,10,10,10,10,10,10,10,10
sf,cvs,j4fry,j4fry/JSFComponents/source/org/j4fry/jsf/taglib/AjaxTag.java,buggy,java,IssueTrue,2848,36,807,4,7,2,6,9,3,5,8,9,8,10,10,8,8,8,7,9,9,9,2,2,2,10,10,8,10,9,10,10,10,9,10,9,9,10,10,8,8,8,8,7,7,7,5,8,7,4,8,7,2,4,6,5,5,8,7,7,5,5,5,2,2,2
sf,cvs,j4fry,j4fry/JSFComponents/source/org/j4fry/jsf/taglib/J4FryComponentTag.java,clean,java,IssueTrue,2848,36,807,4,3,2,2,4,8,5,3,4,3,9,9,7,3,3,3,10,10,10,2,2,2,9,9,7,4,4,6,5,4,4,4,3,4,6,5,4,8,8,8,7,7,7,4,4,3,5,5,4,3,4,3,3,5,8,7,6,5,5,5,2,2,2
sf,cvs,j4fry,j4fry/JSFComponents/source/org/j4fry/jsf/taglib/PanelTag.java,clean,java,IssueTrue,2848,36,807,4,8,2,7,9,3,5,9,9,9,10,10,8,9,9,7,9,9,9,2,2,2,10,10,8,10,10,10,10,10,10,10,10,9,10,10,9,8,8,8,7,7,7,5,9,8,4,9,7,2,2,6,7,5,10,10,10,9,9,9,4,6,6
sf,cvs,j4fry,j4fry/JSFComponents/source/org/j4fry/jsf/utils/ExpressionLanguageUtil.java,clean,java,IssueTrue,2848,36,807,4,2,2,1,3,9,5,2,3,3,6,5,4,2,2,2,9,9,9,2,1,1,6,5,4,4,4,6,1,1,1,2,2,2,4,3,3,8,8,8,7,7,7,6,4,3,6,4,3,5,4,3,3,5,7,6,5,5,5,5,2,2,2
sf,cvs,j4fry,j4fry/JSFComponents/source/org/j4fry/jsf/utils/RegExpValidatorUtil.java,clean,java,IssueTrue,2848,36,807,4,1,2,1,3,10,3,2,2,2,6,5,4,2,2,2,9,9,9,3,3,3,6,5,4,4,4,6,1,1,1,2,2,2,4,3,3,8,8,8,7,7,7,3,3,2,4,3,3,4,4,3,5,5,7,7,6,5,5,5,2,3,3
sf,cvs,j4fry,j4fry/JSFComponents/source/org/j4fry/jsf/utils/StateManagerUtil.java,clean,java,IssueTrue,2848,36,807,4,5,3,4,5,7,7,5,5,5,6,5,4,4,4,3,9,9,9,5,4,4,6,5,4,8,8,8,6,6,5,6,5,5,4,3,3,8,8,8,10,10,10,5,5,4,6,5,5,7,6,6,5,5,7,7,6,5,5,5,3,5,4
sf,cvs,j4fry,j4fry/JSFComponents/source/org/j4fry/jsf/utils/UIComponentUtil.java,buggy,java,IssueTrue,2848,36,807,4,8,2,7,7,3,9,9,9,9,6,5,4,7,6,5,9,9,9,5,5,4,6,5,4,4,4,6,1,1,1,8,8,8,9,8,7,8,8,8,9,9,9,8,6,8,9,8,8,6,6,8,10,9,8,8,9,7,8,8,2,6,6
sf,cvs,j4fry,j4fry/JSFComponents/source/org/j4fry/jsf/writer/J4FryResponseWriter.java,clean,java,IssueTrue,2848,36,807,4,6,3,5,6,6,5,6,6,6,6,5,4,5,5,4,9,9,9,5,5,4,6,5,4,8,7,8,7,7,6,7,6,6,7,7,5,8,8,8,9,9,9,5,5,5,7,7,6,6,7,7,7,5,7,7,8,5,5,5,4,6,6
sf,cvs,j4fry,j4fry/Lookups/source/org/j4fry/lookup/beans/LookupBean.java,clean,java,IssueTrue,2848,36,807,4,7,3,5,7,5,7,7,8,7,6,5,4,7,6,5,9,9,9,5,5,4,6,5,4,8,7,8,9,8,8,8,8,8,9,9,7,8,8,8,7,7,7,5,6,6,3,5,4,4,6,6,5,5,7,7,7,5,5,5,2,3,3
sf,cvs,j4fry,j4fry/Lookups/source/org/j4fry/lookup/services/impl/LookupServiceJpaImpl.java,clean,java,IssueTrue,2848,36,807,4,8,3,7,5,3,9,8,9,8,6,5,4,5,5,4,9,9,9,9,8,8,6,5,4,8,8,8,7,7,6,7,6,6,6,5,4,8,8,8,10,10,10,9,8,7,7,5,6,9,9,8,3,5,8,7,6,5,5,5,5,5,4
