Host,Vcs,Project,File,Buggy,PL,IssueTracking,TLOC,TNF,TNC,TND,LOC,CL,NStmt,NFunc,RCC,MNL,avg_WMC,max_WMC,total_WMC,avg_DIT,max_DIT,total_DIT,avg_RFC,max_RFC,total_RFC,avg_NOC,max_NOC,total_NOC,avg_CBO,max_CBO,total_CBO,avg_DIT.1,max_DIT.1,total_DIT.1,avg_NIV,max_NIV,total_NIV,avg_NIM,max_NIM,total_NIM,avg_NOM,max_NOM,total_NOM,avg_NPBM,max_NPBM,total_NPBM,avg_NPM,max_NPM,total_NPM,avg_NPRM,max_NPRM,total_NPRM,avg_CC,max_CC,total_CC,avg_FANIN,max_FANIN,total_FANIN,avg_FANOUT,max_FANOUT,total_FANOUT,NRev,NFix,avg_AddedLOC,max_AddedLOC,total_AddedLOC,avg_DeletedLOC,max_DeletedLOC,total_DeletedLOC,avg_ModifiedLOC,max_ModifiedLOC,total_ModifiedLOC
sf,cvs,javapalm,javapalm/javapalm/src/com/jeffpalm/ajp/impl/AttributeImpl.java,clean,java,IssueFalse,53800,922,901,1,2,3,3,3,6,4,5,2,3,4,4,7,7,7,7,10,10,10,7,9,9,4,4,7,7,7,7,6,5,4,5,5,4,8,5,5,9,9,9,8,8,9,4,5,2,5,3,3,5,4,2,6,9,8,7,7,5,5,9,5,4,4
sf,cvs,javapalm,javapalm/javapalm/src/com/jeffpalm/ajp/impl/ClassFileImpl.java,clean,java,IssueFalse,53800,922,901,1,3,4,3,4,6,6,6,3,4,4,4,7,7,7,7,9,9,9,8,9,9,4,4,7,8,7,7,7,7,6,7,6,5,10,7,7,9,9,9,9,9,9,3,5,3,4,4,4,4,4,2,6,9,7,6,6,5,5,9,3,3,3
sf,cvs,javapalm,javapalm/javapalm/src/com/jeffpalm/ajp/impl/Code_attribute_info.java,clean,java,IssueFalse,53800,922,901,1,4,3,5,3,4,6,6,3,3,9,9,9,7,7,7,9,9,9,9,9,9,9,9,9,10,9,9,6,5,4,5,4,3,9,6,5,9,9,9,8,8,9,6,6,3,9,6,4,9,8,3,6,9,6,6,6,8,7,10,2,2,2
sf,cvs,javapalm,javapalm/javapalm/src/com/jeffpalm/bin/AbstractTakesFiles.java,clean,java,IssueFalse,53800,922,901,1,3,4,4,4,6,7,7,4,4,8,8,8,10,10,10,10,10,10,8,9,9,8,8,8,8,7,7,7,7,6,7,6,5,7,4,3,10,10,10,9,9,9,5,6,3,3,3,4,6,7,3,6,7,6,6,6,5,5,9,3,3,3
sf,cvs,javapalm,javapalm/javapalm/src/com/jeffpalm/bin/AlkalineTrio.java,clean,java,IssueFalse,53800,922,901,1,7,5,7,5,3,7,5,5,6,4,8,10,9,10,10,9,9,9,5,9,10,4,8,10,8,9,9,4,6,6,3,6,6,4,3,5,9,9,9,9,10,10,7,7,5,6,5,5,8,9,4,10,7,6,6,7,5,5,9,5,4,5
sf,cvs,javapalm,javapalm/javapalm/src/com/jeffpalm/bin/Bin.java,clean,java,IssueFalse,53800,922,901,1,10,7,10,10,1,10,7,10,10,4,10,10,8,10,10,10,10,10,4,10,10,4,10,10,7,10,10,8,10,10,8,10,10,7,10,10,10,10,10,9,10,10,4,9,10,8,10,10,5,10,10,10,7,6,7,8,10,10,10,10,10,10
sf,cvs,javapalm,javapalm/javapalm/src/com/jeffpalm/bin/ByteWriter.java,clean,java,IssueFalse,53800,922,901,1,2,3,2,2,7,6,3,1,2,9,9,9,10,10,10,9,9,9,4,7,8,9,9,9,6,6,6,3,3,2,3,3,2,4,2,2,10,9,9,8,8,9,5,5,2,2,2,2,4,5,1,6,7,6,6,6,5,5,9,3,3,3
sf,cvs,javapalm,javapalm/javapalm/src/com/jeffpalm/bin/Cat.java,clean,java,IssueFalse,53800,922,901,1,3,4,4,4,6,7,6,3,3,8,8,8,10,10,10,9,9,9,5,8,8,8,8,8,10,9,9,6,6,5,6,5,4,4,2,2,10,9,9,10,10,10,4,7,3,4,3,3,4,8,2,6,7,6,6,6,5,5,9,3,3,3
sf,cvs,javapalm,javapalm/javapalm/src/com/jeffpalm/bin/D.java,clean,java,IssueFalse,53800,922,901,1,3,6,4,6,7,4,4,4,5,8,9,10,10,10,10,9,9,9,2,8,8,8,9,10,9,10,10,5,7,7,5,7,6,3,2,3,10,10,10,10,10,10,3,4,3,3,3,4,2,5,2,6,7,6,6,6,5,5,9,3,3,3
sf,cvs,javapalm,javapalm/javapalm/src/com/jeffpalm/bin/Download.java,clean,java,IssueFalse,53800,922,901,1,3,4,3,3,6,6,5,3,3,8,8,8,10,10,10,9,9,9,5,8,8,8,8,8,7,7,7,5,5,3,5,4,3,7,4,3,10,10,10,8,8,9,5,6,2,3,3,3,6,8,2,6,7,9,8,8,5,5,9,10,10,9
sf,cvs,javapalm,javapalm/javapalm/src/com/jeffpalm/bin/FileList.java,clean,java,IssueFalse,53800,922,901,1,4,5,5,5,6,7,5,4,5,8,9,9,10,10,10,10,10,10,5,9,9,8,9,9,7,8,7,6,7,6,5,7,6,4,2,3,10,10,10,8,8,9,4,6,4,3,3,4,5,8,3,6,7,6,6,6,5,5,9,3,3,3
sf,cvs,javapalm,javapalm/javapalm/src/com/jeffpalm/bin/FilePiano.java,clean,java,IssueFalse,53800,922,901,1,3,4,3,2,6,6,5,3,3,9,9,9,10,10,10,9,9,9,6,8,8,9,9,9,9,8,8,5,4,3,5,4,3,4,2,2,10,10,10,8,8,9,6,6,2,5,3,3,6,6,2,6,7,6,6,6,5,5,9,3,3,3
sf,cvs,javapalm,javapalm/javapalm/src/com/jeffpalm/bin/GenAntTask.java,clean,java,IssueFalse,53800,922,901,1,7,4,8,5,3,10,9,6,7,8,8,8,10,10,10,9,9,9,10,10,10,8,8,8,10,9,9,8,7,6,7,7,5,4,2,2,10,9,9,10,10,10,8,9,6,7,4,5,10,10,6,6,7,6,6,6,5,5,9,3,3,3
sf,cvs,javapalm,javapalm/javapalm/src/com/jeffpalm/bin/GenBinFiles.java,clean,java,IssueFalse,53800,922,901,1,6,6,7,4,4,7,5,5,6,1,8,9,9,10,10,10,10,10,5,9,10,1,8,9,8,9,9,3,6,5,2,6,5,4,4,4,9,9,9,9,10,10,8,9,5,8,4,5,9,9,5,6,7,6,6,6,5,5,9,10,10,10
sf,cvs,javapalm,javapalm/javapalm/src/com/jeffpalm/bin/Grep.java,buggy,java,IssueFalse,53800,922,901,1,7,7,8,9,4,7,5,8,9,4,8,10,9,10,10,9,10,10,3,10,10,4,8,10,10,10,10,6,10,10,6,10,9,3,2,3,9,10,10,10,10,10,4,8,7,5,4,7,4,9,6,8,7,6,6,7,5,5,9,10,10,10
sf,cvs,javapalm,javapalm/javapalm/src/com/jeffpalm/bin/Indent.java,clean,java,IssueFalse,53800,922,901,1,8,10,8,10,7,2,10,8,8,9,9,9,10,10,10,9,9,9,5,8,8,9,9,9,10,10,10,10,10,10,10,10,10,4,2,2,10,10,10,10,10,10,3,3,7,4,3,8,2,3,5,6,7,6,6,6,5,5,9,3,3,3
sf,cvs,javapalm,javapalm/javapalm/src/com/jeffpalm/bin/Ls.java,clean,java,IssueFalse,53800,922,901,1,6,8,7,8,5,4,3,6,7,4,9,10,8,10,10,9,9,9,2,9,10,4,9,10,9,10,10,4,9,9,3,8,9,3,2,5,9,10,10,10,10,10,4,8,6,4,5,6,3,6,4,6,7,6,6,6,5,5,9,3,3,3
sf,cvs,javapalm,javapalm/javapalm/src/com/jeffpalm/bin/Mains.java,clean,java,IssueFalse,53800,922,901,1,4,5,4,3,5,6,7,4,4,9,9,9,10,10,10,9,9,9,7,8,8,9,9,9,7,7,7,6,5,4,5,5,4,6,3,3,10,10,10,9,9,9,7,7,3,3,3,3,8,7,3,6,7,6,6,6,5,5,9,3,3,3
sf,cvs,javapalm,javapalm/javapalm/src/com/jeffpalm/bin/Packages.java,clean,java,IssueFalse,53800,922,901,1,4,3,4,3,5,7,7,4,4,8,8,8,10,10,10,9,9,9,7,8,8,8,8,8,7,7,7,4,4,3,5,4,3,4,2,2,10,9,9,8,8,9,8,7,3,5,3,3,8,6,2,8,7,8,8,8,5,5,9,7,6,6
sf,cvs,javapalm,javapalm/javapalm/src/com/jeffpalm/bin/Prune.java,clean,java,IssueFalse,53800,922,901,1,1,3,2,2,8,4,2,1,2,9,9,9,10,10,10,9,9,9,5,8,8,9,9,9,6,6,6,3,3,2,3,3,2,4,2,2,10,9,9,8,8,9,4,4,1,2,3,2,3,4,1,6,7,6,6,6,5,5,9,3,3,3
sf,cvs,javapalm,javapalm/javapalm/src/com/jeffpalm/bin/Repackage.java,clean,java,IssueFalse,53800,922,901,1,1,3,2,2,8,2,2,1,2,9,9,9,10,10,10,9,9,9,3,7,7,9,9,9,6,6,6,4,4,3,4,3,2,4,2,2,10,10,10,8,8,9,3,3,1,2,2,2,2,3,1,6,7,6,6,6,5,5,9,3,3,3
sf,cvs,javapalm,javapalm/javapalm/src/com/jeffpalm/bin/String2Hex.java,clean,java,IssueFalse,53800,922,901,1,2,3,2,2,7,6,3,2,2,8,8,8,10,10,10,9,9,9,2,7,7,8,8,8,7,7,7,3,3,2,3,3,2,4,2,2,10,9,9,8,8,9,5,6,2,3,3,2,3,4,1,6,7,6,6,6,5,5,9,3,3,3
sf,cvs,javapalm,javapalm/javapalm/src/com/jeffpalm/bin/UnCVS.java,clean,java,IssueFalse,53800,922,901,1,2,4,3,2,8,6,5,2,3,9,9,9,10,10,10,9,9,9,2,7,7,9,9,9,6,6,6,4,4,3,4,3,2,4,2,2,10,10,10,8,8,9,6,7,2,2,3,2,4,6,1,6,7,6,6,6,5,5,9,3,3,3
sf,cvs,javapalm,javapalm/javapalm/src/com/jeffpalm/bin/Zipcodes.java,clean,java,IssueFalse,53800,922,901,1,4,4,5,3,4,6,4,4,5,4,8,10,10,10,10,9,9,9,3,8,9,4,8,10,7,7,8,3,5,4,2,4,4,4,3,3,9,9,9,9,9,9,7,7,4,5,4,4,7,6,2,6,7,6,6,6,5,5,9,10,10,10
sf,cvs,javapalm,javapalm/javapalm/src/com/jeffpalm/browser/Main.java,clean,java,IssueFalse,53800,922,901,1,8,6,7,6,3,9,4,4,6,4,8,10,9,10,10,9,9,9,7,10,10,4,8,10,7,8,8,4,6,7,3,5,6,6,5,7,9,9,10,9,10,10,6,8,5,7,4,6,7,8,5,6,7,6,6,6,5,5,9,10,10,10
sf,cvs,javapalm,javapalm/javapalm/src/com/jeffpalm/decompiler/Attribute.java,clean,java,IssueFalse,53800,922,901,1,1,3,1,2,10,2,2,1,1,4,4,7,5,5,6,10,10,10,2,7,7,4,4,7,6,6,6,4,4,3,3,3,2,3,1,1,9,9,9,8,8,9,3,3,1,1,2,2,2,3,1,6,7,6,6,6,5,5,9,3,3,3
sf,cvs,javapalm,javapalm/javapalm/src/com/jeffpalm/decompiler/LineNumberTableAttribute.java,clean,java,IssueFalse,53800,922,901,1,1,3,1,2,9,2,2,1,2,4,8,8,5,5,6,10,10,10,1,6,7,4,8,8,6,6,6,3,3,3,2,2,2,3,1,1,9,9,9,8,8,9,3,3,1,1,2,2,2,3,1,6,7,6,6,6,5,5,9,3,3,3
sf,cvs,javapalm,javapalm/javapalm/src/com/jeffpalm/decompiler/LocalVariableTableAttribute.java,clean,java,IssueFalse,53800,922,901,1,1,3,1,3,8,2,2,1,2,4,8,8,5,5,6,10,10,10,2,6,7,4,8,8,6,6,6,4,5,4,3,4,4,3,1,1,9,9,9,8,8,9,3,3,2,1,2,2,2,3,1,6,7,6,6,6,5,5,9,3,3,3
sf,cvs,javapalm,javapalm/javapalm/src/com/jeffpalm/decompiler/SourceFileAttribute.java,clean,java,IssueFalse,53800,922,901,1,1,3,1,1,10,2,1,1,1,8,8,8,5,5,6,10,10,10,1,6,6,8,8,8,6,6,6,1,1,1,1,1,1,3,1,1,9,9,9,8,8,9,2,1,1,1,2,2,1,2,1,6,7,6,6,6,5,5,9,3,3,3
sf,cvs,javapalm,javapalm/javapalm/src/com/jeffpalm/javaparser/ASCII_CharStream.java,buggy,java,IssueFalse,53800,922,901,1,7,5,7,4,3,7,9,6,6,8,8,8,8,8,8,9,9,9,5,8,8,8,8,8,6,6,6,7,7,6,7,6,5,9,6,6,9,9,9,10,9,9,8,8,5,9,5,5,9,8,5,6,7,5,5,5,5,5,9,3,3,3
sf,cvs,javapalm,javapalm/javapalm/src/com/jeffpalm/logfiles/Main.java,buggy,java,IssueFalse,53800,922,901,1,1,9,1,1,10,2,1,1,1,1,1,5,5,5,5,9,9,9,1,6,6,1,1,5,6,6,6,1,1,1,1,1,1,3,1,1,9,9,9,8,8,9,2,1,1,1,2,2,1,2,1,8,9,3,4,4,5,5,9,2,2,2
sf,cvs,javapalm,javapalm/javapalm/src/com/jeffpalm/util/IO.java,buggy,java,IssueFalse,53800,922,901,1,10,9,10,10,3,6,5,10,10,1,8,10,6,10,10,10,10,10,3,10,10,1,8,10,6,6,8,3,3,8,5,10,10,9,10,10,9,9,9,9,10,10,5,7,10,7,10,10,6,7,10,6,7,7,6,6,5,5,9,5,4,4
sf,cvs,javapalm,javapalm/javapalm/src/com/jeffpalm/util/InputGUI.java,buggy,java,IssueFalse,53800,922,901,1,5,5,6,7,5,4,2,3,6,1,4,10,6,7,9,9,10,10,5,10,10,1,4,10,6,8,7,4,6,8,3,6,8,6,7,8,9,9,9,9,9,9,3,5,5,2,3,4,5,9,5,6,7,8,7,7,7,6,10,9,7,6
sf,cvs,javapalm,javapalm/javapalm/src/com/jeffpalm/util/Net.java,buggy,java,IssueFalse,53800,922,901,1,7,5,7,7,3,7,5,7,8,4,9,10,6,8,9,10,10,10,5,10,10,4,9,10,6,7,7,3,4,5,4,8,8,7,8,8,9,9,9,9,9,9,6,8,7,5,5,6,6,6,6,6,7,6,6,6,5,5,9,5,4,4
sf,cvs,javapalm,javapalm/javapalm/src/com/jeffpalm/util/Util.java,buggy,java,IssueFalse,53800,922,901,1,10,9,10,10,1,9,5,10,10,1,8,10,6,10,10,10,10,10,2,10,10,1,8,10,6,7,9,3,5,10,5,10,10,8,10,10,9,10,10,9,10,10,5,9,10,7,10,10,6,8,10,6,9,3,4,4,5,5,9,2,2,2
sf,cvs,javapalm,javapalm/javapalm/src/com/jeffpalm/util/getopt/Options.java,buggy,java,IssueFalse,53800,922,901,1,10,10,10,10,3,10,7,10,10,1,8,10,7,9,10,10,10,10,5,10,10,1,8,10,8,10,10,6,10,10,6,10,10,8,10,10,9,9,9,9,10,10,7,10,10,5,8,10,7,10,10,6,7,10,10,10,9,7,10,7,6,5
sf,cvs,javapalm,javapalm/javapalm/src/com/jeffpalm/util/reflect/ReflectUtils.java,buggy,java,IssueFalse,53800,922,901,1,10,8,10,10,2,10,7,10,10,4,9,10,6,10,10,10,10,10,4,10,10,4,9,10,6,6,6,6,10,10,6,10,10,9,10,10,9,9,9,9,10,10,6,9,10,7,6,10,6,10,10,8,7,9,8,8,5,5,9,2,3,3
sf,cvs,javapalm,javapalm/javapalm/test-src/com/jeffpalm/test/TestSupport.java,buggy,java,IssueFalse,53800,922,901,1,2,3,2,3,6,4,4,2,2,8,8,8,7,6,7,10,10,10,7,8,8,8,8,8,6,6,6,6,5,4,5,4,3,3,1,1,10,10,10,8,8,9,3,4,2,5,3,3,5,4,2,6,7,8,7,7,5,5,9,2,2,2
sf,cvs,javapalm,javapalm/javapalm/test-src/com/jeffpalm/test/TestUtil.java,buggy,java,IssueFalse,53800,922,901,1,2,3,3,2,6,7,5,3,3,4,4,7,6,6,6,9,9,9,6,8,8,4,4,7,6,6,6,3,3,2,3,3,2,6,3,3,9,9,9,9,9,9,8,8,2,9,5,3,8,7,1,6,7,10,9,8,5,5,9,3,3,3
sf,cvs,javapalm,javapalm/javapalm/test-src/com/jeffpalm/util/reflect/ReflectUtilsTest.java,buggy,java,IssueFalse,53800,922,901,1,7,3,8,8,2,4,9,6,6,9,9,9,9,8,8,9,9,9,9,9,9,9,9,9,6,6,6,10,9,9,9,9,9,10,9,9,9,9,9,8,8,9,3,4,5,4,4,6,4,6,5,6,7,10,9,8,5,5,9,2,2,2
