Host,Vcs,Project,File,Buggy,PL,IssueTracking,TLOC,TNF,TNC,TND,LOC,CL,NStmt,NFunc,RCC,MNL,avg_WMC,max_WMC,total_WMC,avg_DIT,max_DIT,total_DIT,avg_RFC,max_RFC,total_RFC,avg_NOC,max_NOC,total_NOC,avg_CBO,max_CBO,total_CBO,avg_DIT.1,max_DIT.1,total_DIT.1,avg_NIV,max_NIV,total_NIV,avg_NIM,max_NIM,total_NIM,avg_NOM,max_NOM,total_NOM,avg_NPBM,max_NPBM,total_NPBM,avg_NPM,max_NPM,total_NPM,avg_NPRM,max_NPRM,total_NPRM,avg_CC,max_CC,total_CC,avg_FANIN,max_FANIN,total_FANIN,avg_FANOUT,max_FANOUT,total_FANOUT,NRev,NFix,avg_AddedLOC,max_AddedLOC,total_AddedLOC,avg_DeletedLOC,max_DeletedLOC,total_DeletedLOC,avg_ModifiedLOC,max_ModifiedLOC,total_ModifiedLOC
gc,svn,jforum,/trunk/jforum/src/main/java/net/jforum/actions/GroupAdminActions.java,buggy,java,IssueTrue,4471,29,744,8,7,6,6,6,7,5,7,7,7,6,5,4,6,5,4,9,9,9,4,3,3,6,5,4,9,9,9,8,7,7,7,7,6,8,8,6,8,8,8,9,8,8,6,4,6,9,7,8,7,6,8,6,5,5,6,6,5,5,5,6,6,7
gc,svn,jforum,/trunk/jforum/src/main/java/net/jforum/actions/TopicActions.java,buggy,java,IssueTrue,4471,29,744,8,9,7,9,7,4,7,8,9,8,6,5,4,7,6,5,9,9,9,9,8,8,6,5,4,10,10,10,9,8,8,8,8,8,9,9,7,8,8,8,9,8,8,7,7,7,10,9,9,10,10,10,8,5,8,9,9,7,8,7,6,8,8
gc,svn,jforum,/trunk/jforum/src/main/java/net/jforum/actions/UserActions.java,buggy,java,IssueTrue,4471,29,744,8,9,7,8,8,5,7,9,9,9,6,5,4,7,7,6,9,9,9,9,8,8,6,5,4,10,9,10,9,9,9,9,9,8,9,9,8,8,8,8,10,9,9,6,6,7,10,9,9,7,8,9,10,5,6,8,9,7,8,8,6,8,9
gc,svn,jforum,/trunk/jforum/src/main/java/net/jforum/actions/helpers/Actions.java,buggy,java,IssueTrue,4471,29,744,8,3,2,3,2,7,3,1,1,1,6,5,4,2,2,2,9,9,9,2,1,1,6,5,4,4,4,6,2,2,2,1,1,1,1,1,1,8,8,8,9,8,8,3,3,2,2,2,2,2,2,2,5,5,4,4,4,5,5,5,2,2,2
gc,svn,jforum,/trunk/jforum/src/main/java/net/jforum/core/hibernate/ForumDAO.java,buggy,java,IssueTrue,4471,29,744,8,9,7,6,8,6,5,7,8,8,9,9,7,7,7,6,9,9,9,8,7,7,9,9,7,6,6,7,9,9,8,9,9,8,9,9,8,8,8,8,9,9,9,4,6,6,4,5,6,8,8,9,6,5,5,6,6,8,8,8,8,9,8
gc,svn,jforum,/trunk/jforum/src/main/java/net/jforum/core/hibernate/UserDAO.java,buggy,java,IssueTrue,4471,29,744,8,7,7,4,7,7,3,6,7,6,9,9,7,7,7,5,9,9,9,6,5,5,9,9,7,4,4,6,9,9,8,9,8,8,9,9,8,8,8,8,7,7,7,3,3,5,5,4,6,8,6,9,9,5,6,7,8,7,7,7,3,6,6
gc,svn,jforum,/trunk/jforum/src/main/java/net/jforum/core/support/hibernate/CacheEvictionRules.java,buggy,java,IssueTrue,4471,29,744,8,8,8,6,8,7,7,8,8,8,6,5,4,7,7,6,9,9,9,4,3,3,6,5,4,7,7,7,9,9,9,9,9,8,9,9,7,8,8,8,10,10,10,5,6,7,4,5,7,4,6,7,3,5,9,7,7,9,7,7,10,9,8
gc,svn,jforum,/trunk/jforum/src/main/java/net/jforum/core/tags/DisplayForumsTag.java,buggy,java,IssueTrue,4471,29,744,8,4,2,3,4,7,7,4,5,4,9,9,7,4,4,3,9,9,9,5,5,4,9,9,7,8,8,8,6,5,5,5,4,4,6,6,5,8,8,8,7,7,7,5,5,4,4,5,4,3,4,3,5,5,3,3,3,8,7,7,2,3,3
gc,svn,jforum,/trunk/jforum/src/main/java/net/jforum/entities/Forum.java,buggy,java,IssueTrue,4471,29,744,8,8,9,7,9,8,5,9,9,9,6,5,4,9,8,7,10,10,10,7,6,6,6,5,4,10,10,10,10,10,10,10,10,10,10,10,9,8,8,8,9,8,8,4,5,7,6,9,9,3,6,8,3,5,5,5,5,5,5,5,2,2,2
gc,svn,jforum,/trunk/jforum/src/main/java/net/jforum/entities/Post.java,buggy,java,IssueTrue,4471,29,744,8,9,10,8,10,9,5,9,9,9,6,5,4,9,9,8,9,9,9,6,5,5,6,5,4,10,10,10,10,10,10,10,10,10,10,10,9,8,8,8,7,7,7,3,5,8,6,7,9,2,2,7,3,5,5,4,4,5,5,5,3,3,3
gc,svn,jforum,/trunk/jforum/src/main/java/net/jforum/entities/User.java,clean,java,IssueTrue,4471,29,744,8,10,10,9,10,9,5,10,10,10,6,5,4,10,10,9,10,10,10,8,7,6,6,5,4,10,10,10,10,10,10,10,10,10,10,10,10,8,8,8,9,8,8,3,5,9,5,8,10,2,3,9,9,5,3,4,4,9,9,9,4,5,7
gc,svn,jforum,/trunk/jforum/src/main/java/net/jforum/entities/UserSession.java,buggy,java,IssueTrue,4471,29,744,8,9,9,8,9,7,9,9,10,9,6,5,4,9,9,7,9,9,9,10,9,9,6,5,4,9,9,9,10,10,10,10,10,10,10,10,9,8,8,8,9,9,9,5,7,8,7,8,9,4,7,9,3,5,9,7,7,5,5,5,2,2,2
gc,svn,jforum,/trunk/jforum/src/main/java/net/jforum/entities/util/Pagination.java,buggy,java,IssueTrue,4471,29,744,8,8,8,7,8,8,3,7,8,7,6,5,4,8,7,6,9,9,9,6,5,5,6,5,4,10,9,9,10,9,9,9,9,9,10,9,8,8,8,8,9,8,8,3,4,6,9,9,9,7,8,9,3,5,3,3,3,5,5,5,3,3,3
gc,svn,jforum,/trunk/jforum/src/main/java/net/jforum/plugins/post/ForumAdminExtension.java,clean,java,IssueTrue,4471,29,744,8,7,2,6,5,3,10,7,7,7,6,5,4,4,4,3,9,9,9,5,4,4,6,5,4,9,8,9,6,6,5,6,5,5,7,6,5,8,8,8,7,7,7,8,6,6,9,5,6,8,6,7,3,5,4,4,4,5,5,5,10,9,7
gc,svn,jforum,/trunk/jforum/src/main/java/net/jforum/plugins/post/PostEditInterceptor.java,clean,java,IssueTrue,4471,29,744,8,5,2,4,3,6,10,3,4,4,6,5,4,2,2,2,9,9,9,7,6,5,6,5,4,9,8,9,3,3,3,2,2,2,4,3,3,8,8,8,7,7,7,8,6,3,9,6,4,10,8,5,6,5,8,9,8,10,9,9,7,8,7
gc,svn,jforum,/trunk/jforum/src/main/java/net/jforum/repository/UserRepository.java,buggy,java,IssueTrue,4471,29,744,8,2,8,2,7,10,3,6,7,6,9,9,7,7,6,5,10,10,10,3,3,3,9,9,7,4,4,6,9,8,8,8,8,8,9,9,7,8,8,8,7,7,7,3,3,5,2,2,3,2,2,4,5,5,7,6,7,5,5,5,2,2,2
gc,svn,jforum,/trunk/jforum/src/main/java/net/jforum/security/ChangePostRule.java,clean,java,IssueTrue,4471,29,744,8,4,2,3,3,7,5,4,5,4,6,5,4,3,3,2,9,9,9,5,5,4,6,5,4,6,6,7,4,3,4,3,3,3,4,3,3,8,8,8,9,8,8,7,5,4,5,4,3,8,7,5,3,5,3,3,3,5,5,5,3,3,3
gc,svn,jforum,/trunk/jforum/src/main/java/net/jforum/security/EditUserRule.java,clean,java,IssueTrue,4471,29,744,8,3,3,2,3,9,5,2,3,3,6,5,4,2,2,2,9,9,9,4,3,3,6,5,4,4,4,6,3,3,3,2,2,2,2,2,2,8,8,8,9,8,8,6,5,3,5,3,3,8,5,4,6,8,6,7,6,9,9,8,4,7,5
gc,svn,jforum,/trunk/jforum/src/main/java/net/jforum/security/RoleManager.java,buggy,java,IssueTrue,4471,29,744,8,8,9,8,9,9,10,9,9,9,6,5,4,9,9,7,9,9,9,4,3,3,6,5,4,6,6,7,10,10,10,10,10,10,10,10,9,8,8,8,9,8,8,4,6,8,8,10,9,5,10,9,9,5,6,7,8,7,8,8,4,7,8
gc,svn,jforum,/trunk/jforum/src/main/java/net/jforum/services/AvatarService.java,buggy,java,IssueTrue,4471,29,744,8,9,8,8,7,8,7,9,9,9,6,5,4,7,7,5,9,9,9,8,7,6,6,5,4,7,7,7,9,9,8,9,8,8,7,7,5,8,8,8,10,10,10,8,7,8,8,7,8,6,8,8,3,5,4,4,4,9,7,7,10,9,8
gc,svn,jforum,/trunk/jforum/src/main/java/net/jforum/services/GroupService.java,buggy,java,IssueTrue,4471,29,744,8,8,5,7,6,5,7,8,9,8,6,5,4,6,6,4,9,9,9,7,6,5,6,5,4,8,7,8,8,8,7,8,7,7,7,7,5,8,8,8,10,10,10,8,7,7,7,6,7,8,10,8,9,5,6,7,8,6,7,7,3,8,7
gc,svn,jforum,/trunk/jforum/src/main/java/net/jforum/services/TopicService.java,clean,java,IssueTrue,4471,29,744,8,7,5,6,5,6,5,7,7,7,6,5,4,5,4,4,9,9,9,5,5,4,6,5,4,9,8,9,7,6,6,6,5,5,6,5,4,8,8,8,10,9,9,7,6,6,8,7,6,9,9,8,7,5,9,8,9,9,8,9,7,8,8
gc,svn,jforum,/trunk/jforum/src/main/java/net/jforum/services/UserService.java,buggy,java,IssueTrue,4471,29,744,8,8,6,7,6,6,7,7,8,8,6,5,4,5,5,4,9,9,9,8,7,6,6,5,4,9,8,9,8,7,7,7,6,6,7,7,5,8,8,8,9,9,9,7,7,6,8,6,7,9,10,9,7,5,4,6,6,10,10,9,7,9,8
gc,svn,jforum,/trunk/jforum/src/main/java/net/jforum/util/ConfigKeys.java,clean,java,IssueTrue,4471,29,744,8,8,2,8,2,2,3,1,1,1,6,5,4,2,2,2,9,9,9,2,1,1,6,5,4,4,4,6,2,2,2,1,1,1,1,1,1,8,8,8,9,8,8,3,3,2,2,2,2,2,2,2,7,5,4,6,6,5,6,5,2,3,3
gc,svn,jforum,/trunk/jforum/src/test/java/net/jforum/actions/TopicActionsTestCase.java,buggy,java,IssueTrue,4471,29,744,8,10,2,10,9,1,5,1,8,8,6,5,10,2,8,10,9,9,9,2,8,10,6,5,10,5,10,10,2,10,10,1,10,10,2,10,9,8,8,8,7,8,8,3,3,7,5,9,8,7,6,10,5,5,9,8,8,7,7,6,9,9,7
gc,svn,jforum,/trunk/jforum/src/test/java/net/jforum/actions/UserActionsTestCase.java,clean,java,IssueTrue,4471,29,744,8,10,2,10,9,1,3,1,9,8,6,5,10,1,8,10,9,9,9,2,8,10,6,5,10,4,10,10,1,10,10,1,10,10,1,10,9,8,8,8,7,7,7,3,3,7,5,3,8,5,5,9,9,5,7,7,9,5,5,5,4,6,7
