Host,Vcs,Project,File,Buggy,PL,IssueTracking,TLOC,TNF,TNC,TND,LOC,CL,NStmt,NFunc,RCC,MNL,avg_WMC,max_WMC,total_WMC,avg_DIT,max_DIT,total_DIT,avg_RFC,max_RFC,total_RFC,avg_NOC,max_NOC,total_NOC,avg_CBO,max_CBO,total_CBO,avg_DIT.1,max_DIT.1,total_DIT.1,avg_NIV,max_NIV,total_NIV,avg_NIM,max_NIM,total_NIM,avg_NOM,max_NOM,total_NOM,avg_NPBM,max_NPBM,total_NPBM,avg_NPM,max_NPM,total_NPM,avg_NPRM,max_NPRM,total_NPRM,avg_CC,max_CC,total_CC,avg_FANIN,max_FANIN,total_FANIN,avg_FANOUT,max_FANOUT,total_FANOUT,NRev,NFix,avg_AddedLOC,max_AddedLOC,total_AddedLOC,avg_DeletedLOC,max_DeletedLOC,total_DeletedLOC,avg_ModifiedLOC,max_ModifiedLOC,total_ModifiedLOC
sf,svn,jguard,/jguard/trunk/jguard/jguard-core/src/main/java/net/sf/jguard/core/InitHelper.java,clean,java,IssueTrue,14760,144,4920,8,7,7,8,7,5,7,8,7,6,4,6,4,5,4,4,9,9,9,10,10,9,4,6,4,6,6,6,1,1,1,6,6,7,2,2,2,8,8,9,10,10,10,8,7,7,10,9,8,9,7,7,5,8,6,7,7,7,8,7,9,7,8
sf,svn,jguard,/jguard/trunk/jguard/jguard-core/src/main/java/net/sf/jguard/core/PolicyEnforcementPoint.java,buggy,java,IssueTrue,14760,144,4920,8,4,6,5,7,7,7,6,5,4,4,6,4,4,4,4,9,9,9,8,7,6,4,6,4,7,7,7,6,6,5,6,5,6,6,6,5,8,8,9,10,8,8,5,6,6,8,8,6,6,6,5,6,5,4,6,6,7,8,7,4,5,5
sf,svn,jguard,/jguard/trunk/jguard/jguard-core/src/main/java/net/sf/jguard/core/authentication/AuthenticationServicePoint.java,buggy,java,IssueTrue,14760,144,4920,8,8,10,9,8,7,9,9,8,8,4,6,4,5,5,5,9,9,9,10,10,10,4,6,4,7,7,7,6,6,5,7,7,8,7,7,6,8,8,9,10,9,9,10,9,9,10,10,8,10,10,8,9,10,8,9,9,9,9,9,9,10,10
sf,svn,jguard,/jguard/trunk/jguard/jguard-core/src/main/java/net/sf/jguard/core/authentication/AuthenticationUtils.java,clean,java,IssueTrue,14760,144,4920,8,5,8,6,7,7,9,7,6,5,4,6,4,4,4,4,10,10,10,8,7,7,4,6,4,9,9,8,6,6,5,6,5,6,7,7,5,8,8,9,8,7,7,7,7,7,9,8,6,6,8,5,5,5,4,5,5,10,10,9,6,6,6
sf,svn,jguard,/jguard/trunk/jguard/jguard-core/src/main/java/net/sf/jguard/core/authentication/bindings/AbstractAuthenticationBindings.java,buggy,java,IssueTrue,14760,144,4920,8,3,4,4,5,8,7,4,4,3,4,6,4,3,3,3,10,10,10,4,3,3,4,6,4,9,9,8,5,4,4,4,4,5,6,5,4,8,8,9,8,7,7,4,6,5,6,8,4,4,5,3,7,8,5,7,7,10,10,10,2,3,5
sf,svn,jguard,/jguard/trunk/jguard/jguard-core/src/main/java/net/sf/jguard/core/authentication/bindings/AbstractAuthenticationBindingsFactory.java,clean,java,IssueTrue,14760,144,4920,8,7,7,8,6,6,8,8,7,7,4,6,4,4,4,4,10,10,10,10,9,9,4,6,4,8,8,7,5,4,4,5,5,6,6,6,5,8,8,9,8,7,7,10,9,8,9,9,6,9,10,6,5,9,5,6,6,5,5,5,7,7,7
sf,svn,jguard,/jguard/trunk/jguard/jguard-core/src/main/java/net/sf/jguard/core/authentication/bindings/AuthenticationBindings.java,clean,java,IssueTrue,14760,144,4920,8,2,8,3,8,10,4,7,6,6,1,4,1,1,1,1,10,10,10,4,3,3,1,4,1,6,6,6,9,8,8,8,8,9,9,9,8,8,8,9,8,7,7,3,4,7,7,8,7,2,3,3,5,9,3,5,5,9,9,8,5,5,5
sf,svn,jguard,/jguard/trunk/jguard/jguard-core/src/main/java/net/sf/jguard/core/authentication/bindings/AuthenticationBindingsFactory.java,clean,java,IssueTrue,14760,144,4920,8,1,6,2,5,10,4,4,3,3,1,4,1,1,1,1,10,10,10,4,3,3,1,4,1,6,6,6,5,4,4,4,4,5,6,5,4,8,8,9,8,7,7,3,4,4,8,7,5,2,3,2,5,5,5,6,6,5,5,5,5,5,5
sf,svn,jguard,/jguard/trunk/jguard/jguard-core/src/main/java/net/sf/jguard/core/authentication/bindings/AuthenticationBindingsFactoryWrapper.java,clean,java,IssueTrue,14760,144,4920,8,2,5,3,6,9,4,4,4,3,4,6,4,4,4,4,9,9,9,4,3,3,4,6,4,7,7,7,6,5,5,5,5,6,6,6,5,8,8,9,8,7,7,3,4,5,4,4,4,3,3,3,3,5,3,4,4,5,5,5,4,3,4
sf,svn,jguard,/jguard/trunk/jguard/jguard-core/src/main/java/net/sf/jguard/core/authentication/bindings/AuthenticationBindingsWrapper.java,buggy,java,IssueTrue,14760,144,4920,8,5,6,5,9,7,4,7,6,6,8,8,7,7,7,7,10,10,10,5,4,4,8,8,7,7,7,7,9,8,8,8,8,9,9,9,8,8,8,9,8,7,7,3,4,7,4,5,6,3,6,5,5,8,3,4,4,9,9,8,2,3,4
sf,svn,jguard,/jguard/trunk/jguard/jguard-core/src/main/java/net/sf/jguard/core/authentication/bindings/StatefulAuthenticationBindings.java,clean,java,IssueTrue,14760,144,4920,8,1,5,2,6,10,4,4,4,3,4,6,4,4,4,4,10,10,10,2,2,2,4,6,4,6,6,6,6,5,5,5,5,6,6,6,5,8,8,9,8,7,7,3,4,5,7,7,5,1,3,2,3,5,3,4,4,5,5,5,4,3,4
sf,svn,jguard,/jguard/trunk/jguard/jguard-core/src/main/java/net/sf/jguard/core/authentication/bindings/StatefulImpersonationAuthenticationBindings.java,buggy,java,IssueTrue,14760,144,4920,8,3,5,4,7,8,4,5,5,4,10,10,9,9,9,8,9,9,9,6,5,5,10,10,9,7,7,7,7,6,6,6,6,7,7,7,6,8,8,9,8,7,7,3,4,6,5,5,5,3,5,4,3,5,3,4,4,5,5,5,4,3,4
sf,svn,jguard,/jguard/trunk/jguard/jguard-core/src/main/java/net/sf/jguard/core/authentication/callbacks/AbstractCallbackHandler.java,clean,java,IssueTrue,14760,144,4920,8,6,8,7,6,7,8,8,7,6,4,6,4,4,4,4,10,10,10,9,8,8,4,6,4,9,8,8,6,5,5,5,5,6,4,3,3,9,9,9,10,9,9,10,9,8,7,7,5,9,8,6,6,5,3,5,5,7,8,7,2,3,4
sf,svn,jguard,/jguard/trunk/jguard/jguard-core/src/main/java/net/sf/jguard/core/authentication/callbacks/HookCallbackHandler.java,buggy,java,IssueTrue,14760,144,4920,8,3,7,4,5,9,8,5,4,4,4,6,4,3,3,3,9,9,9,5,4,4,4,6,4,7,7,7,4,3,4,3,3,4,4,3,3,8,8,9,10,8,8,8,7,5,5,5,3,6,5,3,3,5,3,4,4,5,5,5,6,5,5
sf,svn,jguard,/jguard/trunk/jguard/jguard-core/src/main/java/net/sf/jguard/core/authentication/configuration/ConfigurationHelper.java,clean,java,IssueTrue,14760,144,4920,8,8,8,9,6,6,10,9,8,8,4,6,4,4,4,4,9,9,9,10,9,8,4,6,4,6,6,6,1,1,1,5,5,6,6,6,5,8,8,9,8,7,7,10,9,9,10,10,8,9,9,6,8,8,3,5,5,10,10,10,8,8,9
sf,svn,jguard,/jguard/trunk/jguard/jguard-core/src/main/java/net/sf/jguard/core/authentication/configuration/FilteredConfiguration.java,clean,java,IssueTrue,14760,144,4920,8,3,6,4,5,8,9,5,4,4,8,8,7,5,4,5,9,9,9,5,5,4,8,8,7,8,8,7,4,3,4,3,3,4,5,4,3,8,8,9,8,7,7,8,7,5,7,6,4,9,8,4,5,9,6,6,7,7,7,7,7,6,7
sf,svn,jguard,/jguard/trunk/jguard/jguard-core/src/main/java/net/sf/jguard/core/authentication/configuration/GuestAppConfigurationEntryFilter.java,clean,java,IssueTrue,14760,144,4920,8,3,3,4,3,6,8,3,3,2,4,6,4,2,2,2,9,9,9,7,6,5,4,6,4,7,7,7,2,2,2,1,1,2,2,2,2,8,8,9,8,7,7,10,7,4,8,6,3,10,7,3,3,8,3,4,4,5,5,5,4,3,4
sf,svn,jguard,/jguard/trunk/jguard/jguard-core/src/main/java/net/sf/jguard/core/authentication/configuration/JGuardConfiguration.java,clean,java,IssueTrue,14760,144,4920,8,7,9,8,8,7,8,7,8,7,4,8,8,5,6,8,9,9,9,8,8,9,4,8,8,7,8,7,5,7,7,4,6,8,5,7,6,9,9,9,9,8,8,9,8,8,9,8,7,9,9,8,6,5,5,6,6,10,10,9,9,8,9
sf,svn,jguard,/jguard/trunk/jguard/jguard-core/src/main/java/net/sf/jguard/core/authentication/loginmodules/UserLoginModule.java,clean,java,IssueTrue,14760,144,4920,8,8,8,9,7,5,9,9,9,8,4,6,4,4,4,4,10,10,10,10,9,9,4,6,4,10,10,10,6,6,5,6,5,6,6,6,5,8,8,9,10,8,8,10,10,9,10,9,7,10,10,8,5,8,4,5,5,8,8,7,5,5,5
sf,svn,jguard,/jguard/trunk/jguard/jguard-core/src/main/java/net/sf/jguard/core/authentication/manager/AuthenticationHelper.java,clean,java,IssueTrue,14760,144,4920,8,5,7,5,5,8,9,7,6,5,4,6,4,3,3,3,9,9,9,9,8,8,4,6,4,6,6,6,2,2,2,3,3,4,2,2,2,9,9,9,10,8,8,10,8,6,9,8,5,10,9,6,6,5,5,7,6,5,5,5,4,3,5
sf,svn,jguard,/jguard/trunk/jguard/jguard-core/src/main/java/net/sf/jguard/core/authentication/manager/AuthenticationManager.java,clean,java,IssueTrue,14760,144,4920,8,4,10,6,10,10,4,10,9,9,1,4,1,8,8,7,10,10,10,7,6,5,1,4,1,6,6,6,10,10,10,10,10,10,10,10,10,8,8,9,8,7,7,3,4,9,4,8,8,2,3,5,5,9,3,4,4,7,8,7,10,9,9
sf,svn,jguard,/jguard/trunk/jguard/jguard-core/src/main/java/net/sf/jguard/core/authentication/schemes/AuthenticationSchemeHandler.java,clean,java,IssueTrue,14760,144,4920,8,2,9,4,7,10,4,6,5,4,1,4,1,1,1,1,10,10,10,6,5,5,1,4,1,6,6,6,7,7,6,7,6,7,8,8,7,8,8,9,8,7,7,3,4,6,4,4,4,1,3,2,8,10,5,7,7,7,9,8,2,3,6
sf,svn,jguard,/jguard/trunk/jguard/jguard-core/src/main/java/net/sf/jguard/core/authentication/schemes/FORMSchemeHandler.java,clean,java,IssueTrue,14760,144,4920,8,4,3,6,8,5,4,6,5,5,4,6,4,5,5,5,10,10,10,7,6,6,4,6,4,10,9,9,8,7,7,7,7,8,7,7,6,10,10,10,8,7,7,3,4,6,4,7,5,4,7,5,5,5,3,4,4,5,5,5,4,3,5
sf,svn,jguard,/jguard/trunk/jguard/jguard-core/src/main/java/net/sf/jguard/core/authentication/schemes/HookFormSchemeHandler.java,clean,java,IssueTrue,14760,144,4920,8,4,5,5,8,7,4,6,5,5,4,6,4,5,5,5,9,9,9,9,8,8,4,6,4,6,6,6,8,7,7,7,7,8,8,8,7,8,8,9,8,7,7,3,4,6,2,3,2,2,3,3,6,8,3,5,5,5,5,5,5,5,7
sf,svn,jguard,/jguard/trunk/jguard/jguard-core/src/main/java/net/sf/jguard/core/authentication/schemes/LoginPasswordFormSchemeHandler.java,clean,java,IssueTrue,14760,144,4920,8,4,5,5,6,8,8,6,5,4,8,8,7,7,6,6,10,10,10,9,8,7,8,8,7,6,6,6,6,5,5,5,5,6,5,4,3,10,10,10,8,7,7,6,7,6,5,7,4,5,5,4,3,5,3,4,4,5,5,5,4,3,4
sf,svn,jguard,/jguard/trunk/jguard/jguard-core/src/main/java/net/sf/jguard/core/authorization/AuthorizationBindings.java,buggy,java,IssueTrue,14760,144,4920,8,1,6,2,5,10,4,4,3,3,4,6,4,1,1,1,10,10,10,3,3,3,4,6,4,6,6,6,5,4,4,4,4,5,6,5,4,8,8,9,8,7,7,3,4,4,4,4,3,1,3,2,3,5,3,4,4,5,5,5,4,3,4
sf,svn,jguard,/jguard/trunk/jguard/jguard-core/src/main/java/net/sf/jguard/core/authorization/AuthorizationHelper.java,clean,java,IssueTrue,14760,144,4920,8,6,8,7,5,7,8,7,6,6,4,6,4,3,3,3,9,9,9,9,8,8,4,6,4,6,6,6,2,2,2,3,3,4,4,3,3,9,9,9,8,7,7,10,8,7,10,10,6,10,10,6,7,9,5,7,7,6,8,7,6,6,8
sf,svn,jguard,/jguard/trunk/jguard/jguard-core/src/main/java/net/sf/jguard/core/authorization/PolicyDecisionPoint.java,clean,java,IssueTrue,14760,144,4920,8,4,7,5,5,7,7,5,5,4,4,6,4,3,3,3,9,9,9,9,8,8,4,6,4,7,7,7,5,4,4,4,4,5,6,5,4,8,8,9,8,7,7,6,7,6,7,7,4,9,8,5,5,8,3,4,4,5,5,5,4,3,5
sf,svn,jguard,/jguard/trunk/jguard/jguard-core/src/main/java/net/sf/jguard/core/authorization/permissions/DurationDecorator.java,clean,java,IssueTrue,14760,144,4920,8,5,6,6,6,7,7,8,7,7,8,8,7,7,6,6,9,9,9,3,3,3,8,8,7,9,8,8,6,5,5,5,5,6,6,6,5,8,8,9,8,7,7,10,9,8,7,6,5,7,6,5,5,5,6,7,6,6,7,6,10,10,10
sf,svn,jguard,/jguard/trunk/jguard/jguard-core/src/main/java/net/sf/jguard/core/authorization/permissions/PermissionFactory.java,clean,java,IssueTrue,14760,144,4920,8,1,2,1,3,8,4,2,1,1,1,4,1,1,1,1,10,10,10,2,2,2,1,4,1,6,6,6,2,2,2,1,1,2,2,2,2,8,8,9,8,7,7,3,4,3,5,4,2,2,3,2,3,5,3,4,4,5,5,5,4,3,4
sf,svn,jguard,/jguard/trunk/jguard/jguard-core/src/main/java/net/sf/jguard/core/authorization/permissions/URLParameter.java,buggy,java,IssueTrue,14760,144,4920,8,8,9,9,9,7,9,9,9,8,4,6,4,7,6,6,9,9,9,8,7,6,4,6,4,9,8,8,9,8,8,9,8,9,7,7,5,10,10,10,8,7,7,7,8,9,7,7,7,7,9,8,3,8,3,4,4,5,5,5,7,6,5
sf,svn,jguard,/jguard/trunk/jguard/jguard-core/src/main/java/net/sf/jguard/core/authorization/permissions/URLParameterCollection.java,clean,java,IssueTrue,14760,144,4920,8,7,3,7,8,3,10,9,8,7,4,6,4,6,5,5,9,9,9,8,7,6,4,6,4,8,8,7,8,7,7,7,7,8,8,8,7,9,9,9,8,7,7,8,8,8,5,6,6,8,9,7,3,8,3,4,4,5,5,5,4,3,4
sf,svn,jguard,/jguard/trunk/jguard/jguard-core/src/main/java/net/sf/jguard/core/authorization/permissions/URLPermission.java,buggy,java,IssueTrue,14760,144,4920,8,10,10,10,9,7,9,10,10,10,9,9,8,9,9,9,9,9,9,9,8,8,9,9,8,10,10,9,9,9,8,9,9,10,10,10,9,8,8,9,10,9,9,10,9,10,8,10,9,9,9,9,3,8,4,5,5,8,8,7,2,2,2
sf,svn,jguard,/jguard/trunk/jguard/jguard-core/src/main/java/net/sf/jguard/core/authorization/policy/JGuardPolicy.java,clean,java,IssueTrue,14760,144,4920,8,7,8,7,7,7,9,8,7,7,8,8,7,7,7,7,10,10,10,10,9,9,8,8,7,6,6,6,7,6,6,6,6,7,6,6,5,10,10,10,8,7,7,9,9,8,7,9,6,7,9,6,3,8,3,4,4,5,5,5,9,7,7
sf,svn,jguard,/jguard/trunk/jguard/jguard-core/src/main/java/net/sf/jguard/core/filters/FilterChainImpl.java,clean,java,IssueTrue,14760,144,4920,8,3,5,4,4,8,7,4,4,3,4,6,4,2,2,2,9,9,9,5,4,4,4,6,4,8,8,7,3,3,3,2,2,3,4,3,3,8,8,9,8,7,7,9,7,5,9,8,4,8,7,3,5,5,3,4,4,5,5,5,4,3,5
sf,svn,jguard,/jguard/trunk/jguard/jguard-core/src/main/java/net/sf/jguard/core/filters/PolicyEnforcementPointFilter.java,buggy,java,IssueTrue,14760,144,4920,8,10,10,10,9,6,9,9,10,10,4,6,7,5,7,8,9,9,9,10,10,10,4,6,7,9,9,9,8,9,9,7,9,9,5,6,5,8,8,9,10,10,10,10,9,10,9,9,9,10,9,9,7,8,6,6,7,6,8,7,7,8,8
sf,svn,jguard,/jguard/trunk/jguard/jguard-core/src/main/java/net/sf/jguard/core/organization/Organization.java,buggy,java,IssueTrue,14760,144,4920,8,8,7,8,9,5,8,9,9,8,4,6,4,7,7,7,9,9,9,9,8,7,4,6,4,10,9,9,9,9,9,9,9,9,10,10,9,8,8,9,8,7,7,6,7,9,8,9,8,5,8,7,6,5,3,4,4,10,10,10,6,7,7
sf,svn,jguard,/jguard/trunk/jguard/jguard-core/src/main/java/net/sf/jguard/core/principals/PrincipalUtils.java,clean,java,IssueTrue,14760,144,4920,8,7,8,7,5,6,8,9,8,7,4,6,4,3,3,3,9,9,9,9,8,8,4,6,4,6,6,6,1,1,1,4,4,5,6,5,4,8,8,9,8,7,7,10,9,8,10,10,7,9,7,5,3,5,3,4,4,5,5,5,6,5,5
sf,svn,jguard,/jguard/trunk/jguard/jguard-core/src/main/java/net/sf/jguard/core/principals/RolePrincipal.java,clean,java,IssueTrue,14760,144,4920,8,9,10,10,10,7,8,10,10,9,4,6,4,9,9,9,9,9,9,8,7,7,4,6,4,10,10,10,10,10,10,10,10,10,10,10,10,8,8,9,8,7,7,4,7,10,9,10,10,6,7,9,3,8,3,4,4,5,5,5,10,9,9
sf,svn,jguard,/jguard/trunk/jguard/jguard-core/src/main/java/net/sf/jguard/core/provisioning/ProvisioningServicePoint.java,buggy,java,IssueTrue,14760,144,4920,8,1,6,2,7,10,4,5,4,4,1,4,1,1,1,1,10,10,10,4,3,3,1,4,1,6,6,6,6,6,5,6,5,6,7,7,5,8,8,9,8,7,7,3,4,5,2,3,2,2,3,3,3,5,3,4,4,5,5,5,4,3,4
sf,svn,jguard,/jguard/trunk/jguard/jguard-core/src/main/java/net/sf/jguard/core/util/XMLUtils.java,buggy,java,IssueTrue,14760,144,4920,8,8,9,9,7,6,8,9,8,7,4,6,4,5,4,4,9,9,9,10,9,9,4,6,4,6,6,6,2,2,2,6,6,7,6,6,5,9,9,9,10,8,8,10,8,8,10,10,8,10,9,8,7,8,8,9,9,7,8,7,8,8,9
sf,svn,jguard,/jguard/trunk/jguard/jguard-core/src/test/java/net/sf/jguard/core/filters/FilterChainImplTest.java,clean,java,IssueTrue,14760,144,4920,8,4,6,5,4,7,7,2,3,3,4,8,9,1,2,8,9,9,9,3,6,6,4,8,9,6,6,6,1,3,3,1,2,3,1,3,3,8,8,9,8,7,7,8,7,4,2,3,2,10,7,4,3,5,3,4,4,5,5,5,4,3,4
sf,svn,jguard,/jguard/trunk/jguard/jguard-ext/src/main/java/net/sf/jguard/ext/SecurityConstants.java,clean,java,IssueTrue,14760,144,4920,8,7,8,8,2,6,4,1,1,1,1,4,1,1,1,1,9,9,9,3,3,3,1,4,1,10,10,10,1,1,1,1,1,1,1,1,1,8,8,9,8,7,7,1,2,2,2,2,2,1,2,2,3,5,4,5,5,10,10,9,10,10,10
sf,svn,jguard,/jguard/trunk/jguard/jguard-ext/src/main/java/net/sf/jguard/ext/authentication/callbacks/CallbackHandlerUtils.java,clean,java,IssueTrue,14760,144,4920,8,8,10,9,8,8,8,9,9,8,4,6,4,6,5,5,9,9,9,9,8,7,4,6,4,6,6,6,1,1,1,8,7,8,7,7,5,8,8,9,10,10,10,9,9,9,6,8,6,7,7,7,5,8,6,7,7,7,8,7,9,9,8
sf,svn,jguard,/jguard/trunk/jguard/jguard-ext/src/main/java/net/sf/jguard/ext/authentication/loginmodules/CRLLoginModule.java,clean,java,IssueTrue,14760,144,4920,8,10,9,10,8,4,9,10,10,10,8,8,7,7,6,6,9,9,9,10,10,10,8,8,7,10,10,10,8,7,7,7,7,8,4,3,3,9,9,9,10,10,10,10,10,10,10,10,9,10,10,9,5,5,3,4,4,5,5,5,6,6,6
sf,svn,jguard,/jguard/trunk/jguard/jguard-ext/src/main/java/net/sf/jguard/ext/authentication/loginmodules/CertificateLoginModule.java,clean,java,IssueTrue,14760,144,4920,8,7,7,8,6,5,8,8,7,7,4,6,4,4,4,4,10,10,10,10,9,9,4,6,4,9,9,8,6,5,5,5,5,6,6,5,4,9,9,9,8,7,7,10,9,8,8,8,5,10,9,7,3,5,4,5,5,7,7,6,2,2,2
sf,svn,jguard,/jguard/trunk/jguard/jguard-ext/src/main/java/net/sf/jguard/ext/authentication/loginmodules/HibernateLoginModule.java,clean,java,IssueTrue,14760,144,4920,8,6,6,7,4,5,9,7,6,5,8,8,7,5,4,5,9,9,9,9,8,8,8,8,7,6,6,6,3,3,3,2,2,3,4,3,3,8,8,9,8,7,7,10,9,7,10,8,4,10,10,6,3,5,4,5,5,5,5,5,2,2,2
sf,svn,jguard,/jguard/trunk/jguard/jguard-ext/src/main/java/net/sf/jguard/ext/authentication/loginmodules/JCaptchaLoginModule.java,clean,java,IssueTrue,14760,144,4920,8,7,5,8,6,4,8,8,7,7,4,6,4,4,4,4,9,9,9,9,8,8,4,6,4,9,8,8,6,5,5,5,5,6,6,6,5,8,8,9,8,7,7,10,9,8,6,8,5,9,9,6,6,8,7,7,8,8,9,8,7,7,7
sf,svn,jguard,/jguard/trunk/jguard/jguard-ext/src/main/java/net/sf/jguard/ext/authentication/loginmodules/JNDILoginModule.java,clean,java,IssueTrue,14760,144,4920,8,10,10,10,8,5,9,10,10,9,8,8,7,7,7,7,9,9,9,10,10,10,8,8,7,10,9,9,8,8,7,8,7,8,5,4,3,8,8,9,10,10,10,10,9,10,10,9,9,10,10,9,5,5,4,5,5,5,5,5,5,5,5
sf,svn,jguard,/jguard/trunk/jguard/jguard-ext/src/main/java/net/sf/jguard/ext/authentication/loginmodules/OCSPLoginModule.java,clean,java,IssueTrue,14760,144,4920,8,9,9,9,6,5,9,9,8,8,8,8,7,6,5,5,9,9,9,10,10,10,8,8,7,10,10,9,5,4,4,5,5,6,5,4,3,8,8,9,10,9,9,10,9,8,10,10,8,10,9,8,3,5,4,5,5,5,5,5,4,3,4
sf,svn,jguard,/jguard/trunk/jguard/jguard-ext/src/main/java/net/sf/jguard/ext/authentication/loginmodules/XmlLoginModule.java,clean,java,IssueTrue,14760,144,4920,8,7,9,8,4,7,10,7,6,6,8,8,7,5,4,5,9,9,9,9,9,8,8,8,7,7,7,7,3,3,3,2,2,3,4,3,3,8,8,9,8,7,7,10,9,7,10,9,5,10,9,6,7,9,4,6,6,6,8,7,8,8,8
sf,svn,jguard,/jguard/trunk/jguard/jguard-ext/src/main/java/net/sf/jguard/ext/authentication/manager/XmlAuthenticationManager.java,clean,java,IssueTrue,14760,144,4920,8,10,10,10,10,4,9,10,10,10,8,8,7,10,10,10,9,9,9,10,10,9,8,8,7,10,9,9,10,10,10,10,10,10,10,10,9,10,10,10,10,10,10,9,9,10,10,10,10,10,10,10,7,10,3,5,6,7,8,7,8,8,9
sf,svn,jguard,/jguard/trunk/jguard/jguard-ext/src/main/java/net/sf/jguard/ext/authentication/schemes/JCaptchaAuthenticationSchemeHandler.java,clean,java,IssueTrue,14760,144,4920,8,4,6,5,8,7,8,7,6,5,8,8,7,7,7,7,10,10,10,8,7,7,8,8,7,7,7,7,8,7,7,7,7,8,7,7,6,10,10,10,8,7,7,4,7,7,3,6,4,3,5,4,6,8,3,5,5,5,5,5,5,5,7
sf,svn,jguard,/jguard/trunk/jguard/jguard-ext/src/main/java/net/sf/jguard/ext/authorization/manager/AbstractAuthorizationManager.java,clean,java,IssueTrue,14760,144,4920,8,10,10,10,10,7,10,10,10,10,4,6,4,9,9,9,10,10,10,10,10,10,4,6,4,10,10,10,10,10,10,10,10,10,10,10,10,10,10,10,8,7,7,9,10,10,7,9,9,9,10,10,3,5,3,4,4,5,5,5,9,8,7
sf,svn,jguard,/jguard/trunk/jguard/jguard-ext/src/main/java/net/sf/jguard/ext/authorization/manager/XmlAuthorizationManager.java,clean,java,IssueTrue,14760,144,4920,8,10,10,10,10,6,10,10,10,10,8,8,7,10,10,9,9,9,9,10,10,9,8,8,7,9,8,8,10,9,9,9,9,10,10,9,9,8,8,9,10,10,10,9,9,10,9,9,9,10,10,10,5,9,3,5,5,5,5,5,5,5,5
sf,svn,jguard,/jguard/trunk/jguard/jguard-ext/src/test/java/net/sf/jguard/ext/authentication/AuthenticationHelperTest.java,clean,java,IssueTrue,14760,144,4920,8,4,1,5,3,1,7,2,2,2,4,6,4,2,2,2,9,9,9,7,6,5,4,6,4,6,6,6,2,2,2,1,1,2,2,2,2,8,8,9,8,7,7,8,6,3,10,9,4,10,8,4,5,8,4,6,6,6,7,6,4,3,5
sf,svn,jguard,/jguard/trunk/jguard/jguard-ext/src/test/java/net/sf/jguard/ext/authentication/AuthenticationManagerTest.java,clean,java,IssueTrue,14760,144,4920,8,10,4,10,9,2,9,10,9,9,4,6,4,7,7,6,10,10,10,10,9,9,4,6,4,7,7,7,9,9,8,9,9,9,9,9,8,8,8,9,10,9,9,9,8,9,8,8,8,10,9,10,3,5,6,6,6,5,5,5,10,9,8
sf,svn,jguard,/jguard/trunk/jguard/jguard-ext/src/test/java/net/sf/jguard/ext/authentication/FilteredConfigurationTest.java,buggy,java,IssueTrue,14760,144,4920,8,4,2,5,4,2,4,2,2,2,4,6,4,2,2,2,9,9,9,9,8,8,4,6,4,7,7,7,3,3,3,2,2,3,4,3,3,8,8,9,8,7,7,3,4,3,8,6,3,10,9,5,3,8,7,6,6,5,5,5,2,2,2
sf,svn,jguard,/jguard/trunk/jguard/jguard-ext/src/test/java/net/sf/jguard/ext/authentication/SubjectTemplateTest.java,buggy,java,IssueTrue,14760,144,4920,8,7,5,8,6,4,7,6,5,5,4,6,4,4,4,4,9,9,9,9,9,8,4,6,4,7,7,7,6,5,5,5,5,6,6,6,5,8,8,9,8,7,7,7,7,6,6,5,4,10,8,7,3,5,6,6,6,5,5,5,6,5,5
sf,svn,jguard,/jguard/trunk/jguard/jguard-ext/src/test/java/net/sf/jguard/ext/authentication/manager/HibernateAuthenticationManagerTest.java,buggy,java,IssueTrue,14760,144,4920,8,8,4,8,9,3,8,8,7,7,8,8,7,9,8,8,9,9,9,9,8,8,8,8,7,6,6,6,9,8,8,8,8,9,9,9,8,8,8,9,8,7,7,3,7,8,2,5,3,9,7,8,3,5,6,6,6,7,7,6,10,9,8
sf,svn,jguard,/jguard/trunk/jguard/jguard-ext/src/test/java/net/sf/jguard/ext/authentication/manager/XmlAuthenticationManagerTest.java,buggy,java,IssueTrue,14760,144,4920,8,5,4,6,5,5,7,6,5,4,8,8,7,8,7,7,9,9,9,9,9,8,8,8,7,6,6,6,3,3,3,4,4,5,6,5,4,8,8,9,8,7,7,8,7,6,8,7,5,9,7,5,7,8,3,5,6,6,8,7,4,5,6
sf,svn,jguard,/jguard/trunk/jguard/jguard-ext/src/test/java/net/sf/jguard/ext/authorization/AuthorizationHelperTest.java,clean,java,IssueTrue,14760,144,4920,8,2,1,3,3,1,7,2,2,2,4,6,4,2,2,2,9,9,9,6,5,5,4,6,4,6,6,6,2,2,2,1,1,2,2,2,2,8,8,9,8,7,7,8,6,3,7,5,3,10,7,3,3,5,6,6,6,8,8,7,4,3,4
sf,svn,jguard,/jguard/trunk/jguard/jguard-ext/src/test/java/net/sf/jguard/ext/authorization/AuthorizationManagerTest.java,clean,java,IssueTrue,14760,144,4920,8,2,5,3,3,9,7,2,2,2,4,6,4,2,2,2,9,9,9,3,3,3,4,6,4,7,7,7,2,2,2,1,1,2,2,2,2,8,8,9,8,7,7,8,6,3,3,3,2,8,5,3,3,5,4,5,5,5,5,5,6,5,5
sf,svn,jguard,/jguard/trunk/jguard/jguard-ext/src/test/java/net/sf/jguard/ext/principals/PrincipalUtilsTest.java,clean,java,IssueTrue,14760,144,4920,8,2,5,3,3,9,4,2,1,1,8,8,7,2,2,2,9,9,9,5,5,4,8,8,7,6,6,6,2,2,2,1,1,2,2,2,2,8,8,9,8,7,7,3,4,3,2,2,2,8,5,3,3,5,5,5,5,5,5,5,2,2,2
sf,svn,jguard,/jguard/trunk/jguard/jguard-ext/src/test/java/net/sf/jguard/ext/util/XMLUtilsTest.java,buggy,java,IssueTrue,14760,144,4920,8,7,6,8,6,4,8,7,6,6,4,6,4,4,4,4,9,9,9,9,8,8,4,6,4,6,6,6,6,5,5,5,5,6,5,4,3,8,8,9,10,9,9,9,8,7,4,6,4,10,9,7,9,10,7,8,9,5,5,5,7,8,9
sf,svn,jguard,/jguard/trunk/jguard/jguard-jee-extras/src/main/java/net/sf/jguard/jsf/AccessListener.java,clean,java,IssueTrue,14760,144,4920,8,6,7,8,5,6,8,7,6,6,4,6,4,3,3,3,9,9,9,8,7,7,4,6,4,6,6,6,4,3,4,4,4,5,5,4,3,8,8,9,10,8,8,10,9,7,7,7,5,10,10,6,3,5,4,5,5,5,5,5,6,5,5
sf,svn,jguard,/jguard/trunk/jguard/jguard-jee-extras/src/main/java/net/sf/jguard/jsf/authentication/JSFAuthenticationBindings.java,buggy,java,IssueTrue,14760,144,4920,8,6,5,7,9,5,8,9,8,7,8,8,7,8,7,7,9,9,9,6,5,5,8,8,7,6,6,6,9,9,8,9,9,9,9,9,9,8,8,9,10,8,8,4,8,8,5,9,7,6,6,7,6,5,3,4,4,5,5,5,5,5,7
sf,svn,jguard,/jguard/trunk/jguard/jguard-jee-extras/src/main/java/net/sf/jguard/jsf/authentication/schemes/JSFLoginPasswordFormSchemeHandler.java,clean,java,IssueTrue,14760,144,4920,8,7,9,8,8,7,8,8,7,6,9,9,8,8,8,8,9,9,9,9,8,8,9,9,8,10,9,9,8,8,7,8,7,8,7,7,5,10,10,10,10,8,8,5,7,8,6,8,6,7,8,7,5,8,4,5,5,8,8,7,7,6,7
sf,svn,jguard,/jguard/trunk/jguard/jguard-jee-extras/src/main/java/net/sf/jguard/jsf/permissions/JSFPermissionFactory.java,clean,java,IssueTrue,14760,144,4920,8,2,4,3,3,9,7,2,2,2,4,6,4,2,2,2,9,9,9,4,3,3,4,6,4,6,6,6,2,2,2,1,1,2,2,2,2,8,8,9,8,7,7,8,6,3,3,3,2,8,5,3,3,5,3,4,4,5,5,5,4,3,4
sf,svn,jguard,/jguard/trunk/jguard/jguard-jee-extras/src/test/java/net/sf/jguard/jee/jsf/AccessListenerTest.java,clean,java,IssueTrue,14760,144,4920,8,7,8,8,8,6,4,7,6,5,8,8,7,6,5,5,9,9,9,9,8,8,8,8,7,9,8,8,8,7,7,7,7,8,8,8,7,8,8,9,10,8,8,3,4,6,7,8,7,8,9,7,6,5,3,5,5,6,7,7,5,7,7
sf,svn,jguard,/jguard/trunk/jguard/jguard-jee-extras/src/test/java/net/sf/jguard/jee/jsf/authorization/JSFAuthorizationBindingsTest.java,clean,java,IssueTrue,14760,144,4920,8,2,2,2,4,6,4,2,2,2,8,8,7,2,2,2,9,9,9,4,3,3,8,8,7,6,6,6,3,3,3,2,2,3,4,3,3,8,8,9,8,7,7,3,4,3,2,3,2,4,4,2,3,5,5,5,5,5,5,5,2,2,2
sf,svn,jguard,/jguard/trunk/jguard/jguard-jee/src/main/java/net/sf/jguard/jee/HttpPermissionFactory.java,clean,java,IssueTrue,14760,144,4920,8,4,3,5,5,5,7,4,3,3,4,6,4,3,3,3,9,9,9,7,6,6,4,6,4,6,6,6,3,3,3,3,3,4,4,3,3,8,8,9,10,8,8,5,6,4,8,7,4,10,9,6,3,5,3,4,4,5,5,5,4,3,4
sf,svn,jguard,/jguard/trunk/jguard/jguard-jee/src/main/java/net/sf/jguard/jee/authentication/callbacks/HttpServletCallbackHandler.java,clean,java,IssueTrue,14760,144,4920,8,2,5,2,4,9,4,2,2,2,8,8,7,5,4,4,9,9,9,4,3,3,8,8,7,6,6,6,3,3,3,2,2,3,2,2,2,9,9,9,8,7,7,3,4,3,6,7,3,3,3,2,3,5,3,4,4,5,5,5,4,3,4
sf,svn,jguard,/jguard/trunk/jguard/jguard-jee/src/main/java/net/sf/jguard/jee/authentication/http/AccessFilter.java,clean,java,IssueTrue,14760,144,4920,8,7,7,8,5,5,7,8,7,6,4,6,4,3,3,3,9,9,9,10,9,9,4,6,4,8,8,7,5,4,4,4,4,5,6,5,4,8,8,9,8,7,7,10,9,7,10,10,6,10,10,6,8,9,4,6,7,7,8,7,4,5,7
sf,svn,jguard,/jguard/trunk/jguard/jguard-jee/src/main/java/net/sf/jguard/jee/authentication/http/HttpServletAuthenticationBindings.java,buggy,java,IssueTrue,14760,144,4920,8,7,6,8,9,5,7,9,8,7,8,8,7,8,7,7,9,9,9,8,7,6,8,8,7,6,6,6,9,9,8,9,9,9,9,9,9,8,8,9,10,9,9,4,6,8,6,8,7,5,5,7,3,5,3,4,4,5,5,5,4,3,4
sf,svn,jguard,/jguard/trunk/jguard/jguard-jee/src/main/java/net/sf/jguard/jee/authentication/schemes/AuditSchemeHandler.java,buggy,java,IssueTrue,14760,144,4920,8,7,8,8,8,6,10,8,8,7,4,6,4,6,6,6,10,10,10,9,8,8,4,6,4,7,7,7,8,8,7,8,8,9,8,8,7,10,10,10,8,7,7,6,9,8,3,7,4,4,8,6,7,8,5,7,7,8,9,8,8,8,9
sf,svn,jguard,/jguard/trunk/jguard/jguard-jee/src/main/java/net/sf/jguard/jee/authentication/schemes/HttpServletAuditSchemeHandler.java,buggy,java,IssueTrue,14760,144,4920,8,2,1,3,5,3,4,3,3,2,8,8,7,7,6,6,9,9,9,4,3,3,8,8,7,6,6,6,4,3,4,3,3,4,1,1,1,10,10,10,8,7,7,3,4,4,5,4,3,6,4,3,5,5,4,6,6,10,10,10,8,8,8
sf,svn,jguard,/jguard/trunk/jguard/jguard-jee/src/main/java/net/sf/jguard/jee/authentication/schemes/HttpServletJcaptchaAuthenticationSchemeHandler.java,buggy,java,IssueTrue,14760,144,4920,8,5,3,6,7,5,4,6,5,4,9,9,8,8,8,8,9,9,9,7,6,6,9,9,8,7,7,7,7,7,6,7,6,7,6,5,4,10,10,10,8,7,7,3,4,6,4,6,4,5,7,5,6,5,7,8,8,5,5,5,7,7,8
sf,svn,jguard,/jguard/trunk/jguard/jguard-jee/src/main/java/net/sf/jguard/jee/authentication/schemes/HttpServletLoginPasswordFormSchemeHandler.java,buggy,java,IssueTrue,14760,144,4920,8,8,7,9,8,4,9,9,8,8,9,9,8,8,8,8,9,9,9,10,9,8,9,9,8,10,10,10,8,7,7,7,7,8,7,7,5,10,10,10,8,7,7,8,9,8,9,9,8,9,9,8,5,8,4,5,6,8,8,7,7,6,7
sf,svn,jguard,/jguard/trunk/jguard/jguard-jee/src/main/java/net/sf/jguard/jee/authorization/http/HttpServletAuthorizationBindings.java,buggy,java,IssueTrue,14760,144,4920,8,6,6,7,7,5,8,7,6,6,4,6,4,4,4,4,9,9,9,8,7,7,4,6,4,7,7,7,6,6,5,6,5,6,7,7,5,8,8,9,8,7,7,8,7,7,8,7,6,8,7,6,5,8,4,5,5,7,7,7,2,2,2
sf,svn,jguard,/jguard/trunk/jguard/jguard-jee/src/main/java/net/sf/jguard/jee/listeners/ContextListener.java,buggy,java,IssueTrue,14760,144,4920,8,5,8,7,7,8,7,6,5,5,4,6,4,4,4,4,9,9,9,8,7,7,4,6,4,6,6,6,3,3,3,6,5,6,5,4,3,8,8,9,10,9,9,6,6,6,7,7,5,8,8,6,6,8,5,6,6,8,9,8,7,8,8
sf,svn,jguard,/jguard/trunk/jguard/jguard-jee/src/main/java/net/sf/jguard/jee/provisioning/HttpServletProvisioningServicePoint.java,buggy,java,IssueTrue,14760,144,4920,8,9,9,9,8,5,9,9,9,8,4,6,4,6,6,6,9,9,9,10,9,9,4,6,4,9,8,8,8,7,7,8,8,9,8,8,7,8,8,9,10,10,10,9,9,9,6,8,7,10,10,9,5,8,4,5,5,6,7,6,5,5,5
sf,svn,jguard,/jguard/trunk/jguard/jguard-jee/src/test/java/net/sf/jguard/authentication/http/AccessFilterAuthenticationWithCaptchaTest.java,clean,java,IssueTrue,14760,144,4920,8,6,2,7,4,3,7,3,3,2,4,6,4,2,2,2,9,9,9,5,5,4,4,6,4,10,9,9,3,3,3,2,2,3,4,3,3,8,8,9,8,7,7,6,6,4,10,7,4,10,8,5,8,10,8,8,9,6,8,7,6,7,8
sf,svn,jguard,/jguard/trunk/jguard/jguard-jee/src/test/java/net/sf/jguard/authentication/http/AccessFilterTest.java,buggy,java,IssueTrue,14760,144,4920,8,8,3,9,9,2,7,9,8,8,4,6,4,7,6,6,9,9,9,6,5,5,4,6,4,10,9,9,9,8,8,8,8,9,9,8,7,8,8,9,10,9,9,7,7,9,8,9,8,8,8,8,10,10,8,9,10,6,9,8,8,8,10
sf,svn,jguard,/jguard/trunk/jguard/jguard-jee/src/test/java/net/sf/jguard/jee/PolicyEnforcementPointTest.java,buggy,java,IssueTrue,14760,144,4920,8,7,5,8,6,4,7,3,5,4,4,8,8,2,4,7,9,9,9,8,9,9,4,8,8,9,9,9,3,5,5,2,5,6,2,4,3,9,10,10,8,7,7,5,6,6,9,9,6,10,10,7,5,5,4,5,5,8,8,7,6,6,6
sf,svn,jguard,/jguard/trunk/jguard/jguard-jee/src/test/java/net/sf/jguard/jee/authentication/AuthenticationServicePointTest.java,buggy,java,IssueTrue,14760,144,4920,8,7,8,8,6,6,4,4,4,3,4,6,4,4,4,4,9,9,9,10,9,9,4,6,4,10,9,9,6,5,5,5,5,6,6,6,5,8,8,9,8,7,7,3,4,5,9,9,6,10,9,7,5,8,5,6,6,8,8,7,8,7,7
