Host,Vcs,Project,File,Buggy,PL,IssueTracking,TLOC,TNF,TNC,TND,LOC,CL,NStmt,NFunc,RCC,MNL,avg_WMC,max_WMC,total_WMC,avg_DIT,max_DIT,total_DIT,avg_RFC,max_RFC,total_RFC,avg_NOC,max_NOC,total_NOC,avg_CBO,max_CBO,total_CBO,avg_DIT.1,max_DIT.1,total_DIT.1,avg_NIV,max_NIV,total_NIV,avg_NIM,max_NIM,total_NIM,avg_NOM,max_NOM,total_NOM,avg_NPBM,max_NPBM,total_NPBM,avg_NPM,max_NPM,total_NPM,avg_NPRM,max_NPRM,total_NPRM,avg_CC,max_CC,total_CC,avg_FANIN,max_FANIN,total_FANIN,avg_FANOUT,max_FANOUT,total_FANOUT,NRev,NFix,avg_AddedLOC,max_AddedLOC,total_AddedLOC,avg_DeletedLOC,max_DeletedLOC,total_DeletedLOC,avg_ModifiedLOC,max_ModifiedLOC,total_ModifiedLOC
sf,cvs,jsidplay2,jsidplay2/jsidplay2/src/applet/AboutView.java,buggy,java,IssueTrue,29846,100,3111,3,3,1,3,4,1,4,3,2,2,10,10,10,10,10,10,9,9,9,9,8,6,10,10,10,6,6,6,5,4,3,5,3,2,6,5,5,9,9,9,8,8,9,4,3,3,2,3,3,6,6,4,4,5,3,3,2,6,6,6,4,4,4
sf,cvs,jsidplay2,jsidplay2/jsidplay2/src/applet/ConsoleView.java,buggy,java,IssueTrue,29846,100,3111,3,4,1,4,5,2,4,3,2,3,10,10,10,10,10,10,9,9,9,8,9,8,10,10,10,8,8,8,4,4,4,4,3,4,5,5,6,9,9,9,8,8,9,4,4,4,5,6,5,7,8,5,3,8,3,3,2,4,4,4,5,4,4
sf,cvs,jsidplay2,jsidplay2/jsidplay2/src/applet/InternetView.java,buggy,java,IssueTrue,29846,100,3111,3,6,1,7,6,1,2,2,2,3,7,10,10,9,10,10,9,9,9,6,9,10,7,10,10,6,8,8,2,4,5,2,4,5,3,6,7,9,9,9,8,8,9,3,3,4,5,6,5,7,9,6,6,5,5,6,6,7,7,7,7,7,7
sf,cvs,jsidplay2,jsidplay2/jsidplay2/src/applet/JSIDPlay2.java,buggy,java,IssueTrue,29846,100,3111,3,10,9,10,10,2,8,6,10,10,6,10,10,8,9,10,9,9,9,8,10,10,6,10,10,7,10,10,7,10,10,6,10,10,8,10,10,9,10,10,9,10,10,7,7,10,7,10,10,6,10,10,10,10,6,8,10,5,6,8,6,8,9
sf,cvs,jsidplay2,jsidplay2/jsidplay2/src/applet/TuneTab.java,clean,java,IssueTrue,29846,100,3111,3,1,2,1,3,10,2,2,2,1,10,10,10,10,10,10,10,10,10,2,1,2,10,10,10,6,6,6,4,3,3,4,2,2,5,4,4,9,9,9,8,8,9,3,3,3,2,2,2,2,1,2,3,5,3,3,2,4,4,4,5,4,4
sf,cvs,jsidplay2,jsidplay2/jsidplay2/src/applet/disassembler/MemoryView.java,buggy,java,IssueTrue,29846,100,3111,3,5,2,6,5,3,4,3,2,3,10,10,10,10,10,10,9,9,9,8,9,9,10,10,10,8,9,9,3,4,4,3,4,4,4,5,6,9,9,9,8,8,9,6,4,5,6,5,5,8,7,6,6,5,4,4,4,10,10,9,8,7,7
sf,cvs,jsidplay2,jsidplay2/jsidplay2/src/applet/dnd/FileDrop.java,buggy,java,IssueTrue,29846,100,3111,3,8,10,7,9,10,9,5,6,8,1,4,9,3,6,8,10,10,10,8,10,10,1,4,9,6,7,7,4,7,7,5,8,7,5,8,9,9,9,9,9,9,9,7,6,9,5,6,7,5,6,8,3,5,3,3,2,4,4,4,6,5,5
sf,cvs,jsidplay2,jsidplay2/jsidplay2/src/applet/favorites/ButtonTabComponent.java,buggy,java,IssueTrue,29846,100,3111,3,5,2,5,6,4,4,2,2,4,7,10,10,9,10,10,9,9,9,6,7,9,7,10,10,6,7,7,2,4,6,2,3,5,3,5,8,9,9,9,8,8,9,5,3,5,3,5,4,5,5,5,3,5,3,3,2,7,6,6,6,5,4
sf,cvs,jsidplay2,jsidplay2/jsidplay2/src/applet/favorites/FavoritesPanel.java,buggy,java,IssueTrue,29846,100,3111,3,9,2,9,10,1,10,3,9,9,6,10,10,8,10,10,9,9,9,6,10,10,6,10,10,6,10,9,3,9,9,3,8,9,3,9,10,9,10,10,9,9,9,8,7,10,5,7,9,8,10,10,6,5,3,3,2,4,4,4,8,7,7
sf,cvs,jsidplay2,jsidplay2/jsidplay2/src/applet/favorites/FavoritesView.java,buggy,java,IssueTrue,29846,100,3111,3,9,2,9,10,1,8,3,8,9,6,10,10,9,10,10,9,9,9,5,10,10,6,10,10,6,9,9,3,8,9,3,8,9,4,7,10,9,9,9,9,10,10,7,8,9,3,7,7,6,10,9,6,8,4,5,4,5,5,5,7,7,7
sf,cvs,jsidplay2,jsidplay2/jsidplay2/src/applet/fileviewer/CGSCView.java,buggy,java,IssueTrue,29846,100,3111,3,2,1,2,4,1,4,4,2,2,10,10,10,10,10,10,9,9,9,6,5,4,10,10,10,6,6,6,6,4,3,5,4,3,6,5,5,10,9,9,8,8,9,5,3,4,2,3,3,3,2,3,3,5,3,3,2,4,4,4,5,4,4
sf,cvs,jsidplay2,jsidplay2/jsidplay2/src/applet/fileviewer/FileViewer.java,buggy,java,IssueTrue,29846,100,3111,3,10,6,9,10,2,9,2,7,9,6,10,10,8,10,10,9,10,10,5,10,10,6,10,10,6,10,10,2,8,10,2,8,9,2,8,10,9,10,10,9,9,9,7,5,10,5,9,9,7,10,10,7,5,3,5,4,4,4,4,7,7,8
sf,cvs,jsidplay2,jsidplay2/jsidplay2/src/applet/fileviewer/HVSCView.java,buggy,java,IssueTrue,29846,100,3111,3,4,1,4,5,3,6,6,4,3,10,10,10,10,10,10,9,9,9,8,7,6,10,10,10,7,7,7,7,6,5,6,5,4,6,5,5,10,9,9,10,9,9,6,4,5,4,3,4,5,2,4,3,5,3,3,2,4,4,4,5,4,4
sf,cvs,jsidplay2,jsidplay2/jsidplay2/src/applet/general/GeneralCanvas.java,buggy,java,IssueTrue,29846,100,3111,3,10,6,10,10,2,8,3,8,9,6,10,10,8,10,10,9,9,9,5,10,10,6,10,10,7,10,10,2,8,9,2,8,9,2,8,10,9,9,9,9,10,10,7,8,9,8,10,9,9,10,10,9,9,6,8,9,7,8,8,7,9,9
sf,cvs,jsidplay2,jsidplay2/jsidplay2/src/applet/graphical/GraphicalView.java,buggy,java,IssueTrue,29846,100,3111,3,7,1,7,8,1,9,2,6,7,6,10,10,9,10,10,9,9,9,4,9,10,6,10,10,6,10,9,2,6,7,2,6,7,2,6,9,9,10,10,8,8,9,7,7,8,5,6,7,5,8,7,6,5,3,3,3,4,4,4,7,7,7
sf,cvs,jsidplay2,jsidplay2/jsidplay2/src/applet/graphical/PSIDCanvas.java,buggy,java,IssueTrue,29846,100,3111,3,4,3,5,5,7,6,5,3,3,10,10,9,10,10,10,9,9,9,7,6,4,10,10,9,9,9,8,7,5,4,6,5,4,7,7,6,9,9,9,8,8,9,6,4,5,6,5,5,5,3,4,3,5,4,4,3,4,4,4,2,2,2
sf,cvs,jsidplay2,jsidplay2/jsidplay2/src/applet/graphical/SIDCanvas.java,buggy,java,IssueTrue,29846,100,3111,3,5,3,5,6,6,4,6,4,3,10,10,9,10,10,10,9,9,9,7,6,4,10,10,9,10,9,9,8,6,5,7,6,4,8,8,7,9,9,9,8,8,9,5,4,5,5,5,5,5,3,5,7,5,3,4,3,4,4,4,3,4,5
sf,cvs,jsidplay2,jsidplay2/jsidplay2/src/applet/hardsid/HardSIDView.java,buggy,java,IssueTrue,29846,100,3111,3,8,4,8,6,2,9,4,4,6,9,10,10,10,10,10,9,9,9,9,10,10,9,10,10,6,7,7,3,6,6,3,5,5,3,5,6,10,10,10,8,8,9,8,7,7,5,4,5,9,8,8,6,5,3,3,3,5,5,5,6,6,7
sf,cvs,jsidplay2,jsidplay2/jsidplay2/src/applet/joystick/JoystickTab.java,buggy,java,IssueTrue,29846,100,3111,3,8,3,9,9,2,9,2,4,7,6,10,10,9,10,10,9,9,9,4,9,10,6,10,10,7,10,10,2,6,8,2,6,7,2,5,9,9,9,9,9,10,10,7,5,9,7,9,8,7,10,8,6,5,3,4,3,4,4,4,8,8,8
sf,cvs,jsidplay2,jsidplay2/jsidplay2/src/applet/settings/CurveFit.java,buggy,java,IssueTrue,29846,100,3111,3,6,1,7,4,2,9,7,5,5,10,10,10,10,10,10,9,9,9,9,8,7,10,10,10,9,8,8,6,4,3,5,4,3,4,3,3,10,9,9,8,8,9,9,6,6,9,8,6,8,5,5,3,5,8,6,6,9,8,7,8,7,6
sf,cvs,jsidplay2,jsidplay2/jsidplay2/src/applet/settings/DKnob2.java,buggy,java,IssueTrue,29846,100,3111,3,8,4,8,9,2,8,5,6,7,7,10,10,9,10,10,9,9,9,6,9,9,7,10,10,8,10,9,6,9,8,5,8,8,6,9,9,9,10,10,9,9,9,6,4,8,5,6,8,5,5,8,3,5,3,3,2,4,4,4,9,7,7
sf,cvs,jsidplay2,jsidplay2/jsidplay2/src/applet/settings/SettingsPanel.java,buggy,java,IssueTrue,29846,100,3111,3,8,5,9,9,3,6,3,7,7,7,10,10,9,10,10,9,9,9,7,10,10,7,10,10,7,10,9,3,8,8,3,8,7,3,6,8,9,9,9,9,10,10,7,5,8,7,8,8,7,10,8,9,8,7,8,8,8,8,8,5,7,7
sf,cvs,jsidplay2,jsidplay2/jsidplay2/src/applet/siddump/SIDDumpModel.java,buggy,java,IssueTrue,29846,100,3111,3,10,10,10,10,7,10,9,10,10,7,9,10,8,9,9,9,9,9,8,10,9,7,9,10,10,10,10,9,10,9,9,10,9,9,10,10,9,9,9,10,10,10,9,10,10,6,10,9,6,9,9,6,5,4,4,4,6,6,6,2,4,4
sf,cvs,jsidplay2,jsidplay2/jsidplay2/src/applet/siddump/SIDDumpView.java,buggy,java,IssueTrue,29846,100,3111,3,10,1,10,9,1,8,2,5,8,6,10,10,8,10,10,9,9,9,6,10,10,6,10,10,6,10,10,2,5,9,2,5,8,2,6,10,9,9,9,9,9,9,7,5,9,7,9,9,9,10,9,3,5,3,3,2,6,5,5,10,9,8
sf,cvs,jsidplay2,jsidplay2/jsidplay2/src/applet/sidreg/SIDRegModel.java,buggy,java,IssueTrue,29846,100,3111,3,6,3,5,7,4,4,4,5,5,7,9,10,8,9,9,9,9,9,4,7,6,7,9,10,6,7,7,5,7,6,5,7,5,5,8,8,9,9,9,9,9,9,6,5,7,4,6,5,4,3,5,3,5,4,4,3,4,4,4,3,3,3
sf,cvs,jsidplay2,jsidplay2/jsidplay2/src/applet/sidreg/SIDRegView.java,buggy,java,IssueTrue,29846,100,3111,3,7,1,7,8,1,6,2,6,7,6,10,10,9,10,10,9,9,9,4,10,10,6,10,10,6,8,7,2,4,7,2,4,6,2,5,9,9,9,9,8,8,9,8,8,8,3,6,5,5,8,6,6,5,3,3,3,4,4,4,4,5,5
sf,cvs,jsidplay2,jsidplay2/jsidplay2/src/applet/stil/STILView.java,buggy,java,IssueTrue,29846,100,3111,3,8,1,8,8,1,8,7,6,8,10,10,10,10,10,10,9,9,9,10,10,9,10,10,10,8,8,8,8,7,7,7,7,7,7,7,8,9,9,9,10,10,10,8,6,9,6,7,7,6,8,7,4,5,3,3,2,10,9,9,4,4,4
sf,cvs,jsidplay2,jsidplay2/jsidplay2/src/applet/video/Attic/KeyboardPanel.java,buggy,java,IssueTrue,29846,100,3111,3,6,2,5,5,2,9,7,5,5,10,10,10,10,10,10,9,9,9,9,8,6,10,10,10,10,9,9,7,6,5,6,5,4,7,7,6,9,9,9,9,9,9,8,5,6,6,6,5,6,4,5,3,5,4,3,3,6,5,5,2,2,2
sf,cvs,jsidplay2,jsidplay2/jsidplay2/src/applet/video/C64Canvas.java,buggy,java,IssueTrue,29846,100,3111,3,4,6,4,5,9,4,5,3,3,10,10,10,10,10,10,9,9,9,8,7,5,10,10,10,9,9,8,6,5,4,5,4,3,7,6,6,9,9,9,8,8,9,6,4,5,4,4,4,8,4,5,9,8,8,10,10,10,10,10,8,9,9
sf,cvs,jsidplay2,jsidplay2/jsidplay2/src/applet/video/VideoView.java,buggy,java,IssueTrue,29846,100,3111,3,8,8,8,8,6,6,5,6,6,10,10,10,10,10,10,9,9,9,8,10,9,10,10,10,7,8,8,6,8,7,5,8,6,6,8,8,9,9,9,9,9,9,6,4,7,7,10,8,6,7,7,8,5,10,10,10,5,5,6,4,6,7
sf,cvs,jsidplay2,jsidplay2/jsidplay2/src/applet/wav2digi/Attic/Wav2DigiView.java,clean,java,IssueTrue,29846,100,3111,3,9,3,9,9,1,9,3,7,8,7,10,10,9,10,10,9,9,9,5,10,10,7,10,10,7,10,10,3,8,8,3,7,7,2,5,9,9,10,10,9,10,10,7,7,9,5,7,8,8,10,9,9,10,9,10,10,8,8,9,9,10,10
sf,cvs,jsidplay2,jsidplay2/jsidplay2/src/c64jukebox/SIDPlay.java,buggy,java,IssueTrue,29846,100,3111,3,6,5,6,8,6,9,8,7,7,10,10,10,10,9,9,9,9,9,9,8,7,10,10,10,9,9,8,10,9,7,9,8,7,10,9,9,9,9,9,9,9,9,7,5,8,3,5,6,5,4,7,8,8,4,5,5,9,9,9,5,7,7
sf,cvs,jsidplay2,jsidplay2/jsidplay2/src/hardsid/Attic/HardSID.java,clean,java,IssueTrue,29846,100,3111,3,4,1,4,4,2,9,6,4,4,6,4,7,4,3,2,9,9,9,7,6,4,6,4,7,9,9,8,5,4,3,5,3,2,6,5,5,9,9,9,8,8,9,9,7,6,8,8,4,6,5,4,3,5,4,3,3,4,4,4,2,2,2
sf,cvs,jsidplay2,jsidplay2/jsidplay2/src/hardsid_builder/HardSID.java,buggy,java,IssueTrue,29846,100,3111,3,6,6,6,8,7,8,6,6,5,7,8,9,7,8,7,9,9,9,5,7,6,7,8,9,8,9,8,7,8,7,6,8,6,8,9,9,9,9,9,8,8,9,6,5,7,5,5,6,5,5,6,9,5,4,5,5,6,8,7,5,7,7
sf,cvs,jsidplay2,jsidplay2/jsidplay2/src/hardsid_builder/HardSIDBuilder.java,buggy,java,IssueTrue,29846,100,3111,3,7,6,7,7,6,8,8,7,7,9,8,8,8,7,6,9,9,9,10,9,8,9,8,8,8,8,7,9,8,6,9,7,6,9,8,8,9,9,9,10,9,9,8,5,8,4,5,6,7,5,7,8,8,6,7,8,6,7,7,7,8,8
sf,cvs,jsidplay2,jsidplay2/jsidplay2/src/libpsid64/Psid64.java,buggy,java,IssueTrue,29846,100,3111,3,10,10,10,8,6,10,8,10,10,6,4,9,5,7,8,9,9,9,6,10,9,6,4,9,9,10,10,6,9,8,5,9,7,4,7,7,9,9,9,10,10,10,10,8,10,9,9,9,8,8,9,6,9,3,3,2,6,6,6,3,4,5
sf,cvs,jsidplay2,jsidplay2/jsidplay2/src/libsidplay/Attic/UIRegistry.java,clean,java,IssueTrue,29846,100,3111,3,2,1,2,4,7,4,3,2,2,6,4,7,4,3,2,9,9,9,2,2,2,6,4,7,6,6,6,1,1,1,5,3,2,5,4,4,9,9,9,9,9,9,4,3,3,10,9,6,3,1,3,3,8,4,4,3,8,7,7,8,6,6
sf,cvs,jsidplay2,jsidplay2/jsidplay2/src/libsidplay/NullSID.java,buggy,java,IssueTrue,29846,100,3111,3,2,4,2,6,9,2,4,3,3,9,8,8,8,7,6,9,9,9,2,2,2,9,8,8,6,6,6,8,6,5,7,6,4,8,8,7,9,9,9,8,8,9,3,3,4,2,2,2,2,1,3,3,5,4,4,3,8,6,6,3,3,3
sf,cvs,jsidplay2,jsidplay2/jsidplay2/src/libsidplay/Player.java,buggy,java,IssueTrue,29846,100,3111,3,10,10,10,10,7,9,7,10,10,6,8,10,5,9,9,9,10,10,5,10,10,6,8,10,8,10,10,7,10,10,6,10,10,6,10,10,10,10,10,9,10,10,9,9,10,8,10,10,6,10,10,10,10,6,8,10,9,10,10,7,8,9
sf,cvs,jsidplay2,jsidplay2/jsidplay2/src/libsidplay/common/Attic/C64Env.java,clean,java,IssueTrue,29846,100,3111,3,2,3,2,7,10,2,5,3,3,6,4,7,6,5,4,10,10,10,2,1,2,6,4,7,6,6,6,9,7,6,8,7,5,9,8,8,9,9,9,8,8,9,3,3,5,3,6,4,2,1,2,3,5,5,5,4,4,4,4,2,2,2
sf,cvs,jsidplay2,jsidplay2/jsidplay2/src/libsidplay/common/Attic/IEventContext.java,clean,java,IssueTrue,29846,100,3111,3,1,3,1,5,10,2,4,2,2,1,1,5,1,1,1,10,10,10,2,2,2,1,1,5,6,6,6,7,5,4,6,5,4,1,1,1,9,9,9,8,8,9,3,3,4,10,10,7,2,1,2,3,5,3,3,2,4,4,4,7,6,5
sf,cvs,jsidplay2,jsidplay2/jsidplay2/src/libsidplay/common/Event.java,clean,java,IssueTrue,29846,100,3111,3,2,2,2,3,10,2,2,2,1,6,4,7,3,2,2,10,10,10,2,2,2,6,4,7,8,8,7,4,3,3,4,2,2,5,4,4,9,9,9,8,8,9,3,3,3,3,3,3,2,1,2,7,5,3,4,4,8,8,8,6,6,7
sf,cvs,jsidplay2,jsidplay2/jsidplay2/src/libsidplay/common/EventScheduler.java,buggy,java,IssueTrue,29846,100,3111,3,4,7,4,5,10,8,6,4,4,6,4,7,6,4,4,9,9,9,2,2,2,6,4,7,7,7,7,7,6,5,6,5,4,8,7,7,9,9,9,8,8,9,7,5,6,5,5,4,4,2,4,6,5,8,7,8,10,9,9,9,9,9
sf,cvs,jsidplay2,jsidplay2/jsidplay2/src/libsidplay/common/ISID2Types.java,buggy,java,IssueTrue,29846,100,3111,3,4,9,4,1,10,2,2,1,1,1,4,8,1,1,4,9,9,9,3,6,6,1,4,8,10,10,10,1,1,1,2,1,1,1,1,1,9,9,9,8,8,9,3,3,5,2,2,2,2,1,3,7,5,6,6,7,4,4,4,4,6,6
sf,cvs,jsidplay2,jsidplay2/jsidplay2/src/libsidplay/common/SIDBuilder.java,clean,java,IssueTrue,29846,100,3111,3,2,3,2,6,10,2,4,3,3,6,4,7,6,5,4,10,10,10,4,3,3,6,4,7,7,7,7,8,6,5,7,6,4,8,8,7,9,9,9,8,8,9,3,3,4,3,3,4,2,1,3,3,5,3,3,2,4,4,4,5,4,4
sf,cvs,jsidplay2,jsidplay2/jsidplay2/src/libsidplay/common/SIDEmu.java,buggy,java,IssueTrue,29846,100,3111,3,3,4,3,7,9,4,6,4,4,6,4,7,7,6,5,10,10,10,5,4,3,6,4,7,8,8,8,9,8,7,9,8,6,9,9,9,9,9,9,8,8,9,4,4,6,4,5,6,2,2,3,6,5,3,4,4,5,5,6,3,5,5
sf,cvs,jsidplay2,jsidplay2/jsidplay2/src/libsidplay/common/SIDEndian.java,clean,java,IssueTrue,29846,100,3111,3,6,10,6,9,10,2,7,5,5,6,4,7,8,7,6,9,9,9,1,1,1,6,4,7,6,6,6,1,1,1,10,9,8,10,10,10,9,9,9,8,8,9,3,3,7,7,8,9,4,2,6,4,5,3,3,2,9,8,8,5,6,5
sf,cvs,jsidplay2,jsidplay2/jsidplay2/src/libsidplay/components/keyboard/KeyTableEntry.java,clean,java,IssueTrue,29846,100,3111,3,4,2,5,3,6,2,2,2,1,6,4,7,3,2,2,9,9,9,3,3,2,6,4,7,8,8,7,4,3,3,4,2,2,5,4,4,9,9,9,8,8,9,3,3,3,4,3,3,6,2,3,3,5,4,3,3,4,4,4,3,3,3
sf,cvs,jsidplay2,jsidplay2/jsidplay2/src/libsidplay/components/keyboard/Keyboard.java,clean,java,IssueTrue,29846,100,3111,3,4,8,5,5,10,8,6,4,4,6,4,7,6,4,4,9,9,9,3,3,2,6,4,7,9,8,8,7,6,5,6,5,4,7,7,6,9,9,9,9,9,9,7,4,6,6,5,5,5,3,4,6,5,5,5,5,10,10,10,10,10,10
sf,cvs,jsidplay2,jsidplay2/jsidplay2/src/libsidplay/components/mos6510/Attic/C64Environment.java,clean,java,IssueTrue,29846,100,3111,3,1,3,2,6,10,2,4,3,3,1,1,5,2,1,1,10,10,10,2,1,2,1,1,5,6,6,6,8,6,5,7,6,4,1,1,1,9,9,9,8,8,9,3,3,4,5,6,5,2,1,2,4,8,4,4,3,10,9,9,8,8,7
sf,cvs,jsidplay2,jsidplay2/jsidplay2/src/libsidplay/components/mos6510/Attic/SID6510.java,clean,java,IssueTrue,29846,100,3111,3,6,8,6,9,9,8,6,6,6,7,8,9,9,9,9,9,9,9,5,6,6,7,8,9,7,8,7,8,9,8,8,9,7,5,7,6,10,10,10,10,10,10,5,4,8,3,5,6,4,3,6,6,5,5,6,5,10,10,9,7,6,7
sf,cvs,jsidplay2,jsidplay2/jsidplay2/src/libsidplay/components/mos6510/MOS6510.java,buggy,java,IssueTrue,29846,100,3111,3,10,10,10,10,5,9,4,10,10,6,4,10,2,9,10,10,10,10,2,8,10,6,4,10,6,10,10,2,10,10,2,10,10,2,8,10,9,10,10,9,10,10,10,10,10,5,10,10,3,7,10,9,8,3,3,2,4,4,4,2,2,2
sf,cvs,jsidplay2,jsidplay2/jsidplay2/src/libsidplay/components/mos6526/C64CIA.java,buggy,java,IssueTrue,29846,100,3111,3,4,5,4,7,8,4,4,3,5,7,8,10,7,7,8,9,9,9,3,4,5,7,8,10,6,7,7,5,5,6,5,5,6,6,7,8,9,9,9,8,8,9,5,4,6,3,3,4,3,2,4,9,8,5,7,7,6,6,7,3,5,6
sf,cvs,jsidplay2,jsidplay2/jsidplay2/src/libsidplay/components/mos6526/MOS6526.java,buggy,java,IssueTrue,29846,100,3111,3,8,9,9,8,8,9,8,10,9,6,4,9,4,6,8,10,10,10,3,5,6,6,4,9,9,10,10,5,8,7,5,8,7,4,7,8,10,10,10,9,9,9,10,9,10,9,9,8,7,8,8,6,5,4,4,4,4,4,4,6,7,7
sf,cvs,jsidplay2,jsidplay2/jsidplay2/src/libsidplay/components/mos656x/Attic/OldMOS656X.java,buggy,java,IssueTrue,29846,100,3111,3,8,9,8,7,7,8,10,9,9,9,8,8,7,6,5,10,10,10,6,5,4,9,8,8,10,10,10,9,8,6,8,7,5,8,8,7,10,10,10,8,8,9,10,10,9,8,8,7,6,6,6,8,5,4,6,5,6,7,7,4,5,6
sf,cvs,jsidplay2,jsidplay2/jsidplay2/src/libsidplay/components/mos656x/MOS656X.java,buggy,java,IssueTrue,29846,100,3111,3,10,10,10,10,8,9,5,10,10,6,4,10,3,9,9,9,10,10,2,7,10,6,4,10,7,10,10,4,10,10,4,10,10,2,9,10,10,10,10,9,10,10,8,10,10,5,8,10,5,9,10,10,10,9,10,10,10,10,10,10,10,10
sf,cvs,jsidplay2,jsidplay2/jsidplay2/src/libsidplay/components/mos656x/Sprite.java,buggy,java,IssueTrue,29846,100,3111,3,6,9,6,9,10,6,6,6,6,6,4,8,6,7,7,9,9,9,3,3,3,6,4,8,9,10,9,9,9,8,8,9,7,9,10,9,9,9,9,8,8,9,5,4,8,5,7,7,2,2,5,9,10,6,8,9,9,9,10,8,8,9
sf,cvs,jsidplay2,jsidplay2/jsidplay2/src/libsidplay/components/sidtune/P00.java,buggy,java,IssueTrue,29846,100,3111,3,5,6,6,3,8,4,5,4,5,6,4,8,2,2,5,9,9,9,4,5,4,6,4,8,7,7,7,2,3,3,2,2,2,2,2,3,9,9,9,8,8,9,9,7,6,9,9,5,7,7,4,4,5,3,3,2,7,7,6,5,4,5
sf,cvs,jsidplay2,jsidplay2/jsidplay2/src/libsidplay/components/sidtune/PSid.java,buggy,java,IssueTrue,29846,100,3111,3,8,9,9,5,8,9,8,8,8,6,4,8,3,3,5,9,9,9,5,7,6,6,4,8,9,10,9,4,4,4,4,3,4,4,4,5,10,10,10,9,9,9,10,9,9,10,10,8,8,5,6,3,5,6,5,4,4,4,4,3,3,3
sf,cvs,jsidplay2,jsidplay2/jsidplay2/src/libsidplay/components/sidtune/SidTune.java,buggy,java,IssueTrue,29846,100,3111,3,10,10,10,10,9,10,10,10,10,6,4,8,8,8,8,9,9,9,8,9,8,6,4,8,9,9,9,10,10,10,9,10,9,8,9,9,10,10,10,10,10,10,9,9,10,8,10,10,5,7,9,6,5,3,3,2,9,9,9,5,6,6
sf,cvs,jsidplay2,jsidplay2/jsidplay2/src/libsidplay/components/xsid/C64XSID.java,buggy,java,IssueTrue,29846,100,3111,3,4,6,4,8,9,4,7,5,4,10,9,9,9,9,8,9,9,9,5,4,3,10,9,9,8,8,7,9,9,7,9,8,6,10,9,9,10,10,10,8,8,9,4,3,6,3,3,5,3,2,5,4,5,6,6,5,4,4,4,5,5,5
sf,cvs,jsidplay2,jsidplay2/jsidplay2/src/libsidplay/components/xsid/XSID.java,clean,java,IssueTrue,29846,100,3111,3,9,10,9,10,8,8,7,8,9,6,8,10,6,8,9,9,10,10,4,6,8,6,8,10,9,10,10,7,9,9,6,8,9,5,9,9,10,10,10,9,10,10,8,6,10,7,8,9,6,8,9,7,5,3,3,3,7,7,7,9,8,9
sf,cvs,jsidplay2,jsidplay2/jsidplay2/src/libsidutils/SIDDump.java,clean,java,IssueTrue,29846,100,3111,3,7,1,7,7,1,8,7,6,7,6,4,8,5,5,6,9,9,9,8,9,8,6,4,8,8,8,8,7,7,7,6,6,6,6,6,7,9,9,9,10,10,10,9,8,8,5,9,6,5,4,6,3,5,3,3,2,4,4,4,3,3,3
sf,cvs,jsidplay2,jsidplay2/jsidplay2/src/libsidutils/SidDatabase.java,clean,java,IssueTrue,29846,100,3111,3,5,4,5,6,6,9,7,6,5,6,4,7,6,5,4,9,9,9,6,5,4,6,4,7,8,7,7,8,6,5,7,6,4,7,7,6,9,9,9,9,9,9,8,6,7,4,4,5,5,3,5,3,8,3,3,2,4,4,4,3,3,3
sf,cvs,jsidplay2,jsidplay2/jsidplay2/src/resid_builder/ReSID.java,buggy,java,IssueTrue,29846,100,3111,3,6,6,6,8,7,6,7,6,5,9,8,8,8,8,7,9,9,9,9,8,7,9,8,8,9,8,8,9,8,7,9,8,6,10,9,9,9,9,9,8,8,9,6,5,7,6,6,7,5,5,6,9,9,7,9,8,9,10,9,3,6,6
sf,cvs,jsidplay2,jsidplay2/jsidplay2/src/resid_builder/ReSIDBuilder.java,clean,java,IssueTrue,29846,100,3111,3,5,7,5,6,9,6,7,5,5,9,8,8,7,7,5,9,9,9,6,5,4,9,8,8,7,7,7,8,7,5,7,6,5,9,8,7,9,9,9,8,8,9,7,4,6,4,3,4,6,3,5,3,5,3,3,2,4,4,4,3,3,3
sf,cvs,jsidplay2,jsidplay2/jsidplay2/src/resid_builder/resid/EnvelopeGenerator.java,buggy,java,IssueTrue,29846,100,3111,3,6,10,6,6,10,8,8,6,6,6,4,7,6,5,4,9,9,9,2,2,2,6,4,7,10,9,9,8,7,6,8,7,5,2,2,2,10,10,10,9,9,9,8,7,8,6,6,6,4,5,5,6,5,3,3,2,6,6,6,9,9,8
sf,cvs,jsidplay2,jsidplay2/jsidplay2/src/resid_builder/resid/ExternalFilter.java,buggy,java,IssueTrue,29846,100,3111,3,2,8,3,5,10,4,4,3,2,6,4,7,5,4,3,9,9,9,2,1,2,6,4,7,8,8,7,6,5,4,5,4,3,1,1,1,10,10,10,8,8,9,4,4,4,4,4,4,3,1,3,6,5,3,3,2,7,6,6,7,7,7
sf,cvs,jsidplay2,jsidplay2/jsidplay2/src/resid_builder/resid/Filter.java,buggy,java,IssueTrue,29846,100,3111,3,7,10,7,8,10,6,8,7,7,6,4,7,7,7,6,9,9,9,4,3,3,6,4,7,10,10,10,10,9,8,9,9,7,6,5,5,10,10,10,10,10,10,7,7,8,7,7,8,5,5,7,8,9,7,8,8,9,10,9,9,9,9
sf,cvs,jsidplay2,jsidplay2/jsidplay2/src/resid_builder/resid/Potentiometer.java,buggy,java,IssueTrue,29846,100,3111,3,1,3,1,2,10,2,2,1,1,6,4,7,2,1,1,9,9,9,1,1,1,6,4,7,6,6,6,2,2,2,2,1,1,1,1,1,10,9,9,8,8,9,3,3,2,2,2,2,2,1,2,3,5,3,3,2,4,4,4,3,3,3
sf,cvs,jsidplay2,jsidplay2/jsidplay2/src/resid_builder/resid/SID.java,buggy,java,IssueTrue,29846,100,3111,3,8,10,9,9,9,8,9,9,9,6,4,7,8,7,6,9,9,9,8,7,5,6,4,7,10,10,10,10,9,8,9,9,7,10,9,9,9,9,9,10,10,10,9,8,9,8,6,8,6,5,8,9,9,7,9,9,10,10,10,9,9,10
sf,cvs,jsidplay2,jsidplay2/jsidplay2/src/resid_builder/resid/Voice.java,buggy,java,IssueTrue,29846,100,3111,3,2,8,3,5,10,4,4,2,2,6,4,7,5,4,3,9,9,9,3,3,2,6,4,7,8,8,7,6,5,4,5,4,3,6,6,5,9,9,9,8,8,9,4,3,4,5,3,4,3,1,3,6,5,3,3,2,4,4,4,5,5,5
sf,cvs,jsidplay2,jsidplay2/jsidplay2/src/resid_builder/resid/WaveformGenerator.java,buggy,java,IssueTrue,29846,100,3111,3,8,10,8,8,9,8,8,8,8,6,4,8,6,7,7,9,9,9,2,3,2,6,4,8,10,10,9,8,8,7,7,8,7,1,2,2,10,10,10,10,10,10,9,8,9,6,6,7,4,4,6,9,10,4,5,6,7,8,8,9,9,9
sf,cvs,jsidplay2,jsidplay2/jsidplay2/src/sidplay/ConsolePlayer.java,buggy,java,IssueTrue,29846,100,3111,3,10,10,10,9,5,9,8,10,10,6,8,10,5,8,9,9,9,9,7,10,10,6,8,10,9,10,10,6,10,9,5,9,8,6,10,9,9,9,9,9,9,9,10,10,10,10,10,10,9,10,10,10,8,5,7,8,7,9,9,6,8,9
sf,cvs,jsidplay2,jsidplay2/jsidplay2/src/sidplay/IniConfig.java,buggy,java,IssueTrue,29846,100,3111,3,9,6,9,9,2,9,6,10,9,6,4,10,5,8,9,9,9,9,5,10,9,6,4,10,9,10,10,5,9,8,5,9,8,4,9,9,9,10,10,9,10,10,9,8,10,9,8,9,9,10,9,8,5,8,7,9,4,4,4,6,7,7
sf,cvs,jsidplay2,jsidplay2/jsidplay2/src/sidplay/Test.java,clean,java,IssueTrue,29846,100,3111,3,5,2,5,4,5,8,6,4,4,9,8,8,6,4,4,9,9,9,9,8,6,9,8,8,6,6,6,5,4,3,5,4,3,6,5,5,9,9,9,9,9,9,8,5,5,6,6,4,8,7,5,8,5,4,5,6,5,6,6,3,5,6
sf,cvs,jsidplay2,jsidplay2/jsidplay2/src/sidplay/audio/AudioDriver.java,buggy,java,IssueTrue,29846,100,3111,3,3,1,3,5,2,6,4,3,3,9,8,8,5,4,3,9,9,9,8,7,5,9,8,8,7,7,7,6,5,4,5,4,3,7,6,6,9,9,9,8,8,9,5,4,4,6,6,4,4,3,3,6,5,3,3,3,4,4,4,5,5,5
sf,cvs,jsidplay2,jsidplay2/jsidplay2/src/sidplay/audio/CompareDriver.java,clean,java,IssueTrue,29846,100,3111,3,5,2,5,5,4,8,7,4,4,9,8,8,5,4,3,9,9,9,9,8,6,9,8,8,8,8,8,7,5,4,6,5,4,7,7,6,9,9,9,8,8,9,8,5,6,6,7,5,6,5,5,6,5,5,6,5,5,6,6,2,4,4
sf,cvs,jsidplay2,jsidplay2/jsidplay2/src/sidplay/audio/WavFile.java,clean,java,IssueTrue,29846,100,3111,3,6,8,6,6,8,9,5,5,5,7,8,9,5,4,6,9,9,9,5,7,5,7,8,9,9,9,9,6,6,5,5,5,5,6,7,7,9,9,9,8,8,9,7,5,6,8,8,6,6,5,6,3,5,3,3,2,8,7,7,2,2,2
