Host,Vcs,Project,File,Buggy,PL,IssueTracking,TLOC,TNF,TNC,TND,LOC,CL,NStmt,NFunc,RCC,MNL,avg_WMC,max_WMC,total_WMC,avg_DIT,max_DIT,total_DIT,avg_RFC,max_RFC,total_RFC,avg_NOC,max_NOC,total_NOC,avg_CBO,max_CBO,total_CBO,avg_DIT.1,max_DIT.1,total_DIT.1,avg_NIV,max_NIV,total_NIV,avg_NIM,max_NIM,total_NIM,avg_NOM,max_NOM,total_NOM,avg_NPBM,max_NPBM,total_NPBM,avg_NPM,max_NPM,total_NPM,avg_NPRM,max_NPRM,total_NPRM,avg_CC,max_CC,total_CC,avg_FANIN,max_FANIN,total_FANIN,avg_FANOUT,max_FANOUT,total_FANOUT,NRev,NFix,avg_AddedLOC,max_AddedLOC,total_AddedLOC,avg_DeletedLOC,max_DeletedLOC,total_DeletedLOC,avg_ModifiedLOC,max_ModifiedLOC,total_ModifiedLOC
sf,cvs,jstock,jstock/jstock/src/org/yccheok/jstock/analysis/AbstractOperator.java,clean,java,IssueTrue,20531,85,3604,5,6,6,7,8,6,8,8,7,7,9,8,8,7,6,5,10,10,10,5,5,3,9,8,8,9,8,8,9,8,7,9,8,6,9,9,8,10,9,9,9,9,9,8,5,8,4,4,6,5,4,6,3,5,8,6,5,10,9,9,6,5,4
sf,cvs,jstock,jstock/jstock/src/org/yccheok/jstock/analysis/ArithmeticOperator.java,clean,java,IssueTrue,20531,85,3604,5,5,4,5,6,6,6,7,5,4,10,9,9,8,7,6,9,9,9,7,6,5,10,9,9,6,6,6,8,7,6,8,7,5,7,6,6,10,9,9,10,10,10,6,4,6,3,3,4,5,2,5,3,8,5,4,4,8,7,7,8,6,6
sf,cvs,jstock,jstock/jstock/src/org/yccheok/jstock/analysis/DoubleConstantOperator.java,clean,java,IssueTrue,20531,85,3604,5,2,4,2,5,10,4,4,3,2,10,9,9,8,7,6,9,9,9,3,3,2,10,9,9,6,6,6,7,5,4,6,5,4,7,6,6,10,9,9,8,8,9,4,3,4,2,3,3,3,1,3,3,5,3,3,2,8,7,7,8,6,6
sf,cvs,jstock,jstock/jstock/src/org/yccheok/jstock/analysis/StockOperator.java,clean,java,IssueTrue,20531,85,3604,5,5,4,4,6,6,4,8,6,6,10,9,9,8,7,6,9,9,9,6,5,4,10,9,9,8,7,7,8,6,5,7,6,4,7,7,6,10,9,9,9,9,9,8,8,7,4,8,5,5,7,5,3,5,7,6,5,4,4,4,3,3,3
sf,cvs,jstock,jstock/jstock/src/org/yccheok/jstock/chat/Utils.java,clean,java,IssueTrue,20531,85,3604,5,7,7,7,7,6,6,7,7,6,6,4,8,5,5,6,9,9,9,10,10,10,6,4,8,6,6,6,2,2,2,6,7,5,6,7,7,9,9,9,10,10,10,8,6,8,4,6,6,7,6,7,6,5,4,5,4,5,5,5,2,3,3
sf,cvs,jstock,jstock/jstock/src/org/yccheok/jstock/engine/CIMBMarketServer.java,clean,java,IssueTrue,20531,85,3604,5,4,6,4,3,9,9,4,3,2,6,4,7,3,2,2,9,9,9,8,7,5,6,4,7,8,7,7,4,3,3,4,2,2,5,4,4,9,9,9,8,8,9,8,5,4,7,6,4,8,5,4,4,5,3,3,3,5,5,5,2,3,3
sf,cvs,jstock,jstock/jstock/src/org/yccheok/jstock/engine/CIMBStockHistoryServer.java,clean,java,IssueTrue,20531,85,3604,5,7,7,7,6,7,9,6,5,5,6,4,8,4,4,6,9,9,9,9,10,9,6,4,8,8,9,9,5,6,5,5,5,4,6,7,7,9,9,9,9,9,9,8,6,7,5,6,5,9,8,7,4,5,3,3,3,5,5,5,2,3,3
sf,cvs,jstock,jstock/jstock/src/org/yccheok/jstock/engine/CIMBStockServer.java,clean,java,IssueTrue,20531,85,3604,5,6,7,7,5,7,10,8,7,6,9,8,8,6,4,4,9,9,9,10,9,8,9,8,8,8,7,7,7,6,5,6,5,4,8,7,7,9,9,9,8,8,9,9,7,8,4,4,4,9,7,6,6,8,8,8,7,5,5,5,6,6,6
sf,cvs,jstock,jstock/jstock/src/org/yccheok/jstock/engine/Country.java,clean,java,IssueTrue,20531,85,3604,5,2,3,1,3,9,2,2,1,1,1,1,5,1,1,1,9,9,9,1,1,1,1,1,5,6,6,6,1,1,1,2,1,1,1,1,1,9,9,9,8,8,9,3,3,3,3,3,3,3,2,3,3,5,8,6,5,4,4,4,6,5,4
sf,cvs,jstock,jstock/jstock/src/org/yccheok/jstock/engine/Duration.java,clean,java,IssueTrue,20531,85,3604,5,4,3,4,7,7,4,7,5,4,6,4,7,6,6,4,9,9,9,6,5,4,6,4,7,8,7,7,8,7,6,8,7,5,9,9,8,9,9,9,8,8,9,5,4,6,4,4,6,4,2,5,3,9,5,4,4,4,4,4,2,2,2
sf,cvs,jstock,jstock/jstock/src/org/yccheok/jstock/engine/Factories.java,clean,java,IssueTrue,20531,85,3604,5,4,3,5,2,7,4,2,1,1,1,1,5,1,1,1,9,9,9,1,1,1,1,1,5,6,6,6,1,1,1,2,1,1,1,1,1,9,9,9,8,8,9,4,3,3,2,3,2,3,2,2,3,5,10,8,7,4,4,4,6,5,4
sf,cvs,jstock,jstock/jstock/src/org/yccheok/jstock/engine/Index.java,clean,java,IssueTrue,20531,85,3604,5,3,3,2,3,9,2,2,1,1,1,1,5,1,1,1,9,9,9,1,1,1,1,1,5,6,6,6,1,1,1,2,1,1,1,1,1,9,9,9,8,8,9,3,3,3,2,3,3,2,1,3,3,8,8,6,5,4,4,4,3,3,3
sf,cvs,jstock,jstock/jstock/src/org/yccheok/jstock/engine/MutableStockCodeAndSymbolDatabase.java,clean,java,IssueTrue,20531,85,3604,5,5,5,5,4,8,4,7,5,5,9,8,8,8,7,6,9,9,9,8,7,5,9,8,8,6,6,6,6,4,3,5,4,3,6,6,5,9,9,9,8,8,9,9,5,6,9,6,5,6,3,4,4,8,5,5,4,9,8,7,9,8,8
sf,cvs,jstock,jstock/jstock/src/org/yccheok/jstock/engine/RealTimeStockMonitor.java,clean,java,IssueTrue,20531,85,3604,5,7,8,7,9,8,10,7,5,7,9,8,9,9,9,9,9,9,9,8,7,8,9,8,9,9,9,9,8,8,8,8,8,7,9,9,9,9,9,9,9,9,9,6,6,8,5,6,7,5,5,7,3,8,10,8,8,10,9,8,10,8,7
sf,cvs,jstock,jstock/jstock/src/org/yccheok/jstock/engine/SingaporeYahooMarketServer.java,clean,java,IssueTrue,20531,85,3604,5,5,3,5,6,6,8,5,3,5,6,4,8,5,4,6,9,9,9,8,7,8,6,4,8,8,8,8,6,5,5,5,5,5,6,7,7,9,9,9,8,8,9,7,5,6,4,5,4,5,4,5,3,8,4,4,3,4,4,4,5,4,4
sf,cvs,jstock,jstock/jstock/src/org/yccheok/jstock/engine/SingaporeYahooStockHistoryServer.java,buggy,java,IssueTrue,20531,85,3604,5,6,6,6,6,6,6,7,5,5,6,4,7,6,5,4,9,9,9,10,10,9,6,4,7,8,8,8,8,7,5,7,6,5,8,7,7,9,9,9,9,9,9,8,5,7,5,6,5,7,7,6,4,5,3,3,3,5,5,5,2,3,3
sf,cvs,jstock,jstock/jstock/src/org/yccheok/jstock/engine/SingaporeYahooStockServer.java,clean,java,IssueTrue,20531,85,3604,5,8,9,8,6,8,10,9,8,7,9,8,8,6,5,4,9,9,9,10,10,8,9,8,8,7,7,7,8,6,5,7,6,4,7,6,6,9,9,9,10,9,9,10,9,8,7,7,6,10,7,7,7,8,7,8,8,5,6,6,4,6,6
sf,cvs,jstock,jstock/jstock/src/org/yccheok/jstock/engine/Stock.java,clean,java,IssueTrue,20531,85,3604,5,7,8,7,9,7,2,7,6,5,6,4,7,8,8,6,9,9,9,6,5,4,6,4,7,10,10,10,10,10,9,10,9,8,10,10,10,9,9,9,8,8,9,3,3,8,8,9,9,4,8,7,4,5,7,7,6,8,7,7,6,5,5
sf,cvs,jstock,jstock/jstock/src/org/yccheok/jstock/engine/Symbol.java,clean,java,IssueTrue,20531,85,3604,5,2,3,2,4,9,4,4,3,2,6,4,7,5,3,3,9,9,9,3,3,2,6,4,7,6,6,6,5,4,3,5,4,3,6,5,5,9,9,9,9,9,9,5,4,4,10,8,6,3,1,3,3,9,5,4,4,4,4,4,2,2,2
sf,cvs,jstock,jstock/jstock/src/org/yccheok/jstock/engine/Utils.java,buggy,java,IssueTrue,20531,85,3604,5,6,5,6,6,5,8,8,7,7,6,4,7,6,5,4,9,9,9,8,7,6,6,4,7,6,6,6,2,2,2,7,6,4,8,7,7,9,9,9,9,9,9,10,8,8,10,10,7,5,2,5,4,5,9,8,8,4,4,4,5,5,5
sf,cvs,jstock,jstock/jstock/src/org/yccheok/jstock/engine/YahooStockFormat.java,clean,java,IssueTrue,20531,85,3604,5,6,9,6,3,9,8,8,7,6,6,4,7,3,2,2,9,9,9,10,9,8,6,4,7,6,6,6,3,3,2,4,2,2,4,3,3,9,9,9,9,9,9,10,9,8,5,4,3,8,6,4,4,8,9,8,8,4,4,4,10,9,8
sf,cvs,jstock,jstock/jstock/src/org/yccheok/jstock/engine/YahooStockHistoryServer.java,buggy,java,IssueTrue,20531,85,3604,5,6,6,6,6,6,6,7,5,5,6,4,7,6,5,4,9,9,9,10,10,9,6,4,7,8,8,8,8,7,5,7,6,5,8,7,7,9,9,9,9,9,9,8,5,7,5,6,5,7,7,6,4,5,3,3,3,5,5,5,2,3,3
sf,cvs,jstock,jstock/jstock/src/org/yccheok/jstock/engine/YahooStockServer.java,buggy,java,IssueTrue,20531,85,3604,5,8,10,8,6,8,10,9,8,8,9,8,8,6,5,4,9,9,9,10,10,9,9,8,8,7,7,7,8,6,5,7,6,4,7,6,6,9,9,9,10,9,9,10,9,9,7,6,6,10,7,8,8,8,8,8,9,8,9,9,4,6,6
sf,cvs,jstock,jstock/jstock/src/org/yccheok/jstock/gui/AboutJDialog.java,clean,java,IssueTrue,20531,85,3604,5,7,8,8,7,7,9,2,5,6,7,10,10,9,10,10,9,9,9,5,10,10,7,10,10,7,10,10,2,5,7,2,5,6,2,2,7,9,9,9,9,10,10,7,5,7,5,9,6,8,10,8,8,5,10,10,10,8,8,8,7,8,8
sf,cvs,jstock,jstock/jstock/src/org/yccheok/jstock/gui/Attic/DependencyFigure.java,clean,java,IssueTrue,20531,85,3604,5,5,8,5,5,10,6,6,4,4,9,8,8,5,4,3,9,9,9,7,6,5,9,8,8,6,6,6,7,5,4,6,5,4,6,6,5,10,10,10,8,8,9,7,5,6,3,4,3,6,3,5,3,8,8,6,5,7,6,6,8,6,5
sf,cvs,jstock,jstock/jstock/src/org/yccheok/jstock/gui/Attic/OperatorFigure.java,clean,java,IssueTrue,20531,85,3604,5,7,4,7,9,4,6,8,6,6,9,8,8,8,7,6,9,9,9,10,9,8,9,8,8,7,7,7,10,9,8,9,9,7,10,9,9,10,9,9,10,10,10,5,4,8,3,4,6,6,5,8,3,5,3,3,2,4,4,4,3,3,3
sf,cvs,jstock,jstock/jstock/src/org/yccheok/jstock/gui/AutoCompleteJComboBox.java,clean,java,IssueTrue,20531,85,3604,5,6,6,6,7,7,9,3,3,5,10,10,10,10,10,10,9,9,9,5,7,9,10,10,10,6,7,7,2,4,6,2,4,5,2,5,7,9,9,10,9,9,9,7,6,7,4,5,5,6,7,6,3,5,8,6,5,6,5,5,8,6,5
sf,cvs,jstock,jstock/jstock/src/org/yccheok/jstock/gui/BuyPortfolioChartJDialog.java,clean,java,IssueTrue,20531,85,3604,5,6,5,6,5,6,9,6,6,6,10,10,10,10,9,10,9,9,9,7,8,7,10,10,10,8,8,8,4,4,4,4,4,3,2,2,3,9,9,9,9,10,10,10,8,7,6,5,5,10,8,6,3,5,3,3,2,4,4,4,3,3,3
sf,cvs,jstock,jstock/jstock/src/org/yccheok/jstock/gui/BuyPortfolioTreeTableModel.java,clean,java,IssueTrue,20531,85,3604,5,8,4,7,9,2,6,10,9,9,9,8,8,8,8,6,9,9,9,8,7,5,9,8,8,6,6,6,10,10,9,10,9,8,10,9,9,9,9,9,10,10,10,9,10,9,4,4,7,6,9,8,6,8,5,6,5,4,4,4,5,6,6
sf,cvs,jstock,jstock/jstock/src/org/yccheok/jstock/gui/IndicatorDefaultDrawing.java,buggy,java,IssueTrue,20531,85,3604,5,3,5,4,4,9,6,4,3,3,9,8,8,4,3,2,9,9,9,8,7,6,9,8,8,6,6,6,5,4,3,5,3,2,6,5,5,9,9,9,8,8,9,7,4,4,4,3,3,8,3,4,6,5,3,3,2,9,8,8,5,5,6
sf,cvs,jstock,jstock/jstock/src/org/yccheok/jstock/gui/IndicatorPanel.java,buggy,java,IssueTrue,20531,85,3604,5,10,9,10,10,4,9,4,9,9,6,10,10,9,10,10,9,9,9,6,10,10,6,10,10,7,10,10,3,9,9,4,9,9,4,9,10,9,9,9,9,10,10,8,6,10,5,9,9,8,10,10,6,5,3,3,2,9,9,8,6,6,7
sf,cvs,jstock,jstock/jstock/src/org/yccheok/jstock/gui/IndicatorProjectManager.java,buggy,java,IssueTrue,20531,85,3604,5,4,5,5,6,8,4,7,5,5,6,4,7,6,5,4,9,9,9,7,6,5,6,4,7,7,7,7,8,7,6,8,7,5,8,8,7,9,9,9,9,9,9,7,5,6,7,4,6,6,4,6,3,5,3,3,2,6,5,5,2,2,2
sf,cvs,jstock,jstock/jstock/src/org/yccheok/jstock/gui/IndicatorScannerJPanel.java,buggy,java,IssueTrue,20531,85,3604,5,9,8,9,10,5,8,3,8,9,6,10,10,8,10,10,9,9,9,6,10,10,6,10,10,6,10,9,3,10,10,3,9,9,3,9,10,9,9,9,9,10,10,7,5,10,4,6,8,7,7,10,8,5,10,9,10,10,10,10,5,6,7
sf,cvs,jstock,jstock/jstock/src/org/yccheok/jstock/gui/JStockOptions.java,clean,java,IssueTrue,20531,85,3604,5,8,9,9,10,7,4,10,9,9,6,4,7,9,9,9,9,9,9,6,5,4,6,4,7,10,10,10,10,10,10,10,10,10,10,10,10,9,9,9,9,9,9,4,7,10,4,7,10,3,9,9,7,5,10,9,10,8,8,8,8,8,8
sf,cvs,jstock,jstock/jstock/src/org/yccheok/jstock/gui/JTableUtilities.java,buggy,java,IssueTrue,20531,85,3604,5,5,7,5,6,8,8,7,5,5,6,4,7,6,5,4,9,9,9,9,9,7,6,4,7,6,6,6,2,2,2,7,6,4,7,7,6,9,9,9,9,9,9,8,5,6,5,5,5,7,4,6,4,5,8,7,6,5,5,5,2,2,2
sf,cvs,jstock,jstock/jstock/src/org/yccheok/jstock/gui/MainFrame.java,buggy,java,IssueTrue,20531,85,3604,5,10,10,10,10,4,10,4,10,10,6,10,10,7,10,10,9,9,9,6,10,10,6,10,10,7,10,10,4,10,10,4,10,10,3,10,10,9,10,10,9,10,10,8,9,10,5,10,10,7,10,10,10,9,3,3,2,4,4,4,2,2,2
sf,cvs,jstock,jstock/jstock/src/org/yccheok/jstock/gui/NewBuyTransactionJDialog.java,clean,java,IssueTrue,20531,85,3604,5,9,8,9,9,4,9,3,7,7,6,10,10,9,10,10,9,9,9,6,10,10,6,10,10,7,10,10,4,9,9,4,9,8,3,8,9,9,9,9,9,10,10,5,5,8,5,9,8,7,10,9,4,5,5,5,5,8,7,7,7,6,6
sf,cvs,jstock,jstock/jstock/src/org/yccheok/jstock/gui/NewSellTransactionJDialog.java,clean,java,IssueTrue,20531,85,3604,5,9,8,9,9,4,8,3,7,8,6,10,10,9,10,10,9,9,9,6,10,10,6,10,10,8,10,10,3,9,9,3,9,8,2,6,9,9,9,9,9,10,10,6,5,9,7,9,9,8,10,9,4,5,10,10,9,10,9,9,10,9,9
sf,cvs,jstock,jstock/jstock/src/org/yccheok/jstock/gui/OptionsBrokerJPanel.java,clean,java,IssueTrue,20531,85,3604,5,9,7,8,8,4,6,3,5,6,7,10,10,9,10,10,9,9,9,6,10,10,7,10,10,8,10,10,3,8,7,3,7,7,2,4,7,9,9,9,9,10,10,5,4,7,8,9,8,9,10,9,3,5,8,6,5,6,5,5,10,8,8
sf,cvs,jstock,jstock/jstock/src/org/yccheok/jstock/gui/OptionsNetworkJPanel.java,clean,java,IssueTrue,20531,85,3604,5,8,8,7,7,7,6,3,4,5,9,10,10,10,10,10,9,9,9,8,10,9,9,10,10,8,10,9,4,6,6,4,5,5,3,4,6,9,9,9,9,10,10,7,5,7,6,7,6,9,9,8,4,5,10,10,9,10,9,8,10,8,8
sf,cvs,jstock,jstock/jstock/src/org/yccheok/jstock/gui/OptionsSpeedJPanel.java,clean,java,IssueTrue,20531,85,3604,5,6,6,5,4,7,4,5,3,3,10,10,10,10,10,10,9,9,9,9,8,7,10,10,10,10,9,9,5,4,3,5,3,2,5,4,4,9,9,9,9,9,9,8,5,5,8,6,5,10,8,6,6,5,9,8,7,4,4,4,8,7,7
sf,cvs,jstock,jstock/jstock/src/org/yccheok/jstock/gui/PortfolioManagementJPanel.java,clean,java,IssueTrue,20531,85,3604,5,10,9,10,10,3,9,3,10,10,6,10,10,7,10,10,9,9,9,4,10,10,6,10,10,6,10,10,3,10,10,3,10,10,2,9,10,9,9,9,9,10,10,7,5,10,4,9,9,6,10,10,9,8,10,10,10,10,10,10,9,9,10
sf,cvs,jstock,jstock/jstock/src/org/yccheok/jstock/gui/SellPortfolioChartJDialog.java,clean,java,IssueTrue,20531,85,3604,5,6,5,6,5,6,9,6,6,6,10,10,10,10,9,10,9,9,9,7,8,7,10,10,10,8,8,8,4,4,4,4,4,3,2,2,3,9,9,9,9,10,10,10,8,7,6,5,5,10,8,6,3,5,8,6,5,4,4,4,5,4,4
sf,cvs,jstock,jstock/jstock/src/org/yccheok/jstock/gui/SellPortfolioTreeTableModel.java,clean,java,IssueTrue,20531,85,3604,5,7,2,6,9,2,6,9,9,8,9,8,8,8,7,6,9,9,9,5,5,3,9,8,8,6,6,6,10,9,8,9,9,7,9,9,9,9,9,9,10,10,10,9,10,9,3,3,6,5,9,8,3,5,7,6,5,4,4,4,7,6,5
sf,cvs,jstock,jstock/jstock/src/org/yccheok/jstock/gui/StockDatabaseJDialog.java,buggy,java,IssueTrue,20531,85,3604,5,9,8,9,10,5,8,3,5,9,7,10,10,9,10,10,9,9,9,6,10,10,7,10,10,7,10,10,4,9,10,4,8,9,4,8,10,9,9,9,9,10,10,5,5,9,3,8,8,5,10,9,8,8,6,7,7,7,7,7,6,7,7
sf,cvs,jstock,jstock/jstock/src/org/yccheok/jstock/gui/StockJDialog.java,clean,java,IssueTrue,20531,85,3604,5,9,7,9,8,3,8,3,6,6,7,10,10,9,10,10,9,9,9,5,10,10,7,10,10,9,10,10,3,7,7,3,7,6,2,3,7,9,9,9,9,10,10,7,6,7,8,9,8,9,10,8,4,5,3,3,2,5,5,5,6,6,5
sf,cvs,jstock,jstock/jstock/src/org/yccheok/jstock/gui/StockTableCellRenderer.java,clean,java,IssueTrue,20531,85,3604,5,7,4,8,5,3,8,7,8,7,10,10,10,10,10,10,9,9,9,5,7,6,10,10,10,6,6,6,5,5,5,5,5,4,2,3,4,9,9,9,10,10,10,10,9,9,6,4,5,9,6,6,4,5,10,9,8,4,4,4,9,8,8
sf,cvs,jstock,jstock/jstock/src/org/yccheok/jstock/gui/StockTableModel.java,buggy,java,IssueTrue,20531,85,3604,5,6,4,7,9,5,6,8,7,6,9,8,8,8,7,6,9,9,9,9,8,6,9,8,8,9,9,8,10,9,8,9,9,7,10,10,9,9,9,9,9,9,9,5,4,8,5,5,7,5,6,7,6,8,6,6,6,7,7,7,6,7,7
sf,cvs,jstock,jstock/jstock/src/org/yccheok/jstock/gui/Utils.java,buggy,java,IssueTrue,20531,85,3604,5,9,8,9,10,4,8,8,9,9,6,4,8,7,8,8,9,9,9,10,10,10,6,4,8,7,8,8,2,2,2,9,10,9,10,10,10,9,9,9,9,9,9,7,5,9,8,8,9,6,5,9,10,5,9,9,10,5,6,6,2,5,6
sf,cvs,jstock,jstock/jstock/src/org/yccheok/jstock/gui/WizardSelectStockJPanel.java,clean,java,IssueTrue,20531,85,3604,5,9,6,9,8,2,8,4,7,7,7,10,10,9,10,10,9,9,9,5,10,9,7,10,10,9,10,10,4,8,7,4,7,6,4,7,8,9,9,9,9,10,10,7,6,8,9,9,8,8,10,8,3,5,4,3,3,8,7,7,9,7,6
sf,cvs,jstock,jstock/jstock/src/org/yccheok/jstock/gui/dynamicchart/DynamicChart.java,clean,java,IssueTrue,20531,85,3604,5,5,5,5,4,7,6,4,3,2,6,4,7,4,3,2,9,9,9,9,8,6,6,4,7,7,7,7,5,4,3,5,3,2,6,5,5,9,9,9,8,8,9,6,4,4,6,4,4,10,6,5,3,5,10,8,7,6,5,5,6,5,4
sf,cvs,jstock,jstock/jstock/src/org/yccheok/jstock/gui/portfolio/CashFlowChartJDialog.java,clean,java,IssueTrue,20531,85,3604,5,6,6,7,6,6,8,5,4,4,10,10,10,10,10,10,9,9,9,8,9,8,10,10,10,8,8,8,6,6,5,5,6,5,2,2,3,9,9,9,10,10,10,6,5,6,4,4,5,9,6,7,3,5,10,10,10,7,6,6,10,8,7
sf,cvs,jstock,jstock/jstock/src/org/yccheok/jstock/gui/portfolio/DepositSummaryJDialog.java,clean,java,IssueTrue,20531,85,3604,5,7,8,8,9,7,6,2,6,7,7,10,10,9,10,10,9,9,9,5,10,10,7,10,10,6,9,9,3,9,9,3,8,8,2,4,9,9,9,9,9,10,10,4,4,8,3,8,7,5,9,8,6,5,4,5,4,5,5,5,3,4,4
sf,cvs,jstock,jstock/jstock/src/org/yccheok/jstock/gui/portfolio/DepositSummaryTableModel.java,clean,java,IssueTrue,20531,85,3604,5,4,3,4,7,7,4,6,4,4,9,8,8,8,7,6,9,9,9,5,4,3,9,8,8,8,7,7,9,7,6,8,7,5,9,8,8,9,9,9,8,8,9,4,4,5,3,3,4,4,2,4,4,5,6,5,5,4,4,4,5,5,5
sf,cvs,jstock,jstock/jstock/src/org/yccheok/jstock/gui/portfolio/DividendSummaryJDialog.java,clean,java,IssueTrue,20531,85,3604,5,7,8,8,9,7,6,2,6,7,7,10,10,9,10,10,9,9,9,5,10,10,7,10,10,6,9,9,3,9,9,3,8,8,2,5,9,9,9,9,9,10,10,4,4,8,3,8,7,6,10,8,3,5,8,6,6,4,4,4,7,6,5
sf,cvs,jstock,jstock/jstock/src/org/yccheok/jstock/gui/table/CurrencyRenderer.java,clean,java,IssueTrue,20531,85,3604,5,2,3,2,3,10,4,3,2,2,10,10,10,10,10,10,9,9,9,3,3,2,10,10,10,6,6,6,3,3,2,3,2,2,4,3,3,9,9,9,8,8,9,6,4,3,2,3,2,4,2,2,3,5,3,3,2,10,9,9,3,3,3
