Host,Vcs,Project,File,Buggy,PL,IssueTracking,TLOC,TNF,TNC,TND,LOC,CL,NStmt,NFunc,RCC,MNL,avg_WMC,max_WMC,total_WMC,avg_DIT,max_DIT,total_DIT,avg_RFC,max_RFC,total_RFC,avg_NOC,max_NOC,total_NOC,avg_CBO,max_CBO,total_CBO,avg_DIT.1,max_DIT.1,total_DIT.1,avg_NIV,max_NIV,total_NIV,avg_NIM,max_NIM,total_NIM,avg_NOM,max_NOM,total_NOM,avg_NPBM,max_NPBM,total_NPBM,avg_NPM,max_NPM,total_NPM,avg_NPRM,max_NPRM,total_NPRM,avg_CC,max_CC,total_CC,avg_FANIN,max_FANIN,total_FANIN,avg_FANOUT,max_FANOUT,total_FANOUT,NRev,NFix,avg_AddedLOC,max_AddedLOC,total_AddedLOC,avg_DeletedLOC,max_DeletedLOC,total_DeletedLOC,avg_ModifiedLOC,max_ModifiedLOC,total_ModifiedLOC
sf,cvs,kisdnmon,kisdnmon/kisdnmon/kisdnmon/AboutDlg.cpp,clean,cpp,IssueTrue,6674,49,677,2,1,7,1,4,10,4,7,7,7,8,9,8,8,9,3,9,10,10,6,6,6,8,9,8,6,6,6,6,6,6,6,6,6,6,6,6,9,9,9,8,8,9,3,3,2,5,6,4,4,3,2,4,5,3,3,3,7,6,6,6,6,6
sf,cvs,kisdnmon,kisdnmon/kisdnmon/kisdnmon/AboutDlg.h,clean,cpp,IssueTrue,6674,49,677,2,1,3,1,2,9,4,7,7,7,10,10,10,9,9,4,9,10,10,6,6,6,10,10,10,8,8,8,7,7,7,7,7,7,6,6,6,9,9,9,9,9,9,2,1,2,2,2,3,3,2,2,5,5,3,3,3,8,7,7,6,6,6
sf,cvs,kisdnmon,kisdnmon/kisdnmon/kisdnmon/CallList.cpp,clean,cpp,IssueTrue,6674,49,677,2,3,1,2,5,1,8,7,7,7,8,9,8,8,9,3,9,10,10,6,6,6,8,9,8,6,6,6,6,6,6,6,6,6,6,6,6,9,9,9,8,8,9,5,6,4,4,4,5,6,5,3,2,5,9,7,7,4,4,4,3,3,3
sf,cvs,kisdnmon,kisdnmon/kisdnmon/kisdnmon/CallList.h,clean,cpp,IssueTrue,6674,49,677,2,4,2,3,4,3,7,7,7,7,9,10,10,9,10,7,9,10,10,6,6,7,9,10,10,8,9,9,8,9,8,8,9,8,7,7,7,9,9,9,8,8,9,5,4,3,8,7,6,4,3,2,2,5,9,7,6,4,4,4,3,3,3
sf,cvs,kisdnmon,kisdnmon/kisdnmon/kisdnmon/CallListDlg.cpp,clean,cpp,IssueTrue,6674,49,677,2,9,8,8,8,4,10,7,7,7,8,9,8,8,9,3,9,10,10,6,6,6,8,9,8,6,6,6,6,6,6,6,6,6,6,6,6,9,9,9,8,8,9,8,7,8,9,9,9,10,9,9,9,10,7,8,9,7,8,8,9,8,10
sf,cvs,kisdnmon,kisdnmon/kisdnmon/kisdnmon/CallListDlg.h,clean,cpp,IssueTrue,6674,49,677,2,3,3,3,2,7,4,10,9,9,10,10,10,9,9,5,9,10,10,10,10,9,10,10,10,10,10,9,9,9,9,9,9,8,9,8,8,10,9,9,10,9,9,2,1,2,2,2,3,3,2,2,8,8,4,5,6,6,6,7,5,6,7
sf,cvs,kisdnmon,kisdnmon/kisdnmon/kisdnmon/CallPopupDlg.cpp,buggy,cpp,IssueTrue,6674,49,677,2,8,10,8,5,9,10,7,7,7,8,9,8,8,9,3,9,10,10,6,6,6,8,9,8,6,6,6,6,6,6,6,6,6,6,6,6,9,9,9,8,8,9,9,8,6,10,10,8,10,10,8,7,8,10,10,10,9,9,9,9,9,9
sf,cvs,kisdnmon,kisdnmon/kisdnmon/kisdnmon/CallPopupDlg.h,clean,cpp,IssueTrue,6674,49,677,2,3,4,3,2,7,4,9,9,8,10,10,10,9,9,4,9,10,10,10,9,9,10,10,10,10,10,9,7,7,7,7,7,7,6,6,7,9,9,9,10,9,9,2,1,2,2,2,3,3,2,2,7,8,6,7,7,8,9,8,6,7,7
sf,cvs,kisdnmon,kisdnmon/kisdnmon/kisdnmon/ChangeEntryDlg.cpp,clean,cpp,IssueTrue,6674,49,677,2,7,6,6,7,4,10,7,7,7,8,9,8,8,9,3,9,10,10,6,6,6,8,9,8,6,6,6,6,6,6,6,6,6,6,6,6,9,9,9,8,8,9,7,7,6,8,9,8,9,8,7,5,8,9,9,9,5,5,5,9,9,9
sf,cvs,kisdnmon,kisdnmon/kisdnmon/kisdnmon/ChangeEntryDlg.h,clean,cpp,IssueTrue,6674,49,677,2,2,4,2,2,8,4,9,9,8,10,10,10,9,9,4,9,10,10,9,9,9,10,10,10,9,9,9,8,8,8,8,8,8,6,6,7,10,10,10,10,10,10,2,1,2,2,2,3,3,2,2,4,5,6,5,5,4,4,4,6,6,6
sf,cvs,kisdnmon,kisdnmon/kisdnmon/kisdnmon/ConfigDateTime.cpp,clean,cpp,IssueTrue,6674,49,677,2,5,2,5,5,2,8,7,7,7,8,9,8,8,9,3,9,10,10,6,6,6,8,9,8,6,6,6,6,6,6,6,6,6,6,6,6,9,9,9,8,8,9,8,6,4,10,9,8,8,7,4,2,5,4,3,3,4,4,4,2,2,2
sf,cvs,kisdnmon,kisdnmon/kisdnmon/kisdnmon/ConnectionListDlg.cpp,clean,cpp,IssueTrue,6674,49,677,2,10,9,9,8,4,10,7,7,7,8,9,8,8,9,3,9,10,10,6,6,6,8,9,8,6,6,6,6,6,6,6,6,6,6,6,6,9,9,9,8,8,9,9,9,8,8,9,9,10,10,9,6,8,7,6,7,4,4,4,8,8,8
sf,cvs,kisdnmon,kisdnmon/kisdnmon/kisdnmon/ConnectionListDlg.h,clean,cpp,IssueTrue,6674,49,677,2,3,3,3,2,6,4,10,9,9,10,10,10,9,9,4,9,10,10,10,9,9,10,10,10,10,10,10,9,9,8,9,8,8,8,8,8,9,9,9,10,10,10,2,1,2,2,2,3,3,2,2,6,8,4,5,5,5,5,6,6,6,6
sf,cvs,kisdnmon,kisdnmon/kisdnmon/kisdnmon/DslSystray.cpp,clean,cpp,IssueTrue,6674,49,677,2,7,5,6,7,4,8,7,7,7,8,9,8,8,9,3,9,10,10,6,6,6,8,9,8,6,6,6,6,6,6,6,6,6,6,6,6,9,9,9,8,8,9,5,6,5,6,7,7,8,7,6,4,8,4,3,4,4,4,4,2,2,2
sf,cvs,kisdnmon,kisdnmon/kisdnmon/kisdnmon/DslSystray.h,clean,cpp,IssueTrue,6674,49,677,2,2,3,2,2,8,4,8,8,8,10,10,10,9,9,4,9,10,10,9,8,8,10,10,10,10,9,9,8,8,8,8,8,8,6,6,6,10,10,10,9,9,9,2,1,2,2,2,3,3,2,2,2,5,5,4,4,4,4,4,2,2,2
sf,cvs,kisdnmon,kisdnmon/kisdnmon/kisdnmon/FaxDlg.cpp,clean,cpp,IssueTrue,6674,49,677,2,10,9,9,7,4,10,7,7,7,8,9,8,8,9,3,9,10,10,6,6,6,8,9,8,6,6,6,6,6,6,6,6,6,6,6,6,9,9,9,8,8,9,10,9,8,9,9,8,10,10,9,6,8,7,6,7,8,8,8,7,8,7
sf,cvs,kisdnmon,kisdnmon/kisdnmon/kisdnmon/FaxDlg.h,clean,cpp,IssueTrue,6674,49,677,2,3,3,3,2,6,4,10,9,9,10,10,10,9,9,4,9,10,10,10,9,9,10,10,10,10,10,10,9,9,8,9,8,8,8,7,7,9,9,9,10,10,10,2,1,2,2,2,3,3,2,2,5,8,4,4,5,7,6,7,8,8,7
sf,cvs,kisdnmon,kisdnmon/kisdnmon/kisdnmon/IgnoreList.cpp,clean,cpp,IssueTrue,6674,49,677,2,8,3,7,7,2,8,7,7,7,8,9,8,8,9,3,9,10,10,6,6,6,8,9,8,6,6,6,6,6,6,6,6,6,6,6,6,9,9,9,8,8,9,8,6,7,8,8,8,9,7,8,4,8,10,10,9,4,4,4,5,5,5
sf,cvs,kisdnmon,kisdnmon/kisdnmon/kisdnmon/IgnoreList.h,clean,cpp,IssueTrue,6674,49,677,2,2,1,1,2,4,4,9,9,8,10,10,10,10,10,8,9,10,10,7,7,7,10,10,10,8,8,7,9,9,9,9,9,8,9,8,8,9,9,9,8,8,9,2,1,2,2,2,3,3,2,2,4,8,3,3,3,4,4,4,3,3,4
sf,cvs,kisdnmon,kisdnmon/kisdnmon/kisdnmon/KABCClient.cpp,clean,cpp,IssueTrue,6674,49,677,2,7,5,6,8,4,10,7,7,7,8,9,8,8,9,3,9,10,10,6,6,6,8,9,8,6,6,6,6,6,6,6,6,6,6,6,6,9,9,9,8,8,9,5,7,6,9,9,9,8,9,8,7,5,9,9,9,8,8,8,6,6,7
sf,cvs,kisdnmon,kisdnmon/kisdnmon/kisdnmon/KABCClient.h,clean,cpp,IssueTrue,6674,49,677,2,3,5,3,2,8,4,8,8,8,9,10,10,9,9,5,9,10,10,8,8,8,9,10,10,9,9,10,8,8,8,7,8,8,8,9,9,9,9,9,8,8,9,2,1,2,2,2,3,3,2,2,8,5,7,8,8,5,6,6,4,5,6
sf,cvs,kisdnmon,kisdnmon/kisdnmon/kisdnmon/KIsdnmon.cpp,buggy,cpp,IssueTrue,6674,49,677,2,10,10,10,10,4,10,7,7,7,8,9,8,8,9,3,9,10,10,6,6,6,8,9,8,6,6,6,6,6,6,6,6,6,6,6,6,9,9,9,8,8,9,9,10,10,10,10,10,10,10,10,10,10,3,3,3,4,4,4,2,2,2
sf,cvs,kisdnmon,kisdnmon/kisdnmon/kisdnmon/KIsdnmon.h,clean,cpp,IssueTrue,6674,49,677,2,7,8,8,2,6,4,10,10,10,10,10,10,10,10,9,9,10,10,10,10,10,10,10,10,10,10,10,10,10,10,10,10,10,6,6,7,9,9,9,10,10,10,2,1,2,2,2,3,3,2,2,9,8,6,7,8,7,8,8,3,5,7
sf,cvs,kisdnmon,kisdnmon/kisdnmon/kisdnmon/KisdnmonMsgDlg.cpp,clean,cpp,IssueTrue,6674,49,677,2,4,3,3,5,6,8,7,7,7,8,9,8,8,9,3,9,10,10,6,6,6,8,9,8,6,6,6,6,6,6,6,6,6,6,6,6,9,9,9,8,8,9,6,6,4,9,8,7,7,6,4,4,8,7,6,6,4,4,4,5,5,5
sf,cvs,kisdnmon,kisdnmon/kisdnmon/kisdnmon/KisdnmonMsgDlg.h,clean,cpp,IssueTrue,6674,49,677,2,1,4,1,2,9,4,8,7,7,10,10,10,9,9,4,9,10,10,8,8,8,10,10,10,8,8,8,7,7,7,7,7,7,6,6,6,9,9,9,10,9,9,2,1,2,2,2,3,3,2,2,2,8,7,5,5,4,4,4,6,5,4
sf,cvs,kisdnmon,kisdnmon/kisdnmon/kisdnmon/MSNList.cpp,clean,cpp,IssueTrue,6674,49,677,2,9,3,8,8,2,9,7,7,7,8,9,8,8,9,3,9,10,10,6,6,6,8,9,8,6,6,6,6,6,6,6,6,6,6,6,6,9,9,9,8,8,9,8,7,7,9,8,9,9,8,8,4,8,10,10,9,6,6,6,8,7,7
sf,cvs,kisdnmon,kisdnmon/kisdnmon/kisdnmon/MSNList.h,clean,cpp,IssueTrue,6674,49,677,2,2,1,2,2,3,4,9,9,9,9,10,10,9,10,7,9,10,10,7,7,8,9,10,10,8,9,9,8,9,9,8,9,8,8,9,8,9,9,9,8,8,9,2,1,2,2,2,3,3,2,2,6,9,4,5,4,4,4,4,6,6,6
sf,cvs,kisdnmon,kisdnmon/kisdnmon/kisdnmon/PhoneBookDlg.cpp,clean,cpp,IssueTrue,6674,49,677,2,9,6,7,9,3,9,7,7,7,8,9,8,8,9,3,9,10,10,6,6,6,8,9,8,6,6,6,6,6,6,6,6,6,6,6,6,9,9,9,8,8,9,6,8,7,7,9,9,7,8,8,6,9,10,9,9,9,8,8,9,9,8
sf,cvs,kisdnmon,kisdnmon/kisdnmon/kisdnmon/PhoneBookDlg.h,clean,cpp,IssueTrue,6674,49,677,2,3,3,3,2,7,4,9,9,9,10,10,10,10,9,6,9,10,10,10,9,9,10,10,10,10,9,9,9,9,9,9,9,9,6,6,7,10,10,10,10,10,10,2,1,2,2,2,3,3,2,2,6,9,6,5,6,6,6,6,5,5,6
sf,cvs,kisdnmon,kisdnmon/kisdnmon/kisdnmon/PreferencesDlg.cpp,clean,cpp,IssueTrue,6674,49,677,2,10,10,10,10,3,10,7,7,7,8,9,8,8,9,3,9,10,10,6,6,6,8,9,8,6,6,6,6,6,6,6,6,6,6,6,6,9,9,9,8,8,9,8,9,10,8,10,10,9,10,10,8,8,10,10,10,9,9,9,8,9,8
sf,cvs,kisdnmon,kisdnmon/kisdnmon/kisdnmon/PreferencesDlg.h,clean,cpp,IssueTrue,6674,49,677,2,5,4,5,2,5,4,10,10,10,10,10,10,10,10,8,9,10,10,10,10,9,10,10,10,10,10,9,10,10,9,10,10,9,10,10,10,10,9,9,10,10,10,2,1,2,2,2,3,3,2,2,5,8,7,7,6,7,6,6,6,7,6
sf,cvs,kisdnmon,kisdnmon/kisdnmon/kisdnmon/SearchDlg.cpp,clean,cpp,IssueTrue,6674,49,677,2,10,9,9,7,3,10,7,7,7,8,9,8,8,9,3,9,10,10,6,6,6,8,9,8,6,6,6,6,6,6,6,6,6,6,6,6,9,9,9,8,8,9,10,9,8,9,9,9,10,9,9,8,8,10,10,10,8,9,9,6,7,8
sf,cvs,kisdnmon,kisdnmon/kisdnmon/kisdnmon/SearchDlg.h,clean,cpp,IssueTrue,6674,49,677,2,3,3,3,2,6,4,10,9,9,10,10,10,9,9,4,9,10,10,10,9,9,10,10,10,10,10,10,9,8,8,9,8,8,8,7,7,9,9,9,10,10,10,2,1,2,2,2,3,3,2,2,7,8,6,7,7,5,6,6,5,6,7
sf,cvs,kisdnmon,kisdnmon/kisdnmon/kisdnmon/SmsDlg.cpp,clean,cpp,IssueTrue,6674,49,677,2,5,1,4,6,1,7,7,7,7,8,9,8,8,9,3,9,10,10,6,6,6,8,9,8,6,6,6,6,6,6,6,6,6,6,6,6,9,9,9,8,8,9,5,6,4,4,7,6,8,8,5,2,8,5,4,4,4,4,4,3,3,3
sf,cvs,kisdnmon,kisdnmon/kisdnmon/kisdnmon/VBoxAudioConversion.cpp,clean,cpp,IssueTrue,6674,49,677,2,10,7,10,9,2,9,7,7,7,8,9,8,8,9,3,9,10,10,6,6,6,8,9,8,6,6,6,6,6,6,6,6,6,6,6,6,9,9,9,8,8,9,8,8,9,9,10,10,9,9,9,4,8,10,9,9,6,6,6,10,9,9
sf,cvs,kisdnmon,kisdnmon/kisdnmon/kisdnmon/VBoxAudioConversion.h,clean,cpp,IssueTrue,6674,49,677,2,5,5,5,3,6,4,10,10,9,10,10,10,10,10,7,9,10,10,9,8,8,10,10,10,10,10,10,10,9,9,9,9,9,8,8,8,9,9,9,10,10,10,3,3,2,2,2,3,4,3,2,4,8,6,5,5,4,4,4,8,7,7
sf,cvs,kisdnmon,kisdnmon/kisdnmon/kisdnmon/VBoxClient.cpp,buggy,cpp,IssueTrue,6674,49,677,2,10,10,10,9,4,10,7,7,7,8,9,8,8,9,3,9,10,10,6,6,6,8,9,8,6,6,6,6,6,6,6,6,6,6,6,6,9,9,9,8,8,9,9,9,9,9,9,10,9,9,10,7,9,7,8,7,10,10,10,6,6,7
sf,cvs,kisdnmon,kisdnmon/kisdnmon/kisdnmon/VBoxClient.h,clean,cpp,IssueTrue,6674,49,677,2,6,8,5,3,7,4,10,10,10,9,10,10,9,10,7,9,10,10,9,9,9,9,10,10,10,10,10,9,9,9,9,9,9,9,9,9,9,9,9,10,10,10,3,3,2,5,4,4,4,3,2,4,8,6,6,5,7,6,7,5,4,5
sf,cvs,kisdnmon,kisdnmon/kisdnmon/kisdnmon/VBoxDlg.cpp,clean,cpp,IssueTrue,6674,49,677,2,9,7,9,9,3,10,7,7,7,8,9,8,8,9,3,9,10,10,6,6,6,8,9,8,6,6,6,6,6,6,6,6,6,6,6,6,9,9,9,8,8,9,7,7,8,8,9,9,9,10,9,7,8,10,10,10,9,9,9,8,8,8
sf,cvs,kisdnmon,kisdnmon/kisdnmon/kisdnmon/VBoxDlg.h,clean,cpp,IssueTrue,6674,49,677,2,5,2,4,2,3,4,10,9,9,10,10,10,10,10,7,9,10,10,10,10,10,10,10,10,10,10,10,10,9,9,10,9,9,9,8,8,10,10,10,10,10,10,2,1,2,2,2,3,3,2,2,6,8,6,6,7,5,5,6,6,6,6
sf,cvs,kisdnmon,kisdnmon/kisdnmon/kisdnmon/ZoneList.cpp,clean,cpp,IssueTrue,6674,49,677,2,4,1,3,5,1,9,7,7,7,8,9,8,8,9,3,9,10,10,6,6,6,8,9,8,6,6,6,6,6,6,6,6,6,6,6,6,9,9,9,8,8,9,5,6,4,6,5,6,7,7,4,4,8,9,8,7,5,5,5,3,4,4
sf,cvs,kisdnmon,kisdnmon/kisdnmon/kisdnmon/ZoneList.h,clean,cpp,IssueTrue,6674,49,677,2,1,1,1,2,5,4,8,7,7,8,9,8,9,9,4,9,10,10,7,7,7,8,9,8,7,7,7,7,7,7,7,7,7,8,7,7,9,9,9,8,8,9,2,1,2,2,2,3,3,2,2,2,8,3,3,3,4,4,4,5,4,4
sf,cvs,kisdnmon,kisdnmon/kisdnmon/kisdnmon/globals.h,clean,cpp,IssueTrue,6674,49,677,2,7,8,7,6,6,7,7,7,8,8,9,8,9,9,4,9,10,10,7,7,8,8,9,8,10,10,10,6,7,7,6,7,7,6,7,8,9,9,9,8,8,9,5,7,4,7,7,7,7,5,5,9,8,7,8,9,7,7,8,6,7,8
sf,cvs,kisdnmon,kisdnmon/kisdnmon/kisdnmon/libvbox.h,clean,cpp,IssueTrue,6674,49,677,2,4,8,4,2,9,4,7,7,7,8,9,8,8,9,3,9,10,10,6,6,6,8,9,8,6,6,6,6,6,6,6,6,6,6,6,6,9,9,9,8,8,9,2,1,2,2,2,3,3,2,2,2,5,3,3,3,4,4,4,3,3,3
sf,cvs,kisdnmon,kisdnmon/kisdnmon/kisdnmon/main.cpp,clean,cpp,IssueTrue,6674,49,677,2,2,3,2,3,8,4,7,7,7,8,9,8,8,9,3,9,10,10,6,6,6,8,9,8,6,6,6,6,6,6,6,6,6,6,6,6,9,9,9,8,8,9,3,3,2,9,7,5,10,7,3,7,8,3,3,4,5,5,5,2,3,4
