Host,Vcs,Project,File,Buggy,PL,IssueTracking,TLOC,TNF,TNC,TND,LOC,CL,NStmt,NFunc,RCC,MNL,avg_WMC,max_WMC,total_WMC,avg_DIT,max_DIT,total_DIT,avg_RFC,max_RFC,total_RFC,avg_NOC,max_NOC,total_NOC,avg_CBO,max_CBO,total_CBO,avg_DIT.1,max_DIT.1,total_DIT.1,avg_NIV,max_NIV,total_NIV,avg_NIM,max_NIM,total_NIM,avg_NOM,max_NOM,total_NOM,avg_NPBM,max_NPBM,total_NPBM,avg_NPM,max_NPM,total_NPM,avg_NPRM,max_NPRM,total_NPRM,avg_CC,max_CC,total_CC,avg_FANIN,max_FANIN,total_FANIN,avg_FANOUT,max_FANOUT,total_FANOUT,NRev,NFix,avg_AddedLOC,max_AddedLOC,total_AddedLOC,avg_DeletedLOC,max_DeletedLOC,total_DeletedLOC,avg_ModifiedLOC,max_ModifiedLOC,total_ModifiedLOC
sf,svn,lazarus-ccr,/components/fpspreadsheet/fpolebasic.pas,buggy,pascal,IssueTrue,90216,74,619,21,3,2,2,4,9,4,2,7,7,4,3,7,2,1,1,9,9,9,7,4,2,4,3,7,6,6,6,5,5,7,5,4,7,6,5,5,9,9,9,8,8,9,4,2,3,10,10,10,10,10,10,3,8,3,4,4,5,5,5,3,3,2
sf,svn,lazarus-ccr,/components/fpspreadsheet/fpolestorage.pas,clean,pascal,IssueTrue,90216,74,619,21,5,8,5,6,10,5,7,9,9,4,3,7,6,4,3,9,9,9,3,2,1,4,3,7,9,8,8,8,8,9,8,7,9,6,5,5,9,9,9,10,10,10,5,3,4,10,10,10,10,10,10,6,8,2,2,2,5,5,5,4,4,3
sf,svn,lazarus-ccr,/components/fpspreadsheet/fpsopendocument.pas,buggy,pascal,IssueTrue,90216,74,619,21,6,4,5,6,6,10,5,8,9,8,6,9,5,4,4,9,9,9,7,4,3,8,6,9,9,9,9,6,6,9,5,5,8,6,6,7,10,10,10,9,9,9,7,7,5,10,10,10,10,10,10,6,9,10,10,9,5,5,5,5,5,4
sf,svn,lazarus-ccr,/components/fpspreadsheet/fpspreadsheet.pas,buggy,pascal,IssueTrue,90216,74,619,21,6,8,6,8,10,5,5,9,9,4,3,9,4,3,6,9,9,9,5,5,3,4,3,9,6,7,8,7,7,10,7,7,10,9,8,10,9,9,9,9,9,9,4,3,6,10,10,10,10,10,10,7,5,7,8,8,5,6,6,6,6,5
sf,svn,lazarus-ccr,/components/fpspreadsheet/uvirtuallayer.pas,clean,pascal,IssueTrue,90216,74,619,21,8,2,7,9,2,8,10,10,10,4,3,7,10,9,7,9,9,9,3,2,1,4,3,7,10,9,9,10,10,10,10,10,10,10,9,9,10,10,10,10,10,10,7,6,8,10,10,10,10,10,10,7,8,8,9,8,10,10,10,10,10,9
sf,svn,lazarus-ccr,/components/fpspreadsheet/uvirtuallayer_ole.pas,buggy,pascal,IssueTrue,90216,74,619,21,6,5,6,8,7,6,9,10,9,8,6,8,10,9,8,9,9,9,5,3,2,8,6,8,8,7,7,9,9,9,9,8,9,5,4,3,10,10,10,10,10,10,6,4,6,10,10,10,10,10,10,8,8,2,4,5,8,7,8,9,10,9
sf,svn,lazarus-ccr,/components/fpspreadsheet/xlsbiff2.pas,buggy,pascal,IssueTrue,90216,74,619,21,4,6,4,5,10,5,4,8,9,8,6,9,5,3,4,9,9,9,7,4,3,8,6,9,6,7,7,5,5,8,5,5,8,6,6,7,9,9,9,9,9,9,7,5,4,10,10,10,10,10,10,8,8,5,7,8,9,9,9,7,6,7
sf,svn,lazarus-ccr,/components/fpspreadsheet/xlsbiff5.pas,buggy,pascal,IssueTrue,90216,74,619,21,7,9,7,8,10,5,7,9,10,8,6,9,7,6,6,9,9,9,8,5,3,8,6,9,7,8,7,8,8,9,8,7,9,9,8,8,10,10,10,10,10,10,7,6,6,10,10,10,10,10,10,10,10,8,10,10,8,9,10,6,6,8
sf,svn,lazarus-ccr,/components/fpspreadsheet/xlsbiff8.pas,buggy,pascal,IssueTrue,90216,74,619,21,7,9,6,7,10,5,6,9,9,8,6,9,6,6,5,9,9,9,8,5,3,8,6,9,7,8,7,8,7,9,7,7,9,9,8,8,9,9,9,9,10,10,5,5,5,10,10,10,10,10,10,8,8,2,4,4,5,5,5,4,4,4
sf,svn,lazarus-ccr,/components/gradcontrols/examples/Forms/unit1.pas,clean,pascal,IssueTrue,90216,74,619,21,5,1,5,7,2,6,1,7,7,9,8,9,9,7,4,9,9,9,3,2,1,9,8,9,6,6,6,1,1,6,1,1,6,1,1,1,9,9,9,8,8,9,5,4,5,10,10,10,10,10,10,3,5,3,4,4,5,5,5,2,1,1
sf,svn,lazarus-ccr,/components/gradcontrols/src/gradtabstyle.pas,clean,pascal,IssueTrue,90216,74,619,21,5,2,4,6,3,5,4,9,9,4,6,10,6,5,6,9,9,9,5,4,3,4,6,10,8,8,9,6,7,9,5,6,9,7,6,8,9,9,9,9,10,10,5,6,5,10,10,10,10,10,10,3,5,9,7,7,5,5,5,6,4,3
sf,svn,lazarus-ccr,/components/gradcontrols/src/ugradbtn.pas,clean,pascal,IssueTrue,90216,74,619,21,8,4,8,9,3,8,10,10,10,8,6,8,10,8,6,9,9,9,8,5,2,8,6,8,10,10,10,10,10,10,10,10,10,10,8,8,10,10,10,10,9,9,6,8,8,10,10,10,10,10,10,3,5,10,9,8,10,10,10,10,10,10
sf,svn,lazarus-ccr,/components/gradcontrols/src/ugradtabcontrol.pas,clean,pascal,IssueTrue,90216,74,619,21,10,9,9,10,6,9,8,10,10,8,8,10,10,9,9,9,9,9,8,8,8,8,8,10,10,10,10,9,10,10,8,10,10,6,7,10,10,10,10,10,10,10,7,9,10,10,10,10,10,10,10,7,5,2,2,2,5,5,5,2,1,1
sf,svn,lazarus-ccr,/components/powerpdf/PdfDoc.pas,buggy,pascal,IssueTrue,90216,74,619,21,9,9,9,10,6,6,5,10,10,5,10,10,4,9,9,9,9,9,10,10,10,5,10,10,9,10,10,7,10,10,7,10,10,7,10,10,10,10,10,10,10,10,6,7,9,10,10,10,10,10,10,3,8,2,2,2,5,5,5,2,1,1
sf,svn,lazarus-ccr,/components/richmemo/carbon/carbonrichmemo.pas,buggy,pascal,IssueTrue,90216,74,619,21,5,3,5,8,5,5,4,8,9,8,6,9,3,1,2,9,9,9,4,3,2,8,6,9,6,6,6,6,6,8,5,5,8,7,6,7,9,9,9,8,8,9,5,3,5,10,10,10,10,10,10,10,10,10,10,10,10,10,10,9,9,10
sf,svn,lazarus-ccr,/components/richmemo/richmemofactory.pas,clean,pascal,IssueTrue,90216,74,619,21,1,1,1,3,8,3,1,7,7,1,1,5,1,1,1,9,9,9,3,2,1,1,1,5,6,6,6,1,1,6,1,1,6,1,1,1,9,9,9,8,8,9,3,1,2,10,10,10,10,10,10,3,5,2,3,3,5,5,5,5,4,3
sf,svn,lazarus-ccr,/components/richmemo/samples/testsimple/unit1.pas,buggy,pascal,IssueTrue,90216,74,619,21,3,1,3,4,3,5,8,9,9,10,10,9,9,7,4,9,9,9,10,7,3,10,10,9,10,10,10,9,9,9,9,8,9,10,9,9,9,9,9,8,8,9,5,2,3,10,10,10,10,10,10,10,10,4,8,8,6,7,7,6,8,8
sf,svn,lazarus-ccr,/components/richmemo/win32/win32richmemo.pas,buggy,pascal,IssueTrue,90216,74,619,21,4,2,4,6,5,5,6,9,9,8,6,8,4,1,2,9,9,9,5,3,2,8,6,8,6,6,6,7,6,8,7,6,8,1,1,1,9,9,9,8,8,9,6,5,4,10,10,10,10,10,10,10,10,8,9,9,6,7,7,6,6,8
sf,svn,lazarus-ccr,/components/richmemo/win32/win32richmemoproc.pas,buggy,pascal,IssueTrue,90216,74,619,21,5,2,5,6,3,8,6,9,8,4,3,7,3,1,2,9,9,9,3,2,1,4,3,7,6,6,6,6,6,8,6,5,8,8,6,6,9,9,9,8,8,9,8,7,5,10,10,10,10,10,10,10,10,8,9,10,9,10,10,8,9,9
sf,svn,lazarus-ccr,/components/rx/Demos/RxDBGrid/rxdbgridmainunit.pas,buggy,pascal,IssueTrue,90216,74,619,21,4,1,4,5,2,6,5,8,8,8,6,8,4,2,2,9,9,9,9,6,3,8,6,8,10,10,10,7,7,8,7,6,8,9,7,7,9,9,9,9,9,9,4,3,4,10,10,10,10,10,10,3,8,9,7,7,5,5,5,2,1,1
sf,svn,lazarus-ccr,/components/rx/exsortfb.pas,clean,pascal,IssueTrue,90216,74,619,21,2,2,1,3,10,4,1,7,7,8,6,8,2,1,1,9,9,9,3,2,1,8,6,8,6,6,6,3,3,6,2,2,6,4,3,3,9,9,9,8,8,9,5,2,3,10,10,10,10,10,10,6,5,4,5,5,8,8,8,2,3,2
sf,svn,lazarus-ccr,/components/rx/rxdbcomb.pas,buggy,pascal,IssueTrue,90216,74,619,21,6,2,6,9,3,9,8,10,10,8,8,10,9,8,7,9,9,9,3,2,1,8,8,10,10,10,10,9,9,10,8,9,10,5,5,5,10,10,10,10,10,10,6,5,6,10,10,10,10,10,10,3,9,2,3,3,7,6,6,2,1,1
sf,svn,lazarus-ccr,/components/rx/rxdbgrid.pas,buggy,pascal,IssueTrue,90216,74,619,21,10,6,10,10,2,10,8,10,10,8,8,10,7,9,9,9,9,9,7,9,8,8,8,10,10,10,10,8,10,10,7,10,10,4,8,9,10,10,10,10,10,10,8,9,10,10,10,10,10,10,10,10,10,2,2,2,5,5,5,2,1,1
sf,svn,lazarus-ccr,/components/rx/rxdconst.pas,buggy,pascal,IssueTrue,90216,74,619,21,3,2,4,2,6,3,1,7,7,1,1,5,1,1,1,9,9,9,3,2,1,1,1,5,6,6,6,1,1,6,1,1,6,1,1,1,9,9,9,8,8,9,2,1,2,10,10,10,10,10,10,3,5,4,4,4,5,5,5,9,6,5
sf,svn,lazarus-ccr,/components/rx/rxlookup.pas,buggy,pascal,IssueTrue,90216,74,619,21,9,5,8,10,3,10,7,10,10,8,8,10,8,9,9,9,9,9,6,7,6,8,8,10,10,10,10,8,10,10,7,10,10,1,3,4,10,10,10,10,10,10,6,9,9,10,10,10,10,10,10,6,9,10,10,10,8,7,7,10,9,8
sf,svn,lazarus-ccr,/components/rx/rxmemds.pas,buggy,pascal,IssueTrue,90216,74,619,21,9,4,9,10,2,10,10,10,10,8,6,10,9,9,7,9,9,9,6,4,3,8,6,10,10,10,10,9,10,10,9,10,10,8,8,9,10,10,10,10,10,10,8,9,9,10,10,10,10,10,10,6,9,2,2,2,9,8,8,4,4,3
sf,svn,lazarus-ccr,/components/rx/rxnew.pas,clean,pascal,IssueTrue,90216,74,619,21,1,1,1,3,7,3,1,7,7,1,1,5,1,1,1,9,9,9,3,2,1,1,1,5,6,6,6,1,1,6,1,1,6,1,1,1,9,9,9,8,8,9,3,1,2,10,10,10,10,10,10,3,5,2,2,2,5,5,5,3,3,2
sf,svn,lazarus-ccr,/components/rx/rxpopupunit.pas,buggy,pascal,IssueTrue,90216,74,619,21,7,4,7,9,3,8,5,9,10,8,8,10,8,9,8,9,9,9,7,8,7,8,8,10,10,10,10,7,8,10,6,7,10,2,4,6,10,10,10,10,10,10,5,6,7,10,10,10,10,10,10,6,9,10,9,9,5,5,5,5,5,4
sf,svn,lazarus-ccr,/components/rx/rxsortmemds.pas,clean,pascal,IssueTrue,90216,74,619,21,2,2,1,3,10,4,1,7,7,8,6,8,2,1,1,9,9,9,5,3,2,8,6,8,6,6,6,3,3,6,2,2,6,4,3,3,9,9,9,8,8,9,5,2,3,10,10,10,10,10,10,3,8,5,5,5,5,5,5,3,3,2
sf,svn,lazarus-ccr,/components/rx/rxtoolbar.pas,buggy,pascal,IssueTrue,90216,74,619,21,8,3,8,10,2,10,7,10,10,8,6,10,6,7,7,9,9,9,8,6,6,8,6,10,10,10,10,8,9,10,8,9,10,2,4,6,10,10,10,10,10,10,6,9,8,10,10,10,10,10,10,3,5,2,2,2,5,5,5,3,3,2
sf,svn,lazarus-ccr,/components/rx/tooledit.pas,clean,pascal,IssueTrue,90216,74,619,21,7,5,7,8,5,8,7,10,10,8,8,10,9,7,7,9,9,9,5,5,2,8,8,10,10,10,10,7,9,10,7,9,10,3,5,5,10,10,10,10,10,10,7,5,7,10,10,10,10,10,10,3,8,4,4,4,9,8,8,3,3,2
sf,svn,lazarus-ccr,/components/virtualtreeview-new/VirtualTrees.pas,buggy,pascal,IssueTrue,90216,74,619,21,10,10,10,10,7,10,10,10,10,5,10,10,10,10,10,9,10,10,8,10,10,5,10,10,10,10,10,9,10,10,9,10,10,9,10,10,10,10,10,10,10,10,9,10,10,10,10,10,10,10,10,10,5,2,2,2,5,5,5,2,1,1
sf,svn,lazarus-ccr,/wst/trunk/base_binary_formatter.pas,buggy,pascal,IssueTrue,90216,74,619,21,9,7,9,10,3,8,8,10,10,8,10,10,7,9,8,9,9,9,6,8,5,8,10,10,7,8,9,8,10,10,8,10,10,8,9,10,10,10,10,8,8,9,8,9,9,10,10,10,10,10,10,9,8,9,9,9,5,6,6,10,10,10
sf,svn,lazarus-ccr,/wst/trunk/base_service_intf.pas,clean,pascal,IssueTrue,90216,74,619,21,10,8,10,10,2,10,3,9,10,9,10,10,6,7,10,9,10,10,5,8,10,9,10,10,7,9,10,5,9,10,5,9,10,4,9,10,10,10,10,9,10,10,6,9,10,10,10,10,10,10,10,10,10,2,2,2,5,5,5,2,1,1
sf,svn,lazarus-ccr,/wst/trunk/base_soap_formatter.pas,clean,pascal,IssueTrue,90216,74,619,21,9,7,9,10,3,10,8,10,10,8,10,10,7,9,9,9,9,9,8,10,7,8,10,10,8,9,10,8,10,10,7,10,10,7,9,10,10,10,10,10,10,10,8,9,9,10,10,10,10,10,10,10,9,3,7,7,5,7,7,4,6,6
sf,svn,lazarus-ccr,/wst/trunk/date_utils.pas,clean,pascal,IssueTrue,90216,74,619,21,7,2,7,7,2,10,1,7,7,1,1,5,1,1,1,9,9,9,3,2,1,1,1,5,6,6,6,1,1,6,1,1,6,1,1,1,9,9,9,8,8,9,9,8,7,10,10,10,10,10,10,8,5,10,10,10,10,10,10,9,9,9
sf,svn,lazarus-ccr,/wst/trunk/imp_utils.pas,clean,pascal,IssueTrue,90216,74,619,21,5,2,4,7,4,6,4,9,9,8,8,10,2,2,2,9,9,9,4,3,2,8,8,10,6,6,6,5,6,8,4,5,8,2,4,3,10,10,10,8,8,9,7,4,5,10,10,10,10,10,10,3,8,5,5,5,5,5,5,2,1,1
sf,svn,lazarus-ccr,/wst/trunk/object_serializer.pas,clean,pascal,IssueTrue,90216,74,619,21,9,7,7,8,6,10,3,9,9,4,8,10,2,4,4,9,9,9,7,7,5,4,8,10,8,10,10,3,5,8,2,5,8,3,5,6,9,9,9,9,9,9,9,7,8,10,10,10,10,10,10,9,9,8,9,9,10,10,10,10,10,10
sf,svn,lazarus-ccr,/wst/trunk/server_service_intf.pas,clean,pascal,IssueTrue,90216,74,619,21,7,2,6,9,2,8,2,9,10,4,10,10,1,4,7,9,10,10,5,10,9,4,10,10,6,8,9,4,8,10,3,8,10,4,7,10,10,10,10,9,10,10,4,6,7,10,10,10,10,10,10,3,8,3,4,4,5,5,5,7,5,4
sf,svn,lazarus-ccr,/wst/trunk/tests/test_suite/test_date_utils.pas,clean,pascal,IssueTrue,90216,74,619,21,7,2,7,8,3,3,6,9,9,8,6,8,8,6,4,9,9,9,3,2,1,8,6,8,6,6,6,9,9,9,9,8,9,1,1,1,9,9,9,8,8,9,3,1,4,10,10,10,10,10,10,3,5,10,9,8,5,5,5,10,10,9
sf,svn,lazarus-ccr,/wst/trunk/tests/test_suite/test_generators.pas,clean,pascal,IssueTrue,90216,74,619,21,8,2,8,8,2,4,2,8,8,8,8,10,5,4,5,9,9,9,8,6,5,8,8,10,6,6,6,6,8,9,5,7,9,1,1,1,10,10,10,8,8,9,4,2,5,10,10,10,10,10,10,7,5,10,10,9,6,7,7,2,3,2
sf,svn,lazarus-ccr,/wst/trunk/tests/test_suite/test_generators_runtime.pas,clean,pascal,IssueTrue,90216,74,619,21,5,2,5,5,4,5,1,7,8,10,10,10,7,8,9,9,9,9,5,8,5,10,10,10,7,8,9,3,5,8,2,5,8,1,4,3,9,9,9,9,9,9,3,1,3,10,10,10,10,10,10,6,5,10,9,9,5,5,5,2,3,2
sf,svn,lazarus-ccr,/wst/trunk/tests/test_suite/test_parsers.pas,clean,pascal,IssueTrue,90216,74,619,21,9,1,10,10,1,6,8,10,10,8,8,10,10,9,9,9,9,9,8,5,5,8,8,10,6,6,6,10,10,10,10,10,10,1,1,1,10,10,10,9,9,9,4,4,8,10,10,10,10,10,10,9,9,2,2,2,5,5,5,2,1,1
sf,svn,lazarus-ccr,/wst/trunk/tests/test_suite/test_soap_specific.pas,clean,pascal,IssueTrue,90216,74,619,21,8,4,7,8,3,4,1,8,9,10,10,10,4,5,9,9,9,9,7,9,9,10,10,10,7,9,10,3,6,9,2,5,9,1,4,6,9,9,9,9,9,9,3,2,4,10,10,10,10,10,10,8,8,10,10,10,5,5,5,4,4,4
sf,svn,lazarus-ccr,/wst/trunk/tests/test_suite/testformatter_unit.pas,clean,pascal,IssueTrue,90216,74,619,21,10,7,10,10,1,10,2,10,10,10,10,10,8,9,10,9,9,9,9,10,10,10,10,10,8,10,10,4,10,10,3,9,10,1,4,7,9,10,10,9,9,9,6,8,9,10,10,10,10,10,10,10,10,2,2,2,5,5,5,2,1,1
sf,svn,lazarus-ccr,/wst/trunk/type_lib_edtr/uprocedit.pas,buggy,pascal,IssueTrue,90216,74,619,21,5,1,5,6,2,8,6,9,9,8,6,8,5,2,2,9,9,9,5,3,2,8,6,8,10,10,10,8,7,8,7,7,8,8,7,6,9,9,9,10,10,10,6,3,5,10,10,10,10,10,10,6,9,3,4,4,5,5,5,3,3,3
sf,svn,lazarus-ccr,/wst/trunk/ws_helper/generator.pas,buggy,pascal,IssueTrue,90216,74,619,21,10,4,10,10,1,10,6,10,10,4,6,10,8,8,8,9,9,9,7,6,5,4,6,10,8,8,9,8,8,10,7,8,10,4,6,7,10,10,10,10,10,10,8,9,10,10,10,10,10,10,10,8,5,2,2,2,5,5,5,2,1,1
sf,svn,lazarus-ccr,/wst/trunk/ws_helper/pascal_parser_intf.pas,clean,pascal,IssueTrue,90216,74,619,21,8,2,7,9,1,8,3,10,10,8,10,10,3,8,7,9,9,9,4,4,3,8,10,10,7,8,9,5,9,10,5,9,10,6,9,10,9,9,9,9,9,9,6,5,8,10,10,10,10,10,10,7,8,2,3,3,5,5,5,5,4,5
sf,svn,lazarus-ccr,/wst/trunk/ws_helper/ws_parser_imp.pas,clean,pascal,IssueTrue,90216,74,619,21,9,3,9,9,1,10,7,10,10,4,6,10,5,6,7,9,9,9,9,9,8,4,6,10,8,9,10,6,7,10,6,7,10,5,6,8,9,10,10,10,10,10,9,10,9,10,10,10,10,10,10,3,5,2,2,2,5,5,5,2,1,1
sf,svn,lazarus-ccr,/wst/trunk/ws_helper/wsdl_parser.pas,clean,pascal,IssueTrue,90216,74,619,21,8,2,8,9,1,10,5,10,9,4,8,10,4,5,5,9,10,10,8,9,6,4,8,10,8,10,9,6,8,9,5,8,9,2,4,5,10,10,10,10,10,10,8,8,8,10,10,10,10,10,10,6,8,9,9,8,7,7,7,10,10,9
sf,svn,lazarus-ccr,/wst/trunk/ws_helper/xsd_generator.pas,clean,pascal,IssueTrue,90216,74,619,21,8,5,7,9,3,10,2,9,10,8,10,10,3,2,8,10,10,10,7,8,10,8,10,10,6,8,8,3,6,10,2,5,10,1,4,8,10,10,10,9,9,9,7,8,8,10,10,10,10,10,10,6,8,4,6,6,5,5,5,3,4,3
sf,svn,lazarus-ccr,/wst/trunk/wst_consts.pas,clean,pascal,IssueTrue,90216,74,619,21,2,1,2,2,7,3,1,7,7,1,1,5,1,1,1,9,9,9,3,2,1,1,1,5,6,6,6,1,1,6,1,1,6,1,1,1,9,9,9,8,8,9,2,1,2,10,10,10,10,10,10,9,8,5,7,8,5,5,5,2,4,4
