Host,Vcs,Project,File,Buggy,PL,IssueTracking,TLOC,TNF,TNC,TND,LOC,CL,NStmt,NFunc,RCC,MNL,avg_WMC,max_WMC,total_WMC,avg_DIT,max_DIT,total_DIT,avg_RFC,max_RFC,total_RFC,avg_NOC,max_NOC,total_NOC,avg_CBO,max_CBO,total_CBO,avg_DIT.1,max_DIT.1,total_DIT.1,avg_NIV,max_NIV,total_NIV,avg_NIM,max_NIM,total_NIM,avg_NOM,max_NOM,total_NOM,avg_NPBM,max_NPBM,total_NPBM,avg_NPM,max_NPM,total_NPM,avg_NPRM,max_NPRM,total_NPRM,avg_CC,max_CC,total_CC,avg_FANIN,max_FANIN,total_FANIN,avg_FANOUT,max_FANOUT,total_FANOUT,NRev,NFix,avg_AddedLOC,max_AddedLOC,total_AddedLOC,avg_DeletedLOC,max_DeletedLOC,total_DeletedLOC,avg_ModifiedLOC,max_ModifiedLOC,total_ModifiedLOC
sf,cvs,lcfizvtop,lcfizvtop/vertexpackage/include/Attic/VPTestProcessor.h,clean,cpp,IssueFalse,6399,75,1555,4,3,5,4,3,8,4,10,9,9,7,6,7,5,5,6,9,9,9,10,9,9,7,6,7,10,10,10,8,8,8,8,8,7,9,8,8,9,9,9,8,8,9,3,4,2,2,2,3,5,2,2,9,5,4,5,7,5,6,5,7,7,8
sf,cvs,lcfizvtop,lcfizvtop/vertexpackage/include/FlavourTag.h,buggy,cpp,IssueFalse,6399,75,1555,4,2,2,2,3,6,4,9,9,9,7,6,7,6,6,6,9,9,9,9,8,8,7,6,7,9,9,9,9,9,8,9,9,8,9,8,8,10,10,10,8,8,9,3,4,2,2,2,3,5,2,2,2,5,3,3,3,5,5,5,6,4,4
sf,cvs,lcfizvtop,lcfizvtop/vertexpackage/src/Attic/JetVarTestProcessor.cc,clean,cpp,IssueFalse,6399,75,1555,4,3,3,4,7,5,8,7,7,7,5,4,5,5,5,5,9,9,9,6,6,6,5,4,5,6,6,6,6,6,6,6,6,6,6,6,6,9,9,9,8,8,9,5,7,4,5,7,7,6,6,5,2,5,4,4,3,5,5,5,6,4,4
sf,cvs,lcfizvtop,lcfizvtop/vertexpackage/src/Attic/VPTestProcessor.cc,clean,cpp,IssueFalse,6399,75,1555,4,9,7,9,7,2,10,7,7,7,5,4,5,5,5,5,9,9,9,6,6,6,5,4,5,6,6,6,6,6,6,6,6,6,6,6,6,9,9,9,8,8,9,10,10,8,10,10,9,10,10,9,10,10,9,9,10,8,9,10,9,9,10
sf,cvs,lcfizvtop,lcfizvtop/vertexpackage/src/FlavourTag.cc,clean,cpp,IssueFalse,6399,75,1555,4,9,10,8,8,5,9,7,7,7,5,4,5,5,5,5,9,9,9,6,6,6,5,4,5,6,6,6,6,6,6,6,6,6,6,6,6,9,9,9,8,8,9,8,10,7,7,8,8,8,8,8,4,5,5,6,5,5,5,5,9,7,7
sf,cvs,lcfizvtop,lcfizvtop/vertexpackage/src/NeuralNetTrainer.cc,buggy,cpp,IssueFalse,6399,75,1555,4,9,10,9,8,4,8,7,7,7,5,4,5,5,5,5,9,9,9,6,6,6,5,4,5,6,6,6,6,6,6,6,6,6,6,6,6,9,9,9,8,8,9,10,10,9,10,9,10,9,8,9,3,5,6,6,5,5,5,5,9,7,7
sf,cvs,lcfizvtop,lcfizvtop/vertexpackage/vertex_lcfi/inc/Attic/decaysignificance.h,clean,cpp,IssueFalse,6399,75,1555,4,2,8,2,2,10,4,7,7,7,7,6,7,6,6,6,9,9,9,8,7,8,7,6,7,8,8,8,8,8,8,8,8,7,9,8,8,9,9,9,8,8,9,1,2,2,2,2,3,3,1,2,2,8,4,4,3,5,5,5,6,4,4
sf,cvs,lcfizvtop,lcfizvtop/vertexpackage/vertex_lcfi/inc/Attic/jointprob.h,clean,cpp,IssueFalse,6399,75,1555,4,2,8,2,2,9,4,7,7,7,7,6,7,6,6,6,9,9,9,8,7,8,7,6,7,8,8,8,8,8,8,8,8,8,9,8,8,9,9,9,9,9,9,1,2,2,2,2,3,3,1,2,2,5,3,3,3,5,5,5,7,5,4
sf,cvs,lcfizvtop,lcfizvtop/vertexpackage/vertex_lcfi/inc/Attic/memorymanager.h,clean,cpp,IssueFalse,6399,75,1555,4,4,3,4,8,4,7,7,7,7,5,4,5,5,5,6,10,10,10,6,7,7,5,4,5,6,7,7,7,7,8,7,8,8,7,7,8,10,10,10,8,8,9,4,6,4,3,5,6,6,4,5,6,9,6,7,7,7,7,7,8,8,7
sf,cvs,lcfizvtop,lcfizvtop/vertexpackage/vertex_lcfi/inc/Attic/paramsignificance.h,clean,cpp,IssueFalse,6399,75,1555,4,2,8,2,2,10,4,7,7,7,7,6,7,6,6,6,9,9,9,8,7,8,7,6,7,8,8,8,8,8,8,8,8,7,9,8,8,9,9,9,8,8,9,1,2,2,2,2,3,3,1,2,2,5,3,3,3,5,5,5,7,5,4
sf,cvs,lcfizvtop,lcfizvtop/vertexpackage/vertex_lcfi/inc/Attic/secondvertexprob.h,clean,cpp,IssueFalse,6399,75,1555,4,2,8,2,2,10,4,7,7,7,7,6,7,6,6,6,9,9,9,7,7,7,7,6,7,8,8,8,8,8,8,8,8,7,9,8,8,9,9,9,8,8,9,1,2,2,2,2,3,3,1,2,2,5,3,3,3,9,7,7,2,2,2
sf,cvs,lcfizvtop,lcfizvtop/vertexpackage/vertex_lcfi/inc/Attic/trackattach.h,clean,cpp,IssueFalse,6399,75,1555,4,2,8,2,2,9,4,7,7,7,7,6,7,6,6,6,9,9,9,7,7,7,7,6,7,9,9,9,8,8,8,8,8,8,9,8,8,9,9,9,8,8,9,1,2,2,2,2,3,3,1,2,3,5,4,4,4,5,5,5,8,5,5
sf,cvs,lcfizvtop,lcfizvtop/vertexpackage/vertex_lcfi/inc/Attic/vertexmass.h,clean,cpp,IssueFalse,6399,75,1555,4,2,8,2,2,9,4,7,7,7,7,6,7,6,6,7,9,9,9,8,7,8,7,6,7,8,8,8,9,8,8,8,8,8,9,8,8,9,9,9,9,9,9,1,2,2,2,2,3,3,1,2,3,5,4,4,4,5,5,5,5,4,4
sf,cvs,lcfizvtop,lcfizvtop/vertexpackage/vertex_lcfi/inc/Attic/vertexmomentum.h,clean,cpp,IssueFalse,6399,75,1555,4,2,8,2,2,10,4,7,7,7,7,6,7,6,6,6,9,9,9,7,7,7,7,6,7,8,8,8,8,8,8,8,8,7,9,8,8,9,9,9,8,8,9,1,2,2,2,2,3,3,1,2,2,5,3,3,3,9,7,7,9,6,5
sf,cvs,lcfizvtop,lcfizvtop/vertexpackage/vertex_lcfi/inc/Attic/vertexmultiplicity.h,clean,cpp,IssueFalse,6399,75,1555,4,2,8,2,2,10,4,7,7,7,7,6,7,6,6,6,9,9,9,7,7,7,7,6,7,8,8,8,8,8,8,8,8,7,9,8,8,9,9,9,8,8,9,1,2,2,2,2,3,3,1,2,2,5,3,3,3,9,7,7,9,6,5
sf,cvs,lcfizvtop,lcfizvtop/vertexpackage/vertex_lcfi/inc/Attic/zvkin.h,clean,cpp,IssueFalse,6399,75,1555,4,2,8,2,2,10,4,7,7,7,7,6,7,6,6,6,9,9,9,7,7,7,7,6,7,7,7,7,8,8,8,8,8,8,9,8,8,9,9,9,8,8,9,1,2,2,2,2,3,3,1,2,2,5,3,3,3,5,5,5,7,5,4
sf,cvs,lcfizvtop,lcfizvtop/vertexpackage/vertex_lcfi/inc/decaychain.h,clean,cpp,IssueFalse,6399,75,1555,4,2,9,2,3,10,4,9,9,8,5,4,5,6,6,6,9,9,9,8,8,8,5,4,5,8,8,8,9,9,8,9,9,8,9,9,9,9,9,9,8,8,9,3,4,2,3,3,3,4,2,2,6,5,5,6,5,5,5,5,5,5,6
sf,cvs,lcfizvtop,lcfizvtop/vertexpackage/vertex_lcfi/inc/event.h,clean,cpp,IssueFalse,6399,75,1555,4,2,7,2,2,9,4,8,8,7,5,4,5,6,5,6,9,9,9,7,7,7,5,4,5,9,9,8,9,8,8,9,8,8,9,8,8,9,9,9,8,8,9,1,2,2,2,2,3,3,1,2,7,5,3,4,4,5,5,5,6,5,7
sf,cvs,lcfizvtop,lcfizvtop/vertexpackage/vertex_lcfi/inc/jet.h,clean,cpp,IssueFalse,6399,75,1555,4,2,8,2,3,9,4,8,8,8,5,4,5,6,5,6,9,9,9,8,7,8,5,4,5,9,9,8,9,8,8,9,8,8,9,9,9,9,9,9,8,8,9,3,4,2,3,3,3,4,2,2,9,8,5,6,7,9,10,9,7,7,8
sf,cvs,lcfizvtop,lcfizvtop/vertexpackage/vertex_lcfi/inc/lciointerface.h,clean,cpp,IssueFalse,6399,75,1555,4,2,4,3,3,8,4,8,8,8,7,6,7,6,6,6,9,9,9,6,6,7,7,6,7,9,9,9,9,9,8,9,9,8,9,9,9,9,9,9,8,8,9,3,4,2,2,2,3,5,2,2,3,5,10,9,8,5,5,5,2,2,2
sf,cvs,lcfizvtop,lcfizvtop/vertexpackage/vertex_lcfi/inc/track.h,clean,cpp,IssueFalse,6399,75,1555,4,3,8,3,4,9,4,9,8,8,5,4,5,6,5,6,9,9,9,8,7,8,5,4,5,10,9,9,9,9,8,9,8,8,9,9,9,9,9,9,8,8,9,3,4,2,3,3,3,4,2,2,8,10,5,7,7,5,6,7,6,7,7
sf,cvs,lcfizvtop,lcfizvtop/vertexpackage/vertex_lcfi/inc/trackstate.h,clean,cpp,IssueFalse,6399,75,1555,4,4,6,5,3,6,4,10,10,10,5,4,5,8,7,7,9,9,9,9,8,8,5,4,5,10,10,10,10,10,9,10,10,9,10,10,10,9,9,9,9,9,9,1,2,2,2,2,3,3,1,2,4,8,4,4,4,5,5,5,7,5,6
sf,cvs,lcfizvtop,lcfizvtop/vertexpackage/vertex_lcfi/inc/vertex.h,clean,cpp,IssueFalse,6399,75,1555,4,3,10,3,4,10,4,9,9,8,5,4,5,7,6,7,9,9,9,8,8,8,5,4,5,9,9,9,10,9,9,9,9,9,10,10,9,9,9,9,8,8,9,3,4,2,5,4,4,4,2,2,6,5,6,7,7,5,6,5,9,8,8
sf,cvs,lcfizvtop,lcfizvtop/vertexpackage/vertex_lcfi/src/Attic/decaysignificance.cpp,clean,cpp,IssueFalse,6399,75,1555,4,4,2,3,7,2,9,7,7,7,5,4,5,5,5,5,9,9,9,6,6,6,5,4,5,6,6,6,6,6,6,6,6,6,6,6,6,9,9,9,8,8,9,5,7,4,2,4,4,4,5,4,2,8,9,7,6,5,5,5,8,5,5
sf,cvs,lcfizvtop,lcfizvtop/vertexpackage/vertex_lcfi/src/Attic/jetvarfromlcio.cpp,buggy,cpp,IssueFalse,6399,75,1555,4,4,2,4,5,3,9,7,7,7,5,4,5,5,5,5,9,9,9,6,6,6,5,4,5,6,6,6,6,6,6,6,6,6,6,6,6,9,9,9,8,8,9,9,7,4,7,7,6,9,6,6,3,5,9,8,7,5,5,5,2,3,3
sf,cvs,lcfizvtop,lcfizvtop/vertexpackage/vertex_lcfi/src/Attic/jetvariablenumtracks.cpp,clean,cpp,IssueFalse,6399,75,1555,4,2,1,1,7,2,4,7,7,7,5,4,5,5,5,5,9,9,9,6,6,6,5,4,5,6,6,6,6,6,6,6,6,6,6,6,6,9,9,9,8,8,9,3,4,4,2,3,3,3,3,3,3,5,6,5,5,6,6,5,8,6,6
sf,cvs,lcfizvtop,lcfizvtop/vertexpackage/vertex_lcfi/src/Attic/jointprob.cpp,buggy,cpp,IssueFalse,6399,75,1555,4,7,3,6,7,2,10,7,7,7,5,4,5,5,5,5,9,9,9,6,6,6,5,4,5,6,6,6,6,6,6,6,6,6,6,6,6,9,9,9,8,8,9,7,10,6,3,6,5,6,7,5,4,5,8,7,6,9,8,8,7,5,5
sf,cvs,lcfizvtop,lcfizvtop/vertexpackage/vertex_lcfi/src/Attic/paramsignificance.cpp,buggy,cpp,IssueFalse,6399,75,1555,4,4,2,4,7,2,9,7,7,7,5,4,5,5,5,5,9,9,9,6,6,6,5,4,5,6,6,6,6,6,6,6,6,6,6,6,6,9,9,9,8,8,9,5,8,5,2,3,3,4,6,4,6,5,3,4,4,8,8,8,8,7,7
sf,cvs,lcfizvtop,lcfizvtop/vertexpackage/vertex_lcfi/src/Attic/secondvertexprob.cpp,clean,cpp,IssueFalse,6399,75,1555,4,3,3,3,7,5,7,7,7,7,5,4,5,5,5,5,9,9,9,6,6,6,5,4,5,6,6,6,6,6,6,6,6,6,6,6,6,9,9,9,8,8,9,4,6,4,2,3,3,5,6,4,3,5,3,4,3,10,10,10,7,5,5
sf,cvs,lcfizvtop,lcfizvtop/vertexpackage/vertex_lcfi/src/Attic/trackattach.cpp,clean,cpp,IssueFalse,6399,75,1555,4,6,9,6,7,7,9,7,7,7,5,4,5,5,5,5,9,9,9,6,6,6,5,4,5,6,6,6,6,6,6,6,6,6,6,6,6,9,9,9,8,8,9,7,9,6,2,4,4,7,10,6,5,5,8,8,7,8,8,8,9,7,7
sf,cvs,lcfizvtop,lcfizvtop/vertexpackage/vertex_lcfi/src/Attic/vertexmass.cpp,buggy,cpp,IssueFalse,6399,75,1555,4,8,7,9,8,3,10,7,7,7,5,4,5,5,5,5,9,9,9,6,6,6,5,4,5,6,6,6,6,6,6,6,6,6,6,6,6,9,9,9,8,8,9,9,10,7,4,7,6,7,9,7,4,5,10,9,8,10,9,9,10,8,8
sf,cvs,lcfizvtop,lcfizvtop/vertexpackage/vertex_lcfi/src/Attic/vertexmomentum.cpp,clean,cpp,IssueFalse,6399,75,1555,4,3,2,2,7,5,7,7,7,7,5,4,5,5,5,5,9,9,9,6,6,6,5,4,5,6,6,6,6,6,6,6,6,6,6,6,6,9,9,9,8,8,9,4,6,4,2,3,3,4,5,4,3,8,9,7,7,9,8,8,7,5,5
sf,cvs,lcfizvtop,lcfizvtop/vertexpackage/vertex_lcfi/src/Attic/vertexmultiplicity.cpp,clean,cpp,IssueFalse,6399,75,1555,4,3,2,2,7,3,8,7,7,7,5,4,5,5,5,5,9,9,9,6,6,6,5,4,5,6,6,6,6,6,6,6,6,6,6,6,6,9,9,9,8,8,9,4,7,4,2,3,3,4,5,3,3,5,6,5,5,9,8,7,9,6,6
sf,cvs,lcfizvtop,lcfizvtop/vertexpackage/vertex_lcfi/src/Attic/zvkin.cpp,clean,cpp,IssueFalse,6399,75,1555,4,5,7,6,7,6,9,7,7,7,5,4,5,5,5,5,9,9,9,6,6,6,5,4,5,6,6,6,6,6,6,6,6,6,6,6,6,9,9,9,8,8,9,6,8,5,2,3,4,6,9,6,4,8,7,7,6,5,5,5,5,4,5
sf,cvs,lcfizvtop,lcfizvtop/vertexpackage/vertex_lcfi/src/Attic/zvres.cpp,clean,cpp,IssueFalse,6399,75,1555,4,8,3,8,7,2,9,7,7,7,5,4,5,5,5,5,9,9,9,6,6,6,5,4,5,6,6,6,6,6,6,6,6,6,6,6,6,9,9,9,8,8,9,9,9,7,2,4,4,7,9,6,8,8,8,9,9,9,9,9,8,7,8
sf,cvs,lcfizvtop,lcfizvtop/vertexpackage/vertex_lcfi/src/decaychain.cpp,clean,cpp,IssueFalse,6399,75,1555,4,6,2,6,9,1,9,7,7,7,5,4,5,5,5,5,9,9,9,6,6,6,5,4,5,6,6,6,6,6,6,6,6,6,6,6,6,9,9,9,8,8,9,6,7,7,5,7,8,7,6,8,7,8,6,8,7,5,5,5,8,7,7
sf,cvs,lcfizvtop,lcfizvtop/vertexpackage/vertex_lcfi/src/event.cpp,clean,cpp,IssueFalse,6399,75,1555,4,3,1,2,7,1,4,7,7,7,5,4,5,5,5,5,9,9,9,6,6,6,5,4,5,6,6,6,6,6,6,6,6,6,6,6,6,9,9,9,8,8,9,3,4,4,6,5,8,5,5,5,2,5,4,4,3,5,5,5,10,7,6
sf,cvs,lcfizvtop,lcfizvtop/vertexpackage/vertex_lcfi/src/jet.cpp,clean,cpp,IssueFalse,6399,75,1555,4,4,1,3,8,1,7,7,7,7,5,4,5,5,5,5,9,9,9,6,6,6,5,4,5,6,6,6,6,6,6,6,6,6,6,6,6,9,9,9,8,8,9,4,6,5,4,6,7,6,5,6,7,8,4,5,5,9,10,9,9,8,9
sf,cvs,lcfizvtop,lcfizvtop/vertexpackage/vertex_lcfi/src/lciointerface.cpp,buggy,cpp,IssueFalse,6399,75,1555,4,6,2,6,9,2,7,7,7,7,5,4,5,5,5,5,9,9,9,6,6,6,5,4,5,6,6,6,6,6,6,6,6,6,6,6,6,9,9,9,8,8,9,4,6,6,4,6,8,7,9,8,6,5,9,9,9,5,5,5,2,3,5
sf,cvs,lcfizvtop,lcfizvtop/vertexpackage/vertex_lcfi/src/track.cpp,clean,cpp,IssueFalse,6399,75,1555,4,5,2,5,8,2,8,7,7,7,5,4,5,5,5,5,9,9,9,6,6,6,5,4,5,6,6,6,6,6,6,6,6,6,6,6,6,9,9,9,8,8,9,6,9,6,8,8,9,7,8,7,9,10,7,7,8,7,8,8,8,9,9
sf,cvs,lcfizvtop,lcfizvtop/vertexpackage/vertex_lcfi/src/trackstate.cpp,clean,cpp,IssueFalse,6399,75,1555,4,10,10,10,10,7,10,7,7,7,5,4,5,5,5,5,9,9,9,6,6,6,5,4,5,6,6,6,6,6,6,6,6,6,6,6,6,9,9,9,8,8,9,8,10,9,9,10,10,8,9,10,8,10,10,10,10,10,10,10,10,10,10
sf,cvs,lcfizvtop,lcfizvtop/vertexpackage/vertex_lcfi/src/vertex.cpp,clean,cpp,IssueFalse,6399,75,1555,4,6,2,5,9,2,7,7,7,7,5,4,5,5,5,5,9,9,9,6,6,6,5,4,5,6,6,6,6,6,6,6,6,6,6,6,6,9,9,9,8,8,9,5,7,6,5,7,8,7,7,8,7,10,7,8,8,5,6,6,7,7,7
sf,cvs,lcfizvtop,lcfizvtop/vertexpackage/vertex_lcfi/util/inc/helixrep.h,clean,cpp,IssueFalse,6399,75,1555,4,3,2,3,8,4,4,8,8,8,5,4,5,6,6,6,9,9,9,6,6,6,5,4,5,9,9,9,9,9,8,9,9,8,9,9,9,9,9,9,8,8,9,3,4,5,9,9,9,4,2,4,7,9,3,4,4,9,10,9,8,7,8
sf,cvs,lcfizvtop,lcfizvtop/vertexpackage/vertex_lcfi/util/src/matrix.cpp,clean,cpp,IssueFalse,6399,75,1555,4,4,8,5,5,7,10,7,7,7,5,4,5,5,5,5,9,9,9,6,6,6,5,4,5,6,6,6,6,6,6,6,6,6,6,6,6,9,9,9,8,8,9,8,9,5,3,4,4,6,5,4,2,5,3,3,3,5,5,5,4,3,3
sf,cvs,lcfizvtop,lcfizvtop/vertexpackage/vertex_lcfi/zvtop/include/Attic/directionminimiser.h,clean,cpp,IssueFalse,6399,75,1555,4,6,8,6,7,6,10,7,7,7,5,4,5,5,5,5,9,9,9,6,6,6,5,4,5,6,6,6,6,6,6,6,6,6,6,6,6,9,9,9,8,8,9,6,9,5,7,8,8,6,5,6,5,9,4,4,5,6,6,6,6,5,6
sf,cvs,lcfizvtop,lcfizvtop/vertexpackage/vertex_lcfi/zvtop/include/candidatevertex.h,buggy,cpp,IssueFalse,6399,75,1555,4,6,10,7,3,10,7,10,10,10,5,4,5,8,8,8,9,9,9,10,9,9,5,4,5,10,10,10,10,10,10,10,10,10,10,10,10,9,9,9,10,10,10,1,2,2,2,2,3,3,1,2,8,10,4,6,6,5,5,5,4,6,6
sf,cvs,lcfizvtop,lcfizvtop/vertexpackage/vertex_lcfi/zvtop/include/gausstube.h,clean,cpp,IssueFalse,6399,75,1555,4,2,6,1,2,9,4,7,7,7,7,6,7,5,5,6,9,9,9,7,7,7,7,6,7,7,7,7,7,7,7,7,7,7,7,7,7,9,9,9,8,8,9,1,2,2,2,2,3,3,1,2,3,8,3,4,3,7,6,6,2,2,2
sf,cvs,lcfizvtop,lcfizvtop/vertexpackage/vertex_lcfi/zvtop/include/ghostfinderstage1.h,clean,cpp,IssueFalse,6399,75,1555,4,2,1,2,2,2,4,9,9,8,5,4,5,5,5,6,9,9,9,9,8,8,5,4,5,9,9,9,8,8,8,8,8,7,7,7,7,9,9,9,10,10,10,1,2,2,2,2,3,3,1,2,5,8,5,5,5,5,5,5,5,5,5
sf,cvs,lcfizvtop,lcfizvtop/vertexpackage/vertex_lcfi/zvtop/include/vertexfinderclassic.h,clean,cpp,IssueFalse,6399,75,1555,4,3,3,3,2,6,4,10,10,10,5,4,5,5,5,6,9,9,9,9,9,9,5,4,5,10,10,9,8,8,8,8,8,8,8,8,8,9,9,9,9,9,9,1,2,2,2,2,3,3,1,2,3,5,3,4,3,5,5,5,2,3,3
sf,cvs,lcfizvtop,lcfizvtop/vertexpackage/vertex_lcfi/zvtop/include/vertexfinderghost.h,clean,cpp,IssueFalse,6399,75,1555,4,2,3,2,2,7,4,10,9,9,5,4,5,5,5,6,9,9,9,9,9,9,5,4,5,8,8,8,8,8,8,8,8,7,9,8,8,9,9,9,8,8,9,1,2,2,2,2,3,3,1,2,3,8,3,4,3,5,5,5,4,3,4
sf,cvs,lcfizvtop,lcfizvtop/vertexpackage/vertex_lcfi/zvtop/include/vertexfitterlsm.h,buggy,cpp,IssueFalse,6399,75,1555,4,2,2,2,3,4,4,9,9,9,7,6,7,6,5,6,9,9,9,8,8,8,7,6,7,8,8,7,9,8,8,9,8,8,9,8,8,9,9,9,9,9,9,3,4,2,2,2,3,4,2,2,5,5,4,4,5,5,5,5,5,5,5
sf,cvs,lcfizvtop,lcfizvtop/vertexpackage/vertex_lcfi/zvtop/include/vertexfunctionclassic.h,clean,cpp,IssueFalse,6399,75,1555,4,3,7,2,2,8,4,9,8,8,7,6,7,6,5,6,9,9,9,8,7,8,7,6,7,10,9,9,9,8,8,8,8,8,9,8,8,9,9,9,9,9,9,1,2,2,2,2,3,3,1,2,2,5,4,4,3,5,5,5,2,2,2
sf,cvs,lcfizvtop,lcfizvtop/vertexpackage/vertex_lcfi/zvtop/src/candidatevertex.cpp,buggy,cpp,IssueFalse,6399,75,1555,4,9,8,9,10,3,10,7,7,7,5,4,5,5,5,5,9,9,9,6,6,6,5,4,5,6,6,6,6,6,6,6,6,6,6,6,6,9,9,9,8,8,9,7,8,9,9,10,10,7,9,10,8,10,7,7,8,7,8,8,7,6,7
sf,cvs,lcfizvtop,lcfizvtop/vertexpackage/vertex_lcfi/zvtop/src/ghostfinderstage1.cpp,clean,cpp,IssueFalse,6399,75,1555,4,7,10,8,7,7,10,7,7,7,5,4,5,5,5,5,9,9,9,6,6,6,5,4,5,6,6,6,6,6,6,6,6,6,6,6,6,9,9,9,8,8,9,8,9,6,9,8,8,10,9,9,7,9,10,10,10,10,10,10,10,9,9
sf,cvs,lcfizvtop,lcfizvtop/vertexpackage/vertex_lcfi/zvtop/src/vertexfinderclassic.cpp,clean,cpp,IssueFalse,6399,75,1555,4,9,10,10,9,5,10,7,7,7,5,4,5,5,5,6,9,9,9,6,7,8,5,4,5,6,7,7,6,7,7,6,6,7,6,7,8,9,9,9,8,8,9,10,10,10,7,9,9,8,10,9,8,9,5,6,7,8,9,9,9,9,9
sf,cvs,lcfizvtop,lcfizvtop/vertexpackage/vertex_lcfi/zvtop/src/vertexfinderghost.cpp,clean,cpp,IssueFalse,6399,75,1555,4,7,8,8,7,5,10,7,7,7,5,4,5,5,5,5,9,9,9,6,6,6,5,4,5,6,6,6,6,6,6,6,6,6,6,6,6,9,9,9,8,8,9,10,10,8,5,6,7,8,10,7,7,8,10,10,9,8,8,8,9,8,9
sf,cvs,lcfizvtop,lcfizvtop/vertexpackage/vertex_lcfi/zvtop/src/vertexfitterlsm.cpp,buggy,cpp,IssueFalse,6399,75,1555,4,7,7,7,8,5,10,7,7,7,5,4,5,5,5,5,9,9,9,6,6,6,5,4,5,6,6,6,6,6,6,6,6,6,6,6,6,9,9,9,8,8,9,8,9,7,8,8,9,8,8,8,7,8,7,7,7,10,10,10,10,8,9
sf,cvs,lcfizvtop,lcfizvtop/vertexpackage/vertex_lcfi/zvtop/src/vertexfuncmaxfinderclassicstepper.cpp,clean,cpp,IssueFalse,6399,75,1555,4,4,1,4,5,1,9,7,7,7,5,4,5,5,5,5,9,9,9,6,6,6,5,4,5,6,6,6,6,6,6,6,6,6,6,6,6,9,9,9,8,8,9,9,8,5,6,6,5,4,3,3,2,5,3,3,3,5,5,5,6,4,4
sf,cvs,lcfizvtop,lcfizvtop/vertexpackage/vertex_lcfi/zvtop/src/vertexfunctionclassic.cpp,clean,cpp,IssueFalse,6399,75,1555,4,5,2,6,7,2,8,7,7,7,5,4,5,5,5,5,9,9,9,6,6,6,5,4,5,6,6,6,6,6,6,6,6,6,6,6,6,9,9,9,8,8,9,7,9,6,7,8,8,9,8,7,2,5,6,4,4,5,5,5,4,3,3
