Host,Vcs,Project,File,Buggy,PL,IssueTracking,TLOC,TNF,TNC,TND,LOC,CL,NStmt,NFunc,RCC,MNL,avg_WMC,max_WMC,total_WMC,avg_DIT,max_DIT,total_DIT,avg_RFC,max_RFC,total_RFC,avg_NOC,max_NOC,total_NOC,avg_CBO,max_CBO,total_CBO,avg_DIT.1,max_DIT.1,total_DIT.1,avg_NIV,max_NIV,total_NIV,avg_NIM,max_NIM,total_NIM,avg_NOM,max_NOM,total_NOM,avg_NPBM,max_NPBM,total_NPBM,avg_NPM,max_NPM,total_NPM,avg_NPRM,max_NPRM,total_NPRM,avg_CC,max_CC,total_CC,avg_FANIN,max_FANIN,total_FANIN,avg_FANOUT,max_FANOUT,total_FANOUT,NRev,NFix,avg_AddedLOC,max_AddedLOC,total_AddedLOC,avg_DeletedLOC,max_DeletedLOC,total_DeletedLOC,avg_ModifiedLOC,max_ModifiedLOC,total_ModifiedLOC
gc,svn,lufa-lib,/trunk/Bootloaders/CDC/BootloaderCDC.c,clean,c,IssueTrue,21991,357,1167,1,10,9,10,10,4,10,10,10,10,10,10,10,10,10,10,9,9,9,10,10,10,10,10,10,10,10,10,10,10,10,10,10,10,10,10,10,10,10,10,8,8,9,10,10,10,6,7,10,9,10,9,10,10,7,9,9,8,8,9,7,9,9
gc,svn,lufa-lib,/trunk/Bootloaders/CDC/BootloaderCDC.h,clean,c,IssueTrue,21991,357,1167,1,3,8,3,2,8,4,10,10,10,10,10,10,10,10,10,9,9,9,10,10,10,10,10,10,10,10,10,10,10,10,10,10,10,10,10,10,10,10,10,8,8,9,1,2,2,2,2,5,3,3,2,9,8,6,6,5,8,8,8,2,4,4
gc,svn,lufa-lib,/trunk/Bootloaders/CDC/Descriptors.c,clean,c,IssueTrue,21991,357,1167,1,8,7,6,9,4,8,10,10,10,10,10,10,10,10,10,9,9,9,10,10,10,10,10,10,10,10,10,10,10,10,10,10,10,10,10,10,10,10,10,8,8,9,10,8,5,10,8,8,6,6,3,9,8,4,4,3,5,4,5,10,10,10
gc,svn,lufa-lib,/trunk/Bootloaders/CDC/Descriptors.h,clean,c,IssueTrue,21991,357,1167,1,2,7,4,2,9,4,10,10,10,10,10,10,10,10,10,9,9,9,10,10,10,10,10,10,10,10,10,10,10,10,10,10,10,10,10,10,10,10,10,8,8,9,1,2,2,2,2,5,3,3,2,5,8,10,9,8,5,4,5,2,3,2
gc,svn,lufa-lib,/trunk/Bootloaders/DFU/BootloaderDFU.c,clean,c,IssueTrue,21991,357,1167,1,10,10,10,10,5,10,10,10,10,10,10,10,10,10,10,9,9,9,10,10,10,10,10,10,10,10,10,10,10,10,10,10,10,10,10,10,10,10,10,8,8,9,10,10,10,9,10,10,9,10,10,10,10,7,9,9,8,8,9,8,9,10
gc,svn,lufa-lib,/trunk/Bootloaders/DFU/BootloaderDFU.h,buggy,c,IssueTrue,21991,357,1167,1,5,8,3,2,8,4,10,10,10,10,10,10,10,10,10,9,9,9,10,10,10,10,10,10,10,10,10,10,10,10,10,10,10,10,10,10,10,10,10,8,8,9,1,2,2,2,2,5,3,3,2,9,9,6,6,6,7,7,8,4,5,6
gc,svn,lufa-lib,/trunk/Bootloaders/DFU/Descriptors.c,clean,c,IssueTrue,21991,357,1167,1,7,7,4,9,5,8,10,10,10,10,10,10,10,10,10,9,9,9,10,10,10,10,10,10,10,10,10,10,10,10,10,10,10,10,10,10,10,10,10,8,8,9,10,8,5,10,8,8,6,6,3,8,8,4,4,3,5,4,5,9,10,9
gc,svn,lufa-lib,/trunk/Bootloaders/DFU/Descriptors.h,clean,c,IssueTrue,21991,357,1167,1,2,8,2,2,9,4,10,10,10,10,10,10,10,10,10,9,9,9,10,10,10,10,10,10,10,10,10,10,10,10,10,10,10,10,10,10,10,10,10,8,8,9,1,2,2,2,2,5,3,3,2,6,8,10,9,9,9,8,8,2,4,3
gc,svn,lufa-lib,/trunk/Bootloaders/TeensyHID/Descriptors.c,clean,c,IssueTrue,21991,357,1167,1,7,8,5,9,5,8,10,10,10,10,10,10,10,10,10,9,9,9,10,10,10,10,10,10,10,10,10,10,10,10,10,10,10,10,10,10,10,10,10,8,8,9,10,9,6,10,8,9,6,6,3,9,8,4,4,3,5,4,5,9,10,9
gc,svn,lufa-lib,/trunk/Bootloaders/TeensyHID/Descriptors.h,clean,c,IssueTrue,21991,357,1167,1,2,6,3,2,8,4,10,10,10,10,10,10,10,10,10,9,9,9,10,10,10,10,10,10,10,10,10,10,10,10,10,10,10,10,10,10,10,10,10,8,8,9,1,2,2,2,2,5,3,3,2,3,5,4,4,3,5,4,5,5,4,3
gc,svn,lufa-lib,/trunk/Bootloaders/TeensyHID/TeensyHID.c,clean,c,IssueTrue,21991,357,1167,1,5,8,7,10,6,10,10,10,10,10,10,10,10,10,10,9,9,9,10,10,10,10,10,10,10,10,10,10,10,10,10,10,10,10,10,10,10,10,10,8,8,9,9,10,8,4,5,8,9,8,7,9,8,7,9,7,8,8,9,5,5,7
gc,svn,lufa-lib,/trunk/Bootloaders/TeensyHID/TeensyHID.h,clean,c,IssueTrue,21991,357,1167,1,1,5,1,2,10,4,10,10,10,10,10,10,10,10,10,9,9,9,10,10,10,10,10,10,10,10,10,10,10,10,10,10,10,10,10,10,10,10,10,8,8,9,1,2,2,2,2,5,3,3,2,9,8,5,6,5,7,7,7,3,5,5
gc,svn,lufa-lib,/trunk/Demos/Device/ClassDriver/AudioInput/AudioInput.c,clean,c,IssueTrue,21991,357,1167,1,5,7,5,10,6,7,10,10,10,10,10,10,10,10,10,9,9,9,10,10,10,10,10,10,10,10,10,10,10,10,10,10,10,10,10,10,10,10,10,8,8,9,5,6,6,3,4,8,7,8,7,7,5,7,7,6,7,7,7,7,6,6
gc,svn,lufa-lib,/trunk/Demos/Device/ClassDriver/AudioInput/AudioInput.h,clean,c,IssueTrue,21991,357,1167,1,1,6,1,2,10,4,10,10,10,10,10,10,10,10,10,9,9,9,10,10,10,10,10,10,10,10,10,10,10,10,10,10,10,10,10,10,10,10,10,8,8,9,1,2,2,2,2,5,3,3,2,7,5,5,5,4,6,6,6,6,5,6
gc,svn,lufa-lib,/trunk/Demos/Device/ClassDriver/AudioInput/Descriptors.c,clean,c,IssueTrue,21991,357,1167,1,9,7,5,9,4,8,10,10,10,10,10,10,10,10,10,9,9,9,10,10,10,10,10,10,10,10,10,10,10,10,10,10,10,10,10,10,10,10,10,8,8,9,10,9,6,10,8,9,7,7,3,5,5,4,4,3,5,4,5,9,7,6
gc,svn,lufa-lib,/trunk/Demos/Device/ClassDriver/AudioInput/Descriptors.h,clean,c,IssueTrue,21991,357,1167,1,2,6,3,2,8,4,10,10,10,10,10,10,10,10,10,9,9,9,10,10,10,10,10,10,10,10,10,10,10,10,10,10,10,10,10,10,10,10,10,8,8,9,1,2,2,2,2,5,3,3,2,7,8,4,4,3,7,6,7,6,6,6
gc,svn,lufa-lib,/trunk/Demos/Device/ClassDriver/AudioOutput/AudioOutput.c,clean,c,IssueTrue,21991,357,1167,1,6,7,6,10,6,8,10,10,10,10,10,10,10,10,10,9,9,9,10,10,10,10,10,10,10,10,10,10,10,10,10,10,10,10,10,10,10,10,10,8,8,9,6,8,7,3,4,8,7,8,7,9,5,6,7,6,7,7,8,8,6,9
gc,svn,lufa-lib,/trunk/Demos/Device/ClassDriver/AudioOutput/AudioOutput.h,clean,c,IssueTrue,21991,357,1167,1,1,6,1,2,10,4,10,10,10,10,10,10,10,10,10,9,9,9,10,10,10,10,10,10,10,10,10,10,10,10,10,10,10,10,10,10,10,10,10,8,8,9,1,2,2,2,2,5,3,3,2,9,9,4,5,4,10,9,9,3,5,5
gc,svn,lufa-lib,/trunk/Demos/Device/ClassDriver/AudioOutput/Descriptors.c,clean,c,IssueTrue,21991,357,1167,1,9,7,5,9,4,8,10,10,10,10,10,10,10,10,10,9,9,9,10,10,10,10,10,10,10,10,10,10,10,10,10,10,10,10,10,10,10,10,10,8,8,9,10,9,6,10,8,9,7,7,3,5,5,4,4,3,5,4,5,9,7,6
gc,svn,lufa-lib,/trunk/Demos/Device/ClassDriver/AudioOutput/Descriptors.h,clean,c,IssueTrue,21991,357,1167,1,2,6,3,2,8,4,10,10,10,10,10,10,10,10,10,9,9,9,10,10,10,10,10,10,10,10,10,10,10,10,10,10,10,10,10,10,10,10,10,8,8,9,1,2,2,2,2,5,3,3,2,7,8,4,4,3,7,6,7,6,6,6
gc,svn,lufa-lib,/trunk/Demos/Device/ClassDriver/CDC/CDC.c,clean,c,IssueTrue,21991,357,1167,1,6,7,6,10,5,8,10,10,10,10,10,10,10,10,10,9,9,9,10,10,10,10,10,10,10,10,10,10,10,10,10,10,10,10,10,10,10,10,10,8,8,9,7,9,8,3,4,8,7,8,7,9,5,7,9,8,7,7,8,6,7,8
gc,svn,lufa-lib,/trunk/Demos/Device/ClassDriver/CDC/CDC.h,clean,c,IssueTrue,21991,357,1167,1,1,6,1,2,10,4,10,10,10,10,10,10,10,10,10,9,9,9,10,10,10,10,10,10,10,10,10,10,10,10,10,10,10,10,10,10,10,10,10,8,8,9,1,2,2,2,2,5,3,3,2,3,5,4,4,3,5,4,5,7,5,4
gc,svn,lufa-lib,/trunk/Demos/Device/ClassDriver/DualCDC/DualCDC.c,clean,c,IssueTrue,21991,357,1167,1,7,7,7,10,5,8,10,10,10,10,10,10,10,10,10,9,9,9,10,10,10,10,10,10,10,10,10,10,10,10,10,10,10,10,10,10,10,10,10,8,8,9,7,9,8,4,4,9,7,9,8,9,5,7,8,6,8,7,9,8,9,9
gc,svn,lufa-lib,/trunk/Demos/Device/ClassDriver/GenericHID/Descriptors.c,clean,c,IssueTrue,21991,357,1167,1,8,8,6,9,5,8,10,10,10,10,10,10,10,10,10,9,9,9,10,10,10,10,10,10,10,10,10,10,10,10,10,10,10,10,10,10,10,10,10,8,8,9,10,9,6,10,9,9,7,7,3,7,8,4,4,3,5,4,5,3,4,4
gc,svn,lufa-lib,/trunk/Demos/Device/ClassDriver/GenericHID/Descriptors.h,clean,c,IssueTrue,21991,357,1167,1,1,6,1,2,10,4,10,10,10,10,10,10,10,10,10,9,9,9,10,10,10,10,10,10,10,10,10,10,10,10,10,10,10,10,10,10,10,10,10,8,8,9,1,2,2,2,2,5,3,3,2,3,5,4,4,3,5,4,5,3,3,2
gc,svn,lufa-lib,/trunk/Demos/Device/ClassDriver/GenericHID/GenericHID.c,buggy,c,IssueTrue,21991,357,1167,1,6,8,6,10,6,8,10,10,10,10,10,10,10,10,10,9,9,9,10,10,10,10,10,10,10,10,10,10,10,10,10,10,10,10,10,10,10,10,10,8,8,9,5,7,7,4,7,9,6,7,8,10,8,7,8,8,7,7,8,7,8,9
gc,svn,lufa-lib,/trunk/Demos/Device/ClassDriver/GenericHID/GenericHID.h,clean,c,IssueTrue,21991,357,1167,1,1,6,2,2,9,4,10,10,10,10,10,10,10,10,10,9,9,9,10,10,10,10,10,10,10,10,10,10,10,10,10,10,10,10,10,10,10,10,10,8,8,9,1,2,2,2,2,5,3,3,2,9,5,4,5,4,5,6,6,5,5,6
gc,svn,lufa-lib,/trunk/Demos/Device/ClassDriver/Joystick/Descriptors.c,clean,c,IssueTrue,21991,357,1167,1,8,8,6,9,5,8,10,10,10,10,10,10,10,10,10,9,9,9,10,10,10,10,10,10,10,10,10,10,10,10,10,10,10,10,10,10,10,10,10,8,8,9,10,9,6,10,9,9,7,7,3,7,5,4,4,3,5,4,5,3,4,4
gc,svn,lufa-lib,/trunk/Demos/Device/ClassDriver/Joystick/Descriptors.h,clean,c,IssueTrue,21991,357,1167,1,1,6,1,2,10,4,10,10,10,10,10,10,10,10,10,9,9,9,10,10,10,10,10,10,10,10,10,10,10,10,10,10,10,10,10,10,10,10,10,8,8,9,1,2,2,2,2,5,3,3,2,5,5,4,4,3,5,4,5,3,3,3
gc,svn,lufa-lib,/trunk/Demos/Device/ClassDriver/Joystick/Joystick.c,buggy,c,IssueTrue,21991,357,1167,1,6,8,7,10,6,8,10,10,10,10,10,10,10,10,10,9,9,9,10,10,10,10,10,10,10,10,10,10,10,10,10,10,10,10,10,10,10,10,10,8,8,9,7,9,8,3,3,8,7,8,8,9,8,6,7,7,7,7,8,7,8,8
gc,svn,lufa-lib,/trunk/Demos/Device/ClassDriver/Joystick/Joystick.h,clean,c,IssueTrue,21991,357,1167,1,2,6,2,2,8,4,10,10,10,10,10,10,10,10,10,9,9,9,10,10,10,10,10,10,10,10,10,10,10,10,10,10,10,10,10,10,10,10,10,8,8,9,1,2,2,2,2,5,3,3,2,9,5,4,5,4,5,4,5,5,5,6
gc,svn,lufa-lib,/trunk/Demos/Device/ClassDriver/Keyboard/Descriptors.c,clean,c,IssueTrue,21991,357,1167,1,8,9,6,9,5,8,10,10,10,10,10,10,10,10,10,9,9,9,10,10,10,10,10,10,10,10,10,10,10,10,10,10,10,10,10,10,10,10,10,8,8,9,10,9,6,10,9,9,7,7,3,6,5,4,4,3,5,4,5,3,3,3
gc,svn,lufa-lib,/trunk/Demos/Device/ClassDriver/Keyboard/Descriptors.h,clean,c,IssueTrue,21991,357,1167,1,1,6,1,2,10,4,10,10,10,10,10,10,10,10,10,9,9,9,10,10,10,10,10,10,10,10,10,10,10,10,10,10,10,10,10,10,10,10,10,8,8,9,1,2,2,2,2,5,3,3,2,3,5,4,4,3,5,4,5,3,3,2
gc,svn,lufa-lib,/trunk/Demos/Device/ClassDriver/Keyboard/Keyboard.c,buggy,c,IssueTrue,21991,357,1167,1,7,8,7,10,6,8,10,10,10,10,10,10,10,10,10,9,9,9,10,10,10,10,10,10,10,10,10,10,10,10,10,10,10,10,10,10,10,10,10,8,8,9,7,9,8,3,3,8,6,8,8,10,8,6,7,7,7,7,8,7,8,9
gc,svn,lufa-lib,/trunk/Demos/Device/ClassDriver/Keyboard/Keyboard.h,clean,c,IssueTrue,21991,357,1167,1,2,6,2,2,9,4,10,10,10,10,10,10,10,10,10,9,9,9,10,10,10,10,10,10,10,10,10,10,10,10,10,10,10,10,10,10,10,10,10,8,8,9,1,2,2,2,2,5,3,3,2,9,5,4,5,4,5,4,5,5,5,6
gc,svn,lufa-lib,/trunk/Demos/Device/ClassDriver/KeyboardMouse/Descriptors.c,clean,c,IssueTrue,21991,357,1167,1,9,9,7,9,5,8,10,10,10,10,10,10,10,10,10,9,9,9,10,10,10,10,10,10,10,10,10,10,10,10,10,10,10,10,10,10,10,10,10,8,8,9,10,9,7,10,9,9,7,7,3,6,5,4,4,3,5,4,5,4,4,4
gc,svn,lufa-lib,/trunk/Demos/Device/ClassDriver/KeyboardMouse/Descriptors.h,clean,c,IssueTrue,21991,357,1167,1,1,6,2,2,9,4,10,10,10,10,10,10,10,10,10,9,9,9,10,10,10,10,10,10,10,10,10,10,10,10,10,10,10,10,10,10,10,10,10,8,8,9,1,2,2,2,2,5,3,3,2,5,5,4,4,3,5,4,5,4,4,3
gc,svn,lufa-lib,/trunk/Demos/Device/ClassDriver/KeyboardMouse/KeyboardMouse.c,buggy,c,IssueTrue,21991,357,1167,1,8,8,8,10,5,8,10,10,10,10,10,10,10,10,10,9,9,9,10,10,10,10,10,10,10,10,10,10,10,10,10,10,10,10,10,10,10,10,10,8,8,9,9,10,9,4,5,9,7,8,8,10,9,7,8,8,8,7,9,8,9,9
gc,svn,lufa-lib,/trunk/Demos/Device/ClassDriver/KeyboardMouse/KeyboardMouse.h,clean,c,IssueTrue,21991,357,1167,1,2,7,3,2,8,4,10,10,10,10,10,10,10,10,10,9,9,9,10,10,10,10,10,10,10,10,10,10,10,10,10,10,10,10,10,10,10,10,10,8,8,9,1,2,2,2,2,5,3,3,2,9,5,4,5,4,5,4,5,5,5,6
gc,svn,lufa-lib,/trunk/Demos/Device/ClassDriver/MIDI/Descriptors.c,clean,c,IssueTrue,21991,357,1167,1,9,7,5,9,3,8,10,10,10,10,10,10,10,10,10,9,9,9,10,10,10,10,10,10,10,10,10,10,10,10,10,10,10,10,10,10,10,10,10,8,8,9,10,9,6,10,8,9,7,7,3,5,5,4,4,3,5,4,5,6,5,5
gc,svn,lufa-lib,/trunk/Demos/Device/ClassDriver/MIDI/Descriptors.h,clean,c,IssueTrue,21991,357,1167,1,2,6,3,2,8,4,10,10,10,10,10,10,10,10,10,9,9,9,10,10,10,10,10,10,10,10,10,10,10,10,10,10,10,10,10,10,10,10,10,8,8,9,1,2,2,2,2,5,3,3,2,3,5,4,4,3,5,4,5,7,5,4
gc,svn,lufa-lib,/trunk/Demos/Device/ClassDriver/MIDI/MIDI.c,buggy,c,IssueTrue,21991,357,1167,1,7,7,7,10,5,7,10,10,10,10,10,10,10,10,10,9,9,9,10,10,10,10,10,10,10,10,10,10,10,10,10,10,10,10,10,10,10,10,10,8,8,9,8,10,8,3,4,8,7,8,7,9,8,6,7,6,6,7,7,6,6,7
gc,svn,lufa-lib,/trunk/Demos/Device/ClassDriver/MIDI/MIDI.h,clean,c,IssueTrue,21991,357,1167,1,1,6,1,2,10,4,10,10,10,10,10,10,10,10,10,9,9,9,10,10,10,10,10,10,10,10,10,10,10,10,10,10,10,10,10,10,10,10,10,8,8,9,1,2,2,2,2,5,3,3,2,3,5,4,4,3,5,4,5,7,5,4
gc,svn,lufa-lib,/trunk/Demos/Device/ClassDriver/MassStorage/Descriptors.c,clean,c,IssueTrue,21991,357,1167,1,7,8,5,9,5,8,10,10,10,10,10,10,10,10,10,9,9,9,10,10,10,10,10,10,10,10,10,10,10,10,10,10,10,10,10,10,10,10,10,8,8,9,10,9,6,10,8,9,7,7,3,6,5,8,8,6,5,4,5,3,4,3
gc,svn,lufa-lib,/trunk/Demos/Device/ClassDriver/MassStorage/Descriptors.h,clean,c,IssueTrue,21991,357,1167,1,1,6,1,2,10,4,10,10,10,10,10,10,10,10,10,9,9,9,10,10,10,10,10,10,10,10,10,10,10,10,10,10,10,10,10,10,10,10,10,8,8,9,1,2,2,2,2,5,3,3,2,3,5,4,4,3,9,6,7,1,1,1
gc,svn,lufa-lib,/trunk/Demos/Device/ClassDriver/MassStorage/Lib/DataflashManager.c,clean,c,IssueTrue,21991,357,1167,1,9,9,10,10,5,10,10,10,10,10,10,10,10,10,10,9,9,9,10,10,10,10,10,10,10,10,10,10,10,10,10,10,10,10,10,10,10,10,10,8,8,9,10,10,10,7,7,9,9,8,8,9,10,8,8,8,8,8,9,9,8,9
gc,svn,lufa-lib,/trunk/Demos/Device/ClassDriver/MassStorage/Lib/DataflashManager.h,buggy,c,IssueTrue,21991,357,1167,1,1,6,1,2,10,4,10,10,10,10,10,10,10,10,10,9,9,9,10,10,10,10,10,10,10,10,10,10,10,10,10,10,10,10,10,10,10,10,10,8,8,9,1,2,2,2,2,5,3,3,2,3,5,4,4,3,5,4,5,5,4,3
gc,svn,lufa-lib,/trunk/Demos/Device/ClassDriver/MassStorage/Lib/SCSI.c,clean,c,IssueTrue,21991,357,1167,1,8,9,9,10,5,8,10,10,10,10,10,10,10,10,10,9,9,9,10,10,10,10,10,10,10,10,10,10,10,10,10,10,10,10,10,10,10,10,10,8,8,9,10,10,9,9,7,10,10,10,9,5,5,4,4,3,5,4,5,8,6,6
gc,svn,lufa-lib,/trunk/Demos/Device/ClassDriver/MassStorage/Lib/SCSI.h,buggy,c,IssueTrue,21991,357,1167,1,4,7,6,2,7,4,10,10,10,10,10,10,10,10,10,9,9,9,10,10,10,10,10,10,10,10,10,10,10,10,10,10,10,10,10,10,10,10,10,8,8,9,1,2,2,2,2,5,3,3,2,6,5,4,4,3,5,5,5,6,6,5
gc,svn,lufa-lib,/trunk/Demos/Device/ClassDriver/MassStorage/MassStorage.c,clean,c,IssueTrue,21991,357,1167,1,5,7,5,10,6,7,10,10,10,10,10,10,10,10,10,9,9,9,10,10,10,10,10,10,10,10,10,10,10,10,10,10,10,10,10,10,10,10,10,8,8,9,4,6,6,3,4,8,7,8,7,8,5,6,7,6,7,7,7,7,7,7
gc,svn,lufa-lib,/trunk/Demos/Device/ClassDriver/MassStorage/MassStorage.h,buggy,c,IssueTrue,21991,357,1167,1,1,6,1,2,10,4,10,10,10,10,10,10,10,10,10,9,9,9,10,10,10,10,10,10,10,10,10,10,10,10,10,10,10,10,10,10,10,10,10,8,8,9,1,2,2,2,2,5,3,3,2,7,8,4,4,3,5,4,5,4,5,5
gc,svn,lufa-lib,/trunk/Demos/Device/ClassDriver/Mouse/Descriptors.c,clean,c,IssueTrue,21991,357,1167,1,8,8,6,9,5,8,10,10,10,10,10,10,10,10,10,9,9,9,10,10,10,10,10,10,10,10,10,10,10,10,10,10,10,10,10,10,10,10,10,8,8,9,10,9,6,10,9,9,7,7,3,7,5,4,4,3,5,4,5,3,4,4
gc,svn,lufa-lib,/trunk/Demos/Device/ClassDriver/Mouse/Descriptors.h,clean,c,IssueTrue,21991,357,1167,1,1,6,1,2,10,4,10,10,10,10,10,10,10,10,10,9,9,9,10,10,10,10,10,10,10,10,10,10,10,10,10,10,10,10,10,10,10,10,10,8,8,9,1,2,2,2,2,5,3,3,2,5,5,6,5,4,7,6,6,2,3,2
gc,svn,lufa-lib,/trunk/Demos/Device/ClassDriver/Mouse/Mouse.c,buggy,c,IssueTrue,21991,357,1167,1,6,8,7,10,6,8,10,10,10,10,10,10,10,10,10,9,9,9,10,10,10,10,10,10,10,10,10,10,10,10,10,10,10,10,10,10,10,10,10,8,8,9,7,9,8,3,3,8,7,8,8,10,8,6,7,7,7,7,8,7,7,9
gc,svn,lufa-lib,/trunk/Demos/Device/ClassDriver/Mouse/Mouse.h,clean,c,IssueTrue,21991,357,1167,1,2,6,2,2,8,4,10,10,10,10,10,10,10,10,10,9,9,9,10,10,10,10,10,10,10,10,10,10,10,10,10,10,10,10,10,10,10,10,10,8,8,9,1,2,2,2,2,5,3,3,2,9,5,4,5,4,5,4,5,6,5,7
gc,svn,lufa-lib,/trunk/Demos/Device/ClassDriver/RNDISEthernet/Descriptors.c,clean,c,IssueTrue,21991,357,1167,1,8,7,6,9,4,8,10,10,10,10,10,10,10,10,10,9,9,9,10,10,10,10,10,10,10,10,10,10,10,10,10,10,10,10,10,10,10,10,10,8,8,9,10,9,6,10,8,9,7,7,3,5,5,4,4,3,5,4,5,5,4,4
gc,svn,lufa-lib,/trunk/Demos/Device/ClassDriver/RNDISEthernet/Descriptors.h,clean,c,IssueTrue,21991,357,1167,1,2,6,4,2,9,4,10,10,10,10,10,10,10,10,10,9,9,9,10,10,10,10,10,10,10,10,10,10,10,10,10,10,10,10,10,10,10,10,10,8,8,9,1,2,2,2,2,5,3,3,2,3,5,6,5,4,10,8,8,3,3,2
gc,svn,lufa-lib,/trunk/Demos/Device/ClassDriver/RNDISEthernet/Lib/Ethernet.c,clean,c,IssueTrue,21991,357,1167,1,5,7,5,9,7,8,10,10,10,10,10,10,10,10,10,9,9,9,10,10,10,10,10,10,10,10,10,10,10,10,10,10,10,10,10,10,10,10,10,8,8,9,9,8,6,9,8,9,10,9,6,3,8,6,5,4,5,4,5,5,4,3
gc,svn,lufa-lib,/trunk/Demos/Device/ClassDriver/RNDISEthernet/Lib/Ethernet.h,clean,c,IssueTrue,21991,357,1167,1,2,7,3,2,9,4,10,10,10,10,10,10,10,10,10,9,9,9,10,10,10,10,10,10,10,10,10,10,10,10,10,10,10,10,10,10,10,10,10,8,8,9,1,2,2,2,2,5,3,3,2,5,8,6,6,4,5,4,5,4,4,3
gc,svn,lufa-lib,/trunk/Demos/Device/ClassDriver/RNDISEthernet/Lib/ProtocolDecoders.c,clean,c,IssueTrue,21991,357,1167,1,8,8,8,10,5,9,10,10,10,10,10,10,10,10,10,9,9,9,10,10,10,10,10,10,10,10,10,10,10,10,10,10,10,10,10,10,10,10,10,8,8,9,8,9,8,10,9,10,8,7,8,5,9,4,4,3,5,4,5,6,5,4
gc,svn,lufa-lib,/trunk/Demos/Device/ClassDriver/RNDISEthernet/Lib/TCP.c,clean,c,IssueTrue,21991,357,1167,1,10,9,10,10,4,10,10,10,10,10,10,10,10,10,10,9,9,9,10,10,10,10,10,10,10,10,10,10,10,10,10,10,10,10,10,10,10,10,10,8,8,9,10,10,10,10,10,10,10,10,10,7,9,8,7,6,8,7,7,10,9,9
gc,svn,lufa-lib,/trunk/Demos/Device/ClassDriver/RNDISEthernet/Lib/TCP.h,clean,c,IssueTrue,21991,357,1167,1,1,5,1,2,1,4,10,10,10,10,10,10,10,10,10,9,9,9,10,10,10,10,10,10,10,10,10,10,10,10,10,10,10,10,10,10,10,10,10,8,8,9,1,2,2,2,2,5,3,3,2,6,5,4,4,3,5,4,5,7,6,6
gc,svn,lufa-lib,/trunk/Demos/Device/ClassDriver/RNDISEthernet/Lib/UDP.c,clean,c,IssueTrue,21991,357,1167,1,2,6,3,9,8,7,10,10,10,10,10,10,10,10,10,9,9,9,10,10,10,10,10,10,10,10,10,10,10,10,10,10,10,10,10,10,10,10,10,8,8,9,8,7,4,9,7,8,10,8,5,3,8,6,5,4,7,5,5,7,5,4
gc,svn,lufa-lib,/trunk/Demos/Device/ClassDriver/RNDISEthernet/Lib/Webserver.c,buggy,c,IssueTrue,21991,357,1167,1,7,8,7,10,6,10,10,10,10,10,10,10,10,10,10,9,9,9,10,10,10,10,10,10,10,10,10,10,10,10,10,10,10,10,10,10,10,10,10,8,8,9,10,10,9,8,8,9,9,9,7,3,8,10,9,8,5,4,5,10,8,7
gc,svn,lufa-lib,/trunk/Demos/Device/ClassDriver/RNDISEthernet/RNDISEthernet.c,clean,c,IssueTrue,21991,357,1167,1,5,6,5,10,6,8,10,10,10,10,10,10,10,10,10,9,9,9,10,10,10,10,10,10,10,10,10,10,10,10,10,10,10,10,10,10,10,10,10,8,8,9,5,7,6,4,7,9,8,9,7,7,5,6,7,5,7,7,7,9,8,8
gc,svn,lufa-lib,/trunk/Demos/Device/ClassDriver/RNDISEthernet/RNDISEthernet.h,buggy,c,IssueTrue,21991,357,1167,1,1,6,1,2,10,4,10,10,10,10,10,10,10,10,10,9,9,9,10,10,10,10,10,10,10,10,10,10,10,10,10,10,10,10,10,10,10,10,10,8,8,9,1,2,2,2,2,5,3,3,2,5,5,4,4,3,5,4,5,6,5,4
gc,svn,lufa-lib,/trunk/Demos/Device/Incomplete/Sideshow/Descriptors.c,buggy,c,IssueTrue,21991,357,1167,1,8,5,7,9,3,8,10,10,10,10,10,10,10,10,10,9,9,9,10,10,10,10,10,10,10,10,10,10,10,10,10,10,10,10,10,10,10,10,10,8,8,9,10,9,7,10,9,9,7,7,4,5,5,4,4,3,5,4,5,8,6,6
gc,svn,lufa-lib,/trunk/Demos/Device/Incomplete/Sideshow/Descriptors.h,clean,c,IssueTrue,21991,357,1167,1,3,5,4,2,6,4,10,10,10,10,10,10,10,10,10,9,9,9,10,10,10,10,10,10,10,10,10,10,10,10,10,10,10,10,10,10,10,10,10,8,8,9,1,2,2,2,2,5,3,3,2,3,5,4,4,3,5,4,5,5,4,3
gc,svn,lufa-lib,/trunk/Demos/Device/Incomplete/Sideshow/Lib/SideshowApplications.c,clean,c,IssueTrue,21991,357,1167,1,2,4,3,9,7,9,10,10,10,10,10,10,10,10,10,9,9,9,10,10,10,10,10,10,10,10,10,10,10,10,10,10,10,10,10,10,10,10,10,8,8,9,9,7,6,10,8,9,5,6,3,5,5,4,4,3,9,8,8,2,3,2
gc,svn,lufa-lib,/trunk/Demos/Device/Incomplete/Sideshow/Lib/SideshowApplications.h,clean,c,IssueTrue,21991,357,1167,1,2,5,3,2,8,4,10,10,10,10,10,10,10,10,10,9,9,9,10,10,10,10,10,10,10,10,10,10,10,10,10,10,10,10,10,10,10,10,10,8,8,9,1,2,2,2,2,5,3,3,2,3,5,4,4,3,7,5,5,1,1,1
gc,svn,lufa-lib,/trunk/Demos/Device/Incomplete/Sideshow/Lib/SideshowCommands.c,clean,c,IssueTrue,21991,357,1167,1,10,4,10,10,1,8,10,10,10,10,10,10,10,10,10,9,9,9,10,10,10,10,10,10,10,10,10,10,10,10,10,10,10,10,10,10,10,10,10,8,8,9,10,10,10,8,8,10,10,10,10,5,5,7,7,5,7,6,6,8,6,6
gc,svn,lufa-lib,/trunk/Demos/Device/Incomplete/Sideshow/Lib/SideshowCommon.h,clean,c,IssueTrue,21991,357,1167,1,3,5,3,2,7,4,10,10,10,10,10,10,10,10,10,9,9,9,10,10,10,10,10,10,10,10,10,10,10,10,10,10,10,10,10,10,10,10,10,8,8,9,1,2,2,2,2,5,3,3,2,3,5,6,5,4,5,4,5,1,1,1
gc,svn,lufa-lib,/trunk/Demos/Device/Incomplete/Sideshow/Sideshow.c,clean,c,IssueTrue,21991,357,1167,1,6,7,6,10,6,9,10,10,10,10,10,10,10,10,10,9,9,9,10,10,10,10,10,10,10,10,10,10,10,10,10,10,10,10,10,10,10,10,10,8,8,9,8,8,8,3,7,8,7,7,7,8,8,8,8,7,10,10,10,9,9,9
gc,svn,lufa-lib,/trunk/Demos/Device/Incomplete/Sideshow/Sideshow.h,buggy,c,IssueTrue,21991,357,1167,1,1,5,1,2,10,4,10,10,10,10,10,10,10,10,10,9,9,9,10,10,10,10,10,10,10,10,10,10,10,10,10,10,10,10,10,10,10,10,10,8,8,9,1,2,2,2,2,5,3,3,2,6,5,8,8,6,7,6,7,8,7,7
gc,svn,lufa-lib,/trunk/Demos/Device/LowLevel/AudioInput/AudioInput.c,clean,c,IssueTrue,21991,357,1167,1,6,8,7,10,6,9,10,10,10,10,10,10,10,10,10,9,9,9,10,10,10,10,10,10,10,10,10,10,10,10,10,10,10,10,10,10,10,10,10,8,8,9,8,9,8,3,6,9,8,8,8,8,9,8,8,8,10,9,10,7,7,7
gc,svn,lufa-lib,/trunk/Demos/Device/LowLevel/AudioInput/AudioInput.h,clean,c,IssueTrue,21991,357,1167,1,1,6,1,2,10,4,10,10,10,10,10,10,10,10,10,9,9,9,10,10,10,10,10,10,10,10,10,10,10,10,10,10,10,10,10,10,10,10,10,8,8,9,1,2,2,2,2,5,3,3,2,6,5,7,7,6,8,7,8,8,6,6
gc,svn,lufa-lib,/trunk/Demos/Device/LowLevel/AudioInput/Descriptors.c,clean,c,IssueTrue,21991,357,1167,1,9,7,5,9,4,8,10,10,10,10,10,10,10,10,10,9,9,9,10,10,10,10,10,10,10,10,10,10,10,10,10,10,10,10,10,10,10,10,10,8,8,9,10,9,6,10,8,9,7,7,3,6,5,4,4,3,5,4,5,8,7,7
gc,svn,lufa-lib,/trunk/Demos/Device/LowLevel/AudioInput/Descriptors.h,buggy,c,IssueTrue,21991,357,1167,1,7,9,8,2,8,4,10,10,10,10,10,10,10,10,10,9,9,9,10,10,10,10,10,10,10,10,10,10,10,10,10,10,10,10,10,10,10,10,10,8,8,9,1,2,2,2,2,5,3,3,2,7,8,4,4,3,7,6,7,8,8,7
gc,svn,lufa-lib,/trunk/Demos/Device/LowLevel/AudioOutput/AudioOutput.c,clean,c,IssueTrue,21991,357,1167,1,7,8,7,10,6,9,10,10,10,10,10,10,10,10,10,9,9,9,10,10,10,10,10,10,10,10,10,10,10,10,10,10,10,10,10,10,10,10,10,8,8,9,9,10,9,3,6,9,7,7,8,10,9,7,8,8,10,9,10,7,7,9
gc,svn,lufa-lib,/trunk/Demos/Device/LowLevel/AudioOutput/AudioOutput.h,clean,c,IssueTrue,21991,357,1167,1,1,6,1,2,10,4,10,10,10,10,10,10,10,10,10,9,9,9,10,10,10,10,10,10,10,10,10,10,10,10,10,10,10,10,10,10,10,10,10,8,8,9,1,2,2,2,2,5,3,3,2,8,8,6,7,6,10,9,10,5,6,6
gc,svn,lufa-lib,/trunk/Demos/Device/LowLevel/AudioOutput/Descriptors.c,clean,c,IssueTrue,21991,357,1167,1,9,7,5,9,4,8,10,10,10,10,10,10,10,10,10,9,9,9,10,10,10,10,10,10,10,10,10,10,10,10,10,10,10,10,10,10,10,10,10,8,8,9,10,9,6,10,8,9,7,7,3,6,5,4,4,3,5,4,5,8,7,7
gc,svn,lufa-lib,/trunk/Demos/Device/LowLevel/AudioOutput/Descriptors.h,buggy,c,IssueTrue,21991,357,1167,1,7,9,8,2,8,4,10,10,10,10,10,10,10,10,10,9,9,9,10,10,10,10,10,10,10,10,10,10,10,10,10,10,10,10,10,10,10,10,10,8,8,9,1,2,2,2,2,5,3,3,2,7,8,4,4,3,7,6,7,8,8,7
gc,svn,lufa-lib,/trunk/Demos/Device/LowLevel/CDC/CDC.c,clean,c,IssueTrue,21991,357,1167,1,7,8,8,10,6,9,10,10,10,10,10,10,10,10,10,9,9,9,10,10,10,10,10,10,10,10,10,10,10,10,10,10,10,10,10,10,10,10,10,8,8,9,10,10,9,3,6,9,8,8,8,10,10,9,10,10,10,10,10,8,8,9
gc,svn,lufa-lib,/trunk/Demos/Device/LowLevel/DualCDC/DualCDC.c,clean,c,IssueTrue,21991,357,1167,1,8,9,8,10,5,8,10,10,10,10,10,10,10,10,10,9,9,9,10,10,10,10,10,10,10,10,10,10,10,10,10,10,10,10,10,10,10,10,10,8,8,9,9,9,9,4,7,9,9,8,9,9,10,9,10,9,10,10,10,8,7,9
gc,svn,lufa-lib,/trunk/Demos/Device/LowLevel/GenericHID/Descriptors.c,clean,c,IssueTrue,21991,357,1167,1,8,8,6,9,5,8,10,10,10,10,10,10,10,10,10,9,9,9,10,10,10,10,10,10,10,10,10,10,10,10,10,10,10,10,10,10,10,10,10,8,8,9,10,9,6,10,9,9,7,7,3,6,5,4,4,3,5,4,5,4,4,4
gc,svn,lufa-lib,/trunk/Demos/Device/LowLevel/GenericHID/GenericHID.c,clean,c,IssueTrue,21991,357,1167,1,7,9,8,10,6,10,10,10,10,10,10,10,10,10,10,9,9,9,10,10,10,10,10,10,10,10,10,10,10,10,10,10,10,10,10,10,10,10,10,8,8,9,9,10,10,4,6,9,7,7,8,9,9,9,9,9,10,9,10,8,8,8
gc,svn,lufa-lib,/trunk/Demos/Device/LowLevel/GenericHID/GenericHID.h,buggy,c,IssueTrue,21991,357,1167,1,1,6,2,2,10,4,10,10,10,10,10,10,10,10,10,9,9,9,10,10,10,10,10,10,10,10,10,10,10,10,10,10,10,10,10,10,10,10,10,8,8,9,1,2,2,2,2,5,3,3,2,6,5,8,8,6,9,7,8,5,5,5
gc,svn,lufa-lib,/trunk/Demos/Device/LowLevel/Joystick/Descriptors.c,clean,c,IssueTrue,21991,357,1167,1,8,8,6,9,5,8,10,10,10,10,10,10,10,10,10,9,9,9,10,10,10,10,10,10,10,10,10,10,10,10,10,10,10,10,10,10,10,10,10,8,8,9,10,9,6,10,9,9,7,7,3,6,5,4,4,3,5,4,5,3,3,3
gc,svn,lufa-lib,/trunk/Demos/Device/LowLevel/Joystick/Joystick.c,clean,c,IssueTrue,21991,357,1167,1,7,8,8,10,6,9,10,10,10,10,10,10,10,10,10,9,9,9,10,10,10,10,10,10,10,10,10,10,10,10,10,10,10,10,10,10,10,10,10,8,8,9,8,9,9,3,5,9,8,8,8,9,9,8,8,7,10,9,10,8,8,8
gc,svn,lufa-lib,/trunk/Demos/Device/LowLevel/Joystick/Joystick.h,buggy,c,IssueTrue,21991,357,1167,1,1,6,2,2,9,4,10,10,10,10,10,10,10,10,10,9,9,9,10,10,10,10,10,10,10,10,10,10,10,10,10,10,10,10,10,10,10,10,10,8,8,9,1,2,2,2,2,5,3,3,2,5,5,9,8,6,9,8,8,8,5,5
gc,svn,lufa-lib,/trunk/Demos/Device/LowLevel/Keyboard/Descriptors.c,clean,c,IssueTrue,21991,357,1167,1,8,9,6,9,5,8,10,10,10,10,10,10,10,10,10,9,9,9,10,10,10,10,10,10,10,10,10,10,10,10,10,10,10,10,10,10,10,10,10,8,8,9,10,9,6,10,9,9,7,7,3,6,5,4,4,3,5,4,5,4,4,4
gc,svn,lufa-lib,/trunk/Demos/Device/LowLevel/Keyboard/Keyboard.c,buggy,c,IssueTrue,21991,357,1167,1,9,9,9,10,5,10,10,10,10,10,10,10,10,10,10,9,9,9,10,10,10,10,10,10,10,10,10,10,10,10,10,10,10,10,10,10,10,10,10,8,8,9,10,10,10,4,8,10,8,8,9,9,10,8,8,8,10,9,10,7,6,8
gc,svn,lufa-lib,/trunk/Demos/Device/LowLevel/Keyboard/Keyboard.h,buggy,c,IssueTrue,21991,357,1167,1,2,7,3,2,9,4,10,10,10,10,10,10,10,10,10,9,9,9,10,10,10,10,10,10,10,10,10,10,10,10,10,10,10,10,10,10,10,10,10,8,8,9,1,2,2,2,2,5,3,3,2,6,5,8,8,6,9,8,8,7,6,6
gc,svn,lufa-lib,/trunk/Demos/Device/LowLevel/KeyboardMouse/Descriptors.c,clean,c,IssueTrue,21991,357,1167,1,9,9,7,9,5,8,10,10,10,10,10,10,10,10,10,9,9,9,10,10,10,10,10,10,10,10,10,10,10,10,10,10,10,10,10,10,10,10,10,8,8,9,10,9,7,10,9,9,7,7,3,6,5,4,4,3,5,4,5,5,4,5
gc,svn,lufa-lib,/trunk/Demos/Device/LowLevel/KeyboardMouse/KeyboardMouse.c,clean,c,IssueTrue,21991,357,1167,1,8,9,9,10,5,10,10,10,10,10,10,10,10,10,10,9,9,9,10,10,10,10,10,10,10,10,10,10,10,10,10,10,10,10,10,10,10,10,10,8,8,9,10,10,10,4,8,9,9,8,9,8,9,9,8,8,10,9,10,10,9,9
gc,svn,lufa-lib,/trunk/Demos/Device/LowLevel/KeyboardMouse/KeyboardMouse.h,buggy,c,IssueTrue,21991,357,1167,1,2,7,3,2,8,4,10,10,10,10,10,10,10,10,10,9,9,9,10,10,10,10,10,10,10,10,10,10,10,10,10,10,10,10,10,10,10,10,10,8,8,9,1,2,2,2,2,5,3,3,2,6,5,8,8,7,9,8,8,6,5,5
gc,svn,lufa-lib,/trunk/Demos/Device/LowLevel/MIDI/Descriptors.c,clean,c,IssueTrue,21991,357,1167,1,9,7,5,9,3,8,10,10,10,10,10,10,10,10,10,9,9,9,10,10,10,10,10,10,10,10,10,10,10,10,10,10,10,10,10,10,10,10,10,8,8,9,10,9,6,10,8,9,7,7,3,5,5,4,4,3,5,4,5,6,5,5
gc,svn,lufa-lib,/trunk/Demos/Device/LowLevel/MIDI/Descriptors.h,clean,c,IssueTrue,21991,357,1167,1,6,9,7,2,7,4,10,10,10,10,10,10,10,10,10,9,9,9,10,10,10,10,10,10,10,10,10,10,10,10,10,10,10,10,10,10,10,10,10,8,8,9,1,2,2,2,2,5,3,3,2,3,5,4,4,3,5,4,5,9,6,5
gc,svn,lufa-lib,/trunk/Demos/Device/LowLevel/MIDI/MIDI.c,buggy,c,IssueTrue,21991,357,1167,1,7,7,7,10,5,9,10,10,10,10,10,10,10,10,10,9,9,9,10,10,10,10,10,10,10,10,10,10,10,10,10,10,10,10,10,10,10,10,10,8,8,9,10,10,9,3,4,8,8,8,7,9,10,9,9,9,10,9,10,6,6,7
gc,svn,lufa-lib,/trunk/Demos/Device/LowLevel/MIDI/MIDI.h,buggy,c,IssueTrue,21991,357,1167,1,1,7,2,2,9,4,10,10,10,10,10,10,10,10,10,9,9,9,10,10,10,10,10,10,10,10,10,10,10,10,10,10,10,10,10,10,10,10,10,8,8,9,1,2,2,2,2,5,3,3,2,7,8,8,8,7,8,7,8,7,6,7
gc,svn,lufa-lib,/trunk/Demos/Device/LowLevel/MassStorage/Descriptors.c,clean,c,IssueTrue,21991,357,1167,1,7,8,5,9,5,8,10,10,10,10,10,10,10,10,10,9,9,9,10,10,10,10,10,10,10,10,10,10,10,10,10,10,10,10,10,10,10,10,10,8,8,9,10,9,6,10,8,9,7,7,3,7,5,7,8,6,9,8,8,3,4,4
gc,svn,lufa-lib,/trunk/Demos/Device/LowLevel/MassStorage/Descriptors.h,clean,c,IssueTrue,21991,357,1167,1,1,6,1,2,10,4,10,10,10,10,10,10,10,10,10,9,9,9,10,10,10,10,10,10,10,10,10,10,10,10,10,10,10,10,10,10,10,10,10,8,8,9,1,2,2,2,2,5,3,3,2,5,5,8,6,5,5,4,5,1,1,1
gc,svn,lufa-lib,/trunk/Demos/Device/LowLevel/MassStorage/Lib/DataflashManager.c,clean,c,IssueTrue,21991,357,1167,1,9,9,10,10,5,10,10,10,10,10,10,10,10,10,10,9,9,9,10,10,10,10,10,10,10,10,10,10,10,10,10,10,10,10,10,10,10,10,10,8,8,9,10,10,10,5,5,9,9,8,8,8,10,9,8,8,9,8,9,9,8,9
gc,svn,lufa-lib,/trunk/Demos/Device/LowLevel/MassStorage/Lib/SCSI.c,clean,c,IssueTrue,21991,357,1167,1,8,9,9,10,5,8,10,10,10,10,10,10,10,10,10,9,9,9,10,10,10,10,10,10,10,10,10,10,10,10,10,10,10,10,10,10,10,10,10,8,8,9,10,10,9,7,6,10,10,10,9,3,5,4,4,3,5,4,5,3,3,2
gc,svn,lufa-lib,/trunk/Demos/Device/LowLevel/MassStorage/Lib/SCSI.h,buggy,c,IssueTrue,21991,357,1167,1,4,7,6,2,7,4,10,10,10,10,10,10,10,10,10,9,9,9,10,10,10,10,10,10,10,10,10,10,10,10,10,10,10,10,10,10,10,10,10,8,8,9,1,2,2,2,2,5,3,3,2,5,8,4,4,3,5,4,5,6,4,4
gc,svn,lufa-lib,/trunk/Demos/Device/LowLevel/MassStorage/MassStorage.c,clean,c,IssueTrue,21991,357,1167,1,8,9,9,10,5,10,10,10,10,10,10,10,10,10,10,9,9,9,10,10,10,10,10,10,10,10,10,10,10,10,10,10,10,10,10,10,10,10,10,8,8,9,10,10,10,6,8,10,8,8,9,9,10,8,9,8,10,9,10,9,9,9
gc,svn,lufa-lib,/trunk/Demos/Device/LowLevel/MassStorage/MassStorage.h,buggy,c,IssueTrue,21991,357,1167,1,3,8,4,2,8,4,10,10,10,10,10,10,10,10,10,9,9,9,10,10,10,10,10,10,10,10,10,10,10,10,10,10,10,10,10,10,10,10,10,8,8,9,1,2,2,2,2,5,3,3,2,6,8,8,8,7,9,8,8,6,5,5
gc,svn,lufa-lib,/trunk/Demos/Device/LowLevel/Mouse/Descriptors.c,clean,c,IssueTrue,21991,357,1167,1,8,8,6,9,5,8,10,10,10,10,10,10,10,10,10,9,9,9,10,10,10,10,10,10,10,10,10,10,10,10,10,10,10,10,10,10,10,10,10,8,8,9,10,9,6,10,9,9,7,7,3,7,5,4,4,3,5,4,5,3,3,4
gc,svn,lufa-lib,/trunk/Demos/Device/LowLevel/Mouse/Mouse.c,buggy,c,IssueTrue,21991,357,1167,1,8,9,9,10,5,9,10,10,10,10,10,10,10,10,10,9,9,9,10,10,10,10,10,10,10,10,10,10,10,10,10,10,10,10,10,10,10,10,10,8,8,9,9,10,10,5,7,9,8,8,9,9,10,7,8,7,10,9,10,7,6,8
gc,svn,lufa-lib,/trunk/Demos/Device/LowLevel/Mouse/Mouse.h,buggy,c,IssueTrue,21991,357,1167,1,2,7,2,2,9,4,10,10,10,10,10,10,10,10,10,9,9,9,10,10,10,10,10,10,10,10,10,10,10,10,10,10,10,10,10,10,10,10,10,8,8,9,1,2,2,2,2,5,3,3,2,6,5,8,8,6,9,8,8,6,5,5
gc,svn,lufa-lib,/trunk/Demos/Device/LowLevel/RNDISEthernet/Descriptors.c,clean,c,IssueTrue,21991,357,1167,1,8,7,6,9,4,8,10,10,10,10,10,10,10,10,10,9,9,9,10,10,10,10,10,10,10,10,10,10,10,10,10,10,10,10,10,10,10,10,10,8,8,9,10,9,6,10,8,9,7,7,3,5,5,4,4,3,5,4,5,5,4,4
gc,svn,lufa-lib,/trunk/Demos/Device/LowLevel/RNDISEthernet/Descriptors.h,clean,c,IssueTrue,21991,357,1167,1,2,7,4,2,9,4,10,10,10,10,10,10,10,10,10,9,9,9,10,10,10,10,10,10,10,10,10,10,10,10,10,10,10,10,10,10,10,10,10,8,8,9,1,2,2,2,2,5,3,3,2,3,5,4,4,3,5,4,5,3,3,2
gc,svn,lufa-lib,/trunk/Demos/Device/LowLevel/RNDISEthernet/Lib/ARP.c,clean,c,IssueTrue,21991,357,1167,1,3,7,3,9,8,8,10,10,10,10,10,10,10,10,10,9,9,9,10,10,10,10,10,10,10,10,10,10,10,10,10,10,10,10,10,10,10,10,10,8,8,9,8,7,4,10,9,9,10,10,6,3,5,4,4,3,5,4,5,5,4,3
gc,svn,lufa-lib,/trunk/Demos/Device/LowLevel/RNDISEthernet/Lib/ARP.h,clean,c,IssueTrue,21991,357,1167,1,1,6,2,2,9,4,10,10,10,10,10,10,10,10,10,9,9,9,10,10,10,10,10,10,10,10,10,10,10,10,10,10,10,10,10,10,10,10,10,8,8,9,1,2,2,2,2,5,3,3,2,3,5,4,4,3,8,6,6,3,3,2
gc,svn,lufa-lib,/trunk/Demos/Device/LowLevel/RNDISEthernet/Lib/DHCP.c,clean,c,IssueTrue,21991,357,1167,1,5,7,6,9,6,9,10,10,10,10,10,10,10,10,10,9,9,9,10,10,10,10,10,10,10,10,10,10,10,10,10,10,10,10,10,10,10,10,10,8,8,9,10,8,5,10,9,9,10,10,7,3,5,4,4,3,5,4,5,6,4,3
gc,svn,lufa-lib,/trunk/Demos/Device/LowLevel/RNDISEthernet/Lib/Ethernet.c,clean,c,IssueTrue,21991,357,1167,1,5,7,5,9,7,8,10,10,10,10,10,10,10,10,10,9,9,9,10,10,10,10,10,10,10,10,10,10,10,10,10,10,10,10,10,10,10,10,10,8,8,9,9,8,6,9,8,9,10,9,6,3,5,4,4,3,5,4,5,5,4,3
gc,svn,lufa-lib,/trunk/Demos/Device/LowLevel/RNDISEthernet/Lib/Ethernet.h,clean,c,IssueTrue,21991,357,1167,1,3,7,3,2,8,4,10,10,10,10,10,10,10,10,10,9,9,9,10,10,10,10,10,10,10,10,10,10,10,10,10,10,10,10,10,10,10,10,10,8,8,9,1,2,2,2,2,5,3,3,2,5,8,6,6,4,5,4,5,3,4,3
gc,svn,lufa-lib,/trunk/Demos/Device/LowLevel/RNDISEthernet/Lib/ICMP.c,clean,c,IssueTrue,21991,357,1167,1,2,6,3,9,8,7,10,10,10,10,10,10,10,10,10,9,9,9,10,10,10,10,10,10,10,10,10,10,10,10,10,10,10,10,10,10,10,10,10,8,8,9,6,6,3,10,8,9,10,9,5,3,5,4,4,3,5,4,5,5,4,3
gc,svn,lufa-lib,/trunk/Demos/Device/LowLevel/RNDISEthernet/Lib/IP.c,clean,c,IssueTrue,21991,357,1167,1,4,7,5,9,6,7,10,10,10,10,10,10,10,10,10,9,9,9,10,10,10,10,10,10,10,10,10,10,10,10,10,10,10,10,10,10,10,10,10,8,8,9,10,8,5,10,8,9,10,10,7,3,5,4,4,3,5,4,5,5,4,3
gc,svn,lufa-lib,/trunk/Demos/Device/LowLevel/RNDISEthernet/Lib/IP.h,clean,c,IssueTrue,21991,357,1167,1,2,7,3,2,9,4,10,10,10,10,10,10,10,10,10,9,9,9,10,10,10,10,10,10,10,10,10,10,10,10,10,10,10,10,10,10,10,10,10,8,8,9,1,2,2,2,2,5,3,3,2,3,5,4,4,3,5,4,5,5,4,3
gc,svn,lufa-lib,/trunk/Demos/Device/LowLevel/RNDISEthernet/Lib/ProtocolDecoders.c,clean,c,IssueTrue,21991,357,1167,1,8,8,8,10,5,9,10,10,10,10,10,10,10,10,10,9,9,9,10,10,10,10,10,10,10,10,10,10,10,10,10,10,10,10,10,10,10,10,10,8,8,9,8,9,8,10,9,10,8,7,8,5,8,4,4,3,6,5,5,7,6,5
gc,svn,lufa-lib,/trunk/Demos/Device/LowLevel/RNDISEthernet/Lib/RNDIS.c,clean,c,IssueTrue,21991,357,1167,1,9,9,9,10,4,8,10,10,10,10,10,10,10,10,10,9,9,9,10,10,10,10,10,10,10,10,10,10,10,10,10,10,10,10,10,10,10,10,10,8,8,9,10,10,9,10,9,10,10,10,9,6,5,4,4,3,5,4,5,9,9,8
gc,svn,lufa-lib,/trunk/Demos/Device/LowLevel/RNDISEthernet/Lib/RNDIS.h,clean,c,IssueTrue,21991,357,1167,1,8,7,8,2,5,4,10,10,10,10,10,10,10,10,10,9,9,9,10,10,10,10,10,10,10,10,10,10,10,10,10,10,10,10,10,10,10,10,10,8,8,9,1,2,2,2,2,5,3,3,2,5,8,4,4,3,7,6,6,8,7,6
gc,svn,lufa-lib,/trunk/Demos/Device/LowLevel/RNDISEthernet/Lib/TCP.c,clean,c,IssueTrue,21991,357,1167,1,10,9,10,10,4,10,10,10,10,10,10,10,10,10,10,9,9,9,10,10,10,10,10,10,10,10,10,10,10,10,10,10,10,10,10,10,10,10,10,8,8,9,10,10,10,10,10,10,10,10,10,8,9,7,7,6,7,7,7,9,9,9
gc,svn,lufa-lib,/trunk/Demos/Device/LowLevel/RNDISEthernet/Lib/TCP.h,clean,c,IssueTrue,21991,357,1167,1,6,9,6,2,8,4,10,10,10,10,10,10,10,10,10,9,9,9,10,10,10,10,10,10,10,10,10,10,10,10,10,10,10,10,10,10,10,10,10,8,8,9,1,2,2,2,2,5,3,3,2,7,5,4,5,4,7,7,7,6,6,6
gc,svn,lufa-lib,/trunk/Demos/Device/LowLevel/RNDISEthernet/Lib/UDP.c,clean,c,IssueTrue,21991,357,1167,1,2,6,3,9,8,7,10,10,10,10,10,10,10,10,10,9,9,9,10,10,10,10,10,10,10,10,10,10,10,10,10,10,10,10,10,10,10,10,10,8,8,9,8,7,4,9,7,8,10,8,5,5,8,6,5,4,6,5,5,7,5,5
gc,svn,lufa-lib,/trunk/Demos/Device/LowLevel/RNDISEthernet/Lib/UDP.h,clean,c,IssueTrue,21991,357,1167,1,1,6,1,2,10,4,10,10,10,10,10,10,10,10,10,9,9,9,10,10,10,10,10,10,10,10,10,10,10,10,10,10,10,10,10,10,10,10,10,8,8,9,1,2,2,2,2,5,3,3,2,3,8,8,6,5,5,4,5,3,3,2
gc,svn,lufa-lib,/trunk/Demos/Device/LowLevel/RNDISEthernet/Lib/Webserver.c,buggy,c,IssueTrue,21991,357,1167,1,7,8,7,10,6,10,10,10,10,10,10,10,10,10,10,9,9,9,10,10,10,10,10,10,10,10,10,10,10,10,10,10,10,10,10,10,10,10,10,8,8,9,10,10,9,8,8,9,9,9,7,5,8,10,9,8,5,4,5,10,8,8
gc,svn,lufa-lib,/trunk/Demos/Device/LowLevel/RNDISEthernet/RNDISEthernet.c,clean,c,IssueTrue,21991,357,1167,1,8,9,9,10,6,10,10,10,10,10,10,10,10,10,10,9,9,9,10,10,10,10,10,10,10,10,10,10,10,10,10,10,10,10,10,10,10,10,10,8,8,9,10,10,9,6,9,10,9,9,9,9,9,9,9,8,10,10,10,6,6,7
gc,svn,lufa-lib,/trunk/Demos/Device/LowLevel/RNDISEthernet/RNDISEthernet.h,buggy,c,IssueTrue,21991,357,1167,1,2,7,3,2,9,4,10,10,10,10,10,10,10,10,10,9,9,9,10,10,10,10,10,10,10,10,10,10,10,10,10,10,10,10,10,10,10,10,10,8,8,9,1,2,2,2,2,5,3,3,2,5,5,9,8,7,10,8,8,8,5,5
gc,svn,lufa-lib,/trunk/Demos/Device/LowLevel/USBtoSerial/USBtoSerial.c,clean,c,IssueTrue,21991,357,1167,1,8,9,8,10,5,8,10,10,10,10,10,10,10,10,10,9,9,9,10,10,10,10,10,10,10,10,10,10,10,10,10,10,10,10,10,10,10,10,10,8,8,9,9,9,9,6,7,10,9,9,9,10,10,9,9,9,10,10,10,9,9,10
gc,svn,lufa-lib,/trunk/Demos/Host/ClassDriver/CDCHost/CDCHost.c,clean,c,IssueTrue,21991,357,1167,1,7,7,7,10,5,10,10,10,10,10,10,10,10,10,10,9,9,9,10,10,10,10,10,10,10,10,10,10,10,10,10,10,10,10,10,10,10,10,10,8,8,9,7,9,8,2,4,8,9,10,8,10,9,8,9,9,9,10,10,4,6,8
gc,svn,lufa-lib,/trunk/Demos/Host/ClassDriver/KeyboardHost/KeyboardHost.h,clean,c,IssueTrue,21991,357,1167,1,1,6,2,2,9,4,10,10,10,10,10,10,10,10,10,9,9,9,10,10,10,10,10,10,10,10,10,10,10,10,10,10,10,10,10,10,10,10,10,8,8,9,1,2,2,2,2,5,3,3,2,3,5,4,4,3,7,5,5,5,4,3
gc,svn,lufa-lib,/trunk/Demos/Host/ClassDriver/KeyboardHostWithParser/KeyboardHostWithParser.h,clean,c,IssueTrue,21991,357,1167,1,1,5,2,2,10,4,10,10,10,10,10,10,10,10,10,9,9,9,10,10,10,10,10,10,10,10,10,10,10,10,10,10,10,10,10,10,10,10,10,8,8,9,1,2,2,2,2,5,3,3,2,3,5,6,5,4,8,6,6,1,1,1
gc,svn,lufa-lib,/trunk/Demos/Host/ClassDriver/MassStorageHost/MassStorageHost.c,clean,c,IssueTrue,21991,357,1167,1,9,7,9,10,4,10,10,10,10,10,10,10,10,10,10,9,9,9,10,10,10,10,10,10,10,10,10,10,10,10,10,10,10,10,10,10,10,10,10,8,8,9,9,10,9,4,7,9,9,10,9,9,9,10,10,10,10,10,10,6,8,8
gc,svn,lufa-lib,/trunk/Demos/Host/ClassDriver/MassStorageHost/MassStorageHost.h,buggy,c,IssueTrue,21991,357,1167,1,1,6,1,2,10,4,10,10,10,10,10,10,10,10,10,9,9,9,10,10,10,10,10,10,10,10,10,10,10,10,10,10,10,10,10,10,10,10,10,8,8,9,1,2,2,2,2,5,3,3,2,6,5,5,5,4,8,7,8,9,8,7
gc,svn,lufa-lib,/trunk/Demos/Host/ClassDriver/MouseHost/MouseHost.c,clean,c,IssueTrue,21991,357,1167,1,7,7,7,10,5,9,10,10,10,10,10,10,10,10,10,9,9,9,10,10,10,10,10,10,10,10,10,10,10,10,10,10,10,10,10,10,10,10,10,8,8,9,7,9,8,3,4,8,9,9,8,10,8,9,10,9,10,10,10,6,6,8
gc,svn,lufa-lib,/trunk/Demos/Host/ClassDriver/MouseHost/MouseHost.h,clean,c,IssueTrue,21991,357,1167,1,1,6,1,2,10,4,10,10,10,10,10,10,10,10,10,9,9,9,10,10,10,10,10,10,10,10,10,10,10,10,10,10,10,10,10,10,10,10,10,8,8,9,1,2,2,2,2,5,3,3,2,7,5,5,5,4,9,8,9,5,5,5
gc,svn,lufa-lib,/trunk/Demos/Host/ClassDriver/MouseHostWithParser/MouseHostWithParser.h,clean,c,IssueTrue,21991,357,1167,1,1,5,2,2,10,4,10,10,10,10,10,10,10,10,10,9,9,9,10,10,10,10,10,10,10,10,10,10,10,10,10,10,10,10,10,10,10,10,10,8,8,9,1,2,2,2,2,5,3,3,2,3,5,6,5,4,8,6,6,1,1,1
gc,svn,lufa-lib,/trunk/Demos/Host/ClassDriver/StillImageHost/StillImageHost.c,clean,c,IssueTrue,21991,357,1167,1,7,7,8,10,4,9,10,10,10,10,10,10,10,10,10,9,9,9,10,10,10,10,10,10,10,10,10,10,10,10,10,10,10,10,10,10,10,10,10,8,8,9,7,9,8,3,4,8,9,10,9,8,5,10,10,9,10,10,10,7,8,7
gc,svn,lufa-lib,/trunk/Demos/Host/ClassDriver/StillImageHost/StillImageHost.h,clean,c,IssueTrue,21991,357,1167,1,1,6,1,2,10,4,10,10,10,10,10,10,10,10,10,9,9,9,10,10,10,10,10,10,10,10,10,10,10,10,10,10,10,10,10,10,10,10,10,8,8,9,1,2,2,2,2,5,3,3,2,5,5,6,5,5,9,8,8,6,6,5
gc,svn,lufa-lib,/trunk/Demos/Host/Incomplete/BluetoothHost/BluetoothHost.c,clean,c,IssueTrue,21991,357,1167,1,7,6,8,10,4,9,10,10,10,10,10,10,10,10,10,9,9,9,10,10,10,10,10,10,10,10,10,10,10,10,10,10,10,10,10,10,10,10,10,8,8,9,6,9,8,2,4,8,9,8,9,9,8,4,5,4,8,8,9,7,8,8
gc,svn,lufa-lib,/trunk/Demos/Host/Incomplete/BluetoothHost/BluetoothHost.h,clean,c,IssueTrue,21991,357,1167,1,1,5,2,2,10,4,10,10,10,10,10,10,10,10,10,9,9,9,10,10,10,10,10,10,10,10,10,10,10,10,10,10,10,10,10,10,10,10,10,8,8,9,1,2,2,2,2,5,3,3,2,5,5,4,4,3,9,8,8,6,5,5
gc,svn,lufa-lib,/trunk/Demos/Host/Incomplete/BluetoothHost/ConfigDescriptor.c,buggy,c,IssueTrue,21991,357,1167,1,6,6,5,9,5,9,10,10,10,10,10,10,10,10,10,9,9,9,10,10,10,10,10,10,10,10,10,10,10,10,10,10,10,10,10,10,10,10,10,8,8,9,10,9,7,7,6,8,8,8,5,7,5,7,7,6,9,8,8,6,6,6
gc,svn,lufa-lib,/trunk/Demos/Host/Incomplete/BluetoothHost/DeviceDescriptor.c,clean,c,IssueTrue,21991,357,1167,1,2,5,2,9,8,7,10,10,10,10,10,10,10,10,10,9,9,9,10,10,10,10,10,10,10,10,10,10,10,10,10,10,10,10,10,10,10,10,10,8,8,9,9,7,4,10,7,8,6,6,3,5,8,5,5,4,9,8,8,4,4,3
gc,svn,lufa-lib,/trunk/Demos/Host/Incomplete/BluetoothHost/Lib/BluetoothACLPackets.c,clean,c,IssueTrue,21991,357,1167,1,8,4,9,10,3,8,10,10,10,10,10,10,10,10,10,9,9,9,10,10,10,10,10,10,10,10,10,10,10,10,10,10,10,10,10,10,10,10,10,8,8,9,9,9,7,10,8,10,10,10,10,3,8,4,4,3,5,4,5,3,3,2
gc,svn,lufa-lib,/trunk/Demos/Host/Incomplete/BluetoothHost/Lib/BluetoothHCICommands.c,buggy,c,IssueTrue,21991,357,1167,1,10,4,10,10,1,10,10,10,10,10,10,10,10,10,10,9,9,9,10,10,10,10,10,10,10,10,10,10,10,10,10,10,10,10,10,10,10,10,10,8,8,9,10,10,10,10,10,10,10,10,9,5,8,10,9,8,5,4,5,7,6,5
gc,svn,lufa-lib,/trunk/Demos/Host/Incomplete/BluetoothHost/Lib/BluetoothStack.c,clean,c,IssueTrue,21991,357,1167,1,4,4,5,10,5,8,10,10,10,10,10,10,10,10,10,9,9,9,10,10,10,10,10,10,10,10,10,10,10,10,10,10,10,10,10,10,10,10,10,8,8,9,8,7,6,9,8,9,7,7,5,3,8,4,4,3,5,4,5,3,3,2
gc,svn,lufa-lib,/trunk/Demos/Host/Incomplete/BluetoothHost/Lib/BluetoothStack.h,clean,c,IssueTrue,21991,357,1167,1,3,5,4,2,6,4,10,10,10,10,10,10,10,10,10,9,9,9,10,10,10,10,10,10,10,10,10,10,10,10,10,10,10,10,10,10,10,10,10,8,8,9,1,2,2,2,2,5,3,3,2,3,8,4,4,3,5,4,5,3,3,2
gc,svn,lufa-lib,/trunk/Demos/Host/LowLevel/CDCHost/CDCHost.c,buggy,c,IssueTrue,21991,357,1167,1,7,8,8,10,5,10,10,10,10,10,10,10,10,10,10,9,9,9,10,10,10,10,10,10,10,10,10,10,10,10,10,10,10,10,10,10,10,10,10,8,8,9,7,9,8,2,4,8,9,10,9,9,9,7,8,7,9,9,9,6,7,7
gc,svn,lufa-lib,/trunk/Demos/Host/LowLevel/CDCHost/CDCHost.h,clean,c,IssueTrue,21991,357,1167,1,3,7,4,2,8,4,10,10,10,10,10,10,10,10,10,9,9,9,10,10,10,10,10,10,10,10,10,10,10,10,10,10,10,10,10,10,10,10,10,8,8,9,1,2,2,2,2,5,3,3,2,6,5,10,9,8,7,6,7,9,8,7
gc,svn,lufa-lib,/trunk/Demos/Host/LowLevel/CDCHost/ConfigDescriptor.c,buggy,c,IssueTrue,21991,357,1167,1,8,8,7,10,6,10,10,10,10,10,10,10,10,10,10,9,9,9,10,10,10,10,10,10,10,10,10,10,10,10,10,10,10,10,10,10,10,10,10,8,8,9,10,10,9,9,7,9,6,8,6,7,5,6,7,5,9,8,8,7,7,6
gc,svn,lufa-lib,/trunk/Demos/Host/LowLevel/GenericHIDHost/ConfigDescriptor.c,buggy,c,IssueTrue,21991,357,1167,1,6,8,5,10,7,9,10,10,10,10,10,10,10,10,10,9,9,9,10,10,10,10,10,10,10,10,10,10,10,10,10,10,10,10,10,10,10,10,10,8,8,9,10,9,8,6,5,8,6,7,4,7,5,6,7,5,8,8,8,6,7,6
gc,svn,lufa-lib,/trunk/Demos/Host/LowLevel/GenericHIDHost/GenericHIDHost.c,clean,c,IssueTrue,21991,357,1167,1,8,8,8,10,5,9,10,10,10,10,10,10,10,10,10,9,9,9,10,10,10,10,10,10,10,10,10,10,10,10,10,10,10,10,10,10,10,10,10,8,8,9,7,8,8,3,6,9,9,9,9,9,9,7,8,7,9,9,9,7,7,8
gc,svn,lufa-lib,/trunk/Demos/Host/LowLevel/GenericHIDHost/GenericHIDHost.h,buggy,c,IssueTrue,21991,357,1167,1,1,6,2,2,10,4,10,10,10,10,10,10,10,10,10,9,9,9,10,10,10,10,10,10,10,10,10,10,10,10,10,10,10,10,10,10,10,10,10,8,8,9,1,2,2,2,2,5,3,3,2,3,5,4,4,3,5,4,5,8,5,4
gc,svn,lufa-lib,/trunk/Demos/Host/LowLevel/KeyboardHost/ConfigDescriptor.c,buggy,c,IssueTrue,21991,357,1167,1,5,8,5,10,7,8,10,10,10,10,10,10,10,10,10,9,9,9,10,10,10,10,10,10,10,10,10,10,10,10,10,10,10,10,10,10,10,10,10,8,8,9,9,8,7,7,6,9,6,7,4,6,5,6,7,5,9,8,8,7,7,6
gc,svn,lufa-lib,/trunk/Demos/Host/LowLevel/KeyboardHost/KeyboardHost.c,clean,c,IssueTrue,21991,357,1167,1,8,8,8,10,5,9,10,10,10,10,10,10,10,10,10,9,9,9,10,10,10,10,10,10,10,10,10,10,10,10,10,10,10,10,10,10,10,10,10,8,8,9,8,9,9,3,5,8,9,9,9,9,9,7,8,7,9,9,9,7,8,8
gc,svn,lufa-lib,/trunk/Demos/Host/LowLevel/KeyboardHost/KeyboardHost.h,buggy,c,IssueTrue,21991,357,1167,1,2,6,2,2,9,4,10,10,10,10,10,10,10,10,10,9,9,9,10,10,10,10,10,10,10,10,10,10,10,10,10,10,10,10,10,10,10,10,10,8,8,9,1,2,2,2,2,5,3,3,2,5,5,5,5,4,5,4,5,6,5,4
gc,svn,lufa-lib,/trunk/Demos/Host/LowLevel/KeyboardHostWithParser/ConfigDescriptor.c,buggy,c,IssueTrue,21991,357,1167,1,6,8,5,10,7,8,10,10,10,10,10,10,10,10,10,9,9,9,10,10,10,10,10,10,10,10,10,10,10,10,10,10,10,10,10,10,10,10,10,8,8,9,9,9,8,10,10,10,6,7,5,6,5,6,7,5,9,8,8,7,7,6
gc,svn,lufa-lib,/trunk/Demos/Host/LowLevel/KeyboardHostWithParser/HIDReport.h,clean,c,IssueTrue,21991,357,1167,1,2,7,2,2,8,4,10,10,10,10,10,10,10,10,10,9,9,9,10,10,10,10,10,10,10,10,10,10,10,10,10,10,10,10,10,10,10,10,10,8,8,9,1,2,2,2,2,5,3,3,2,3,5,6,5,4,5,4,5,1,1,1
gc,svn,lufa-lib,/trunk/Demos/Host/LowLevel/KeyboardHostWithParser/KeyboardHostWithParser.c,buggy,c,IssueTrue,21991,357,1167,1,8,8,9,10,5,10,10,10,10,10,10,10,10,10,10,9,9,9,10,10,10,10,10,10,10,10,10,10,10,10,10,10,10,10,10,10,10,10,10,8,8,9,8,9,9,6,9,10,9,10,9,10,9,7,8,8,9,9,9,7,8,9
gc,svn,lufa-lib,/trunk/Demos/Host/LowLevel/KeyboardHostWithParser/KeyboardHostWithParser.h,buggy,c,IssueTrue,21991,357,1167,1,1,5,2,2,10,4,10,10,10,10,10,10,10,10,10,9,9,9,10,10,10,10,10,10,10,10,10,10,10,10,10,10,10,10,10,10,10,10,10,8,8,9,1,2,2,2,2,5,3,3,2,3,5,4,4,3,5,4,5,8,5,4
gc,svn,lufa-lib,/trunk/Demos/Host/LowLevel/MassStorageHost/ConfigDescriptor.c,buggy,c,IssueTrue,21991,357,1167,1,6,8,5,10,6,8,10,10,10,10,10,10,10,10,10,9,9,9,10,10,10,10,10,10,10,10,10,10,10,10,10,10,10,10,10,10,10,10,10,8,8,9,10,9,8,7,7,9,6,7,4,6,5,6,7,5,9,8,8,7,7,6
gc,svn,lufa-lib,/trunk/Demos/Host/LowLevel/MassStorageHost/Lib/MassStoreCommands.c,buggy,c,IssueTrue,21991,357,1167,1,10,10,10,10,5,9,10,10,10,10,10,10,10,10,10,9,9,9,10,10,10,10,10,10,10,10,10,10,10,10,10,10,10,10,10,10,10,10,10,8,8,9,9,9,10,9,9,10,9,9,10,9,10,10,10,10,10,10,10,10,10,10
gc,svn,lufa-lib,/trunk/Demos/Host/LowLevel/MassStorageHost/Lib/MassStoreCommands.h,buggy,c,IssueTrue,21991,357,1167,1,7,8,7,2,6,4,10,10,10,10,10,10,10,10,10,9,9,9,10,10,10,10,10,10,10,10,10,10,10,10,10,10,10,10,10,10,10,10,10,8,8,9,1,2,2,2,2,5,3,3,2,7,8,9,9,8,8,7,7,8,9,8
gc,svn,lufa-lib,/trunk/Demos/Host/LowLevel/MassStorageHost/MassStorageHost.c,clean,c,IssueTrue,21991,357,1167,1,9,9,9,10,5,9,10,10,10,10,10,10,10,10,10,9,9,9,10,10,10,10,10,10,10,10,10,10,10,10,10,10,10,10,10,10,10,10,10,8,8,9,9,10,9,3,7,9,9,10,9,10,10,8,8,9,9,9,10,8,9,9
gc,svn,lufa-lib,/trunk/Demos/Host/LowLevel/MassStorageHost/MassStorageHost.h,buggy,c,IssueTrue,21991,357,1167,1,1,6,2,2,10,4,10,10,10,10,10,10,10,10,10,9,9,9,10,10,10,10,10,10,10,10,10,10,10,10,10,10,10,10,10,10,10,10,10,8,8,9,1,2,2,2,2,5,3,3,2,7,9,4,5,4,5,4,5,6,6,6
gc,svn,lufa-lib,/trunk/Demos/Host/LowLevel/MouseHost/ConfigDescriptor.c,buggy,c,IssueTrue,21991,357,1167,1,5,8,5,10,7,8,10,10,10,10,10,10,10,10,10,9,9,9,10,10,10,10,10,10,10,10,10,10,10,10,10,10,10,10,10,10,10,10,10,8,8,9,9,8,7,7,6,9,6,7,4,6,5,6,7,5,9,8,8,7,7,6
gc,svn,lufa-lib,/trunk/Demos/Host/LowLevel/MouseHost/MouseHost.c,clean,c,IssueTrue,21991,357,1167,1,8,8,8,10,5,9,10,10,10,10,10,10,10,10,10,9,9,9,10,10,10,10,10,10,10,10,10,10,10,10,10,10,10,10,10,10,10,10,10,8,8,9,8,9,9,3,6,9,9,9,9,9,9,7,8,7,9,9,9,8,8,9
gc,svn,lufa-lib,/trunk/Demos/Host/LowLevel/MouseHost/MouseHost.h,buggy,c,IssueTrue,21991,357,1167,1,2,6,2,2,9,4,10,10,10,10,10,10,10,10,10,9,9,9,10,10,10,10,10,10,10,10,10,10,10,10,10,10,10,10,10,10,10,10,10,8,8,9,1,2,2,2,2,5,3,3,2,3,5,4,4,3,5,4,5,8,5,4
gc,svn,lufa-lib,/trunk/Demos/Host/LowLevel/MouseHostWithParser/ConfigDescriptor.c,buggy,c,IssueTrue,21991,357,1167,1,6,8,5,10,7,8,10,10,10,10,10,10,10,10,10,9,9,9,10,10,10,10,10,10,10,10,10,10,10,10,10,10,10,10,10,10,10,10,10,8,8,9,9,9,8,7,6,9,5,7,5,6,5,6,7,5,9,8,8,8,7,6
gc,svn,lufa-lib,/trunk/Demos/Host/LowLevel/MouseHostWithParser/HIDReport.h,clean,c,IssueTrue,21991,357,1167,1,2,7,2,2,8,4,10,10,10,10,10,10,10,10,10,9,9,9,10,10,10,10,10,10,10,10,10,10,10,10,10,10,10,10,10,10,10,10,10,8,8,9,1,2,2,2,2,5,3,3,2,3,5,6,5,4,5,4,5,1,1,1
gc,svn,lufa-lib,/trunk/Demos/Host/LowLevel/MouseHostWithParser/MouseHostWithParser.c,buggy,c,IssueTrue,21991,357,1167,1,8,8,9,10,5,10,10,10,10,10,10,10,10,10,10,9,9,9,10,10,10,10,10,10,10,10,10,10,10,10,10,10,10,10,10,10,10,10,10,8,8,9,9,10,9,6,9,10,9,10,9,10,10,7,8,8,9,9,9,7,8,9
gc,svn,lufa-lib,/trunk/Demos/Host/LowLevel/MouseHostWithParser/MouseHostWithParser.h,buggy,c,IssueTrue,21991,357,1167,1,1,5,2,2,10,4,10,10,10,10,10,10,10,10,10,9,9,9,10,10,10,10,10,10,10,10,10,10,10,10,10,10,10,10,10,10,10,10,10,8,8,9,1,2,2,2,2,5,3,3,2,5,5,5,5,4,6,5,5,6,5,4
gc,svn,lufa-lib,/trunk/Demos/Host/LowLevel/PrinterHost/ConfigDescriptor.c,buggy,c,IssueTrue,21991,357,1167,1,6,6,6,10,5,8,10,10,10,10,10,10,10,10,10,9,9,9,10,10,10,10,10,10,10,10,10,10,10,10,10,10,10,10,10,10,10,10,10,8,8,9,10,9,8,8,7,9,7,8,5,3,5,4,4,3,5,4,5,6,4,3
gc,svn,lufa-lib,/trunk/Demos/Host/LowLevel/PrinterHost/Lib/PrinterCommands.c,buggy,c,IssueTrue,21991,357,1167,1,6,7,5,10,6,8,10,10,10,10,10,10,10,10,10,9,9,9,10,10,10,10,10,10,10,10,10,10,10,10,10,10,10,10,10,10,10,10,10,8,8,9,7,7,6,4,5,8,9,8,8,7,9,7,7,6,5,4,5,3,4,4
gc,svn,lufa-lib,/trunk/Demos/Host/LowLevel/PrinterHost/Lib/PrinterCommands.h,clean,c,IssueTrue,21991,357,1167,1,1,6,1,2,10,4,10,10,10,10,10,10,10,10,10,9,9,9,10,10,10,10,10,10,10,10,10,10,10,10,10,10,10,10,10,10,10,10,10,8,8,9,1,2,2,2,2,5,3,3,2,5,8,6,6,4,9,8,8,4,4,3
gc,svn,lufa-lib,/trunk/Demos/Host/LowLevel/PrinterHost/PrinterHost.c,buggy,c,IssueTrue,21991,357,1167,1,8,8,8,10,5,9,10,10,10,10,10,10,10,10,10,9,9,9,10,10,10,10,10,10,10,10,10,10,10,10,10,10,10,10,10,10,10,10,10,8,8,9,7,9,8,2,4,8,9,9,9,9,9,7,8,7,7,6,8,8,8,8
gc,svn,lufa-lib,/trunk/Demos/Host/LowLevel/PrinterHost/PrinterHost.h,buggy,c,IssueTrue,21991,357,1167,1,1,6,2,2,10,4,10,10,10,10,10,10,10,10,10,9,9,9,10,10,10,10,10,10,10,10,10,10,10,10,10,10,10,10,10,10,10,10,10,8,8,9,1,2,2,2,2,5,3,3,2,3,5,4,4,3,5,4,5,8,5,4
gc,svn,lufa-lib,/trunk/Demos/Host/LowLevel/StillImageHost/ConfigDescriptor.c,buggy,c,IssueTrue,21991,357,1167,1,7,8,6,10,6,9,10,10,10,10,10,10,10,10,10,9,9,9,10,10,10,10,10,10,10,10,10,10,10,10,10,10,10,10,10,10,10,10,10,8,8,9,10,9,8,8,7,9,6,7,5,7,5,6,7,5,9,8,8,6,6,6
gc,svn,lufa-lib,/trunk/Demos/Host/LowLevel/StillImageHost/Lib/StillImageCommands.c,buggy,c,IssueTrue,21991,357,1167,1,7,9,8,10,6,9,10,10,10,10,10,10,10,10,10,9,9,9,10,10,10,10,10,10,10,10,10,10,10,10,10,10,10,10,10,10,10,10,10,8,8,9,8,9,8,7,7,9,9,9,9,9,9,6,7,6,9,9,9,6,5,7
gc,svn,lufa-lib,/trunk/Demos/Host/LowLevel/StillImageHost/Lib/StillImageCommands.h,buggy,c,IssueTrue,21991,357,1167,1,3,8,3,2,8,4,10,10,10,10,10,10,10,10,10,9,9,9,10,10,10,10,10,10,10,10,10,10,10,10,10,10,10,10,10,10,10,10,10,8,8,9,1,2,2,2,2,5,3,3,2,6,8,6,7,5,5,5,5,4,4,4
gc,svn,lufa-lib,/trunk/Demos/Host/LowLevel/StillImageHost/StillImageHost.c,clean,c,IssueTrue,21991,357,1167,1,9,9,9,10,5,9,10,10,10,10,10,10,10,10,10,9,9,9,10,10,10,10,10,10,10,10,10,10,10,10,10,10,10,10,10,10,10,10,10,8,8,9,8,10,9,4,8,9,8,10,9,10,10,7,8,8,9,9,9,8,8,9
gc,svn,lufa-lib,/trunk/Demos/Host/LowLevel/StillImageHost/StillImageHost.h,buggy,c,IssueTrue,21991,357,1167,1,1,6,2,2,9,4,10,10,10,10,10,10,10,10,10,9,9,9,10,10,10,10,10,10,10,10,10,10,10,10,10,10,10,10,10,10,10,10,10,8,8,9,1,2,2,2,2,5,3,3,2,3,5,4,4,3,5,4,5,8,5,4
gc,svn,lufa-lib,/trunk/LUFA/Common/Common.h,clean,c,IssueTrue,21991,357,1167,1,3,9,4,10,9,7,10,10,10,10,10,10,10,10,10,9,9,9,10,10,10,10,10,10,10,10,10,10,10,10,10,10,10,10,10,10,10,10,10,8,8,9,4,6,5,10,10,10,4,6,4,6,5,9,9,8,5,4,5,6,5,5
gc,svn,lufa-lib,/trunk/LUFA/Common/FunctionAttributes.h,buggy,c,IssueTrue,21991,357,1167,1,1,8,1,2,1,4,10,10,10,10,10,10,10,10,10,9,9,9,10,10,10,10,10,10,10,10,10,10,10,10,10,10,10,10,10,10,10,10,10,8,8,9,1,2,2,2,2,5,3,3,2,5,5,8,7,6,5,4,5,2,3,2
gc,svn,lufa-lib,/trunk/LUFA/DriverStubs/Buttons.h,clean,c,IssueTrue,21991,357,1167,1,1,7,1,9,10,4,10,10,10,10,10,10,10,10,10,9,9,9,10,10,10,10,10,10,10,10,10,10,10,10,10,10,10,10,10,10,10,10,10,8,8,9,3,4,3,2,2,5,3,5,3,3,8,4,4,3,8,6,6,1,1,1
gc,svn,lufa-lib,/trunk/LUFA/DriverStubs/Dataflash.h,clean,c,IssueTrue,21991,357,1167,1,1,8,2,9,10,7,10,10,10,10,10,10,10,10,10,9,9,9,10,10,10,10,10,10,10,10,10,10,10,10,10,10,10,10,10,10,10,10,10,8,8,9,5,6,4,4,4,7,5,6,3,3,5,4,4,3,5,4,5,7,5,4
gc,svn,lufa-lib,/trunk/LUFA/DriverStubs/Joystick.h,buggy,c,IssueTrue,21991,357,1167,1,1,7,1,9,10,4,10,10,10,10,10,10,10,10,10,9,9,9,10,10,10,10,10,10,10,10,10,10,10,10,10,10,10,10,10,10,10,10,10,8,8,9,3,4,3,2,2,5,3,5,3,3,8,4,4,3,8,6,6,1,1,1
gc,svn,lufa-lib,/trunk/LUFA/DriverStubs/LEDs.h,clean,c,IssueTrue,21991,357,1167,1,2,7,2,10,8,4,10,10,10,10,10,10,10,10,10,9,9,9,10,10,10,10,10,10,10,10,10,10,10,10,10,10,10,10,10,10,10,10,10,8,8,9,3,4,6,2,2,5,3,5,3,3,8,4,4,3,8,6,6,1,1,1
gc,svn,lufa-lib,/trunk/LUFA/Drivers/Board/ATAVRUSBRF01/LEDs.h,clean,c,IssueTrue,21991,357,1167,1,3,7,3,10,8,4,10,10,10,10,10,10,10,10,10,9,9,9,10,10,10,10,10,10,10,10,10,10,10,10,10,10,10,10,10,10,10,10,10,8,8,9,3,4,6,3,4,8,3,5,3,5,5,7,6,5,5,4,5,2,3,2
gc,svn,lufa-lib,/trunk/LUFA/Drivers/Board/Buttons.h,clean,c,IssueTrue,21991,357,1167,1,1,7,1,2,1,4,10,10,10,10,10,10,10,10,10,9,9,9,10,10,10,10,10,10,10,10,10,10,10,10,10,10,10,10,10,10,10,10,10,8,8,9,1,2,2,2,2,5,3,3,2,6,8,5,5,4,5,5,5,5,5,5
gc,svn,lufa-lib,/trunk/LUFA/Drivers/Board/Dataflash.h,buggy,c,IssueTrue,21991,357,1167,1,3,9,4,10,9,7,10,10,10,10,10,10,10,10,10,9,9,9,10,10,10,10,10,10,10,10,10,10,10,10,10,10,10,10,10,10,10,10,10,8,8,9,5,7,6,10,9,10,6,7,6,10,5,8,9,8,6,6,8,6,6,8
gc,svn,lufa-lib,/trunk/LUFA/Drivers/Board/Joystick.h,clean,c,IssueTrue,21991,357,1167,1,1,7,1,2,1,4,10,10,10,10,10,10,10,10,10,9,9,9,10,10,10,10,10,10,10,10,10,10,10,10,10,10,10,10,10,10,10,10,10,8,8,9,1,2,2,2,2,5,3,3,2,7,5,8,7,7,5,5,5,1,3,2
gc,svn,lufa-lib,/trunk/LUFA/Drivers/Board/LEDs.h,clean,c,IssueTrue,21991,357,1167,1,1,8,1,2,1,4,10,10,10,10,10,10,10,10,10,9,9,9,10,10,10,10,10,10,10,10,10,10,10,10,10,10,10,10,10,10,10,10,10,8,8,9,1,2,2,2,2,5,3,3,2,9,5,8,9,8,5,5,5,3,5,5
gc,svn,lufa-lib,/trunk/LUFA/Drivers/Board/RZUSBSTICK/LEDs.h,clean,c,IssueTrue,21991,357,1167,1,4,7,4,10,7,4,10,10,10,10,10,10,10,10,10,9,9,9,10,10,10,10,10,10,10,10,10,10,10,10,10,10,10,10,10,10,10,10,10,8,8,9,3,4,6,3,4,8,3,5,3,3,5,8,7,5,5,4,5,1,1,1
gc,svn,lufa-lib,/trunk/LUFA/Drivers/Board/STK525/Dataflash.h,clean,c,IssueTrue,21991,357,1167,1,1,8,2,9,10,7,10,10,10,10,10,10,10,10,10,9,9,9,10,10,10,10,10,10,10,10,10,10,10,10,10,10,10,10,10,10,10,10,10,8,8,9,5,6,4,4,4,7,5,6,3,6,5,7,7,5,5,4,5,4,5,4
gc,svn,lufa-lib,/trunk/LUFA/Drivers/Board/STK525/LEDs.h,clean,c,IssueTrue,21991,357,1167,1,3,7,3,10,8,4,10,10,10,10,10,10,10,10,10,9,9,9,10,10,10,10,10,10,10,10,10,10,10,10,10,10,10,10,10,10,10,10,10,8,8,9,3,4,6,3,4,8,3,5,3,3,5,8,6,5,5,4,5,9,6,5
gc,svn,lufa-lib,/trunk/LUFA/Drivers/Board/STK526/Buttons.h,clean,c,IssueTrue,21991,357,1167,1,1,6,2,9,9,4,10,10,10,10,10,10,10,10,10,9,9,9,10,10,10,10,10,10,10,10,10,10,10,10,10,10,10,10,10,10,10,10,10,8,8,9,3,4,3,2,2,5,3,5,3,3,5,4,4,3,5,4,5,3,3,2
gc,svn,lufa-lib,/trunk/LUFA/Drivers/Board/STK526/Dataflash.h,clean,c,IssueTrue,21991,357,1167,1,1,8,2,9,10,7,10,10,10,10,10,10,10,10,10,9,9,9,10,10,10,10,10,10,10,10,10,10,10,10,10,10,10,10,10,10,10,10,10,8,8,9,5,6,4,4,4,7,5,6,3,6,5,7,7,5,5,4,5,4,5,4
gc,svn,lufa-lib,/trunk/LUFA/Drivers/Board/STK526/LEDs.h,clean,c,IssueTrue,21991,357,1167,1,3,7,3,10,8,4,10,10,10,10,10,10,10,10,10,9,9,9,10,10,10,10,10,10,10,10,10,10,10,10,10,10,10,10,10,10,10,10,10,8,8,9,3,4,6,3,4,8,3,5,3,3,5,8,6,5,5,4,5,9,6,5
gc,svn,lufa-lib,/trunk/LUFA/Drivers/Board/Temperature.h,buggy,c,IssueTrue,21991,357,1167,1,1,8,1,2,10,4,10,10,10,10,10,10,10,10,10,9,9,9,10,10,10,10,10,10,10,10,10,10,10,10,10,10,10,10,10,10,10,10,10,8,8,9,1,2,2,2,2,5,3,3,2,9,8,7,8,7,5,5,5,4,6,6
gc,svn,lufa-lib,/trunk/LUFA/Drivers/Board/USBKEY/Dataflash.h,clean,c,IssueTrue,21991,357,1167,1,2,8,2,9,9,7,10,10,10,10,10,10,10,10,10,9,9,9,10,10,10,10,10,10,10,10,10,10,10,10,10,10,10,10,10,10,10,10,10,8,8,9,6,7,4,4,4,7,5,6,3,6,5,7,7,5,5,4,5,4,5,4
gc,svn,lufa-lib,/trunk/LUFA/Drivers/Board/USBKEY/LEDs.h,clean,c,IssueTrue,21991,357,1167,1,3,7,3,10,8,4,10,10,10,10,10,10,10,10,10,9,9,9,10,10,10,10,10,10,10,10,10,10,10,10,10,10,10,10,10,10,10,10,10,8,8,9,3,4,6,3,4,8,3,5,3,3,5,8,6,5,5,4,5,9,6,5
gc,svn,lufa-lib,/trunk/LUFA/Drivers/Misc/TerminalCodes.h,clean,c,IssueTrue,21991,357,1167,1,1,9,1,2,1,4,10,10,10,10,10,10,10,10,10,9,9,9,10,10,10,10,10,10,10,10,10,10,10,10,10,10,10,10,10,10,10,10,10,8,8,9,1,2,2,2,2,5,3,3,2,6,5,8,8,6,8,7,7,3,4,3
gc,svn,lufa-lib,/trunk/LUFA/Drivers/Peripheral/ADC.h,clean,c,IssueTrue,21991,357,1167,1,1,7,1,2,1,4,10,10,10,10,10,10,10,10,10,9,9,9,10,10,10,10,10,10,10,10,10,10,10,10,10,10,10,10,10,10,10,10,10,8,8,9,1,2,2,2,2,5,3,3,2,3,5,6,5,4,5,4,5,3,3,2
gc,svn,lufa-lib,/trunk/LUFA/Drivers/Peripheral/SPI.h,clean,c,IssueTrue,21991,357,1167,1,4,8,4,10,8,7,10,10,10,10,10,10,10,10,10,9,9,9,10,10,10,10,10,10,10,10,10,10,10,10,10,10,10,10,10,10,10,10,10,8,8,9,6,6,6,6,7,9,4,5,4,8,5,8,8,8,5,5,5,5,6,6
gc,svn,lufa-lib,/trunk/LUFA/Drivers/Peripheral/Serial.h,clean,c,IssueTrue,21991,357,1167,1,3,8,4,10,8,7,10,10,10,10,10,10,10,10,10,9,9,9,10,10,10,10,10,10,10,10,10,10,10,10,10,10,10,10,10,10,10,10,10,8,8,9,6,7,6,7,7,9,4,5,4,8,5,8,8,8,7,7,7,4,5,5
gc,svn,lufa-lib,/trunk/LUFA/Drivers/Peripheral/SerialStream.h,clean,c,IssueTrue,21991,357,1167,1,1,8,2,9,10,4,10,10,10,10,10,10,10,10,10,9,9,9,10,10,10,10,10,10,10,10,10,10,10,10,10,10,10,10,10,10,10,10,10,8,8,9,3,4,3,10,10,10,6,7,4,6,5,8,7,6,5,4,5,4,4,4
gc,svn,lufa-lib,/trunk/LUFA/Drivers/USB/Class/Audio.h,buggy,c,IssueTrue,21991,357,1167,1,1,6,1,2,1,4,10,10,10,10,10,10,10,10,10,9,9,9,10,10,10,10,10,10,10,10,10,10,10,10,10,10,10,10,10,10,10,10,10,8,8,9,1,2,2,2,2,5,3,3,2,5,5,6,6,5,8,7,7,3,4,3
gc,svn,lufa-lib,/trunk/LUFA/Drivers/USB/Class/CDC.h,buggy,c,IssueTrue,21991,357,1167,1,1,6,1,2,1,4,10,10,10,10,10,10,10,10,10,9,9,9,10,10,10,10,10,10,10,10,10,10,10,10,10,10,10,10,10,10,10,10,10,8,8,9,1,2,2,2,2,5,3,3,2,3,5,8,6,5,5,4,5,5,4,3
gc,svn,lufa-lib,/trunk/LUFA/Drivers/USB/Class/Common/Audio.h,clean,c,IssueTrue,21991,357,1167,1,6,10,7,2,8,4,10,10,10,10,10,10,10,10,10,9,9,9,10,10,10,10,10,10,10,10,10,10,10,10,10,10,10,10,10,10,10,10,10,8,8,9,1,2,2,2,2,5,3,3,2,7,5,7,7,6,9,8,9,6,7,6
gc,svn,lufa-lib,/trunk/LUFA/Drivers/USB/Class/Common/CDC.h,clean,c,IssueTrue,21991,357,1167,1,2,8,1,2,10,4,10,10,10,10,10,10,10,10,10,9,9,9,10,10,10,10,10,10,10,10,10,10,10,10,10,10,10,10,10,10,10,10,10,8,8,9,1,2,2,2,2,5,3,3,2,7,5,6,7,5,10,9,9,2,4,3
gc,svn,lufa-lib,/trunk/LUFA/Drivers/USB/Class/Common/HID.h,buggy,c,IssueTrue,21991,357,1167,1,1,7,2,2,10,4,10,10,10,10,10,10,10,10,10,9,9,9,10,10,10,10,10,10,10,10,10,10,10,10,10,10,10,10,10,10,10,10,10,8,8,9,1,2,2,2,2,5,3,3,2,6,5,6,7,5,9,9,9,5,6,5
gc,svn,lufa-lib,/trunk/LUFA/Drivers/USB/Class/Common/MIDI.h,clean,c,IssueTrue,21991,357,1167,1,4,9,5,2,8,4,10,10,10,10,10,10,10,10,10,9,9,9,10,10,10,10,10,10,10,10,10,10,10,10,10,10,10,10,10,10,10,10,10,8,8,9,1,2,2,2,2,5,3,3,2,9,8,6,7,5,8,8,8,3,4,5
gc,svn,lufa-lib,/trunk/LUFA/Drivers/USB/Class/Common/MassStorage.h,clean,c,IssueTrue,21991,357,1167,1,2,9,3,2,10,4,10,10,10,10,10,10,10,10,10,9,9,9,10,10,10,10,10,10,10,10,10,10,10,10,10,10,10,10,10,10,10,10,10,8,8,9,1,2,2,2,2,5,3,3,2,6,5,10,10,10,10,9,9,2,4,3
gc,svn,lufa-lib,/trunk/LUFA/Drivers/USB/Class/Common/RNDIS.h,buggy,c,IssueTrue,21991,357,1167,1,8,8,8,2,5,4,10,10,10,10,10,10,10,10,10,9,9,9,10,10,10,10,10,10,10,10,10,10,10,10,10,10,10,10,10,10,10,10,10,8,8,9,1,2,2,2,2,5,3,3,2,8,5,7,7,6,10,9,9,5,7,6
gc,svn,lufa-lib,/trunk/LUFA/Drivers/USB/Class/Common/StillImage.h,clean,c,IssueTrue,21991,357,1167,1,3,8,2,2,9,4,10,10,10,10,10,10,10,10,10,9,9,9,10,10,10,10,10,10,10,10,10,10,10,10,10,10,10,10,10,10,10,10,10,8,8,9,1,2,2,2,2,5,3,3,2,9,5,9,10,9,8,8,8,6,7,7
gc,svn,lufa-lib,/trunk/LUFA/Drivers/USB/Class/Device/Audio.c,buggy,c,IssueTrue,21991,357,1167,1,7,4,8,10,3,9,10,10,10,10,10,10,10,10,10,9,9,9,10,10,10,10,10,10,10,10,10,10,10,10,10,10,10,10,10,10,10,10,10,8,8,9,9,9,9,9,9,10,6,8,8,10,8,6,7,7,5,5,5,8,8,9
gc,svn,lufa-lib,/trunk/LUFA/Drivers/USB/Class/Device/Audio.h,buggy,c,IssueTrue,21991,357,1167,1,3,9,4,2,10,4,10,10,10,10,10,10,10,10,10,9,9,9,10,10,10,10,10,10,10,10,10,10,10,10,10,10,10,10,10,10,10,10,10,8,8,9,1,2,2,2,2,5,3,3,2,10,8,10,10,10,10,10,10,10,10,10
gc,svn,lufa-lib,/trunk/LUFA/Drivers/USB/Class/Device/CDC.c,buggy,c,IssueTrue,21991,357,1167,1,8,4,9,10,2,9,10,10,10,10,10,10,10,10,10,9,9,9,10,10,10,10,10,10,10,10,10,10,10,10,10,10,10,10,10,10,10,10,10,8,8,9,10,10,10,10,9,10,7,9,8,10,10,7,8,9,7,8,9,7,9,10
gc,svn,lufa-lib,/trunk/LUFA/Drivers/USB/Class/Device/CDC.h,buggy,c,IssueTrue,21991,357,1167,1,4,9,5,2,9,4,10,10,10,10,10,10,10,10,10,9,9,9,10,10,10,10,10,10,10,10,10,10,10,10,10,10,10,10,10,10,10,10,10,8,8,9,1,2,2,2,2,5,3,3,2,10,10,9,10,10,9,10,10,10,10,10
gc,svn,lufa-lib,/trunk/LUFA/Drivers/USB/Class/Device/HID.c,buggy,c,IssueTrue,21991,357,1167,1,7,4,9,10,3,9,10,10,10,10,10,10,10,10,10,9,9,9,10,10,10,10,10,10,10,10,10,10,10,10,10,10,10,10,10,10,10,10,10,8,8,9,10,10,9,10,10,10,10,9,8,10,10,6,7,8,7,7,9,7,8,9
gc,svn,lufa-lib,/trunk/LUFA/Drivers/USB/Class/Device/HID.h,buggy,c,IssueTrue,21991,357,1167,1,3,9,3,2,10,4,10,10,10,10,10,10,10,10,10,9,9,9,10,10,10,10,10,10,10,10,10,10,10,10,10,10,10,10,10,10,10,10,10,8,8,9,1,2,2,2,2,5,3,3,2,10,9,8,9,10,9,10,10,8,10,10
gc,svn,lufa-lib,/trunk/LUFA/Drivers/USB/Class/Device/MIDI.c,buggy,c,IssueTrue,21991,357,1167,1,5,4,6,10,5,8,10,10,10,10,10,10,10,10,10,9,9,9,10,10,10,10,10,10,10,10,10,10,10,10,10,10,10,10,10,10,10,10,10,8,8,9,9,9,8,9,8,10,6,8,6,10,8,6,7,7,7,8,8,7,8,9
gc,svn,lufa-lib,/trunk/LUFA/Drivers/USB/Class/Device/MIDI.h,buggy,c,IssueTrue,21991,357,1167,1,2,9,3,2,10,4,10,10,10,10,10,10,10,10,10,9,9,9,10,10,10,10,10,10,10,10,10,10,10,10,10,10,10,10,10,10,10,10,10,8,8,9,1,2,2,2,2,5,3,3,2,10,9,9,9,10,10,10,10,9,9,10
gc,svn,lufa-lib,/trunk/LUFA/Drivers/USB/Class/Device/MassStorage.c,buggy,c,IssueTrue,21991,357,1167,1,8,4,9,10,3,10,10,10,10,10,10,10,10,10,10,9,9,9,10,10,10,10,10,10,10,10,10,10,10,10,10,10,10,10,10,10,10,10,10,8,8,9,10,10,10,10,10,10,9,9,8,10,9,6,6,6,6,6,7,9,10,9
gc,svn,lufa-lib,/trunk/LUFA/Drivers/USB/Class/Device/MassStorage.h,clean,c,IssueTrue,21991,357,1167,1,2,9,3,2,10,4,10,10,10,10,10,10,10,10,10,9,9,9,10,10,10,10,10,10,10,10,10,10,10,10,10,10,10,10,10,10,10,10,10,8,8,9,1,2,2,2,2,5,3,3,2,10,8,9,10,10,10,10,10,8,9,10
gc,svn,lufa-lib,/trunk/LUFA/Drivers/USB/Class/Device/RNDIS.c,buggy,c,IssueTrue,21991,357,1167,1,10,5,10,10,2,10,10,10,10,10,10,10,10,10,10,9,9,9,10,10,10,10,10,10,10,10,10,10,10,10,10,10,10,10,10,10,10,10,10,8,8,9,10,10,10,10,10,10,10,10,10,10,8,6,6,6,5,4,5,10,10,10
gc,svn,lufa-lib,/trunk/LUFA/Drivers/USB/Class/Device/RNDIS.h,clean,c,IssueTrue,21991,357,1167,1,3,9,4,2,9,4,10,10,10,10,10,10,10,10,10,9,9,9,10,10,10,10,10,10,10,10,10,10,10,10,10,10,10,10,10,10,10,10,10,8,8,9,1,2,2,2,2,5,3,3,2,10,8,10,10,10,10,10,10,8,8,9
gc,svn,lufa-lib,/trunk/LUFA/Drivers/USB/Class/HID.h,buggy,c,IssueTrue,21991,357,1167,1,1,7,1,2,1,4,10,10,10,10,10,10,10,10,10,9,9,9,10,10,10,10,10,10,10,10,10,10,10,10,10,10,10,10,10,10,10,10,10,8,8,9,1,2,2,2,2,5,3,3,2,3,5,8,6,5,5,4,5,5,4,3
gc,svn,lufa-lib,/trunk/LUFA/Drivers/USB/Class/Host/CDC.c,buggy,c,IssueTrue,21991,357,1167,1,1,4,1,2,1,4,10,10,10,10,10,10,10,10,10,9,9,9,10,10,10,10,10,10,10,10,10,10,10,10,10,10,10,10,10,10,10,10,10,8,8,9,1,2,2,2,2,5,3,3,2,10,9,9,10,10,8,9,10,7,8,10
gc,svn,lufa-lib,/trunk/LUFA/Drivers/USB/Class/Host/CDC.h,buggy,c,IssueTrue,21991,357,1167,1,4,9,5,2,9,4,10,10,10,10,10,10,10,10,10,9,9,9,10,10,10,10,10,10,10,10,10,10,10,10,10,10,10,10,10,10,10,10,10,8,8,9,1,2,2,2,2,5,3,3,2,10,10,9,10,10,8,9,10,7,9,10
gc,svn,lufa-lib,/trunk/LUFA/Drivers/USB/Class/Host/HID.c,buggy,c,IssueTrue,21991,357,1167,1,1,4,1,2,1,4,10,10,10,10,10,10,10,10,10,9,9,9,10,10,10,10,10,10,10,10,10,10,10,10,10,10,10,10,10,10,10,10,10,8,8,9,1,2,2,2,2,5,3,3,2,10,8,10,10,10,7,8,8,4,5,7
gc,svn,lufa-lib,/trunk/LUFA/Drivers/USB/Class/Host/HID.h,buggy,c,IssueTrue,21991,357,1167,1,3,8,3,2,8,4,10,10,10,10,10,10,10,10,10,9,9,9,10,10,10,10,10,10,10,10,10,10,10,10,10,10,10,10,10,10,10,10,10,8,8,9,1,2,2,2,2,5,3,3,2,10,10,8,10,9,5,6,7,5,6,8
gc,svn,lufa-lib,/trunk/LUFA/Drivers/USB/Class/Host/HIDParser.c,buggy,c,IssueTrue,21991,357,1167,1,1,4,1,2,1,4,10,10,10,10,10,10,10,10,10,9,9,9,10,10,10,10,10,10,10,10,10,10,10,10,10,10,10,10,10,10,10,10,10,8,8,9,1,2,2,2,2,5,3,3,2,9,9,8,9,9,9,9,9,9,9,9
gc,svn,lufa-lib,/trunk/LUFA/Drivers/USB/Class/Host/HIDParser.h,buggy,c,IssueTrue,21991,357,1167,1,6,10,6,2,8,4,10,10,10,10,10,10,10,10,10,9,9,9,10,10,10,10,10,10,10,10,10,10,10,10,10,10,10,10,10,10,10,10,10,8,8,9,1,2,2,2,2,5,3,3,2,8,8,9,9,8,7,7,7,7,6,7
gc,svn,lufa-lib,/trunk/LUFA/Drivers/USB/Class/Host/MIDI.c,buggy,c,IssueTrue,21991,357,1167,1,1,4,1,2,1,4,10,10,10,10,10,10,10,10,10,9,9,9,10,10,10,10,10,10,10,10,10,10,10,10,10,10,10,10,10,10,10,10,10,8,8,9,1,2,2,2,2,5,3,3,2,3,5,7,6,4,5,4,5,1,1,1
gc,svn,lufa-lib,/trunk/LUFA/Drivers/USB/Class/Host/MIDI.h,buggy,c,IssueTrue,21991,357,1167,1,1,6,1,2,10,4,10,10,10,10,10,10,10,10,10,9,9,9,10,10,10,10,10,10,10,10,10,10,10,10,10,10,10,10,10,10,10,10,10,8,8,9,1,2,2,2,2,5,3,3,2,5,5,7,6,5,5,4,5,2,3,2
gc,svn,lufa-lib,/trunk/LUFA/Drivers/USB/Class/Host/MassStorage.c,buggy,c,IssueTrue,21991,357,1167,1,1,4,1,2,1,4,10,10,10,10,10,10,10,10,10,9,9,9,10,10,10,10,10,10,10,10,10,10,10,10,10,10,10,10,10,10,10,10,10,8,8,9,1,2,2,2,2,5,3,3,2,10,9,10,10,10,10,10,10,9,9,10
gc,svn,lufa-lib,/trunk/LUFA/Drivers/USB/Class/Host/MassStorage.h,buggy,c,IssueTrue,21991,357,1167,1,7,10,7,2,8,4,10,10,10,10,10,10,10,10,10,9,9,9,10,10,10,10,10,10,10,10,10,10,10,10,10,10,10,10,10,10,10,10,10,8,8,9,1,2,2,2,2,5,3,3,2,10,10,10,10,10,5,5,6,4,6,8
gc,svn,lufa-lib,/trunk/LUFA/Drivers/USB/Class/Host/StillImage.c,buggy,c,IssueTrue,21991,357,1167,1,1,4,1,2,1,4,10,10,10,10,10,10,10,10,10,9,9,9,10,10,10,10,10,10,10,10,10,10,10,10,10,10,10,10,10,10,10,10,10,8,8,9,1,2,2,2,2,5,3,3,2,9,5,10,10,10,7,7,8,7,7,8
gc,svn,lufa-lib,/trunk/LUFA/Drivers/USB/Class/Host/StillImage.h,buggy,c,IssueTrue,21991,357,1167,1,4,10,4,2,9,4,10,10,10,10,10,10,10,10,10,9,9,9,10,10,10,10,10,10,10,10,10,10,10,10,10,10,10,10,10,10,10,10,10,8,8,9,1,2,2,2,2,5,3,3,2,10,8,10,10,10,6,7,8,4,6,8
gc,svn,lufa-lib,/trunk/LUFA/Drivers/USB/Class/MIDI.h,buggy,c,IssueTrue,21991,357,1167,1,1,7,1,2,1,4,10,10,10,10,10,10,10,10,10,9,9,9,10,10,10,10,10,10,10,10,10,10,10,10,10,10,10,10,10,10,10,10,10,8,8,9,1,2,2,2,2,5,3,3,2,5,5,7,7,5,8,7,7,4,4,3
gc,svn,lufa-lib,/trunk/LUFA/Drivers/USB/Class/MassStorage.h,buggy,c,IssueTrue,21991,357,1167,1,1,6,1,2,1,4,10,10,10,10,10,10,10,10,10,9,9,9,10,10,10,10,10,10,10,10,10,10,10,10,10,10,10,10,10,10,10,10,10,8,8,9,1,2,2,2,2,5,3,3,2,3,5,8,6,5,5,4,5,5,4,3
gc,svn,lufa-lib,/trunk/LUFA/Drivers/USB/Class/RNDIS.h,buggy,c,IssueTrue,21991,357,1167,1,1,6,1,2,1,4,10,10,10,10,10,10,10,10,10,9,9,9,10,10,10,10,10,10,10,10,10,10,10,10,10,10,10,10,10,10,10,10,10,8,8,9,1,2,2,2,2,5,3,3,2,3,5,8,6,5,5,4,5,5,4,3
gc,svn,lufa-lib,/trunk/LUFA/Drivers/USB/Class/StillImage.h,buggy,c,IssueTrue,21991,357,1167,1,1,6,1,2,1,4,10,10,10,10,10,10,10,10,10,9,9,9,10,10,10,10,10,10,10,10,10,10,10,10,10,10,10,10,10,10,10,10,10,8,8,9,1,2,2,2,2,5,3,3,2,3,5,8,6,5,5,4,5,5,4,3
gc,svn,lufa-lib,/trunk/LUFA/Drivers/USB/HighLevel/ConfigDescriptor.c,clean,c,IssueTrue,21991,357,1167,1,5,4,5,10,4,9,10,10,10,10,10,10,10,10,10,9,9,9,10,10,10,10,10,10,10,10,10,10,10,10,10,10,10,10,10,10,10,10,10,8,8,9,8,7,7,10,9,10,6,7,5,6,5,6,7,5,8,6,7,9,8,7
gc,svn,lufa-lib,/trunk/LUFA/Drivers/USB/HighLevel/ConfigDescriptor.h,buggy,c,IssueTrue,21991,357,1167,1,5,10,3,9,9,4,10,10,10,10,10,10,10,10,10,9,9,9,10,10,10,10,10,10,10,10,10,10,10,10,10,10,10,10,10,10,10,10,10,8,8,9,3,4,3,9,7,8,4,5,3,8,5,8,9,7,9,8,8,9,9,8
gc,svn,lufa-lib,/trunk/LUFA/Drivers/USB/HighLevel/Events.h,buggy,c,IssueTrue,21991,357,1167,1,2,10,3,2,10,4,10,10,10,10,10,10,10,10,10,9,9,9,10,10,10,10,10,10,10,10,10,10,10,10,10,10,10,10,10,10,10,10,10,8,8,9,1,2,2,2,2,5,3,3,2,10,10,7,9,9,10,10,10,9,10,10
gc,svn,lufa-lib,/trunk/LUFA/Drivers/USB/HighLevel/StdDescriptors.h,buggy,c,IssueTrue,21991,357,1167,1,8,10,9,2,9,4,10,10,10,10,10,10,10,10,10,9,9,9,10,10,10,10,10,10,10,10,10,10,10,10,10,10,10,10,10,10,10,10,10,8,8,9,1,2,2,2,2,5,3,3,2,10,8,10,10,10,10,10,10,10,10,10
gc,svn,lufa-lib,/trunk/LUFA/Drivers/USB/HighLevel/StdRequestType.h,buggy,c,IssueTrue,21991,357,1167,1,2,9,2,2,10,4,10,10,10,10,10,10,10,10,10,9,9,9,10,10,10,10,10,10,10,10,10,10,10,10,10,10,10,10,10,10,10,10,10,8,8,9,1,2,2,2,2,5,3,3,2,9,5,7,8,7,6,7,7,9,9,9
gc,svn,lufa-lib,/trunk/LUFA/Drivers/USB/HighLevel/StreamCallbacks.h,buggy,c,IssueTrue,21991,357,1167,1,1,7,1,2,10,4,10,10,10,10,10,10,10,10,10,9,9,9,10,10,10,10,10,10,10,10,10,10,10,10,10,10,10,10,10,10,10,10,10,8,8,9,1,2,2,2,2,5,3,3,2,9,5,7,7,7,9,9,9,3,4,5
gc,svn,lufa-lib,/trunk/LUFA/Drivers/USB/HighLevel/USBInterrupt.c,clean,c,IssueTrue,21991,357,1167,1,5,4,7,10,5,9,10,10,10,10,10,10,10,10,10,9,9,9,10,10,10,10,10,10,10,10,10,10,10,10,10,10,10,10,10,10,10,10,10,8,8,9,10,10,9,4,5,8,8,9,6,10,10,7,8,8,8,9,9,8,9,9
gc,svn,lufa-lib,/trunk/LUFA/Drivers/USB/HighLevel/USBInterrupt.h,buggy,c,IssueTrue,21991,357,1167,1,1,5,1,2,10,4,10,10,10,10,10,10,10,10,10,9,9,9,10,10,10,10,10,10,10,10,10,10,10,10,10,10,10,10,10,10,10,10,10,8,8,9,1,2,2,2,2,5,3,3,2,9,8,6,7,7,10,10,10,5,6,7
gc,svn,lufa-lib,/trunk/LUFA/Drivers/USB/HighLevel/USBMode.h,buggy,c,IssueTrue,21991,357,1167,1,1,4,1,2,1,4,10,10,10,10,10,10,10,10,10,9,9,9,10,10,10,10,10,10,10,10,10,10,10,10,10,10,10,10,10,10,10,10,10,8,8,9,1,2,2,2,2,5,3,3,2,7,8,8,7,7,9,8,9,6,5,6
gc,svn,lufa-lib,/trunk/LUFA/Drivers/USB/HighLevel/USBTask.c,clean,c,IssueTrue,21991,357,1167,1,2,4,3,9,7,8,10,10,10,10,10,10,10,10,10,9,9,9,10,10,10,10,10,10,10,10,10,10,10,10,10,10,10,10,10,10,10,10,10,8,8,9,9,8,6,10,10,10,4,5,3,10,10,5,7,6,10,10,10,5,7,8
gc,svn,lufa-lib,/trunk/LUFA/Drivers/USB/HighLevel/USBTask.h,buggy,c,IssueTrue,21991,357,1167,1,1,9,1,2,10,4,10,10,10,10,10,10,10,10,10,9,9,9,10,10,10,10,10,10,10,10,10,10,10,10,10,10,10,10,10,10,10,10,10,8,8,9,1,2,2,2,2,5,3,3,2,10,10,8,8,9,9,9,10,8,9,10
gc,svn,lufa-lib,/trunk/LUFA/Drivers/USB/LowLevel/DevChapter9.c,clean,c,IssueTrue,21991,357,1167,1,9,4,10,10,2,10,10,10,10,10,10,10,10,10,10,9,9,9,10,10,10,10,10,10,10,10,10,10,10,10,10,10,10,10,10,10,10,10,10,8,8,9,10,10,10,9,8,10,7,8,8,10,10,9,10,10,9,9,10,9,9,10
gc,svn,lufa-lib,/trunk/LUFA/Drivers/USB/LowLevel/DevChapter9.h,buggy,c,IssueTrue,21991,357,1167,1,1,8,1,2,10,4,10,10,10,10,10,10,10,10,10,9,9,9,10,10,10,10,10,10,10,10,10,10,10,10,10,10,10,10,10,10,10,10,10,8,8,9,1,2,2,2,2,5,3,3,2,10,9,7,9,8,8,9,9,2,5,6
gc,svn,lufa-lib,/trunk/LUFA/Drivers/USB/LowLevel/Device.h,buggy,c,IssueTrue,21991,357,1167,1,1,9,1,2,10,4,10,10,10,10,10,10,10,10,10,9,9,9,10,10,10,10,10,10,10,10,10,10,10,10,10,10,10,10,10,10,10,10,10,8,8,9,1,2,2,2,2,5,3,3,2,10,10,9,9,9,8,8,9,7,8,9
gc,svn,lufa-lib,/trunk/LUFA/Drivers/USB/LowLevel/Endpoint.c,buggy,c,IssueTrue,21991,357,1167,1,7,4,8,10,3,9,10,10,10,10,10,10,10,10,10,9,9,9,10,10,10,10,10,10,10,10,10,10,10,10,10,10,10,10,10,10,10,10,10,8,8,9,10,10,10,10,10,10,4,7,5,10,9,10,10,10,10,10,10,10,10,10
gc,svn,lufa-lib,/trunk/LUFA/Drivers/USB/LowLevel/Endpoint.h,buggy,c,IssueTrue,21991,357,1167,1,8,10,9,10,9,7,10,10,10,10,10,10,10,10,10,9,9,9,10,10,10,10,10,10,10,10,10,10,10,10,10,10,10,10,10,10,10,10,10,8,8,9,3,6,8,10,10,10,4,6,7,10,9,10,10,10,10,10,10,10,10,10
gc,svn,lufa-lib,/trunk/LUFA/Drivers/USB/LowLevel/Host.c,buggy,c,IssueTrue,21991,357,1167,1,1,4,1,2,1,4,10,10,10,10,10,10,10,10,10,9,9,9,10,10,10,10,10,10,10,10,10,10,10,10,10,10,10,10,10,10,10,10,10,8,8,9,1,2,2,2,2,5,3,3,2,10,9,10,10,10,6,6,8,4,7,8
gc,svn,lufa-lib,/trunk/LUFA/Drivers/USB/LowLevel/Host.h,buggy,c,IssueTrue,21991,357,1167,1,4,10,2,2,10,4,10,10,10,10,10,10,10,10,10,9,9,9,10,10,10,10,10,10,10,10,10,10,10,10,10,10,10,10,10,10,10,10,10,8,8,9,1,2,2,2,2,5,3,3,2,10,10,9,10,10,8,8,9,8,9,10
gc,svn,lufa-lib,/trunk/LUFA/Drivers/USB/LowLevel/HostChapter9.c,buggy,c,IssueTrue,21991,357,1167,1,1,4,1,2,1,4,10,10,10,10,10,10,10,10,10,9,9,9,10,10,10,10,10,10,10,10,10,10,10,10,10,10,10,10,10,10,10,10,10,8,8,9,1,2,2,2,2,5,3,3,2,9,9,5,6,5,6,6,7,7,6,8
gc,svn,lufa-lib,/trunk/LUFA/Drivers/USB/LowLevel/HostChapter9.h,buggy,c,IssueTrue,21991,357,1167,1,2,7,1,2,9,4,10,10,10,10,10,10,10,10,10,9,9,9,10,10,10,10,10,10,10,10,10,10,10,10,10,10,10,10,10,10,10,10,10,8,8,9,1,2,2,2,2,5,3,3,2,9,5,6,7,6,9,9,9,3,4,5
gc,svn,lufa-lib,/trunk/LUFA/Drivers/USB/LowLevel/LowLevel.c,clean,c,IssueTrue,21991,357,1167,1,5,4,7,10,5,8,10,10,10,10,10,10,10,10,10,9,9,9,10,10,10,10,10,10,10,10,10,10,10,10,10,10,10,10,10,10,10,10,10,8,8,9,10,10,8,10,10,10,9,9,7,10,10,7,8,8,8,9,9,5,6,8
gc,svn,lufa-lib,/trunk/LUFA/Drivers/USB/LowLevel/LowLevel.h,buggy,c,IssueTrue,21991,357,1167,1,1,9,1,2,10,4,10,10,10,10,10,10,10,10,10,9,9,9,10,10,10,10,10,10,10,10,10,10,10,10,10,10,10,10,10,10,10,10,10,8,8,9,1,2,2,2,2,5,3,3,2,10,10,6,7,7,8,8,9,7,8,9
gc,svn,lufa-lib,/trunk/LUFA/Drivers/USB/LowLevel/OTG.h,buggy,c,IssueTrue,21991,357,1167,1,1,7,1,2,1,4,10,10,10,10,10,10,10,10,10,9,9,9,10,10,10,10,10,10,10,10,10,10,10,10,10,10,10,10,10,10,10,10,10,8,8,9,1,2,2,2,2,5,3,3,2,9,5,9,10,9,9,9,9,6,8,7
gc,svn,lufa-lib,/trunk/LUFA/Drivers/USB/LowLevel/Pipe.c,buggy,c,IssueTrue,21991,357,1167,1,1,4,1,2,1,4,10,10,10,10,10,10,10,10,10,9,9,9,10,10,10,10,10,10,10,10,10,10,10,10,10,10,10,10,10,10,10,10,10,8,8,9,1,2,2,2,2,5,3,3,2,10,10,10,10,10,10,10,10,9,10,10
gc,svn,lufa-lib,/trunk/LUFA/Drivers/USB/LowLevel/Pipe.h,buggy,c,IssueTrue,21991,357,1167,1,8,10,9,10,8,7,10,10,10,10,10,10,10,10,10,9,9,9,10,10,10,10,10,10,10,10,10,10,10,10,10,10,10,10,10,10,10,10,10,8,8,9,4,8,8,3,3,9,4,6,6,10,10,10,10,10,10,10,10,9,10,10
gc,svn,lufa-lib,/trunk/LUFA/Drivers/USB/LowLevel/Template/Template_Endpoint_Control_R.c,buggy,c,IssueTrue,21991,357,1167,1,3,1,3,9,1,9,10,10,10,10,10,10,10,10,10,9,9,9,10,10,10,10,10,10,10,10,10,10,10,10,10,10,10,10,10,10,10,10,10,8,8,9,10,10,7,10,9,9,6,6,3,6,9,8,7,6,7,6,6,3,3,3
gc,svn,lufa-lib,/trunk/LUFA/Drivers/USB/LowLevel/Template/Template_Endpoint_Control_W.c,buggy,c,IssueTrue,21991,357,1167,1,3,1,4,9,1,9,10,10,10,10,10,10,10,10,10,9,9,9,10,10,10,10,10,10,10,10,10,10,10,10,10,10,10,10,10,10,10,10,10,8,8,9,10,10,8,10,10,10,6,6,3,5,8,9,8,7,9,8,8,9,7,6
gc,svn,lufa-lib,/trunk/LUFA/Drivers/USB/LowLevel/Template/Template_Pipe_RW.c,buggy,c,IssueTrue,21991,357,1167,1,3,1,3,9,1,9,10,10,10,10,10,10,10,10,10,9,9,9,10,10,10,10,10,10,10,10,10,10,10,10,10,10,10,10,10,10,10,10,10,8,8,9,10,8,5,3,3,6,10,8,5,3,8,6,5,4,5,4,5,5,4,3
gc,svn,lufa-lib,/trunk/LUFA/Drivers/USB/USB.h,buggy,c,IssueTrue,21991,357,1167,1,1,8,1,2,1,4,10,10,10,10,10,10,10,10,10,9,9,9,10,10,10,10,10,10,10,10,10,10,10,10,10,10,10,10,10,10,10,10,10,8,8,9,1,2,2,2,2,5,3,3,2,10,8,8,9,9,8,8,9,2,4,5
gc,svn,lufa-lib,/trunk/LUFA/Scheduler/Scheduler.h,clean,c,IssueTrue,21991,357,1167,1,4,10,4,10,9,9,10,10,10,10,10,10,10,10,10,9,9,9,10,10,10,10,10,10,10,10,10,10,10,10,10,10,10,10,10,10,10,10,10,8,8,9,6,7,5,5,5,8,7,7,5,9,5,7,7,8,6,7,7,6,7,8
gc,svn,lufa-lib,/trunk/LUFA/Version.h,clean,c,IssueTrue,21991,357,1167,1,1,5,1,2,1,4,10,10,10,10,10,10,10,10,10,9,9,9,10,10,10,10,10,10,10,10,10,10,10,10,10,10,10,10,10,10,10,10,10,8,8,9,1,2,2,2,2,5,3,3,2,6,8,4,4,3,5,4,5,5,4,5
gc,svn,lufa-lib,/trunk/Projects/AVRISP/AVRISP.c,clean,c,IssueTrue,21991,357,1167,1,5,7,5,10,6,7,10,10,10,10,10,10,10,10,10,9,9,9,10,10,10,10,10,10,10,10,10,10,10,10,10,10,10,10,10,10,10,10,10,8,8,9,7,8,7,2,4,7,7,8,7,8,5,8,8,7,8,7,8,5,5,6
gc,svn,lufa-lib,/trunk/Projects/AVRISP/AVRISP.h,clean,c,IssueTrue,21991,357,1167,1,1,6,1,2,10,4,10,10,10,10,10,10,10,10,10,9,9,9,10,10,10,10,10,10,10,10,10,10,10,10,10,10,10,10,10,10,10,10,10,8,8,9,1,2,2,2,2,5,3,3,2,3,5,7,6,4,7,5,5,8,5,4
gc,svn,lufa-lib,/trunk/Projects/AVRISP/Lib/V2Protocol.c,buggy,c,IssueTrue,21991,357,1167,1,10,8,10,10,3,10,10,10,10,10,10,10,10,10,10,9,9,9,10,10,10,10,10,10,10,10,10,10,10,10,10,10,10,10,10,10,10,10,10,8,8,9,10,10,10,8,8,10,9,10,10,6,8,10,10,10,10,9,9,10,9,9
gc,svn,lufa-lib,/trunk/Projects/AVRISP/Lib/V2Protocol.h,buggy,c,IssueTrue,21991,357,1167,1,1,5,1,2,10,4,10,10,10,10,10,10,10,10,10,9,9,9,10,10,10,10,10,10,10,10,10,10,10,10,10,10,10,10,10,10,10,10,10,8,8,9,1,2,2,2,2,5,3,3,2,3,5,9,7,6,10,9,9,9,7,6
gc,svn,lufa-lib,/trunk/Projects/AVRISP/Lib/V2ProtocolTarget.c,buggy,c,IssueTrue,21991,357,1167,1,6,7,7,10,6,8,10,10,10,10,10,10,10,10,10,9,9,9,10,10,10,10,10,10,10,10,10,10,10,10,10,10,10,10,10,10,10,10,10,8,8,9,9,9,8,7,7,9,6,7,6,6,10,6,5,5,5,5,5,2,3,3
gc,svn,lufa-lib,/trunk/Projects/Benito/Benito.c,buggy,c,IssueTrue,21991,357,1167,1,8,8,8,10,5,9,10,10,10,10,10,10,10,10,10,9,9,9,10,10,10,10,10,10,10,10,10,10,10,10,10,10,10,10,10,10,10,10,10,8,8,9,8,9,9,7,8,10,8,10,9,10,8,8,8,8,7,7,8,7,9,9
gc,svn,lufa-lib,/trunk/Projects/Benito/Benito.h,clean,c,IssueTrue,21991,357,1167,1,1,6,2,2,10,4,10,10,10,10,10,10,10,10,10,9,9,9,10,10,10,10,10,10,10,10,10,10,10,10,10,10,10,10,10,10,10,10,10,8,8,9,1,2,2,2,2,5,3,3,2,8,8,6,6,6,8,8,8,2,5,4
gc,svn,lufa-lib,/trunk/Projects/Benito/Descriptors.c,clean,c,IssueTrue,21991,357,1167,1,8,7,6,9,4,8,10,10,10,10,10,10,10,10,10,9,9,9,10,10,10,10,10,10,10,10,10,10,10,10,10,10,10,10,10,10,10,10,10,8,8,9,10,9,6,10,8,9,7,7,3,6,5,4,4,3,5,4,5,5,4,5
gc,svn,lufa-lib,/trunk/Projects/Magstripe/Descriptors.c,clean,c,IssueTrue,21991,357,1167,1,8,8,6,9,5,8,10,10,10,10,10,10,10,10,10,9,9,9,10,10,10,10,10,10,10,10,10,10,10,10,10,10,10,10,10,10,10,10,10,8,8,9,10,9,6,10,9,9,7,7,3,10,9,4,4,3,5,4,5,8,10,9
gc,svn,lufa-lib,/trunk/Projects/Magstripe/Descriptors.h,clean,c,IssueTrue,21991,357,1167,1,1,6,1,2,10,4,10,10,10,10,10,10,10,10,10,9,9,9,10,10,10,10,10,10,10,10,10,10,10,10,10,10,10,10,10,10,10,10,10,8,8,9,1,2,2,2,2,5,3,3,2,6,5,4,5,4,10,9,9,5,4,5
gc,svn,lufa-lib,/trunk/Projects/Magstripe/Lib/CircularBitBuffer.h,clean,c,IssueTrue,21991,357,1167,1,2,7,2,2,9,4,10,10,10,10,10,10,10,10,10,9,9,9,10,10,10,10,10,10,10,10,10,10,10,10,10,10,10,10,10,10,10,10,10,8,8,9,1,2,2,2,2,5,3,3,2,5,5,4,4,3,5,4,5,6,5,4
gc,svn,lufa-lib,/trunk/Projects/Magstripe/Magstripe.c,buggy,c,IssueTrue,21991,357,1167,1,7,8,7,10,6,9,10,10,10,10,10,10,10,10,10,9,9,9,10,10,10,10,10,10,10,10,10,10,10,10,10,10,10,10,10,10,10,10,10,8,8,9,7,7,8,4,6,9,7,8,8,10,10,7,9,9,10,10,10,9,10,10
gc,svn,lufa-lib,/trunk/Projects/Magstripe/Magstripe.h,clean,c,IssueTrue,21991,357,1167,1,2,7,2,2,9,4,10,10,10,10,10,10,10,10,10,9,9,9,10,10,10,10,10,10,10,10,10,10,10,10,10,10,10,10,10,10,10,10,10,8,8,9,1,2,2,2,2,5,3,3,2,10,10,6,6,7,9,9,9,5,6,8
gc,svn,lufa-lib,/trunk/Projects/MissileLauncher/ConfigDescriptor.c,buggy,c,IssueTrue,21991,357,1167,1,6,8,5,10,7,9,10,10,10,10,10,10,10,10,10,9,9,9,10,10,10,10,10,10,10,10,10,10,10,10,10,10,10,10,10,10,10,10,10,8,8,9,10,9,8,6,5,8,6,7,4,6,8,6,7,5,9,8,8,7,7,6
gc,svn,lufa-lib,/trunk/Projects/MissileLauncher/MissileLauncher.c,buggy,c,IssueTrue,21991,357,1167,1,8,9,9,10,6,8,10,10,10,10,10,10,10,10,10,9,9,9,10,10,10,10,10,10,10,10,10,10,10,10,10,10,10,10,10,10,10,10,10,8,8,9,7,9,9,4,8,10,8,9,9,9,10,4,5,4,6,6,6,7,7,8
gc,svn,lufa-lib,/trunk/Projects/MissileLauncher/MissileLauncher.h,buggy,c,IssueTrue,21991,357,1167,1,1,6,2,2,9,4,10,10,10,10,10,10,10,10,10,9,9,9,10,10,10,10,10,10,10,10,10,10,10,10,10,10,10,10,10,10,10,10,10,8,8,9,1,2,2,2,2,5,3,3,2,3,8,4,4,3,5,4,5,8,5,4
