Host,Vcs,Project,File,Buggy,PL,IssueTracking,TLOC,TNF,TNC,TND,LOC,CL,NStmt,NFunc,RCC,MNL,avg_WMC,max_WMC,total_WMC,avg_DIT,max_DIT,total_DIT,avg_RFC,max_RFC,total_RFC,avg_NOC,max_NOC,total_NOC,avg_CBO,max_CBO,total_CBO,avg_DIT.1,max_DIT.1,total_DIT.1,avg_NIV,max_NIV,total_NIV,avg_NIM,max_NIM,total_NIM,avg_NOM,max_NOM,total_NOM,avg_NPBM,max_NPBM,total_NPBM,avg_NPM,max_NPM,total_NPM,avg_NPRM,max_NPRM,total_NPRM,avg_CC,max_CC,total_CC,avg_FANIN,max_FANIN,total_FANIN,avg_FANOUT,max_FANOUT,total_FANOUT,NRev,NFix,avg_AddedLOC,max_AddedLOC,total_AddedLOC,avg_DeletedLOC,max_DeletedLOC,total_DeletedLOC,avg_ModifiedLOC,max_ModifiedLOC,total_ModifiedLOC
sf,svn,m-m-m,/trunk/mmm-util/mmm-util-core/src/main/java/net/sf/mmm/util/NlsBundleUtilCore.java,buggy,java,IssueFalse,8533,161,327,2,5,7,6,2,8,4,1,1,1,9,9,8,6,6,5,9,9,9,2,3,3,9,9,8,6,6,6,2,2,2,1,1,1,1,2,3,9,9,9,8,9,9,2,2,2,2,2,3,1,2,2,6,9,9,9,9,5,5,5,3,3,4
sf,svn,m-m-m,/trunk/mmm-util/mmm-util-core/src/main/java/net/sf/mmm/util/date/base/Iso8601UtilImpl.java,clean,java,IssueFalse,8533,161,327,2,9,9,10,9,6,10,10,10,10,5,5,5,9,9,8,9,9,9,9,9,9,5,5,5,6,6,6,10,10,10,10,10,9,10,10,9,9,9,9,10,10,10,9,9,10,9,9,10,8,7,9,3,7,7,7,6,7,6,6,5,4,4
sf,svn,m-m-m,/trunk/mmm-util/mmm-util-core/src/main/java/net/sf/mmm/util/file/base/FileUtilImpl.java,buggy,java,IssueFalse,8533,161,327,2,10,10,10,10,6,10,10,10,10,6,9,9,9,10,9,9,9,9,8,10,10,6,9,9,9,9,9,10,10,10,9,10,10,9,10,10,10,10,10,10,10,10,9,10,10,6,8,10,9,9,10,5,9,9,9,9,7,7,7,5,5,5
sf,svn,m-m-m,/trunk/mmm-util/mmm-util-core/src/main/java/net/sf/mmm/util/filter/base/ConstantFilter.java,buggy,java,IssueFalse,8533,161,327,2,3,4,3,5,8,7,5,4,4,5,5,5,7,7,6,9,9,9,1,2,2,5,5,5,6,6,6,5,5,4,4,5,4,4,5,5,9,9,9,10,10,10,8,7,5,6,7,5,2,3,2,3,7,4,5,5,5,5,5,3,3,3
sf,svn,m-m-m,/trunk/mmm-util/mmm-util-core/src/main/java/net/sf/mmm/util/io/api/ByteArray.java,buggy,java,IssueFalse,8533,161,327,2,1,8,2,7,10,4,5,4,4,5,5,5,5,5,4,10,10,10,1,2,2,5,5,5,6,6,6,8,7,7,7,7,6,1,2,3,9,9,9,8,9,9,4,4,5,9,8,8,2,3,3,8,9,8,10,9,5,5,5,5,6,7
sf,svn,m-m-m,/trunk/mmm-util/mmm-util-core/src/main/java/net/sf/mmm/util/io/api/ByteArrayBuffer.java,buggy,java,IssueFalse,8533,161,327,2,1,4,1,3,10,4,2,1,1,10,10,9,8,8,7,9,9,9,1,2,2,10,10,9,6,6,6,3,3,3,2,2,2,1,2,3,9,9,9,8,9,9,4,4,3,2,2,3,1,2,2,7,9,4,6,6,9,9,9,4,5,6
sf,svn,m-m-m,/trunk/mmm-util/mmm-util-core/src/main/java/net/sf/mmm/util/io/api/ByteBuffer.java,buggy,java,IssueFalse,8533,161,327,2,1,1,1,2,10,4,1,1,1,9,9,8,6,6,5,10,10,10,1,2,2,9,9,8,6,6,6,2,2,2,1,1,1,1,2,3,9,9,9,8,9,9,2,2,2,2,2,3,1,2,2,5,9,3,5,5,9,8,8,4,4,4
sf,svn,m-m-m,/trunk/mmm-util/mmm-util-core/src/main/java/net/sf/mmm/util/io/api/ByteProvider.java,buggy,java,IssueFalse,8533,161,327,2,1,2,1,3,10,4,2,1,1,1,1,2,4,4,3,10,10,10,1,2,2,1,1,2,6,6,6,3,3,3,2,2,2,1,2,3,9,9,9,8,9,9,4,4,3,5,4,4,2,3,2,3,9,3,4,4,10,8,8,3,3,3
sf,svn,m-m-m,/trunk/mmm-util/mmm-util-core/src/main/java/net/sf/mmm/util/io/api/ComposedByteBuffer.java,buggy,java,IssueFalse,8533,161,327,2,1,8,1,5,10,4,3,3,2,10,10,9,7,7,6,10,10,10,2,3,3,10,10,9,6,6,6,6,5,5,4,5,4,1,2,3,9,9,9,8,9,9,4,4,4,3,3,4,2,3,2,7,9,8,9,9,8,8,8,6,6,8
sf,svn,m-m-m,/trunk/mmm-util/mmm-util-core/src/main/java/net/sf/mmm/util/io/api/spi/DetectorStreamBuffer.java,buggy,java,IssueFalse,8533,161,327,2,1,7,2,6,10,4,4,4,3,10,10,10,8,8,7,10,10,10,2,3,3,10,10,10,6,6,6,8,7,7,6,6,6,1,2,3,9,9,9,8,9,9,4,4,5,2,3,4,2,3,2,6,9,6,7,7,10,9,9,6,6,7
sf,svn,m-m-m,/trunk/mmm-util/mmm-util-core/src/main/java/net/sf/mmm/util/io/api/spi/DetectorStreamProcessor.java,buggy,java,IssueFalse,8533,161,327,2,1,7,1,3,10,4,2,1,1,1,1,2,4,4,3,10,10,10,3,5,4,1,1,2,6,6,6,3,3,3,2,2,2,1,2,3,9,9,9,8,9,9,4,4,3,3,3,3,1,2,2,5,7,8,7,8,7,7,7,7,6,7
sf,svn,m-m-m,/trunk/mmm-util/mmm-util-core/src/main/java/net/sf/mmm/util/io/api/spi/DetectorStreamProcessorFactory.java,buggy,java,IssueFalse,8533,161,327,2,1,6,1,4,10,4,2,2,2,1,1,2,4,5,4,10,10,10,2,3,3,1,1,2,6,6,6,5,5,4,3,4,3,1,2,3,9,9,9,8,9,9,4,4,3,2,3,3,2,3,2,5,7,3,5,5,5,5,5,6,5,6
sf,svn,m-m-m,/trunk/mmm-util/mmm-util-core/src/main/java/net/sf/mmm/util/io/base/AbstractDetectorStream.java,buggy,java,IssueFalse,8533,161,327,2,3,5,4,7,9,4,5,4,4,5,5,5,7,8,6,10,10,10,4,5,5,5,5,5,9,8,8,8,7,7,7,7,6,7,7,7,10,10,10,8,9,9,4,4,5,4,6,6,4,5,4,3,7,5,5,5,5,5,5,5,4,4
sf,svn,m-m-m,/trunk/mmm-util/mmm-util-core/src/main/java/net/sf/mmm/util/io/base/AbstractDetectorStreamProcessorFactory.java,buggy,java,IssueFalse,8533,161,327,2,1,2,2,4,9,4,2,2,2,5,5,5,6,7,5,9,9,9,1,2,2,5,5,5,6,6,6,5,5,4,3,4,3,4,5,5,9,9,9,8,9,9,4,4,3,2,2,3,2,3,2,3,7,4,5,5,5,5,5,3,3,3
sf,svn,m-m-m,/trunk/mmm-util/mmm-util-core/src/main/java/net/sf/mmm/util/io/base/AbstractDetectorStreamProvider.java,buggy,java,IssueFalse,8533,161,327,2,5,6,5,7,8,7,7,6,5,9,9,8,8,8,7,10,10,10,7,8,8,9,9,8,7,7,7,9,8,8,7,7,7,8,8,8,10,10,9,8,9,9,6,6,6,4,6,6,5,5,4,5,7,4,5,5,5,5,5,4,4,4
sf,svn,m-m-m,/trunk/mmm-util/mmm-util-core/src/main/java/net/sf/mmm/util/io/base/ByteArrayImpl.java,buggy,java,IssueFalse,8533,161,327,2,4,7,4,8,9,4,6,5,5,9,9,8,8,9,7,10,10,10,2,3,3,9,9,8,9,8,8,9,9,8,8,8,8,8,9,8,10,10,9,8,9,9,4,4,6,6,9,8,3,5,4,5,9,7,7,7,10,10,10,8,8,8
sf,svn,m-m-m,/trunk/mmm-util/mmm-util-core/src/main/java/net/sf/mmm/util/io/base/EscapeWriter.java,buggy,java,IssueFalse,8533,161,327,2,5,7,5,6,8,10,7,6,5,9,9,8,9,9,8,9,9,9,3,5,4,9,9,8,8,8,7,8,7,7,6,6,6,7,8,7,9,9,9,8,9,9,8,8,6,6,7,6,5,5,4,3,7,4,5,5,5,5,5,3,3,3
sf,svn,m-m-m,/trunk/mmm-util/mmm-util-core/src/main/java/net/sf/mmm/util/io/base/StreamUtilImpl.java,buggy,java,IssueFalse,8533,161,327,2,10,10,10,10,7,9,7,9,10,9,10,10,8,9,10,10,10,10,5,10,10,9,10,10,8,8,10,8,10,10,7,10,10,7,10,10,10,10,10,8,9,9,6,8,10,6,7,10,6,7,9,3,7,6,6,6,5,5,5,3,3,3
sf,svn,m-m-m,/trunk/mmm-util/mmm-util-core/src/main/java/net/sf/mmm/util/io/impl/AbstractByteArrayBufferBuffer.java,buggy,java,IssueFalse,8533,161,327,2,9,9,10,9,6,9,10,10,9,5,5,5,9,9,8,9,9,9,8,8,8,5,5,5,10,9,9,10,10,9,9,9,9,9,9,9,10,10,10,8,9,9,9,9,10,9,8,10,8,8,9,9,9,10,10,10,10,10,10,5,5,8
sf,svn,m-m-m,/trunk/mmm-util/mmm-util-core/src/main/java/net/sf/mmm/util/io/impl/BufferInputStream.java,buggy,java,IssueFalse,8533,161,327,2,8,9,9,9,7,9,8,9,8,6,9,9,8,9,9,9,9,9,4,7,7,6,9,9,9,9,9,9,9,9,7,9,9,8,9,9,9,10,9,9,10,10,8,8,9,7,8,9,6,7,7,3,7,4,5,5,5,5,5,8,6,6
sf,svn,m-m-m,/trunk/mmm-util/mmm-util-core/src/main/java/net/sf/mmm/util/io/impl/DetectorStreamBufferImpl.java,buggy,java,IssueFalse,8533,161,327,2,9,9,10,10,6,10,9,10,10,6,9,9,8,9,9,9,9,9,7,9,9,6,9,9,10,10,10,9,10,10,8,10,10,9,10,10,10,10,10,9,10,10,8,9,10,8,10,10,6,9,8,7,9,10,10,10,7,7,8,8,7,9
sf,svn,m-m-m,/trunk/mmm-util/mmm-util-core/src/main/java/net/sf/mmm/util/io/impl/DetectorStreamProviderImpl.java,buggy,java,IssueFalse,8533,161,327,2,2,2,3,5,8,4,3,3,2,10,10,9,8,8,7,9,9,9,5,6,6,10,10,9,6,6,6,6,5,5,4,5,4,6,6,6,9,9,9,8,9,9,4,4,4,4,4,4,4,3,3,3,7,4,5,5,5,5,5,3,3,3
sf,svn,m-m-m,/trunk/mmm-util/mmm-util-core/src/main/java/net/sf/mmm/util/io/impl/ProcessableDetectorInputStream.java,buggy,java,IssueFalse,8533,161,327,2,7,8,8,8,7,9,7,8,7,9,10,10,9,9,9,9,9,9,5,7,8,9,10,10,8,8,8,7,8,8,5,7,8,7,8,8,9,10,9,8,9,9,8,9,8,6,7,8,6,5,6,8,9,10,10,10,8,9,9,7,7,8
sf,svn,m-m-m,/trunk/mmm-util/mmm-util-core/src/main/java/net/sf/mmm/util/io/impl/ProcessableDetectorOutputStream.java,buggy,java,IssueFalse,8533,161,327,2,5,7,6,8,8,7,4,5,5,9,10,10,8,9,9,9,9,9,5,7,8,9,10,10,7,7,7,7,8,8,5,7,8,7,8,9,9,9,9,8,9,9,5,6,6,5,7,7,4,6,5,6,9,9,9,9,10,9,9,7,6,7
sf,svn,m-m-m,/trunk/mmm-util/mmm-util-core/src/main/java/net/sf/mmm/util/io/impl/ProcessableDetectorStream.java,buggy,java,IssueFalse,8533,161,327,2,4,7,5,5,9,7,4,4,3,9,9,8,8,8,7,10,10,10,6,7,7,9,9,8,8,8,7,7,6,6,5,6,5,6,6,6,10,10,9,8,9,9,5,6,5,9,7,7,6,6,4,7,9,9,9,10,8,8,8,8,7,8
sf,svn,m-m-m,/trunk/mmm-util/mmm-util-core/src/main/java/net/sf/mmm/util/nls/api/NlsNullPointerException.java,buggy,java,IssueFalse,8533,161,327,2,2,7,2,5,10,7,4,3,3,10,10,9,7,7,6,9,9,9,4,5,5,10,10,9,6,6,6,5,5,4,4,5,4,6,6,6,9,9,9,8,9,9,6,6,4,8,8,6,4,3,3,3,7,10,9,9,5,5,5,3,3,3
sf,svn,m-m-m,/trunk/mmm-util/mmm-util-core/src/main/java/net/sf/mmm/util/nls/api/NlsRuntimeException.java,buggy,java,IssueFalse,8533,161,327,2,1,4,2,4,10,4,2,2,2,9,9,8,6,7,5,10,10,10,4,5,5,9,9,8,6,6,6,5,5,4,3,4,3,4,5,5,9,9,9,8,9,9,4,4,3,10,10,8,6,4,3,3,9,3,4,4,7,6,6,8,7,7
sf,svn,m-m-m,/trunk/mmm-util/mmm-util-core/src/main/java/net/sf/mmm/util/nls/base/ResourceBundleSynchronizer.java,buggy,java,IssueFalse,8533,161,327,2,9,9,10,9,7,10,10,9,9,5,5,5,9,9,8,9,9,9,10,10,10,5,5,5,10,9,9,10,10,10,10,10,10,10,10,10,9,9,9,8,9,9,8,10,10,6,8,9,8,10,9,3,7,10,9,8,10,8,8,9,7,7
sf,svn,m-m-m,/trunk/mmm-util/mmm-util-core/src/main/java/net/sf/mmm/util/nls/impl/NlsFormatterDateIso8601.java,clean,java,IssueFalse,8533,161,327,2,2,2,2,4,9,4,2,2,2,9,9,8,6,7,5,9,9,9,5,6,6,9,9,8,6,6,6,5,5,4,3,4,3,3,4,4,10,10,9,8,9,9,4,4,3,3,4,4,3,3,2,3,7,3,4,4,7,6,6,5,4,4
sf,svn,m-m-m,/trunk/mmm-util/mmm-util-core/src/main/java/net/sf/mmm/util/nls/impl/NlsFormatterDateTimeIso8601.java,clean,java,IssueFalse,8533,161,327,2,2,2,2,4,9,4,2,2,2,9,9,8,6,7,5,9,9,9,5,6,6,9,9,8,6,6,6,5,5,4,3,4,3,3,4,4,10,10,9,8,9,9,4,4,3,3,4,4,3,3,2,3,7,3,4,4,7,6,6,5,4,4
sf,svn,m-m-m,/trunk/mmm-util/mmm-util-core/src/main/java/net/sf/mmm/util/nls/impl/NlsFormatterTimeIso8601.java,clean,java,IssueFalse,8533,161,327,2,2,2,2,4,9,4,2,2,2,9,9,8,6,7,5,9,9,9,5,6,6,9,9,8,6,6,6,5,5,4,3,4,3,3,4,4,10,10,9,8,9,9,4,4,3,3,4,4,3,3,2,3,7,3,4,4,7,6,6,5,4,4
sf,svn,m-m-m,/trunk/mmm-util/mmm-util-core/src/main/java/net/sf/mmm/util/reflect/api/AccessFailedException.java,buggy,java,IssueFalse,8533,161,327,2,1,4,2,4,10,4,2,2,2,10,10,10,7,8,6,9,9,9,4,5,5,10,10,10,6,6,6,5,5,4,3,4,3,4,5,5,9,9,9,8,9,9,4,4,3,7,5,5,4,3,2,3,7,3,4,4,5,5,5,6,5,5
sf,svn,m-m-m,/trunk/mmm-util/mmm-util-core/src/main/java/net/sf/mmm/util/reflect/api/InstantiationFailedException.java,buggy,java,IssueFalse,8533,161,327,2,1,4,2,4,10,4,2,2,2,10,10,10,7,8,6,9,9,9,3,5,4,10,10,10,6,6,6,5,5,4,3,4,3,4,5,5,9,9,9,8,9,9,4,4,3,7,6,5,4,3,2,3,7,3,4,4,5,5,5,6,5,5
sf,svn,m-m-m,/trunk/mmm-util/mmm-util-core/src/main/java/net/sf/mmm/util/reflect/api/InvocationFailedException.java,buggy,java,IssueFalse,8533,161,327,2,2,5,2,4,10,4,2,2,2,10,10,10,7,8,6,9,9,9,3,5,4,10,10,10,6,6,6,5,5,4,3,4,3,4,5,5,9,9,9,8,9,9,4,4,3,7,6,5,6,4,3,3,7,3,4,4,5,5,5,6,5,5
sf,svn,m-m-m,/trunk/mmm-util/mmm-util-core/src/main/java/net/sf/mmm/util/reflect/api/ReflectionUtil.java,buggy,java,IssueFalse,8533,161,327,2,5,10,5,10,10,4,9,8,8,9,9,8,9,9,8,10,10,10,9,9,9,9,9,8,9,8,8,10,10,10,10,10,10,1,2,3,9,9,9,8,9,9,4,4,8,2,4,4,2,3,5,5,7,10,10,10,5,5,5,7,6,7
sf,svn,m-m-m,/trunk/mmm-util/mmm-util-core/src/main/java/net/sf/mmm/util/reflect/base/AnnotationUtilImpl.java,buggy,java,IssueFalse,8533,161,327,2,8,8,9,8,6,9,9,9,8,5,5,5,8,8,7,9,9,9,8,9,8,5,5,5,7,7,7,9,9,8,8,8,8,8,8,8,10,10,10,10,10,10,9,8,9,7,7,8,7,7,6,3,7,4,5,5,7,6,6,7,6,5
sf,svn,m-m-m,/trunk/mmm-util/mmm-util-core/src/main/java/net/sf/mmm/util/reflect/base/CollectionReflectionUtilImpl.java,buggy,java,IssueFalse,8533,161,327,2,9,8,10,9,5,9,10,10,10,9,9,8,9,9,8,9,9,9,9,9,9,9,9,8,8,8,7,10,10,9,9,9,9,10,10,9,10,10,10,8,9,9,9,10,10,6,8,9,9,10,9,3,7,4,5,5,7,6,6,6,5,4
sf,svn,m-m-m,/trunk/mmm-util/mmm-util-core/src/main/java/net/sf/mmm/util/reflect/base/ReflectionUtilImpl.java,buggy,java,IssueFalse,8533,161,327,2,10,10,10,10,5,10,10,10,10,9,9,8,10,10,9,9,9,9,10,10,10,9,9,8,6,6,6,10,10,10,10,10,10,10,10,10,10,10,10,10,10,10,9,10,10,7,8,10,8,10,10,7,7,10,10,10,10,10,10,9,9,9
sf,svn,m-m-m,/trunk/mmm-util/mmm-util-core/src/main/java/net/sf/mmm/util/reflect/base/ResourceCollector.java,buggy,java,IssueFalse,8533,161,327,2,2,4,3,5,9,7,4,3,3,5,5,5,7,7,6,9,9,9,3,5,4,5,5,5,8,8,7,6,5,5,4,5,4,6,6,6,9,9,9,8,9,9,6,6,4,5,5,5,4,4,3,5,7,4,5,5,5,5,5,4,4,4
sf,svn,m-m-m,/trunk/mmm-util/mmm-util-core/src/main/java/net/sf/mmm/util/reflect/base/ResourceNameCollector.java,buggy,java,IssueFalse,8533,161,327,2,2,4,3,5,9,7,4,3,3,5,5,5,7,7,6,9,9,9,2,4,4,5,5,5,8,8,7,6,5,5,4,5,4,6,6,6,9,9,9,8,9,9,6,6,4,5,5,5,4,4,3,5,7,4,5,5,5,5,5,4,4,4
sf,svn,m-m-m,/trunk/mmm-util/mmm-util-core/src/main/java/net/sf/mmm/util/reflect/base/ResourceVisitor.java,buggy,java,IssueFalse,8533,161,327,2,1,4,1,4,10,4,2,2,2,1,1,2,4,5,4,10,10,10,2,3,3,1,1,2,6,6,6,5,5,4,3,4,3,1,2,3,9,9,9,8,9,9,4,4,3,5,4,4,1,3,2,3,7,4,5,5,5,5,5,3,3,3
sf,svn,m-m-m,/trunk/mmm-util/mmm-util-core/src/main/java/net/sf/mmm/util/transformer/base/StringTransformerChainXmlParser.java,clean,java,IssueFalse,8533,161,327,2,7,8,8,7,8,10,8,7,7,5,5,5,7,8,6,9,9,9,9,9,9,5,5,5,8,8,7,8,7,7,7,7,6,8,8,8,9,9,9,8,9,9,9,9,8,8,8,8,10,9,7,3,7,9,8,8,7,6,6,6,5,4
sf,svn,m-m-m,/trunk/mmm-util/mmm-util-core/src/main/java/net/sf/mmm/util/value/api/ValueOutOfRangeException.java,buggy,java,IssueFalse,8533,161,327,2,3,6,3,5,9,8,4,4,3,10,10,10,8,8,7,9,9,9,2,4,4,10,10,10,6,6,6,5,5,4,4,5,4,6,6,6,9,9,9,8,9,9,7,7,5,9,8,7,6,4,3,5,7,9,9,9,5,5,5,4,4,4
sf,svn,m-m-m,/trunk/mmm-util/mmm-util-core/src/main/java/net/sf/mmm/util/value/api/ValueParseException.java,buggy,java,IssueFalse,8533,161,327,2,1,4,2,4,10,4,2,2,2,10,10,10,7,8,6,10,10,10,2,4,4,10,10,10,6,6,6,5,5,4,3,4,3,4,5,5,9,9,9,8,9,9,4,4,3,9,7,6,4,3,2,3,7,3,4,4,5,5,5,5,4,4
sf,svn,m-m-m,/trunk/mmm-util/mmm-util-core/src/main/java/net/sf/mmm/util/value/api/ValueParseGenericException.java,buggy,java,IssueFalse,8533,161,327,2,2,6,3,5,10,4,4,3,3,10,10,10,8,8,7,9,9,9,3,5,4,10,10,10,6,6,6,7,6,6,5,6,5,7,7,7,9,9,9,8,9,9,4,4,4,9,8,7,4,3,3,3,7,3,4,4,5,5,5,6,5,4
sf,svn,m-m-m,/trunk/mmm-util/mmm-util-core/src/main/java/net/sf/mmm/util/value/impl/AbstractConverterToArray.java,buggy,java,IssueFalse,8533,161,327,2,6,4,7,5,5,10,8,7,6,9,9,8,7,7,6,10,10,10,6,7,7,9,9,8,6,6,6,7,6,6,5,6,5,6,6,6,10,10,9,8,9,9,9,10,8,6,8,6,9,9,5,5,7,4,5,5,5,5,5,3,3,4
sf,svn,m-m-m,/trunk/mmm-util/mmm-util-core/src/main/java/net/sf/mmm/util/value/impl/ComposedValueConverterImpl.java,clean,java,IssueFalse,8533,161,327,2,9,10,10,10,7,10,9,9,10,6,9,10,8,8,9,9,10,10,7,9,10,6,9,10,7,8,9,9,9,10,7,8,10,7,8,9,10,10,10,9,10,10,9,10,10,7,8,9,8,9,9,3,7,4,5,5,5,5,5,3,3,3
sf,svn,m-m-m,/trunk/mmm-util/mmm-util-core/src/main/java/net/sf/mmm/util/value/impl/DefaultComposedValueConverter.java,clean,java,IssueFalse,8533,161,327,2,4,3,5,5,7,7,4,4,3,10,10,9,8,9,7,9,9,9,8,9,8,10,10,9,6,6,6,6,5,5,4,5,4,4,5,5,10,10,9,8,9,9,7,7,5,3,4,4,9,8,4,5,7,5,6,6,5,5,5,4,4,4
sf,svn,m-m-m,/trunk/mmm-util/mmm-util-core/src/main/java/net/sf/mmm/util/value/impl/ValueConverterToArrayOfBoolean.java,buggy,java,IssueFalse,8533,161,327,2,1,2,1,4,9,4,2,2,2,10,10,9,7,8,6,9,9,9,2,3,3,10,10,9,6,6,6,5,5,4,3,4,3,4,5,5,9,9,9,8,9,9,4,4,3,3,3,4,3,3,2,3,7,4,5,5,5,5,5,3,3,3
sf,svn,m-m-m,/trunk/mmm-util/mmm-util-core/src/main/java/net/sf/mmm/util/value/impl/ValueConverterToArrayOfByte.java,buggy,java,IssueFalse,8533,161,327,2,1,2,1,4,9,4,2,2,2,10,10,9,7,8,6,9,9,9,2,3,3,10,10,9,6,6,6,5,5,4,3,4,3,4,5,5,9,9,9,8,9,9,4,4,3,3,3,4,3,3,2,3,7,4,5,5,5,5,5,3,3,3
sf,svn,m-m-m,/trunk/mmm-util/mmm-util-core/src/main/java/net/sf/mmm/util/value/impl/ValueConverterToArrayOfDouble.java,buggy,java,IssueFalse,8533,161,327,2,1,2,1,4,9,4,2,2,2,10,10,9,7,8,6,9,9,9,2,3,3,10,10,9,6,6,6,5,5,4,3,4,3,4,5,5,9,9,9,8,9,9,4,4,3,3,3,4,3,3,2,3,7,4,5,5,5,5,5,3,3,3
sf,svn,m-m-m,/trunk/mmm-util/mmm-util-core/src/main/java/net/sf/mmm/util/value/impl/ValueConverterToArrayOfFloat.java,buggy,java,IssueFalse,8533,161,327,2,1,2,1,4,9,4,2,2,2,10,10,9,7,8,6,9,9,9,2,3,3,10,10,9,6,6,6,5,5,4,3,4,3,4,5,5,9,9,9,8,9,9,4,4,3,3,3,4,3,3,2,3,7,4,5,5,5,5,5,3,3,3
sf,svn,m-m-m,/trunk/mmm-util/mmm-util-core/src/main/java/net/sf/mmm/util/value/impl/ValueConverterToArrayOfInt.java,buggy,java,IssueFalse,8533,161,327,2,1,2,1,4,9,4,2,2,2,10,10,9,7,8,6,9,9,9,2,3,3,10,10,9,6,6,6,5,5,4,3,4,3,4,5,5,9,9,9,8,9,9,4,4,3,3,3,4,3,3,2,3,7,4,5,5,7,6,6,3,3,3
sf,svn,m-m-m,/trunk/mmm-util/mmm-util-core/src/main/java/net/sf/mmm/util/value/impl/ValueConverterToArrayOfLong.java,buggy,java,IssueFalse,8533,161,327,2,1,2,1,4,9,4,2,2,2,10,10,9,7,8,6,9,9,9,2,3,3,10,10,9,6,6,6,5,5,4,3,4,3,4,5,5,9,9,9,8,9,9,4,4,3,3,3,4,3,3,2,3,7,4,5,5,5,5,5,3,3,3
sf,svn,m-m-m,/trunk/mmm-util/mmm-util-core/src/main/java/net/sf/mmm/util/value/impl/ValueConverterToArrayOfObject.java,buggy,java,IssueFalse,8533,161,327,2,1,2,1,4,9,4,2,2,2,10,10,9,7,8,6,9,9,9,2,3,3,10,10,9,6,6,6,5,5,4,3,4,3,4,5,5,9,9,9,8,9,9,4,4,3,3,3,4,3,3,2,3,7,4,5,5,7,6,6,3,3,3
sf,svn,m-m-m,/trunk/mmm-util/mmm-util-core/src/main/java/net/sf/mmm/util/value/impl/ValueConverterToArrayOfShort.java,buggy,java,IssueFalse,8533,161,327,2,1,2,1,4,9,4,2,2,2,10,10,9,7,8,6,9,9,9,2,3,3,10,10,9,6,6,6,5,5,4,3,4,3,4,5,5,9,9,9,8,9,9,4,4,3,3,3,4,3,3,2,3,7,4,5,5,5,5,5,3,3,3
sf,svn,m-m-m,/trunk/mmm-util/mmm-util-core/src/main/java/net/sf/mmm/util/value/impl/ValueConverterToCollection.java,clean,java,IssueFalse,8533,161,327,2,7,5,8,7,5,9,8,7,7,9,9,8,8,8,7,9,9,9,7,8,8,9,9,8,7,7,7,9,8,8,7,7,7,7,8,7,10,10,10,8,9,9,8,9,8,3,5,6,7,9,6,3,7,4,5,5,5,5,5,3,3,3
sf,svn,m-m-m,/trunk/mmm-util/mmm-util-core/src/main/java/net/sf/mmm/util/xml/base/DomUtilImpl.java,buggy,java,IssueFalse,8533,161,327,2,10,10,10,10,6,9,10,10,10,9,9,8,10,10,9,9,9,9,10,10,10,9,9,8,9,8,8,10,10,10,10,10,10,10,10,10,10,10,10,10,10,10,9,10,10,7,9,10,8,9,10,3,7,4,5,5,8,7,7,7,6,5
sf,svn,m-m-m,/trunk/mmm-util/mmm-util-core/src/main/java/net/sf/mmm/util/xml/base/XmlUtilImpl.java,buggy,java,IssueFalse,8533,161,327,2,10,8,10,7,3,10,10,9,9,9,9,8,8,8,7,9,9,9,9,9,9,9,9,8,6,6,6,9,8,8,7,8,7,8,9,8,9,9,9,8,9,9,10,10,10,6,6,7,8,9,7,3,7,6,6,6,5,5,5,3,3,3
sf,svn,m-m-m,/trunk/mmm-util/mmm-util-core/src/test/java/net/sf/mmm/util/lang/base/BasicUtilSpringTest.java,clean,java,IssueFalse,8533,161,327,2,2,2,2,4,8,4,2,2,2,9,9,8,6,7,5,9,9,9,2,4,4,9,9,8,6,6,6,3,3,3,3,4,3,4,5,5,9,9,9,8,9,9,4,4,3,3,3,4,4,4,2,3,7,4,5,5,5,5,5,3,3,3
sf,svn,m-m-m,/trunk/mmm-util/mmm-util-core/src/test/java/net/sf/mmm/util/text/base/EnglishSingularizerSpringTest.java,clean,java,IssueFalse,8533,161,327,2,2,2,2,4,8,4,2,2,2,9,9,8,6,7,5,9,9,9,2,4,4,9,9,8,6,6,6,3,3,3,3,4,3,4,5,5,9,9,9,8,9,9,4,4,3,3,3,4,4,4,2,3,7,3,4,4,5,5,5,5,4,4
