Host,Vcs,Project,File,Buggy,PL,IssueTracking,TLOC,TNF,TNC,TND,LOC,CL,NStmt,NFunc,RCC,MNL,avg_WMC,max_WMC,total_WMC,avg_DIT,max_DIT,total_DIT,avg_RFC,max_RFC,total_RFC,avg_NOC,max_NOC,total_NOC,avg_CBO,max_CBO,total_CBO,avg_DIT.1,max_DIT.1,total_DIT.1,avg_NIV,max_NIV,total_NIV,avg_NIM,max_NIM,total_NIM,avg_NOM,max_NOM,total_NOM,avg_NPBM,max_NPBM,total_NPBM,avg_NPM,max_NPM,total_NPM,avg_NPRM,max_NPRM,total_NPRM,avg_CC,max_CC,total_CC,avg_FANIN,max_FANIN,total_FANIN,avg_FANOUT,max_FANOUT,total_FANOUT,NRev,NFix,avg_AddedLOC,max_AddedLOC,total_AddedLOC,avg_DeletedLOC,max_DeletedLOC,total_DeletedLOC,avg_ModifiedLOC,max_ModifiedLOC,total_ModifiedLOC
gc,svn,mcore3d,/trunk/3Party/jkbind/Classes.cpp,clean,cpp,IssueTrue,47369,252,767,3,6,6,6,5,6,7,7,7,7,7,7,5,4,4,3,9,9,9,6,6,6,7,7,5,6,6,6,6,6,6,6,6,6,6,6,6,9,10,10,8,8,9,6,5,5,7,7,8,9,8,8,8,5,5,5,6,7,8,8,4,6,6
gc,svn,mcore3d,/trunk/3Party/jkbind/Declarator.cpp,clean,cpp,IssueTrue,47369,252,767,3,6,2,6,6,2,7,7,7,7,7,7,5,4,4,3,9,9,9,6,6,6,7,7,5,6,6,6,6,6,6,6,6,6,6,6,6,9,10,10,8,8,9,6,5,5,10,9,9,7,7,8,3,5,10,8,7,4,4,5,7,6,5
gc,svn,mcore3d,/trunk/3Party/jkbind/Declarator.h,clean,cpp,IssueTrue,47369,252,767,3,8,9,7,9,5,7,8,8,8,9,10,10,5,6,8,10,10,10,6,8,8,9,10,10,6,8,8,7,8,9,7,8,9,7,8,8,10,10,10,9,9,9,4,3,3,4,5,5,3,2,3,10,10,7,7,9,9,10,10,10,10,10
gc,svn,mcore3d,/trunk/3Party/jkbind/custom/CustomTypes.h,buggy,cpp,IssueTrue,47369,252,767,3,3,1,3,5,2,4,7,7,7,7,7,5,4,4,3,9,9,9,6,6,6,7,7,5,6,6,6,6,6,6,6,6,6,6,6,6,9,10,10,8,8,9,4,3,4,6,7,7,3,3,4,8,9,6,6,6,4,4,5,8,9,8
gc,svn,mcore3d,/trunk/3Party/jkbind/detail/Binding.h,buggy,cpp,IssueTrue,47369,252,767,3,10,8,10,10,2,4,7,7,7,7,7,5,4,4,3,9,9,9,6,6,6,7,7,5,6,6,6,6,6,6,6,6,6,6,6,6,9,10,10,8,8,9,4,3,4,10,10,9,4,4,4,8,9,10,10,10,10,10,10,10,10,10
gc,svn,mcore3d,/trunk/3Party/jkbind/detail/Classes.h,clean,cpp,IssueTrue,47369,252,767,3,5,8,4,5,8,4,8,8,8,7,7,5,5,5,4,9,9,9,6,6,6,7,7,5,6,6,6,6,6,6,8,7,7,8,7,7,9,10,10,9,9,9,2,1,2,2,2,3,2,2,2,8,8,7,8,7,5,6,6,10,10,9
gc,svn,mcore3d,/trunk/3Party/jkbind/detail/Constructors.h,clean,cpp,IssueTrue,47369,252,767,3,3,1,2,4,2,4,7,7,7,7,7,5,4,4,3,9,9,9,6,6,6,7,7,5,6,6,6,6,6,6,6,6,6,6,6,6,9,10,10,8,8,9,2,1,2,2,2,3,2,2,2,3,5,3,3,3,4,4,5,10,9,8
gc,svn,mcore3d,/trunk/3Party/jkbind/detail/Fields.h,buggy,cpp,IssueTrue,47369,252,767,3,3,2,3,4,3,4,7,7,7,7,7,5,4,4,3,9,9,9,6,6,6,7,7,5,6,6,6,6,6,6,6,6,6,6,6,6,9,10,10,8,8,9,2,1,2,2,2,3,2,2,2,7,8,4,4,4,4,4,5,9,9,9
gc,svn,mcore3d,/trunk/3Party/jkbind/detail/ReturnPolicies.h,buggy,cpp,IssueTrue,47369,252,767,3,8,8,7,7,5,4,7,7,7,7,9,8,4,5,4,9,9,9,6,6,7,7,9,8,6,6,6,6,6,6,6,7,8,6,6,7,9,10,10,9,9,9,2,1,2,2,2,3,2,2,2,10,10,7,8,8,4,4,5,10,10,10
gc,svn,mcore3d,/trunk/3Party/squirrel/sqstdlib/sqstdstream.cpp,buggy,cpp,IssueTrue,47369,252,767,3,9,1,10,6,1,8,7,7,7,7,7,5,4,4,3,9,9,9,6,6,6,7,7,5,6,6,6,6,6,6,6,6,6,6,6,6,9,10,10,8,8,9,10,9,9,6,8,8,9,8,9,3,5,3,3,3,4,4,5,3,3,3
gc,svn,mcore3d,/trunk/3Party/squirrel/sqstdlib/sqstdstream.h,buggy,cpp,IssueTrue,47369,252,767,3,1,1,2,1,4,4,7,7,7,7,7,5,4,4,3,9,9,9,6,6,6,7,7,5,6,6,6,6,6,6,6,6,6,6,6,6,9,10,10,8,8,9,2,1,2,2,2,3,2,2,2,3,5,3,3,3,4,4,5,3,3,3
gc,svn,mcore3d,/trunk/3Party/squirrel/squirrel.h,buggy,cpp,IssueTrue,47369,252,767,3,8,8,9,1,5,4,7,7,7,7,7,5,4,4,3,9,9,9,7,9,9,7,7,5,10,10,10,6,6,6,6,6,6,6,6,6,9,10,10,8,8,9,2,1,2,2,2,3,2,2,2,7,10,7,7,7,4,4,5,4,5,5
gc,svn,mcore3d,/trunk/3Party/squirrel/squirrel/sqapi.cpp,clean,cpp,IssueTrue,47369,252,767,3,10,2,10,10,1,9,7,7,7,7,7,5,4,4,3,9,9,9,6,6,6,7,7,5,9,8,8,6,6,6,6,6,6,6,6,6,9,10,10,8,8,9,8,9,10,8,10,10,6,9,10,5,8,4,4,4,5,5,5,3,4,4
gc,svn,mcore3d,/trunk/3Party/squirrel/squirrel/sqbaselib.cpp,clean,cpp,IssueTrue,47369,252,767,3,10,3,10,10,1,10,7,7,7,7,7,5,4,4,3,9,9,9,6,6,6,7,7,5,6,6,6,6,6,6,6,6,6,6,6,6,9,10,10,8,8,9,9,9,10,5,8,10,7,8,10,6,8,4,4,4,7,7,7,10,10,10
gc,svn,mcore3d,/trunk/3Party/squirrel/squirrel/sqcompiler.cpp,buggy,cpp,IssueTrue,47369,252,767,3,10,8,10,10,1,10,10,10,10,7,7,5,9,10,9,9,9,9,7,8,8,7,7,5,10,10,10,10,10,10,10,10,10,10,10,10,9,10,10,8,8,9,10,10,10,10,10,10,9,10,10,6,8,7,6,6,5,6,6,5,4,5
gc,svn,mcore3d,/trunk/3Party/squirrel/squirrel/sqfuncstate.cpp,buggy,cpp,IssueTrue,47369,252,767,3,9,2,10,9,1,9,7,7,7,7,7,5,4,4,3,9,9,9,6,6,6,7,7,5,6,6,6,6,6,6,6,6,6,6,6,6,9,10,10,8,8,9,9,10,9,4,6,9,6,9,9,5,8,4,3,3,4,4,5,2,2,2
gc,svn,mcore3d,/trunk/3Party/squirrel/squirrel/sqlexer.cpp,clean,cpp,IssueTrue,47369,252,767,3,10,2,10,8,1,10,7,7,7,7,7,5,4,4,3,9,9,9,6,6,6,7,7,5,6,6,6,6,6,6,6,6,6,6,6,6,9,10,10,8,8,9,10,10,10,5,6,9,6,8,8,5,8,4,3,3,4,4,5,2,2,2
gc,svn,mcore3d,/trunk/3Party/squirrel/squirrel/sqvm.cpp,buggy,cpp,IssueTrue,47369,252,767,3,10,6,10,10,1,10,7,7,7,7,7,5,4,4,3,9,9,9,6,6,6,7,7,5,6,6,6,6,6,6,6,6,6,6,6,6,9,10,10,8,8,9,10,10,10,10,10,10,9,10,10,5,5,9,8,7,7,6,7,7,6,6
gc,svn,mcore3d,/trunk/3Party/squirrel/squirrel/sqvm.h,clean,cpp,IssueTrue,47369,252,767,3,7,3,8,6,3,4,10,10,10,7,9,8,6,10,10,9,9,9,7,9,9,7,9,8,10,10,10,9,10,10,9,10,10,9,10,10,9,10,10,8,8,9,5,4,4,10,10,10,3,4,5,5,5,3,3,3,4,4,5,3,3,4
gc,svn,mcore3d,/trunk/Launcher/Main.cpp,buggy,cpp,IssueTrue,47369,252,767,3,3,1,3,4,2,7,7,7,7,9,9,8,7,7,6,9,9,9,8,8,8,9,9,8,9,8,8,7,7,7,7,7,7,7,7,7,9,10,10,8,8,9,5,4,3,5,5,6,8,7,6,10,9,9,9,10,10,10,10,4,6,8
gc,svn,mcore3d,/trunk/MCD/Binding/Binding.cpp,buggy,cpp,IssueTrue,47369,252,767,3,7,3,7,7,2,8,7,7,7,7,7,5,4,5,4,9,9,9,6,6,7,7,7,5,7,7,7,6,7,7,6,7,7,7,7,8,9,10,10,8,8,9,5,5,6,8,8,9,5,9,8,10,10,8,8,9,5,6,6,3,6,7
gc,svn,mcore3d,/trunk/MCD/Binding/Binding.h,clean,cpp,IssueTrue,47369,252,767,3,2,5,2,1,10,4,7,7,7,7,7,5,5,5,4,9,9,9,7,7,7,7,7,5,7,7,7,7,7,7,7,7,7,8,8,8,9,10,10,8,8,9,2,1,2,2,2,3,2,2,2,7,9,7,6,7,4,4,5,2,4,4
gc,svn,mcore3d,/trunk/MCD/Binding/ComponentQueue.cpp,buggy,cpp,IssueTrue,47369,252,767,3,7,3,7,8,3,9,7,8,8,9,10,10,6,9,10,9,9,9,7,8,9,9,10,10,7,8,9,6,7,8,6,7,8,7,7,9,9,10,10,8,8,9,6,7,6,6,7,9,4,5,7,8,10,4,5,5,6,7,7,7,7,7
gc,svn,mcore3d,/trunk/MCD/Binding/ComponentQueue.h,clean,cpp,IssueTrue,47369,252,767,3,2,7,2,1,10,4,7,7,7,9,9,8,5,5,4,9,9,9,8,8,8,9,9,8,7,7,7,7,7,7,7,7,7,8,8,8,9,10,10,8,8,9,2,1,2,2,2,3,2,2,2,3,8,5,4,4,4,4,5,3,3,3
gc,svn,mcore3d,/trunk/MCD/Binding/Entity.cpp,buggy,cpp,IssueTrue,47369,252,767,3,5,3,7,7,4,4,7,7,7,7,7,5,4,4,3,9,9,9,6,6,6,7,7,5,6,6,6,6,6,6,6,6,6,6,6,6,9,10,10,8,8,9,5,4,5,6,5,8,3,3,5,7,8,6,6,6,4,4,5,6,7,7
gc,svn,mcore3d,/trunk/MCD/Binding/InputComponent.cpp,clean,cpp,IssueTrue,47369,252,767,3,3,1,6,3,2,4,7,7,7,7,7,5,4,4,3,9,9,9,6,6,6,7,7,5,6,6,6,6,6,6,6,6,6,6,6,6,9,10,10,8,8,9,4,3,2,6,4,5,3,3,2,9,10,4,6,6,7,8,8,8,8,9
gc,svn,mcore3d,/trunk/MCD/Binding/Launcher.cpp,buggy,cpp,IssueTrue,47369,252,767,3,8,6,8,7,3,8,7,7,8,9,10,10,6,9,9,9,9,9,8,9,9,9,10,10,7,7,8,6,7,8,6,7,7,7,7,8,9,10,10,8,8,9,8,6,7,7,6,9,7,8,9,9,10,8,8,8,8,8,9,6,7,8
gc,svn,mcore3d,/trunk/MCD/Binding/Launcher.h,buggy,cpp,IssueTrue,47369,252,767,3,4,4,5,6,7,4,8,8,8,7,9,8,6,7,7,9,9,9,9,10,10,7,9,8,10,10,10,9,9,9,9,9,9,9,9,9,9,10,10,8,8,9,4,3,4,3,3,6,3,3,4,8,9,6,7,7,7,8,8,9,9,9
gc,svn,mcore3d,/trunk/MCD/Binding/Math.cpp,buggy,cpp,IssueTrue,47369,252,767,3,8,4,10,8,3,8,7,7,7,7,7,5,4,4,3,9,9,9,6,6,6,7,7,5,6,6,6,6,6,6,6,6,6,6,6,6,9,10,10,8,8,9,6,6,7,5,5,9,3,6,7,9,10,8,8,9,4,4,5,8,9,9
gc,svn,mcore3d,/trunk/MCD/Binding/PhysicsComponent.cpp,buggy,cpp,IssueTrue,47369,252,767,3,4,1,6,5,2,4,7,7,7,7,7,5,4,5,4,9,9,9,6,6,6,7,7,5,6,6,6,6,6,6,6,6,6,7,7,7,9,10,10,8,8,9,4,3,4,6,5,7,2,2,3,3,8,3,3,3,4,4,5,8,6,5
gc,svn,mcore3d,/trunk/MCD/Binding/Render.cpp,buggy,cpp,IssueTrue,47369,252,767,3,3,1,3,4,2,4,7,7,7,7,7,5,4,5,4,9,9,9,6,6,7,7,7,5,6,6,6,6,6,6,6,6,6,7,7,7,9,10,10,8,8,9,4,3,3,4,3,5,3,3,3,8,10,7,6,7,6,6,7,6,7,7
gc,svn,mcore3d,/trunk/MCD/Binding/RenderComponent.cpp,buggy,cpp,IssueTrue,47369,252,767,3,4,1,6,5,1,4,7,7,7,7,7,5,4,4,3,9,9,9,6,6,6,7,7,5,6,6,6,6,6,6,6,6,6,6,6,6,9,10,10,8,8,9,4,3,4,5,5,7,3,2,4,8,9,5,6,6,7,8,8,5,6,6
gc,svn,mcore3d,/trunk/MCD/Binding/RenderComponent.h,clean,cpp,IssueTrue,47369,252,767,3,1,1,1,1,6,4,7,7,7,7,7,5,4,4,3,9,9,9,6,6,6,7,7,5,6,6,6,6,6,6,6,6,6,6,6,6,9,10,10,8,8,9,2,1,2,2,2,3,2,2,2,3,8,7,5,5,7,6,6,2,2,2
gc,svn,mcore3d,/trunk/MCD/Binding/ScriptComponent.cpp,buggy,cpp,IssueTrue,47369,252,767,3,5,1,4,7,1,4,7,7,7,7,7,5,4,5,4,9,9,9,8,8,8,7,7,5,8,8,7,6,7,6,6,6,6,7,7,7,9,10,10,8,8,9,4,3,5,3,4,6,3,4,5,7,10,6,6,6,4,4,5,8,8,8
gc,svn,mcore3d,/trunk/MCD/Binding/ScriptComponent.h,clean,cpp,IssueTrue,47369,252,767,3,3,2,2,1,5,4,7,7,8,9,10,10,5,6,8,9,9,9,7,8,9,9,10,10,6,7,7,6,8,8,6,7,8,7,8,9,9,10,10,8,8,9,2,1,2,2,2,3,2,2,2,9,10,5,5,6,6,7,7,7,8,8
gc,svn,mcore3d,/trunk/MCD/Binding/ScriptComponentManager.cpp,buggy,cpp,IssueTrue,47369,252,767,3,7,9,8,6,8,9,7,7,7,7,7,5,4,4,3,9,9,9,6,6,6,7,7,5,6,6,6,6,6,6,6,6,6,6,6,6,9,10,10,8,8,9,9,7,7,8,7,9,8,8,8,10,10,7,6,8,7,8,9,5,7,8
gc,svn,mcore3d,/trunk/MCD/Binding/ScriptComponentManager.h,buggy,cpp,IssueTrue,47369,252,767,3,2,5,2,1,10,4,9,8,8,9,9,8,5,6,4,9,9,9,9,8,8,9,9,8,8,8,7,9,8,8,8,8,8,9,9,8,9,10,10,8,8,9,2,1,2,2,2,3,2,2,2,9,10,5,5,6,5,5,5,2,3,4
gc,svn,mcore3d,/trunk/MCD/Binding/System.cpp,buggy,cpp,IssueTrue,47369,252,767,3,5,1,6,5,2,4,7,7,7,7,7,5,4,4,3,9,9,9,6,6,6,7,7,5,6,6,6,6,6,6,6,6,6,6,6,6,9,10,10,8,8,9,4,3,4,5,5,7,3,3,4,9,10,6,7,7,5,5,6,5,6,7
gc,svn,mcore3d,/trunk/MCD/Component/Input/InputComponent.h,buggy,cpp,IssueTrue,47369,252,767,3,2,4,2,2,9,4,7,7,7,9,9,8,7,7,6,10,10,10,6,6,7,9,9,8,6,6,6,9,9,8,9,9,8,9,9,9,10,10,10,8,8,9,4,3,2,5,3,4,2,2,2,7,8,6,7,7,5,6,6,2,3,3
gc,svn,mcore3d,/trunk/MCD/Component/Input/WinMessageInputComponent.cpp,clean,cpp,IssueTrue,47369,252,767,3,8,2,7,8,1,8,7,7,7,7,7,5,4,4,3,9,9,9,6,6,6,7,7,5,6,6,6,6,6,6,6,6,6,6,6,6,9,10,10,8,8,9,8,8,8,8,10,10,4,7,8,9,9,9,8,9,7,9,9,7,8,8
gc,svn,mcore3d,/trunk/MCD/Component/Input/WinMessageInputComponent.h,clean,cpp,IssueTrue,47369,252,767,3,3,2,4,1,5,4,9,9,9,9,10,9,8,9,9,9,9,9,7,8,8,9,10,9,10,10,10,9,9,9,9,9,9,9,10,10,9,10,10,8,8,9,2,1,2,2,2,3,2,2,2,9,9,6,6,7,5,7,7,3,5,6
gc,svn,mcore3d,/trunk/MCD/Component/Physics/CollisionShape.cpp,buggy,cpp,IssueTrue,47369,252,767,3,6,2,6,7,2,7,8,7,7,7,7,5,5,5,4,9,9,9,8,8,8,7,7,5,9,8,8,7,7,7,7,7,7,8,7,7,9,10,10,8,8,9,5,4,5,8,7,9,6,7,8,9,10,8,9,9,9,9,10,6,8,8
gc,svn,mcore3d,/trunk/MCD/Component/Physics/CollisionShape.h,clean,cpp,IssueTrue,47369,252,767,3,4,3,4,4,6,4,7,7,8,9,10,10,5,6,8,10,10,10,6,8,8,9,10,10,6,8,8,7,7,9,7,7,8,6,7,8,10,10,10,8,8,9,4,3,3,2,2,3,2,2,3,9,8,7,6,8,7,7,9,2,5,5
gc,svn,mcore3d,/trunk/MCD/Component/Physics/DynamicsWorld.cpp,buggy,cpp,IssueTrue,47369,252,767,3,5,2,5,6,3,7,7,7,7,7,7,5,4,4,3,9,9,9,6,6,6,7,7,5,6,6,6,6,6,6,6,6,6,6,6,6,9,10,10,8,8,9,5,4,5,4,5,7,3,3,5,9,9,5,6,7,7,9,9,9,10,10
gc,svn,mcore3d,/trunk/MCD/Component/Physics/RigidBodyComponent.cpp,buggy,cpp,IssueTrue,47369,252,767,3,6,2,6,7,2,8,7,7,7,7,7,5,4,4,3,9,9,9,6,6,6,7,7,5,6,6,6,6,6,6,6,6,6,6,6,6,9,10,10,8,8,9,6,6,6,7,8,9,5,6,7,10,5,6,7,8,7,7,9,9,10,10
gc,svn,mcore3d,/trunk/MCD/Component/Physics/RigidBodyComponent.h,buggy,cpp,IssueTrue,47369,252,767,3,2,3,2,1,8,4,8,8,8,9,9,8,6,6,5,9,9,9,8,7,8,9,9,8,7,7,7,9,8,8,8,8,8,9,8,8,10,10,10,8,8,9,2,1,2,2,2,3,2,2,2,10,8,5,5,6,6,7,8,2,4,5
gc,svn,mcore3d,/trunk/MCD/Component/Physics/ThreadedDynamicWorld.cpp,buggy,cpp,IssueTrue,47369,252,767,3,7,3,7,8,3,8,7,7,8,7,7,5,4,5,4,10,10,10,7,8,8,7,7,5,6,8,8,6,7,7,6,7,8,7,7,8,9,10,10,8,8,9,5,5,6,6,5,9,4,5,8,9,10,9,9,9,9,9,9,8,8,9
gc,svn,mcore3d,/trunk/MCD/Component/Render/CameraComponent.cpp,clean,cpp,IssueTrue,47369,252,767,3,1,1,1,3,2,7,7,7,7,7,7,5,4,4,3,9,9,9,6,6,6,7,7,5,6,6,6,6,6,6,6,6,6,6,6,6,9,10,10,8,8,9,6,4,3,6,5,5,6,5,3,6,5,5,5,5,9,8,8,2,3,3
gc,svn,mcore3d,/trunk/MCD/Component/Render/CameraComponent.h,buggy,cpp,IssueTrue,47369,252,767,3,1,2,1,1,8,4,7,7,7,9,9,8,5,5,4,9,9,9,7,7,7,9,9,8,8,8,7,6,7,6,6,6,6,7,7,7,9,10,10,8,8,9,2,1,2,2,2,3,2,2,2,8,8,5,5,5,8,7,8,2,3,3
gc,svn,mcore3d,/trunk/MCD/Component/Render/EntityPrototype.h,buggy,cpp,IssueTrue,47369,252,767,3,1,1,1,1,6,4,7,7,7,10,10,9,6,6,5,9,9,9,7,7,7,10,10,9,7,7,7,6,7,6,6,6,6,7,7,7,9,10,10,8,8,9,2,1,2,2,2,3,2,2,2,7,8,3,4,4,5,5,6,2,5,4
gc,svn,mcore3d,/trunk/MCD/Component/Render/EntityPrototypeLoader.cpp,buggy,cpp,IssueTrue,47369,252,767,3,7,2,7,7,2,8,8,7,7,7,7,5,5,5,4,9,9,9,10,9,9,7,7,5,8,8,7,7,7,7,7,7,7,8,8,8,9,10,10,8,8,9,6,6,6,7,8,9,6,9,8,10,10,8,8,9,7,8,9,9,10,10
gc,svn,mcore3d,/trunk/MCD/Component/Render/EntityPrototypeLoader.h,buggy,cpp,IssueTrue,47369,252,767,3,3,7,3,2,9,4,8,8,8,9,9,9,5,7,7,9,9,9,9,10,10,9,9,9,7,7,7,8,8,8,8,8,8,8,9,9,9,10,10,8,8,9,4,3,2,2,2,3,5,3,2,9,10,7,7,8,5,6,6,2,3,5
gc,svn,mcore3d,/trunk/MCD/Component/Render/MeshComponent.h,buggy,cpp,IssueTrue,47369,252,767,3,2,2,2,2,7,4,7,7,7,9,9,8,5,6,4,10,10,10,7,7,7,9,9,8,8,8,7,8,8,8,8,8,8,9,8,8,9,10,10,8,8,9,4,3,2,2,2,3,2,2,2,9,8,4,5,5,4,4,5,2,4,4
gc,svn,mcore3d,/trunk/MCD/Component/Render/PickComponent.h,buggy,cpp,IssueTrue,47369,252,767,3,2,6,2,1,10,4,8,8,8,9,9,8,6,6,4,10,10,10,8,7,8,9,9,8,8,8,7,8,8,8,8,8,8,9,8,8,9,10,10,8,8,9,2,1,2,2,2,3,2,2,2,6,8,5,5,5,7,7,7,2,3,3
gc,svn,mcore3d,/trunk/MCD/Core/Entity/BehaviourComponent.cpp,clean,cpp,IssueTrue,47369,252,767,3,2,1,2,2,2,8,7,7,7,7,7,5,4,4,3,9,9,9,6,6,6,7,7,5,6,6,6,6,6,6,6,6,6,6,6,6,9,10,10,8,8,9,10,6,3,7,4,4,7,4,3,3,5,5,4,4,4,4,5,3,3,3
gc,svn,mcore3d,/trunk/MCD/Core/Entity/Component.cpp,buggy,cpp,IssueTrue,47369,252,767,3,3,2,3,4,4,9,7,7,7,7,7,5,4,4,3,9,9,9,6,6,6,7,7,5,6,6,6,6,6,6,6,6,6,6,6,6,9,10,10,8,8,9,9,7,5,9,7,7,6,6,5,5,9,6,5,5,7,6,7,7,6,6
gc,svn,mcore3d,/trunk/MCD/Core/Entity/Component.h,buggy,cpp,IssueTrue,47369,252,767,3,3,7,3,5,9,4,8,8,8,7,9,8,6,7,7,10,10,10,7,7,8,7,9,8,8,8,9,8,8,9,8,8,9,9,8,9,9,10,10,8,8,9,4,3,4,5,6,7,2,3,3,9,10,5,6,7,5,5,6,3,6,6
gc,svn,mcore3d,/trunk/MCD/Core/Entity/Entity.cpp,buggy,cpp,IssueTrue,47369,252,767,3,8,3,9,8,2,9,7,7,7,7,7,5,4,4,3,9,9,9,6,6,6,7,7,5,6,6,6,6,6,6,6,6,6,6,6,6,9,10,10,8,8,9,9,6,9,10,10,10,6,8,9,9,10,7,8,8,6,7,8,7,8,9
gc,svn,mcore3d,/trunk/MCD/Core/Entity/Entity.h,buggy,cpp,IssueTrue,47369,252,767,3,4,9,4,4,10,4,10,9,9,9,9,8,9,10,9,10,10,10,8,8,8,9,9,8,10,10,10,10,10,10,10,10,10,10,10,10,9,10,10,8,8,9,2,1,2,2,2,3,2,2,2,10,9,5,6,7,9,10,10,3,5,6
gc,svn,mcore3d,/trunk/MCD/Core/Math/BasicFunction.h,clean,cpp,IssueTrue,47369,252,767,3,4,7,5,9,9,4,7,7,7,7,7,5,4,4,3,9,9,9,6,6,6,7,7,5,6,6,6,6,6,6,6,6,6,6,6,6,9,10,10,8,8,9,5,5,7,3,7,8,3,3,6,3,8,4,3,3,4,4,5,2,2,2
gc,svn,mcore3d,/trunk/MCD/Core/Math/Mat33.h,buggy,cpp,IssueTrue,47369,252,767,3,5,8,7,5,9,4,7,7,7,7,7,5,4,4,3,9,9,9,6,6,6,7,7,5,6,6,6,6,6,6,6,6,6,6,6,6,9,10,10,8,8,9,4,3,3,5,7,7,2,2,3,6,9,6,6,6,4,4,5,3,5,5
gc,svn,mcore3d,/trunk/MCD/Core/Math/Mat44.h,buggy,cpp,IssueTrue,47369,252,767,3,6,6,8,5,6,4,7,7,7,7,7,5,4,4,3,9,9,9,6,6,6,7,7,5,6,6,6,6,6,6,6,6,6,6,6,6,9,10,10,8,8,9,4,3,3,10,10,9,2,2,3,9,9,6,5,7,4,4,5,2,5,5
gc,svn,mcore3d,/trunk/MCD/Core/Math/Vec2.h,buggy,cpp,IssueTrue,47369,252,767,3,3,8,4,3,10,4,7,7,7,7,7,5,4,4,3,9,9,9,6,6,6,7,7,5,6,6,6,6,6,6,6,6,6,6,6,6,9,10,10,8,8,9,4,3,3,8,7,6,3,2,3,3,5,4,3,3,4,4,5,2,2,2
gc,svn,mcore3d,/trunk/MCD/Core/System/CallstackProfiler.h,buggy,cpp,IssueTrue,47369,252,767,3,3,9,3,4,10,4,7,7,7,9,9,9,5,5,6,10,10,10,6,6,7,9,9,9,9,9,9,8,8,9,8,8,9,9,8,9,9,10,10,8,8,9,4,3,3,3,4,4,2,2,2,3,8,3,3,3,4,4,5,3,3,3
gc,svn,mcore3d,/trunk/MCD/Core/System/CpuProfiler.h,clean,cpp,IssueTrue,47369,252,767,3,3,6,3,1,9,4,7,7,7,10,10,10,6,7,8,9,9,9,6,7,7,10,10,10,9,8,9,8,8,8,8,8,8,8,8,9,9,10,10,8,8,9,2,1,2,2,2,3,2,2,2,6,5,7,7,6,8,8,8,2,3,3
gc,svn,mcore3d,/trunk/MCD/Core/System/FileSystemCollection.cpp,buggy,cpp,IssueTrue,47369,252,767,3,7,1,7,8,1,8,8,7,7,7,7,5,4,5,4,9,9,9,7,7,7,7,7,5,7,7,7,6,7,6,6,6,6,7,7,7,9,10,10,8,8,9,6,5,7,5,7,9,5,5,8,3,8,6,5,4,4,4,5,3,3,3
gc,svn,mcore3d,/trunk/MCD/Core/System/FileSystemCollection.h,clean,cpp,IssueTrue,47369,252,767,3,2,3,2,1,9,4,9,8,8,9,9,8,8,9,7,9,9,9,7,7,7,9,9,8,7,7,7,9,9,9,9,9,8,10,9,9,9,10,10,8,8,9,2,1,2,2,2,3,2,2,2,3,8,3,3,3,4,4,5,3,3,3
gc,svn,mcore3d,/trunk/MCD/Core/System/IntrusivePtr.h,buggy,cpp,IssueTrue,47369,252,767,3,7,4,6,9,4,7,7,7,7,7,7,5,4,4,3,9,9,9,6,6,6,7,7,5,6,6,6,6,6,6,6,6,6,6,6,6,9,10,10,8,8,9,5,4,6,10,10,10,3,3,6,6,8,8,7,7,4,4,5,8,8,8
gc,svn,mcore3d,/trunk/MCD/Core/System/Map.h,clean,cpp,IssueTrue,47369,252,767,3,10,10,9,10,7,9,8,8,9,7,9,9,7,9,10,10,10,10,6,7,7,7,9,9,8,9,9,9,9,10,9,9,10,8,9,9,10,10,10,9,9,9,5,6,9,4,7,10,3,3,9,3,8,3,3,3,4,4,5,3,3,3
gc,svn,mcore3d,/trunk/MCD/Core/System/MemoryProfiler.cpp,buggy,cpp,IssueTrue,47369,252,767,3,3,1,4,7,2,7,7,7,7,7,7,5,4,4,3,9,9,9,6,6,6,7,7,5,6,6,6,6,6,6,6,6,6,6,6,6,9,10,10,8,8,9,5,4,5,3,4,6,2,3,4,10,10,10,10,10,9,9,10,9,10,10
gc,svn,mcore3d,/trunk/MCD/Core/System/MemoryProfiler.h,buggy,cpp,IssueTrue,47369,252,767,3,5,8,5,3,9,4,7,8,8,9,10,10,5,8,9,9,9,9,6,7,8,9,10,10,7,9,9,8,9,10,8,9,9,8,9,10,9,10,10,9,9,9,4,3,2,10,8,8,4,3,3,10,8,7,7,8,6,7,8,3,6,6
gc,svn,mcore3d,/trunk/MCD/Core/System/Mutex.cpp,clean,cpp,IssueTrue,47369,252,767,3,5,1,5,7,2,7,7,7,7,7,7,5,4,4,3,9,9,9,6,6,6,7,7,5,6,6,6,6,6,6,6,6,6,6,6,6,9,10,10,8,8,9,5,4,5,8,7,9,5,6,7,7,10,8,7,7,8,8,8,5,5,6
gc,svn,mcore3d,/trunk/MCD/Core/System/Mutex.h,buggy,cpp,IssueTrue,47369,252,767,3,6,7,8,9,7,7,8,8,9,8,9,10,5,6,10,10,10,10,6,6,8,8,9,10,7,8,10,7,8,10,7,8,10,8,8,10,9,10,10,8,8,9,6,4,8,8,10,10,4,4,9,7,9,8,8,8,4,4,5,7,8,7
gc,svn,mcore3d,/trunk/MCD/Core/System/Platform.h,clean,cpp,IssueTrue,47369,252,767,3,1,1,1,1,1,4,7,7,7,7,7,5,4,4,3,9,9,9,6,6,6,7,7,5,6,6,6,6,6,6,6,6,6,6,6,6,9,10,10,8,8,9,2,1,2,2,2,3,2,2,2,9,10,4,5,6,4,4,5,2,3,3
gc,svn,mcore3d,/trunk/MCD/Core/System/RawFileSystem.cpp,buggy,cpp,IssueTrue,47369,252,767,3,8,3,8,8,2,9,7,7,7,7,7,5,4,4,3,9,9,9,6,6,7,7,7,5,6,6,6,6,6,6,6,6,6,6,6,7,9,10,10,8,8,9,8,7,8,8,8,10,7,7,9,5,8,7,6,6,4,4,5,2,3,3
gc,svn,mcore3d,/trunk/MCD/Core/System/RawFileSystem.h,clean,cpp,IssueTrue,47369,252,767,3,2,3,2,1,9,4,9,9,9,9,9,8,8,8,7,9,9,9,9,8,8,9,9,8,8,8,7,9,9,8,9,9,8,9,9,9,9,10,10,9,9,9,2,1,2,2,2,3,2,2,2,3,5,4,3,3,4,4,5,2,2,2
gc,svn,mcore3d,/trunk/MCD/Core/System/RawFileSystemMonitor.cpp,buggy,cpp,IssueTrue,47369,252,767,3,1,1,1,3,5,4,7,7,7,7,7,5,4,4,3,9,9,9,6,6,6,7,7,5,6,6,6,6,6,6,6,6,6,6,6,6,9,10,10,8,8,9,4,3,3,2,2,3,2,2,2,3,8,3,3,3,4,4,5,3,3,3
gc,svn,mcore3d,/trunk/MCD/Core/System/Resource.h,buggy,cpp,IssueTrue,47369,252,767,3,1,2,1,3,8,4,7,7,7,9,9,8,5,6,4,10,10,10,6,6,7,9,9,8,7,7,7,7,7,7,7,7,7,7,7,7,10,10,10,8,8,9,4,3,2,9,6,6,3,3,2,3,5,3,3,3,9,8,8,3,3,3
gc,svn,mcore3d,/trunk/MCD/Core/System/ResourceLoader.h,buggy,cpp,IssueTrue,47369,252,767,3,2,7,1,2,10,4,7,7,7,7,7,5,5,5,4,10,10,10,7,7,7,7,7,5,6,6,6,7,7,7,7,7,7,8,7,7,9,10,10,8,8,9,4,3,2,10,7,6,2,2,2,3,5,3,3,3,4,4,5,3,3,3
gc,svn,mcore3d,/trunk/MCD/Core/System/ResourceManager.cpp,buggy,cpp,IssueTrue,47369,252,767,3,9,9,9,9,4,9,8,8,8,8,10,10,6,9,9,9,9,9,9,9,10,8,10,10,9,9,10,7,8,9,7,8,9,7,8,9,9,10,10,8,8,9,8,8,9,10,9,10,8,9,10,9,9,6,7,8,5,6,6,6,7,8
gc,svn,mcore3d,/trunk/MCD/Core/System/ResourceManager.h,buggy,cpp,IssueTrue,47369,252,767,3,5,10,5,3,10,4,8,9,9,7,9,9,5,8,9,10,10,10,8,10,10,7,9,9,8,10,10,8,9,10,7,9,10,8,9,10,9,10,10,8,8,9,4,3,2,2,2,3,2,2,2,9,8,6,6,7,5,5,6,4,5,7
gc,svn,mcore3d,/trunk/MCD/Core/System/ScriptOwnershipHandle.cpp,buggy,cpp,IssueTrue,47369,252,767,3,4,3,4,4,6,7,7,7,7,7,7,5,4,4,3,9,9,9,6,6,6,7,7,5,6,6,6,6,6,6,6,6,6,6,6,6,9,10,10,8,8,9,8,5,5,10,8,9,4,4,4,5,5,4,4,4,7,6,7,5,5,5
gc,svn,mcore3d,/trunk/MCD/Core/System/ScriptOwnershipHandle.h,buggy,cpp,IssueTrue,47369,252,767,3,1,3,1,1,10,4,8,8,8,7,7,5,5,5,4,10,10,10,8,8,8,7,7,5,8,8,7,7,7,7,7,7,7,8,8,8,9,10,10,8,8,9,2,1,2,2,2,3,2,2,2,5,5,6,5,5,4,4,5,5,5,5
gc,svn,mcore3d,/trunk/MCD/Core/System/SharedPtr.h,buggy,cpp,IssueTrue,47369,252,767,3,7,8,6,9,7,7,7,7,7,7,7,5,4,4,3,9,9,9,6,6,6,7,7,5,6,6,6,6,6,6,6,6,6,6,6,6,9,10,10,8,8,9,4,3,5,6,8,9,3,3,6,3,8,7,5,5,4,4,5,5,4,4
gc,svn,mcore3d,/trunk/MCD/Core/System/StrUtility.cpp,buggy,cpp,IssueTrue,47369,252,767,3,9,7,10,9,3,9,7,7,7,7,7,5,4,4,3,9,9,9,6,6,6,7,7,5,6,6,6,6,6,6,6,6,6,6,6,6,9,10,10,8,8,9,9,9,9,6,6,10,5,6,9,7,10,4,4,4,4,4,5,2,4,4
gc,svn,mcore3d,/trunk/MCD/Core/System/TaskPool.cpp,buggy,cpp,IssueTrue,47369,252,767,3,6,3,6,7,3,8,8,7,8,10,10,10,9,10,10,9,9,9,6,6,7,10,10,10,7,7,7,6,7,7,6,7,7,7,7,8,9,10,10,8,8,9,6,6,6,3,4,7,4,5,6,3,5,3,3,3,7,6,6,3,3,3
gc,svn,mcore3d,/trunk/MCD/Core/System/ThreadedCpuProfiler.cpp,buggy,cpp,IssueTrue,47369,252,767,3,8,3,8,8,2,8,7,7,7,7,9,8,4,5,4,9,9,9,7,7,8,7,9,8,8,8,8,6,7,7,6,7,7,7,7,7,9,10,10,8,8,9,7,6,8,8,7,10,6,7,9,6,8,4,4,4,5,5,5,10,10,10
gc,svn,mcore3d,/trunk/MCD/Core/System/ThreadedCpuProfiler.h,buggy,cpp,IssueTrue,47369,252,767,3,3,6,3,1,9,4,9,8,9,10,10,10,7,8,8,9,9,9,8,8,9,10,10,10,9,9,9,9,9,9,9,9,9,9,9,9,9,10,10,9,9,9,2,1,2,2,2,3,2,2,2,3,5,3,3,3,4,4,5,10,10,9
gc,svn,mcore3d,/trunk/MCD/Core/System/Utility.h,buggy,cpp,IssueTrue,47369,252,767,3,2,4,2,3,9,4,7,7,7,7,7,5,4,4,3,9,9,9,6,6,6,7,7,5,6,6,6,6,6,6,6,6,6,6,6,6,9,10,10,8,8,9,2,1,2,2,2,3,2,2,2,6,9,4,4,4,4,4,5,3,4,4
gc,svn,mcore3d,/trunk/MCD/Core/System/WeakPtr.h,buggy,cpp,IssueTrue,47369,252,767,3,7,10,6,9,9,7,7,7,7,7,7,5,5,5,4,10,10,10,6,7,7,7,7,5,7,8,8,7,7,8,7,7,8,7,7,8,9,10,10,9,9,9,5,4,6,8,10,10,4,4,7,9,9,7,8,8,4,4,5,2,5,5
gc,svn,mcore3d,/trunk/MCD/Render/ChamferBox.cpp,buggy,cpp,IssueTrue,47369,252,767,3,7,3,7,3,3,10,7,7,7,7,7,5,4,4,3,9,9,9,6,6,6,7,7,5,6,6,6,6,6,6,6,6,6,6,6,6,9,10,10,8,8,9,10,9,5,10,10,9,10,9,5,6,5,3,3,3,4,4,5,6,6,6
gc,svn,mcore3d,/trunk/MCD/Render/ChamferBox.h,clean,cpp,IssueTrue,47369,252,767,3,1,1,1,1,7,4,9,8,8,10,10,9,9,9,8,9,9,9,9,8,8,10,10,9,6,6,6,6,7,6,6,6,6,7,7,7,9,10,10,8,8,9,2,1,2,2,2,3,2,2,2,3,5,6,5,4,4,4,5,7,6,5
gc,svn,mcore3d,/trunk/MCD/Render/EditableMesh.cpp,clean,cpp,IssueTrue,47369,252,767,3,6,1,6,7,1,8,7,7,7,7,7,5,4,4,3,9,9,9,7,7,7,7,7,5,10,9,9,6,6,6,6,6,6,6,6,7,9,10,10,8,8,9,6,5,6,9,7,9,5,6,7,8,8,9,9,9,5,5,5,9,10,9
gc,svn,mcore3d,/trunk/MCD/Render/EditableMesh.h,clean,cpp,IssueTrue,47369,252,767,3,3,4,3,1,8,4,9,8,8,10,10,10,9,10,9,9,9,9,9,8,8,10,10,10,8,8,7,9,9,8,9,9,8,9,9,9,10,10,10,8,8,9,2,1,2,2,2,3,2,2,2,9,8,7,7,8,5,6,7,7,8,8
gc,svn,mcore3d,/trunk/MCD/Render/Effect.h,clean,cpp,IssueTrue,47369,252,767,3,1,1,1,1,5,4,7,7,7,10,10,9,6,6,5,9,9,9,7,7,7,10,10,9,7,7,7,6,7,6,6,6,6,7,7,7,9,10,10,8,8,9,2,1,2,2,2,3,2,2,2,5,5,3,3,3,4,4,5,4,4,4
gc,svn,mcore3d,/trunk/MCD/Render/EffectLoader.cpp,clean,cpp,IssueTrue,47369,252,767,3,10,9,10,10,2,10,8,9,10,8,10,10,5,6,10,9,10,10,8,9,10,8,10,10,7,9,10,6,8,10,6,7,10,7,8,10,9,10,10,9,9,9,9,10,10,7,8,10,6,9,10,10,8,9,9,9,8,9,9,10,10,10
gc,svn,mcore3d,/trunk/MCD/Render/EffectLoader.h,clean,cpp,IssueTrue,47369,252,767,3,3,3,3,2,6,4,7,7,7,7,9,8,5,6,5,10,10,10,8,9,9,7,9,8,8,9,9,7,8,8,7,7,8,7,8,9,9,10,10,8,8,9,4,3,2,2,2,3,2,2,2,5,5,3,3,3,4,4,5,3,3,4
gc,svn,mcore3d,/trunk/MCD/Render/GlWindow.cpp,buggy,cpp,IssueTrue,47369,252,767,3,4,1,4,6,2,7,7,7,7,7,7,5,4,4,3,9,9,9,6,6,6,7,7,5,6,6,6,6,6,6,6,6,6,6,6,6,9,10,10,8,8,9,6,5,5,3,5,6,4,4,5,3,5,3,3,3,4,4,5,3,3,3
gc,svn,mcore3d,/trunk/MCD/Render/InstancedMesh.cpp,clean,cpp,IssueTrue,47369,252,767,3,6,2,6,5,3,10,8,8,7,7,7,5,5,5,4,9,9,9,8,8,8,7,7,5,9,8,8,7,7,7,7,7,7,7,7,7,9,10,10,8,8,9,7,7,5,8,8,8,6,9,6,3,8,3,3,3,4,4,5,5,4,4
gc,svn,mcore3d,/trunk/MCD/Render/JpegLoader.cpp,buggy,cpp,IssueTrue,47369,252,767,3,7,3,7,5,3,8,8,8,8,9,9,9,4,5,4,9,9,9,7,7,8,9,9,9,10,10,10,6,7,7,6,7,7,7,7,8,9,10,10,8,8,9,9,8,6,7,7,8,6,7,6,8,10,4,4,5,5,6,6,2,3,4
gc,svn,mcore3d,/trunk/MCD/Render/MaterialProperty.cpp,clean,cpp,IssueTrue,47369,252,767,3,8,4,8,9,2,8,7,7,7,7,7,5,4,4,3,9,9,9,6,6,6,7,7,5,6,6,6,6,6,6,6,6,6,6,6,6,9,10,10,8,8,9,5,6,8,3,5,8,3,5,8,9,8,7,8,8,9,9,9,8,8,9
gc,svn,mcore3d,/trunk/MCD/Render/Max3dsLoader.cpp,buggy,cpp,IssueTrue,47369,252,767,3,10,10,10,9,5,10,8,10,10,7,9,8,4,5,7,9,9,9,8,10,10,7,9,8,9,10,10,6,8,9,6,8,9,7,8,9,9,10,10,8,8,9,10,10,10,9,10,10,9,10,10,10,10,7,8,9,7,8,9,6,8,9
gc,svn,mcore3d,/trunk/MCD/Render/Max3dsLoader.h,clean,cpp,IssueTrue,47369,252,767,3,2,7,1,1,10,4,8,7,7,9,9,8,6,6,4,9,9,9,10,10,10,9,9,8,7,7,7,8,8,8,8,8,7,9,8,8,9,10,10,8,8,9,2,1,2,2,2,3,2,2,2,5,5,3,3,3,4,4,5,4,4,4
gc,svn,mcore3d,/trunk/MCD/Render/Mesh.cpp,buggy,cpp,IssueTrue,47369,252,767,3,8,4,8,7,3,9,7,7,7,7,7,5,4,4,3,9,9,9,6,6,6,7,7,5,6,6,6,6,6,6,6,6,6,6,6,6,9,10,10,8,8,9,9,10,8,9,10,10,6,6,8,9,9,4,5,5,6,6,7,2,4,4
gc,svn,mcore3d,/trunk/MCD/Render/Mesh.h,buggy,cpp,IssueTrue,47369,252,767,3,4,8,4,3,9,4,10,9,9,10,10,9,8,9,7,10,10,10,7,7,7,10,10,9,10,9,9,9,9,9,9,9,9,9,9,9,10,10,10,8,8,9,4,3,3,4,3,4,2,2,2,9,8,4,6,5,7,7,8,2,3,5
gc,svn,mcore3d,/trunk/MCD/Render/MeshBuilder.cpp,buggy,cpp,IssueTrue,47369,252,767,3,10,4,10,10,2,9,9,9,9,7,7,5,6,6,4,9,9,9,9,8,8,7,7,5,10,10,10,9,9,8,9,8,8,9,9,9,9,10,10,8,8,9,8,10,9,10,9,10,5,8,9,9,9,6,7,7,4,4,5,6,7,8
gc,svn,mcore3d,/trunk/MCD/Render/MeshBuilder.h,buggy,cpp,IssueTrue,47369,252,767,3,4,10,4,2,10,4,10,9,9,9,9,8,9,9,8,10,10,10,9,9,9,9,9,8,9,8,8,10,10,9,10,10,9,10,10,10,9,10,10,8,8,9,4,3,2,8,5,4,2,2,2,9,9,6,7,7,5,5,5,5,6,6
gc,svn,mcore3d,/trunk/MCD/Render/Model.cpp,buggy,cpp,IssueTrue,47369,252,767,3,2,1,2,4,2,8,7,7,7,7,7,5,4,4,3,9,9,9,6,6,6,7,7,5,6,6,6,6,6,6,6,6,6,6,6,6,9,10,10,8,8,9,7,6,4,3,4,4,5,6,4,8,9,6,6,6,5,6,6,5,6,6
gc,svn,mcore3d,/trunk/MCD/Render/Model.h,clean,cpp,IssueTrue,47369,252,767,3,2,2,2,2,7,4,7,7,7,9,10,10,5,7,6,9,9,9,7,7,8,9,10,10,7,8,8,7,7,7,7,7,7,7,7,7,9,10,10,8,8,9,4,3,2,7,4,4,3,2,2,9,9,5,5,6,6,7,8,3,5,6
gc,svn,mcore3d,/trunk/MCD/Render/ModelPod.cpp,clean,cpp,IssueTrue,47369,252,767,3,9,4,9,7,2,10,8,8,9,7,7,5,5,5,4,9,9,9,9,9,9,7,7,5,10,9,10,7,7,8,7,7,7,7,7,8,9,10,10,8,8,9,8,8,7,9,10,10,7,8,8,6,5,3,3,3,4,4,5,4,4,5
gc,svn,mcore3d,/trunk/MCD/Render/ModelPod.h,clean,cpp,IssueTrue,47369,252,767,3,3,2,2,1,4,4,7,7,7,9,10,10,6,7,7,9,9,9,9,9,9,9,10,10,7,7,7,7,8,8,7,8,8,8,8,9,9,10,10,8,8,9,2,1,2,2,2,3,2,2,2,5,5,3,3,3,4,4,5,3,3,4
gc,svn,mcore3d,/trunk/MCD/Render/PlaneMeshBuilder.cpp,buggy,cpp,IssueTrue,47369,252,767,3,5,2,6,3,2,9,7,7,7,7,7,5,4,4,3,9,9,9,6,6,6,7,7,5,6,6,6,6,6,6,6,6,6,6,6,6,9,10,10,8,8,9,10,8,4,9,7,6,8,8,4,7,5,3,3,3,5,6,6,10,10,9
gc,svn,mcore3d,/trunk/MCD/Render/PlaneMeshBuilder.h,buggy,cpp,IssueTrue,47369,252,767,3,1,1,1,1,7,4,8,8,8,10,10,9,9,9,8,9,9,9,7,7,7,10,10,9,6,6,6,6,7,6,6,6,6,7,7,7,9,10,10,8,8,9,2,1,2,2,2,3,2,2,2,5,5,5,5,4,4,4,5,6,6,5
gc,svn,mcore3d,/trunk/MCD/Render/PngLoader.cpp,buggy,cpp,IssueTrue,47369,252,767,3,7,4,7,6,3,7,9,8,8,9,9,8,5,5,4,9,9,9,8,7,8,9,9,8,10,10,10,7,7,7,8,7,7,8,8,8,9,10,10,8,8,9,9,7,6,8,7,9,7,7,7,7,9,4,4,5,4,4,5,2,3,4
gc,svn,mcore3d,/trunk/MCD/Render/RayMeshIntersect.cpp,buggy,cpp,IssueTrue,47369,252,767,3,8,5,9,8,3,10,8,8,8,7,7,5,4,5,4,9,9,9,7,7,7,7,7,5,9,8,8,6,7,6,6,6,6,7,7,7,9,10,10,8,8,9,7,8,7,9,9,10,5,9,8,9,9,9,9,9,7,7,8,7,8,9
gc,svn,mcore3d,/trunk/MCD/Render/RayMeshIntersect.h,buggy,cpp,IssueTrue,47369,252,767,3,5,9,5,3,9,4,8,8,9,7,9,10,5,8,9,9,10,10,8,8,10,7,9,10,8,9,10,7,9,9,7,9,9,8,9,10,9,10,10,8,8,9,4,3,3,5,4,5,3,3,3,9,8,8,8,9,6,6,7,7,7,8
gc,svn,mcore3d,/trunk/MCD/Render/ResourceLoaderFactory.cpp,buggy,cpp,IssueTrue,47369,252,767,3,7,1,7,9,1,7,7,7,7,7,7,5,4,4,3,9,9,9,6,6,6,7,7,5,6,6,6,6,6,6,6,6,6,6,6,6,9,10,10,8,8,9,6,5,8,3,5,8,5,5,9,9,5,4,5,5,7,7,8,7,7,7
gc,svn,mcore3d,/trunk/MCD/Render/ResourceLoaderFactory.h,buggy,cpp,IssueTrue,47369,252,767,3,5,3,4,1,4,4,7,7,9,9,9,10,5,5,9,9,9,9,8,8,10,9,9,10,6,7,8,6,7,9,6,7,9,7,7,10,9,10,10,8,8,9,2,1,2,2,2,3,2,2,2,5,5,3,3,3,4,4,5,8,7,7
gc,svn,mcore3d,/trunk/MCD/Render/ShaderProgram.cpp,clean,cpp,IssueTrue,47369,252,767,3,8,2,8,9,1,7,7,7,7,7,7,5,4,5,4,9,9,9,6,7,7,7,7,5,7,8,8,6,7,7,6,7,7,7,7,7,9,10,10,8,8,9,5,5,8,9,10,10,4,6,9,7,8,9,9,8,5,5,6,5,6,6
gc,svn,mcore3d,/trunk/MCD/Render/ShaderProgram.h,clean,cpp,IssueTrue,47369,252,767,3,4,4,4,1,8,4,9,9,9,9,9,8,10,10,9,9,9,9,7,7,7,9,9,8,8,8,7,10,10,10,10,10,10,10,10,10,9,10,10,8,8,9,2,1,2,2,2,3,2,2,2,9,5,7,7,8,6,6,7,8,8,9
gc,svn,mcore3d,/trunk/MCD/Render/TangentSpaceBuilder.cpp,clean,cpp,IssueTrue,47369,252,767,3,6,4,6,5,4,7,7,7,7,7,7,5,5,5,4,9,9,9,6,6,7,7,7,5,9,8,8,7,7,7,7,7,7,8,7,7,9,10,10,8,8,9,8,6,5,9,8,8,5,4,5,8,8,5,5,6,5,6,6,10,10,10
gc,svn,mcore3d,/trunk/MCD/Render/TangentSpaceBuilder.h,clean,cpp,IssueTrue,47369,252,767,3,2,3,1,1,9,4,8,8,8,7,7,5,5,5,4,9,9,9,9,8,8,7,7,5,6,6,6,7,7,7,7,7,7,7,7,7,10,10,10,8,8,9,2,1,2,2,2,3,2,2,2,5,8,6,5,5,4,4,5,6,6,6
gc,svn,mcore3d,/trunk/MCD/Render/Texture.h,clean,cpp,IssueTrue,47369,252,767,3,2,4,2,1,9,4,7,7,7,10,10,9,8,8,7,9,9,9,6,6,7,10,10,9,10,9,9,7,7,7,8,8,8,9,8,8,10,10,10,8,8,9,2,1,2,2,2,3,2,2,2,7,9,5,5,5,5,5,5,2,3,4
gc,svn,mcore3d,/trunk/MCD/Render/TextureLoaderBase.cpp,clean,cpp,IssueTrue,47369,252,767,3,6,6,6,6,5,7,7,7,7,7,7,5,4,4,3,9,9,9,6,6,6,7,7,5,6,6,6,6,6,6,6,6,6,6,6,6,9,10,10,8,8,9,7,7,6,7,8,8,5,9,7,9,10,5,7,7,7,8,9,5,6,7
gc,svn,mcore3d,/trunk/MCD/Render/TextureLoaderBase.h,clean,cpp,IssueTrue,47369,252,767,3,2,6,2,1,10,4,9,8,8,9,9,8,6,7,5,9,9,9,9,8,8,9,9,8,8,8,7,9,8,8,9,8,8,8,7,7,10,10,10,8,8,9,2,1,2,2,2,3,2,2,2,7,9,4,5,5,6,6,7,3,5,5
gc,svn,mcore3d,/trunk/Studio/Binding/CsInputComponent.cpp,clean,cpp,IssueTrue,47369,252,767,3,8,2,8,9,2,7,7,7,7,7,7,5,4,4,3,9,9,9,6,6,6,7,7,5,6,6,6,6,6,6,6,6,6,6,6,6,9,10,10,8,8,9,6,6,7,7,7,10,4,7,8,5,5,9,7,7,4,4,5,6,5,5
gc,svn,mcore3d,/trunk/Studio/Binding/Entity.cpp,buggy,cpp,IssueTrue,47369,252,767,3,9,9,9,8,5,8,7,7,7,7,7,5,4,4,3,9,9,9,6,6,6,7,7,5,6,6,6,6,6,6,6,6,6,6,6,6,9,10,10,8,8,9,6,5,7,5,5,9,4,5,8,10,9,8,8,9,8,9,9,8,8,9
gc,svn,mcore3d,/trunk/Studio/Binding/Entity.h,buggy,cpp,IssueTrue,47369,252,767,3,5,3,7,1,4,4,7,7,7,7,7,5,4,4,3,9,9,9,6,6,6,7,7,5,6,6,6,6,6,6,6,6,6,6,6,6,9,10,10,8,8,9,2,1,2,2,2,3,2,2,2,7,8,6,6,6,4,4,5,10,10,9
gc,svn,mcore3d,/trunk/Studio/Binding/RenderPanelControl.cpp,buggy,cpp,IssueTrue,47369,252,767,3,9,6,9,9,2,9,9,9,8,9,9,8,8,8,7,9,9,9,10,10,9,9,9,8,10,10,10,9,9,8,9,8,8,9,9,9,9,10,10,8,8,9,7,6,8,7,9,10,7,10,10,10,9,8,9,10,9,10,10,6,8,9
gc,svn,mcore3d,/trunk/Studio/Binding/RenderPanelControl.h,buggy,cpp,IssueTrue,47369,252,767,3,5,7,7,3,7,4,7,7,7,7,7,5,4,4,3,9,9,9,6,6,6,7,7,5,9,9,8,6,6,6,6,6,6,6,6,6,9,10,10,8,8,9,4,3,3,9,9,7,9,10,6,8,5,7,6,7,6,7,7,2,2,2
gc,svn,mcore3d,/trunk/Studio/Common/Gizmo/Gizmo.cpp,buggy,cpp,IssueTrue,47369,252,767,3,8,3,8,7,2,8,7,7,7,9,9,9,5,5,4,9,9,9,8,8,8,9,9,9,7,8,7,6,7,7,6,6,7,6,7,7,9,10,10,8,8,9,9,6,7,8,6,9,8,7,8,9,10,7,8,8,5,6,6,3,5,6
gc,svn,mcore3d,/trunk/Studio/Common/Gizmo/Gizmo.h,buggy,cpp,IssueTrue,47369,252,767,3,2,2,2,1,7,4,9,9,8,10,10,9,10,10,9,9,9,9,9,8,8,10,10,9,9,9,8,9,9,8,9,8,8,9,9,9,9,10,10,8,8,9,2,1,2,2,2,3,2,2,2,5,5,3,3,3,4,4,5,4,4,4
gc,svn,mcore3d,/trunk/Studio/Common/Gizmo/GizmoBaseComponent.cpp,buggy,cpp,IssueTrue,47369,252,767,3,7,3,8,7,2,8,8,7,7,10,10,9,6,7,5,9,9,9,7,7,7,10,10,9,8,8,7,7,7,7,7,7,7,7,7,7,9,10,10,8,8,9,7,6,6,7,7,9,8,8,9,8,9,6,7,7,5,6,6,5,6,6
gc,svn,mcore3d,/trunk/Studio/Common/Gizmo/GizmoBaseComponent.h,buggy,cpp,IssueTrue,47369,252,767,3,3,2,3,1,6,4,8,8,8,9,10,10,6,6,7,10,10,10,9,9,9,9,10,10,9,9,9,7,8,8,7,7,8,8,8,8,9,10,10,8,8,9,2,1,2,2,2,3,2,2,2,8,8,5,5,6,6,6,7,4,5,6
gc,svn,mcore3d,/trunk/Studio/Common/Gizmo/RotationGizmoComponent.cpp,buggy,cpp,IssueTrue,47369,252,767,3,5,2,5,4,3,7,7,7,7,10,10,10,6,7,7,9,9,9,8,9,9,10,10,10,8,8,8,6,7,7,6,6,7,6,7,7,9,10,10,8,8,9,5,4,3,9,7,7,9,7,6,9,10,5,6,6,5,5,5,6,6,7
gc,svn,mcore3d,/trunk/Studio/Common/Gizmo/ScaleGizmoComponent.cpp,buggy,cpp,IssueTrue,47369,252,767,3,5,2,5,4,3,7,7,7,7,10,10,10,6,7,7,9,9,9,8,8,9,10,10,10,8,8,8,6,7,7,6,6,7,6,7,7,9,10,10,8,8,9,6,4,3,8,6,7,8,7,6,9,10,4,6,6,7,8,8,6,7,8
gc,svn,mcore3d,/trunk/Studio/Common/Gizmo/TranslationGizmoComponent.cpp,buggy,cpp,IssueTrue,47369,252,767,3,7,4,8,5,3,7,7,7,8,10,10,10,6,7,9,9,9,9,8,8,9,10,10,10,7,8,9,6,7,8,6,7,7,7,7,8,9,10,10,8,8,9,6,5,5,8,7,8,8,8,8,9,10,5,6,6,5,6,6,6,7,8
gc,svn,mcore3d,/trunk/Studio/Common/GroundPlaneComponent.cpp,buggy,cpp,IssueTrue,47369,252,767,3,4,2,6,3,3,8,7,7,7,7,7,5,4,4,3,9,9,9,6,6,6,7,7,5,6,6,6,6,6,6,6,6,6,6,6,6,9,10,10,8,8,9,8,5,3,4,3,4,10,9,6,3,5,10,8,7,6,5,5,7,6,5
gc,svn,mcore3d,/trunk/Studio/EntityWindow.Designer.cs,buggy,cpp,IssueTrue,47369,252,767,3,4,4,4,3,6,7,7,7,7,7,7,5,4,4,3,9,9,9,6,6,6,7,7,5,6,6,6,6,6,6,6,6,6,6,6,6,9,10,10,8,8,9,6,4,3,8,6,6,4,4,3,6,5,6,6,5,4,4,5,5,6,6
gc,svn,mcore3d,/trunk/Studio/EntityWindow.cs,buggy,cpp,IssueTrue,47369,252,767,3,6,5,6,6,5,9,8,8,8,10,10,10,6,7,7,9,9,9,9,10,10,10,10,10,8,9,9,7,8,8,7,8,8,7,7,7,9,10,10,10,10,10,8,6,6,5,5,7,3,3,5,9,9,7,7,8,9,10,10,5,6,8
gc,svn,mcore3d,/trunk/Studio/MainForm.Designer.cs,buggy,cpp,IssueTrue,47369,252,767,3,9,10,10,3,6,7,10,9,9,10,10,9,9,9,8,9,9,9,10,10,10,10,10,9,10,10,10,10,9,9,10,9,9,6,6,7,10,10,10,10,10,10,6,4,3,10,10,9,10,10,6,9,8,10,10,10,7,8,8,9,9,9
gc,svn,mcore3d,/trunk/Studio/MainForm.cs,buggy,cpp,IssueTrue,47369,252,767,3,9,7,9,8,4,10,7,7,7,7,7,5,4,4,3,9,9,9,6,6,6,7,7,5,6,6,6,6,6,6,6,6,6,6,6,6,9,10,10,8,8,9,8,7,8,7,7,9,4,7,8,10,10,8,9,9,8,9,10,4,6,8
gc,svn,mcore3d,/trunk/Studio/MemoryProfilerWindow.Designer.cs,clean,cpp,IssueTrue,47369,252,767,3,8,9,9,3,6,7,7,7,7,7,7,5,4,4,3,9,9,9,6,6,6,7,7,5,6,6,6,6,6,6,6,6,6,6,6,6,9,10,10,8,8,9,6,4,3,10,8,6,10,10,6,5,9,10,9,8,10,10,10,8,8,7
gc,svn,mcore3d,/trunk/Studio/MemoryProfilerWindow.cs,buggy,cpp,IssueTrue,47369,252,767,3,8,5,9,7,3,10,9,9,9,10,10,10,6,7,7,9,9,9,10,10,10,10,10,10,10,10,10,7,8,8,7,8,8,6,6,7,9,10,10,10,10,10,9,9,8,7,8,9,7,9,8,7,9,9,8,9,8,8,8,7,7,7
gc,svn,mcore3d,/trunk/Test/BindingTest/BasicTest.cpp,clean,cpp,IssueTrue,47369,252,767,3,6,1,6,8,1,4,7,7,8,9,9,9,5,6,7,9,9,9,6,7,7,9,9,9,6,7,7,7,8,8,7,8,8,8,8,8,9,10,10,8,8,9,4,3,6,4,4,8,4,6,7,9,9,6,6,7,9,10,10,5,7,7
gc,svn,mcore3d,/trunk/Test/BindingTest/Common.cpp,clean,cpp,IssueTrue,47369,252,767,3,1,1,1,2,1,7,7,7,7,7,7,5,4,4,3,9,9,9,6,6,6,7,7,5,6,6,6,6,6,6,6,6,6,6,6,6,9,10,10,8,8,9,8,4,2,10,8,6,7,4,3,5,9,3,3,3,5,5,5,2,3,3
gc,svn,mcore3d,/trunk/Test/BindingTest/ComponentQueueTest.cpp,buggy,cpp,IssueTrue,47369,252,767,3,7,2,7,3,2,8,7,7,7,10,10,9,7,7,6,9,9,9,6,6,6,10,10,9,6,6,6,6,6,6,6,6,6,6,6,7,9,10,10,8,8,9,10,9,5,3,2,4,8,7,5,3,8,10,9,8,4,4,5,2,2,2
gc,svn,mcore3d,/trunk/Test/BindingTest/EntityTest.cpp,clean,cpp,IssueTrue,47369,252,767,3,1,1,1,2,1,4,7,7,7,7,7,5,4,4,3,9,9,9,6,6,6,7,7,5,6,6,6,6,6,6,6,6,6,6,6,6,9,10,10,8,8,9,4,3,2,2,2,3,6,4,3,5,9,3,3,3,9,8,8,3,3,4
gc,svn,mcore3d,/trunk/Test/BindingTest/EventTest.cpp,clean,cpp,IssueTrue,47369,252,767,3,4,2,4,4,4,7,7,7,7,7,7,5,5,5,4,9,9,9,6,6,6,7,7,5,9,8,8,6,7,6,7,7,7,7,7,7,9,10,10,8,8,9,5,4,3,6,5,6,6,7,5,7,9,9,9,9,10,10,10,4,6,5
gc,svn,mcore3d,/trunk/Test/BindingTest/MathTest.cpp,clean,cpp,IssueTrue,47369,252,767,3,1,1,1,2,1,4,7,7,7,7,7,5,4,4,3,9,9,9,6,6,6,7,7,5,6,6,6,6,6,6,6,6,6,6,6,6,9,10,10,8,8,9,4,3,2,2,2,3,6,4,3,5,8,3,3,3,9,8,8,3,3,4
gc,svn,mcore3d,/trunk/Test/BindingTest/ScriptComponentTest.cpp,buggy,cpp,IssueTrue,47369,252,767,3,3,2,3,3,4,7,7,7,7,7,7,5,4,4,3,9,9,9,6,6,6,7,7,5,6,6,6,6,6,6,6,6,6,6,6,6,9,10,10,8,8,9,8,5,3,2,2,3,8,6,4,6,9,8,8,7,10,10,10,5,6,5
gc,svn,mcore3d,/trunk/Test/ComponentTest/BasicPhysicsComponentTest.cpp,buggy,cpp,IssueTrue,47369,252,767,3,4,2,6,3,2,7,7,7,7,7,7,5,4,4,3,9,9,9,6,6,6,7,7,5,6,6,6,6,6,6,6,6,6,6,6,6,9,10,10,8,8,9,10,6,4,3,2,4,10,8,6,3,8,3,3,3,4,4,5,5,4,4
gc,svn,mcore3d,/trunk/Test/ComponentTest/InputComponentTest.cpp,clean,cpp,IssueTrue,47369,252,767,3,3,3,3,3,7,4,7,7,7,9,9,8,6,7,5,9,9,9,9,8,8,9,9,8,9,8,8,7,7,7,7,7,7,7,7,7,9,10,10,8,8,9,4,3,3,4,4,4,7,7,5,5,8,3,3,3,5,5,5,3,3,4
gc,svn,mcore3d,/trunk/Test/ComponentTest/MeshComponentTest.cpp,buggy,cpp,IssueTrue,47369,252,767,3,5,2,5,3,3,4,7,7,7,9,9,8,6,7,5,9,9,9,10,10,9,9,9,8,8,8,7,7,7,7,7,7,7,7,7,7,9,10,10,8,8,9,4,3,3,6,5,5,10,10,6,10,10,6,8,8,7,9,9,9,10,10
gc,svn,mcore3d,/trunk/Test/ComponentTest/PickComponentTest.cpp,buggy,cpp,IssueTrue,47369,252,767,3,6,2,6,4,3,8,8,7,7,9,9,8,7,7,6,9,9,9,10,10,10,9,9,8,9,9,8,7,7,7,7,7,7,7,7,7,9,10,10,8,8,9,7,5,4,9,7,7,10,10,7,8,5,3,3,4,5,5,6,2,4,5
gc,svn,mcore3d,/trunk/Test/ComponentTest/SimplePhysicsComponentTest.cpp,buggy,cpp,IssueTrue,47369,252,767,3,5,3,6,4,4,8,8,7,7,9,9,8,7,7,6,9,9,9,10,10,10,9,9,8,9,8,8,7,7,7,7,7,7,7,7,7,9,10,10,8,8,9,7,5,4,7,6,6,9,10,7,8,8,4,5,5,8,8,9,6,7,7
gc,svn,mcore3d,/trunk/Test/ComponentTest/ThreadedPhysicsComponentTest.cpp,buggy,cpp,IssueTrue,47369,252,767,3,6,4,6,6,5,8,7,7,8,9,9,10,5,7,7,9,9,9,9,10,10,9,9,10,8,9,9,7,7,8,7,7,8,7,7,8,9,10,10,8,8,9,6,5,5,5,7,7,8,10,8,10,10,5,6,8,10,10,10,6,7,9
gc,svn,mcore3d,/trunk/Test/ComponentTest/TriMeshPhysicsComponentTest.cpp,buggy,cpp,IssueTrue,47369,252,767,3,6,4,6,6,4,8,7,7,8,9,9,10,5,7,7,9,9,9,9,10,10,9,9,10,8,9,9,7,7,8,7,7,8,7,7,8,9,10,10,8,8,9,6,5,5,6,6,8,8,10,8,10,10,5,6,7,10,10,10,6,8,8
gc,svn,mcore3d,/trunk/Test/CoreTest/Entity/ComponentTest.cpp,buggy,cpp,IssueTrue,47369,252,767,3,7,3,8,6,2,7,7,7,7,10,10,10,7,8,10,10,10,10,6,6,6,10,10,10,6,6,6,6,7,8,6,7,7,6,7,8,9,10,10,8,8,9,7,8,6,3,3,5,7,9,8,10,10,8,9,9,6,8,8,3,6,7
gc,svn,mcore3d,/trunk/Test/CoreTest/Entity/EntityTest.cpp,buggy,cpp,IssueTrue,47369,252,767,3,9,6,9,8,3,7,7,7,8,10,10,10,8,8,9,9,9,9,6,6,7,10,10,10,7,7,7,7,7,8,7,7,8,8,8,8,9,10,10,8,8,9,5,6,6,7,9,9,8,10,9,9,9,8,9,9,4,4,5,7,8,9
gc,svn,mcore3d,/trunk/Test/CoreTest/System/FileSystemTest.cpp,clean,cpp,IssueTrue,47369,252,767,3,4,3,5,3,6,4,7,7,7,7,7,5,4,4,3,9,9,9,6,6,6,7,7,5,6,6,6,6,6,6,6,6,6,6,6,6,9,10,10,8,8,9,4,3,2,5,4,4,10,8,6,3,8,3,3,3,4,4,5,3,3,3
gc,svn,mcore3d,/trunk/Test/CoreTest/System/PathTest.cpp,buggy,cpp,IssueTrue,47369,252,767,3,8,3,7,6,2,9,7,7,7,7,7,5,4,4,3,9,9,9,6,6,6,7,7,5,6,6,6,6,6,6,6,6,6,6,6,6,9,10,10,8,8,9,8,6,6,2,2,3,7,6,8,6,8,4,5,5,4,4,5,6,7,6
gc,svn,mcore3d,/trunk/Test/CoreTest/System/ProfilerTest.cpp,buggy,cpp,IssueTrue,47369,252,767,3,9,8,9,9,4,8,7,7,8,9,9,10,4,5,5,9,9,9,6,7,8,9,9,10,6,8,8,7,7,9,6,7,8,6,7,8,9,10,10,9,9,10,6,5,8,6,7,10,5,7,9,10,10,9,10,9,8,9,9,7,9,9
gc,svn,mcore3d,/trunk/Test/CoreTest/System/ResourceManagerTest.cpp,buggy,cpp,IssueTrue,47369,252,767,3,8,7,9,7,4,8,7,7,8,9,10,10,5,6,7,9,9,9,7,8,8,9,10,10,6,7,7,7,7,8,6,7,8,6,7,8,10,10,10,8,8,9,8,8,6,5,5,8,8,9,8,5,8,9,8,7,4,4,5,2,3,3
gc,svn,mcore3d,/trunk/Test/RenderTest/ASSAOTest.cpp,buggy,cpp,IssueTrue,47369,252,767,3,9,8,10,7,3,9,10,9,9,9,9,8,8,8,7,9,9,9,10,10,9,9,9,8,10,10,10,9,9,8,9,8,8,9,9,9,9,10,10,8,8,9,9,9,8,10,9,10,10,10,10,9,8,7,7,8,4,4,5,3,5,6
gc,svn,mcore3d,/trunk/Test/RenderTest/AmbientCubeTest.cpp,buggy,cpp,IssueTrue,47369,252,767,3,9,5,9,8,3,9,7,7,9,7,9,10,5,7,8,9,9,9,8,9,10,7,9,10,7,9,10,6,7,9,6,7,9,7,7,9,9,10,10,8,8,9,8,7,7,8,8,9,7,9,9,8,8,5,6,6,8,8,9,7,7,7
gc,svn,mcore3d,/trunk/Test/RenderTest/BasicGlWindow.cpp,buggy,cpp,IssueTrue,47369,252,767,3,8,3,9,8,2,8,7,7,7,7,7,5,4,4,3,9,9,9,6,6,6,7,7,5,6,6,6,6,6,6,6,6,6,6,6,6,9,10,10,8,8,9,9,10,8,8,10,9,5,6,8,8,9,5,6,6,5,6,6,3,6,5
gc,svn,mcore3d,/trunk/Test/RenderTest/Common.cpp,clean,cpp,IssueTrue,47369,252,767,3,7,3,8,4,2,10,7,7,7,7,7,5,4,4,3,9,9,9,6,6,6,7,7,5,6,6,6,6,6,6,6,6,6,6,6,6,9,10,10,8,8,9,10,7,6,8,6,7,7,7,6,3,8,7,5,5,4,4,5,8,7,6
gc,svn,mcore3d,/trunk/Test/RenderTest/DefaultResourceManager.cpp,buggy,cpp,IssueTrue,47369,252,767,3,5,2,5,5,2,8,7,7,7,7,7,5,4,4,3,9,9,9,6,6,6,7,7,5,7,7,7,6,6,6,6,6,6,6,6,7,9,10,10,8,8,9,8,6,5,10,10,9,7,8,7,8,10,5,5,5,5,6,6,3,4,5
gc,svn,mcore3d,/trunk/Test/RenderTest/MaterialTest.cpp,buggy,cpp,IssueTrue,47369,252,767,3,3,1,3,3,2,8,7,7,7,9,9,8,6,6,5,9,9,9,9,9,9,9,9,8,9,8,8,6,7,6,6,6,6,7,7,7,9,10,10,8,8,9,7,5,3,6,5,6,9,7,5,9,5,3,3,4,5,5,6,9,9,9
gc,svn,mcore3d,/trunk/Test/RenderTest/Max3dsLoaderTest.cpp,clean,cpp,IssueTrue,47369,252,767,3,5,3,5,4,5,9,8,8,8,9,9,8,7,7,6,9,9,9,9,9,9,9,9,8,9,8,8,7,7,7,7,7,7,8,7,7,9,10,10,8,8,9,8,6,4,8,6,7,8,7,6,7,8,6,6,6,5,5,5,3,3,5
gc,svn,mcore3d,/trunk/Test/RenderTest/MeshTest.cpp,buggy,cpp,IssueTrue,47369,252,767,3,8,3,9,5,2,8,7,7,7,9,9,9,6,6,7,9,9,9,8,8,9,9,9,9,8,8,8,6,7,7,6,6,7,7,7,7,9,10,10,8,8,9,6,6,5,6,6,7,10,10,9,7,8,3,3,3,4,4,5,10,10,10
gc,svn,mcore3d,/trunk/Test/RenderTest/MultipleRenderTargetTest.cpp,clean,cpp,IssueTrue,47369,252,767,3,7,2,7,5,2,8,9,9,8,9,9,8,7,8,6,9,9,9,9,8,8,9,9,8,10,10,9,8,8,8,8,8,7,9,8,8,9,10,10,8,8,9,9,8,6,8,7,8,9,7,8,3,8,3,3,3,4,4,5,6,5,4
gc,svn,mcore3d,/trunk/Test/RenderTest/NormalMappingTest.cpp,buggy,cpp,IssueTrue,47369,252,767,3,6,3,6,3,3,9,8,7,7,9,9,8,6,6,5,9,9,9,10,10,10,9,9,8,10,9,9,6,7,6,6,6,6,7,7,7,9,10,10,8,8,9,8,6,3,9,7,7,10,10,7,10,10,6,7,9,9,10,10,10,10,10
gc,svn,mcore3d,/trunk/Test/RenderTest/PostProcessingTest.cpp,buggy,cpp,IssueTrue,47369,252,767,3,9,7,9,5,3,7,9,9,8,9,9,8,7,8,6,9,9,9,10,9,9,9,9,8,10,10,9,8,8,8,8,8,7,9,8,8,9,10,10,8,8,9,9,9,7,9,8,9,10,10,9,10,10,10,10,10,10,10,10,10,10,10
gc,svn,mcore3d,/trunk/Test/RenderTest/RayMeshIntersectTest.cpp,buggy,cpp,IssueTrue,47369,252,767,3,7,3,7,5,3,8,8,8,8,7,9,8,5,7,6,9,9,9,9,9,9,7,9,8,8,8,8,7,7,7,7,7,7,7,7,8,9,10,10,8,8,9,9,8,6,7,7,7,8,9,8,6,8,10,10,9,7,7,7,4,4,5
gc,svn,mcore3d,/trunk/Test/RenderTest/RenderTargetTest.cpp,buggy,cpp,IssueTrue,47369,252,767,3,6,3,6,5,3,7,8,8,8,9,9,8,7,7,6,9,9,9,8,8,8,9,9,8,10,9,9,7,7,7,7,7,7,8,8,8,9,10,10,8,8,9,8,7,5,7,5,7,9,8,8,7,8,3,3,3,4,4,5,2,3,4
gc,svn,mcore3d,/trunk/Test/RenderTest/VolSpotlightTest.cpp,buggy,cpp,IssueTrue,47369,252,767,3,7,3,7,3,2,10,8,8,8,9,9,8,6,6,5,9,9,9,10,10,9,9,9,8,10,9,9,6,7,6,6,6,6,7,7,7,9,10,10,8,8,9,10,8,5,9,7,7,10,10,8,5,5,3,3,3,4,4,5,3,4,4
