Host,Vcs,Project,File,Buggy,PL,IssueTracking,TLOC,TNF,TNC,TND,LOC,CL,NStmt,NFunc,RCC,MNL,avg_WMC,max_WMC,total_WMC,avg_DIT,max_DIT,total_DIT,avg_RFC,max_RFC,total_RFC,avg_NOC,max_NOC,total_NOC,avg_CBO,max_CBO,total_CBO,avg_DIT.1,max_DIT.1,total_DIT.1,avg_NIV,max_NIV,total_NIV,avg_NIM,max_NIM,total_NIM,avg_NOM,max_NOM,total_NOM,avg_NPBM,max_NPBM,total_NPBM,avg_NPM,max_NPM,total_NPM,avg_NPRM,max_NPRM,total_NPRM,avg_CC,max_CC,total_CC,avg_FANIN,max_FANIN,total_FANIN,avg_FANOUT,max_FANOUT,total_FANOUT,NRev,NFix,avg_AddedLOC,max_AddedLOC,total_AddedLOC,avg_DeletedLOC,max_DeletedLOC,total_DeletedLOC,avg_ModifiedLOC,max_ModifiedLOC,total_ModifiedLOC
sf,svn,modplug,/trunk/OpenMPT/mptrack/AbstractVstEditor.cpp,buggy,cpp,IssueFalse,73153,99,1140,7,6,6,6,8,4,6,7,7,7,8,9,5,5,5,5,9,9,9,8,6,6,8,9,5,6,6,6,6,6,6,6,6,6,6,6,6,9,9,9,8,8,9,6,6,7,4,6,7,5,6,7,4,8,6,6,6,4,4,4,6,8,7
sf,svn,modplug,/trunk/OpenMPT/mptrack/CommandSet.cpp,buggy,cpp,IssueFalse,73153,99,1140,7,10,9,10,8,3,9,7,7,7,8,9,5,5,5,5,9,9,9,8,6,6,8,9,5,6,6,6,6,6,6,6,6,6,6,6,6,9,9,9,8,8,9,7,10,8,4,5,7,4,6,7,6,6,3,3,3,4,4,4,2,2,2
sf,svn,modplug,/trunk/OpenMPT/mptrack/CommandSet.h,buggy,cpp,IssueFalse,73153,99,1140,7,8,7,3,3,3,3,10,10,10,8,9,5,6,8,8,9,9,9,8,7,7,8,9,5,8,8,9,9,10,10,9,10,10,9,10,10,9,9,9,8,8,9,3,3,2,6,4,3,4,4,3,6,6,4,4,5,4,4,4,2,3,4
sf,svn,modplug,/trunk/OpenMPT/mptrack/Ctrl_gen.cpp,clean,cpp,IssueFalse,73153,99,1140,7,6,5,7,8,3,8,7,7,7,8,9,5,5,5,5,9,9,9,8,6,6,8,9,5,6,6,6,6,6,6,6,6,6,6,6,6,9,9,9,8,8,9,6,7,7,4,8,6,5,5,7,3,6,5,5,5,4,4,4,6,7,6
sf,svn,modplug,/trunk/OpenMPT/mptrack/Ctrl_ins.cpp,buggy,cpp,IssueFalse,73153,99,1140,7,9,10,9,10,5,10,7,7,7,8,9,5,5,5,5,9,9,9,8,6,6,8,9,5,6,6,6,6,6,6,6,6,6,6,6,6,9,9,9,8,8,9,7,8,10,4,9,9,6,8,10,8,9,3,3,3,4,4,4,2,2,2
sf,svn,modplug,/trunk/OpenMPT/mptrack/Ctrl_ins.h,clean,cpp,IssueFalse,73153,99,1140,7,3,3,4,4,7,3,10,10,10,10,10,8,8,9,9,9,9,9,10,8,9,10,10,8,10,10,10,10,10,10,10,10,10,10,10,10,10,10,10,8,8,9,3,3,3,3,2,2,4,5,3,2,6,3,3,3,8,6,6,2,2,2
sf,svn,modplug,/trunk/OpenMPT/mptrack/Ctrl_pat.cpp,buggy,cpp,IssueFalse,73153,99,1140,7,8,7,8,9,4,10,7,7,7,8,9,5,5,5,5,9,9,9,8,6,6,8,9,5,6,6,6,6,6,6,6,6,6,6,6,6,9,9,9,8,8,9,5,8,8,3,5,6,5,8,9,6,4,7,8,9,5,6,6,8,10,9
sf,svn,modplug,/trunk/OpenMPT/mptrack/Ctrl_seq.cpp,buggy,cpp,IssueFalse,73153,99,1140,7,7,6,8,9,3,9,7,7,7,8,9,5,5,5,5,9,9,9,8,6,6,8,9,5,6,6,6,6,6,6,6,6,6,6,6,6,9,9,9,8,8,9,7,7,9,4,6,7,6,8,8,3,4,10,10,10,9,9,8,10,10,10
sf,svn,modplug,/trunk/OpenMPT/mptrack/Ctrl_smp.cpp,buggy,cpp,IssueFalse,73153,99,1140,7,10,9,10,9,4,10,7,7,7,8,9,5,5,5,5,9,9,9,8,6,6,8,9,5,6,6,6,6,6,6,6,6,6,6,6,6,9,9,9,8,8,9,8,9,10,5,8,9,8,10,10,8,9,3,3,3,4,4,4,2,2,2
sf,svn,modplug,/trunk/OpenMPT/mptrack/Draw_pat.cpp,buggy,cpp,IssueFalse,73153,99,1140,7,9,8,9,8,4,10,7,7,7,8,9,5,5,5,5,9,9,9,8,6,6,8,9,5,10,10,10,6,6,6,6,6,6,6,6,6,9,9,9,8,8,9,9,10,9,8,9,9,7,9,8,6,9,5,6,6,5,6,6,6,8,8
sf,svn,modplug,/trunk/OpenMPT/mptrack/InputHandler.cpp,clean,cpp,IssueFalse,73153,99,1140,7,6,6,7,8,7,9,7,7,7,8,9,5,5,5,5,9,9,9,8,6,6,8,9,5,6,6,6,6,6,6,6,6,6,6,6,6,9,9,9,8,8,9,6,9,7,3,3,5,4,6,6,2,4,9,8,7,4,4,4,9,9,7
sf,svn,modplug,/trunk/OpenMPT/mptrack/MainFrm.cpp,buggy,cpp,IssueFalse,73153,99,1140,7,9,10,10,10,5,10,8,7,7,10,10,7,5,5,6,9,9,9,9,6,7,10,10,7,6,6,6,7,7,7,7,7,7,7,7,7,9,9,9,8,8,9,6,9,10,5,10,10,7,10,10,8,9,3,3,3,4,4,4,2,2,2
sf,svn,modplug,/trunk/OpenMPT/mptrack/Mainfrm.h,buggy,cpp,IssueFalse,73153,99,1140,7,6,7,5,7,7,3,10,10,10,9,10,7,9,10,10,9,9,9,10,10,10,9,10,7,10,10,10,10,10,10,10,10,10,10,10,10,9,10,10,9,9,9,4,3,4,3,3,4,3,3,3,6,6,7,8,8,6,7,7,7,10,9
sf,svn,modplug,/trunk/OpenMPT/mptrack/Moddoc.cpp,buggy,cpp,IssueFalse,73153,99,1140,7,10,10,10,10,5,10,7,7,7,8,9,5,5,5,5,9,9,9,8,6,6,8,9,5,8,8,8,6,6,6,6,6,6,6,6,6,9,9,9,8,8,9,8,10,10,5,9,10,6,9,10,10,10,3,3,3,4,4,4,2,2,2
sf,svn,modplug,/trunk/OpenMPT/mptrack/Moddoc.h,buggy,cpp,IssueFalse,73153,99,1140,7,4,6,5,6,8,3,10,10,10,9,10,7,10,10,10,9,9,9,10,10,10,9,10,7,9,9,9,10,10,10,10,10,10,10,10,10,10,10,10,8,8,9,3,3,3,3,3,3,3,3,3,7,8,4,5,5,5,7,6,5,8,8
sf,svn,modplug,/trunk/OpenMPT/mptrack/Modedit.cpp,buggy,cpp,IssueFalse,73153,99,1140,7,9,9,10,8,3,10,7,7,7,8,9,5,5,5,5,9,9,9,8,6,6,8,9,5,6,6,6,6,6,6,6,6,6,6,6,6,9,9,9,8,8,9,10,10,10,8,8,9,9,10,9,10,10,7,10,10,8,10,9,2,9,8
sf,svn,modplug,/trunk/OpenMPT/mptrack/Moptions.cpp,buggy,cpp,IssueFalse,73153,99,1140,7,7,7,7,8,6,5,7,7,7,8,9,5,5,5,5,9,9,9,8,6,6,8,9,5,9,9,8,6,6,6,6,6,6,6,6,6,9,9,9,8,8,9,6,8,7,4,8,6,5,5,7,5,6,7,6,7,4,4,4,7,9,8
sf,svn,modplug,/trunk/OpenMPT/mptrack/Mpdlgs.cpp,buggy,cpp,IssueFalse,73153,99,1140,7,8,7,8,9,5,6,8,8,7,10,10,7,7,7,7,9,9,9,9,6,7,10,10,7,6,6,6,7,7,7,7,7,7,7,7,7,9,9,9,8,8,9,6,7,8,4,7,7,5,8,8,3,6,7,7,6,4,4,4,2,2,2
sf,svn,modplug,/trunk/OpenMPT/mptrack/Mpdlgs.h,buggy,cpp,IssueFalse,73153,99,1140,7,3,1,4,5,4,3,9,9,10,10,10,10,7,8,9,9,9,9,9,8,9,10,10,10,9,9,10,9,10,10,9,9,10,9,10,10,10,10,10,8,8,9,3,3,3,3,4,3,4,4,4,2,4,3,3,3,4,4,4,3,3,3
sf,svn,modplug,/trunk/OpenMPT/mptrack/Mptrack.cpp,buggy,cpp,IssueFalse,73153,99,1140,7,9,9,9,10,5,10,8,9,9,9,10,10,6,7,9,9,9,9,9,7,8,9,10,10,8,9,10,7,9,10,7,9,10,7,8,9,10,10,10,8,8,9,6,8,10,5,8,10,6,10,10,7,10,3,3,3,4,4,4,2,2,2
sf,svn,modplug,/trunk/OpenMPT/mptrack/Mptrack.h,buggy,cpp,IssueFalse,73153,99,1140,7,4,6,5,7,8,4,10,10,10,9,10,8,6,9,9,9,9,9,9,9,10,9,10,8,8,10,10,9,10,10,9,10,10,9,10,10,9,10,10,8,8,9,3,3,4,3,4,4,3,3,4,5,9,6,7,7,4,4,4,6,8,7
sf,svn,modplug,/trunk/OpenMPT/mptrack/ScaleEnvPointsDlg.cpp,clean,cpp,IssueFalse,73153,99,1140,7,2,1,2,4,5,8,7,7,7,8,9,5,5,5,5,9,9,9,8,6,6,8,9,5,6,6,6,6,6,6,6,6,6,6,6,6,9,9,9,8,8,9,4,5,3,3,3,3,3,3,3,3,6,3,3,3,4,4,4,6,7,6
sf,svn,modplug,/trunk/OpenMPT/mptrack/TuningDialog.cpp,buggy,cpp,IssueFalse,73153,99,1140,7,8,7,8,9,3,9,7,7,7,8,9,5,5,5,5,9,9,9,8,6,6,8,9,5,6,6,6,6,6,6,6,6,6,6,6,6,9,9,9,8,8,9,6,6,8,6,9,9,7,8,9,2,4,3,3,3,4,4,4,6,6,4
sf,svn,modplug,/trunk/OpenMPT/mptrack/View_gen.cpp,buggy,cpp,IssueFalse,73153,99,1140,7,8,8,8,9,6,10,7,7,7,8,9,5,5,5,5,9,9,9,8,6,6,8,9,5,6,6,6,6,6,6,6,6,6,6,6,6,9,9,9,8,8,9,5,9,9,4,7,8,5,9,9,4,6,4,5,5,4,4,4,3,5,5
sf,svn,modplug,/trunk/OpenMPT/mptrack/View_ins.cpp,buggy,cpp,IssueFalse,73153,99,1140,7,9,8,9,10,3,9,7,7,7,8,9,5,5,5,5,9,9,9,8,6,6,8,9,5,6,6,6,6,6,6,6,6,6,6,6,6,9,9,9,8,8,9,7,9,10,5,6,9,6,9,10,7,8,3,3,3,4,4,4,2,2,2
sf,svn,modplug,/trunk/OpenMPT/mptrack/View_pat.cpp,buggy,cpp,IssueFalse,73153,99,1140,7,10,10,10,10,4,10,7,7,7,8,9,5,5,5,5,9,9,9,8,6,6,8,9,5,6,6,6,6,6,6,6,6,6,6,6,6,9,9,9,8,8,9,8,10,10,5,8,10,7,10,10,9,9,3,3,3,4,4,4,2,2,2
sf,svn,modplug,/trunk/OpenMPT/mptrack/View_pat.h,buggy,cpp,IssueFalse,73153,99,1140,7,5,5,5,6,7,3,10,10,10,9,10,7,9,10,10,9,9,9,10,10,10,9,10,7,10,10,10,10,10,10,10,10,10,10,10,10,10,10,10,9,10,10,3,3,3,3,3,4,3,3,3,4,4,7,7,7,4,4,4,3,6,5
sf,svn,modplug,/trunk/OpenMPT/mptrack/View_smp.cpp,buggy,cpp,IssueFalse,73153,99,1140,7,9,8,9,9,3,9,7,7,7,8,9,5,5,5,5,9,9,9,8,6,6,8,9,5,6,6,6,6,6,6,6,6,6,6,6,6,9,9,9,8,8,9,8,8,10,5,9,9,7,9,10,8,9,3,3,3,4,4,4,2,2,2
sf,svn,modplug,/trunk/OpenMPT/mptrack/View_smp.h,clean,cpp,IssueFalse,73153,99,1140,7,3,1,3,3,4,3,10,10,10,10,10,7,9,9,9,9,9,9,10,10,10,10,10,7,10,10,9,10,10,10,10,10,10,10,10,10,10,10,10,8,8,9,3,3,2,3,2,2,3,3,2,2,4,3,3,3,4,4,4,3,3,3
sf,svn,modplug,/trunk/OpenMPT/mptrack/View_tre.cpp,buggy,cpp,IssueFalse,73153,99,1140,7,10,8,10,10,2,10,7,7,7,8,9,5,5,5,5,9,9,9,8,6,6,8,9,5,6,6,6,6,6,6,6,6,6,6,6,6,9,9,9,8,8,9,8,10,10,5,9,9,6,8,10,5,8,3,3,3,4,4,4,2,2,2
sf,svn,modplug,/trunk/OpenMPT/mptrack/Vstplug.cpp,buggy,cpp,IssueFalse,73153,99,1140,7,10,10,10,10,7,10,9,10,9,8,9,5,5,5,6,9,9,9,8,6,6,8,9,5,9,9,9,7,8,8,7,8,8,8,9,9,9,9,9,8,8,9,7,10,10,5,8,10,5,9,10,7,9,3,3,3,4,4,4,2,2,2
sf,svn,modplug,/trunk/OpenMPT/mptrack/Vstplug.h,clean,cpp,IssueFalse,73153,99,1140,7,4,5,5,5,7,3,10,10,10,9,10,8,8,10,10,9,9,9,10,8,10,9,10,8,10,10,10,10,10,10,10,10,10,10,10,10,9,9,9,9,9,9,3,3,3,3,2,3,3,3,3,3,6,3,3,3,4,4,4,5,5,5
sf,svn,modplug,/trunk/OpenMPT/mptrack/dlg_misc.cpp,buggy,cpp,IssueFalse,73153,99,1140,7,9,9,10,10,5,9,7,7,7,9,10,7,6,7,7,9,9,9,8,6,6,9,10,7,7,7,8,6,7,7,6,7,7,6,6,7,10,10,10,8,8,9,7,9,10,6,7,10,6,7,10,9,10,3,3,3,4,4,4,2,2,2
sf,svn,modplug,/trunk/OpenMPT/mptrack/dlg_misc.h,buggy,cpp,IssueFalse,73153,99,1140,7,5,6,6,7,7,4,9,10,10,10,10,10,7,8,10,9,10,10,9,8,10,10,10,10,9,10,10,9,9,10,8,9,10,7,9,10,10,10,10,9,9,9,4,3,4,4,4,6,3,4,5,7,9,7,7,9,5,6,6,3,6,6
sf,svn,modplug,/trunk/OpenMPT/mptrack/misc_util.h,buggy,cpp,IssueFalse,73153,99,1140,7,2,2,2,4,9,4,7,7,7,8,9,5,5,5,5,9,9,9,8,6,6,8,9,5,6,6,6,6,6,6,6,6,6,6,6,6,9,9,9,8,8,9,3,3,2,3,2,2,3,2,2,5,6,7,8,8,4,4,4,2,2,2
sf,svn,modplug,/trunk/OpenMPT/mptrack/mod2midi.cpp,clean,cpp,IssueFalse,73153,99,1140,7,6,4,6,6,3,10,7,7,7,8,9,5,5,5,5,9,9,9,8,6,6,8,9,5,8,9,9,6,7,6,6,6,6,6,7,7,9,9,9,8,8,9,8,9,7,6,9,6,7,9,6,3,4,3,3,3,4,4,4,8,9,8
sf,svn,modplug,/trunk/OpenMPT/mptrack/resource.h,buggy,cpp,IssueFalse,73153,99,1140,7,1,1,1,2,1,3,7,7,7,8,9,5,5,5,5,9,9,9,8,6,6,8,9,5,6,6,6,6,6,6,6,6,6,6,6,6,9,9,9,8,8,9,3,3,2,3,2,2,3,2,2,9,10,6,7,9,4,5,5,4,8,8
sf,svn,modplug,/trunk/OpenMPT/mptrack/serialization_utils.cpp,clean,cpp,IssueFalse,73153,99,1140,7,7,7,7,9,5,8,7,7,7,8,9,5,5,5,5,9,9,9,8,6,6,8,9,5,6,6,6,6,6,6,6,6,6,6,6,6,9,9,9,8,8,9,6,8,8,7,8,9,7,7,9,2,6,3,3,3,4,4,4,3,3,3
sf,svn,modplug,/trunk/OpenMPT/mptrack/tagging.cpp,clean,cpp,IssueFalse,73153,99,1140,7,3,3,4,4,7,6,7,7,7,8,9,5,5,5,5,9,9,9,8,6,6,8,9,5,6,6,6,6,6,6,6,6,6,6,6,6,9,9,9,8,8,9,7,7,4,7,6,4,7,5,4,2,6,3,3,3,7,6,6,5,5,4
sf,svn,modplug,/trunk/OpenMPT/mptrack/tagging.h,clean,cpp,IssueFalse,73153,99,1140,7,2,2,2,2,7,3,8,9,8,8,9,5,5,5,6,9,9,9,9,7,8,8,9,5,8,9,9,6,7,7,6,7,7,6,7,7,9,9,9,9,9,9,3,3,2,3,2,2,3,2,2,2,6,6,5,5,4,4,4,2,2,2
sf,svn,modplug,/trunk/OpenMPT/mptrack/test/test.cpp,buggy,cpp,IssueFalse,73153,99,1140,7,1,1,1,3,10,3,7,7,7,8,9,5,5,5,5,9,9,9,8,6,6,8,9,5,6,6,6,6,6,6,6,6,6,6,6,6,9,9,9,8,8,9,3,3,2,3,2,2,3,2,2,3,4,10,10,10,4,4,4,2,2,2
sf,svn,modplug,/trunk/OpenMPT/mptrack/typedefs.h,buggy,cpp,IssueFalse,73153,99,1140,7,2,1,2,2,1,3,7,7,7,8,9,5,5,5,5,9,9,9,8,6,6,8,9,5,6,6,6,6,6,6,6,6,6,6,6,6,9,9,9,8,8,9,3,3,2,3,2,2,3,2,2,3,4,6,6,6,4,4,4,2,2,2
sf,svn,modplug,/trunk/OpenMPT/mptrack/view_com.cpp,buggy,cpp,IssueFalse,73153,99,1140,7,6,4,6,6,3,10,7,7,7,8,9,5,5,5,5,9,9,9,8,6,6,8,9,5,7,7,7,6,6,6,6,6,6,6,6,6,9,9,9,8,8,9,8,10,7,4,8,5,6,8,6,5,8,7,8,7,4,4,4,8,9,9
sf,svn,modplug,/trunk/OpenMPT/soundlib/Dlsbank.cpp,clean,cpp,IssueFalse,73153,99,1140,7,9,8,9,7,4,10,7,7,7,8,9,5,5,5,5,9,9,9,8,8,8,8,9,5,8,9,10,6,6,6,6,6,6,6,6,6,9,9,9,8,8,9,10,9,9,9,9,8,8,8,8,5,6,3,3,3,4,4,4,10,10,10
sf,svn,modplug,/trunk/OpenMPT/soundlib/IT_DEFS.H,buggy,cpp,IssueFalse,73153,99,1140,7,3,1,4,2,3,3,7,7,7,8,9,5,5,5,5,9,9,9,8,6,7,8,9,5,10,10,10,6,6,6,6,6,6,6,6,6,9,9,9,8,8,9,3,3,2,3,2,2,3,2,2,2,6,3,3,3,4,4,4,5,5,4
sf,svn,modplug,/trunk/OpenMPT/soundlib/Load_669.cpp,clean,cpp,IssueFalse,73153,99,1140,7,4,2,4,3,5,10,7,7,7,8,9,5,5,5,5,9,9,9,8,6,6,8,9,5,9,9,9,6,6,6,6,6,6,6,6,6,9,9,9,8,8,9,10,9,5,10,7,3,10,6,3,2,6,3,3,3,4,4,4,8,8,7
sf,svn,modplug,/trunk/OpenMPT/soundlib/Load_ams.cpp,clean,cpp,IssueFalse,73153,99,1140,7,6,4,7,3,3,10,7,7,7,8,9,5,5,5,5,9,9,9,8,6,6,8,9,5,9,9,10,6,6,6,6,6,6,6,6,6,9,9,9,8,8,9,10,10,7,10,9,6,10,9,5,5,6,4,6,5,6,7,7,9,9,10
sf,svn,modplug,/trunk/OpenMPT/soundlib/Load_far.cpp,clean,cpp,IssueFalse,73153,99,1140,7,4,3,5,3,5,9,7,7,7,8,9,5,5,5,5,9,9,9,8,6,6,8,9,5,9,9,10,6,6,6,6,6,6,6,6,6,9,9,9,8,8,9,10,9,5,10,8,4,10,7,4,4,6,3,3,3,5,6,6,9,9,9
sf,svn,modplug,/trunk/OpenMPT/soundlib/Load_gdm.cpp,buggy,cpp,IssueFalse,73153,99,1140,7,6,7,6,3,7,10,7,7,7,8,9,5,5,5,5,9,9,9,8,6,6,8,9,5,10,10,10,6,6,6,6,6,6,6,6,6,9,9,9,8,8,9,10,10,7,10,9,5,10,8,4,5,9,7,8,8,8,8,8,9,10,10
sf,svn,modplug,/trunk/OpenMPT/soundlib/Load_imf.cpp,clean,cpp,IssueFalse,73153,99,1140,7,6,8,6,3,8,9,7,7,7,8,9,5,5,5,5,9,9,9,8,7,7,8,9,5,9,9,10,6,6,6,6,6,6,6,6,6,9,9,9,8,8,9,10,9,6,10,10,6,10,9,5,6,8,10,10,10,10,10,10,10,10,10
sf,svn,modplug,/trunk/OpenMPT/soundlib/Load_it.cpp,buggy,cpp,IssueFalse,73153,99,1140,7,10,10,10,7,7,10,7,7,7,8,9,5,5,5,5,9,9,9,8,6,6,8,9,5,6,6,6,6,6,6,6,6,6,6,6,6,9,9,9,8,8,9,10,10,10,10,10,10,10,10,9,10,10,3,3,3,4,4,4,2,2,2
sf,svn,modplug,/trunk/OpenMPT/soundlib/Load_mdl.cpp,buggy,cpp,IssueFalse,73153,99,1140,7,6,4,7,4,3,10,7,7,7,8,9,5,5,5,5,9,9,9,8,6,6,8,9,5,8,9,9,6,6,6,6,6,6,6,6,6,9,9,9,8,8,9,10,10,8,9,8,5,9,8,5,6,8,3,3,3,5,5,5,9,10,10
sf,svn,modplug,/trunk/OpenMPT/soundlib/Load_med.cpp,buggy,cpp,IssueFalse,73153,99,1140,7,7,8,7,3,7,10,7,7,7,8,9,5,5,5,5,9,9,9,8,6,7,8,9,5,10,10,10,6,6,6,6,6,6,6,6,6,9,9,9,8,8,9,10,10,8,10,10,5,10,8,4,5,8,3,4,4,4,4,4,8,8,8
sf,svn,modplug,/trunk/OpenMPT/soundlib/Load_mid.cpp,clean,cpp,IssueFalse,73153,99,1140,7,7,9,7,4,7,10,7,7,7,8,9,5,5,5,5,9,9,9,8,6,6,8,9,5,9,9,10,6,6,6,6,6,6,6,6,6,9,9,9,8,8,9,10,10,8,9,9,5,10,9,6,7,8,3,3,3,4,4,4,8,10,9
sf,svn,modplug,/trunk/OpenMPT/soundlib/Load_mod.cpp,buggy,cpp,IssueFalse,73153,99,1140,7,6,5,7,4,3,10,7,7,7,8,9,5,5,5,5,9,9,9,8,6,6,8,9,5,8,8,9,6,6,6,6,6,6,6,6,6,9,9,9,8,8,9,10,10,8,8,7,5,8,7,5,7,8,6,8,8,5,6,6,8,9,10
sf,svn,modplug,/trunk/OpenMPT/soundlib/Load_mt2.cpp,clean,cpp,IssueFalse,73153,99,1140,7,6,3,7,3,2,10,7,7,7,8,9,5,5,5,5,9,9,9,8,6,6,8,9,5,9,10,10,6,6,6,6,6,6,6,6,6,9,9,9,8,8,9,10,10,7,10,10,6,10,9,5,7,8,3,4,4,4,4,4,9,10,10
sf,svn,modplug,/trunk/OpenMPT/soundlib/Load_mtm.cpp,clean,cpp,IssueFalse,73153,99,1140,7,3,2,4,3,6,10,7,7,7,8,9,5,5,5,5,9,9,9,8,6,6,8,9,5,9,9,9,6,6,6,6,6,6,6,6,6,9,9,9,8,8,9,10,8,4,10,8,4,10,7,3,2,6,3,3,3,4,4,4,9,9,7
sf,svn,modplug,/trunk/OpenMPT/soundlib/Load_okt.cpp,clean,cpp,IssueFalse,73153,99,1140,7,4,3,4,3,6,10,7,7,7,8,9,5,5,5,5,9,9,9,8,6,6,8,9,5,9,9,9,6,6,6,6,6,6,6,6,6,9,9,9,8,8,9,10,9,5,10,7,3,10,6,3,4,8,3,4,4,4,4,4,8,8,8
sf,svn,modplug,/trunk/OpenMPT/soundlib/Load_psm.cpp,buggy,cpp,IssueFalse,73153,99,1140,7,7,8,7,3,7,10,7,7,7,8,9,5,5,5,5,9,9,9,8,6,6,8,9,5,9,10,10,6,6,6,6,6,6,6,6,7,9,9,9,8,8,9,10,10,8,10,10,5,10,10,5,7,9,10,10,10,10,10,10,10,10,10
sf,svn,modplug,/trunk/OpenMPT/soundlib/Load_ptm.cpp,clean,cpp,IssueFalse,73153,99,1140,7,4,4,4,3,7,10,7,7,7,8,9,5,5,5,5,9,9,9,8,6,6,8,9,5,10,10,10,6,6,6,6,6,6,6,6,6,9,9,9,8,8,9,10,8,4,10,8,4,10,8,4,2,6,3,3,3,4,4,4,9,9,8
sf,svn,modplug,/trunk/OpenMPT/soundlib/Load_s3m.cpp,buggy,cpp,IssueFalse,73153,99,1140,7,7,5,8,4,3,10,7,7,7,8,9,5,5,5,5,9,9,9,8,6,6,8,9,5,10,10,10,6,6,6,6,6,6,6,6,6,9,9,9,8,8,9,10,9,8,9,8,5,10,9,6,9,10,5,6,8,6,8,8,8,10,10
sf,svn,modplug,/trunk/OpenMPT/soundlib/Load_stm.cpp,clean,cpp,IssueFalse,73153,99,1140,7,3,5,4,3,8,6,7,7,7,8,9,5,5,5,5,9,9,9,8,6,7,8,9,5,9,9,10,6,6,6,6,6,6,6,6,6,9,9,9,8,8,9,10,9,5,10,9,4,10,7,3,3,8,3,3,3,4,4,4,7,8,7
sf,svn,modplug,/trunk/OpenMPT/soundlib/Load_ult.cpp,clean,cpp,IssueFalse,73153,99,1140,7,4,2,4,3,3,10,7,7,7,8,9,5,5,5,5,9,9,9,8,6,6,8,9,5,9,9,9,6,6,6,6,6,6,6,6,6,9,9,9,8,8,9,10,9,5,10,7,3,10,7,3,3,6,3,3,3,4,4,4,9,9,9
sf,svn,modplug,/trunk/OpenMPT/soundlib/Load_xm.cpp,buggy,cpp,IssueFalse,73153,99,1140,7,7,7,8,3,4,10,7,7,7,8,9,5,5,5,5,9,9,9,8,6,6,8,9,5,10,10,10,6,6,6,6,6,6,6,6,6,9,9,9,8,8,9,10,10,9,10,10,7,10,10,7,9,10,7,9,10,8,9,9,9,10,10
sf,svn,modplug,/trunk/OpenMPT/soundlib/Sampleio.cpp,buggy,cpp,IssueFalse,73153,99,1140,7,9,9,9,8,6,10,7,7,7,8,9,5,5,5,5,9,9,9,8,6,6,8,9,5,9,10,10,6,6,6,6,6,6,6,6,6,9,9,9,8,8,9,9,10,10,10,10,10,9,9,9,6,8,3,3,3,4,4,4,2,2,2
sf,svn,modplug,/trunk/OpenMPT/soundlib/Snd_fx.cpp,buggy,cpp,IssueFalse,73153,99,1140,7,10,10,10,9,6,10,7,7,7,8,9,5,5,5,5,9,9,9,8,6,6,8,9,5,6,6,6,6,6,6,6,6,6,6,6,6,9,9,9,8,8,9,10,10,10,8,10,10,8,10,9,10,10,3,3,3,4,4,4,2,2,2
sf,svn,modplug,/trunk/OpenMPT/soundlib/Sndfile.cpp,buggy,cpp,IssueFalse,73153,99,1140,7,9,10,10,9,6,10,7,7,7,8,9,5,5,5,5,9,9,9,8,6,6,8,9,5,6,6,6,6,6,6,6,6,6,6,6,6,9,9,9,8,8,9,8,10,10,4,9,9,6,10,9,10,10,3,3,3,4,4,4,2,2,2
sf,svn,modplug,/trunk/OpenMPT/soundlib/Sndfile.h,buggy,cpp,IssueFalse,73153,99,1140,7,7,10,8,9,9,4,10,10,10,8,9,5,7,10,10,9,10,10,10,10,10,8,9,5,10,10,10,9,10,10,9,10,10,10,10,10,9,9,9,9,9,9,4,4,6,3,5,6,3,4,5,10,9,6,7,9,8,9,9,7,10,10
sf,svn,modplug,/trunk/OpenMPT/soundlib/Sndmix.cpp,buggy,cpp,IssueFalse,73153,99,1140,7,9,9,8,5,5,10,7,7,7,8,9,5,5,5,5,9,9,9,8,6,6,8,9,5,6,6,6,6,6,6,6,6,6,6,6,6,9,9,9,8,8,9,10,10,9,10,10,7,9,10,7,9,10,7,9,10,7,8,9,9,10,10
sf,svn,modplug,/trunk/OpenMPT/soundlib/mod_specifications.cpp,buggy,cpp,IssueFalse,73153,99,1140,7,1,1,1,3,2,5,7,7,7,8,9,5,5,5,5,9,9,9,8,6,6,8,9,5,6,6,6,6,6,6,6,6,6,6,6,6,9,9,9,8,8,9,7,4,3,8,4,3,3,3,2,2,6,5,4,4,4,4,4,2,2,2
sf,svn,modplug,/trunk/OpenMPT/soundlib/mod_specifications.h,buggy,cpp,IssueFalse,73153,99,1140,7,5,9,2,2,10,3,8,7,7,8,9,5,5,5,5,9,9,9,9,6,7,8,9,5,10,10,9,6,6,6,6,6,6,6,6,7,9,9,9,8,8,9,3,3,2,3,2,2,3,2,2,6,9,7,7,8,5,5,5,8,9,9
sf,svn,modplug,/trunk/OpenMPT/soundlib/modcommand.h,buggy,cpp,IssueFalse,73153,99,1140,7,2,2,2,6,9,3,8,8,8,8,9,5,7,7,7,9,9,9,8,6,6,8,9,5,9,9,8,9,9,9,10,9,9,9,9,9,9,9,9,8,8,9,3,3,3,3,3,4,3,3,3,6,8,8,9,9,4,4,4,4,6,7
sf,svn,modplug,/trunk/OpenMPT/soundlib/modsmp_ctrl.cpp,buggy,cpp,IssueFalse,73153,99,1140,7,5,3,5,5,4,10,7,7,7,8,9,5,5,5,5,9,9,9,8,6,6,8,9,5,8,7,7,6,6,6,6,6,6,6,6,6,9,9,9,8,8,9,8,6,5,9,7,6,8,5,5,8,9,9,10,10,5,6,6,8,10,10
sf,svn,modplug,/trunk/OpenMPT/soundlib/modsmp_ctrl.h,clean,cpp,IssueFalse,73153,99,1140,7,2,2,1,3,10,3,7,7,7,8,9,5,5,5,5,9,9,9,8,6,6,8,9,5,6,6,6,6,6,6,6,6,6,6,6,6,9,9,9,8,8,9,3,3,2,3,3,2,3,3,2,6,8,7,7,8,4,4,4,5,7,7
sf,svn,modplug,/trunk/OpenMPT/soundlib/pattern.cpp,buggy,cpp,IssueFalse,73153,99,1140,7,5,2,6,6,2,8,7,7,7,8,9,5,5,5,5,9,9,9,8,6,6,8,9,5,6,6,6,6,6,6,6,6,6,6,6,6,9,9,9,8,8,9,7,8,7,6,6,6,7,6,6,3,6,10,10,10,6,6,6,4,6,4
sf,svn,modplug,/trunk/OpenMPT/soundlib/pattern.h,clean,cpp,IssueFalse,73153,99,1140,7,2,2,3,7,8,3,10,10,9,8,9,5,8,7,7,9,9,9,10,8,8,8,9,5,8,7,7,10,10,9,10,10,9,10,10,10,9,9,9,10,9,9,4,3,4,4,4,5,3,3,4,2,4,9,8,7,6,5,5,3,3,3
sf,svn,modplug,/trunk/OpenMPT/soundlib/patternContainer.cpp,buggy,cpp,IssueFalse,73153,99,1140,7,3,1,3,5,3,5,7,7,7,8,9,5,5,5,5,9,9,9,8,6,6,8,9,5,6,6,6,6,6,6,6,6,6,6,6,6,9,9,9,8,8,9,5,4,4,4,4,4,5,4,4,2,4,10,9,8,4,4,4,5,5,4
sf,svn,modplug,/trunk/OpenMPT/soundlib/patternContainer.h,buggy,cpp,IssueFalse,73153,99,1140,7,2,2,2,5,10,3,9,9,9,8,9,5,7,7,7,9,9,9,10,8,8,8,9,5,7,7,7,10,9,9,10,9,9,10,10,9,9,9,9,8,8,9,3,3,3,4,4,4,3,3,3,2,4,7,6,5,7,6,6,5,5,4
sf,svn,modplug,/trunk/OpenMPT/soundlib/tuningbase.cpp,buggy,cpp,IssueFalse,73153,99,1140,7,5,5,5,7,5,6,7,7,7,8,9,5,5,5,5,9,9,9,8,6,6,8,9,5,6,6,6,6,6,6,6,6,6,6,6,6,9,9,9,8,8,9,6,5,6,6,5,7,5,6,6,2,4,5,4,4,10,10,10,3,3,3
