Host,Vcs,Project,File,Buggy,PL,IssueTracking,TLOC,TNF,TNC,TND,LOC,CL,NStmt,NFunc,RCC,MNL,avg_WMC,max_WMC,total_WMC,avg_DIT,max_DIT,total_DIT,avg_RFC,max_RFC,total_RFC,avg_NOC,max_NOC,total_NOC,avg_CBO,max_CBO,total_CBO,avg_DIT.1,max_DIT.1,total_DIT.1,avg_NIV,max_NIV,total_NIV,avg_NIM,max_NIM,total_NIM,avg_NOM,max_NOM,total_NOM,avg_NPBM,max_NPBM,total_NPBM,avg_NPM,max_NPM,total_NPM,avg_NPRM,max_NPRM,total_NPRM,avg_CC,max_CC,total_CC,avg_FANIN,max_FANIN,total_FANIN,avg_FANOUT,max_FANOUT,total_FANOUT,NRev,NFix,avg_AddedLOC,max_AddedLOC,total_AddedLOC,avg_DeletedLOC,max_DeletedLOC,total_DeletedLOC,avg_ModifiedLOC,max_ModifiedLOC,total_ModifiedLOC
sf,svn,molybdenum,/trunk/molybdenum/automation/molybdenum-env/src/main/java/org/molyb/reporting/xunitxml/SuiteWriterImpl.java,clean,java,IssueFalse,2005,18,594,5,5,1,5,3,1,7,5,5,4,5,6,7,6,6,6,9,9,9,9,8,8,5,6,7,6,6,4,6,3,3,6,2,2,7,7,3,8,9,9,7,7,7,10,8,5,9,7,4,10,9,7,6,8,9,9,8,4,4,4,3,4,5
sf,svn,molybdenum,/trunk/molybdenum/automation/molybdenum-env/src/main/java/org/molyb/reporting/xunitxml/XUnitXMLGenerator.java,clean,java,IssueFalse,2005,18,594,5,6,1,5,7,1,9,8,7,7,5,6,7,7,7,7,9,9,9,9,8,7,5,6,7,8,8,7,9,8,8,9,8,7,9,9,8,8,9,9,7,7,7,7,9,7,3,7,6,3,7,6,3,8,5,4,4,4,4,4,6,5,4
sf,svn,molybdenum,/trunk/molybdenum/automation/molybdenum-env/src/test/java/org/molyb/reporting/xunitxml/GeneratorTest.java,clean,java,IssueFalse,2005,18,594,5,5,1,5,4,1,2,2,2,2,5,6,8,6,6,7,9,9,9,5,5,6,5,6,8,4,6,4,6,3,4,6,3,4,7,7,4,8,9,9,7,7,7,3,3,3,2,3,3,10,8,7,3,8,9,7,6,4,4,4,5,4,4
sf,svn,molybdenum,/trunk/molybdenum/interpreter/src/main/java/org/molyb/interpreter/CommandlineParser.java,clean,java,IssueFalse,2005,18,594,5,4,5,4,3,8,7,4,5,5,5,6,8,6,6,7,9,9,9,4,5,6,5,6,8,9,9,8,6,3,3,6,2,2,6,7,3,8,9,9,7,7,7,10,9,5,8,6,4,9,7,4,3,5,9,7,6,8,6,6,7,6,5
sf,svn,molybdenum,/trunk/molybdenum/interpreter/src/main/java/org/molyb/interpreter/DefaultSeleneseCommandAdapter.java,clean,java,IssueFalse,2005,18,594,5,7,3,7,4,3,10,9,8,8,5,6,7,6,6,7,9,9,9,9,8,8,5,6,7,4,4,3,7,5,5,7,4,4,7,7,3,8,9,9,10,9,9,10,10,8,9,9,6,8,7,6,4,5,7,7,6,4,4,4,2,3,3
sf,svn,molybdenum,/trunk/molybdenum/interpreter/src/main/java/org/molyb/interpreter/MolybdenumInterpreter.java,clean,java,IssueFalse,2005,18,594,5,10,7,10,7,3,10,9,10,10,5,6,8,7,7,8,9,9,9,10,10,10,5,6,8,10,10,10,8,8,8,8,8,8,7,8,6,8,9,9,10,10,10,10,10,10,10,10,9,7,9,9,9,8,9,9,10,9,9,9,8,9,9
sf,svn,molybdenum,/trunk/molybdenum/interpreter/src/main/java/org/molyb/interpreter/Testset.java,clean,java,IssueFalse,2005,18,594,5,8,5,8,8,3,9,5,9,9,5,8,10,6,8,9,10,10,10,6,9,10,5,8,10,9,9,10,7,9,9,7,9,9,8,10,9,8,9,9,7,8,8,7,10,8,5,9,8,4,9,8,7,8,9,9,9,8,8,8,7,8,8
sf,svn,molybdenum,/trunk/molybdenum/interpreter/src/main/java/org/molyb/interpreter/adapter/AssertAndVerifyErrorOnNext.java,clean,java,IssueFalse,2005,18,594,5,2,3,2,3,9,4,2,2,2,5,6,7,6,6,6,9,9,9,5,4,4,5,6,7,4,4,3,6,3,3,6,2,2,7,7,3,8,9,9,7,7,7,5,4,3,8,7,4,4,3,3,4,5,7,7,6,5,5,5,2,3,3
sf,svn,molybdenum,/trunk/molybdenum/interpreter/src/main/java/org/molyb/interpreter/adapter/AssertAndVerifyFailureOnNext.java,clean,java,IssueFalse,2005,18,594,5,2,3,2,3,9,4,2,2,2,5,6,7,6,6,6,9,9,9,5,4,4,5,6,7,4,4,3,6,3,3,6,2,2,7,7,3,8,9,9,7,7,7,5,4,3,8,7,4,4,3,3,4,5,7,7,6,5,5,5,2,3,3
sf,svn,molybdenum,/trunk/molybdenum/interpreter/src/main/java/org/molyb/interpreter/adapter/Pause.java,clean,java,IssueFalse,2005,18,594,5,1,3,1,3,10,2,2,2,2,5,6,7,6,6,6,9,9,9,5,4,4,5,6,7,4,4,3,6,3,3,6,2,2,7,7,3,8,9,9,7,7,7,3,3,2,2,2,2,3,2,2,3,5,3,3,2,6,5,5,2,2,2
sf,svn,molybdenum,/trunk/molybdenum/interpreter/src/main/java/org/molyb/interpreter/adapter/Store.java,clean,java,IssueFalse,2005,18,594,5,1,3,1,3,10,4,2,2,2,5,6,7,6,6,6,9,9,9,4,3,3,5,6,7,4,4,3,6,3,3,6,2,2,7,7,3,8,9,9,7,7,7,5,4,3,6,5,3,3,2,2,3,5,4,3,3,6,5,5,3,3,3
