Host,Vcs,Project,File,Buggy,PL,IssueTracking,TLOC,TNF,TNC,TND,LOC,CL,NStmt,NFunc,RCC,MNL,avg_WMC,max_WMC,total_WMC,avg_DIT,max_DIT,total_DIT,avg_RFC,max_RFC,total_RFC,avg_NOC,max_NOC,total_NOC,avg_CBO,max_CBO,total_CBO,avg_DIT.1,max_DIT.1,total_DIT.1,avg_NIV,max_NIV,total_NIV,avg_NIM,max_NIM,total_NIM,avg_NOM,max_NOM,total_NOM,avg_NPBM,max_NPBM,total_NPBM,avg_NPM,max_NPM,total_NPM,avg_NPRM,max_NPRM,total_NPRM,avg_CC,max_CC,total_CC,avg_FANIN,max_FANIN,total_FANIN,avg_FANOUT,max_FANOUT,total_FANOUT,NRev,NFix,avg_AddedLOC,max_AddedLOC,total_AddedLOC,avg_DeletedLOC,max_DeletedLOC,total_DeletedLOC,avg_ModifiedLOC,max_ModifiedLOC,total_ModifiedLOC
sf,cvs,mule,mule/mule-extras/client/src/java/org/mule/extras/client/Attic/MuleUrl.java,clean,java,IssueTrue,23914,328,2112,4,6,5,4,6,5,8,5,5,7,4,4,4,4,4,3,9,9,9,4,4,4,4,4,4,10,10,10,6,7,7,6,6,7,6,7,7,9,10,10,8,9,9,6,8,6,8,7,7,5,8,6,3,9,6,5,5,6,5,5,7,6,5
sf,cvs,mule,mule/mule-extras/client/src/java/org/mule/extras/client/MuleClient.java,buggy,java,IssueTrue,23914,328,2112,4,10,9,9,8,5,10,9,9,10,4,4,4,6,5,4,9,9,9,10,10,10,4,4,4,7,7,7,8,9,9,8,9,9,7,8,8,10,10,10,8,9,9,9,10,9,10,9,9,10,10,10,9,10,10,10,10,10,10,9,10,10,10
sf,cvs,mule,mule/mule-extras/client/src/test/org/mule/extras/client/Attic/MuleUrlTestCase.java,clean,java,IssueTrue,23914,328,2112,4,3,3,3,4,6,8,3,3,4,9,9,8,3,3,2,9,9,9,4,4,4,9,9,8,7,7,7,3,5,4,3,4,5,4,5,5,9,10,10,8,9,9,7,7,4,2,2,3,6,7,5,3,9,9,7,7,6,5,5,9,8,6
sf,cvs,mule,mule/mule-extras/client/src/test/org/mule/extras/client/MuleClientTestCase.java,buggy,java,IssueTrue,23914,328,2112,4,6,3,6,7,4,6,5,4,6,10,10,9,8,8,7,9,9,9,9,8,8,10,10,9,7,7,7,6,7,7,7,7,7,7,8,8,9,10,10,8,9,9,5,5,5,2,2,3,8,8,9,9,10,6,7,7,6,5,5,8,8,9
sf,cvs,mule,mule/mule-extras/groovy/src/java/org/mule/extras/groovy/transformers/GroovyTransformer.java,buggy,java,IssueTrue,23914,328,2112,4,7,5,6,7,4,8,7,6,8,8,8,7,8,8,7,9,9,9,6,6,6,8,8,7,10,10,10,7,8,8,7,7,8,7,8,8,9,10,10,8,9,9,7,9,7,4,7,6,5,8,8,6,9,6,6,6,10,9,9,9,9,8
sf,cvs,mule,mule/mule-extras/picocontainer/src/java/org/mule/extras/picocontainer/Attic/PicoComponentResolver.java,buggy,java,IssueTrue,23914,328,2112,4,8,7,7,6,5,10,7,6,8,4,4,4,4,4,3,9,9,9,10,10,9,4,4,4,9,9,9,6,7,7,6,6,7,6,7,7,9,10,10,8,9,9,9,10,7,6,7,7,7,9,8,3,7,7,5,5,10,10,9,10,9,7
sf,cvs,mule,mule/mule-extras/picocontainer/src/java/org/mule/extras/picocontainer/Attic/PicoPoolFactory.java,clean,java,IssueTrue,23914,328,2112,4,2,4,2,3,8,6,2,1,2,4,4,4,2,2,2,9,9,9,5,6,5,4,4,4,7,7,7,2,3,3,2,2,4,2,4,4,9,10,10,8,9,9,5,5,3,3,3,3,3,5,3,3,7,6,5,5,6,5,5,8,7,5
sf,cvs,mule,mule/mule-extras/picocontainer/src/java/org/mule/extras/picocontainer/Attic/PicoProxyFactory.java,buggy,java,IssueTrue,23914,328,2112,4,5,5,4,4,6,8,3,3,4,4,4,4,2,2,2,9,9,9,9,9,8,4,4,4,9,9,9,3,5,4,3,4,5,4,5,5,9,10,10,8,9,9,7,7,4,8,6,5,8,8,6,3,7,6,5,5,6,5,5,9,7,6
sf,cvs,mule,mule/mule-extras/picocontainer/src/java/org/mule/extras/picocontainer/Attic/PicoProxyPool.java,clean,java,IssueTrue,23914,328,2112,4,8,8,6,8,6,8,7,6,8,4,4,4,6,5,4,9,9,9,9,8,8,4,4,4,9,9,9,8,9,8,8,8,9,8,9,8,10,10,10,10,10,10,5,7,7,5,6,7,5,8,8,6,9,6,6,6,9,9,8,9,8,8
sf,cvs,mule,mule/mule-extras/picocontainer/src/java/org/mule/extras/picocontainer/PicoContainerContext.java,buggy,java,IssueTrue,23914,328,2112,4,6,5,4,5,5,9,6,5,7,4,4,4,3,3,2,9,9,9,7,7,6,4,4,4,8,8,8,4,5,5,4,5,6,5,6,6,9,10,10,8,9,9,9,10,6,6,5,5,5,7,5,3,7,9,7,7,9,8,7,9,8,6
sf,cvs,mule,mule/mule-extras/picocontainer/src/test/org/mule/extras/picocontainer/Attic/PicoPoolTestCase.java,clean,java,IssueTrue,23914,328,2112,4,7,4,5,5,4,8,6,5,7,10,10,10,8,8,8,9,9,9,9,8,8,10,10,10,8,8,8,5,6,6,5,6,6,6,7,7,9,10,10,8,9,9,9,10,6,6,8,6,6,8,6,5,7,6,6,6,9,8,7,7,6,6
sf,cvs,mule,mule/mule-extras/picocontainer/src/test/org/mule/extras/picocontainer/Attic/PicoProxyFactoryTestCase.java,clean,java,IssueTrue,23914,328,2112,4,2,2,2,3,7,6,2,1,2,10,10,10,8,8,7,9,9,9,5,5,4,10,10,10,7,7,7,2,3,3,2,2,4,2,4,4,9,10,10,8,9,9,5,5,3,5,4,4,3,5,3,3,7,6,5,5,8,7,6,8,7,5
sf,cvs,mule,mule/mule-extras/picocontainer/src/test/org/mule/extras/picocontainer/PicoContainerContextTestCase.java,buggy,java,IssueTrue,23914,328,2112,4,3,3,2,4,7,6,2,2,4,10,10,10,8,8,7,9,9,9,5,5,4,10,10,10,8,8,8,3,5,4,3,4,5,2,4,4,10,10,10,8,9,9,5,5,3,3,3,4,3,5,4,3,7,4,4,4,6,5,5,8,7,5
sf,cvs,mule,mule/mule-extras/spring/src/java/org/mule/extras/spring/config/AutowireUMOManagerFactoryBean.java,buggy,java,IssueTrue,23914,328,2112,4,10,8,9,9,4,9,10,9,10,4,4,4,7,7,5,9,9,9,10,10,10,4,4,4,9,9,9,9,10,9,9,9,9,7,8,8,10,10,10,10,10,10,9,9,9,6,8,9,7,10,10,9,10,9,9,9,9,9,9,8,7,9
sf,cvs,mule,mule/mule-extras/spring/src/java/org/mule/extras/spring/config/SpringConfigurationBuilder.java,buggy,java,IssueTrue,23914,328,2112,4,5,3,4,3,5,8,4,3,5,4,4,4,2,2,2,9,9,9,5,6,5,4,4,4,7,7,7,2,3,3,2,2,4,2,4,4,9,10,10,8,9,9,10,9,4,5,4,4,8,7,5,5,7,9,7,7,6,5,5,8,8,7
sf,cvs,mule,mule/mule-extras/spring/src/java/org/mule/extras/spring/config/UMOManagerFactoryBean.java,buggy,java,IssueTrue,23914,328,2112,4,8,3,7,9,3,8,9,8,9,4,4,4,7,6,5,9,9,9,10,10,9,4,4,4,8,8,8,9,9,9,9,9,9,9,10,9,9,10,10,8,9,9,6,7,8,4,5,8,5,7,9,8,10,8,8,8,8,8,7,8,7,8
sf,cvs,mule,mule/mule-extras/spring/src/java/org/mule/extras/spring/events/MuleApplicationEvent.java,buggy,java,IssueTrue,23914,328,2112,4,7,3,6,8,4,6,7,6,8,8,8,7,6,5,4,9,9,9,8,8,7,8,8,7,10,10,10,8,9,8,8,8,9,8,9,9,9,10,10,8,9,9,5,5,6,7,7,8,4,7,8,3,7,10,8,8,6,5,5,7,6,5
sf,cvs,mule,mule/mule-extras/spring/src/java/org/mule/extras/spring/events/MuleEventMulticaster.java,buggy,java,IssueTrue,23914,328,2112,4,10,9,9,8,6,10,10,9,10,4,4,4,6,6,5,9,9,9,10,10,10,4,4,4,10,10,10,9,9,9,9,9,9,8,9,9,10,10,10,10,10,10,9,10,9,6,7,8,7,10,9,9,10,10,10,10,9,9,9,9,9,9
sf,cvs,mule,mule/mule-extras/spring/src/test/org/mule/extras/spring/SpringContainerContextTestCase.java,buggy,java,IssueTrue,23914,328,2112,4,3,3,2,4,7,6,2,2,4,10,10,10,8,8,7,9,9,9,5,5,4,10,10,10,8,8,8,3,5,4,3,4,5,2,4,4,10,10,10,8,9,9,5,5,3,3,3,4,3,5,4,3,9,4,4,4,6,5,5,8,7,5
sf,cvs,mule,mule/mule-extras/spring/src/test/org/mule/extras/spring/config/Attic/SpringConfigBuilderTestCase.java,clean,java,IssueTrue,23914,328,2112,4,2,2,2,4,7,6,2,2,4,10,10,9,8,7,6,9,9,9,4,4,4,10,10,9,7,7,7,3,5,4,3,4,5,4,5,5,9,10,10,8,9,9,5,5,3,2,2,3,2,3,3,8,10,7,8,7,7,8,7,7,7,8
sf,cvs,mule,mule/mule-extras/spring/src/test/org/mule/extras/spring/config/SpringAutowireConfigBuilderTestCase.java,buggy,java,IssueTrue,23914,328,2112,4,2,2,2,4,7,6,2,2,4,10,10,9,8,7,6,9,9,9,4,4,4,10,10,9,7,7,7,3,5,4,3,4,5,4,5,5,9,10,10,8,9,9,5,5,3,2,2,3,2,3,3,3,9,4,4,4,6,5,5,8,7,5
sf,cvs,mule,mule/mule-extras/spring/src/test/org/mule/extras/spring/events/Attic/SpringEventsExampleTest.java,clean,java,IssueTrue,23914,328,2112,4,7,4,6,6,4,8,2,3,6,8,10,10,5,8,8,9,9,9,7,8,9,8,10,10,7,7,7,2,5,7,2,5,7,2,5,7,9,10,10,8,9,9,5,7,5,4,4,5,8,8,8,6,9,4,4,4,9,9,8,8,7,7
sf,cvs,mule,mule/mule-extras/spring/src/test/org/mule/extras/spring/events/SpringEventsTestCase.java,buggy,java,IssueTrue,23914,328,2112,4,9,5,9,9,3,6,2,5,8,4,10,10,4,8,9,9,9,9,5,8,10,4,10,10,7,7,7,2,8,9,2,7,9,3,8,9,9,10,10,8,9,9,5,5,7,3,5,7,7,9,10,9,10,9,9,9,10,10,9,9,9,9
sf,cvs,mule,mule/mule-extras/spring/src/test/org/mule/extras/spring/events/TestMuleEventBean.java,buggy,java,IssueTrue,23914,328,2112,4,4,3,3,5,5,9,4,4,6,4,4,4,3,3,2,9,9,9,8,8,7,4,4,4,8,8,8,4,5,5,4,5,6,5,6,6,9,10,10,8,9,9,7,8,5,6,6,5,5,7,5,3,7,4,4,4,6,5,5,7,6,5
sf,cvs,mule,mule/mule-extras/xstream/src/test/org/mule/extras/xstream/transformers/Attic/XstreamTransformersTestCase.java,clean,java,IssueTrue,23914,328,2112,4,9,2,8,7,2,8,4,5,8,8,9,9,4,4,6,9,9,9,8,9,9,8,9,9,7,7,7,5,7,8,5,6,8,6,7,8,9,10,10,8,9,9,6,7,6,3,6,5,7,9,9,3,9,4,4,4,6,5,5,7,6,5
sf,cvs,mule,mule/mule/src/java/org/mule/MuleManager.java,buggy,java,IssueTrue,23914,328,2112,4,10,10,10,10,5,10,9,10,10,4,8,9,8,9,10,9,9,9,10,10,10,4,8,9,10,10,10,9,10,10,9,10,10,9,10,10,9,10,10,10,10,10,7,10,10,9,10,10,5,8,10,10,10,9,10,10,10,10,10,10,10,10
sf,cvs,mule,mule/mule/src/java/org/mule/MuleServer.java,clean,java,IssueTrue,23914,328,2112,4,9,8,8,8,5,9,9,8,9,4,4,4,5,5,4,9,9,9,10,10,9,4,4,4,8,8,8,7,8,8,8,8,8,6,7,7,10,10,10,10,10,10,9,10,8,6,7,8,8,9,9,9,10,9,10,10,9,9,8,9,9,10
sf,cvs,mule,mule/mule/src/java/org/mule/config/Attic/MuleXmlBuilderContextListener.java,clean,java,IssueTrue,23914,328,2112,4,5,5,4,5,6,8,5,4,6,4,4,4,4,3,3,9,9,9,5,6,5,4,4,4,7,7,7,5,6,6,5,6,6,4,5,5,10,10,10,8,9,9,7,7,5,4,4,5,5,6,6,3,9,6,5,5,9,8,7,9,8,6
sf,cvs,mule,mule/mule/src/java/org/mule/config/Attic/MuleXmlConfigurationBuilder.java,buggy,java,IssueTrue,23914,328,2112,4,10,8,10,10,2,10,4,8,10,4,4,10,3,7,10,9,9,9,9,10,10,4,4,10,7,8,9,3,10,10,3,10,10,2,5,10,10,10,10,8,9,9,8,9,10,7,9,10,7,10,10,10,10,10,10,10,10,10,10,10,10,10
sf,cvs,mule,mule/mule/src/java/org/mule/config/Attic/PersistenceStrategy.java,buggy,java,IssueTrue,23914,328,2112,4,2,2,2,5,7,6,4,3,5,1,1,2,1,1,1,10,10,10,4,4,4,1,1,2,7,7,7,5,6,6,5,6,6,6,7,7,9,10,10,8,9,9,5,5,4,4,4,5,1,3,3,3,7,4,4,4,6,5,5,8,7,5
sf,cvs,mule,mule/mule/src/java/org/mule/config/MuleConfiguration.java,buggy,java,IssueTrue,23914,328,2112,4,9,9,8,10,5,8,9,9,10,4,4,4,8,8,7,9,9,9,6,6,6,4,4,4,10,10,10,10,10,10,10,10,10,10,10,10,9,10,10,10,10,10,5,7,9,7,9,10,2,6,9,9,10,10,9,10,10,10,10,10,9,10
sf,cvs,mule,mule/mule/src/java/org/mule/config/PoolingProfile.java,buggy,java,IssueTrue,23914,328,2112,4,9,8,7,9,6,9,9,8,9,4,4,4,7,7,5,9,9,9,4,4,4,4,4,4,10,10,10,9,10,9,9,9,9,10,10,9,9,10,10,8,9,9,6,9,8,8,8,9,4,9,9,5,9,9,8,8,7,7,6,8,7,7
sf,cvs,mule,mule/mule/src/java/org/mule/config/ThreadingProfile.java,buggy,java,IssueTrue,23914,328,2112,4,10,5,9,10,3,8,8,9,10,4,4,7,6,7,7,9,9,9,4,5,6,4,4,7,10,10,10,8,10,10,8,10,10,9,10,10,9,10,10,9,10,10,6,10,9,6,9,9,4,9,9,5,9,10,9,9,10,10,9,9,8,7
sf,cvs,mule,mule/mule/src/java/org/mule/config/converters/Attic/ProviderConverter.java,clean,java,IssueTrue,23914,328,2112,4,5,5,4,3,6,9,4,4,6,4,4,4,2,2,2,9,9,9,8,7,7,4,4,4,7,7,7,2,3,3,2,2,4,2,4,4,9,10,10,8,9,9,10,9,5,5,4,4,8,7,4,5,7,5,5,5,10,10,10,8,8,7
sf,cvs,mule,mule/mule/src/java/org/mule/config/converters/ConnectorConverter.java,clean,java,IssueTrue,23914,328,2112,4,5,5,3,3,6,9,4,4,6,4,4,4,2,2,2,9,9,9,6,6,6,4,4,4,7,7,7,2,3,3,2,2,4,2,4,4,9,10,10,8,9,9,10,9,5,5,4,4,6,6,4,5,9,4,4,4,10,10,10,9,8,7
sf,cvs,mule,mule/mule/src/java/org/mule/config/converters/TransformerConverter.java,buggy,java,IssueTrue,23914,328,2112,4,6,5,5,3,5,10,5,5,7,4,4,4,2,2,2,9,9,9,8,7,7,4,4,4,7,7,7,2,3,3,2,2,4,2,4,4,9,10,10,8,9,9,10,10,6,5,4,4,9,7,5,5,7,4,4,4,10,10,10,8,7,7
sf,cvs,mule,mule/mule/src/java/org/mule/config/pool/CommonsPoolProxyFactory.java,buggy,java,IssueTrue,23914,328,2112,4,7,7,5,7,6,8,6,5,7,4,4,4,5,4,4,9,9,9,9,9,8,4,4,4,9,9,9,7,8,8,7,7,8,7,8,8,9,10,10,8,9,9,5,7,6,5,6,7,4,8,7,5,9,7,6,6,7,7,6,8,7,7
sf,cvs,mule,mule/mule/src/java/org/mule/config/pool/CommonsPoolProxyPool.java,buggy,java,IssueTrue,23914,328,2112,4,6,8,5,8,7,6,6,5,7,4,4,4,5,5,4,9,9,9,6,6,6,4,4,4,9,9,9,8,9,8,8,8,8,8,9,8,9,10,10,10,10,10,5,5,6,6,7,8,4,7,7,3,7,4,4,4,6,5,5,9,8,6
sf,cvs,mule,mule/mule/src/java/org/mule/impl/Attic/ImmutableMuleProviderDescriptor.java,buggy,java,IssueTrue,23914,328,2112,4,9,8,9,9,5,8,10,9,10,4,4,4,7,7,6,10,10,10,9,8,8,4,4,4,10,10,10,10,10,10,10,10,10,10,10,10,9,10,10,8,9,9,8,10,9,7,9,9,5,8,9,8,10,4,4,4,8,8,7,9,9,9
sf,cvs,mule,mule/mule/src/java/org/mule/impl/Attic/MuleProviderDescriptor.java,buggy,java,IssueTrue,23914,328,2112,4,7,7,5,9,6,6,8,7,8,8,8,7,8,8,7,9,9,9,8,7,7,8,8,7,7,7,7,9,9,9,9,9,9,9,9,9,9,10,10,8,9,9,5,7,7,7,9,9,2,6,7,5,9,6,6,6,9,8,7,9,8,7
sf,cvs,mule,mule/mule/src/java/org/mule/impl/Attic/ProviderList.java,clean,java,IssueTrue,23914,328,2112,4,10,10,10,10,5,9,10,10,10,4,4,4,8,8,7,9,9,9,10,10,9,4,4,4,10,10,10,10,10,10,10,10,10,10,10,10,10,10,10,10,10,10,8,9,10,9,9,10,6,9,10,7,7,10,10,10,10,10,10,6,6,7
sf,cvs,mule,mule/mule/src/java/org/mule/impl/Attic/ReceiverProxy.java,clean,java,IssueTrue,23914,328,2112,4,6,3,4,7,4,8,6,5,7,4,4,4,5,4,4,9,9,9,4,4,4,4,4,4,9,9,9,7,8,8,7,7,8,7,8,8,9,10,10,8,9,9,6,8,6,4,5,6,2,5,6,3,9,4,4,4,6,5,5,7,6,5
sf,cvs,mule,mule/mule/src/java/org/mule/impl/DefaultExceptionStrategy.java,buggy,java,IssueTrue,23914,328,2112,4,5,6,4,6,7,8,5,4,6,4,4,4,4,4,3,10,10,10,6,6,6,4,4,4,8,8,8,6,7,7,6,6,7,6,7,7,9,10,10,8,9,9,5,7,5,7,8,7,3,6,5,3,7,4,4,4,6,5,5,8,7,5
sf,cvs,mule,mule/mule/src/java/org/mule/impl/DefaultLifecycleAdapter.java,buggy,java,IssueTrue,23914,328,2112,4,10,7,9,9,3,10,10,9,10,4,4,4,6,6,5,9,9,9,10,10,9,4,4,4,10,10,10,9,9,9,9,9,9,9,9,9,10,10,10,8,9,9,9,9,9,6,7,9,6,9,9,10,9,9,9,9,10,10,10,9,9,10
sf,cvs,mule,mule/mule/src/java/org/mule/impl/ImmutableMuleDescriptor.java,buggy,java,IssueTrue,23914,328,2112,4,10,9,9,10,5,9,8,8,10,4,4,8,6,7,8,9,10,10,9,10,10,4,4,8,10,10,10,8,10,10,8,10,10,9,10,10,9,10,10,8,9,9,6,9,10,7,9,10,5,10,10,7,9,10,10,10,10,10,10,10,9,9
sf,cvs,mule,mule/mule/src/java/org/mule/impl/InterceptorsInvoker.java,clean,java,IssueTrue,23914,328,2112,4,4,2,3,5,5,8,4,3,5,8,8,7,5,4,4,9,9,9,7,7,6,8,8,7,8,8,8,4,5,5,4,5,6,5,6,6,9,10,10,8,9,9,6,7,4,9,8,7,6,6,6,5,7,6,5,5,6,5,5,9,8,7
sf,cvs,mule,mule/mule/src/java/org/mule/impl/MuleComponent.java,buggy,java,IssueTrue,23914,328,2112,4,10,8,9,9,4,10,10,9,10,4,4,4,6,6,5,9,9,9,10,10,10,4,4,4,10,10,10,9,9,9,9,9,9,9,9,9,9,10,10,8,9,9,10,10,9,9,9,9,8,10,10,10,10,8,9,10,10,10,10,8,9,10
sf,cvs,mule,mule/mule/src/java/org/mule/impl/MuleDescriptor.java,buggy,java,IssueTrue,23914,328,2112,4,10,9,9,10,5,10,10,9,10,8,8,7,9,9,8,9,9,9,10,10,10,8,8,7,9,9,9,10,10,10,10,10,10,10,10,10,9,10,10,8,9,9,7,10,10,6,8,9,5,10,10,10,10,9,9,10,10,10,10,9,9,10
sf,cvs,mule,mule/mule/src/java/org/mule/impl/MuleEvent.java,buggy,java,IssueTrue,23914,328,2112,4,10,9,9,10,4,9,10,9,10,8,8,7,8,8,7,9,9,9,10,10,9,8,8,7,10,10,10,10,10,10,10,10,10,10,10,10,10,10,10,8,9,9,7,10,10,7,10,10,6,10,10,10,10,9,8,10,10,10,10,9,10,10
sf,cvs,mule,mule/mule/src/java/org/mule/impl/MuleMessage.java,clean,java,IssueTrue,23914,328,2112,4,9,7,8,9,4,9,8,8,9,4,8,8,6,6,7,9,9,9,7,8,9,4,8,8,8,9,9,8,9,10,8,9,10,8,9,10,9,10,10,8,9,9,6,9,9,8,10,10,5,7,9,7,7,9,8,9,6,5,5,8,8,8
sf,cvs,mule,mule/mule/src/java/org/mule/impl/MuleModel.java,buggy,java,IssueTrue,23914,328,2112,4,10,9,10,10,4,10,10,10,10,4,4,4,8,8,7,9,9,9,10,10,10,4,4,4,10,10,10,10,10,10,10,10,10,10,10,10,9,10,10,8,9,9,9,9,10,6,8,9,7,10,10,9,10,9,10,10,10,10,10,9,10,10
sf,cvs,mule,mule/mule/src/java/org/mule/impl/MuleProxy.java,buggy,java,IssueTrue,23914,328,2112,4,10,8,9,9,4,10,10,9,10,4,4,4,7,6,5,9,9,9,10,10,10,4,4,4,10,10,10,9,9,9,9,9,9,9,9,9,9,10,10,10,10,10,9,10,9,8,8,9,8,10,10,10,10,8,8,9,10,10,10,9,9,10
sf,cvs,mule,mule/mule/src/java/org/mule/impl/MuleSession.java,buggy,java,IssueTrue,23914,328,2112,4,10,7,9,9,3,9,10,9,10,4,4,4,7,7,6,9,9,9,10,10,9,4,4,4,10,10,10,9,10,9,9,9,9,9,10,9,9,10,10,10,10,10,9,9,9,7,8,9,7,9,10,9,10,9,9,10,10,10,10,9,9,10
sf,cvs,mule,mule/mule/src/java/org/mule/impl/MuleTransactionConfig.java,clean,java,IssueTrue,23914,328,2112,4,9,7,7,8,4,8,9,8,9,4,4,4,6,5,4,9,9,9,8,7,7,4,4,4,10,10,10,8,9,9,8,9,9,9,9,9,9,10,10,8,9,9,9,10,8,7,9,8,3,6,7,6,7,8,8,8,9,9,8,9,8,8
sf,cvs,mule,mule/mule/src/java/org/mule/interceptors/EnvelopeInterceptor.java,clean,java,IssueTrue,23914,328,2112,4,3,5,3,5,8,6,3,3,4,4,4,4,3,3,2,9,9,9,4,4,4,4,4,4,7,7,7,4,5,5,4,5,6,5,6,6,9,10,10,8,9,9,5,5,4,3,3,4,2,6,4,5,7,6,5,5,9,8,7,9,9,8
sf,cvs,mule,mule/mule/src/java/org/mule/interceptors/TimerInterceptor.java,clean,java,IssueTrue,23914,328,2112,4,3,4,3,3,7,6,2,2,4,4,4,4,2,2,2,9,9,9,8,8,7,4,4,4,7,7,7,2,3,3,2,2,4,2,4,4,9,10,10,8,9,9,8,7,3,5,4,4,9,8,5,7,9,6,5,6,9,8,8,9,8,8
sf,cvs,mule,mule/mule/src/java/org/mule/model/Attic/CallableEntryPointResolver.java,buggy,java,IssueTrue,23914,328,2112,4,6,6,5,5,6,8,5,5,7,4,4,4,3,3,2,10,10,10,10,9,9,4,4,4,7,7,7,4,5,5,4,5,6,4,5,5,10,10,10,8,9,9,9,9,6,6,5,6,8,8,7,5,7,8,7,7,6,5,5,8,7,7
sf,cvs,mule,mule/mule/src/java/org/mule/model/Attic/ExtendedEntryPointResolver.java,buggy,java,IssueTrue,23914,328,2112,4,4,5,3,5,7,8,4,3,5,9,9,8,5,5,4,10,10,10,4,4,4,9,9,8,7,7,7,4,5,5,4,5,6,4,5,5,10,10,10,8,9,9,6,7,4,6,7,6,5,6,5,6,10,10,10,9,10,10,10,7,6,7
sf,cvs,mule,mule/mule/src/java/org/mule/model/Attic/MuleComponentResolver.java,buggy,java,IssueTrue,23914,328,2112,4,4,6,3,5,7,8,4,3,5,4,4,4,3,3,2,9,9,9,7,7,6,4,4,4,8,8,8,4,5,5,4,5,6,5,6,6,9,10,10,8,9,9,6,7,4,5,5,5,3,5,4,5,7,4,4,4,6,5,5,8,7,7
sf,cvs,mule,mule/mule/src/java/org/mule/model/Attic/NonVoidEntryPointResolver.java,buggy,java,IssueTrue,23914,328,2112,4,7,7,6,5,5,10,7,6,8,8,8,7,4,4,3,10,10,10,8,8,7,8,8,7,7,7,7,4,5,5,4,5,6,4,5,5,10,10,10,8,9,9,10,10,7,5,5,5,8,9,7,6,10,8,7,7,10,10,9,8,8,8
sf,cvs,mule,mule/mule/src/java/org/mule/model/DynamicEntryPoint.java,buggy,java,IssueTrue,23914,328,2112,4,5,3,4,5,5,9,5,5,7,8,8,7,3,3,2,9,9,9,7,7,6,8,8,7,7,7,7,4,5,5,4,5,6,5,6,6,9,10,10,8,9,9,9,9,6,3,4,4,8,9,7,3,9,8,6,6,6,5,5,7,6,5
sf,cvs,mule,mule/mule/src/java/org/mule/model/MuleContainerContext.java,clean,java,IssueTrue,23914,328,2112,4,5,4,3,3,6,9,4,3,5,4,4,4,2,2,2,9,9,9,6,6,6,4,4,4,7,7,7,2,3,3,2,2,4,2,4,4,9,10,10,8,9,9,10,9,4,5,4,4,9,7,5,3,7,4,4,4,6,5,5,8,7,5
sf,cvs,mule,mule/mule/src/java/org/mule/providers/AbstractConnector.java,buggy,java,IssueTrue,23914,328,2112,4,10,9,10,10,5,9,10,10,10,4,4,4,8,8,8,10,10,10,10,10,9,4,4,4,10,10,10,10,10,10,10,10,10,10,10,10,10,10,10,8,9,9,8,9,10,8,10,10,5,9,10,10,10,9,10,10,9,10,10,9,10,10
sf,cvs,mule,mule/mule/src/java/org/mule/providers/AbstractMessageAdapter.java,buggy,java,IssueTrue,23914,328,2112,4,5,5,3,6,7,6,4,4,6,4,4,4,4,4,3,10,10,10,6,6,6,4,4,4,8,8,8,6,7,7,6,6,7,6,7,7,9,10,10,8,9,9,5,5,5,5,5,6,2,5,5,3,7,8,6,6,6,5,5,7,6,5
sf,cvs,mule,mule/mule/src/java/org/mule/providers/AbstractMessageDispatcher.java,buggy,java,IssueTrue,23914,328,2112,4,8,6,7,8,4,9,8,7,9,4,4,4,5,5,4,10,10,10,8,8,7,4,4,4,9,9,9,8,9,8,8,8,8,8,9,8,9,10,10,10,10,10,8,9,8,8,9,8,6,7,8,9,9,9,9,9,9,8,8,8,8,9
sf,cvs,mule,mule/mule/src/java/org/mule/providers/AbstractMessageReceiver.java,buggy,java,IssueTrue,23914,328,2112,4,8,7,7,8,5,8,8,7,8,4,4,4,6,6,5,10,10,10,10,10,10,4,4,4,10,10,10,9,9,9,9,9,9,9,9,9,9,10,10,8,9,9,6,7,8,9,9,9,4,8,8,10,10,8,8,10,9,10,10,9,9,10
sf,cvs,mule,mule/mule/src/java/org/mule/providers/PollingMessageReceiver.java,buggy,java,IssueTrue,23914,328,2112,4,7,3,6,7,4,8,7,6,8,8,8,7,7,7,6,10,10,10,6,6,6,8,8,7,9,9,9,7,8,8,7,7,8,7,8,8,10,10,10,8,9,9,6,8,6,7,9,7,4,7,7,7,9,10,9,9,6,5,5,8,7,8
sf,cvs,mule,mule/mule/src/java/org/mule/providers/TransactionEnabledConnector.java,clean,java,IssueTrue,23914,328,2112,4,9,1,7,6,1,9,8,8,9,8,8,7,9,9,8,10,10,10,8,7,7,8,8,7,7,7,7,6,7,7,6,6,7,6,7,7,9,10,10,8,9,9,10,10,8,8,8,8,7,8,8,10,10,7,8,9,9,10,10,7,9,9
sf,cvs,mule,mule/mule/src/java/org/mule/routing/ForwardingCatchAllStrategy.java,buggy,java,IssueTrue,23914,328,2112,4,5,2,4,6,4,8,5,5,7,4,4,4,4,4,3,9,9,9,8,7,7,4,4,4,9,9,9,6,7,7,6,6,7,6,7,7,9,10,10,8,9,9,6,8,6,5,6,6,3,7,6,5,7,7,5,6,9,8,7,8,7,7
sf,cvs,mule,mule/mule/src/java/org/mule/routing/LoggingCatchAllStrategy.java,clean,java,IssueTrue,23914,328,2112,4,4,2,3,5,6,6,3,3,4,4,4,4,3,3,2,9,9,9,7,7,6,4,4,4,7,7,7,4,5,5,4,5,6,5,6,6,9,10,10,8,9,9,5,5,4,4,5,5,2,5,4,5,7,6,5,5,8,7,7,8,7,7
sf,cvs,mule,mule/mule/src/java/org/mule/routing/filters/WildcardFilter.java,buggy,java,IssueTrue,23914,328,2112,4,5,3,4,6,5,8,7,6,8,4,4,4,4,4,3,9,9,9,3,3,3,4,4,4,8,8,8,6,7,7,6,6,7,6,7,7,9,10,10,8,9,9,8,10,6,7,7,7,5,8,6,3,7,10,8,7,6,5,5,9,8,7
sf,cvs,mule,mule/mule/src/java/org/mule/routing/inbound/IdempotentReceiver.java,buggy,java,IssueTrue,23914,328,2112,4,7,2,5,6,3,10,7,6,8,4,4,4,4,4,3,9,9,9,8,8,7,4,4,4,9,9,9,6,7,7,6,6,7,6,7,7,10,10,10,8,9,9,9,10,7,7,7,7,7,9,8,3,7,10,9,8,10,9,8,10,9,7
sf,cvs,mule,mule/mule/src/java/org/mule/routing/outbound/AbstractMessageSplitter.java,buggy,java,IssueTrue,23914,328,2112,4,6,6,5,7,6,10,7,6,8,8,8,7,7,7,5,10,10,10,8,7,7,8,8,7,7,7,7,6,7,7,7,7,7,6,7,7,10,10,10,8,9,9,7,9,6,5,7,6,4,8,7,3,7,7,5,5,10,10,9,9,8,7
sf,cvs,mule,mule/mule/src/java/org/mule/routing/outbound/AbstractRecipientList.java,buggy,java,IssueTrue,23914,328,2112,4,7,3,6,7,4,10,7,6,8,4,4,4,5,4,4,10,10,10,9,9,8,4,4,4,9,9,9,7,8,8,7,7,8,6,7,7,10,10,10,8,9,9,7,9,7,5,7,7,5,9,7,3,7,8,6,6,6,5,5,7,6,5
sf,cvs,mule,mule/mule/src/java/org/mule/routing/outbound/FilteringOutboundRouter.java,buggy,java,IssueTrue,23914,328,2112,4,8,2,7,8,3,9,8,7,9,4,4,4,6,5,4,10,10,10,9,9,8,4,4,4,10,10,10,8,9,8,8,8,9,9,9,9,9,10,10,8,9,9,7,9,8,8,7,9,4,7,8,5,7,7,6,6,6,5,5,7,6,6
sf,cvs,mule,mule/mule/src/java/org/mule/routing/outbound/OutboundMessageRouter.java,buggy,java,IssueTrue,23914,328,2112,4,7,3,6,8,3,10,7,6,8,4,4,4,5,5,4,9,9,9,9,8,8,4,4,4,9,9,9,8,9,8,8,8,8,8,9,9,9,10,10,8,9,9,6,9,7,7,7,8,3,7,7,3,9,4,4,4,10,10,10,7,6,5
sf,cvs,mule,mule/mule/src/java/org/mule/routing/outbound/StaticRecipientList.java,clean,java,IssueTrue,23914,328,2112,4,4,3,3,5,6,6,4,3,5,8,8,7,6,5,4,9,9,9,5,6,5,8,8,7,8,8,8,5,6,6,5,6,6,5,6,6,10,10,10,8,9,9,5,5,4,4,4,5,2,5,4,3,7,7,5,5,6,5,5,8,7,5
sf,cvs,mule,mule/mule/src/java/org/mule/tck/AbstractConfigBuilderTestCase.java,buggy,java,IssueTrue,23914,328,2112,4,10,5,10,9,2,8,9,8,9,9,9,8,7,7,6,10,10,10,10,10,10,9,9,8,8,8,8,10,10,10,10,10,10,10,10,10,10,10,10,8,9,9,5,7,8,2,3,4,9,9,10,10,10,9,10,10,8,9,9,9,10,10
sf,cvs,mule,mule/mule/src/java/org/mule/tck/AbstractMuleTestCase.java,buggy,java,IssueTrue,23914,328,2112,4,9,3,8,10,2,8,9,8,9,9,9,8,8,7,6,10,10,10,10,10,10,9,9,8,7,7,7,2,3,3,10,10,10,10,10,10,9,10,10,8,9,9,5,7,8,10,10,10,6,8,10,10,10,7,7,9,8,8,9,7,9,10
sf,cvs,mule,mule/mule/src/java/org/mule/tck/AbstractTransformerTestCase.java,buggy,java,IssueTrue,23914,328,2112,4,9,3,8,9,2,8,9,9,10,10,10,9,9,8,8,10,10,10,5,5,4,10,10,9,7,7,7,9,10,10,10,10,10,10,10,10,9,10,10,8,9,9,7,9,9,6,8,9,6,9,10,7,10,6,7,6,6,7,6,8,8,8
sf,cvs,mule,mule/mule/src/java/org/mule/tck/AbstractUMOManagerTestCase.java,buggy,java,IssueTrue,23914,328,2112,4,9,3,9,9,2,8,8,7,9,10,10,9,8,8,7,10,10,10,10,10,9,10,10,9,7,7,7,9,9,9,9,9,9,9,9,9,10,10,10,8,9,9,6,7,8,4,7,7,8,8,10,3,7,9,7,6,6,5,5,7,6,5
sf,cvs,mule,mule/mule/src/java/org/mule/tck/NamedTestCase.java,buggy,java,IssueTrue,23914,328,2112,4,2,2,1,3,8,6,2,1,2,8,8,7,2,2,2,10,10,10,3,3,3,8,8,7,7,7,7,2,3,3,2,2,4,2,4,4,9,10,10,8,9,9,5,5,3,2,2,3,7,6,4,3,9,4,4,4,6,5,5,8,7,5
sf,cvs,mule,mule/mule/src/java/org/mule/tck/functional/EventCallback.java,buggy,java,IssueTrue,23914,328,2112,4,1,2,1,3,9,6,2,1,2,1,1,2,1,1,1,10,10,10,4,4,4,1,1,2,7,7,7,2,3,3,2,2,4,2,4,4,9,10,10,8,9,9,5,5,3,5,4,4,1,3,2,3,7,4,4,4,6,5,5,7,6,5
sf,cvs,mule,mule/mule/src/java/org/mule/tck/functional/FunctionalTestComponent.java,buggy,java,IssueTrue,23914,328,2112,4,5,3,4,5,5,8,4,3,5,4,4,4,3,3,2,9,9,9,8,8,7,4,4,4,8,8,8,4,5,5,4,5,6,5,6,6,9,10,10,8,9,9,6,7,4,4,5,5,6,7,6,5,7,7,6,6,9,8,7,9,8,7
sf,cvs,mule,mule/mule/src/java/org/mule/tck/model/AbstractComponentResolverTestCase.java,buggy,java,IssueTrue,23914,328,2112,4,7,5,6,5,5,8,5,4,6,10,10,9,8,8,7,10,10,10,8,8,7,10,10,9,7,7,7,5,6,6,5,6,6,6,7,7,9,10,10,8,9,9,7,8,5,3,5,4,8,8,8,5,7,5,5,5,7,7,6,9,7,7
sf,cvs,mule,mule/mule/src/java/org/mule/tck/model/AbstractEntryPointDiscoveryTestCase.java,buggy,java,IssueTrue,23914,328,2112,4,9,7,7,9,4,9,7,6,9,8,10,10,7,8,8,10,10,10,6,7,8,8,10,10,9,10,10,7,8,9,7,7,9,7,8,9,9,10,10,10,10,10,6,8,8,6,7,9,6,8,9,3,9,10,8,8,6,5,5,9,8,6
sf,cvs,mule,mule/mule/src/java/org/mule/tck/model/AbstractPoolTestCase.java,buggy,java,IssueTrue,23914,328,2112,4,10,5,9,9,2,9,7,7,9,9,10,10,9,9,9,10,10,10,8,8,9,9,10,10,8,9,9,7,9,9,7,9,9,7,9,9,9,10,10,8,9,9,7,8,8,4,8,8,8,9,10,6,7,5,5,5,6,5,5,7,7,7
sf,cvs,mule,mule/mule/src/java/org/mule/tck/model/AbstractProxyPoolFactoryTestCase.java,buggy,java,IssueTrue,23914,328,2112,4,4,2,4,4,5,6,2,2,4,10,10,9,8,8,7,10,10,10,8,8,7,10,10,9,7,7,7,3,5,4,3,4,5,4,5,5,9,10,10,8,9,9,5,5,3,2,3,3,8,8,6,3,7,6,5,5,8,7,6,9,7,6
sf,cvs,mule,mule/mule/src/java/org/mule/tck/providers/AbstractConnectorTestCase.java,buggy,java,IssueTrue,23914,328,2112,4,10,6,9,8,3,8,9,8,9,10,10,9,8,8,7,10,10,10,10,10,9,10,10,9,9,9,9,8,9,8,8,8,9,8,9,9,10,10,10,8,9,9,9,9,8,5,9,7,8,9,10,9,10,8,8,9,8,8,8,8,8,9
sf,cvs,mule,mule/mule/src/java/org/mule/tck/providers/AbstractMessageAdapterTestCase.java,clean,java,IssueTrue,23914,328,2112,4,6,3,6,7,4,8,3,4,7,8,10,10,6,8,8,10,10,10,5,7,7,8,10,10,7,7,7,4,7,7,4,6,7,5,7,8,9,10,10,8,9,9,5,7,6,3,4,5,6,8,8,5,7,4,4,4,9,9,8,9,9,8
sf,cvs,mule,mule/mule/src/java/org/mule/tck/providers/AbstractMessageReceiverTestCase.java,clean,java,IssueTrue,23914,328,2112,4,6,2,5,5,4,8,4,4,6,10,10,9,8,8,7,10,10,10,9,8,8,10,10,9,9,9,9,4,5,5,4,5,6,4,5,5,10,10,10,8,9,9,7,8,5,4,4,4,9,9,8,8,9,7,8,8,9,9,9,6,6,7
sf,cvs,mule,mule/mule/src/java/org/mule/tck/providers/AbstractTransactionEnabledConnectorTestCase.java,buggy,java,IssueTrue,23914,328,2112,4,10,2,9,10,1,8,5,8,10,4,10,10,6,9,9,10,10,10,7,10,10,4,10,10,7,8,9,6,10,10,6,10,10,6,10,10,9,10,10,8,9,9,5,7,9,3,7,8,7,10,10,10,9,7,8,9,8,9,8,7,9,10
sf,cvs,mule,mule/mule/src/java/org/mule/tck/testmodels/fruit/Orange.java,buggy,java,IssueTrue,23914,328,2112,4,8,7,7,9,5,6,8,7,9,4,4,4,7,7,6,9,9,9,8,8,7,4,4,4,10,10,10,9,10,9,9,9,9,10,10,9,9,10,10,8,9,9,5,5,8,4,5,8,2,6,8,3,9,4,4,4,6,5,5,9,7,6
sf,cvs,mule,mule/mule/src/java/org/mule/tck/testmodels/mule/TestCatchAllStrategy.java,clean,java,IssueTrue,23914,328,2112,4,3,1,3,5,1,6,3,3,4,4,4,4,3,3,2,9,9,9,7,7,6,4,4,4,8,8,8,4,5,5,4,5,6,5,6,6,9,10,10,8,9,9,5,5,4,3,3,4,2,5,4,3,7,6,5,5,8,7,6,3,3,3
sf,cvs,mule,mule/mule/src/java/org/mule/tck/testmodels/mule/TestConnector.java,buggy,java,IssueTrue,23914,328,2112,4,7,7,5,9,6,6,4,5,8,4,8,10,7,9,9,9,9,9,5,7,8,4,8,10,7,8,8,5,9,9,5,8,9,5,8,9,10,10,10,8,9,9,5,5,7,3,4,6,2,5,7,6,7,9,8,8,10,10,10,9,8,8
sf,cvs,mule,mule/mule/src/java/org/mule/transaction/TransactionProxy.java,clean,java,IssueTrue,23914,328,2112,4,8,4,7,9,3,8,9,8,9,4,4,4,7,7,5,9,9,9,5,5,4,4,4,4,9,9,9,9,10,9,9,9,9,10,10,9,9,10,10,8,9,9,6,9,8,4,6,8,4,7,9,7,7,7,7,7,7,8,7,9,8,9
sf,cvs,mule,mule/mule/src/java/org/mule/transaction/XaTransaction.java,clean,java,IssueTrue,23914,328,2112,4,9,7,7,9,5,9,9,8,9,4,4,4,6,6,5,9,9,9,5,5,4,4,4,4,10,10,10,9,9,9,9,9,9,9,9,9,9,10,10,8,9,9,6,9,8,4,7,8,2,5,8,9,9,9,8,9,8,8,7,10,9,10
sf,cvs,mule,mule/mule/src/java/org/mule/transaction/XaTransactionFactory.java,buggy,java,IssueTrue,23914,328,2112,4,7,3,6,5,3,10,7,6,8,4,4,4,3,3,2,9,9,9,9,8,8,4,4,4,8,8,8,4,5,5,4,5,6,4,5,5,9,10,10,10,10,10,10,9,6,6,7,5,8,7,7,5,9,5,5,5,6,5,5,8,7,7
sf,cvs,mule,mule/mule/src/java/org/mule/transformers/AbstractTransformer.java,buggy,java,IssueTrue,23914,328,2112,4,10,8,9,10,4,10,10,9,10,4,4,4,8,8,7,10,10,10,9,9,8,4,4,4,10,10,10,10,10,10,10,10,10,10,10,10,10,10,10,8,9,9,8,10,10,6,9,10,5,9,10,9,10,7,8,9,10,10,10,9,8,9
sf,cvs,mule,mule/mule/src/java/org/mule/umo/Attic/UMOImmutableProviderDescriptor.java,buggy,java,IssueTrue,23914,328,2112,4,4,9,4,9,9,6,8,7,8,4,4,4,2,2,2,10,10,10,5,6,5,4,4,4,7,7,7,9,9,9,9,9,9,9,9,9,9,10,10,8,9,9,5,5,7,10,10,10,2,3,6,8,10,7,8,8,8,8,7,9,9,9
sf,cvs,mule,mule/mule/src/java/org/mule/umo/Attic/UMOProviderDescriptor.java,clean,java,IssueTrue,23914,328,2112,4,3,8,3,8,10,6,6,5,7,8,8,7,6,5,4,10,10,10,5,6,5,8,8,7,7,7,7,8,9,8,8,8,8,8,9,9,9,10,10,8,9,9,5,5,6,10,10,10,1,3,3,7,10,4,4,4,6,5,5,9,8,8
sf,cvs,mule,mule/mule/src/java/org/mule/umo/Invocation.java,clean,java,IssueTrue,23914,328,2112,4,4,2,3,5,6,6,4,3,5,4,4,4,4,3,3,10,10,10,4,4,4,4,4,4,9,9,9,5,6,6,5,6,6,6,7,7,9,10,10,8,9,9,5,5,4,7,6,6,3,6,5,3,7,4,4,4,10,9,8,8,7,5
sf,cvs,mule,mule/mule/src/java/org/mule/umo/UMOComponent.java,clean,java,IssueTrue,23914,328,2112,4,2,3,2,5,8,6,3,3,4,8,8,7,4,4,3,10,10,10,5,5,4,8,8,7,7,7,7,4,5,5,4,5,6,5,6,6,9,10,10,8,9,9,5,5,4,10,10,8,1,3,3,8,9,5,6,6,10,9,9,8,8,8
sf,cvs,mule,mule/mule/src/java/org/mule/umo/UMODescriptor.java,buggy,java,IssueTrue,23914,328,2112,4,6,10,6,10,10,6,10,9,10,4,4,4,8,8,8,10,10,10,9,9,8,4,4,4,7,7,7,10,10,10,10,10,10,10,10,10,9,10,10,8,9,9,5,5,9,6,10,10,1,3,7,10,10,9,9,10,10,10,10,10,10,10
sf,cvs,mule,mule/mule/src/java/org/mule/umo/UMOEvent.java,clean,java,IssueTrue,23914,328,2112,4,4,9,4,9,10,6,8,8,9,1,1,2,5,4,4,10,10,10,7,7,6,1,1,2,7,7,7,10,10,10,10,10,10,10,10,10,9,10,10,8,9,9,5,5,8,10,10,10,1,3,7,8,10,9,9,9,10,9,9,7,7,8
sf,cvs,mule,mule/mule/src/java/org/mule/umo/UMOExceptionStrategy.java,clean,java,IssueTrue,23914,328,2112,4,1,6,1,5,10,6,3,3,4,1,1,2,1,1,1,10,10,10,4,4,4,1,1,2,7,7,7,4,5,5,4,5,6,5,6,6,9,10,10,8,9,9,5,5,4,6,8,6,1,3,3,6,7,6,6,6,6,5,5,8,8,8
sf,cvs,mule,mule/mule/src/java/org/mule/umo/UMOImmutableDescriptor.java,buggy,java,IssueTrue,23914,328,2112,4,4,9,4,9,9,6,8,7,9,1,1,2,4,3,3,10,10,10,9,8,8,1,1,2,7,7,7,9,10,9,9,9,9,9,9,9,9,10,10,8,9,9,5,5,8,2,4,4,2,3,7,5,9,9,7,8,10,10,10,9,8,7
sf,cvs,mule,mule/mule/src/java/org/mule/umo/UMOInterceptor.java,clean,java,IssueTrue,23914,328,2112,4,1,3,1,3,9,6,2,1,2,1,1,2,1,1,1,10,10,10,4,4,4,1,1,2,7,7,7,2,3,3,2,2,4,2,4,4,9,10,10,8,9,9,5,5,3,3,3,3,2,3,3,5,7,4,4,4,6,5,5,8,7,7
sf,cvs,mule,mule/mule/src/java/org/mule/umo/UMOManager.java,buggy,java,IssueTrue,23914,328,2112,4,5,9,6,10,9,6,9,8,9,8,8,7,8,8,7,10,10,10,9,9,8,8,8,7,7,7,7,10,10,10,10,10,10,10,10,10,9,10,10,8,9,9,5,5,9,9,10,10,1,3,7,10,10,9,9,10,9,10,9,9,9,10
sf,cvs,mule,mule/mule/src/java/org/mule/umo/UMOMessage.java,clean,java,IssueTrue,23914,328,2112,4,2,3,2,5,8,6,3,3,4,8,8,7,1,2,1,10,10,10,3,3,3,8,8,7,7,7,7,4,5,5,4,5,6,5,6,6,9,10,10,8,9,9,5,5,4,2,2,3,1,3,3,5,7,6,5,5,6,5,5,7,6,6
sf,cvs,mule,mule/mule/src/java/org/mule/umo/UMOSession.java,buggy,java,IssueTrue,23914,328,2112,4,3,8,3,9,10,6,7,6,8,4,4,4,2,2,2,10,10,10,7,7,6,4,4,4,7,7,7,9,9,9,9,9,9,9,9,9,9,10,10,8,9,9,5,5,7,7,8,9,1,3,5,9,9,8,9,8,8,8,8,9,9,10
sf,cvs,mule,mule/mule/src/java/org/mule/umo/UMOTransaction.java,clean,java,IssueTrue,23914,328,2112,4,3,2,3,8,7,6,7,6,8,1,1,2,1,1,1,10,10,10,2,2,2,1,1,2,7,7,7,8,9,8,8,8,9,9,9,9,9,10,10,8,9,9,5,5,6,7,7,8,1,3,4,6,7,5,5,5,6,5,5,7,8,7
sf,cvs,mule,mule/mule/src/java/org/mule/umo/UMOTransactionFactory.java,clean,java,IssueTrue,23914,328,2112,4,1,3,1,3,9,6,2,1,2,1,1,2,1,1,1,10,10,10,3,3,3,1,1,2,7,7,7,2,3,3,2,2,4,2,4,4,9,10,10,8,9,9,5,5,3,3,3,3,2,3,3,5,7,4,4,4,8,7,7,8,7,7
sf,cvs,mule,mule/mule/src/java/org/mule/umo/lifecycle/Callable.java,buggy,java,IssueTrue,23914,328,2112,4,1,6,1,3,10,6,2,1,2,1,1,2,1,1,1,10,10,10,4,4,4,1,1,2,7,7,7,2,3,3,2,2,4,1,2,3,9,10,10,8,9,9,5,5,3,2,2,3,2,3,3,6,7,5,5,5,7,7,6,9,9,8
sf,cvs,mule,mule/mule/src/java/org/mule/umo/lifecycle/UMOLifecycleAdapter.java,buggy,java,IssueTrue,23914,328,2112,4,2,3,2,5,8,6,3,3,4,8,8,7,4,4,3,10,10,10,3,3,3,8,8,7,7,7,7,4,5,5,4,5,6,5,6,6,9,10,10,8,9,9,5,5,4,4,5,4,2,3,3,3,7,4,4,4,6,5,5,7,6,5
sf,cvs,mule,mule/mule/src/java/org/mule/umo/model/UMOModel.java,buggy,java,IssueTrue,23914,328,2112,4,4,9,4,9,10,6,8,7,9,8,8,7,7,7,6,10,10,10,9,8,8,8,8,7,7,7,7,9,10,9,9,9,9,10,10,9,9,10,10,8,9,9,5,5,8,6,8,9,1,3,5,9,9,8,9,9,10,10,10,10,10,10
sf,cvs,mule,mule/mule/src/java/org/mule/umo/provider/Attic/ProviderNotFoundException.java,clean,java,IssueTrue,23914,328,2112,4,2,3,1,4,8,6,2,2,4,9,9,8,4,3,3,9,9,9,4,4,4,9,9,8,7,7,7,3,5,4,3,4,5,4,5,5,9,10,10,8,9,9,5,5,3,8,7,5,3,5,4,3,7,6,5,5,6,5,5,9,8,6
sf,cvs,mule,mule/mule/src/java/org/mule/umo/provider/UMOConnector.java,clean,java,IssueTrue,23914,328,2112,4,3,8,4,9,9,6,8,7,8,8,8,7,7,6,5,10,10,10,9,8,8,8,8,7,7,7,7,9,9,9,9,9,9,9,9,9,9,10,10,8,9,9,5,5,7,10,10,10,1,3,5,9,9,6,7,7,9,9,9,9,9,10
sf,cvs,mule,mule/mule/src/java/org/mule/umo/provider/UMOMessageAdapter.java,clean,java,IssueTrue,23914,328,2112,4,2,7,2,7,10,6,6,5,7,4,4,4,1,1,1,10,10,10,5,5,4,4,4,4,7,7,7,7,8,8,7,8,8,8,9,8,9,10,10,8,9,9,5,5,6,10,10,10,1,3,4,7,7,8,7,8,9,9,8,8,8,8
sf,cvs,mule,mule/mule/src/java/org/mule/umo/provider/UMOMessageDispatcher.java,buggy,java,IssueTrue,23914,328,2112,4,3,5,3,6,8,6,4,4,6,8,8,7,1,1,1,10,10,10,6,6,6,8,8,7,7,7,7,6,7,7,6,6,7,6,7,7,9,10,10,8,9,9,5,5,5,9,9,8,1,3,4,6,7,6,5,6,6,5,5,7,6,7
sf,cvs,mule,mule/mule/src/java/org/mule/umo/provider/UMOMessageReceiver.java,clean,java,IssueTrue,23914,328,2112,4,3,7,3,8,9,6,6,5,7,8,8,7,1,1,1,10,10,10,6,6,6,8,8,7,7,7,7,8,9,8,8,8,8,8,9,9,9,10,10,8,9,9,5,5,6,3,4,6,1,3,4,8,9,6,7,7,8,8,7,9,9,9
sf,cvs,mule,mule/mule/src/java/org/mule/umo/routing/RoutingException.java,clean,java,IssueTrue,23914,328,2112,4,2,3,2,4,8,6,2,2,4,8,8,7,2,2,2,10,10,10,4,4,4,8,8,7,7,7,7,3,5,4,3,4,5,4,5,5,9,10,10,8,9,9,5,5,3,10,8,7,2,3,3,3,7,7,6,6,6,5,5,8,7,5
sf,cvs,mule,mule/mule/src/java/org/mule/umo/routing/UMOInboundMessageRouter.java,buggy,java,IssueTrue,23914,328,2112,4,1,2,1,3,8,6,2,1,2,1,1,2,1,1,1,10,10,10,5,5,4,1,1,2,7,7,7,2,3,3,2,2,4,2,4,4,9,10,10,8,9,9,5,5,3,3,3,3,2,3,3,5,7,5,5,5,6,5,5,8,7,7
sf,cvs,mule,mule/mule/src/java/org/mule/umo/routing/UMOOutboundMessageRouter.java,clean,java,IssueTrue,23914,328,2112,4,3,5,3,8,8,6,6,5,7,1,1,2,1,1,1,10,10,10,7,7,6,1,1,2,7,7,7,8,9,8,8,8,8,8,9,9,9,10,10,8,9,9,5,5,6,3,4,5,1,3,4,5,7,10,9,9,7,7,6,9,8,8
sf,cvs,mule,mule/mule/src/java/org/mule/umo/routing/UMOOutboundRouter.java,clean,java,IssueTrue,23914,328,2112,4,2,2,2,6,7,6,4,4,6,1,1,2,1,1,1,10,10,10,6,6,6,1,1,2,7,7,7,6,7,7,6,6,7,6,7,7,9,10,10,8,9,9,5,5,5,3,4,5,1,3,4,3,7,7,5,5,6,5,5,7,6,5
sf,cvs,mule,mule/mule/src/java/org/mule/umo/routing/UMORouter.java,clean,java,IssueTrue,23914,328,2112,4,1,2,1,4,8,6,2,2,4,1,1,2,1,1,1,9,9,9,4,4,4,1,1,2,7,7,7,3,5,4,3,4,5,4,5,5,9,10,10,8,9,9,5,5,3,2,2,3,1,3,3,6,7,4,4,4,9,9,8,8,8,8
sf,cvs,mule,mule/mule/src/java/org/mule/umo/routing/UMORouterCatchAllStrategy.java,buggy,java,IssueTrue,23914,328,2112,4,2,2,2,5,8,6,3,3,4,1,1,2,1,1,1,10,10,10,5,5,4,1,1,2,7,7,7,4,5,5,4,5,6,5,6,6,9,10,10,8,9,9,5,5,4,3,4,4,1,3,3,3,7,4,4,4,8,7,6,8,7,5
sf,cvs,mule,mule/mule/src/java/org/mule/umo/transformer/UMOSimpleTransformer.java,clean,java,IssueTrue,23914,328,2112,4,2,7,2,7,9,6,5,4,6,4,4,4,1,1,1,10,10,10,5,5,4,4,4,4,7,7,7,6,7,7,7,7,7,7,8,8,9,10,10,8,9,9,5,5,5,7,8,7,1,3,4,3,7,7,5,5,6,5,5,8,7,5
sf,cvs,mule,mule/mule/src/java/org/mule/umo/transformer/UMOTransformer.java,buggy,java,IssueTrue,23914,328,2112,4,3,8,3,9,9,6,7,6,8,8,8,7,5,5,4,10,10,10,4,4,4,8,8,7,7,7,7,9,9,9,9,9,9,9,9,9,9,10,10,8,9,9,5,5,7,6,6,8,1,3,5,6,9,6,5,6,7,7,6,9,8,8
sf,cvs,mule,mule/mule/src/java/org/mule/util/ClassHelper.java,buggy,java,IssueTrue,23914,328,2112,4,10,8,9,9,4,10,10,9,10,4,4,4,6,6,5,9,9,9,10,10,10,4,4,4,7,7,7,1,2,2,9,9,9,9,9,9,9,10,10,8,9,9,10,9,10,9,10,9,7,9,10,9,10,10,10,10,9,8,8,10,10,10
sf,cvs,mule,mule/mule/src/java/org/mule/util/IteratorAdapter.java,buggy,java,IssueTrue,23914,328,2112,4,2,7,1,3,10,6,2,1,2,4,4,4,2,2,2,9,9,9,3,3,3,4,4,4,8,8,8,2,3,3,2,2,4,2,4,4,9,10,10,8,9,9,5,5,3,3,3,3,2,3,3,3,9,4,4,4,6,5,5,9,7,6
sf,cvs,mule,mule/mule/src/java/org/mule/util/PropertiesHelper.java,clean,java,IssueTrue,23914,328,2112,4,10,3,9,9,2,9,10,9,10,4,4,4,6,6,5,9,9,9,10,9,9,4,4,4,7,7,7,1,2,2,9,9,9,9,9,9,9,10,10,8,9,9,9,9,9,6,8,9,7,8,10,6,9,9,8,8,6,5,5,5,6,6
sf,cvs,mule,mule/mule/src/java/org/mule/util/SpiHelper.java,clean,java,IssueTrue,23914,328,2112,4,7,6,5,5,5,8,6,5,7,4,4,4,4,3,3,9,9,9,5,6,5,4,4,4,7,7,7,1,2,2,5,6,6,6,7,7,9,10,10,8,9,9,8,7,6,9,7,7,7,7,8,3,7,10,9,8,10,10,9,9,8,7
sf,cvs,mule,mule/mule/src/java/org/mule/util/StringMessageHelper.java,clean,java,IssueTrue,23914,328,2112,4,8,3,7,7,3,10,8,7,9,4,4,4,4,4,3,9,9,9,7,7,6,4,4,4,7,7,7,1,2,2,7,7,7,7,8,8,9,10,10,8,9,9,9,10,8,8,8,8,8,9,9,6,7,9,8,8,9,9,8,10,9,9
sf,cvs,mule,mule/mule/src/java/org/mule/util/Utility.java,buggy,java,IssueTrue,23914,328,2112,4,10,7,9,9,3,9,10,9,10,4,4,4,7,7,6,9,9,9,10,10,10,4,4,4,7,7,7,1,2,2,10,10,10,10,10,10,9,10,10,8,9,9,8,9,9,8,9,10,7,8,10,7,9,9,9,8,6,5,5,7,8,7
sf,cvs,mule,mule/mule/src/java/org/mule/util/compression/CompressionHelper.java,clean,java,IssueTrue,23914,328,2112,4,6,7,5,6,6,8,3,4,7,4,4,7,3,3,6,9,9,9,5,6,7,4,4,7,7,7,7,1,3,3,3,6,7,4,7,7,9,10,10,8,9,9,6,7,6,6,7,7,6,7,7,6,7,5,5,5,10,10,9,8,7,7
sf,cvs,mule,mule/mule/src/java/org/mule/util/queue/BoundedPersistentQueue.java,buggy,java,IssueTrue,23914,328,2112,4,7,3,6,8,4,8,8,7,8,8,8,7,5,5,4,9,9,9,6,6,6,8,8,7,9,9,9,8,9,8,8,8,8,8,9,9,9,10,10,8,9,9,7,7,7,7,7,8,3,6,7,6,9,7,7,7,8,8,7,8,7,7
sf,cvs,mule,mule/mule/src/java/org/mule/util/queue/SerialisationPersistence.java,buggy,java,IssueTrue,23914,328,2112,4,8,2,7,7,2,10,6,7,9,4,4,7,3,4,6,9,9,9,9,10,9,4,4,7,8,9,9,4,7,8,4,7,8,5,8,8,9,10,10,8,9,9,9,10,8,6,7,7,7,9,9,5,7,10,9,9,6,5,5,9,9,8
sf,cvs,mule,mule/mule/src/providers/email/src/java/org/mule/providers/email/MailConnector.java,clean,java,IssueTrue,23914,328,2112,4,10,9,8,10,6,6,10,9,10,8,8,7,9,9,9,9,9,9,9,9,8,8,8,7,9,9,9,10,10,10,10,10,10,10,10,10,10,10,10,8,9,9,5,5,9,6,6,10,2,7,10,9,10,10,10,10,8,8,8,8,8,9
sf,cvs,mule,mule/mule/src/providers/email/src/java/org/mule/providers/email/MailMessageAdapter.java,clean,java,IssueTrue,23914,328,2112,4,6,5,5,6,5,9,5,5,7,8,8,7,6,5,4,9,9,9,5,6,5,8,8,7,8,8,8,6,7,7,6,6,7,6,7,7,9,10,10,10,10,10,6,8,6,8,9,7,5,7,7,5,7,8,7,7,10,10,10,10,9,9
sf,cvs,mule,mule/mule/src/providers/email/src/java/org/mule/providers/email/MailMessageDispatcher.java,buggy,java,IssueTrue,23914,328,2112,4,5,2,4,7,5,6,5,4,6,8,8,7,7,6,5,9,9,9,8,8,7,8,8,7,8,8,8,6,7,7,7,7,7,7,8,8,9,10,10,8,9,9,5,5,5,4,5,6,6,7,8,6,10,6,6,6,10,10,9,9,9,9
sf,cvs,mule,mule/mule/src/providers/email/src/java/org/mule/providers/email/MailMessageReceiver.java,buggy,java,IssueTrue,23914,328,2112,4,10,6,8,7,3,10,9,8,9,9,9,8,8,8,7,9,9,9,10,10,9,9,9,8,9,9,9,7,8,8,7,7,8,7,8,8,9,10,10,10,10,10,10,9,9,8,9,8,8,9,9,10,10,10,10,10,10,10,10,8,9,9
sf,cvs,mule,mule/mule/src/providers/email/src/java/org/mule/providers/email/Pop3Connector.java,clean,java,IssueTrue,23914,328,2112,4,9,9,8,10,5,9,9,9,9,8,8,7,9,9,8,9,9,9,9,9,8,8,8,7,10,10,10,10,10,10,10,10,10,10,10,10,10,10,10,8,9,9,5,8,9,5,7,9,3,10,9,9,10,10,10,10,10,10,10,9,9,10
sf,cvs,mule,mule/mule/src/providers/email/src/java/org/mule/providers/email/Pop3MessageDispatcher.java,buggy,java,IssueTrue,23914,328,2112,4,8,6,7,7,5,9,8,7,8,8,8,7,7,7,6,9,9,9,9,9,8,8,8,7,9,9,9,7,8,8,7,8,8,7,8,8,10,10,10,8,9,9,8,9,8,5,7,7,7,10,9,6,10,10,10,10,10,10,10,10,10,9
sf,cvs,mule,mule/mule/src/providers/email/src/java/org/mule/providers/email/SmtpConnector.java,clean,java,IssueTrue,23914,328,2112,4,10,9,9,10,5,9,10,9,10,8,8,7,9,9,9,10,10,10,9,9,8,8,8,7,10,10,10,10,10,10,10,10,10,10,10,10,10,10,10,8,9,9,6,10,9,6,9,10,3,9,9,9,10,10,10,10,9,9,9,8,8,9
sf,cvs,mule,mule/mule/src/providers/email/src/java/org/mule/providers/email/SmtpMessageDispatcher.java,buggy,java,IssueTrue,23914,328,2112,4,10,6,9,8,3,10,9,9,9,8,8,7,7,7,6,9,9,9,10,10,9,8,8,7,9,9,9,8,9,8,8,8,9,8,9,8,10,10,10,8,9,9,9,10,9,6,8,8,8,10,10,9,10,5,6,6,8,9,8,8,8,9
sf,cvs,mule,mule/mule/src/providers/email/src/java/org/mule/providers/email/transformers/EmailMessageToString.java,buggy,java,IssueTrue,23914,328,2112,4,6,5,5,5,6,9,6,5,7,8,8,7,8,8,7,9,9,9,5,6,5,8,8,7,7,7,7,4,5,5,4,5,6,4,5,5,10,10,10,8,9,9,10,9,6,4,4,4,7,7,6,3,9,10,8,8,10,8,7,10,8,7
sf,cvs,mule,mule/mule/src/providers/email/src/java/org/mule/providers/email/transformers/StringToEmailMessage.java,buggy,java,IssueTrue,23914,328,2112,4,9,7,8,8,4,9,9,8,9,9,9,8,8,8,7,9,9,9,10,9,9,9,9,8,10,10,10,8,9,8,8,8,8,8,9,9,9,10,10,8,9,9,9,9,8,5,7,7,6,9,9,8,9,8,7,8,10,9,9,10,10,10
sf,cvs,mule,mule/mule/src/providers/email/src/test/org/mule/test/providers/email/MailMessageAdapterTestCase.java,buggy,java,IssueTrue,23914,328,2112,4,4,4,3,4,6,8,3,3,4,10,10,10,8,8,7,9,9,9,5,6,5,10,10,10,8,8,8,3,5,4,3,4,5,4,5,5,9,10,10,8,9,9,7,7,4,3,3,4,6,6,5,6,9,4,4,4,9,9,8,9,8,8
sf,cvs,mule,mule/mule/src/providers/file/src/java/org/mule/providers/file/Attic/FileMessage.java,buggy,java,IssueTrue,23914,328,2112,4,10,6,9,9,3,9,10,9,10,4,4,4,7,7,6,9,9,9,9,8,8,4,4,4,10,10,10,10,10,10,10,10,10,10,10,9,9,10,10,10,10,10,9,10,10,9,9,10,6,9,10,6,9,10,9,9,9,8,7,9,8,8
sf,cvs,mule,mule/mule/src/providers/file/src/java/org/mule/providers/file/FileConnector.java,buggy,java,IssueTrue,23914,328,2112,4,10,9,10,10,4,9,10,10,10,8,8,7,9,9,9,9,9,9,10,10,10,8,8,7,10,10,10,10,10,10,10,10,10,10,10,10,10,10,10,10,10,10,7,10,10,5,9,9,4,9,10,10,10,10,10,10,10,10,10,7,8,9
sf,cvs,mule,mule/mule/src/providers/file/src/java/org/mule/providers/file/FileMessageAdapter.java,buggy,java,IssueTrue,23914,328,2112,4,6,5,4,7,6,8,5,5,7,8,8,7,6,5,4,9,9,9,8,7,7,8,8,7,8,8,8,6,7,7,7,7,7,6,7,7,9,10,10,10,10,10,5,7,6,5,7,7,5,7,7,5,7,8,7,7,10,10,9,10,9,9
sf,cvs,mule,mule/mule/src/providers/file/src/java/org/mule/providers/file/FileMessageDispatcher.java,buggy,java,IssueTrue,23914,328,2112,4,10,6,9,7,3,10,9,9,10,8,8,7,7,7,6,9,9,9,10,10,9,8,8,7,8,8,8,7,8,8,7,8,8,7,8,8,9,10,10,10,10,10,10,10,9,6,7,7,9,10,10,8,7,10,10,10,9,9,8,9,9,9
sf,cvs,mule,mule/mule/src/providers/file/src/java/org/mule/providers/file/FileMessageReceiver.java,buggy,java,IssueTrue,23914,328,2112,4,9,5,7,6,3,10,9,8,9,9,9,8,8,7,6,9,9,9,10,9,9,9,9,8,9,9,9,6,7,7,6,6,7,5,6,6,9,10,10,10,10,10,10,10,8,9,8,8,8,9,8,10,9,10,10,10,10,10,10,8,9,9
sf,cvs,mule,mule/mule/src/providers/file/src/java/org/mule/providers/file/transformers/ObjectToFileMessage.java,clean,java,IssueTrue,23914,328,2112,4,6,6,5,7,6,8,6,5,7,8,8,7,8,8,7,9,9,9,8,7,7,8,8,7,9,9,9,7,8,8,7,7,8,7,8,8,9,10,10,10,10,10,5,7,6,6,6,7,4,7,7,5,9,7,6,6,10,8,8,8,7,7
sf,cvs,mule,mule/mule/src/providers/file/src/test/org/mule/test/providers/file/Attic/FileMessageTestCase.java,clean,java,IssueTrue,23914,328,2112,4,7,5,7,5,4,6,4,3,5,8,8,7,4,3,3,9,9,9,8,8,7,8,8,7,7,7,7,5,6,6,5,6,6,5,6,6,9,10,10,10,10,10,5,5,4,4,7,5,10,9,9,5,9,8,7,7,9,9,8,9,9,8
sf,cvs,mule,mule/mule/src/providers/file/src/test/org/mule/test/providers/file/FileConnectorTestCase.java,clean,java,IssueTrue,23914,328,2112,4,6,5,5,5,5,6,4,3,5,10,10,10,8,8,7,9,9,9,9,9,8,10,10,10,7,7,7,5,6,6,5,6,6,6,7,7,9,10,10,8,9,9,5,5,4,4,4,5,8,8,8,9,7,6,6,7,8,8,8,8,8,9
sf,cvs,mule,mule/mule/src/providers/file/src/test/org/mule/test/providers/file/FileMessageAdapterTestCase.java,buggy,java,IssueTrue,23914,328,2112,4,3,5,3,5,7,6,3,3,4,10,10,10,8,8,7,9,9,9,6,6,6,10,10,10,8,8,8,4,5,5,4,5,6,4,5,5,10,10,10,8,9,9,5,5,4,3,3,4,4,6,5,5,7,6,5,5,7,7,6,8,7,7
sf,cvs,mule,mule/mule/src/providers/file/src/test/org/mule/test/providers/file/FileMessageReceiverTestCase.java,buggy,java,IssueTrue,23914,328,2112,4,6,4,5,5,5,6,3,3,4,10,10,10,8,8,7,9,9,9,10,9,9,10,10,10,10,10,10,3,5,4,4,5,6,5,6,6,9,10,10,8,9,9,5,5,4,4,5,5,7,7,6,7,9,6,6,6,9,9,8,9,9,9
sf,cvs,mule,mule/mule/src/providers/file/src/test/org/mule/test/providers/file/transformers/Attic/FileTransformersTestCase.java,clean,java,IssueTrue,23914,328,2112,4,9,2,8,8,2,8,8,7,8,10,10,10,9,9,8,9,9,9,10,10,9,10,10,10,7,7,7,8,9,8,8,8,9,9,9,9,9,10,10,8,9,9,6,7,7,2,4,4,8,9,10,7,10,9,9,9,9,8,8,9,9,9
sf,cvs,mule,mule/mule/src/providers/http/src/java/org/mule/providers/http/Attic/HttpMessageDispatcher.java,buggy,java,IssueTrue,23914,328,2112,4,9,6,8,7,3,9,9,8,9,8,8,7,7,7,6,9,9,9,9,9,8,8,8,7,9,9,9,7,8,8,7,8,8,7,8,8,10,10,10,8,9,9,10,10,9,7,7,8,9,10,10,8,7,10,10,10,10,10,10,9,9,9
sf,cvs,mule,mule/mule/src/providers/http/src/java/org/mule/providers/http/HttpConnector.java,clean,java,IssueTrue,23914,328,2112,4,9,8,8,9,6,8,8,8,9,9,9,8,9,9,9,9,9,9,9,8,8,9,9,8,10,10,10,9,10,9,9,9,9,10,10,9,9,10,10,8,9,9,5,7,8,4,6,8,2,5,7,9,7,10,10,10,10,10,10,9,9,10
sf,cvs,mule,mule/mule/src/providers/http/src/java/org/mule/providers/http/HttpMessageAdapter.java,buggy,java,IssueTrue,23914,328,2112,4,7,5,6,7,5,9,8,7,8,8,8,7,6,6,5,9,9,9,5,5,4,8,8,7,8,8,8,7,8,8,7,7,8,6,7,7,10,10,10,10,10,10,8,9,7,5,5,7,5,8,8,9,9,8,9,9,10,10,10,9,9,9
sf,cvs,mule,mule/mule/src/providers/http/src/java/org/mule/providers/http/HttpMessageReceiver.java,buggy,java,IssueTrue,23914,328,2112,4,8,3,7,5,3,10,4,5,8,8,10,10,7,8,8,9,9,9,9,9,9,8,10,10,7,8,8,3,5,6,3,4,6,2,5,6,9,10,10,8,9,9,9,10,7,9,9,8,8,10,8,7,7,6,6,6,10,10,10,10,10,9
sf,cvs,mule,mule/mule/src/providers/http/src/test/org/mule/providers/http/HttpConnectorTestCase.java,clean,java,IssueTrue,23914,328,2112,4,8,3,7,6,3,8,6,5,7,10,10,10,8,8,7,9,9,9,10,9,9,10,10,10,7,7,7,6,7,7,6,6,7,6,7,7,9,10,10,8,9,9,8,9,6,4,5,5,8,9,8,3,7,4,4,4,6,5,5,8,7,5
sf,cvs,mule,mule/mule/src/providers/http/src/test/org/mule/providers/http/HttpMessageReceiverTestCase.java,clean,java,IssueTrue,23914,328,2112,4,3,2,2,3,7,6,2,1,2,10,10,10,8,8,7,9,9,9,9,8,8,10,10,10,7,7,7,2,3,3,2,2,4,2,4,4,9,10,10,8,9,9,5,5,3,3,3,3,8,7,5,5,9,5,5,5,6,5,5,8,7,7
sf,cvs,mule,mule/mule/src/providers/http/src/test/org/mule/providers/http/functional/HttpFunctionalTestCase.java,buggy,java,IssueTrue,23914,328,2112,4,5,4,4,6,6,6,4,4,6,10,10,9,7,7,6,9,9,9,8,8,7,10,10,9,8,8,8,6,7,7,6,6,7,1,2,3,10,10,10,8,9,9,5,5,5,2,3,3,5,7,6,9,10,7,9,8,10,10,10,8,8,9
sf,cvs,mule,mule/mule/src/providers/jms/src/java/org/mule/providers/jms/Attic/JMSMessageAdapter.java,clean,java,IssueTrue,23914,328,2112,4,9,7,8,8,4,10,10,9,10,4,4,4,6,5,4,9,9,9,10,9,9,4,4,4,9,9,9,8,9,8,8,8,9,8,9,9,9,10,10,10,10,10,10,10,9,5,7,8,7,10,9,10,10,9,10,10,9,10,9,9,10,10
sf,cvs,mule,mule/mule/src/providers/jms/src/java/org/mule/providers/jms/Attic/JMSMessageReceiver.java,buggy,java,IssueTrue,23914,328,2112,4,9,5,7,6,3,10,8,7,8,8,8,7,7,7,6,9,9,9,10,9,9,8,8,7,9,9,9,6,7,7,6,6,7,6,7,7,9,10,10,8,9,9,10,10,8,9,8,8,8,10,9,10,10,9,10,10,8,9,9,8,9,10
sf,cvs,mule,mule/mule/src/providers/jms/src/java/org/mule/providers/jms/Attic/MessageUtils.java,buggy,java,IssueTrue,23914,328,2112,4,10,5,9,5,2,10,10,9,10,4,4,4,4,3,3,9,9,9,10,10,9,4,4,4,7,7,7,1,2,2,5,6,6,6,7,7,9,10,10,8,9,9,10,10,9,9,8,7,10,10,9,3,7,4,4,4,8,7,6,9,7,6
sf,cvs,mule,mule/mule/src/providers/jms/src/java/org/mule/providers/jms/JmsConnector.java,buggy,java,IssueTrue,23914,328,2112,4,10,8,9,10,3,9,10,10,10,9,9,8,9,9,9,9,9,9,10,10,9,9,9,8,10,10,10,10,10,10,10,10,10,10,10,10,10,10,10,8,9,9,7,9,10,5,8,10,4,7,10,10,10,10,10,10,10,10,10,9,9,10
sf,cvs,mule,mule/mule/src/providers/jms/src/java/org/mule/providers/jms/JmsMessageDispatcher.java,buggy,java,IssueTrue,23914,328,2112,4,9,6,8,7,3,10,9,8,9,8,8,7,7,7,5,9,9,9,10,10,9,8,8,7,9,9,9,7,8,8,7,7,8,7,8,8,9,10,10,10,10,10,10,10,9,6,7,7,9,10,10,10,10,8,10,9,9,10,10,8,8,10
sf,cvs,mule,mule/mule/src/providers/jms/src/java/org/mule/providers/jms/JmsTransaction.java,clean,java,IssueTrue,23914,328,2112,4,9,6,8,8,3,10,9,8,9,4,4,4,6,6,5,9,9,9,5,5,4,4,4,4,10,10,10,9,9,9,9,9,9,9,9,9,9,10,10,8,9,9,9,9,9,7,8,9,5,6,8,9,7,8,8,9,8,8,8,10,9,10
sf,cvs,mule,mule/mule/src/providers/jms/src/java/org/mule/providers/jms/JmsTransactionFactory.java,clean,java,IssueTrue,23914,328,2112,4,3,3,3,3,6,8,2,2,4,4,4,4,2,2,2,9,9,9,5,5,4,4,4,4,7,7,7,2,3,3,2,2,4,2,4,4,9,10,10,8,9,9,8,7,3,3,3,3,6,6,4,5,7,6,5,5,9,8,7,9,8,8
sf,cvs,mule,mule/mule/src/providers/jms/src/java/org/mule/providers/jms/messenger/Attic/MessengerConnector.java,buggy,java,IssueTrue,23914,328,2112,4,10,9,9,10,4,8,10,10,10,9,9,8,9,9,9,9,9,9,10,10,9,9,9,8,10,10,10,10,10,10,10,10,10,10,10,10,10,10,10,8,9,9,5,10,10,4,6,10,4,10,10,10,10,7,8,9,9,9,9,9,9,10
sf,cvs,mule,mule/mule/src/providers/jms/src/java/org/mule/providers/jms/messenger/Attic/MessengerMessengerDispatcher.java,buggy,java,IssueTrue,23914,328,2112,4,8,5,7,7,4,9,7,6,8,8,8,7,7,7,5,9,9,9,10,9,9,8,8,7,8,8,8,7,8,8,7,7,8,7,8,8,10,10,10,8,9,9,8,8,7,6,7,7,7,9,9,9,9,6,7,7,10,10,10,8,9,9
sf,cvs,mule,mule/mule/src/providers/jms/src/java/org/mule/providers/jms/transformers/AbstractJmsTransformer.java,buggy,java,IssueTrue,23914,328,2112,4,9,6,7,7,4,10,9,8,9,8,8,7,4,4,3,10,10,10,7,7,6,8,8,7,8,8,8,6,7,7,7,7,7,6,7,7,10,10,10,8,9,9,10,10,8,8,8,8,8,9,9,7,7,5,5,5,9,9,8,8,8,8
sf,cvs,mule,mule/mule/src/providers/jms/src/java/org/mule/providers/jms/transformers/JMSMessageToObject.java,clean,java,IssueTrue,23914,328,2112,4,5,4,4,4,6,8,4,3,5,9,9,8,5,5,4,9,9,9,5,5,4,9,9,8,7,7,7,3,5,4,3,4,5,4,5,5,9,10,10,8,9,9,8,8,4,9,8,6,7,7,5,5,7,7,6,6,9,8,7,10,9,8
sf,cvs,mule,mule/mule/src/providers/jms/src/java/org/mule/providers/jms/transformers/ObjectToJMSMessage.java,clean,java,IssueTrue,23914,328,2112,4,3,5,3,3,7,8,2,2,4,9,9,8,5,4,4,9,9,9,5,5,4,9,9,8,7,7,7,2,3,3,2,2,4,2,4,4,9,10,10,8,9,9,8,7,3,7,5,4,8,7,4,3,7,4,4,4,6,5,5,8,7,5
sf,cvs,mule,mule/mule/src/providers/jms/src/test/org/mule/providers/jms/Attic/JMSMessageAdapterTestCase.java,clean,java,IssueTrue,23914,328,2112,4,3,3,2,4,7,6,2,2,4,10,10,10,8,8,7,9,9,9,6,6,6,10,10,10,8,8,8,3,5,4,3,4,5,4,5,5,9,10,10,8,9,9,5,5,3,2,3,3,5,6,4,9,10,9,10,9,8,9,8,7,8,9
sf,cvs,mule,mule/mule/src/providers/jms/src/test/org/mule/providers/jms/Attic/JMSMessageReceiverTestCase.java,clean,java,IssueTrue,23914,328,2112,4,6,4,5,5,5,8,4,4,6,10,10,10,8,8,7,9,9,9,10,10,9,10,10,10,8,8,8,5,6,6,5,6,6,6,7,7,9,10,10,8,9,9,6,7,5,3,3,4,9,9,8,9,9,10,10,10,7,8,7,7,7,8
sf,cvs,mule,mule/mule/src/providers/jms/src/test/org/mule/providers/jms/JmsConnectorTestCase.java,buggy,java,IssueTrue,23914,328,2112,4,4,3,3,4,6,8,3,3,4,10,10,10,9,9,8,9,9,9,8,7,7,10,10,10,8,8,8,3,5,4,3,4,5,4,5,5,9,10,10,8,9,9,7,7,4,2,3,3,8,8,6,8,7,10,10,9,6,7,6,4,6,6
sf,cvs,mule,mule/mule/src/providers/jms/src/test/org/mule/providers/jms/functional/AbstractJmsFunctionalTestCase.java,buggy,java,IssueTrue,23914,328,2112,4,10,4,9,9,2,8,6,8,9,8,10,10,6,8,8,10,10,10,9,10,10,8,10,10,8,10,10,6,9,9,6,9,9,5,8,9,10,10,10,8,9,9,6,7,8,7,8,9,7,9,10,8,10,4,4,4,6,5,5,9,9,9
sf,cvs,mule,mule/mule/src/providers/jms/src/test/org/mule/providers/jms/functional/AbstractJmsTransactionFunctionalTest.java,buggy,java,IssueTrue,23914,328,2112,4,10,7,10,10,2,9,4,9,10,4,8,10,3,7,10,9,10,10,8,10,10,4,8,10,7,10,10,4,10,10,4,10,10,4,9,10,9,10,10,8,10,10,6,8,10,8,9,10,9,10,10,10,10,9,10,10,9,10,10,9,10,10
sf,cvs,mule,mule/mule/src/providers/jms/src/test/org/mule/providers/jms/functional/Attic/JmsFunctionalTestCase.java,buggy,java,IssueTrue,23914,328,2112,4,3,3,3,4,6,6,2,2,4,10,10,10,8,8,8,9,9,9,7,7,6,10,10,10,7,7,7,3,5,4,3,4,5,4,5,5,9,10,10,8,9,9,5,5,3,2,3,3,7,7,5,3,9,4,4,4,6,5,5,8,7,5
sf,cvs,mule,mule/mule/src/providers/jms/src/test/org/mule/providers/jms/functional/Attic/JmsTransactionFunctionalTest.java,buggy,java,IssueTrue,23914,328,2112,4,4,2,4,5,5,6,3,3,4,9,9,8,8,8,7,10,10,10,8,8,7,9,9,8,7,7,7,4,5,5,4,5,6,5,6,6,9,10,10,8,9,9,5,5,4,2,3,3,6,8,6,9,10,6,7,7,8,8,8,8,7,9
sf,cvs,mule,mule/mule/src/providers/jms/src/test/org/mule/providers/jms/functional/Attic/MessengerFunctionalTestCase.java,buggy,java,IssueTrue,23914,328,2112,4,4,2,3,4,6,6,2,2,4,10,10,10,8,8,8,9,9,9,7,7,6,10,10,10,7,7,7,3,5,4,3,4,5,4,5,5,9,10,10,8,9,9,5,5,3,2,3,3,7,8,6,5,10,4,4,4,6,5,5,8,7,7
sf,cvs,mule,mule/mule/src/providers/jms/src/test/org/mule/providers/jms/functional/Attic/MessengerJmsTransactionFunctionalTest.java,buggy,java,IssueTrue,23914,328,2112,4,3,2,3,3,6,6,2,1,2,10,10,9,8,8,7,9,9,9,7,7,6,10,10,9,7,7,7,2,3,3,2,2,4,2,4,4,9,10,10,8,9,9,5,5,3,3,3,3,9,8,5,8,10,5,5,5,8,8,7,8,7,8
sf,cvs,mule,mule/mule/src/providers/jms/src/test/org/mule/providers/jms/functional/JmsTopicTransactionFunctionalTest.java,buggy,java,IssueTrue,23914,328,2112,4,5,2,4,5,5,6,4,3,5,9,9,8,8,8,7,9,9,9,9,8,8,9,9,8,7,7,7,5,6,6,5,6,6,6,7,7,9,10,10,8,9,9,5,5,4,2,3,3,6,8,6,7,7,4,4,4,6,7,6,8,7,8
sf,cvs,mule,mule/mule/src/providers/jms/src/test/org/mule/providers/jms/messenger/Attic/MessengerJMSConnectorTestCase.java,buggy,java,IssueTrue,23914,328,2112,4,4,3,4,4,6,8,3,3,4,10,10,10,9,9,8,9,9,9,8,7,7,10,10,10,8,8,8,3,5,4,3,4,5,4,5,5,9,10,10,8,9,9,7,7,4,2,3,3,8,8,6,7,7,5,5,5,10,10,9,7,7,7
sf,cvs,mule,mule/mule/src/providers/jms/src/test/org/mule/providers/jms/support/Attic/JMSTestUtils.java,clean,java,IssueTrue,23914,328,2112,4,10,2,10,9,1,9,10,9,10,4,4,4,7,7,6,9,9,9,9,9,8,4,4,4,7,7,7,1,2,2,10,10,10,10,10,10,9,10,10,8,9,9,9,9,10,9,10,10,8,8,10,9,10,10,10,10,7,8,7,7,9,9
sf,cvs,mule,mule/mule/src/providers/jms/src/test/org/mule/providers/jms/support/JmsJndiFileStoreGenerator.java,clean,java,IssueTrue,23914,328,2112,4,6,9,5,7,8,8,6,5,7,4,4,4,5,4,4,9,9,9,7,7,6,4,4,4,7,7,7,6,7,7,7,7,8,7,8,8,9,10,10,8,9,9,6,7,6,3,4,6,3,7,6,10,10,10,10,10,10,9,10,10,10,10
sf,cvs,mule,mule/mule/src/providers/jms/src/test/org/mule/providers/jms/transformers/Attic/JMSTransformersTestCase.java,clean,java,IssueTrue,23914,328,2112,4,9,4,9,8,2,8,7,6,8,8,8,7,5,5,4,9,9,9,9,8,8,8,8,7,7,7,7,7,8,8,8,8,8,8,9,8,10,10,10,8,9,9,6,8,7,4,5,7,8,8,9,8,7,10,10,10,6,5,5,9,9,9
sf,cvs,mule,mule/mule/src/providers/servlet/src/java/org/mule/providers/servlet/HttpRequestMessageAdapter.java,clean,java,IssueTrue,23914,328,2112,4,9,5,8,9,3,10,9,8,9,4,4,4,6,6,5,9,9,9,7,7,6,4,4,4,9,9,9,9,9,9,9,9,9,9,9,9,10,10,10,10,10,10,8,10,9,5,7,8,6,9,9,3,7,4,4,4,6,5,5,9,7,6
sf,cvs,mule,mule/mule/src/providers/servlet/src/java/org/mule/providers/servlet/MuleRESTReceiverServlet.java,buggy,java,IssueTrue,23914,328,2112,4,10,6,9,8,2,10,10,9,10,8,8,7,6,5,4,9,9,9,10,10,10,8,8,7,10,10,10,8,9,9,8,9,9,2,4,4,10,10,10,8,9,9,10,10,9,9,9,9,9,9,10,8,7,10,10,10,10,10,9,9,10,9
sf,cvs,mule,mule/mule/src/providers/servlet/src/java/org/mule/providers/servlet/ServletMessageReceiver.java,clean,java,IssueTrue,23914,328,2112,4,3,3,2,3,7,6,2,1,2,8,8,7,6,6,5,9,9,9,5,5,4,8,8,7,7,7,7,2,3,3,2,2,4,2,4,4,9,10,10,8,9,9,5,5,3,8,6,4,3,5,3,3,7,6,5,5,6,5,5,9,7,6
sf,cvs,mule,mule/mule/src/providers/stream/src/java/org/mule/providers/stream/StreamConnector.java,buggy,java,IssueTrue,23914,328,2112,4,8,8,7,9,5,8,9,8,9,8,8,7,9,9,8,10,10,10,10,9,9,8,8,7,8,8,8,10,10,10,10,10,10,10,10,9,10,10,10,8,9,9,6,8,8,2,4,6,2,6,7,9,10,10,10,10,8,8,8,8,8,9
sf,cvs,mule,mule/mule/src/providers/stream/src/java/org/mule/providers/stream/StreamMessageAdapter.java,clean,java,IssueTrue,23914,328,2112,4,4,5,3,6,7,6,4,4,6,8,8,7,6,5,4,9,9,9,4,4,4,8,8,7,8,8,8,6,7,7,6,6,7,6,7,7,9,10,10,10,10,10,5,5,5,4,5,6,3,5,5,5,7,4,4,4,10,10,10,10,9,8
sf,cvs,mule,mule/mule/src/providers/stream/src/java/org/mule/providers/stream/StreamMessageDispatcherFactory.java,buggy,java,IssueTrue,23914,328,2112,4,2,3,2,3,8,6,2,1,2,4,4,4,2,2,2,9,9,9,4,4,4,4,4,4,7,7,7,2,3,3,2,2,4,2,4,4,9,10,10,8,9,9,5,5,3,3,3,3,2,3,3,3,7,6,5,5,6,5,5,9,7,6
sf,cvs,mule,mule/mule/src/providers/stream/src/java/org/mule/providers/stream/StreamMessageReceiver.java,clean,java,IssueTrue,23914,328,2112,4,6,4,5,5,5,8,5,4,6,9,9,8,8,7,6,9,9,9,9,9,8,9,9,8,8,8,8,5,6,6,5,6,6,6,7,7,9,10,10,8,9,9,7,8,5,8,8,7,6,8,7,10,10,7,7,8,10,10,10,8,8,9
sf,cvs,mule,mule/mule/src/providers/stream/src/java/org/mule/providers/stream/SystemStreamConnector.java,buggy,java,IssueTrue,23914,328,2112,4,8,7,7,9,5,9,7,7,9,8,9,10,9,9,10,9,9,9,8,9,9,8,9,10,9,10,10,7,9,9,7,9,9,8,9,9,9,10,10,8,9,9,6,8,8,4,5,8,2,5,8,9,7,10,10,10,10,10,10,8,8,9
sf,cvs,mule,mule/mule/src/providers/stream/src/test/org/mule/test/providers/stream/StreamMessageAdapterTestCase.java,clean,java,IssueTrue,23914,328,2112,4,3,4,2,5,7,6,3,3,4,10,10,10,8,8,7,9,9,9,4,4,4,10,10,10,7,7,7,4,5,5,4,5,6,5,6,6,9,10,10,8,9,9,5,5,4,2,3,3,3,5,4,5,7,4,4,4,6,5,5,8,7,7
sf,cvs,mule,mule/mule/src/providers/stream/src/test/org/mule/test/providers/stream/StreamMessageReceiverTestCase.java,clean,java,IssueTrue,23914,328,2112,4,5,3,5,5,5,6,3,3,4,10,10,10,8,8,7,9,9,9,10,9,9,10,10,10,7,7,7,4,5,5,4,5,6,5,6,6,9,10,10,8,9,9,5,5,4,6,7,6,8,9,7,9,10,6,6,7,8,8,7,7,8,8
sf,cvs,mule,mule/mule/src/providers/stream/src/test/org/mule/test/providers/stream/SystemStreamConnectorTestCase.java,buggy,java,IssueTrue,23914,328,2112,4,7,5,6,7,5,6,5,4,6,10,10,10,8,8,8,9,9,9,9,8,8,10,10,10,7,7,7,6,7,7,7,7,7,7,8,8,9,10,10,8,9,9,5,5,5,3,5,5,8,9,9,9,9,6,6,7,7,8,7,6,6,8
sf,cvs,mule,mule/mule/src/providers/tcp/src/java/org/mule/providers/tcp/TcpConnector.java,clean,java,IssueTrue,23914,328,2112,4,9,5,8,9,4,8,9,8,9,8,8,7,9,9,8,10,10,10,9,8,8,8,8,7,10,10,10,9,10,10,10,10,10,10,10,9,10,10,10,8,9,9,6,8,9,7,7,9,2,7,8,3,7,10,8,8,10,9,8,8,7,5
sf,cvs,mule,mule/mule/src/providers/tcp/src/java/org/mule/providers/tcp/TcpMessageDispatcher.java,buggy,java,IssueTrue,23914,328,2112,4,10,4,9,8,2,9,9,8,9,8,8,7,7,7,6,9,9,9,10,10,10,8,8,7,10,10,10,9,9,9,9,9,9,7,8,8,10,10,10,10,10,10,9,9,9,8,8,9,8,9,10,3,7,10,10,9,10,10,9,10,9,8
sf,cvs,mule,mule/mule/src/providers/tcp/src/java/org/mule/providers/tcp/TcpMessageReceiver.java,buggy,java,IssueTrue,23914,328,2112,4,10,4,8,8,2,10,7,8,9,8,9,9,6,8,8,10,10,10,10,10,10,8,9,9,9,9,10,5,8,8,5,7,8,5,7,8,10,10,10,8,9,9,9,9,9,8,8,9,8,10,10,5,9,9,8,8,6,5,5,10,9,8
sf,cvs,mule,mule/mule/src/providers/tcp/src/test/org/mule/providers/tcp/TcpConnectorFunctionalTestCase.java,buggy,java,IssueTrue,23914,328,2112,4,6,3,4,7,4,6,5,5,7,10,10,9,7,7,6,9,9,9,8,8,7,10,10,9,8,8,8,7,8,8,7,7,8,2,4,4,10,10,10,8,9,9,5,5,6,2,3,4,4,6,7,5,9,7,6,6,10,10,10,9,9,8
sf,cvs,mule,mule/mule/src/providers/tcp/src/test/org/mule/providers/tcp/TcpConnectorTestCase.java,buggy,java,IssueTrue,23914,328,2112,4,8,3,7,6,3,8,6,5,7,10,10,10,8,8,7,9,9,9,9,9,8,10,10,10,7,7,7,6,7,7,6,6,7,6,7,7,9,10,10,8,9,9,8,9,6,3,5,5,8,9,8,5,9,4,4,4,6,5,5,8,7,7
sf,cvs,mule,mule/mule/src/providers/tcp/src/test/org/mule/providers/tcp/TcpMessageReceiverTestCase.java,clean,java,IssueTrue,23914,328,2112,4,3,2,2,3,7,6,2,1,2,10,10,10,8,8,7,9,9,9,9,8,8,10,10,10,7,7,7,2,3,3,2,2,4,2,4,4,9,10,10,8,9,9,5,5,3,3,3,3,8,7,5,5,9,5,5,5,6,5,5,8,7,7
sf,cvs,mule,mule/mule/src/providers/udp/src/test/org/mule/providers/udp/UdpConnectorTestCase.java,buggy,java,IssueTrue,23914,328,2112,4,8,3,7,6,3,8,6,5,7,10,10,10,8,8,7,9,9,9,9,9,8,10,10,10,7,7,7,6,7,7,6,6,7,6,7,7,9,10,10,8,9,9,8,9,6,3,5,5,8,9,8,3,9,4,4,4,6,5,5,8,7,5
sf,cvs,mule,mule/mule/src/providers/vm/src/java/org/mule/providers/vm/Attic/MuleMessageAdapter.java,clean,java,IssueTrue,23914,328,2112,4,5,6,4,7,7,8,5,5,7,8,8,7,6,5,4,9,9,9,5,6,5,8,8,7,8,8,8,6,7,7,7,7,7,6,7,7,9,10,10,10,10,10,5,7,6,4,4,6,4,5,6,5,7,8,7,7,10,10,9,10,8,8
sf,cvs,mule,mule/mule/src/providers/vm/src/java/org/mule/providers/vm/Attic/MuleMessageReceiver.java,buggy,java,IssueTrue,23914,328,2112,4,7,4,6,6,4,10,7,6,8,8,8,7,7,7,6,9,9,9,9,8,8,8,8,7,9,9,9,6,7,7,6,6,7,6,7,7,9,10,10,8,9,9,9,9,7,8,7,7,9,9,9,9,9,10,10,10,7,8,7,8,8,9
sf,cvs,mule,mule/mule/src/providers/vm/src/java/org/mule/providers/vm/VMConnector.java,buggy,java,IssueTrue,23914,328,2112,4,9,6,8,9,4,9,9,8,9,8,8,7,9,9,8,9,9,9,10,10,9,8,8,7,10,10,10,9,9,9,9,9,9,9,9,9,10,10,10,8,9,9,7,9,8,5,7,8,4,7,9,10,9,10,10,10,10,10,10,9,8,10
sf,cvs,mule,mule/mule/src/providers/vm/src/java/org/mule/providers/vm/VMMessageDispatcher.java,buggy,java,IssueTrue,23914,328,2112,4,8,5,7,7,4,9,8,7,8,8,8,7,7,6,5,9,9,9,9,9,8,8,8,7,8,8,8,6,7,7,7,7,7,7,8,8,9,10,10,8,9,9,9,9,7,5,6,6,7,8,8,9,7,9,9,9,9,9,9,9,8,9
sf,cvs,mule,mule/mule/src/providers/vm/src/test/org/mule/test/providers/vm/VMConnectorTestCase.java,buggy,java,IssueTrue,23914,328,2112,4,6,7,5,5,7,6,4,3,5,10,10,10,8,8,7,9,9,9,10,9,9,10,10,10,7,7,7,5,6,6,5,6,6,6,7,7,9,10,10,8,9,9,5,5,4,3,4,4,7,9,7,10,10,6,7,8,8,8,8,9,9,10
sf,cvs,mule,mule/mule/src/providers/vm/src/test/org/mule/test/providers/vm/VMMessageAdapterTestCase.java,clean,java,IssueTrue,23914,328,2112,4,4,4,3,5,6,8,4,3,5,10,10,10,8,8,7,9,9,9,6,6,6,10,10,10,7,7,7,4,5,5,4,5,6,5,6,6,9,10,10,8,9,9,6,7,4,2,3,3,3,5,4,6,7,7,7,7,6,5,5,9,8,8
sf,cvs,mule,mule/mule/src/providers/vm/src/test/org/mule/test/providers/vm/VMMessageReceiverTestCase.java,clean,java,IssueTrue,23914,328,2112,4,3,8,2,4,10,6,2,2,4,10,10,10,8,8,7,9,9,9,5,5,4,10,10,10,8,8,8,3,5,4,3,4,5,2,4,4,10,10,10,8,9,9,5,5,3,2,3,3,3,5,4,10,10,7,7,8,9,9,9,10,10,10
sf,cvs,mule,mule/mule/src/samples/errorhandler/src/java/org/mule/samples/errorhandler/AbstractExceptionHandler.java,clean,java,IssueTrue,23914,328,2112,4,7,5,6,8,5,9,8,7,8,4,4,4,6,5,4,9,9,9,8,8,7,4,4,4,9,9,9,8,9,8,8,8,9,8,9,9,10,10,10,8,9,9,6,8,7,4,4,7,3,7,7,3,7,7,6,6,10,10,9,8,7,5
sf,cvs,mule,mule/mule/src/samples/errorhandler/src/java/org/mule/samples/errorhandler/ErrorManager.java,clean,java,IssueTrue,23914,328,2112,4,9,7,7,7,5,9,8,7,9,4,4,4,5,5,4,9,9,9,10,10,9,4,4,4,10,10,10,7,8,8,7,8,8,7,8,8,9,10,10,10,10,10,8,9,8,7,7,8,7,9,9,6,9,6,6,6,9,8,7,10,10,9
sf,cvs,mule,mule/mule/src/samples/errorhandler/src/test/org/mule/test/samples/errorhandler/ErrorHandlerTestCase.java,clean,java,IssueTrue,23914,328,2112,4,6,2,5,5,4,8,5,4,6,8,8,7,3,3,2,9,9,9,8,7,7,8,8,7,7,7,7,2,3,3,4,5,6,5,6,6,9,10,10,8,9,9,8,8,5,4,4,4,4,6,5,3,7,7,5,5,9,8,7,7,6,5
sf,cvs,mule,mule/mule/src/samples/hello/src/test/org/mule/test/samples/hello/HelloSampleTestCase.java,clean,java,IssueTrue,23914,328,2112,4,7,3,7,5,3,6,4,3,5,8,8,7,4,3,3,9,9,9,5,5,4,8,8,7,7,7,7,5,6,6,5,6,6,6,7,7,9,10,10,8,9,9,5,5,4,2,2,3,9,9,9,3,9,4,4,4,10,9,8,9,7,6
sf,cvs,mule,mule/mule/src/test/org/mule/test/ExceptionsTestCase.java,clean,java,IssueTrue,23914,328,2112,4,8,2,8,6,2,6,4,4,6,8,8,7,4,4,3,9,9,9,10,10,9,8,8,7,7,7,7,6,7,7,6,6,7,6,7,7,10,10,10,8,9,9,5,5,5,2,4,4,7,7,8,9,10,9,9,9,8,8,7,4,7,7
sf,cvs,mule,mule/mule/src/test/org/mule/test/config/Attic/ProviderConverterTestCase.java,clean,java,IssueTrue,23914,328,2112,4,5,2,4,6,4,8,5,4,6,10,10,10,8,8,7,9,9,9,6,6,6,10,10,10,7,7,7,6,7,7,6,6,7,6,7,7,9,10,10,8,9,9,5,7,5,3,4,4,4,6,6,3,7,7,5,5,8,7,6,9,7,6
sf,cvs,mule,mule/mule/src/test/org/mule/test/config/MuleConfigurationTestCase.java,buggy,java,IssueTrue,23914,328,2112,4,6,2,5,4,4,6,2,2,4,9,9,8,3,3,2,9,9,9,5,5,4,9,9,8,7,7,7,3,5,4,3,4,5,4,5,5,9,10,10,8,9,9,5,5,3,9,8,6,10,9,8,7,9,6,6,6,8,8,7,10,9,9
sf,cvs,mule,mule/mule/src/test/org/mule/test/config/MuleXmlConfigBuilderTestCase.java,buggy,java,IssueTrue,23914,328,2112,4,3,1,2,5,3,6,3,3,4,10,10,9,8,7,6,9,9,9,5,5,4,10,10,9,7,7,7,4,5,5,4,5,6,5,6,6,9,10,10,8,9,9,5,5,4,2,2,3,2,5,3,9,9,6,7,7,10,10,10,4,7,7
sf,cvs,mule,mule/mule/src/test/org/mule/test/mule/Attic/ProviderListTestCase.java,clean,java,IssueTrue,23914,328,2112,4,10,6,9,7,3,8,7,6,8,10,10,9,8,8,7,9,9,9,6,6,6,10,10,9,7,7,7,7,8,8,7,8,8,8,9,8,9,10,10,8,9,9,7,8,7,5,5,7,10,9,10,5,7,5,5,5,10,9,8,7,6,6
sf,cvs,mule,mule/mule/src/test/org/mule/test/mule/InterceptorsTestCase.java,clean,java,IssueTrue,23914,328,2112,4,3,3,3,3,6,6,2,1,2,10,10,9,8,7,6,9,9,9,9,8,8,10,10,9,7,7,7,2,3,3,2,2,4,2,4,4,9,10,10,8,9,9,5,5,3,2,2,3,9,7,5,8,7,6,6,6,10,9,9,9,8,9
sf,cvs,mule,mule/mule/src/test/org/mule/test/mule/MuleDescriptorTestCase.java,buggy,java,IssueTrue,23914,328,2112,4,8,4,7,5,3,8,6,5,7,10,10,9,8,8,7,9,9,9,10,10,9,10,10,9,7,7,7,5,6,6,5,6,6,6,7,7,9,10,10,8,9,9,8,9,6,2,4,4,10,10,9,9,10,5,5,6,9,9,9,8,8,9
sf,cvs,mule,mule/mule/src/test/org/mule/test/mule/MuleEventTestCase.java,clean,java,IssueTrue,23914,328,2112,4,6,3,6,5,4,6,2,2,4,9,10,10,6,8,7,9,9,9,8,10,9,9,10,10,7,7,7,2,5,5,2,4,6,2,5,6,9,10,10,8,9,9,5,5,4,2,3,3,10,10,8,9,9,5,5,5,9,9,8,9,9,9
sf,cvs,mule,mule/mule/src/test/org/mule/test/mule/MuleManagerTestCase.java,buggy,java,IssueTrue,23914,328,2112,4,2,2,2,3,7,6,2,1,2,10,10,10,8,8,7,9,9,9,5,6,5,10,10,10,7,7,7,2,3,3,2,2,4,2,4,4,9,10,10,8,9,9,5,5,3,2,2,3,6,6,4,6,9,10,10,10,10,10,10,8,8,8
sf,cvs,mule,mule/mule/src/test/org/mule/test/mule/TestExceptionStrategy.java,clean,java,IssueTrue,23914,328,2112,4,4,5,3,5,7,6,4,3,5,4,4,4,4,3,3,9,9,9,5,5,4,4,4,4,8,8,8,5,6,6,5,6,6,6,7,7,9,10,10,8,9,9,5,5,4,4,5,5,2,5,4,6,7,4,4,4,6,5,5,8,8,8
sf,cvs,mule,mule/mule/src/test/org/mule/test/mule/commonspool/CommonsPoolProxyFactoryTestCase.java,buggy,java,IssueTrue,23914,328,2112,4,4,2,4,4,5,6,2,2,4,10,10,10,8,8,7,9,9,9,7,7,6,10,10,10,7,7,7,3,5,4,3,4,5,4,5,5,9,10,10,8,9,9,5,5,3,4,5,4,8,9,6,5,7,5,5,5,7,7,6,8,7,7
sf,cvs,mule,mule/mule/src/test/org/mule/test/mule/commonspool/CommonsPoolTestCase.java,buggy,java,IssueTrue,23914,328,2112,4,5,4,4,4,5,8,4,4,6,10,10,10,8,8,7,9,9,9,5,5,4,10,10,10,7,7,7,3,5,4,3,4,5,4,5,5,9,10,10,8,9,9,9,9,5,9,9,6,3,5,4,7,7,7,7,7,8,8,7,7,7,7
sf,cvs,mule,mule/mule/src/test/org/mule/test/mule/model/Attic/NonVoidEntryPointDiscoveryTestCase.java,buggy,java,IssueTrue,23914,328,2112,4,5,4,4,5,6,8,4,3,5,10,10,10,8,8,7,9,9,9,9,8,8,10,10,10,7,7,7,4,5,5,4,5,6,5,6,6,9,10,10,8,9,9,6,7,4,3,4,4,6,7,6,3,9,4,4,4,9,8,7,8,7,5
sf,cvs,mule,mule/mule/src/test/org/mule/test/mule/model/MuleContainerContextTestCase.java,buggy,java,IssueTrue,23914,328,2112,4,5,5,4,5,6,8,4,4,6,10,10,10,8,8,7,9,9,9,8,8,7,10,10,10,8,8,8,5,6,6,5,6,6,5,6,6,10,10,10,8,9,9,6,7,5,3,3,4,5,7,6,5,7,5,5,5,7,7,6,8,7,7
sf,cvs,mule,mule/mule/src/test/org/mule/test/routing/CatchAllStrategiesTestCase.java,buggy,java,IssueTrue,23914,328,2112,4,6,3,5,4,4,8,3,3,4,10,10,9,8,8,7,9,9,9,9,8,8,10,10,9,7,7,7,3,5,4,3,4,5,4,5,5,9,10,10,8,9,9,7,7,4,2,3,3,9,8,7,5,7,5,5,5,6,5,5,9,8,7
sf,cvs,mule,mule/mule/src/test/org/mule/test/transformers/Attic/BeanXMLTransformersTestCase.java,clean,java,IssueTrue,23914,328,2112,4,6,5,4,6,6,8,5,4,6,10,10,10,9,9,8,9,9,9,8,8,7,10,10,10,9,9,9,6,7,7,6,6,7,6,7,7,10,10,10,8,9,9,5,7,5,3,4,4,6,8,7,3,7,4,4,4,6,5,5,9,8,7
sf,cvs,mule,mule/mule/src/test/org/mule/test/util/ClassHelperTestCase.java,buggy,java,IssueTrue,23914,328,2112,4,7,4,6,6,4,8,6,5,7,8,8,7,4,4,3,9,9,9,8,8,7,8,8,7,7,7,7,6,7,7,6,6,7,6,7,7,9,10,10,8,9,9,7,7,6,2,2,3,6,7,7,3,7,4,4,4,6,5,5,9,8,6
