Host,Vcs,Project,File,Buggy,PL,IssueTracking,TLOC,TNF,TNC,TND,LOC,CL,NStmt,NFunc,RCC,MNL,avg_WMC,max_WMC,total_WMC,avg_DIT,max_DIT,total_DIT,avg_RFC,max_RFC,total_RFC,avg_NOC,max_NOC,total_NOC,avg_CBO,max_CBO,total_CBO,avg_DIT.1,max_DIT.1,total_DIT.1,avg_NIV,max_NIV,total_NIV,avg_NIM,max_NIM,total_NIM,avg_NOM,max_NOM,total_NOM,avg_NPBM,max_NPBM,total_NPBM,avg_NPM,max_NPM,total_NPM,avg_NPRM,max_NPRM,total_NPRM,avg_CC,max_CC,total_CC,avg_FANIN,max_FANIN,total_FANIN,avg_FANOUT,max_FANOUT,total_FANOUT,NRev,NFix,avg_AddedLOC,max_AddedLOC,total_AddedLOC,avg_DeletedLOC,max_DeletedLOC,total_DeletedLOC,avg_ModifiedLOC,max_ModifiedLOC,total_ModifiedLOC
gc,svn,natpad,/trunk/natpad/src/concurrent/natlock.c,clean,c,IssueTrue,17392,135,311,2,4,4,4,8,7,3,10,10,10,10,10,10,10,10,10,9,9,9,9,9,10,10,10,10,6,6,6,10,10,10,10,10,10,10,10,10,10,10,10,8,8,9,3,4,6,9,9,9,5,5,4,2,8,3,3,3,5,4,4,3,3,2
gc,svn,natpad,/trunk/natpad/src/config/natconfigreader.c,buggy,c,IssueTrue,17392,135,311,2,10,9,10,7,3,10,10,10,10,10,10,10,10,10,10,9,9,9,9,9,10,10,10,10,9,9,9,10,10,10,10,10,10,10,10,10,10,10,10,8,8,9,10,10,10,10,10,9,9,10,8,8,9,9,9,9,5,5,5,7,8,7
gc,svn,natpad,/trunk/natpad/src/config/natconfiguration.c,buggy,c,IssueTrue,17392,135,311,2,9,6,10,10,2,7,10,10,10,10,10,10,10,10,10,9,9,9,9,9,10,10,10,10,6,6,6,10,10,10,10,10,10,10,10,10,10,10,10,8,8,9,6,8,10,9,10,10,7,9,9,9,10,8,8,9,7,8,8,6,8,8
gc,svn,natpad,/trunk/natpad/src/config/natconfiguration.h,buggy,c,IssueTrue,17392,135,311,2,4,4,6,2,6,3,10,10,10,10,10,10,10,10,10,9,9,9,9,9,10,10,10,10,10,10,10,10,10,10,10,10,10,10,10,10,10,10,10,8,8,9,1,2,2,2,2,3,3,2,2,7,9,5,5,6,5,6,6,2,5,4
gc,svn,natpad,/trunk/natpad/src/config/natconfigurationfile.c,buggy,c,IssueTrue,17392,135,311,2,2,4,3,2,9,3,10,10,10,10,10,10,10,10,10,9,9,9,9,9,10,10,10,10,6,6,6,10,10,10,10,10,10,10,10,10,10,10,10,8,8,9,1,2,2,2,2,3,3,2,2,2,6,7,5,5,5,4,4,2,2,1
gc,svn,natpad,/trunk/natpad/src/config/natconfigurationfile.h,buggy,c,IssueTrue,17392,135,311,2,2,4,3,2,9,3,10,10,10,10,10,10,10,10,10,9,9,9,9,9,10,10,10,10,6,6,6,10,10,10,10,10,10,10,10,10,10,10,10,8,8,9,1,2,2,2,2,3,3,2,2,2,6,8,5,5,5,4,4,2,2,1
gc,svn,natpad,/trunk/natpad/src/config/natconfigurationservice.c,buggy,c,IssueTrue,17392,135,311,2,10,6,10,10,2,10,10,10,10,10,10,10,10,10,10,9,9,9,9,9,10,10,10,10,6,6,6,10,10,10,10,10,10,10,10,10,10,10,10,8,8,9,8,10,10,8,8,10,8,9,10,9,10,9,10,10,5,6,6,7,8,7
gc,svn,natpad,/trunk/natpad/src/config/natconfigurationservice.h,clean,c,IssueTrue,17392,135,311,2,3,5,5,2,7,3,10,10,10,10,10,10,10,10,10,9,9,9,10,10,10,10,10,10,10,10,10,10,10,10,10,10,10,10,10,10,10,10,10,8,8,9,1,2,2,2,2,3,3,2,2,4,8,5,4,5,5,4,4,2,3,2
gc,svn,natpad,/trunk/natpad/src/config/natconfigwriter.c,buggy,c,IssueTrue,17392,135,311,2,7,6,8,5,5,10,10,10,10,10,10,10,10,10,10,9,9,9,9,9,10,10,10,10,6,6,6,10,10,10,10,10,10,10,10,10,10,10,10,8,8,9,10,10,9,10,10,9,9,10,6,6,8,8,8,8,5,4,4,6,7,5
gc,svn,natpad,/trunk/natpad/src/config/natdocumentclazz.c,clean,c,IssueTrue,17392,135,311,2,8,4,9,9,3,9,10,10,10,10,10,10,10,10,10,9,9,9,9,9,10,10,10,10,6,6,6,10,10,10,10,10,10,10,10,10,10,10,10,8,8,9,6,8,9,9,9,10,7,9,8,6,9,10,9,9,5,4,4,5,6,5
gc,svn,natpad,/trunk/natpad/src/config/natdocumentclazz.h,clean,c,IssueTrue,17392,135,311,2,3,4,4,3,7,3,10,10,10,10,10,10,10,10,10,9,9,9,9,9,10,10,10,10,9,10,9,10,10,10,10,10,10,10,10,10,10,10,10,8,8,9,3,4,3,2,2,3,4,3,2,4,6,6,5,5,5,4,4,2,2,1
gc,svn,natpad,/trunk/natpad/src/config/natfiletype.c,buggy,c,IssueTrue,17392,135,311,2,7,4,8,8,3,5,10,10,10,10,10,10,10,10,10,9,9,9,9,9,10,10,10,10,6,6,6,10,10,10,10,10,10,10,10,10,10,10,10,8,8,9,5,7,8,8,8,9,7,7,8,6,8,10,8,9,5,5,5,8,7,6
gc,svn,natpad,/trunk/natpad/src/config/natfiletype.h,clean,c,IssueTrue,17392,135,311,2,2,5,3,2,9,3,10,10,10,10,10,10,10,10,10,9,9,9,9,9,10,10,10,10,8,9,9,10,10,10,10,10,10,10,10,10,10,10,10,8,8,9,1,2,2,2,2,3,3,2,2,3,4,8,6,6,7,6,6,4,4,3
gc,svn,natpad,/trunk/natpad/src/config/ui/natbasicinputdialog.c,clean,c,IssueTrue,17392,135,311,2,3,6,4,6,8,5,10,10,10,10,10,10,10,10,10,9,9,9,9,9,10,10,10,10,6,6,6,10,10,10,10,10,10,10,10,10,10,10,10,8,8,9,4,6,5,6,7,6,7,9,5,2,6,8,5,5,5,4,4,5,4,3
gc,svn,natpad,/trunk/natpad/src/config/ui/natcfgpaneldoclist.c,clean,c,IssueTrue,17392,135,311,2,6,4,7,8,4,5,10,10,10,10,10,10,10,10,10,9,9,9,9,9,10,10,10,10,6,6,6,10,10,10,10,10,10,10,10,10,10,10,10,8,8,9,4,6,7,7,8,8,8,9,8,5,6,9,8,8,10,10,10,8,8,6
gc,svn,natpad,/trunk/natpad/src/config/ui/natcfgpaneldoclist.h,clean,c,IssueTrue,17392,135,311,2,2,4,3,2,8,3,10,10,10,10,10,10,10,10,10,9,9,9,10,10,10,10,10,10,10,10,10,10,10,10,10,10,10,10,10,10,10,10,10,8,8,9,1,2,2,2,2,3,3,2,2,4,6,5,5,5,7,6,6,5,5,4
gc,svn,natpad,/trunk/natpad/src/config/ui/natcfgpanelfiletype.c,buggy,c,IssueTrue,17392,135,311,2,10,5,10,9,2,10,10,10,10,10,10,10,10,10,10,9,9,9,9,9,10,10,10,10,6,6,6,10,10,10,10,10,10,10,10,10,10,10,10,8,8,9,8,9,10,8,8,10,9,10,10,6,9,10,10,10,10,10,10,9,9,7
gc,svn,natpad,/trunk/natpad/src/config/ui/natcfgpanelfiletype.h,clean,c,IssueTrue,17392,135,311,2,2,4,3,2,8,3,10,10,10,10,10,10,10,10,10,9,9,9,10,10,10,10,10,10,10,10,10,10,10,10,10,10,10,10,10,10,10,10,10,8,8,9,1,2,2,2,2,3,3,2,2,3,6,4,4,4,5,4,4,7,6,5
gc,svn,natpad,/trunk/natpad/src/config/ui/natcfgpanelfiletypelist.c,clean,c,IssueTrue,17392,135,311,2,5,4,6,8,5,5,10,10,10,10,10,10,10,10,10,9,9,9,9,9,10,10,10,10,6,6,6,10,10,10,10,10,10,10,10,10,10,10,10,8,8,9,4,6,7,6,7,8,7,9,7,2,6,10,8,7,10,8,7,9,7,5
gc,svn,natpad,/trunk/natpad/src/config/ui/natcfgpanelmain.c,buggy,c,IssueTrue,17392,135,311,2,8,4,9,9,3,9,10,10,10,10,10,10,10,10,10,9,9,9,9,9,10,10,10,10,6,6,6,10,10,10,10,10,10,10,10,10,10,10,10,8,8,9,5,8,8,8,9,9,8,9,9,5,9,9,8,8,9,8,8,6,7,5
gc,svn,natpad,/trunk/natpad/src/config/ui/natcfgpanelmain.h,buggy,c,IssueTrue,17392,135,311,2,2,4,3,2,8,3,10,10,10,10,10,10,10,10,10,9,9,9,10,10,10,10,10,10,10,10,10,10,10,10,10,10,10,10,10,10,10,10,10,8,8,9,1,2,2,2,2,3,3,2,2,3,9,3,3,3,6,5,5,4,5,3
gc,svn,natpad,/trunk/natpad/src/config/ui/natcfgpanelsyntax.c,clean,c,IssueTrue,17392,135,311,2,9,6,9,9,3,7,10,10,10,10,10,10,10,10,10,9,9,9,9,9,10,10,10,10,6,6,6,10,10,10,10,10,10,10,10,10,10,10,10,8,8,9,6,7,9,9,9,10,9,10,9,2,6,10,9,8,10,9,8,9,8,6
gc,svn,natpad,/trunk/natpad/src/config/ui/natcfgpanelsyntax.h,clean,c,IssueTrue,17392,135,311,2,2,4,3,2,8,3,10,10,10,10,10,10,10,10,10,9,9,9,10,10,10,10,10,10,10,10,10,10,10,10,10,10,10,10,10,10,10,10,10,8,8,9,1,2,2,2,2,3,3,2,2,2,6,4,3,3,5,4,4,2,2,1
gc,svn,natpad,/trunk/natpad/src/config/ui/natconfigdialog.c,buggy,c,IssueTrue,17392,135,311,2,10,9,10,9,4,10,10,10,10,10,10,10,10,10,10,9,9,9,9,9,10,10,10,10,6,6,6,10,10,10,10,10,10,10,10,10,10,10,10,8,8,9,8,9,10,8,9,9,10,10,10,7,9,10,9,10,9,9,9,9,9,9
gc,svn,natpad,/trunk/natpad/src/document/natblockarray.c,clean,c,IssueTrue,17392,135,311,2,8,7,9,8,4,7,10,10,10,10,10,10,10,10,10,9,9,9,9,9,10,10,10,10,9,8,8,10,10,10,10,10,10,10,10,10,10,10,10,8,8,9,7,8,9,9,10,9,7,7,7,7,9,7,8,8,5,6,6,4,6,5
gc,svn,natpad,/trunk/natpad/src/document/natcursor.c,clean,c,IssueTrue,17392,135,311,2,4,4,4,7,6,7,10,10,10,10,10,10,10,10,10,9,9,9,9,9,10,10,10,10,6,6,6,10,10,10,10,10,10,10,10,10,10,10,10,8,8,9,7,8,7,10,10,9,4,5,3,2,4,3,3,3,5,4,4,3,3,2
gc,svn,natpad,/trunk/natpad/src/document/natdocument.c,clean,c,IssueTrue,17392,135,311,2,10,7,10,10,2,9,10,10,10,10,10,10,10,10,10,9,9,9,10,10,10,10,10,10,8,8,9,10,10,10,10,10,10,10,10,10,10,10,10,8,8,9,7,9,10,10,10,10,7,10,10,9,10,10,9,10,10,9,10,8,9,9
gc,svn,natpad,/trunk/natpad/src/document/natdocument.h,clean,c,IssueTrue,17392,135,311,2,4,4,5,2,6,3,10,10,10,10,10,10,10,10,10,9,9,9,9,9,10,10,10,10,7,7,7,10,10,10,10,10,10,10,10,10,10,10,10,8,8,9,1,2,2,2,2,3,3,2,2,8,10,5,5,7,8,8,8,3,5,5
gc,svn,natpad,/trunk/natpad/src/document/natdocumentcontainer.c,buggy,c,IssueTrue,17392,135,311,2,10,8,10,10,2,9,10,10,10,10,10,10,10,10,10,9,9,9,10,10,10,10,10,10,8,8,8,10,10,10,10,10,10,10,10,10,10,10,10,8,8,9,8,8,10,10,9,10,8,9,10,9,10,9,9,10,9,9,9,7,9,8
gc,svn,natpad,/trunk/natpad/src/document/natdocumentcontainer.h,clean,c,IssueTrue,17392,135,311,2,4,4,6,2,6,3,10,10,10,10,10,10,10,10,10,9,9,9,9,10,10,10,10,10,9,9,10,10,10,10,10,10,10,10,10,10,10,10,10,8,8,9,1,2,2,2,2,3,3,2,2,6,9,4,4,5,6,6,6,2,5,4
gc,svn,natpad,/trunk/natpad/src/document/natlineblock.c,clean,c,IssueTrue,17392,135,311,2,8,7,9,8,5,9,10,10,10,10,10,10,10,10,10,9,9,9,9,9,10,10,10,10,9,9,8,10,10,10,10,10,10,10,10,10,10,10,10,8,8,9,7,8,9,10,10,10,7,8,8,5,9,9,8,8,9,8,8,9,9,7
gc,svn,natpad,/trunk/natpad/src/document/natlinemultireplace.c,clean,c,IssueTrue,17392,135,311,2,5,4,7,6,5,7,10,10,10,10,10,10,10,10,10,9,9,9,9,9,10,10,10,10,6,6,6,10,10,10,10,10,10,10,10,10,10,10,10,8,8,9,6,7,6,7,8,7,6,6,5,2,8,8,5,5,5,4,4,3,3,2
gc,svn,natpad,/trunk/natpad/src/document/natlocationiterator.c,clean,c,IssueTrue,17392,135,311,2,6,4,6,7,5,7,10,10,10,10,10,10,10,10,10,9,9,9,9,9,10,10,10,10,6,6,6,10,10,10,10,10,10,10,10,10,10,10,10,8,8,9,7,7,8,9,8,9,6,8,5,4,9,6,5,5,5,4,4,4,5,4
gc,svn,natpad,/trunk/natpad/src/document/natrawline.c,clean,c,IssueTrue,17392,135,311,2,8,7,9,9,5,7,10,10,10,10,10,10,10,10,10,9,9,9,9,9,10,10,10,10,6,6,6,10,10,10,10,10,10,10,10,10,10,10,10,8,8,9,5,7,8,10,10,10,7,6,8,3,8,6,5,5,5,4,4,6,6,4
gc,svn,natpad,/trunk/natpad/src/document/natsnapshot.c,buggy,c,IssueTrue,17392,135,311,2,10,8,10,10,2,10,10,10,10,10,10,10,10,10,10,9,9,9,9,9,10,10,10,10,9,8,8,10,10,10,10,10,10,10,10,10,10,10,10,8,8,9,9,10,10,10,10,10,8,10,10,9,10,10,9,10,10,10,10,9,10,9
gc,svn,natpad,/trunk/natpad/src/document/natsnapshot.h,clean,c,IssueTrue,17392,135,311,2,3,5,4,2,8,3,10,10,10,10,10,10,10,10,10,9,9,9,9,9,10,10,10,10,7,8,8,10,10,10,10,10,10,10,10,10,10,10,10,8,8,9,1,2,2,2,2,3,3,2,2,7,9,4,5,6,8,7,8,4,6,5
gc,svn,natpad,/trunk/natpad/src/editor/natclipboarduow.c,clean,c,IssueTrue,17392,135,311,2,5,4,6,5,6,5,10,10,10,10,10,10,10,10,10,9,9,9,9,9,10,10,10,10,6,6,6,10,10,10,10,10,10,10,10,10,10,10,10,8,8,9,7,8,6,7,8,7,8,9,5,2,4,8,5,5,8,6,6,2,2,1
gc,svn,natpad,/trunk/natpad/src/editor/nateditor.c,buggy,c,IssueTrue,17392,135,311,2,10,10,10,10,3,10,10,10,10,10,10,10,10,10,10,9,9,9,9,9,10,10,10,10,8,8,7,10,10,10,10,10,10,10,10,10,10,10,10,8,8,9,8,10,10,8,9,10,8,10,10,10,10,9,9,10,10,10,10,8,9,9
gc,svn,natpad,/trunk/natpad/src/editor/nateditor.h,clean,c,IssueTrue,17392,135,311,2,4,4,5,2,7,3,10,10,10,10,10,10,10,10,10,9,9,9,10,10,10,10,10,10,10,10,10,10,10,10,10,10,10,10,10,10,10,10,10,8,8,9,1,2,2,2,2,3,3,2,2,8,9,5,5,6,6,5,6,2,5,4
gc,svn,natpad,/trunk/natpad/src/editor/nateditoraction.c,buggy,c,IssueTrue,17392,135,311,2,10,10,10,10,2,10,10,10,10,10,10,10,10,10,10,9,9,9,9,9,10,10,10,10,8,8,7,10,10,10,10,10,10,10,10,10,10,10,10,8,8,9,6,10,10,7,8,10,8,10,10,10,10,10,9,10,8,8,9,6,8,8
gc,svn,natpad,/trunk/natpad/src/editor/nateditoraction.h,clean,c,IssueTrue,17392,135,311,2,6,5,3,2,6,3,10,10,10,10,10,10,10,10,10,9,9,9,9,9,10,10,10,10,9,9,9,10,10,10,10,10,10,10,10,10,10,10,10,8,8,9,1,2,2,2,2,3,3,2,2,8,9,5,5,6,5,4,4,2,2,1
gc,svn,natpad,/trunk/natpad/src/editor/natinsertuow.c,buggy,c,IssueTrue,17392,135,311,2,4,4,5,6,6,5,10,10,10,10,10,10,10,10,10,9,9,9,9,9,10,10,10,10,8,8,7,10,10,10,10,10,10,10,10,10,10,10,10,8,8,9,5,7,6,5,8,6,8,9,6,4,8,6,5,6,5,4,4,2,3,2
gc,svn,natpad,/trunk/natpad/src/editor/natinsertuow.h,clean,c,IssueTrue,17392,135,311,2,1,4,1,2,10,3,10,10,10,10,10,10,10,10,10,9,9,9,9,9,10,10,10,10,7,7,7,10,10,10,10,10,10,10,10,10,10,10,10,8,8,9,1,2,2,2,2,3,3,2,2,2,4,3,3,3,8,6,6,2,2,1
gc,svn,natpad,/trunk/natpad/src/editor/natmultichoosedialog.c,buggy,c,IssueTrue,17392,135,311,2,8,4,9,8,3,10,10,10,10,10,10,10,10,10,10,9,9,9,9,9,10,10,10,10,6,6,6,10,10,10,10,10,10,10,10,10,10,10,10,8,8,9,9,9,9,9,8,9,9,10,9,2,6,5,4,4,5,4,4,3,3,2
gc,svn,natpad,/trunk/natpad/src/elm/elm.c,clean,c,IssueTrue,17392,135,311,2,9,9,9,10,5,7,10,10,10,10,10,10,10,10,10,9,9,9,9,9,10,10,10,10,6,6,6,10,10,10,10,10,10,10,10,10,10,10,10,8,8,9,6,7,9,7,8,9,8,9,9,7,9,10,9,10,9,9,9,8,9,8
gc,svn,natpad,/trunk/natpad/src/elm/elm.h,clean,c,IssueTrue,17392,135,311,2,2,5,3,2,9,3,10,10,10,10,10,10,10,10,10,9,9,9,9,9,10,10,10,10,9,9,9,10,10,10,10,10,10,10,10,10,10,10,10,8,8,9,1,2,2,2,2,3,3,2,2,4,8,5,4,5,5,4,4,2,2,1
gc,svn,natpad,/trunk/natpad/src/elm/elmmovelocator.c,buggy,c,IssueTrue,17392,135,311,2,9,6,10,8,2,10,10,10,10,10,10,10,10,10,10,9,9,9,9,9,10,10,10,10,6,6,6,10,10,10,10,10,10,10,10,10,10,10,10,8,8,9,9,9,10,10,9,10,9,10,9,7,8,10,10,10,6,6,6,7,8,7
gc,svn,natpad,/trunk/natpad/src/elm/elmmovelocator.h,clean,c,IssueTrue,17392,135,311,2,2,4,3,2,9,3,10,10,10,10,10,10,10,10,10,9,9,9,9,9,10,10,10,10,9,10,9,10,10,10,10,10,10,10,10,10,10,10,10,8,8,9,1,2,2,2,2,3,3,2,2,2,4,8,5,5,5,4,4,2,2,1
gc,svn,natpad,/trunk/natpad/src/elm/elmshiftlocator.c,buggy,c,IssueTrue,17392,135,311,2,8,8,9,8,4,7,10,10,10,10,10,10,10,10,10,9,9,9,9,9,10,10,10,10,6,6,6,10,10,10,10,10,10,10,10,10,10,10,10,8,8,9,8,10,9,9,10,9,8,9,8,6,6,9,8,8,8,7,7,7,8,6
gc,svn,natpad,/trunk/natpad/src/elm/elmsplitbox.c,clean,c,IssueTrue,17392,135,311,2,9,6,10,9,2,7,10,10,10,10,10,10,10,10,10,9,9,9,9,9,10,10,10,10,6,6,6,10,10,10,10,10,10,10,10,10,10,10,10,8,8,9,7,9,10,9,9,10,8,9,9,6,6,8,7,8,5,5,5,5,6,5
gc,svn,natpad,/trunk/natpad/src/elm/elmsplitbox.h,clean,c,IssueTrue,17392,135,311,2,2,4,3,3,8,3,10,10,10,10,10,10,10,10,10,9,9,9,9,9,10,10,10,10,8,8,8,10,10,10,10,10,10,10,10,10,10,10,10,8,8,9,3,4,3,2,2,3,4,3,2,2,4,7,5,5,5,4,4,2,2,1
gc,svn,natpad,/trunk/natpad/src/elm/elmwidgetleaf.c,clean,c,IssueTrue,17392,135,311,2,8,8,9,9,5,7,10,10,10,10,10,10,10,10,10,9,9,9,9,9,10,10,10,10,6,6,6,10,10,10,10,10,10,10,10,10,10,10,10,8,8,9,5,7,9,7,9,9,7,10,9,2,4,8,5,5,5,4,4,2,2,1
gc,svn,natpad,/trunk/natpad/src/hook/natdocumenthook.c,clean,c,IssueTrue,17392,135,311,2,7,4,8,8,4,7,10,10,10,10,10,10,10,10,10,9,9,9,9,9,10,10,10,10,9,9,8,10,10,10,10,10,10,10,10,10,10,10,10,8,8,9,5,7,7,8,8,9,8,9,8,7,9,6,6,7,5,4,4,7,8,6
gc,svn,natpad,/trunk/natpad/src/hook/natdocumenthook.h,clean,c,IssueTrue,17392,135,311,2,2,4,2,2,9,3,10,10,10,10,10,10,10,10,10,9,9,9,9,9,10,10,10,10,7,7,7,10,10,10,10,10,10,10,10,10,10,10,10,8,8,9,1,2,2,2,2,3,3,2,2,3,6,3,3,3,5,4,4,4,4,3
gc,svn,natpad,/trunk/natpad/src/hook/natlineblockhook.c,clean,c,IssueTrue,17392,135,311,2,8,4,9,8,3,10,10,10,10,10,10,10,10,10,10,9,9,9,9,9,10,10,10,10,10,9,9,10,10,10,10,10,10,10,10,10,10,10,10,8,8,9,8,9,9,9,9,9,7,8,7,6,10,8,8,8,7,7,7,5,6,5
gc,svn,natpad,/trunk/natpad/src/hook/natlineblockhook.h,clean,c,IssueTrue,17392,135,311,2,2,4,2,2,9,3,10,10,10,10,10,10,10,10,10,9,9,9,9,9,10,10,10,10,7,7,7,10,10,10,10,10,10,10,10,10,10,10,10,8,8,9,1,2,2,2,2,3,3,2,2,2,8,3,3,3,5,4,4,3,3,2
gc,svn,natpad,/trunk/natpad/src/hook/natrawlinehook.c,clean,c,IssueTrue,17392,135,311,2,7,4,8,8,4,7,10,10,10,10,10,10,10,10,10,9,9,9,9,9,10,10,10,10,10,9,9,10,10,10,10,10,10,10,10,10,10,10,10,8,8,9,6,8,8,10,10,10,6,8,7,8,10,7,7,8,7,8,8,6,7,6
gc,svn,natpad,/trunk/natpad/src/hook/natrawlinehook.h,clean,c,IssueTrue,17392,135,311,2,2,4,3,2,9,3,10,10,10,10,10,10,10,10,10,9,9,9,9,9,10,10,10,10,7,7,7,10,10,10,10,10,10,10,10,10,10,10,10,8,8,9,1,2,2,2,2,3,3,2,2,4,9,3,3,4,5,5,5,2,4,3
gc,svn,natpad,/trunk/natpad/src/hook/natsnapshothook.c,clean,c,IssueTrue,17392,135,311,2,10,5,10,9,1,10,10,10,10,10,10,10,10,10,10,9,9,9,9,9,10,10,10,10,10,10,10,10,10,10,10,10,10,10,10,10,10,10,10,8,8,9,9,10,10,10,10,10,8,10,9,8,10,9,9,9,8,8,8,9,9,8
gc,svn,natpad,/trunk/natpad/src/hook/natsnapshothook.h,clean,c,IssueTrue,17392,135,311,2,2,4,3,2,9,3,10,10,10,10,10,10,10,10,10,9,9,9,9,9,10,10,10,10,7,7,7,10,10,10,10,10,10,10,10,10,10,10,10,8,8,9,1,2,2,2,2,3,3,2,2,4,8,4,4,4,9,8,7,2,4,3
gc,svn,natpad,/trunk/natpad/src/hook/natsnapshothookreader.c,clean,c,IssueTrue,17392,135,311,2,6,5,7,7,5,7,10,10,10,10,10,10,10,10,10,9,9,9,9,9,10,10,10,10,6,6,6,10,10,10,10,10,10,10,10,10,10,10,10,8,8,9,7,8,7,7,8,7,8,8,6,2,6,8,5,5,5,4,4,3,3,2
gc,svn,natpad,/trunk/natpad/src/io/natlinereader.c,clean,c,IssueTrue,17392,135,311,2,7,5,8,7,4,7,10,10,10,10,10,10,10,10,10,9,9,9,9,9,10,10,10,10,6,6,6,10,10,10,10,10,10,10,10,10,10,10,10,8,8,9,8,9,8,7,8,8,7,7,7,2,8,5,4,4,5,4,4,3,3,2
gc,svn,natpad,/trunk/natpad/src/ipc/natipc.c,buggy,c,IssueTrue,17392,135,311,2,9,6,10,8,2,10,10,10,10,10,10,10,10,10,10,9,9,9,10,10,10,10,10,10,7,8,8,10,10,10,10,10,10,10,10,10,10,10,10,8,8,9,9,10,10,8,8,9,8,9,9,2,6,3,3,3,5,4,4,3,3,2
gc,svn,natpad,/trunk/natpad/src/lexer/ansic/natansiclexer.c,clean,c,IssueTrue,17392,135,311,2,8,8,8,8,5,9,10,10,10,10,10,10,10,10,10,9,9,9,10,10,10,10,10,10,8,8,9,10,10,10,10,10,10,10,10,10,10,10,10,8,8,9,6,9,8,6,9,8,8,10,7,8,9,9,9,9,9,9,9,7,8,7
gc,svn,natpad,/trunk/natpad/src/lexer/natdocumentlexer.c,buggy,c,IssueTrue,17392,135,311,2,8,7,8,7,4,9,10,10,10,10,10,10,10,10,10,9,9,9,9,9,10,10,10,10,6,6,6,10,10,10,10,10,10,10,10,10,10,10,10,8,8,9,9,9,9,9,9,8,8,8,7,8,9,9,8,9,10,10,10,10,10,9
gc,svn,natpad,/trunk/natpad/src/lexer/natlexerrequest.c,clean,c,IssueTrue,17392,135,311,2,3,4,3,6,8,3,10,10,10,10,10,10,10,10,10,9,9,9,9,9,10,10,10,10,6,6,6,10,10,10,10,10,10,10,10,10,10,10,10,8,8,9,3,4,5,5,6,6,6,6,4,4,6,8,7,7,9,8,7,5,6,4
gc,svn,natpad,/trunk/natpad/src/lexer/natlexerservice.c,buggy,c,IssueTrue,17392,135,311,2,9,9,10,9,5,10,10,10,10,10,10,10,10,10,10,9,9,9,9,9,10,10,10,10,6,6,6,10,10,10,10,10,10,10,10,10,10,10,10,8,8,9,8,9,10,8,9,9,9,9,9,8,10,9,9,10,10,10,10,8,8,8
gc,svn,natpad,/trunk/natpad/src/lexer/natlexerservice.h,clean,c,IssueTrue,17392,135,311,2,2,4,3,2,8,3,10,10,10,10,10,10,10,10,10,9,9,9,10,10,10,10,10,10,10,10,10,10,10,10,10,10,10,10,10,10,10,10,10,8,8,9,1,2,2,2,2,3,3,2,2,4,6,5,4,5,8,7,7,2,3,2
gc,svn,natpad,/trunk/natpad/src/lexer/textpad/nattplexer.c,buggy,c,IssueTrue,17392,135,311,2,9,7,9,6,3,10,10,10,10,10,10,10,10,10,10,9,9,9,9,9,10,10,10,10,10,9,9,10,10,10,10,10,10,10,10,10,10,10,10,8,8,9,10,10,9,10,10,9,10,10,8,7,9,9,9,9,10,9,9,9,9,9
gc,svn,natpad,/trunk/natpad/src/lexer/textpad/nattpnode.c,clean,c,IssueTrue,17392,135,311,2,7,6,8,8,5,9,10,10,10,10,10,10,10,10,10,9,9,9,9,9,10,10,10,10,6,6,6,10,10,10,10,10,10,10,10,10,10,10,10,8,8,9,7,9,9,9,9,9,6,7,6,3,6,10,9,8,6,5,5,5,5,3
gc,svn,natpad,/trunk/natpad/src/lexer/textpad/nattpnode.h,buggy,c,IssueTrue,17392,135,311,2,3,4,3,2,8,3,10,10,10,10,10,10,10,10,10,9,9,9,9,9,10,10,10,10,9,10,9,10,10,10,10,10,10,10,10,10,10,10,10,8,8,9,1,2,2,2,2,3,3,2,2,3,8,7,6,5,5,4,4,4,4,3
gc,svn,natpad,/trunk/natpad/src/lexer/textpad/nattpsyntax.c,buggy,c,IssueTrue,17392,135,311,2,8,5,9,7,3,9,10,10,10,10,10,10,10,10,10,9,9,9,9,9,10,10,10,10,6,6,6,10,10,10,10,10,10,10,10,10,10,10,10,8,8,9,10,10,9,9,9,8,9,10,8,6,9,9,8,8,7,6,6,9,8,7
gc,svn,natpad,/trunk/natpad/src/lexer/textpad/nattpsyntax.h,clean,c,IssueTrue,17392,135,311,2,3,4,4,2,7,3,10,10,10,10,10,10,10,10,10,9,9,9,9,10,10,10,10,10,10,10,10,10,10,10,10,10,10,10,10,10,10,10,10,8,8,9,1,2,2,2,2,3,3,2,2,2,6,8,5,5,5,4,4,2,2,1
gc,svn,natpad,/trunk/natpad/src/logging/nlog_begin.h,buggy,c,IssueTrue,17392,135,311,2,1,4,1,2,1,3,10,10,10,10,10,10,10,10,10,9,9,9,9,9,10,10,10,10,6,6,6,10,10,10,10,10,10,10,10,10,10,10,10,8,8,9,1,2,2,2,2,3,3,2,2,2,6,8,6,5,5,4,4,9,7,5
gc,svn,natpad,/trunk/natpad/src/macro/natmacro.c,clean,c,IssueTrue,17392,135,311,2,2,4,3,7,8,3,10,10,10,10,10,10,10,10,10,9,9,9,9,9,10,10,10,10,6,6,6,10,10,10,10,10,10,10,10,10,10,10,10,8,8,9,3,4,5,3,5,5,5,5,4,3,6,8,6,6,7,6,6,3,3,3
gc,svn,natpad,/trunk/natpad/src/macro/natmacro.h,clean,c,IssueTrue,17392,135,311,2,2,4,2,2,9,3,10,10,10,10,10,10,10,10,10,9,9,9,9,9,10,10,10,10,7,8,8,10,10,10,10,10,10,10,10,10,10,10,10,8,8,9,1,2,2,2,2,3,3,2,2,2,4,8,6,5,5,4,4,2,2,1
gc,svn,natpad,/trunk/natpad/src/macro/natmacroplayer.c,clean,c,IssueTrue,17392,135,311,2,4,4,5,7,6,5,10,10,10,10,10,10,10,10,10,9,9,9,9,9,10,10,10,10,6,6,6,10,10,10,10,10,10,10,10,10,10,10,10,8,8,9,5,7,7,8,8,8,7,7,6,2,4,10,7,6,5,4,4,3,3,2
gc,svn,natpad,/trunk/natpad/src/macro/natmacroplayer.h,clean,c,IssueTrue,17392,135,311,2,2,4,3,2,9,3,10,10,10,10,10,10,10,10,10,9,9,9,9,9,10,10,10,10,8,9,9,10,10,10,10,10,10,10,10,10,10,10,10,8,8,9,1,2,2,2,2,3,3,2,2,2,4,7,5,5,5,4,4,2,2,1
gc,svn,natpad,/trunk/natpad/src/macro/natmacroservice.c,clean,c,IssueTrue,17392,135,311,2,4,4,5,7,6,5,10,10,10,10,10,10,10,10,10,9,9,9,9,9,10,10,10,10,6,6,6,10,10,10,10,10,10,10,10,10,10,10,10,8,8,9,4,6,6,4,6,6,6,6,5,4,6,8,7,7,5,4,4,4,5,4
gc,svn,natpad,/trunk/natpad/src/natframe.c,clean,c,IssueTrue,17392,135,311,2,7,8,8,8,6,5,10,10,10,10,10,10,10,10,10,9,9,9,9,9,10,10,10,10,6,6,6,10,10,10,10,10,10,10,10,10,10,10,10,8,8,9,5,7,8,8,9,9,9,10,9,9,10,8,7,9,7,7,7,3,6,5
gc,svn,natpad,/trunk/natpad/src/natframe.h,clean,c,IssueTrue,17392,135,311,2,2,4,3,2,8,3,10,10,10,10,10,10,10,10,10,9,9,9,10,10,10,10,10,10,10,10,10,10,10,10,10,10,10,10,10,10,10,10,10,8,8,9,1,2,2,2,2,3,3,2,2,4,8,5,4,5,5,4,4,2,2,1
gc,svn,natpad,/trunk/natpad/src/natpad.c,buggy,c,IssueTrue,17392,135,311,2,8,10,9,7,7,9,10,10,10,10,10,10,10,10,10,9,9,9,9,9,10,10,10,10,6,6,6,10,10,10,10,10,10,10,10,10,10,10,10,8,8,9,9,9,9,6,7,7,9,10,8,9,10,8,9,9,10,10,10,4,6,6
gc,svn,natpad,/trunk/natpad/src/natpad.h,buggy,c,IssueTrue,17392,135,311,2,1,6,1,2,1,3,10,10,10,10,10,10,10,10,10,9,9,9,9,9,10,10,10,10,6,6,6,10,10,10,10,10,10,10,10,10,10,10,10,8,8,9,1,2,2,2,2,3,3,2,2,6,9,4,5,5,7,7,6,2,3,3
gc,svn,natpad,/trunk/natpad/src/search/natsearchdialog.c,buggy,c,IssueTrue,17392,135,311,2,9,7,10,10,3,9,10,10,10,10,10,10,10,10,10,9,9,9,9,9,10,10,10,10,10,10,10,10,10,10,10,10,10,10,10,10,10,10,10,8,8,9,6,8,9,7,8,10,9,10,10,2,6,10,7,6,5,4,4,3,3,2
gc,svn,natpad,/trunk/natpad/src/search/natsearchrequest.c,clean,c,IssueTrue,17392,135,311,2,9,8,10,9,4,10,10,10,10,10,10,10,10,10,10,9,9,9,9,9,10,10,10,10,6,6,6,10,10,10,10,10,10,10,10,10,10,10,10,8,8,9,9,10,10,9,10,10,8,9,9,7,9,9,9,9,10,10,9,9,9,8
gc,svn,natpad,/trunk/natpad/src/system/natsystem.c,buggy,c,IssueTrue,17392,135,311,2,6,4,7,8,4,5,10,10,10,10,10,10,10,10,10,9,9,9,10,10,10,10,10,10,10,9,9,10,10,10,10,10,10,10,10,10,10,10,10,8,8,9,5,8,8,7,7,8,6,9,7,9,10,7,8,9,8,9,9,4,7,6
gc,svn,natpad,/trunk/natpad/src/system/natsystem.h,clean,c,IssueTrue,17392,135,311,2,2,4,2,2,9,3,10,10,10,10,10,10,10,10,10,9,9,9,9,9,10,10,10,10,7,7,7,10,10,10,10,10,10,10,10,10,10,10,10,8,8,9,1,2,2,2,2,3,3,2,2,4,6,5,5,5,5,5,5,3,4,3
gc,svn,natpad,/trunk/natpad/src/util/natfixedarray.c,clean,c,IssueTrue,17392,135,311,2,9,7,9,9,3,9,10,10,10,10,10,10,10,10,10,9,9,9,9,9,10,10,10,10,9,8,8,10,10,10,10,10,10,10,10,10,10,10,10,8,8,9,8,9,10,10,10,10,6,6,8,6,9,9,8,8,5,6,6,6,7,6
gc,svn,natpad,/trunk/natpad/src/util/natfixedarray.h,clean,c,IssueTrue,17392,135,311,2,3,4,4,2,8,3,10,10,10,10,10,10,10,10,10,9,9,9,9,9,10,10,10,10,7,8,8,10,10,10,10,10,10,10,10,10,10,10,10,8,8,9,1,2,2,2,2,3,3,2,2,5,6,7,6,6,5,4,4,2,3,3
gc,svn,natpad,/trunk/natpad/src/util/natfixedhashmap.c,clean,c,IssueTrue,17392,135,311,2,6,10,7,8,9,5,10,10,10,10,10,10,10,10,10,9,9,9,9,9,10,10,10,10,6,6,6,10,10,10,10,10,10,10,10,10,10,10,10,8,8,9,5,7,8,9,9,9,7,7,7,4,6,8,6,7,5,4,4,5,6,4
gc,svn,natpad,/trunk/natpad/src/util/natfixedhashmap.h,clean,c,IssueTrue,17392,135,311,2,3,4,4,2,7,3,10,10,10,10,10,10,10,10,10,9,9,9,9,10,10,10,10,10,9,9,10,10,10,10,10,10,10,10,10,10,10,10,10,8,8,9,1,2,2,2,2,3,3,2,2,2,4,4,3,3,5,4,4,2,2,1
gc,svn,natpad,/trunk/natpad/src/view/natdocumentview.c,buggy,c,IssueTrue,17392,135,311,2,10,10,10,10,2,10,10,10,10,10,10,10,10,10,10,9,9,9,9,9,10,10,10,10,6,6,6,10,10,10,10,10,10,10,10,10,10,10,10,8,8,9,10,10,10,10,10,10,10,10,10,10,10,10,10,10,6,8,8,5,9,8
gc,svn,natpad,/trunk/natpad/src/view/natdocumentview.h,buggy,c,IssueTrue,17392,135,311,2,6,4,8,3,4,3,10,10,10,10,10,10,10,10,10,9,9,9,10,10,10,10,10,10,10,10,10,10,10,10,10,10,10,10,10,10,10,10,10,8,8,9,3,4,3,2,2,3,4,3,2,9,10,7,8,8,5,5,6,2,4,4
gc,svn,natpad,/trunk/natpad/src/view/natpainter.c,buggy,c,IssueTrue,17392,135,311,2,10,10,10,8,5,10,10,10,10,10,10,10,10,10,10,9,9,9,10,10,10,10,10,10,10,10,10,10,10,10,10,10,10,10,10,10,10,10,10,8,8,9,10,10,10,10,10,10,10,10,10,10,10,10,10,10,10,10,10,8,9,9
gc,svn,natpad,/trunk/natpad/src/view/natrawlineview.h,clean,c,IssueTrue,17392,135,311,2,3,4,5,2,7,3,10,10,10,10,10,10,10,10,10,9,9,9,9,9,10,10,10,10,10,10,10,10,10,10,10,10,10,10,10,10,10,10,10,8,8,9,1,2,2,2,2,3,3,2,2,3,6,8,7,6,5,4,4,4,4,3
gc,svn,natpad,/trunk/natpad/src/view/natview.c,clean,c,IssueTrue,17392,135,311,2,10,9,10,10,3,10,10,10,10,10,10,10,10,10,10,9,9,9,9,9,10,10,10,10,6,6,6,10,10,10,10,10,10,10,10,10,10,10,10,8,8,9,8,9,10,10,10,10,9,10,10,10,10,10,10,10,10,10,10,7,7,8
gc,svn,natpad,/trunk/natpad/src/view/natview.h,clean,c,IssueTrue,17392,135,311,2,5,5,6,2,6,3,10,10,10,10,10,10,10,10,10,9,9,9,10,10,10,10,10,10,9,10,10,10,10,10,10,10,10,10,10,10,10,10,10,8,8,9,1,2,2,2,2,3,3,2,2,9,10,5,5,7,6,6,7,2,4,3
gc,svn,natpad,/trunk/natpad/src/view/natviewcontext.c,clean,c,IssueTrue,17392,135,311,2,4,4,5,6,6,5,10,10,10,10,10,10,10,10,10,9,9,9,9,9,10,10,10,10,6,6,6,10,10,10,10,10,10,10,10,10,10,10,10,8,8,9,6,7,6,5,7,6,7,7,5,5,6,4,5,4,9,8,8,5,6,4
gc,svn,natpad,/trunk/natpad/src/view/natviewcursor.c,buggy,c,IssueTrue,17392,135,311,2,5,4,6,8,5,7,10,10,10,10,10,10,10,10,10,9,9,9,9,9,10,10,10,10,6,6,6,10,10,10,10,10,10,10,10,10,10,10,10,8,8,9,5,8,7,10,10,9,6,7,6,6,9,6,6,6,6,6,6,4,5,4
gc,svn,natpad,/trunk/natpad/src/view/selection/natblockselection.c,buggy,c,IssueTrue,17392,135,311,2,10,5,10,9,1,10,10,10,10,10,10,10,10,10,10,9,9,9,9,9,10,10,10,10,6,6,6,10,10,10,10,10,10,10,10,10,10,10,10,8,8,9,9,10,10,10,10,10,10,10,10,8,10,10,10,10,8,8,9,8,8,8
gc,svn,natpad,/trunk/natpad/src/view/selection/natblockselection.h,buggy,c,IssueTrue,17392,135,311,2,2,4,4,2,8,3,10,10,10,10,10,10,10,10,10,9,9,9,10,10,10,10,10,10,10,10,10,10,10,10,10,10,10,10,10,10,10,10,10,8,8,9,1,2,2,2,2,3,3,2,2,5,8,9,8,8,5,5,5,2,3,2
gc,svn,natpad,/trunk/natpad/src/view/selection/natiselection.c,buggy,c,IssueTrue,17392,135,311,2,5,4,6,8,5,5,10,10,10,10,10,10,10,10,10,9,9,9,9,9,10,10,10,10,6,6,6,10,10,10,10,10,10,10,10,10,10,10,10,8,8,9,4,6,7,10,9,9,8,7,8,5,8,6,6,6,9,8,8,6,7,5
gc,svn,natpad,/trunk/natpad/src/view/selection/natiselection.h,buggy,c,IssueTrue,17392,135,311,2,2,4,4,2,8,3,10,10,10,10,10,10,10,10,10,9,9,9,9,9,10,10,10,10,10,10,9,10,10,10,10,10,10,10,10,10,10,10,10,8,8,9,1,2,2,2,2,3,3,2,2,5,8,5,5,5,8,7,7,5,6,5
gc,svn,natpad,/trunk/natpad/src/view/selection/natplainselection.c,buggy,c,IssueTrue,17392,135,311,2,10,6,10,9,2,10,10,10,10,10,10,10,10,10,10,9,9,9,9,9,10,10,10,10,6,6,6,10,10,10,10,10,10,10,10,10,10,10,10,8,8,9,9,10,10,9,10,10,8,9,9,7,9,10,10,10,9,8,8,9,9,8
gc,svn,natpad,/trunk/natpad/src/view/selection/natplainselection.h,buggy,c,IssueTrue,17392,135,311,2,2,4,3,2,8,3,10,10,10,10,10,10,10,10,10,9,9,9,10,10,10,10,10,10,8,9,9,10,10,10,10,10,10,10,10,10,10,10,10,8,8,9,1,2,2,2,2,3,3,2,2,5,8,5,5,5,6,6,6,5,6,4
gc,svn,natpad,/trunk/natpad/src/widget/natdocumentlist.c,buggy,c,IssueTrue,17392,135,311,2,8,9,9,9,6,7,10,10,10,10,10,10,10,10,10,9,9,9,9,9,10,10,10,10,8,8,8,10,10,10,10,10,10,10,10,10,10,10,10,8,8,9,6,8,9,6,8,9,8,9,9,6,9,9,9,8,8,7,7,3,4,4
gc,svn,natpad,/trunk/natpad/src/widget/natscrolledwindow.c,buggy,c,IssueTrue,17392,135,311,2,10,10,10,10,2,10,10,10,10,10,10,10,10,10,10,9,9,9,9,9,10,10,10,10,6,6,6,10,10,10,10,10,10,10,10,10,10,10,10,8,8,9,9,10,10,10,10,10,10,10,10,7,9,10,10,10,10,10,9,9,9,8
