Host,Vcs,Project,File,Buggy,PL,IssueTracking,TLOC,TNF,TNC,TND,LOC,CL,NStmt,NFunc,RCC,MNL,avg_WMC,max_WMC,total_WMC,avg_DIT,max_DIT,total_DIT,avg_RFC,max_RFC,total_RFC,avg_NOC,max_NOC,total_NOC,avg_CBO,max_CBO,total_CBO,avg_DIT.1,max_DIT.1,total_DIT.1,avg_NIV,max_NIV,total_NIV,avg_NIM,max_NIM,total_NIM,avg_NOM,max_NOM,total_NOM,avg_NPBM,max_NPBM,total_NPBM,avg_NPM,max_NPM,total_NPM,avg_NPRM,max_NPRM,total_NPRM,avg_CC,max_CC,total_CC,avg_FANIN,max_FANIN,total_FANIN,avg_FANOUT,max_FANOUT,total_FANOUT,NRev,NFix,avg_AddedLOC,max_AddedLOC,total_AddedLOC,avg_DeletedLOC,max_DeletedLOC,total_DeletedLOC,avg_ModifiedLOC,max_ModifiedLOC,total_ModifiedLOC
sf,cvs,neoengine,neoengine/neoengine/neoabt/base.h,clean,cpp,IssueFalse,48506,325,7089,11,1,5,1,2,1,4,7,7,7,7,8,5,8,9,3,9,9,9,6,6,6,7,8,5,6,6,6,6,6,6,6,6,6,6,6,6,9,9,9,8,8,9,1,2,2,2,2,3,3,2,3,6,10,7,8,6,8,8,8,6,8,7
sf,cvs,neoengine,neoengine/neoengine/neoabt/dll.cpp,clean,cpp,IssueFalse,48506,325,7089,11,3,5,3,5,8,4,7,7,7,7,8,5,8,9,3,9,9,9,6,6,6,7,8,5,6,6,6,6,6,6,6,6,6,6,6,6,9,9,9,8,8,9,3,4,4,2,2,3,5,3,5,4,9,6,5,4,5,4,4,7,8,7
sf,cvs,neoengine,neoengine/neoengine/neoabt/geometry.cpp,buggy,cpp,IssueFalse,48506,325,7089,11,10,10,10,6,3,10,7,7,7,7,8,5,8,9,3,9,9,9,6,6,6,7,8,5,6,6,6,6,6,6,6,6,6,6,6,6,9,9,9,8,8,9,10,10,10,10,8,9,10,10,9,6,9,10,10,9,5,4,4,6,8,8
sf,cvs,neoengine,neoengine/neoengine/neoabt/geometry.h,clean,cpp,IssueFalse,48506,325,7089,11,1,8,2,2,10,4,10,10,9,10,10,9,10,10,9,9,9,9,10,9,9,10,10,9,7,7,7,8,8,7,8,7,7,8,8,8,9,9,9,8,8,9,1,2,2,2,2,3,3,2,3,5,7,9,8,7,5,5,5,6,8,7
sf,cvs,neoengine,neoengine/neoengine/neoabt/link.h,clean,cpp,IssueFalse,48506,325,7089,11,1,5,1,2,1,4,7,7,7,7,8,5,8,9,3,9,9,9,6,6,6,7,8,5,6,6,6,6,6,6,6,6,6,6,6,6,9,9,9,8,8,9,1,2,2,2,2,3,3,2,3,2,7,7,5,4,5,4,4,9,8,6
sf,cvs,neoengine,neoengine/neoengine/neoabt/node.cpp,buggy,cpp,IssueFalse,48506,325,7089,11,5,9,6,5,8,9,7,7,7,7,8,5,8,9,3,9,9,9,6,6,6,7,8,5,6,6,6,6,6,6,6,6,6,6,6,6,9,9,9,8,8,9,6,7,6,8,9,7,9,8,7,7,9,8,9,8,10,10,10,7,8,9
sf,cvs,neoengine,neoengine/neoengine/neoabt/node.h,buggy,cpp,IssueFalse,48506,325,7089,11,2,9,3,2,10,4,8,8,7,10,10,9,10,10,9,9,9,9,9,8,8,10,10,9,9,9,8,8,8,7,8,7,7,8,8,8,9,9,9,8,8,9,1,2,2,2,2,3,3,2,3,6,7,8,7,6,9,8,8,7,8,8
sf,cvs,neoengine,neoengine/neoengine/neoabt/room.cpp,buggy,cpp,IssueFalse,48506,325,7089,11,7,5,8,5,4,10,7,7,7,7,8,5,8,9,3,9,9,9,6,6,6,7,8,5,6,6,6,6,6,6,6,6,6,6,6,6,9,9,9,8,8,9,9,10,8,9,8,7,10,9,8,8,9,9,9,9,10,10,10,8,9,9
sf,cvs,neoengine,neoengine/neoengine/neoabt/room.h,buggy,cpp,IssueFalse,48506,325,7089,11,2,8,2,2,10,4,9,8,8,10,10,10,10,10,9,9,9,9,9,9,9,10,10,10,7,7,7,7,7,7,7,7,7,8,8,8,9,9,9,8,8,9,1,2,2,2,2,3,3,2,3,6,7,8,7,7,10,9,9,6,8,7
sf,cvs,neoengine,neoengine/neoengine/neobrute/base.h,clean,cpp,IssueFalse,48506,325,7089,11,2,7,2,2,10,4,7,7,7,7,8,5,8,9,3,9,9,9,6,6,6,7,8,5,6,6,6,6,6,6,6,6,6,6,6,6,9,9,9,8,8,9,1,2,2,2,2,3,3,2,3,7,9,6,7,6,6,6,7,6,8,8
sf,cvs,neoengine,neoengine/neoengine/neobrute/link.h,buggy,cpp,IssueFalse,48506,325,7089,11,1,5,1,2,1,4,7,7,7,7,8,5,8,9,3,9,9,9,6,6,6,7,8,5,6,6,6,6,6,6,6,6,6,6,6,6,9,9,9,8,8,9,1,2,2,2,2,3,3,2,3,4,7,6,5,4,5,4,4,7,8,7
sf,cvs,neoengine,neoengine/neoengine/neobrute/terrain.cpp,buggy,cpp,IssueFalse,48506,325,7089,11,8,6,9,7,3,10,7,7,7,7,8,5,8,9,3,9,9,9,6,6,6,7,8,5,6,6,6,6,6,6,6,6,6,6,6,6,9,9,9,8,8,9,9,10,9,10,9,9,9,9,9,8,9,10,10,10,10,10,10,8,9,9
sf,cvs,neoengine,neoengine/neoengine/neobrute/terrain.h,buggy,cpp,IssueFalse,48506,325,7089,11,3,7,5,7,8,7,8,9,9,10,10,10,10,10,10,9,9,9,9,9,10,10,10,10,7,9,9,7,8,9,7,8,9,8,8,9,9,9,9,8,8,9,4,6,6,3,4,4,5,2,6,6,9,9,9,8,6,6,6,6,8,7
sf,cvs,neoengine,neoengine/neoengine/neobsp/base.h,clean,cpp,IssueFalse,48506,325,7089,11,1,5,1,2,10,4,7,7,7,7,8,5,8,9,3,9,9,9,6,6,6,7,8,5,6,6,6,6,6,6,6,6,6,6,6,6,9,9,9,8,8,9,1,2,2,2,2,3,3,2,3,5,9,5,5,4,5,4,4,7,8,7
sf,cvs,neoengine,neoengine/neoengine/neobsp/bsp.cpp,buggy,cpp,IssueFalse,48506,325,7089,11,10,9,10,9,3,10,7,7,7,7,8,5,8,9,3,9,9,9,6,6,6,7,8,5,6,6,6,6,6,6,6,6,6,6,6,6,9,9,9,8,8,9,9,10,10,9,10,10,8,9,10,7,7,9,10,8,10,10,10,8,9,9
sf,cvs,neoengine,neoengine/neoengine/neobsp/bsp.h,buggy,cpp,IssueFalse,48506,325,7089,11,5,10,6,3,10,4,9,9,10,10,10,10,10,10,10,9,9,9,9,9,10,10,10,10,10,9,10,8,8,9,8,8,9,9,9,10,9,9,9,8,8,9,3,4,3,3,3,3,7,3,4,4,7,6,5,4,7,6,6,8,8,7
sf,cvs,neoengine,neoengine/neoengine/neobsp/chunk.cpp,clean,cpp,IssueFalse,48506,325,7089,11,1,5,2,2,10,4,7,7,7,7,8,5,8,9,3,9,9,9,6,6,6,7,8,5,6,6,6,6,6,6,6,6,6,6,6,6,9,9,9,8,8,9,1,2,2,2,2,3,3,2,3,4,7,7,7,5,10,9,8,8,8,8
sf,cvs,neoengine,neoengine/neoengine/neobsp/link.h,clean,cpp,IssueFalse,48506,325,7089,11,1,5,1,2,1,4,7,7,7,7,8,5,8,9,3,9,9,9,6,6,6,7,8,5,6,6,6,6,6,6,6,6,6,6,6,6,9,9,9,8,8,9,1,2,2,2,2,3,3,2,3,2,7,7,5,4,5,4,4,9,8,6
sf,cvs,neoengine,neoengine/neoengine/neochunkio/base.cpp,clean,cpp,IssueFalse,48506,325,7089,11,2,5,3,4,9,4,7,7,7,7,8,5,8,9,3,9,9,9,6,6,6,7,8,5,6,6,6,6,6,6,6,6,6,6,6,6,9,9,9,8,8,9,3,4,3,10,8,7,6,4,5,4,7,7,6,5,5,5,5,7,8,7
sf,cvs,neoengine,neoengine/neoengine/neochunkio/base.h,clean,cpp,IssueFalse,48506,325,7089,11,1,6,1,2,10,4,7,7,7,7,8,5,8,9,3,9,9,9,6,6,6,7,8,5,6,6,6,6,6,6,6,6,6,6,6,6,9,9,9,8,8,9,1,2,2,2,2,3,3,2,3,6,10,5,5,4,5,4,4,6,8,7
sf,cvs,neoengine,neoengine/neoengine/neochunkio/chunk.h,clean,cpp,IssueFalse,48506,325,7089,11,3,10,5,7,10,4,8,8,7,7,8,5,10,10,6,9,9,9,8,8,8,7,8,5,10,9,9,9,9,9,9,9,9,10,9,9,9,9,9,8,8,9,3,4,6,3,5,5,4,4,6,5,7,6,6,5,6,6,6,6,8,7
sf,cvs,neoengine,neoengine/neoengine/neochunkio/chunktype.h,clean,cpp,IssueFalse,48506,325,7089,11,6,9,1,2,9,4,7,7,7,7,8,5,8,9,3,9,9,9,6,6,6,7,8,5,10,9,9,6,6,6,6,6,6,6,6,6,9,9,9,8,8,9,1,2,2,2,2,3,3,2,3,4,7,6,6,5,6,6,6,7,8,7
sf,cvs,neoengine,neoengine/neoengine/neochunkio/color.cpp,buggy,cpp,IssueFalse,48506,325,7089,11,2,5,2,4,9,7,7,7,7,7,8,5,8,9,3,9,9,9,6,6,6,7,8,5,6,6,6,6,6,6,6,6,6,6,6,6,9,9,9,8,8,9,7,7,5,10,8,6,4,2,4,3,7,6,5,4,10,9,8,8,8,7
sf,cvs,neoengine,neoengine/neoengine/neochunkio/factory.cpp,clean,cpp,IssueFalse,48506,325,7089,11,8,6,9,6,4,8,7,7,7,7,8,5,8,9,3,9,9,9,6,6,6,7,8,5,6,6,6,6,6,6,6,6,6,6,6,6,9,9,9,8,8,9,9,8,8,10,10,9,8,6,7,5,7,8,7,6,5,4,4,8,8,8
sf,cvs,neoengine,neoengine/neoengine/neochunkio/factory.h,clean,cpp,IssueFalse,48506,325,7089,11,3,9,3,2,10,4,8,8,8,7,8,5,9,9,4,9,9,9,10,10,10,7,8,5,7,8,8,6,6,6,6,7,7,6,7,7,10,10,10,8,8,9,1,2,2,2,2,3,3,2,3,4,7,5,5,4,5,4,4,7,8,6
sf,cvs,neoengine,neoengine/neoengine/neochunkio/light.cpp,buggy,cpp,IssueFalse,48506,325,7089,11,5,6,6,3,7,8,7,7,7,7,8,5,8,9,3,9,9,9,6,6,6,7,8,5,6,6,6,6,6,6,6,6,6,6,6,6,9,9,9,8,8,9,10,10,8,10,10,7,10,8,6,2,7,7,5,4,5,4,4,9,8,6
sf,cvs,neoengine,neoengine/neoengine/neochunkio/material.cpp,clean,cpp,IssueFalse,48506,325,7089,11,7,6,8,4,5,10,7,7,7,7,8,5,8,9,3,9,9,9,6,6,6,7,8,5,6,6,6,6,6,6,6,6,6,6,6,6,9,9,9,8,8,9,10,10,8,10,9,7,10,9,7,5,7,10,10,8,10,9,9,9,9,9
sf,cvs,neoengine,neoengine/neoengine/neochunkio/materiallib.h,clean,cpp,IssueFalse,48506,325,7089,11,1,8,2,4,10,4,7,7,7,10,10,8,9,9,4,9,9,9,8,7,8,10,10,8,8,8,7,7,7,7,7,7,7,7,7,7,10,9,9,8,8,9,3,4,3,4,5,4,5,3,5,3,7,6,5,4,6,5,5,8,8,7
sf,cvs,neoengine,neoengine/neoengine/neochunkio/polygonbuffer.cpp,buggy,cpp,IssueFalse,48506,325,7089,11,8,7,9,7,4,9,7,7,7,7,8,5,8,9,3,9,9,9,6,6,6,7,8,5,6,6,6,6,6,6,6,6,6,6,6,6,9,9,9,8,8,9,10,10,9,9,9,8,8,9,8,5,7,7,5,5,9,9,8,8,8,8
sf,cvs,neoengine,neoengine/neoengine/neochunkio/polygonbuffer.h,clean,cpp,IssueFalse,48506,325,7089,11,2,9,3,5,10,7,10,9,9,10,10,8,9,9,5,9,9,9,10,10,10,10,10,8,7,7,7,9,8,8,9,8,8,9,9,9,9,9,9,8,8,9,4,6,5,9,9,7,5,4,5,2,7,7,5,4,5,4,4,9,8,6
sf,cvs,neoengine,neoengine/neoengine/neochunkio/polygonstrip.cpp,buggy,cpp,IssueFalse,48506,325,7089,11,7,6,8,5,5,9,7,7,7,7,8,5,8,9,3,9,9,9,6,6,6,7,8,5,6,6,6,6,6,6,6,6,6,6,6,6,9,9,9,8,8,9,10,10,8,9,8,7,9,9,7,5,7,7,5,5,8,8,7,8,8,8
sf,cvs,neoengine,neoengine/neoengine/neochunkio/polygonstrip.h,clean,cpp,IssueFalse,48506,325,7089,11,2,9,2,5,10,4,9,9,8,10,10,8,9,9,4,9,9,9,10,9,9,10,10,8,7,7,7,8,8,7,8,8,7,9,8,8,9,9,9,8,8,9,3,4,4,6,6,6,4,2,5,2,7,7,5,4,5,4,4,9,8,6
sf,cvs,neoengine,neoengine/neoengine/neochunkio/quaternion.cpp,buggy,cpp,IssueFalse,48506,325,7089,11,2,5,2,4,9,7,7,7,7,7,8,5,8,9,3,9,9,9,6,6,6,7,8,5,6,6,6,6,6,6,6,6,6,6,6,6,9,9,9,8,8,9,7,7,5,10,8,6,4,2,4,3,7,6,5,4,10,9,8,8,8,7
sf,cvs,neoengine,neoengine/neoengine/neochunkio/scene.cpp,buggy,cpp,IssueFalse,48506,325,7089,11,8,6,9,5,4,9,7,7,7,7,8,5,8,9,3,9,9,9,6,6,6,7,8,5,6,6,6,6,6,6,6,6,6,6,6,6,9,9,9,8,8,9,10,10,9,9,10,7,8,9,7,5,7,7,7,5,9,8,7,7,8,8
sf,cvs,neoengine,neoengine/neoengine/neochunkio/scenenode.cpp,clean,cpp,IssueFalse,48506,325,7089,11,7,8,7,4,6,9,7,7,7,7,8,5,8,9,3,9,9,9,6,6,6,7,8,5,6,6,6,6,6,6,6,6,6,6,6,6,9,9,9,8,8,9,10,10,8,10,10,8,10,9,7,3,7,7,5,4,5,4,4,8,8,6
sf,cvs,neoengine,neoengine/neoengine/neochunkio/skeleton.cpp,clean,cpp,IssueFalse,48506,325,7089,11,6,6,7,4,6,9,7,7,7,7,8,5,8,9,3,9,9,9,6,6,6,7,8,5,6,6,6,6,6,6,6,6,6,6,6,6,9,9,9,8,8,9,10,10,7,9,8,6,9,8,6,2,7,7,5,4,5,4,4,9,8,6
sf,cvs,neoengine,neoengine/neoengine/neochunkio/skin.cpp,clean,cpp,IssueFalse,48506,325,7089,11,4,5,4,3,7,8,7,7,7,7,8,5,8,9,3,9,9,9,6,6,6,7,8,5,6,6,6,6,6,6,6,6,6,6,6,6,9,9,9,8,8,9,9,7,4,10,8,5,9,6,5,2,7,7,5,4,5,4,4,9,8,6
sf,cvs,neoengine,neoengine/neoengine/neochunkio/skinvertexbuffer.cpp,buggy,cpp,IssueFalse,48506,325,7089,11,6,6,7,5,6,9,7,7,7,7,8,5,8,9,3,9,9,9,6,6,6,7,8,5,6,6,6,6,6,6,6,6,6,6,6,6,9,9,9,8,8,9,9,9,8,10,10,9,6,6,6,4,7,8,7,6,10,9,9,9,9,9
sf,cvs,neoengine,neoengine/neoengine/neochunkio/texlayer.cpp,buggy,cpp,IssueFalse,48506,325,7089,11,6,5,7,4,5,10,7,7,7,7,8,5,8,9,3,9,9,9,6,6,6,7,8,5,6,6,6,6,6,6,6,6,6,6,6,6,9,9,9,8,8,9,10,10,7,10,9,7,10,10,7,4,7,9,8,6,5,5,5,7,8,7
sf,cvs,neoengine,neoengine/neoengine/neochunkio/vector3d.cpp,buggy,cpp,IssueFalse,48506,325,7089,11,2,5,3,4,9,7,7,7,7,7,8,5,8,9,3,9,9,9,6,6,6,7,8,5,6,6,6,6,6,6,6,6,6,6,6,6,9,9,9,8,8,9,8,7,5,10,8,7,4,2,4,3,7,6,5,4,10,8,8,8,8,7
sf,cvs,neoengine,neoengine/neoengine/neochunkio/vertexbuffer.cpp,buggy,cpp,IssueFalse,48506,325,7089,11,10,7,10,7,3,10,7,7,7,7,8,5,8,9,3,9,9,9,6,6,6,7,8,5,6,6,6,6,6,6,6,6,6,6,6,6,9,9,9,8,8,9,10,10,10,9,9,8,9,10,9,7,9,8,8,7,10,9,9,8,8,9
sf,cvs,neoengine,neoengine/neoengine/neochunkio/vertexbuffer.h,clean,cpp,IssueFalse,48506,325,7089,11,2,9,3,5,10,7,10,10,10,10,10,8,9,9,4,9,9,9,10,10,9,10,10,8,7,7,7,9,8,8,9,8,8,9,9,9,9,9,9,8,8,9,4,6,5,9,9,7,6,6,6,3,7,6,5,4,6,5,5,8,8,6
sf,cvs,neoengine,neoengine/neoengine/neodevd3d9/Attic/program.cpp,buggy,cpp,IssueFalse,48506,325,7089,11,10,6,10,7,2,9,7,7,7,7,8,5,8,9,3,9,9,9,6,6,6,7,8,5,6,6,6,6,6,6,6,6,6,6,6,6,9,9,9,8,8,9,10,10,10,10,10,10,8,8,8,7,7,10,10,10,10,10,10,8,9,9
sf,cvs,neoengine,neoengine/neoengine/neodevd3d9/Attic/program.h,clean,cpp,IssueFalse,48506,325,7089,11,2,9,3,2,10,4,10,10,9,10,10,9,10,10,8,9,9,9,10,9,9,10,10,9,10,9,9,8,8,8,8,8,8,8,8,8,10,10,10,8,8,9,1,2,2,2,2,3,3,2,3,6,7,9,9,8,9,8,8,8,8,8
sf,cvs,neoengine,neoengine/neoengine/neodevd3d9/__unimplemented.cpp,clean,cpp,IssueFalse,48506,325,7089,11,1,5,1,3,10,4,7,7,7,7,8,5,8,9,3,9,9,9,6,6,6,7,8,5,6,6,6,6,6,6,6,6,6,6,6,6,9,9,9,8,8,9,3,4,3,2,2,3,4,2,4,3,7,10,9,7,7,6,6,2,1,1
sf,cvs,neoengine,neoengine/neoengine/neodevd3d9/avltree.h,clean,cpp,IssueFalse,48506,325,7089,11,10,10,10,9,5,9,7,7,7,7,8,5,8,9,3,9,9,9,6,6,6,7,8,5,6,6,6,6,6,6,6,6,6,6,6,6,9,9,9,8,8,9,9,10,10,9,8,10,6,6,9,2,7,7,5,4,5,4,4,9,8,6
sf,cvs,neoengine,neoengine/neoengine/neodevd3d9/begin.cpp,buggy,cpp,IssueFalse,48506,325,7089,11,1,5,2,3,10,4,7,7,7,7,8,5,8,9,3,9,9,9,6,6,6,7,8,5,6,6,6,6,6,6,6,6,6,6,6,6,9,9,9,8,8,9,3,4,3,5,4,4,6,3,4,2,7,7,5,4,5,4,4,9,8,6
sf,cvs,neoengine,neoengine/neoengine/neodevd3d9/buffermanager.cpp,clean,cpp,IssueFalse,48506,325,7089,11,9,7,9,7,3,10,7,7,7,7,8,5,8,9,3,9,9,9,6,6,6,7,8,5,6,6,6,6,6,6,6,6,6,6,6,6,9,9,9,8,8,9,10,10,10,8,9,8,7,8,8,2,7,7,5,4,5,4,4,9,8,6
sf,cvs,neoengine,neoengine/neoengine/neodevd3d9/device.cpp,clean,cpp,IssueFalse,48506,325,7089,11,6,6,6,5,6,7,7,7,7,7,8,5,8,9,3,9,9,9,6,6,6,7,8,5,6,6,6,6,6,6,6,6,6,6,6,6,9,9,9,8,8,9,6,7,5,8,7,6,10,10,8,8,9,7,7,7,7,8,7,5,8,8
sf,cvs,neoengine,neoengine/neoengine/neodevd3d9/device.h,buggy,cpp,IssueFalse,48506,325,7089,11,7,10,8,4,10,4,10,10,10,10,10,9,10,10,10,9,9,9,10,10,10,10,10,9,10,10,10,10,10,10,10,10,10,10,10,10,9,9,9,8,8,9,3,4,3,3,3,4,4,2,4,9,9,8,8,8,8,8,8,5,8,8
sf,cvs,neoengine,neoengine/neoengine/neodevd3d9/end.cpp,clean,cpp,IssueFalse,48506,325,7089,11,4,6,6,4,7,9,7,7,7,7,8,5,8,9,3,9,9,9,6,6,6,7,8,5,6,6,6,6,6,6,6,6,6,6,6,6,9,9,9,8,8,9,9,8,6,8,8,5,8,6,6,2,7,7,5,4,5,4,4,9,8,6
sf,cvs,neoengine,neoengine/neoengine/neodevd3d9/execute.cpp,buggy,cpp,IssueFalse,48506,325,7089,11,9,8,10,3,3,10,7,7,7,7,8,5,8,9,3,9,9,9,6,6,6,7,8,5,6,6,6,6,6,6,6,6,6,6,6,6,9,9,9,8,8,9,10,10,10,10,10,9,10,10,9,9,10,9,9,9,8,8,8,7,8,9
sf,cvs,neoengine,neoengine/neoengine/neodevd3d9/glue.cpp,clean,cpp,IssueFalse,48506,325,7089,11,4,5,4,6,7,7,7,7,7,7,8,5,8,9,3,9,9,9,6,6,6,7,8,5,6,6,6,6,6,6,6,6,6,6,6,6,9,9,9,8,8,9,6,8,6,2,4,4,5,3,5,5,9,5,5,4,5,4,4,6,8,7
sf,cvs,neoengine,neoengine/neoengine/neodevd3d9/initialize.cpp,clean,cpp,IssueFalse,48506,325,7089,11,9,6,10,4,2,9,7,7,7,7,8,5,8,9,3,9,9,9,6,6,6,7,8,5,6,6,6,6,6,6,6,6,6,6,6,6,9,9,9,8,8,9,10,10,10,10,10,9,10,10,9,8,7,9,10,9,8,8,8,7,9,9
sf,cvs,neoengine,neoengine/neoengine/neodevd3d9/light.cpp,buggy,cpp,IssueFalse,48506,325,7089,11,1,5,2,3,10,7,7,7,7,7,8,5,8,9,3,9,9,9,6,6,6,7,8,5,6,6,6,6,6,6,6,6,6,6,6,6,9,9,9,8,8,9,6,6,3,7,5,4,6,3,4,2,7,7,5,4,5,4,4,9,8,6
sf,cvs,neoengine,neoengine/neoengine/neodevd3d9/polygonbuffer.cpp,clean,cpp,IssueFalse,48506,325,7089,11,6,5,7,7,5,9,7,7,7,7,8,5,8,9,3,9,9,9,6,6,6,7,8,5,6,6,6,6,6,6,6,6,6,6,6,6,9,9,9,8,8,9,8,8,8,7,7,7,6,4,6,4,9,5,5,4,8,7,7,8,8,8
sf,cvs,neoengine,neoengine/neoengine/neodevd3d9/polygonstripbuffer.cpp,clean,cpp,IssueFalse,48506,325,7089,11,6,5,7,7,5,9,7,7,7,7,8,5,8,9,3,9,9,9,6,6,6,7,8,5,6,6,6,6,6,6,6,6,6,6,6,6,9,9,9,8,8,9,8,8,8,6,7,7,6,4,6,4,9,5,5,4,8,7,7,8,8,8
sf,cvs,neoengine,neoengine/neoengine/neodevd3d9/render.cpp,buggy,cpp,IssueFalse,48506,325,7089,11,7,6,8,5,5,7,7,7,7,7,8,5,8,9,3,9,9,9,6,6,6,7,8,5,6,6,6,6,6,6,6,6,6,6,6,6,9,9,9,8,8,9,10,10,9,10,10,8,8,7,6,3,7,6,5,4,5,4,4,8,8,6
sf,cvs,neoengine,neoengine/neoengine/neodevd3d9/texture.cpp,buggy,cpp,IssueFalse,48506,325,7089,11,10,6,10,8,2,10,7,7,7,7,8,5,8,9,3,9,9,9,6,6,6,7,8,5,6,6,6,6,6,6,6,6,6,6,6,6,9,9,9,8,8,9,10,10,10,10,10,9,9,10,9,8,7,9,10,8,10,9,9,9,10,10
sf,cvs,neoengine,neoengine/neoengine/neodevd3d9/textureunit.cpp,clean,cpp,IssueFalse,48506,325,7089,11,10,10,10,6,3,8,7,7,7,7,8,5,8,9,3,9,9,9,6,6,6,7,8,5,6,6,6,6,6,6,6,6,6,6,6,6,9,9,9,8,8,9,10,10,10,9,8,8,7,7,7,7,9,8,8,7,9,9,9,6,8,8
sf,cvs,neoengine,neoengine/neoengine/neodevd3d9/textureunit.h,clean,cpp,IssueFalse,48506,325,7089,11,5,9,6,6,9,7,10,10,10,7,8,5,9,9,4,9,9,9,8,8,8,7,8,5,10,10,10,9,8,8,9,8,8,9,9,9,9,9,9,8,8,9,8,7,8,9,8,8,5,3,6,6,7,9,9,8,5,4,4,6,8,7
sf,cvs,neoengine,neoengine/neoengine/neodevd3d9/vertexbuffer.cpp,clean,cpp,IssueFalse,48506,325,7089,11,8,5,9,7,3,10,7,7,7,7,8,5,8,9,3,9,9,9,6,6,6,7,8,5,6,6,6,6,6,6,6,6,6,6,6,6,9,9,9,8,8,9,10,10,9,8,9,8,7,9,7,6,9,8,7,7,7,7,7,10,10,10
sf,cvs,neoengine,neoengine/neoengine/neodevdinput8/device.cpp,clean,cpp,IssueFalse,48506,325,7089,11,10,9,10,9,2,8,7,7,7,7,8,5,8,9,3,9,9,9,6,6,6,7,8,5,6,6,6,6,6,6,6,6,6,6,6,6,9,9,9,8,8,9,10,10,10,10,10,10,8,8,10,9,7,10,10,10,10,10,10,10,10,10
sf,cvs,neoengine,neoengine/neoengine/neodevdinput8/glue.cpp,clean,cpp,IssueFalse,48506,325,7089,11,4,5,4,6,7,7,7,7,7,7,8,5,8,9,3,9,9,9,6,6,6,7,8,5,6,6,6,6,6,6,6,6,6,6,6,6,9,9,9,8,8,9,6,8,6,3,5,5,5,3,5,7,9,5,5,5,5,4,4,10,10,10
sf,cvs,neoengine,neoengine/neoengine/neodevopengl/Attic/program-arb.cpp,buggy,cpp,IssueFalse,48506,325,7089,11,9,5,9,7,3,8,7,7,7,7,8,5,8,9,3,9,9,9,6,6,6,7,8,5,6,6,6,6,6,6,6,6,6,6,6,6,9,9,9,8,8,9,9,10,9,10,10,9,9,8,8,8,9,10,10,10,10,10,10,9,10,10
sf,cvs,neoengine,neoengine/neoengine/neodevopengl/Attic/program-arb.h,clean,cpp,IssueFalse,48506,325,7089,11,2,8,2,2,10,4,8,8,8,10,10,10,10,10,8,9,9,9,9,9,9,10,10,10,8,8,7,8,8,7,8,7,7,8,8,8,9,9,9,8,8,9,1,2,2,2,2,3,3,2,3,2,7,8,6,5,10,8,8,9,8,7
sf,cvs,neoengine,neoengine/neoengine/neodevopengl/Attic/program-ati.cpp,buggy,cpp,IssueFalse,48506,325,7089,11,10,8,10,8,3,10,7,7,7,7,8,5,8,9,3,9,9,9,6,6,6,7,8,5,9,8,8,6,6,6,6,6,6,6,6,7,9,9,9,8,8,9,10,10,10,8,8,8,9,10,9,6,7,6,6,5,8,8,8,3,4,4
sf,cvs,neoengine,neoengine/neoengine/neodevopengl/Attic/program-nv.cpp,clean,cpp,IssueFalse,48506,325,7089,11,4,4,5,6,6,7,7,7,7,7,8,5,8,9,3,9,9,9,6,6,6,7,8,5,6,6,6,6,6,6,6,6,6,6,6,6,9,9,9,8,8,9,6,8,6,5,7,6,7,7,7,2,7,4,4,3,10,8,8,3,3,2
sf,cvs,neoengine,neoengine/neoengine/neodevopengl/Attic/program.cpp,clean,cpp,IssueFalse,48506,325,7089,11,4,5,5,5,7,8,7,7,7,7,8,5,8,9,3,9,9,9,6,6,6,7,8,5,6,6,6,6,6,6,6,6,6,6,6,6,9,9,9,8,8,9,9,9,7,9,7,7,6,4,6,7,7,8,7,7,10,10,10,6,8,8
sf,cvs,neoengine,neoengine/neoengine/neodevopengl/Attic/program.h,clean,cpp,IssueFalse,48506,325,7089,11,2,8,2,2,10,4,7,7,7,10,10,9,10,10,8,10,10,10,7,7,7,10,10,9,8,8,7,7,7,7,7,7,7,8,7,7,9,9,9,8,8,9,1,2,2,2,2,3,3,2,3,5,7,7,6,5,9,9,8,7,8,8
sf,cvs,neoengine,neoengine/neoengine/neodevopengl/begin.cpp,buggy,cpp,IssueFalse,48506,325,7089,11,1,5,2,3,10,7,7,7,7,7,8,5,8,9,3,9,9,9,6,6,6,7,8,5,6,6,6,6,6,6,6,6,6,6,6,6,9,9,9,8,8,9,6,6,3,8,6,4,7,3,4,2,7,7,5,4,5,4,4,9,8,6
sf,cvs,neoengine,neoengine/neoengine/neodevopengl/config.cpp,clean,cpp,IssueFalse,48506,325,7089,11,3,5,4,3,8,7,7,7,7,7,8,5,8,9,3,9,9,9,6,6,6,7,8,5,6,6,6,6,6,6,6,6,6,6,6,6,9,9,9,8,8,9,10,9,7,10,8,6,6,3,4,2,7,7,5,4,5,4,4,9,8,6
sf,cvs,neoengine,neoengine/neoengine/neodevopengl/device.cpp,clean,cpp,IssueFalse,48506,325,7089,11,5,5,4,4,6,4,7,7,7,7,8,5,8,9,3,9,9,9,6,6,6,7,8,5,6,6,6,6,6,6,6,6,6,6,6,6,9,9,9,8,8,9,3,4,3,8,6,5,10,10,8,8,10,6,7,6,7,8,8,5,8,8
sf,cvs,neoengine,neoengine/neoengine/neodevopengl/device.h,buggy,cpp,IssueFalse,48506,325,7089,11,6,10,8,2,10,4,10,10,10,10,10,9,10,10,10,9,9,9,10,10,10,10,10,9,10,10,10,10,10,10,10,10,10,10,10,10,9,9,9,8,8,9,1,2,2,2,2,3,3,2,3,9,10,7,7,8,8,8,9,4,8,8
sf,cvs,neoengine,neoengine/neoengine/neodevopengl/end.cpp,clean,cpp,IssueFalse,48506,325,7089,11,5,6,7,4,7,9,7,7,7,7,8,5,8,9,3,9,9,9,6,6,6,7,8,5,6,6,6,6,6,6,6,6,6,6,6,6,9,9,9,8,8,9,9,8,6,9,7,6,8,6,6,2,7,7,5,4,5,4,4,9,8,6
sf,cvs,neoengine,neoengine/neoengine/neodevopengl/execute.cpp,buggy,cpp,IssueFalse,48506,325,7089,11,9,10,10,3,7,10,7,7,7,7,8,5,8,9,3,9,9,9,6,6,6,7,8,5,6,6,6,6,6,6,6,6,6,6,6,6,9,9,9,8,8,9,10,10,10,10,10,9,10,10,9,9,10,8,9,9,8,9,9,6,8,9
sf,cvs,neoengine,neoengine/neoengine/neodevopengl/extensions.cpp,clean,cpp,IssueFalse,48506,325,7089,11,8,7,9,5,4,7,7,7,7,7,8,5,8,9,3,9,9,9,6,6,6,7,8,5,6,6,6,6,6,6,6,6,6,6,6,6,9,9,9,8,8,9,9,9,6,9,9,7,4,3,5,8,7,10,10,9,8,8,8,7,9,9
sf,cvs,neoengine,neoengine/neoengine/neodevopengl/extensions.h,buggy,cpp,IssueFalse,48506,325,7089,11,7,10,8,7,8,4,8,7,7,7,8,5,9,9,4,9,9,9,6,6,6,7,8,5,7,7,7,8,8,7,8,7,7,8,8,8,9,9,9,8,8,9,3,4,5,6,7,7,4,2,5,10,10,9,10,10,9,10,10,6,8,9
sf,cvs,neoengine,neoengine/neoengine/neodevopengl/framebuffertarget.cpp,clean,cpp,IssueFalse,48506,325,7089,11,3,5,4,5,8,7,7,7,7,7,8,5,8,9,3,9,9,9,6,6,6,7,8,5,6,6,6,6,6,6,6,6,6,6,6,6,9,9,9,8,8,9,6,7,6,6,7,6,6,3,6,5,7,6,5,4,5,4,4,6,8,7
sf,cvs,neoengine,neoengine/neoengine/neodevopengl/framebuffertarget.h,clean,cpp,IssueFalse,48506,325,7089,11,1,8,2,3,10,4,8,8,7,10,10,9,10,10,6,9,9,9,8,7,8,10,10,9,6,6,6,8,8,7,8,7,7,8,8,8,9,9,9,8,8,9,3,4,3,2,2,3,4,2,4,2,7,7,5,4,5,4,4,9,8,6
sf,cvs,neoengine,neoengine/neoengine/neodevopengl/glue.cpp,clean,cpp,IssueFalse,48506,325,7089,11,3,5,3,5,8,4,7,7,7,7,8,5,8,9,3,9,9,9,6,6,6,7,8,5,6,6,6,6,6,6,6,6,6,6,6,6,9,9,9,8,8,9,3,4,4,2,4,4,5,3,5,5,9,5,5,4,5,4,4,6,8,7
sf,cvs,neoengine,neoengine/neoengine/neodevopengl/initialize.cpp,buggy,cpp,IssueFalse,48506,325,7089,11,10,7,10,4,3,9,7,7,7,7,8,5,8,9,3,9,9,9,6,6,6,7,8,5,6,6,6,6,6,6,6,6,6,6,6,6,9,9,9,8,8,9,10,10,9,10,10,8,10,10,10,10,10,9,10,10,10,10,10,7,10,10
sf,cvs,neoengine,neoengine/neoengine/neodevopengl/input.cpp,clean,cpp,IssueFalse,48506,325,7089,11,10,7,10,4,2,10,7,7,7,7,8,5,8,9,3,9,9,9,6,6,6,7,8,5,6,6,6,6,6,6,6,6,6,6,6,6,9,9,9,8,8,9,10,10,10,10,10,9,8,6,6,9,10,10,10,10,9,9,9,10,10,10
sf,cvs,neoengine,neoengine/neoengine/neodevopengl/light.cpp,buggy,cpp,IssueFalse,48506,325,7089,11,1,5,2,3,10,7,7,7,7,7,8,5,8,9,3,9,9,9,6,6,6,7,8,5,6,6,6,6,6,6,6,6,6,6,6,6,9,9,9,8,8,9,6,6,3,7,5,4,6,3,4,2,7,7,5,4,5,4,4,9,8,6
sf,cvs,neoengine,neoengine/neoengine/neodevopengl/open.cpp,clean,cpp,IssueFalse,48506,325,7089,11,5,5,6,5,6,8,7,7,7,7,8,5,8,9,3,9,9,9,6,6,6,7,8,5,6,6,6,6,6,6,6,6,6,6,6,6,9,9,9,8,8,9,9,8,7,10,8,7,9,7,7,9,10,10,10,10,10,10,10,9,10,10
sf,cvs,neoengine,neoengine/neoengine/neodevopengl/pixelbuffer.cpp,clean,cpp,IssueFalse,48506,325,7089,11,8,6,9,8,3,8,7,7,7,7,8,5,8,9,3,9,9,9,6,6,6,7,8,5,6,6,6,6,6,6,6,6,6,6,6,6,9,9,9,8,8,9,9,10,9,8,9,9,8,8,9,9,10,10,10,10,10,9,10,8,9,10
sf,cvs,neoengine,neoengine/neoengine/neodevopengl/pixelbuffertarget.cpp,clean,cpp,IssueFalse,48506,325,7089,11,5,5,5,6,6,9,7,7,7,7,8,5,8,9,3,9,9,9,6,6,6,7,8,5,6,6,6,6,6,6,6,6,6,6,6,6,9,9,9,8,8,9,8,7,7,5,7,6,7,5,7,4,7,7,6,5,5,4,4,7,8,6
sf,cvs,neoengine,neoengine/neoengine/neodevopengl/pixelbuffertarget.h,clean,cpp,IssueFalse,48506,325,7089,11,2,8,2,3,10,4,8,8,8,10,10,9,10,10,6,9,9,9,9,8,8,10,10,9,7,7,7,8,8,7,8,7,7,8,8,8,9,9,9,8,8,9,3,4,3,2,2,3,4,2,4,2,7,7,5,4,5,4,4,9,8,6
sf,cvs,neoengine,neoengine/neoengine/neodevopengl/rcparse/combiners.cpp,buggy,cpp,IssueFalse,48506,325,7089,11,3,4,4,5,8,7,7,7,7,7,8,5,8,9,3,9,9,9,6,6,6,7,8,5,6,6,6,6,6,6,6,6,6,6,6,6,9,9,9,8,8,9,6,7,5,10,9,8,7,4,6,2,7,4,4,3,5,4,4,5,4,3
sf,cvs,neoengine,neoengine/neoengine/neodevopengl/rcparse/general.cpp,clean,cpp,IssueFalse,48506,325,7089,11,9,7,10,9,2,9,7,7,7,7,8,5,8,9,3,9,9,9,6,6,6,7,8,5,6,6,6,6,6,6,6,6,6,6,6,6,9,9,9,8,8,9,9,9,10,10,10,10,7,7,9,2,7,4,4,3,5,4,4,3,3,2
sf,cvs,neoengine,neoengine/neoengine/neodevopengl/rcparse/lexer.cpp,buggy,cpp,IssueFalse,48506,325,7089,11,10,10,10,9,3,10,7,7,7,7,8,5,8,9,3,9,9,9,6,6,6,7,8,5,10,10,10,6,6,6,6,6,6,6,6,6,9,9,9,8,8,9,10,10,10,10,10,10,8,10,10,2,9,4,4,3,5,4,4,2,1,1
sf,cvs,neoengine,neoengine/neoengine/neodevopengl/rcparse/parser.cpp,clean,cpp,IssueFalse,48506,325,7089,11,10,10,10,5,3,9,7,7,7,7,8,5,8,9,3,9,9,9,6,6,6,7,8,5,6,6,6,6,6,6,6,6,6,6,6,6,9,9,9,8,8,9,10,10,10,10,10,9,10,10,8,2,9,8,6,4,10,10,9,5,4,3
sf,cvs,neoengine,neoengine/neoengine/neodevopengl/render.cpp,buggy,cpp,IssueFalse,48506,325,7089,11,8,8,9,5,5,9,7,7,7,7,8,5,8,9,3,9,9,9,6,6,6,7,8,5,6,6,6,6,6,6,6,6,6,6,6,6,9,9,9,8,8,9,10,10,10,10,10,9,8,8,7,4,9,7,6,5,5,4,4,7,8,7
sf,cvs,neoengine,neoengine/neoengine/neodevopengl/renderqueue.cpp,clean,cpp,IssueFalse,48506,325,7089,11,6,6,7,6,5,9,7,7,7,7,8,5,8,9,3,9,9,9,6,6,6,7,8,5,6,6,6,6,6,6,6,6,6,6,6,6,9,9,9,8,8,9,8,8,8,6,7,6,4,3,5,2,7,7,5,4,5,4,4,9,8,6
sf,cvs,neoengine,neoengine/neoengine/neodevopengl/rendertarget.cpp,clean,cpp,IssueFalse,48506,325,7089,11,5,5,6,5,6,8,7,7,7,7,8,5,8,9,3,9,9,9,6,6,6,7,8,5,6,6,6,6,6,6,6,6,6,6,6,6,9,9,9,8,8,9,8,9,7,8,7,7,6,6,6,6,7,7,7,6,6,6,6,6,8,7
sf,cvs,neoengine,neoengine/neoengine/neodevopengl/rendertarget.h,clean,cpp,IssueFalse,48506,325,7089,11,2,9,3,2,10,4,9,9,8,10,10,8,9,9,4,10,10,10,9,8,8,10,10,8,9,9,8,9,8,8,8,8,8,8,8,8,9,9,9,8,8,9,1,2,2,2,2,3,3,2,3,2,7,7,5,4,5,4,4,9,8,6
sf,cvs,neoengine,neoengine/neoengine/neodevopengl/statistics.h,clean,cpp,IssueFalse,48506,325,7089,11,2,8,4,4,10,7,7,7,7,7,8,5,9,9,4,9,9,9,7,7,7,7,8,5,10,9,9,7,7,7,7,7,7,7,7,7,9,9,9,8,8,9,5,6,4,8,7,5,7,4,5,3,7,7,5,4,8,7,6,8,8,6
sf,cvs,neoengine,neoengine/neoengine/neodevopengl/texture.cpp,clean,cpp,IssueFalse,48506,325,7089,11,10,7,10,8,2,10,7,7,7,7,8,5,8,9,3,9,9,9,6,6,6,7,8,5,6,6,6,6,6,6,6,6,6,6,6,6,9,9,9,8,8,9,10,10,10,10,10,10,9,10,9,9,7,9,10,9,9,9,9,8,9,10
sf,cvs,neoengine,neoengine/neoengine/neodevopengl/texture.h,clean,cpp,IssueFalse,48506,325,7089,11,3,9,3,3,10,7,10,9,9,10,10,9,10,10,9,9,9,9,10,9,9,10,10,9,9,8,8,8,8,7,8,7,7,8,7,7,10,9,9,8,8,9,9,7,4,7,5,4,5,2,4,8,7,10,10,9,10,9,9,6,8,8
sf,cvs,neoengine,neoengine/neoengine/neodevopengl/textureunit.cpp,clean,cpp,IssueFalse,48506,325,7089,11,10,10,10,5,3,9,7,7,7,7,8,5,8,9,3,9,9,9,6,6,6,7,8,5,6,6,6,6,6,6,6,6,6,6,6,6,9,9,9,8,8,9,10,10,10,9,7,7,8,7,7,7,7,10,10,9,6,6,6,10,10,10
sf,cvs,neoengine,neoengine/neoengine/neodevopengl/textureunit.h,clean,cpp,IssueFalse,48506,325,7089,11,8,10,8,7,7,9,10,10,10,8,10,8,9,9,7,9,10,10,8,9,9,8,10,8,9,9,10,7,8,8,7,8,8,7,8,9,9,9,9,8,8,9,8,9,8,9,9,8,7,6,7,8,9,10,10,9,9,9,9,7,9,9
sf,cvs,neoengine,neoengine/neoengine/neodevopengl/vertexbuffer-arb.cpp,clean,cpp,IssueFalse,48506,325,7089,11,7,6,7,7,5,8,7,7,7,7,8,5,8,9,3,9,9,9,6,6,6,7,8,5,6,6,6,6,6,6,6,6,6,6,6,6,9,9,9,8,8,9,9,9,8,9,9,8,8,9,8,4,9,7,6,5,5,5,5,8,8,7
sf,cvs,neoengine,neoengine/neoengine/neodevopengl/vertexbuffer-arb.h,clean,cpp,IssueFalse,48506,325,7089,11,2,9,2,2,10,4,9,8,8,10,10,10,10,10,9,9,9,9,7,7,7,10,10,10,8,8,7,8,8,7,8,7,7,8,7,7,9,9,9,9,9,9,1,2,2,2,2,3,3,2,3,3,9,7,6,4,5,4,4,8,8,7
sf,cvs,neoengine,neoengine/neoengine/neodevopengl/vertexbuffer-ati.cpp,clean,cpp,IssueFalse,48506,325,7089,11,6,6,6,5,6,8,7,7,7,7,8,5,8,9,3,9,9,9,6,6,6,7,8,5,6,6,6,6,6,6,6,6,6,6,6,6,9,9,9,8,8,9,9,9,8,7,7,7,7,6,6,6,10,6,6,5,5,4,4,6,8,7
sf,cvs,neoengine,neoengine/neoengine/neodevopengl/vertexbuffer.cpp,clean,cpp,IssueFalse,48506,325,7089,11,4,5,5,5,7,8,7,7,7,7,8,5,8,9,3,9,9,9,6,6,6,7,8,5,6,6,6,6,6,6,6,6,6,6,6,6,9,9,9,8,8,9,8,9,7,9,8,7,7,6,6,6,9,6,7,5,7,7,7,7,8,8
sf,cvs,neoengine,neoengine/neoengine/neodevopengl/vertexbuffer.h,clean,cpp,IssueFalse,48506,325,7089,11,2,8,3,2,10,4,8,8,8,10,10,10,10,10,8,10,10,10,7,7,7,10,10,10,10,9,9,7,7,7,7,7,7,8,7,7,9,9,9,8,8,9,1,2,2,2,2,3,3,2,3,3,9,6,5,4,5,4,4,8,8,7
sf,cvs,neoengine,neoengine/neoengine/neodevopengl/vertexbuffermanager-arb.cpp,buggy,cpp,IssueFalse,48506,325,7089,11,8,8,8,7,5,9,7,7,7,7,8,5,8,9,3,9,9,9,6,6,6,7,8,5,6,6,6,6,6,6,6,6,6,6,6,6,9,9,9,8,8,9,10,10,9,10,10,9,7,8,7,8,9,10,10,9,9,9,9,8,9,9
sf,cvs,neoengine,neoengine/neoengine/neodevopengl/vertexbuffermanager-arb.h,clean,cpp,IssueFalse,48506,325,7089,11,2,9,2,2,10,4,9,9,9,10,10,8,9,9,5,9,9,9,9,8,8,10,10,8,7,7,7,8,8,7,8,7,7,8,8,8,9,9,9,8,8,9,1,2,2,2,2,3,3,2,3,4,9,6,6,5,5,4,4,7,8,7
sf,cvs,neoengine,neoengine/neoengine/neodevopengl/vertexbuffermanager-ati.cpp,clean,cpp,IssueFalse,48506,325,7089,11,8,5,8,6,3,9,7,7,7,7,8,5,8,9,3,9,9,9,6,6,6,7,8,5,6,6,6,6,6,6,6,6,6,6,6,6,9,9,9,8,8,9,10,10,9,10,10,8,7,7,7,5,9,9,9,8,7,7,7,8,9,9
sf,cvs,neoengine,neoengine/neoengine/neodevopengl/vertexbuffermanager-ati.h,clean,cpp,IssueFalse,48506,325,7089,11,1,9,2,2,10,4,9,9,9,10,10,8,9,9,5,9,9,9,9,8,8,10,10,8,6,6,6,7,7,7,7,7,7,8,8,8,9,9,9,8,8,9,1,2,2,2,2,3,3,2,3,3,9,6,5,4,5,4,4,8,8,6
sf,cvs,neoengine,neoengine/neoengine/neodevopengl/vertexbuffermanager.cpp,buggy,cpp,IssueFalse,48506,325,7089,11,8,8,8,6,5,9,7,7,7,7,8,5,8,9,3,9,9,9,6,6,6,7,8,5,6,6,6,6,6,6,6,6,6,6,6,6,9,9,9,8,8,9,10,10,9,10,10,8,8,8,8,6,9,10,10,9,8,8,8,8,8,8
sf,cvs,neoengine,neoengine/neoengine/neodevopengl/vertexbuffermanager.h,clean,cpp,IssueFalse,48506,325,7089,11,2,9,3,4,10,4,9,9,9,7,8,5,9,9,4,10,10,10,9,8,8,7,8,5,10,9,9,8,8,8,8,8,7,9,8,8,9,9,9,8,8,9,3,4,3,2,3,3,3,2,4,4,9,7,7,5,5,4,4,7,8,7
sf,cvs,neoengine,neoengine/neoengine/neoengine/Attic/program.cpp,buggy,cpp,IssueFalse,48506,325,7089,11,9,6,10,8,3,10,7,7,7,7,8,5,8,9,3,9,9,9,6,6,6,7,8,5,6,6,6,6,6,6,6,6,6,6,6,6,9,9,9,8,8,9,10,10,10,9,9,9,7,9,8,7,7,10,10,10,7,7,7,7,9,9
sf,cvs,neoengine,neoengine/neoengine/neoengine/Attic/program.h,buggy,cpp,IssueFalse,48506,325,7089,11,7,10,7,6,9,4,9,10,9,8,10,8,9,10,7,10,10,10,9,9,9,8,10,8,10,10,10,7,9,9,8,9,9,8,9,9,10,10,10,8,8,9,4,6,5,5,6,6,4,2,5,8,7,9,9,9,6,6,7,6,9,9
sf,cvs,neoengine,neoengine/neoengine/neoengine/Attic/roompartitionnode.cpp,clean,cpp,IssueFalse,48506,325,7089,11,2,5,3,3,9,9,7,7,7,7,8,5,8,9,3,9,9,9,6,6,6,7,8,5,6,6,6,6,6,6,6,6,6,6,6,6,9,9,9,8,8,9,9,7,4,5,4,4,8,4,5,2,7,7,5,4,5,4,4,9,8,6
sf,cvs,neoengine,neoengine/neoengine/neoengine/Attic/roompartitionnode.h,clean,cpp,IssueFalse,48506,325,7089,11,2,8,2,2,10,4,7,7,7,7,8,5,9,9,4,10,10,10,7,7,7,7,8,5,8,8,7,7,7,7,7,7,7,8,7,7,9,9,9,8,8,9,1,2,2,2,2,3,3,2,3,2,7,7,5,4,5,4,4,9,8,6
sf,cvs,neoengine,neoengine/neoengine/neoengine/Attic/script.cpp,buggy,cpp,IssueFalse,48506,325,7089,11,6,5,6,9,5,7,7,7,7,7,8,5,8,9,3,9,9,9,6,6,6,7,8,5,6,6,6,6,6,6,6,6,6,6,6,6,9,9,9,8,8,9,4,7,8,2,5,4,5,4,7,6,9,9,8,8,5,4,4,7,8,8
sf,cvs,neoengine,neoengine/neoengine/neoengine/Attic/script.h,buggy,cpp,IssueFalse,48506,325,7089,11,3,9,4,2,10,4,8,8,8,8,10,8,9,10,7,9,9,9,8,8,9,8,10,8,8,9,9,8,9,9,8,8,9,9,9,9,9,9,9,8,8,9,1,2,2,2,2,3,3,2,3,6,9,10,9,9,6,6,6,8,9,8
sf,cvs,neoengine,neoengine/neoengine/neoengine/aabb.cpp,clean,cpp,IssueFalse,48506,325,7089,11,10,9,10,9,3,9,7,7,7,7,8,5,8,9,3,9,9,9,6,6,6,7,8,5,6,6,6,6,6,6,6,6,6,6,6,6,9,9,9,8,8,9,9,10,10,9,9,10,7,7,10,7,7,8,9,8,10,10,10,7,8,9
sf,cvs,neoengine,neoengine/neoengine/neoengine/animatednode.cpp,clean,cpp,IssueFalse,48506,325,7089,11,3,5,3,6,8,4,7,7,7,7,8,5,8,9,3,9,9,9,6,6,6,7,8,5,6,6,6,6,6,6,6,6,6,6,6,6,9,9,9,8,8,9,3,4,5,6,8,6,5,4,5,3,7,6,5,4,6,5,5,8,8,6
sf,cvs,neoengine,neoengine/neoengine/neoengine/animatedsubmesh.cpp,clean,cpp,IssueFalse,48506,325,7089,11,4,5,4,7,7,7,7,7,7,7,8,5,8,9,3,9,9,9,6,6,6,7,8,5,6,6,6,6,6,6,6,6,6,6,6,6,9,9,9,8,8,9,4,7,6,3,5,5,5,4,6,3,7,6,5,4,5,4,4,8,8,6
sf,cvs,neoengine,neoengine/neoengine/neoengine/animation_inl.h,clean,cpp,IssueFalse,48506,325,7089,11,6,5,6,6,5,8,7,7,7,7,8,5,8,9,3,9,9,9,6,6,6,7,8,5,6,6,6,6,6,6,6,6,6,6,6,6,9,9,9,8,8,9,8,9,8,6,8,7,6,4,6,2,7,7,5,4,5,4,4,9,8,6
sf,cvs,neoengine,neoengine/neoengine/neoengine/animator.h,buggy,cpp,IssueFalse,48506,325,7089,11,7,9,8,8,8,8,7,7,7,7,8,5,8,9,3,9,9,9,6,6,6,7,8,5,6,6,6,6,6,6,6,6,6,6,6,6,9,9,9,8,8,9,7,8,8,7,7,8,7,6,8,2,7,7,5,4,5,4,4,9,8,6
sf,cvs,neoengine,neoengine/neoengine/neoengine/base.cpp,clean,cpp,IssueFalse,48506,325,7089,11,1,5,1,2,10,4,7,7,7,7,8,5,8,9,3,9,9,9,6,6,6,7,8,5,6,6,6,6,6,6,6,6,6,6,6,6,9,9,9,8,8,9,1,2,2,2,2,3,3,2,3,3,7,8,6,5,7,6,6,8,8,6
sf,cvs,neoengine,neoengine/neoengine/neoengine/base.h,buggy,cpp,IssueFalse,48506,325,7089,11,1,8,1,2,1,4,7,7,7,7,8,5,8,9,3,9,9,9,6,6,6,7,8,5,6,6,6,6,6,6,6,6,6,6,6,6,9,9,9,8,8,9,1,2,2,2,2,3,3,2,3,9,10,8,9,8,7,8,8,5,8,9
sf,cvs,neoengine,neoengine/neoengine/neoengine/bitparser.cpp,clean,cpp,IssueFalse,48506,325,7089,11,6,6,6,6,6,7,7,7,7,7,8,5,8,9,3,9,9,9,6,6,6,7,8,5,6,6,6,6,6,6,6,6,6,6,6,6,9,9,9,8,8,9,6,7,6,3,4,4,3,2,4,2,7,8,6,4,5,4,4,9,8,6
sf,cvs,neoengine,neoengine/neoengine/neoengine/bone.cpp,clean,cpp,IssueFalse,48506,325,7089,11,2,5,2,5,9,4,7,7,7,7,8,5,8,9,3,9,9,9,6,6,6,7,8,5,6,6,6,6,6,6,6,6,6,6,6,6,9,9,9,8,8,9,3,4,4,4,5,5,4,2,4,3,7,7,5,4,7,6,6,8,8,7
sf,cvs,neoengine,neoengine/neoengine/neoengine/buffer.h,clean,cpp,IssueFalse,48506,325,7089,11,6,10,6,7,9,8,8,8,8,10,10,8,10,10,6,10,10,10,7,7,7,10,10,8,10,9,9,9,8,8,9,9,8,9,9,9,10,10,10,8,8,9,5,7,7,8,8,8,5,3,6,2,7,7,5,4,7,5,5,9,8,6
sf,cvs,neoengine,neoengine/neoengine/neoengine/camera.cpp,clean,cpp,IssueFalse,48506,325,7089,11,8,7,9,5,4,7,7,7,7,7,8,5,8,9,3,9,9,9,6,6,6,7,8,5,6,6,6,6,6,6,6,6,6,6,6,6,9,9,9,8,8,9,9,9,7,10,10,9,9,9,8,2,7,7,5,4,5,4,4,9,8,6
sf,cvs,neoengine,neoengine/neoengine/neoengine/camera.h,clean,cpp,IssueFalse,48506,325,7089,11,2,9,4,6,10,4,9,8,8,10,10,9,10,10,9,9,9,9,9,9,9,10,10,9,7,7,7,9,9,9,9,9,9,9,9,9,9,9,9,8,8,9,3,4,5,6,8,6,4,2,5,3,7,9,9,7,8,7,6,9,8,8
sf,cvs,neoengine,neoengine/neoengine/neoengine/capsule.cpp,clean,cpp,IssueFalse,48506,325,7089,11,6,5,6,9,5,4,7,7,7,7,8,5,8,9,3,9,9,9,6,6,6,7,8,5,6,6,6,6,6,6,6,6,6,6,6,6,9,9,9,8,8,9,6,6,9,2,5,5,4,2,7,5,7,7,7,5,5,4,4,7,8,7
sf,cvs,neoengine,neoengine/neoengine/neoengine/collision.cpp,clean,cpp,IssueFalse,48506,325,7089,11,10,10,10,10,3,10,7,7,7,7,8,5,8,9,3,9,9,9,6,6,6,7,8,5,6,6,6,6,6,6,6,6,6,6,6,6,9,9,9,8,8,9,10,10,10,10,10,10,8,9,10,8,9,10,10,10,9,9,9,9,10,10
sf,cvs,neoengine,neoengine/neoengine/neoengine/color.cpp,buggy,cpp,IssueFalse,48506,325,7089,11,1,5,2,2,10,4,7,7,7,7,8,5,8,9,3,9,9,9,6,6,6,7,8,5,6,6,6,6,6,6,6,6,6,6,6,6,9,9,9,8,8,9,1,2,2,2,2,3,3,2,3,5,9,7,7,5,5,4,4,6,8,7
sf,cvs,neoengine,neoengine/neoengine/neoengine/color.h,buggy,cpp,IssueFalse,48506,325,7089,11,5,10,8,10,10,4,8,8,9,7,8,5,9,10,8,9,9,9,6,6,7,7,8,5,8,9,9,9,9,9,9,9,9,9,9,10,9,9,9,8,8,9,3,4,9,8,9,10,5,4,9,6,7,8,8,6,7,7,7,6,8,7
sf,cvs,neoengine,neoengine/neoengine/neoengine/config.cpp,clean,cpp,IssueFalse,48506,325,7089,11,9,6,10,9,2,9,7,7,7,7,8,5,8,9,3,9,9,9,6,6,6,7,8,5,6,6,6,6,6,6,6,6,6,6,6,6,9,9,9,8,8,9,9,9,10,6,7,9,7,7,9,5,7,9,9,7,8,7,7,7,8,7
sf,cvs,neoengine,neoengine/neoengine/neoengine/console.cpp,clean,cpp,IssueFalse,48506,325,7089,11,9,6,10,9,2,10,7,7,7,7,8,5,8,9,3,9,9,9,6,6,6,7,8,5,6,6,6,6,6,6,6,6,6,6,6,6,9,9,9,8,8,9,8,10,10,10,10,10,9,10,10,8,7,6,7,6,7,8,7,5,8,8
sf,cvs,neoengine,neoengine/neoengine/neoengine/console.h,clean,cpp,IssueFalse,48506,325,7089,11,5,10,6,4,10,4,9,9,9,10,10,9,10,10,8,9,9,9,10,10,10,10,10,9,10,10,10,9,9,9,9,9,9,9,10,9,9,9,9,8,8,9,3,4,3,7,6,5,5,3,4,5,7,9,8,7,8,7,7,6,8,6
sf,cvs,neoengine,neoengine/neoengine/neoengine/core.cpp,buggy,cpp,IssueFalse,48506,325,7089,11,9,8,10,7,3,10,7,7,7,7,8,5,8,9,3,9,9,9,6,6,6,7,8,5,7,7,7,6,6,6,6,6,6,6,6,7,9,9,9,8,8,9,10,10,9,10,10,10,10,10,10,8,9,10,10,10,10,10,10,4,8,8
sf,cvs,neoengine,neoengine/neoengine/neoengine/core.h,buggy,cpp,IssueFalse,48506,325,7089,11,6,10,8,8,10,4,10,10,9,7,8,5,10,10,7,9,9,9,10,10,10,7,8,5,10,10,10,10,10,9,10,9,9,10,10,10,9,9,9,8,8,9,3,4,7,10,10,10,4,2,6,9,9,8,9,8,5,6,6,7,9,9
sf,cvs,neoengine,neoengine/neoengine/neoengine/directory.cpp,buggy,cpp,IssueFalse,48506,325,7089,11,9,7,10,8,3,10,7,7,7,7,8,5,8,9,3,9,9,9,6,6,6,7,8,5,6,6,6,6,6,6,6,6,6,6,6,6,9,9,9,8,8,9,10,9,10,9,9,10,9,8,10,6,7,10,10,9,7,7,7,8,9,9
sf,cvs,neoengine,neoengine/neoengine/neoengine/directory.h,clean,cpp,IssueFalse,48506,325,7089,11,4,10,5,5,10,4,9,10,9,7,8,5,9,10,6,10,10,10,9,9,9,7,8,5,9,9,9,8,9,9,8,9,9,9,9,9,9,9,9,8,8,9,3,4,4,6,6,6,4,2,4,4,7,9,8,7,5,4,4,8,8,7
sf,cvs,neoengine,neoengine/neoengine/neoengine/dll.c,clean,cpp,IssueFalse,48506,325,7089,11,1,5,1,4,10,4,7,7,7,7,8,5,8,9,3,9,9,9,6,6,6,7,8,5,6,6,6,6,6,6,6,6,6,6,6,6,9,9,9,8,8,9,3,4,3,2,2,3,3,2,3,4,7,9,9,7,5,4,4,7,8,6
sf,cvs,neoengine,neoengine/neoengine/neoengine/file.cpp,buggy,cpp,IssueFalse,48506,325,7089,11,10,6,10,10,1,9,7,7,7,7,8,5,8,9,3,9,9,9,6,6,6,7,8,5,6,6,6,6,6,6,6,6,6,6,6,6,9,9,9,8,8,9,7,9,10,9,10,10,6,7,10,9,10,10,10,10,10,10,10,9,10,10
sf,cvs,neoengine,neoengine/neoengine/neoengine/file.h,buggy,cpp,IssueFalse,48506,325,7089,11,8,10,9,9,10,7,10,10,10,10,10,10,10,10,10,10,10,10,9,9,10,10,10,10,9,9,10,10,10,10,10,10,10,10,10,10,10,10,10,8,8,9,4,6,8,10,10,10,4,2,7,8,10,10,10,10,10,10,10,10,10,10
sf,cvs,neoengine,neoengine/neoengine/neoengine/filecodec.cpp,clean,cpp,IssueFalse,48506,325,7089,11,1,5,1,4,10,4,7,7,7,7,8,5,8,9,3,9,9,9,6,6,6,7,8,5,6,6,6,6,6,6,6,6,6,6,6,6,9,9,9,8,8,9,3,4,3,2,3,3,6,3,5,2,7,7,5,4,5,4,4,9,8,6
sf,cvs,neoengine,neoengine/neoengine/neoengine/filecodec.h,clean,cpp,IssueFalse,48506,325,7089,11,1,8,2,2,10,4,7,7,7,10,10,8,9,9,4,9,9,9,7,7,7,10,10,8,8,8,7,7,7,7,7,7,7,7,7,7,9,9,9,8,8,9,1,2,2,2,2,3,3,2,3,2,7,7,5,4,5,4,4,9,8,6
sf,cvs,neoengine,neoengine/neoengine/neoengine/filemanager.cpp,buggy,cpp,IssueFalse,48506,325,7089,11,8,7,9,7,4,10,7,7,7,7,8,5,8,9,3,9,9,9,6,6,6,7,8,5,6,6,6,6,6,6,6,6,6,6,6,6,9,9,9,8,8,9,9,10,9,7,7,8,8,9,9,7,7,10,10,9,9,8,9,8,8,9
sf,cvs,neoengine,neoengine/neoengine/neoengine/filemanager.h,clean,cpp,IssueFalse,48506,325,7089,11,3,9,3,3,10,4,9,9,9,7,8,5,9,9,5,9,9,9,9,9,9,7,8,5,8,8,7,9,9,8,9,9,8,9,9,9,9,9,9,8,8,9,3,4,3,3,3,3,4,2,4,6,7,8,7,6,9,8,8,6,8,7
sf,cvs,neoengine,neoengine/neoengine/neoengine/filetype.h,buggy,cpp,IssueFalse,48506,325,7089,11,2,8,2,2,10,4,7,7,7,7,8,5,9,9,4,10,10,10,7,7,7,7,8,5,8,8,7,8,8,7,8,7,7,8,8,8,9,9,9,8,8,9,1,2,2,2,2,3,3,2,3,2,7,7,5,4,5,4,4,9,8,6
sf,cvs,neoengine,neoengine/neoengine/neoengine/font.cpp,buggy,cpp,IssueFalse,48506,325,7089,11,10,9,10,9,2,10,7,7,7,7,8,5,8,9,3,9,9,9,6,6,6,7,8,5,6,6,6,6,6,6,6,6,6,6,6,6,9,9,9,8,8,9,9,10,10,9,10,10,8,10,10,6,7,7,6,6,9,9,8,7,8,8
sf,cvs,neoengine,neoengine/neoengine/neoengine/font.h,buggy,cpp,IssueFalse,48506,325,7089,11,6,10,7,5,10,4,9,10,10,8,10,8,10,10,9,9,9,9,9,9,10,8,10,8,10,10,10,9,10,10,9,10,10,9,10,10,10,10,10,8,8,9,3,4,4,4,4,5,4,2,5,4,9,6,6,5,5,5,5,7,8,6
sf,cvs,neoengine,neoengine/neoengine/neoengine/frustum.cpp,clean,cpp,IssueFalse,48506,325,7089,11,3,5,3,6,8,8,7,7,7,7,8,5,8,9,3,9,9,9,6,6,6,7,8,5,6,6,6,6,6,6,6,6,6,6,6,6,9,9,9,8,8,9,6,7,6,2,3,3,5,2,5,2,7,7,5,4,5,4,4,9,8,6
sf,cvs,neoengine,neoengine/neoengine/neoengine/hashstring.cpp,clean,cpp,IssueFalse,48506,325,7089,11,1,5,2,3,10,4,7,7,7,7,8,5,8,9,3,9,9,9,6,6,6,7,8,5,6,6,6,6,6,6,6,6,6,6,6,6,9,9,9,8,8,9,3,4,3,7,5,4,4,2,4,2,7,7,5,4,5,4,4,9,8,6
sf,cvs,neoengine,neoengine/neoengine/neoengine/hashtable.h,clean,cpp,IssueFalse,48506,325,7089,11,4,10,4,2,10,4,7,7,7,7,8,5,8,9,3,9,9,9,6,6,6,7,8,5,6,6,6,6,6,6,6,6,6,6,6,6,9,9,9,8,8,9,1,2,2,2,2,3,3,2,3,5,7,8,8,7,10,10,10,9,9,9
sf,cvs,neoengine,neoengine/neoengine/neoengine/input.cpp,clean,cpp,IssueFalse,48506,325,7089,11,9,6,10,9,2,10,7,7,7,7,8,5,8,9,3,9,9,9,6,6,6,7,8,5,6,6,6,6,6,6,6,6,6,6,6,6,9,9,9,8,8,9,9,9,10,5,9,9,6,6,9,9,10,9,10,9,7,7,8,9,10,10
sf,cvs,neoengine,neoengine/neoengine/neoengine/inputentity.h,buggy,cpp,IssueFalse,48506,325,7089,11,2,9,2,2,10,4,8,7,7,10,10,8,9,9,4,10,10,10,7,7,7,10,10,8,7,7,7,7,7,7,7,7,7,8,7,7,9,9,9,8,8,9,1,2,2,2,2,3,3,2,3,2,7,7,5,4,5,4,4,9,8,6
sf,cvs,neoengine,neoengine/neoengine/neoengine/light.cpp,buggy,cpp,IssueFalse,48506,325,7089,11,3,5,4,5,8,7,7,7,7,7,8,5,8,9,3,9,9,9,6,6,6,7,8,5,6,6,6,6,6,6,6,6,6,6,6,6,9,9,9,8,8,9,6,6,5,10,9,8,8,8,7,2,7,7,5,4,5,4,4,9,8,6
sf,cvs,neoengine,neoengine/neoengine/neoengine/light.h,buggy,cpp,IssueFalse,48506,325,7089,11,4,9,4,4,10,4,8,8,7,10,10,9,10,10,7,9,9,9,9,8,8,10,10,9,10,10,9,9,8,8,8,8,8,8,8,8,9,9,9,8,8,9,3,4,3,8,7,6,4,2,4,3,7,6,5,4,7,6,6,9,8,7
sf,cvs,neoengine,neoengine/neoengine/neoengine/loadableentity.cpp,clean,cpp,IssueFalse,48506,325,7089,11,4,5,5,6,7,7,7,7,7,7,8,5,8,9,3,9,9,9,6,6,6,7,8,5,6,6,6,6,6,6,6,6,6,6,6,6,9,9,9,8,8,9,8,8,7,5,6,6,6,5,6,4,7,9,9,7,5,4,4,7,8,7
sf,cvs,neoengine,neoengine/neoengine/neoengine/logstream.h,clean,cpp,IssueFalse,48506,325,7089,11,7,10,7,5,10,4,7,7,7,8,10,10,9,9,9,10,10,10,6,7,9,8,10,10,7,9,10,7,8,10,7,8,10,7,9,10,9,9,9,8,8,9,3,4,4,10,10,10,4,2,5,6,9,10,10,9,9,8,8,7,8,8
sf,cvs,neoengine,neoengine/neoengine/neoengine/massparticle.cpp,clean,cpp,IssueFalse,48506,325,7089,11,6,5,6,8,5,8,7,7,7,7,8,5,8,9,3,9,9,9,6,6,6,7,8,5,6,6,6,6,6,6,6,6,6,6,6,6,9,9,9,8,8,9,4,7,7,3,6,6,4,4,6,2,7,9,7,5,5,4,4,8,6,5
sf,cvs,neoengine,neoengine/neoengine/neoengine/material.cpp,buggy,cpp,IssueFalse,48506,325,7089,11,10,5,10,9,2,8,7,7,7,7,8,5,8,9,3,9,9,9,6,6,6,7,8,5,6,6,6,6,6,6,6,6,6,6,6,6,9,9,9,8,8,9,9,9,10,7,9,9,7,9,9,6,7,8,9,7,8,8,8,8,9,9
sf,cvs,neoengine,neoengine/neoengine/neoengine/material.h,buggy,cpp,IssueFalse,48506,325,7089,11,9,10,8,9,9,7,9,9,10,8,10,8,9,10,9,9,10,10,8,8,10,8,10,8,9,10,10,8,8,9,8,8,10,9,9,10,9,9,9,8,8,9,3,6,8,7,8,9,6,7,8,8,7,10,10,9,9,9,9,9,10,10
sf,cvs,neoengine,neoengine/neoengine/neoengine/mesh.cpp,buggy,cpp,IssueFalse,48506,325,7089,11,9,6,10,9,2,10,7,7,7,7,8,5,8,9,3,9,9,9,6,6,6,7,8,5,6,6,6,6,6,6,6,6,6,6,6,6,9,9,9,8,8,9,9,10,10,9,10,10,9,10,10,7,7,10,10,10,9,9,9,9,9,10
sf,cvs,neoengine,neoengine/neoengine/neoengine/mesh.h,clean,cpp,IssueFalse,48506,325,7089,11,5,10,6,5,10,4,9,10,9,10,10,10,10,10,9,9,9,9,10,10,10,10,10,10,9,9,9,9,9,9,9,9,9,9,9,9,9,9,9,8,8,9,3,4,4,4,5,5,4,2,4,8,7,8,8,8,8,8,8,6,8,8
sf,cvs,neoengine,neoengine/neoengine/neoengine/module.cpp,clean,cpp,IssueFalse,48506,325,7089,11,9,7,9,9,3,9,7,7,7,7,8,5,8,9,3,9,9,9,6,6,6,7,8,5,6,6,6,6,6,6,6,6,6,6,6,6,9,9,9,8,8,9,8,9,10,4,6,8,7,7,9,4,7,9,8,7,7,6,6,8,8,7
sf,cvs,neoengine,neoengine/neoengine/neoengine/mutex.cpp,clean,cpp,IssueFalse,48506,325,7089,11,5,6,5,7,7,7,7,7,7,7,8,5,8,9,3,9,9,9,6,6,6,7,8,5,6,6,6,6,6,6,6,6,6,6,6,6,9,9,9,8,8,9,4,6,6,3,4,5,5,3,6,2,7,7,5,4,5,4,4,9,8,6
sf,cvs,neoengine,neoengine/neoengine/neoengine/nemath.cpp,buggy,cpp,IssueFalse,48506,325,7089,11,7,6,8,7,4,8,7,7,7,7,8,5,8,9,3,9,9,9,6,6,6,7,8,5,6,6,6,6,6,6,6,6,6,6,6,6,9,9,9,8,8,9,7,8,8,8,8,8,6,6,7,5,9,6,5,4,5,4,4,7,8,7
sf,cvs,neoengine,neoengine/neoengine/neoengine/nemath.h,buggy,cpp,IssueFalse,48506,325,7089,11,8,10,9,8,10,7,9,9,10,7,8,5,10,10,10,9,9,9,6,7,8,7,8,5,8,9,10,10,10,10,10,10,10,10,10,10,9,9,9,8,8,9,3,4,5,3,5,5,4,2,5,7,9,9,10,8,5,5,5,8,9,9
sf,cvs,neoengine,neoengine/neoengine/neoengine/nemath_inl.h,buggy,cpp,IssueFalse,48506,325,7089,11,10,5,10,10,1,9,7,7,7,7,8,5,8,9,3,9,9,9,6,6,6,7,8,5,6,6,6,6,6,6,6,6,6,6,6,6,9,9,9,8,8,9,4,8,10,9,10,10,6,6,10,8,10,10,10,9,7,8,8,7,9,9
sf,cvs,neoengine,neoengine/neoengine/neoengine/node.h,clean,cpp,IssueFalse,48506,325,7089,11,3,10,5,9,10,4,8,8,8,7,8,5,9,9,5,9,9,9,7,7,7,7,8,5,9,8,8,9,9,9,9,9,8,10,9,9,9,9,9,8,8,9,3,4,7,6,6,8,5,4,7,4,7,5,5,4,8,7,7,9,9,9
sf,cvs,neoengine,neoengine/neoengine/neoengine/nodeanimator.cpp,clean,cpp,IssueFalse,48506,325,7089,11,1,5,1,3,10,4,7,7,7,7,8,5,8,9,3,9,9,9,6,6,6,7,8,5,6,6,6,6,6,6,6,6,6,6,6,6,9,9,9,8,8,9,3,4,3,3,3,3,4,2,4,2,7,7,5,4,5,4,4,9,8,6
sf,cvs,neoengine,neoengine/neoengine/neoengine/nodeanimator.h,buggy,cpp,IssueFalse,48506,325,7089,11,3,9,3,8,10,4,7,7,8,10,10,10,9,9,7,9,9,9,6,7,7,10,10,10,8,9,9,7,7,8,7,7,8,7,7,9,9,9,9,8,8,9,3,4,6,3,5,5,5,4,6,3,7,6,5,4,5,4,4,8,8,7
sf,cvs,neoengine,neoengine/neoengine/neoengine/obb.cpp,buggy,cpp,IssueFalse,48506,325,7089,11,10,9,10,9,2,10,7,7,7,7,8,5,8,9,3,9,9,9,6,6,6,7,8,5,6,6,6,6,6,6,6,6,6,6,6,6,9,9,9,8,8,9,10,10,10,9,9,10,8,9,10,8,9,9,10,9,9,10,9,9,10,10
sf,cvs,neoengine,neoengine/neoengine/neoengine/package.cpp,clean,cpp,IssueFalse,48506,325,7089,11,7,7,8,6,5,8,7,7,7,7,8,5,8,9,3,9,9,9,6,6,6,7,8,5,6,6,6,6,6,6,6,6,6,6,6,6,9,9,9,8,8,9,8,8,8,9,8,8,9,9,8,5,7,8,8,6,9,8,8,7,8,8
sf,cvs,neoengine,neoengine/neoengine/neoengine/package.h,clean,cpp,IssueFalse,48506,325,7089,11,3,9,3,3,10,4,8,8,8,10,10,9,10,10,8,9,9,9,9,9,9,10,10,9,8,9,9,7,8,8,7,7,7,7,7,8,10,10,10,8,8,9,3,4,3,3,3,3,4,2,4,5,7,7,6,5,10,9,9,9,9,9
sf,cvs,neoengine,neoengine/neoengine/neoengine/particle.cpp,clean,cpp,IssueFalse,48506,325,7089,11,9,7,9,8,3,10,7,7,7,7,8,5,8,9,3,9,9,9,6,6,6,7,8,5,6,6,6,6,6,6,6,6,6,6,6,6,9,9,9,8,8,9,9,10,10,6,7,8,6,8,8,4,7,8,7,5,5,5,5,7,8,7
sf,cvs,neoengine,neoengine/neoengine/neoengine/patch.cpp,clean,cpp,IssueFalse,48506,325,7089,11,10,8,10,9,3,10,7,7,7,7,8,5,8,9,3,9,9,9,6,6,6,7,8,5,6,6,6,6,6,6,6,6,6,6,6,6,9,9,9,8,8,9,9,10,10,8,10,9,7,10,9,2,7,7,5,4,5,4,4,9,8,6
sf,cvs,neoengine,neoengine/neoengine/neoengine/perlin.cpp,clean,cpp,IssueFalse,48506,325,7089,11,9,6,9,9,3,9,7,7,7,7,8,5,8,9,3,9,9,9,6,6,6,7,8,5,6,6,6,6,6,6,6,6,6,6,6,6,9,9,9,8,8,9,5,7,9,7,8,9,5,3,8,2,7,7,5,4,5,4,4,9,8,6
sf,cvs,neoengine,neoengine/neoengine/neoengine/perlinimage.cpp,clean,cpp,IssueFalse,48506,325,7089,11,6,6,7,5,5,10,7,7,7,7,8,5,8,9,3,9,9,9,6,6,6,7,8,5,6,6,6,6,6,6,6,6,6,6,6,6,9,9,9,8,8,9,8,9,7,4,5,5,4,3,5,3,7,6,5,4,5,4,4,8,8,6
sf,cvs,neoengine,neoengine/neoengine/neoengine/physics.cpp,clean,cpp,IssueFalse,48506,325,7089,11,10,7,10,9,2,10,7,7,7,7,8,5,8,9,3,9,9,9,6,6,6,7,8,5,6,6,6,6,6,6,6,6,6,6,6,6,9,9,9,8,8,9,10,10,10,10,10,10,9,10,10,7,9,10,10,10,10,10,10,10,10,10
sf,cvs,neoengine,neoengine/neoengine/neoengine/physics.h,clean,cpp,IssueFalse,48506,325,7089,11,5,10,5,3,10,4,10,9,10,8,10,8,9,9,5,9,9,9,9,9,9,8,10,8,10,10,10,8,8,8,8,8,8,8,8,9,9,9,9,8,8,9,3,4,3,3,3,3,4,2,4,5,7,10,9,8,10,10,10,10,10,10
sf,cvs,neoengine,neoengine/neoengine/neoengine/physicsnode.cpp,clean,cpp,IssueFalse,48506,325,7089,11,4,5,4,7,7,8,7,7,7,7,8,5,8,9,3,9,9,9,6,6,6,7,8,5,6,6,6,6,6,6,6,6,6,6,6,6,9,9,9,8,8,9,4,7,6,3,6,5,6,4,6,2,7,8,6,5,5,4,4,8,6,5
sf,cvs,neoengine,neoengine/neoengine/neoengine/pixelbuffer.cpp,clean,cpp,IssueFalse,48506,325,7089,11,1,5,1,4,10,4,7,7,7,7,8,5,8,9,3,9,9,9,6,6,6,7,8,5,6,6,6,6,6,6,6,6,6,6,6,6,9,9,9,8,8,9,3,4,3,2,3,3,5,3,5,2,7,7,5,4,5,4,4,9,8,6
sf,cvs,neoengine,neoengine/neoengine/neoengine/pixelbuffer.h,clean,cpp,IssueFalse,48506,325,7089,11,2,8,2,3,10,4,7,7,7,7,8,5,9,9,4,9,9,9,7,7,7,7,8,5,9,9,8,7,7,7,7,7,7,8,7,7,10,9,9,8,8,9,3,4,3,3,3,3,4,2,4,4,7,9,8,6,9,8,7,7,8,6
sf,cvs,neoengine,neoengine/neoengine/neoengine/planarreflection.cpp,clean,cpp,IssueFalse,48506,325,7089,11,7,7,8,8,5,7,7,7,7,7,8,5,8,9,3,9,9,9,6,6,6,7,8,5,6,6,6,6,6,6,6,6,6,6,6,6,9,9,9,8,8,9,4,6,7,6,9,8,8,9,9,3,7,6,5,4,5,4,4,8,8,7
sf,cvs,neoengine,neoengine/neoengine/neoengine/pointer.cpp,clean,cpp,IssueFalse,48506,325,7089,11,1,5,1,2,10,4,7,7,7,7,8,5,8,9,3,9,9,9,6,6,6,7,8,5,6,6,6,6,6,6,6,6,6,6,6,6,9,9,9,8,8,9,1,2,2,2,2,3,3,2,3,3,7,6,5,4,10,8,8,8,8,6
sf,cvs,neoengine,neoengine/neoengine/neoengine/pointer_inl.h,clean,cpp,IssueFalse,48506,325,7089,11,7,5,7,10,4,7,7,7,7,7,8,5,8,9,3,9,9,9,6,6,6,7,8,5,6,6,6,6,6,6,6,6,6,6,6,6,9,9,9,8,8,9,4,7,9,3,4,8,4,3,8,6,10,7,7,5,8,7,7,5,8,6
sf,cvs,neoengine,neoengine/neoengine/neoengine/polygon.h,clean,cpp,IssueFalse,48506,325,7089,11,6,10,9,10,10,7,8,8,9,8,10,10,9,10,10,9,9,9,6,7,7,8,10,10,9,10,10,8,9,10,8,9,10,8,9,10,10,10,10,8,8,9,4,6,9,7,10,10,5,6,9,4,7,7,7,5,7,7,6,9,8,9
sf,cvs,neoengine,neoengine/neoengine/neoengine/profile.cpp,clean,cpp,IssueFalse,48506,325,7089,11,8,6,9,9,3,8,7,7,7,7,8,5,8,9,3,9,9,9,6,6,6,7,8,5,6,6,6,6,6,6,6,6,6,6,6,6,9,9,9,8,8,9,7,8,9,7,8,9,7,6,9,2,7,7,5,4,5,4,4,9,8,6
sf,cvs,neoengine,neoengine/neoengine/neoengine/profile.h,clean,cpp,IssueFalse,48506,325,7089,11,3,10,4,2,10,4,9,9,9,8,10,8,9,10,8,10,10,10,9,9,9,8,10,8,9,9,9,8,9,9,8,8,9,9,9,9,9,9,9,8,8,9,1,2,2,2,2,3,3,2,3,3,7,9,8,6,5,4,4,8,8,6
sf,cvs,neoengine,neoengine/neoengine/neoengine/projection.cpp,clean,cpp,IssueFalse,48506,325,7089,11,5,6,5,6,7,4,7,7,7,7,8,5,8,9,3,9,9,9,6,6,6,7,8,5,6,6,6,6,6,6,6,6,6,6,6,6,9,9,9,8,8,9,3,4,5,3,5,5,4,3,5,2,7,7,5,4,5,4,4,9,8,6
sf,cvs,neoengine,neoengine/neoengine/neoengine/radix.cpp,clean,cpp,IssueFalse,48506,325,7089,11,10,10,10,7,5,10,7,7,7,7,8,5,8,9,3,9,9,9,6,6,6,7,8,5,9,8,8,6,6,6,6,6,6,6,6,6,9,9,9,8,8,9,10,10,10,10,9,9,7,7,8,2,7,7,5,4,5,4,4,9,8,6
sf,cvs,neoengine,neoengine/neoengine/neoengine/radix.h,clean,cpp,IssueFalse,48506,325,7089,11,4,10,4,5,10,4,10,10,9,7,8,5,9,9,4,9,9,9,6,6,7,7,8,5,10,10,10,9,9,8,9,8,8,9,8,8,10,10,10,8,8,9,3,4,4,3,3,4,4,2,4,3,7,8,6,5,5,4,4,8,8,7
sf,cvs,neoengine,neoengine/neoengine/neoengine/render.cpp,buggy,cpp,IssueFalse,48506,325,7089,11,8,6,8,9,4,8,7,7,7,7,8,5,8,9,3,9,9,9,6,6,6,7,8,5,6,6,6,6,6,6,6,6,6,6,6,6,9,9,9,8,8,9,6,8,9,10,10,10,7,8,9,8,10,7,8,7,5,5,6,5,8,8
sf,cvs,neoengine,neoengine/neoengine/neoengine/render.h,buggy,cpp,IssueFalse,48506,325,7089,11,8,10,8,9,10,4,9,9,8,10,10,8,10,10,10,10,10,10,10,10,10,10,10,8,10,10,10,10,10,10,10,10,10,10,10,10,10,10,10,8,8,9,3,4,7,9,10,9,4,2,6,9,9,9,9,9,9,9,9,6,8,9
sf,cvs,neoengine,neoengine/neoengine/neoengine/rendercaps.h,clean,cpp,IssueFalse,48506,325,7089,11,4,9,4,7,10,4,8,8,7,7,8,5,9,9,4,9,9,9,6,6,6,7,8,5,7,7,7,8,8,8,8,8,8,9,8,8,9,9,9,8,8,9,3,4,6,5,8,7,4,2,5,5,7,9,9,8,6,6,6,6,8,6
sf,cvs,neoengine,neoengine/neoengine/neoengine/renderprimitive.h,clean,cpp,IssueFalse,48506,325,7089,11,4,9,3,2,9,4,7,7,7,7,8,5,8,9,3,9,9,9,6,6,7,7,8,5,10,10,10,6,6,6,6,6,6,6,6,6,9,9,9,8,8,9,1,2,2,2,2,3,3,2,3,4,7,6,6,5,5,4,4,7,8,7
sf,cvs,neoengine,neoengine/neoengine/neoengine/rigidbody.cpp,clean,cpp,IssueFalse,48506,325,7089,11,8,5,8,9,4,8,7,7,7,7,8,5,8,9,3,9,9,9,6,6,6,7,8,5,6,6,6,6,6,6,6,6,6,6,6,6,9,9,9,8,8,9,5,7,8,9,9,9,6,6,8,2,7,9,7,5,9,6,6,9,7,6
sf,cvs,neoengine,neoengine/neoengine/neoengine/rigidbody.h,clean,cpp,IssueFalse,48506,325,7089,11,5,10,7,8,10,4,9,9,9,8,10,8,10,10,9,9,9,9,8,8,8,8,10,8,10,10,10,10,10,10,9,10,10,9,10,10,9,9,9,8,8,9,3,4,7,6,7,8,5,4,7,3,7,7,7,5,8,7,7,5,4,4
sf,cvs,neoengine,neoengine/neoengine/neoengine/room.cpp,buggy,cpp,IssueFalse,48506,325,7089,11,7,5,8,8,4,8,7,7,7,7,8,5,8,9,3,9,9,9,6,6,6,7,8,5,6,6,6,6,6,6,6,6,6,6,6,6,9,9,9,8,8,9,7,8,9,7,8,8,6,6,8,4,7,9,8,7,5,4,4,7,8,6
sf,cvs,neoengine,neoengine/neoengine/neoengine/room.h,clean,cpp,IssueFalse,48506,325,7089,11,3,10,3,2,10,4,8,8,8,10,10,9,10,10,9,10,10,10,9,8,9,10,10,9,7,7,7,9,9,9,8,9,9,9,9,9,9,9,9,8,8,9,1,2,2,2,2,3,3,2,3,6,7,8,7,6,9,8,8,6,8,7
sf,cvs,neoengine,neoengine/neoengine/neoengine/sceneentity.cpp,buggy,cpp,IssueFalse,48506,325,7089,11,1,6,2,3,10,7,7,7,7,7,8,5,8,9,3,9,9,9,6,6,6,7,8,5,6,6,6,6,6,6,6,6,6,6,6,6,9,9,9,8,8,9,6,6,3,10,8,5,6,3,4,3,7,8,7,5,5,4,4,8,8,6
sf,cvs,neoengine,neoengine/neoengine/neoengine/sceneentity.h,buggy,cpp,IssueFalse,48506,325,7089,11,3,9,4,7,10,4,8,8,8,10,10,8,10,9,6,10,10,10,8,7,8,10,10,8,8,8,7,9,9,9,9,9,8,9,8,8,10,9,9,8,8,9,3,4,6,8,9,8,4,3,5,7,7,8,8,7,6,7,7,5,8,8
sf,cvs,neoengine,neoengine/neoengine/neoengine/scenenode.cpp,buggy,cpp,IssueFalse,48506,325,7089,11,9,7,9,9,3,9,7,7,7,7,8,5,8,9,3,9,9,9,6,6,6,7,8,5,6,6,6,6,6,6,6,6,6,6,6,6,9,9,9,8,8,9,9,9,10,9,9,9,8,8,10,9,7,9,9,9,8,8,8,7,8,9
sf,cvs,neoengine,neoengine/neoengine/neoengine/scenenode.h,buggy,cpp,IssueFalse,48506,325,7089,11,4,10,6,6,10,7,10,10,9,10,10,8,10,10,9,10,10,10,10,9,9,10,10,8,10,9,9,10,10,10,10,10,10,10,10,10,10,10,10,8,8,9,5,7,6,7,7,7,4,3,5,8,7,7,8,7,7,7,7,8,10,9
sf,cvs,neoengine,neoengine/neoengine/neoengine/shadow.cpp,buggy,cpp,IssueFalse,48506,325,7089,11,10,10,10,7,5,10,7,7,7,7,8,5,8,9,3,9,9,9,6,6,6,7,8,5,6,6,6,6,6,6,6,6,6,6,6,6,9,9,9,8,8,9,10,10,10,10,10,10,10,10,10,5,9,6,5,4,5,4,4,8,8,9
sf,cvs,neoengine,neoengine/neoengine/neoengine/shadow.h,clean,cpp,IssueFalse,48506,325,7089,11,5,10,6,4,10,4,9,9,9,10,10,10,9,9,7,10,10,10,10,10,10,10,10,10,10,10,10,7,7,8,6,7,8,7,7,9,9,9,9,8,8,9,3,4,3,5,4,4,4,2,4,2,7,7,5,4,5,4,4,9,8,6
sf,cvs,neoengine,neoengine/neoengine/neoengine/skeleton.cpp,clean,cpp,IssueFalse,48506,325,7089,11,9,5,10,7,3,9,7,7,7,7,8,5,8,9,3,9,9,9,6,6,6,7,8,5,6,6,6,6,6,6,6,6,6,6,6,6,9,9,9,8,8,9,9,10,9,9,9,9,9,10,9,5,7,10,10,8,10,9,8,8,8,9
sf,cvs,neoengine,neoengine/neoengine/neoengine/skeleton.h,buggy,cpp,IssueFalse,48506,325,7089,11,2,9,3,2,10,4,9,9,9,10,10,10,10,10,9,9,9,9,10,9,9,10,10,10,10,9,9,9,8,8,9,8,8,9,9,9,9,9,9,8,8,9,1,2,2,2,2,3,3,2,3,6,7,9,9,8,7,7,6,8,8,8
sf,cvs,neoengine,neoengine/neoengine/neoengine/skeletonanimator.cpp,clean,cpp,IssueFalse,48506,325,7089,11,4,5,4,5,7,7,7,7,7,7,8,5,8,9,3,9,9,9,6,6,6,7,8,5,6,6,6,6,6,6,6,6,6,6,6,6,9,9,9,8,8,9,6,6,6,6,7,6,8,7,7,2,7,7,5,4,5,4,4,9,8,6
sf,cvs,neoengine,neoengine/neoengine/neoengine/skeletonanimator.h,buggy,cpp,IssueFalse,48506,325,7089,11,2,9,3,5,10,4,8,7,8,10,10,9,9,9,6,10,10,10,6,7,7,10,10,9,8,9,9,7,7,8,7,7,7,7,7,8,9,9,9,8,8,9,3,4,4,4,4,4,5,2,5,3,7,6,5,4,5,4,4,8,8,6
sf,cvs,neoengine,neoengine/neoengine/neoengine/skin.cpp,clean,cpp,IssueFalse,48506,325,7089,11,9,7,9,7,3,10,7,7,7,7,8,5,8,9,3,9,9,9,6,6,6,7,8,5,6,6,6,6,6,6,6,6,6,6,6,6,9,9,9,8,8,9,9,10,9,8,10,8,7,9,7,3,7,7,5,4,5,4,4,8,8,6
sf,cvs,neoengine,neoengine/neoengine/neoengine/skybox.cpp,clean,cpp,IssueFalse,48506,325,7089,11,8,6,9,5,4,8,7,7,7,7,8,5,8,9,3,9,9,9,6,6,6,7,8,5,6,6,6,6,6,6,6,6,6,6,6,6,9,9,9,8,8,9,7,8,6,9,9,8,8,7,7,3,7,7,6,5,5,4,4,9,9,9
sf,cvs,neoengine,neoengine/neoengine/neoengine/skybox.h,clean,cpp,IssueFalse,48506,325,7089,11,3,9,2,2,10,4,8,8,8,10,10,9,10,10,7,9,9,9,9,9,9,10,10,9,9,8,8,7,7,7,7,7,7,8,8,8,9,9,9,8,8,9,1,2,2,2,2,3,3,2,3,4,7,8,8,6,5,4,4,7,8,7
sf,cvs,neoengine,neoengine/neoengine/neoengine/skydome.cpp,clean,cpp,IssueFalse,48506,325,7089,11,8,6,9,6,4,9,7,7,7,7,8,5,8,9,3,9,9,9,6,6,6,7,8,5,6,6,6,6,6,6,6,6,6,6,6,6,9,9,9,8,8,9,9,10,8,9,10,8,9,9,8,2,7,7,5,4,5,4,4,9,8,6
sf,cvs,neoengine,neoengine/neoengine/neoengine/skydome.h,clean,cpp,IssueFalse,48506,325,7089,11,3,9,3,2,10,4,9,9,8,10,10,9,10,10,7,9,9,9,9,9,9,10,10,9,9,9,8,8,8,7,8,7,7,8,8,8,9,9,9,8,8,9,1,2,2,2,2,3,3,2,3,4,7,9,7,6,8,7,7,8,8,7
sf,cvs,neoengine,neoengine/neoengine/neoengine/socket.h,clean,cpp,IssueFalse,48506,325,7089,11,3,9,2,4,10,4,7,7,7,7,8,5,9,9,4,10,10,10,6,6,7,7,8,5,6,7,7,7,7,7,7,7,7,7,8,8,9,9,9,8,8,9,3,4,3,8,7,5,4,2,4,2,7,7,5,4,5,4,4,9,8,6
sf,cvs,neoengine,neoengine/neoengine/neoengine/sphere.cpp,clean,cpp,IssueFalse,48506,325,7089,11,10,10,10,9,7,9,7,7,7,7,8,5,8,9,3,9,9,9,6,6,6,7,8,5,6,6,6,6,6,6,6,6,6,6,6,6,9,9,9,8,8,9,8,10,10,7,10,9,7,9,9,8,7,10,10,10,10,10,10,9,10,10
sf,cvs,neoengine,neoengine/neoengine/neoengine/sprite.cpp,clean,cpp,IssueFalse,48506,325,7089,11,6,6,7,5,5,7,7,7,7,7,8,5,8,9,3,9,9,9,6,6,6,7,8,5,6,6,6,6,6,6,6,6,6,6,6,6,9,9,9,8,8,9,8,8,7,10,9,8,9,8,8,3,7,6,5,4,5,4,4,8,8,6
sf,cvs,neoengine,neoengine/neoengine/neoengine/sprite.h,clean,cpp,IssueFalse,48506,325,7089,11,2,9,3,4,10,4,8,8,8,10,10,9,10,10,7,10,10,10,10,9,9,10,10,9,10,9,9,8,8,8,8,8,7,9,8,8,9,9,9,8,8,9,3,4,3,3,3,4,4,2,4,2,7,7,5,4,5,4,4,9,8,6
sf,cvs,neoengine,neoengine/neoengine/neoengine/strutil.cpp,clean,cpp,IssueFalse,48506,325,7089,11,6,5,7,5,5,10,7,7,7,7,8,5,8,9,3,9,9,9,6,6,6,7,8,5,6,6,6,6,6,6,6,6,6,6,6,6,9,9,9,8,8,9,10,9,8,7,6,6,8,6,6,5,7,9,9,7,8,8,7,8,8,9
sf,cvs,neoengine,neoengine/neoengine/neoengine/submesh.cpp,clean,cpp,IssueFalse,48506,325,7089,11,6,5,5,8,5,7,7,7,7,7,8,5,8,9,3,9,9,9,6,6,6,7,8,5,6,6,6,6,6,6,6,6,6,6,6,6,9,9,9,8,8,9,5,8,8,6,9,8,6,8,8,4,7,6,5,4,5,4,4,7,8,7
sf,cvs,neoengine,neoengine/neoengine/neoengine/submesh.h,clean,cpp,IssueFalse,48506,325,7089,11,4,10,5,5,10,7,9,8,8,10,10,8,9,9,5,9,9,9,9,8,8,10,10,8,10,9,9,9,9,9,9,9,8,9,9,9,10,9,9,8,8,9,5,6,5,5,5,5,4,2,5,4,7,8,8,6,8,7,7,7,8,6
sf,cvs,neoengine,neoengine/neoengine/neoengine/submeshanimator.cpp,clean,cpp,IssueFalse,48506,325,7089,11,3,6,5,4,8,7,7,7,7,7,8,5,8,9,3,9,9,9,6,6,6,7,8,5,6,6,6,6,6,6,6,6,6,6,6,6,9,9,9,8,8,9,10,9,6,8,8,6,7,6,5,4,9,6,5,4,10,9,9,7,8,7
sf,cvs,neoengine,neoengine/neoengine/neoengine/submeshanimator.h,clean,cpp,IssueFalse,48506,325,7089,11,2,9,3,7,10,4,8,8,8,10,10,10,9,9,7,9,9,9,6,7,7,10,10,10,6,7,7,7,7,8,6,7,8,7,7,8,9,9,9,8,8,9,3,4,5,3,4,5,4,2,5,3,7,6,5,4,5,4,4,8,8,7
sf,cvs,neoengine,neoengine/neoengine/neoengine/taskmanager.cpp,clean,cpp,IssueFalse,48506,325,7089,11,4,6,4,5,7,8,7,7,7,7,8,5,8,9,3,9,9,9,6,6,6,7,8,5,6,6,6,6,6,6,6,6,6,6,6,6,9,9,9,8,8,9,7,7,6,3,3,4,6,5,6,2,7,7,5,4,5,4,4,9,8,6
sf,cvs,neoengine,neoengine/neoengine/neoengine/tcp.cpp,buggy,cpp,IssueFalse,48506,325,7089,11,8,6,8,8,4,8,7,7,7,10,10,8,8,9,3,9,9,9,9,8,8,10,10,8,6,6,6,6,6,6,6,6,6,6,6,7,9,9,9,8,8,9,8,9,9,7,7,8,8,7,9,2,7,7,5,4,5,4,4,9,8,6
sf,cvs,neoengine,neoengine/neoengine/neoengine/tcp.h,clean,cpp,IssueFalse,48506,325,7089,11,2,9,3,3,10,4,9,9,8,10,10,8,10,10,6,9,9,9,10,9,9,10,10,8,8,8,7,9,9,8,9,8,8,9,9,9,9,9,9,8,8,9,3,4,3,3,3,3,4,2,4,2,7,7,5,4,5,4,4,9,8,6
sf,cvs,neoengine,neoengine/neoengine/neoengine/terrain.cpp,buggy,cpp,IssueFalse,48506,325,7089,11,10,8,10,10,2,9,7,7,7,7,8,5,8,9,3,9,9,9,6,6,6,7,8,5,6,6,6,6,6,6,6,6,6,6,6,6,9,9,9,8,8,9,7,10,10,9,10,10,8,10,10,10,10,10,10,10,10,10,10,8,10,10
sf,cvs,neoengine,neoengine/neoengine/neoengine/terrain.h,buggy,cpp,IssueFalse,48506,325,7089,11,8,10,9,10,8,4,8,9,10,8,10,10,10,10,10,10,10,10,9,10,10,8,10,10,10,10,10,8,9,10,8,9,10,9,9,10,9,9,9,8,8,9,3,4,8,5,8,9,4,3,7,9,10,10,10,10,9,9,9,5,8,9
sf,cvs,neoengine,neoengine/neoengine/neoengine/texmatrixgen.cpp,clean,cpp,IssueFalse,48506,325,7089,11,8,6,9,9,4,7,7,7,7,7,8,5,8,9,3,9,9,9,6,6,6,7,8,5,6,6,6,6,6,6,6,6,6,6,6,6,9,9,9,8,8,9,5,9,8,3,4,6,5,4,7,2,7,7,5,4,5,4,4,9,8,6
sf,cvs,neoengine,neoengine/neoengine/neoengine/texture.cpp,buggy,cpp,IssueFalse,48506,325,7089,11,10,8,10,9,2,10,7,7,7,7,8,5,8,9,3,9,9,9,6,6,6,7,8,5,6,6,6,6,6,6,6,6,6,6,6,6,9,9,9,8,8,9,10,10,10,9,9,10,8,8,10,8,10,10,10,9,8,7,8,6,8,9
sf,cvs,neoengine,neoengine/neoengine/neoengine/texture.h,buggy,cpp,IssueFalse,48506,325,7089,11,8,10,8,9,9,4,9,9,10,8,10,9,9,10,9,10,10,10,9,9,10,8,10,9,10,10,10,9,9,10,8,9,10,9,10,10,9,9,9,8,8,9,4,6,8,7,9,9,5,6,7,7,7,10,10,9,10,9,9,10,10,10
sf,cvs,neoengine,neoengine/neoengine/neoengine/thread.cpp,clean,cpp,IssueFalse,48506,325,7089,11,4,5,5,5,7,7,7,7,7,7,8,5,8,9,3,9,9,9,6,6,6,7,8,5,6,6,6,6,6,6,6,6,6,6,6,6,9,9,9,8,8,9,7,7,6,5,7,6,6,4,6,2,7,7,5,4,5,4,4,9,8,6
sf,cvs,neoengine,neoengine/neoengine/neoengine/timer.cpp,clean,cpp,IssueFalse,48506,325,7089,11,5,5,6,6,6,8,7,7,7,7,8,5,8,9,3,9,9,9,6,6,6,7,8,5,6,6,6,6,6,6,6,6,6,6,6,6,9,9,9,8,8,9,6,8,6,5,6,6,6,4,6,3,7,6,5,4,10,8,8,8,8,6
sf,cvs,neoengine,neoengine/neoengine/neoengine/udp.cpp,buggy,cpp,IssueFalse,48506,325,7089,11,6,6,7,8,5,7,7,7,7,7,8,5,8,9,3,9,9,9,6,6,6,7,8,5,6,6,6,6,6,6,6,6,6,6,6,6,9,9,9,8,8,9,7,7,8,7,7,8,7,7,8,2,7,7,5,4,5,4,4,9,8,6
sf,cvs,neoengine,neoengine/neoengine/neoengine/udp.h,clean,cpp,IssueFalse,48506,325,7089,11,2,9,3,3,10,4,9,8,8,10,10,8,10,10,6,9,9,9,9,9,9,10,10,8,9,8,8,9,9,8,9,9,8,9,9,9,9,9,9,8,8,9,3,4,3,3,3,3,4,2,4,2,7,7,5,4,7,5,5,9,8,6
sf,cvs,neoengine,neoengine/neoengine/neoengine/util.cpp,clean,cpp,IssueFalse,48506,325,7089,11,1,5,1,2,10,4,7,7,7,7,8,5,8,9,3,9,9,9,6,6,6,7,8,5,6,6,6,6,6,6,6,6,6,6,6,6,9,9,9,8,8,9,1,2,2,2,2,3,3,2,3,2,7,7,5,4,5,4,4,9,8,6
sf,cvs,neoengine,neoengine/neoengine/neoengine/vertexbuffer.cpp,buggy,cpp,IssueFalse,48506,325,7089,11,5,5,5,5,6,8,7,7,7,7,8,5,8,9,3,9,9,9,6,6,6,7,8,5,6,6,6,6,6,6,6,6,6,6,6,6,9,9,9,8,8,9,9,9,7,10,10,8,9,7,7,3,7,8,6,5,5,4,4,8,8,7
sf,cvs,neoengine,neoengine/neoengine/neoengine/vertexbuffer.h,clean,cpp,IssueFalse,48506,325,7089,11,3,9,5,7,10,4,9,8,8,10,10,9,10,10,8,10,10,10,6,6,7,10,10,9,10,9,9,9,9,8,9,8,8,9,9,8,10,10,10,8,8,9,3,4,6,8,8,8,4,2,5,4,7,7,7,5,8,7,7,7,8,7
sf,cvs,neoengine,neoengine/neoengine/neoengine/vertexdecl.cpp,buggy,cpp,IssueFalse,48506,325,7089,11,7,6,8,8,5,10,7,7,7,7,8,5,8,9,3,9,9,9,6,6,6,7,8,5,6,6,6,6,6,6,6,6,6,6,6,6,9,9,9,8,8,9,8,8,9,9,9,9,5,4,7,3,7,10,10,8,5,4,4,8,8,6
sf,cvs,neoengine,neoengine/neoengine/neoengine/vertexdecl.h,clean,cpp,IssueFalse,48506,325,7089,11,6,10,6,5,9,9,9,9,9,7,8,5,9,9,6,9,9,9,6,7,7,7,8,5,9,9,9,8,9,9,8,9,9,9,9,9,9,9,9,8,8,9,6,8,6,9,8,8,6,4,6,5,7,10,10,8,5,5,5,7,8,7
sf,cvs,neoengine,neoengine/neoengine/neofcbzip2/bzlib.c,clean,cpp,IssueFalse,48506,325,7089,11,10,10,10,10,3,10,7,7,7,7,8,5,8,9,3,9,9,9,6,6,6,7,8,5,6,6,6,6,6,6,6,6,6,6,6,6,9,9,9,8,8,9,10,10,10,10,10,10,8,10,10,2,9,4,4,3,5,4,4,3,3,2
sf,cvs,neoengine,neoengine/neoengine/neofcbzip2/neofcbzip2.cpp,clean,cpp,IssueFalse,48506,325,7089,11,5,5,6,7,6,7,7,7,7,7,8,5,8,9,3,9,9,9,6,6,6,7,8,5,6,6,6,6,6,6,6,6,6,6,6,6,9,9,9,8,8,9,4,7,6,3,7,5,6,6,6,6,9,6,6,5,6,6,6,10,10,10
sf,cvs,neoengine,neoengine/neoengine/neoicbmp/neoicbmp.cpp,clean,cpp,IssueFalse,48506,325,7089,11,9,7,10,8,3,9,7,7,7,7,8,5,8,9,3,9,9,9,6,6,6,7,8,5,6,6,6,6,6,6,6,6,6,6,6,6,9,9,9,8,8,9,9,10,10,6,8,8,7,9,8,7,9,8,9,7,8,8,8,8,9,9
sf,cvs,neoengine,neoengine/neoengine/neoicbmp/neoicbmp.h,clean,cpp,IssueFalse,48506,325,7089,11,4,7,4,2,9,4,8,9,9,8,10,9,9,10,6,9,9,9,7,9,9,8,10,9,9,9,10,6,7,7,6,7,7,6,8,8,9,9,9,8,8,9,1,2,2,2,2,3,3,2,3,3,7,6,5,4,5,4,4,8,8,6
sf,cvs,neoengine,neoengine/neoengine/neoicjpeg/jmemnobs.c,clean,cpp,IssueFalse,48506,325,7089,11,4,7,3,7,8,4,7,7,7,7,8,5,8,9,3,9,9,9,6,6,6,7,8,5,6,6,6,6,6,6,6,6,6,6,6,6,9,9,9,8,8,9,3,4,6,3,4,5,4,3,6,2,9,4,4,3,5,4,4,3,3,2
sf,cvs,neoengine,neoengine/neoengine/neoicjpeg/neoicjpeg.cpp,clean,cpp,IssueFalse,48506,325,7089,11,8,9,9,9,6,8,7,7,7,7,8,5,8,9,3,9,9,9,6,6,6,7,8,5,6,6,6,6,6,6,6,6,6,6,6,6,9,9,9,8,8,9,5,8,8,4,8,8,7,10,9,7,9,9,10,8,9,9,8,8,10,10
sf,cvs,neoengine,neoengine/neoengine/neoicjpeg/neoicjpeg.h,clean,cpp,IssueFalse,48506,325,7089,11,1,8,1,2,10,4,8,7,7,10,10,9,10,10,6,9,9,9,8,8,8,10,10,9,6,6,6,7,7,7,7,7,7,8,8,8,9,9,9,8,8,9,1,2,2,2,2,3,3,2,3,3,7,6,5,4,6,5,5,8,8,6
sf,cvs,neoengine,neoengine/neoengine/neoicpng/neoicpng.cpp,buggy,cpp,IssueFalse,48506,325,7089,11,8,9,9,8,5,8,7,7,7,7,8,5,8,9,3,9,9,9,6,6,6,7,8,5,6,6,6,6,6,6,6,6,6,6,6,6,9,9,9,8,8,9,8,10,9,4,6,7,8,10,9,7,9,6,6,5,7,7,7,6,8,8
sf,cvs,neoengine,neoengine/neoengine/neoicpng/neoicpng.h,clean,cpp,IssueFalse,48506,325,7089,11,1,8,2,2,10,4,9,9,9,10,10,9,10,10,6,9,9,9,9,8,8,10,10,9,6,6,6,8,8,7,8,7,7,8,8,8,9,9,9,8,8,9,1,2,2,2,2,3,3,2,3,3,7,6,5,4,6,5,5,8,8,6
sf,cvs,neoengine,neoengine/neoengine/neoictga/neoictga.cpp,clean,cpp,IssueFalse,48506,325,7089,11,10,7,10,9,2,10,7,7,7,7,8,5,8,9,3,9,9,9,6,6,6,7,8,5,6,6,6,6,6,6,6,6,6,6,6,6,9,9,9,8,8,9,10,10,10,10,10,10,7,7,9,7,9,7,9,7,9,9,8,7,9,9
sf,cvs,neoengine,neoengine/neoengine/neoictga/neoictga.h,clean,cpp,IssueFalse,48506,325,7089,11,6,10,6,2,9,4,9,10,10,8,10,9,9,10,7,9,9,9,7,8,8,8,10,9,10,10,10,6,8,8,6,8,8,6,8,8,10,10,10,8,8,9,1,2,2,2,2,3,3,2,3,3,7,6,5,4,6,5,5,8,8,6
sf,cvs,neoengine,neoengine/neoengine/neowtk/area.cpp,clean,cpp,IssueFalse,48506,325,7089,11,9,6,9,8,3,9,7,7,7,7,8,5,8,9,3,9,9,9,6,6,6,7,8,5,6,6,6,6,6,6,6,6,6,6,6,6,9,9,9,8,8,9,9,10,9,10,10,10,8,9,9,3,7,6,5,4,5,4,4,8,8,7
sf,cvs,neoengine,neoengine/neoengine/neowtk/area.h,clean,cpp,IssueFalse,48506,325,7089,11,4,10,4,3,10,4,10,9,9,10,10,10,10,10,9,10,10,10,9,9,9,10,10,10,10,9,9,9,9,8,9,9,8,9,9,9,10,10,10,8,8,9,3,4,3,3,3,3,4,2,4,2,7,7,5,4,5,4,4,9,8,6
sf,cvs,neoengine,neoengine/neoengine/neowtk/base.cpp,clean,cpp,IssueFalse,48506,325,7089,11,1,5,2,4,10,4,7,7,7,7,8,5,8,9,3,9,9,9,6,6,6,7,8,5,6,6,6,6,6,6,6,6,6,6,6,6,9,9,9,8,8,9,3,4,3,5,4,4,5,2,4,2,7,7,5,4,5,4,4,9,8,6
sf,cvs,neoengine,neoengine/neoengine/neowtk/base.h,clean,cpp,IssueFalse,48506,325,7089,11,1,6,1,2,10,4,7,7,7,7,8,5,8,9,3,9,9,9,6,6,6,7,8,5,6,6,6,6,6,6,6,6,6,6,6,6,9,9,9,8,8,9,1,2,2,2,2,3,3,2,3,6,10,5,5,4,5,4,4,6,8,7
sf,cvs,neoengine,neoengine/neoengine/neowtk/chunktype.h,clean,cpp,IssueFalse,48506,325,7089,11,2,8,1,2,10,4,7,7,7,7,8,5,8,9,3,9,9,9,6,6,6,7,8,5,6,6,6,6,6,6,6,6,6,6,6,6,9,9,9,8,8,9,1,2,2,2,2,3,3,2,3,3,7,6,5,4,6,5,5,8,8,6
sf,cvs,neoengine,neoengine/neoengine/neowtk/object.cpp,clean,cpp,IssueFalse,48506,325,7089,11,10,8,10,10,2,10,7,7,7,7,8,5,8,9,3,9,9,9,6,6,6,7,8,5,6,6,6,6,6,6,6,6,6,6,6,6,9,9,9,8,8,9,9,10,10,9,9,10,7,9,10,2,7,6,5,3,5,4,4,5,4,3
sf,cvs,neoengine,neoengine/neoengine/neowtk/textarea.cpp,clean,cpp,IssueFalse,48506,325,7089,11,7,5,8,9,4,8,7,7,7,7,8,5,8,9,3,9,9,9,6,6,6,7,8,5,6,6,6,6,6,6,6,6,6,6,6,6,9,9,9,8,8,9,6,9,9,7,8,9,6,6,8,2,7,4,4,3,5,4,4,3,3,2
sf,cvs,neoengine,neoengine/neoengine/neowtk/widgetlib.cpp,clean,cpp,IssueFalse,48506,325,7089,11,1,4,1,2,1,4,7,7,7,7,8,5,8,9,3,9,9,9,6,6,6,7,8,5,6,6,6,6,6,6,6,6,6,6,6,6,9,9,9,8,8,9,1,2,2,2,2,3,3,2,3,3,7,7,7,5,9,8,7,7,6,5
sf,cvs,neoengine,neoengine/neoexporters/3DSMax/exporter.cpp,clean,cpp,IssueFalse,48506,325,7089,11,10,9,10,10,2,10,7,8,8,10,10,9,9,9,4,9,9,9,6,6,6,10,10,9,6,6,6,7,8,8,7,8,8,8,8,8,9,9,9,8,8,9,9,10,10,7,10,10,9,10,10,4,7,10,8,8,9,8,8,9,9,9
sf,cvs,neoengine,neoengine/neoexporters/Maya/exporter.cpp,buggy,cpp,IssueFalse,48506,325,7089,11,10,10,10,9,2,10,7,7,7,7,8,5,8,9,3,9,9,9,6,6,6,7,8,5,6,6,6,6,6,6,6,6,6,6,6,6,9,9,9,8,8,9,10,10,10,10,10,10,10,10,10,6,7,9,8,7,8,8,8,8,9,9
sf,cvs,neoengine,neoengine/neoexporters/Maya/plugin.cpp,clean,cpp,IssueFalse,48506,325,7089,11,2,8,3,4,9,7,7,7,7,7,8,5,8,9,3,9,9,9,6,6,6,7,8,5,6,6,6,6,6,6,6,6,6,6,6,6,9,9,9,8,8,9,6,6,4,5,5,4,6,3,5,4,9,9,8,7,6,6,6,8,8,8
sf,cvs,neoengine,neoengine/neoexporters/Maya/util.h,clean,cpp,IssueFalse,48506,325,7089,11,6,6,7,8,5,7,7,7,8,8,10,9,8,9,4,9,9,9,6,7,8,8,10,9,10,10,10,6,7,8,6,7,8,6,7,8,9,9,9,8,8,9,4,6,6,9,8,9,7,4,8,4,7,9,8,7,6,6,6,8,9,8
sf,cvs,neoengine,neoengine/neoframeworks/neoapplication/application.cpp,clean,cpp,IssueFalse,48506,325,7089,11,9,7,9,7,4,8,7,7,7,7,8,5,8,9,3,9,9,9,6,6,6,7,8,5,6,6,6,6,6,6,6,6,6,6,6,6,9,9,9,8,8,9,10,10,10,4,8,6,8,10,8,8,9,8,8,8,7,7,8,9,10,10
sf,cvs,neoengine,neoengine/neotools/nscemake/3ds.cpp,buggy,cpp,IssueFalse,48506,325,7089,11,10,9,10,6,2,10,7,7,7,7,8,5,8,9,3,9,9,9,6,6,6,7,8,5,6,6,6,6,6,6,6,6,6,6,6,6,9,9,9,8,8,9,10,10,10,10,10,10,10,10,9,5,7,9,8,7,10,9,9,10,10,10
sf,cvs,neoengine,neoengine/neotools/nscemake/lwo.cpp,buggy,cpp,IssueFalse,48506,325,7089,11,10,10,10,7,3,10,7,7,7,7,8,5,8,9,3,9,9,9,6,6,6,7,8,5,6,6,6,6,6,6,6,6,6,6,6,6,9,9,9,8,8,9,10,10,10,10,10,10,10,10,10,6,9,9,9,8,10,9,9,10,10,10
sf,cvs,neoengine,neoengine/neotools/nscemake/main.cpp,buggy,cpp,IssueFalse,48506,325,7089,11,7,7,8,3,6,9,7,7,7,7,8,5,8,9,3,9,9,9,6,6,6,7,8,5,6,6,6,6,6,6,6,6,6,6,6,6,9,9,9,8,8,9,10,10,8,10,9,6,10,10,7,7,9,8,8,7,8,8,8,8,9,9
sf,cvs,neoengine,neoengine/neotools/nscemake/md3.cpp,buggy,cpp,IssueFalse,48506,325,7089,11,10,9,10,7,2,10,7,7,7,7,8,5,8,9,3,9,9,9,6,6,6,7,8,5,6,6,6,6,6,6,6,6,6,6,6,6,9,9,9,8,8,9,10,10,10,10,10,10,10,10,10,6,7,9,8,7,9,8,9,10,10,10
sf,cvs,neoengine,neoengine/neotools/nscemake/md3.h,clean,cpp,IssueFalse,48506,325,7089,11,8,9,9,8,7,7,8,10,10,8,10,8,9,9,6,9,9,9,8,10,10,8,10,8,10,10,10,6,9,9,6,8,9,6,9,9,9,9,9,8,8,9,4,6,6,7,8,8,6,4,7,3,7,9,8,6,5,4,4,9,8,8
sf,cvs,neoengine,neoengine/neotools/nscemake/md5mesh.cpp,buggy,cpp,IssueFalse,48506,325,7089,11,10,9,10,6,2,10,7,7,7,7,8,5,8,9,3,9,9,9,6,6,6,7,8,5,6,6,6,6,6,6,6,6,6,6,6,6,9,9,9,8,8,9,10,10,10,10,10,10,10,10,10,6,7,10,9,8,10,10,10,10,10,10
sf,cvs,neoengine,neoengine/neotools/nscemake/md5mesh.h,buggy,cpp,IssueFalse,48506,325,7089,11,7,10,8,7,9,7,9,10,10,8,10,8,9,9,5,9,9,9,9,10,10,8,10,8,10,10,10,6,8,8,6,8,8,6,8,9,9,9,9,8,8,9,4,6,6,4,6,6,7,7,8,2,7,10,8,6,5,4,4,7,5,4
sf,cvs,neoengine,neoengine/neotools/nscemake/ms3d.cpp,buggy,cpp,IssueFalse,48506,325,7089,11,10,9,10,5,3,10,7,7,7,7,8,5,8,9,3,9,9,9,6,6,6,7,8,5,6,6,6,6,6,6,6,6,6,6,6,6,9,9,9,8,8,9,10,10,10,10,10,10,10,10,9,6,9,8,8,7,8,7,8,10,10,10
sf,cvs,neoengine,neoengine/neotools/nscemake/q3map.cpp,buggy,cpp,IssueFalse,48506,325,7089,11,10,10,10,9,2,10,7,7,7,7,8,5,8,9,3,9,9,9,6,6,6,7,8,5,6,6,6,6,6,6,6,6,6,6,6,6,9,9,9,8,8,9,10,10,10,10,10,10,10,10,10,8,10,4,4,3,5,4,4,2,1,1
sf,cvs,neoengine,neoengine/neotools/nscemake/q3map.h,buggy,cpp,IssueFalse,48506,325,7089,11,7,10,8,7,8,7,10,10,10,8,10,8,9,10,7,9,9,9,10,10,10,8,10,8,10,10,10,8,9,9,7,9,9,7,8,9,10,10,10,8,8,9,4,6,6,8,8,8,8,6,8,3,9,9,8,6,6,5,5,6,5,5
sf,cvs,neoengine,neoengine/neotools/nscemake/ut2.cpp,buggy,cpp,IssueFalse,48506,325,7089,11,10,8,10,8,2,10,7,7,7,7,8,5,8,9,3,9,9,9,6,6,6,7,8,5,6,6,6,6,6,6,6,6,6,6,6,6,9,9,9,8,8,9,10,10,10,8,9,9,6,7,8,6,7,8,8,7,9,9,9,10,10,10
sf,cvs,neoengine,neoengine/tutorials/01_initexit/main.cpp,clean,cpp,IssueFalse,48506,325,7089,11,2,7,4,3,9,7,7,7,7,7,8,5,8,9,3,9,9,9,6,6,6,7,8,5,6,6,6,6,6,6,6,6,6,6,6,6,9,9,9,8,8,9,8,7,4,10,8,5,10,7,6,8,10,8,8,7,8,8,8,7,8,9
sf,cvs,neoengine,neoengine/tutorials/02_renderpolygon/main.cpp,clean,cpp,IssueFalse,48506,325,7089,11,6,7,7,5,6,7,7,7,7,10,10,9,9,9,4,9,9,9,7,7,7,10,10,9,6,6,6,6,7,6,6,6,6,7,7,7,9,9,9,8,8,9,7,7,6,10,10,8,10,10,8,9,10,8,8,8,8,8,8,8,9,10
sf,cvs,neoengine,neoengine/tutorials/03_textures/main.cpp,buggy,cpp,IssueFalse,48506,325,7089,11,7,6,8,5,5,7,7,7,7,10,10,9,9,9,4,9,9,9,7,7,7,10,10,9,6,6,6,6,7,6,6,6,6,7,7,7,9,9,9,8,8,9,7,7,6,10,10,8,10,10,8,9,10,8,9,8,9,10,9,8,9,10
sf,cvs,neoengine,neoengine/tutorials/04_cameraroom/main.cpp,buggy,cpp,IssueFalse,48506,325,7089,11,7,6,8,5,5,8,7,7,7,10,10,9,9,9,4,9,9,9,7,7,7,10,10,9,6,6,6,6,7,6,6,6,6,7,7,7,9,9,9,8,8,9,9,9,7,10,10,8,10,10,8,9,10,7,8,8,10,10,10,7,9,10
sf,cvs,neoengine,neoengine/tutorials/05_mesh/main.cpp,buggy,cpp,IssueFalse,48506,325,7089,11,9,8,10,6,4,8,8,7,7,10,10,9,9,9,4,9,9,9,8,7,8,10,10,9,6,6,6,6,7,6,6,6,6,7,7,7,9,9,9,8,8,9,9,9,8,10,10,9,10,10,10,9,10,9,10,9,10,10,10,9,10,10
sf,cvs,neoengine,neoengine/tutorials/06_bsp/main.cpp,buggy,cpp,IssueFalse,48506,325,7089,11,10,9,10,5,4,10,9,9,9,10,10,9,9,9,4,9,9,9,10,10,9,10,10,9,6,6,6,6,7,6,6,6,6,7,7,7,9,9,9,8,8,9,10,10,10,10,10,9,10,10,10,9,10,8,8,8,8,8,9,9,10,10
sf,cvs,neoengine,neoengine/tutorials/07_shadows/main.cpp,buggy,cpp,IssueFalse,48506,325,7089,11,9,10,10,5,5,9,8,7,7,10,10,9,9,9,4,9,9,9,9,8,8,10,10,9,6,6,6,6,7,6,6,6,6,7,7,7,9,9,9,8,8,9,10,10,9,10,10,9,10,10,10,8,10,8,8,7,7,7,7,9,10,10
sf,cvs,neoengine,neoengine/tutorials/08_bezierpatch/main.cpp,buggy,cpp,IssueFalse,48506,325,7089,11,8,6,9,5,4,8,8,7,7,10,10,9,9,9,4,9,9,9,8,8,8,10,10,9,6,6,6,6,7,6,6,6,6,7,7,7,9,9,9,8,8,9,9,9,7,10,10,9,10,10,9,9,10,7,8,7,7,7,8,8,9,10
sf,cvs,neoengine,neoengine/tutorials/09_particles/main.cpp,buggy,cpp,IssueFalse,48506,325,7089,11,9,7,9,8,3,9,7,7,8,10,10,10,9,10,9,9,9,9,7,8,9,10,10,10,6,7,7,6,7,8,6,7,8,7,7,8,9,9,9,8,8,9,8,9,9,10,10,9,9,10,10,8,10,7,8,7,7,7,8,8,10,10
sf,cvs,neoengine,neoengine/tutorials/10_physicscollision/application.cpp,buggy,cpp,IssueFalse,48506,325,7089,11,9,7,9,7,4,8,7,7,7,7,8,5,8,9,3,9,9,9,6,6,6,7,8,5,6,6,6,6,6,6,6,6,6,6,6,6,9,9,9,8,8,9,10,10,10,4,8,6,8,10,8,9,10,8,8,8,7,8,8,8,10,10
sf,cvs,neoengine,neoengine/tutorials/10_physicscollision/camera.cpp,clean,cpp,IssueFalse,48506,325,7089,11,7,6,6,8,5,8,7,7,7,7,8,5,8,9,3,9,9,9,6,6,6,7,8,5,6,6,6,6,6,6,6,6,6,6,6,6,9,9,9,8,8,9,7,9,8,5,8,7,4,6,6,7,7,9,9,8,6,6,6,8,9,9
sf,cvs,neoengine,neoengine/tutorials/10_physicscollision/error.cpp,clean,cpp,IssueFalse,48506,325,7089,11,1,6,2,3,10,4,7,7,7,7,8,5,8,9,3,9,9,9,6,6,6,7,8,5,6,6,6,6,6,6,6,6,6,6,6,6,9,9,9,8,8,9,3,4,3,3,3,3,4,2,4,6,7,7,8,6,5,4,4,7,8,8
sf,cvs,neoengine,neoengine/tutorials/10_physicscollision/tutorial.cpp,buggy,cpp,IssueFalse,48506,325,7089,11,10,8,10,8,3,8,7,7,7,7,8,5,8,9,3,9,9,9,6,6,6,7,8,5,6,6,6,6,6,6,6,6,6,6,6,6,9,9,9,8,8,9,9,10,9,8,10,9,9,10,10,10,10,10,10,10,10,10,10,10,10,10
sf,cvs,neoengine,neoengine/tutorials/11_bumpmapping/application.cpp,buggy,cpp,IssueFalse,48506,325,7089,11,9,7,9,7,4,8,7,7,7,7,8,5,8,9,3,9,9,9,6,6,6,7,8,5,6,6,6,6,6,6,6,6,6,6,6,6,9,9,9,8,8,9,10,10,10,4,8,6,8,10,8,9,10,8,8,8,8,8,8,8,10,10
sf,cvs,neoengine,neoengine/tutorials/11_bumpmapping/main.cpp,clean,cpp,IssueFalse,48506,325,7089,11,2,6,2,4,10,7,7,7,7,7,8,5,8,9,3,9,9,9,6,6,6,7,8,5,6,6,6,6,6,6,6,6,6,6,6,6,9,9,9,8,8,9,5,6,4,6,5,5,7,4,5,5,7,8,8,6,5,4,4,5,5,5
sf,cvs,neoengine,neoengine/tutorials/11_bumpmapping/tutorial.cpp,buggy,cpp,IssueFalse,48506,325,7089,11,7,6,8,7,4,8,7,7,7,7,8,5,8,9,3,9,9,9,6,6,6,7,8,5,6,6,6,6,6,6,6,6,6,6,6,6,9,9,9,8,8,9,7,9,8,7,9,8,7,9,8,9,7,9,10,9,10,10,10,8,9,10
sf,cvs,neoengine,neoengine/tutorials/11_bumpmapping/tutorial.h,clean,cpp,IssueFalse,48506,325,7089,11,2,9,4,2,10,4,10,10,9,10,10,9,10,10,10,9,9,9,10,10,10,10,10,9,9,9,8,10,10,10,10,10,9,10,10,10,9,9,9,8,8,9,1,2,2,2,2,3,3,2,3,4,7,9,8,6,9,7,7,9,8,8
sf,cvs,neoengine,neoengine/tutorials/12_terrain/main.cpp,buggy,cpp,IssueFalse,48506,325,7089,11,9,7,10,5,3,8,9,8,8,10,10,9,9,9,4,9,9,9,9,8,8,10,10,9,6,6,6,6,7,6,6,6,6,7,7,7,9,9,9,8,8,9,10,10,9,10,10,9,10,10,9,9,10,9,10,9,8,8,9,6,8,9
sf,cvs,neoengine,neoengine/tutorials/13_envmap/main.cpp,buggy,cpp,IssueFalse,48506,325,7089,11,2,6,2,4,10,7,7,7,7,7,8,5,8,9,3,9,9,9,6,6,6,7,8,5,6,6,6,6,6,6,6,6,6,6,6,6,9,9,9,8,8,9,5,6,4,6,5,5,6,4,5,7,10,10,10,10,10,10,10,9,10,10
sf,cvs,neoengine,neoengine/tutorials/13_envmap/tutorial.cpp,buggy,cpp,IssueFalse,48506,325,7089,11,10,7,10,9,2,8,7,7,7,10,10,8,9,9,4,9,9,9,7,7,7,10,10,8,6,6,6,6,7,6,6,6,6,7,7,7,9,9,9,8,8,9,7,10,9,6,10,9,9,10,10,5,7,5,5,3,7,6,6,3,4,4
