Host,Vcs,Project,File,Buggy,PL,IssueTracking,TLOC,TNF,TNC,TND,LOC,CL,NStmt,NFunc,RCC,MNL,avg_WMC,max_WMC,total_WMC,avg_DIT,max_DIT,total_DIT,avg_RFC,max_RFC,total_RFC,avg_NOC,max_NOC,total_NOC,avg_CBO,max_CBO,total_CBO,avg_DIT.1,max_DIT.1,total_DIT.1,avg_NIV,max_NIV,total_NIV,avg_NIM,max_NIM,total_NIM,avg_NOM,max_NOM,total_NOM,avg_NPBM,max_NPBM,total_NPBM,avg_NPM,max_NPM,total_NPM,avg_NPRM,max_NPRM,total_NPRM,avg_CC,max_CC,total_CC,avg_FANIN,max_FANIN,total_FANIN,avg_FANOUT,max_FANOUT,total_FANOUT,NRev,NFix,avg_AddedLOC,max_AddedLOC,total_AddedLOC,avg_DeletedLOC,max_DeletedLOC,total_DeletedLOC,avg_ModifiedLOC,max_ModifiedLOC,total_ModifiedLOC
sf,cvs,neudist,neudist/neuclear-ledger/src/java/org/neuclear/ledger/Book.java,clean,java,IssueFalse,2512,35,529,2,4,10,4,6,10,4,7,6,5,5,5,7,7,7,7,9,9,9,5,4,4,5,5,7,8,7,7,9,8,8,8,7,8,9,9,8,8,8,8,7,7,7,3,4,6,8,8,7,4,4,6,5,9,7,8,8,10,10,9,7,6,7
sf,cvs,neudist,neudist/neuclear-ledger/src/java/org/neuclear/ledger/Ledger.java,buggy,java,IssueFalse,2512,35,529,2,2,10,3,6,10,4,7,6,5,5,5,7,7,7,7,10,10,10,5,4,4,5,5,7,6,4,6,9,8,8,8,7,8,9,9,8,9,9,9,7,7,7,3,4,6,6,8,6,2,2,3,3,7,10,9,9,4,5,5,7,6,5
sf,cvs,neudist,neudist/neuclear-ledger/src/java/org/neuclear/ledger/PostedTransaction.java,buggy,java,IssueFalse,2512,35,529,2,6,9,7,6,8,8,8,8,7,9,9,8,8,8,8,9,9,9,5,4,4,9,9,8,8,7,7,9,9,8,8,7,8,8,8,6,8,8,8,7,7,7,6,8,8,7,7,7,9,8,8,3,9,10,10,10,9,8,8,7,6,6
sf,cvs,neudist,neudist/neuclear-ledger/src/java/org/neuclear/ledger/Transaction.java,clean,java,IssueFalse,2512,35,529,2,3,6,4,5,8,7,7,6,5,5,5,7,7,7,7,10,10,10,6,5,5,5,5,7,8,7,7,8,8,8,7,6,8,8,8,6,9,9,9,7,7,7,4,6,6,8,8,7,2,4,4,5,9,8,8,9,10,10,10,8,7,8
sf,cvs,neudist,neudist/neuclear-ledger/src/java/org/neuclear/ledger/UnPostedTransaction.java,clean,java,IssueFalse,2512,35,529,2,6,9,7,7,8,7,8,8,7,9,9,8,8,8,8,9,9,9,7,6,5,9,9,8,9,9,9,9,9,8,9,8,8,9,9,8,8,8,8,7,7,7,5,7,8,9,8,8,4,6,7,3,9,9,8,8,8,8,7,6,5,5
sf,cvs,neudist,neudist/neuclear-ledger/src/java/org/neuclear/ledger/implementations/SimpleLedger.java,buggy,java,IssueFalse,2512,35,529,2,6,9,7,6,8,10,9,8,7,9,9,8,8,8,8,9,9,9,9,8,7,9,9,8,8,7,8,9,8,8,8,7,8,9,9,8,8,8,8,9,8,8,6,8,8,5,7,5,8,8,7,6,9,10,10,10,9,9,9,8,8,8
sf,cvs,neudist,neudist/neudist-xmlsig/src/java/org/neudist/crypto/CryptoTools.java,clean,java,IssueFalse,2512,35,529,2,10,10,10,10,6,8,10,10,10,5,5,7,8,8,8,9,9,9,10,10,10,5,5,7,6,4,6,6,6,6,10,10,10,10,10,10,8,8,8,10,10,10,7,9,10,7,8,9,5,5,10,9,10,10,10,10,9,10,10,10,10,10
sf,cvs,neudist,neudist/neudist-xmlsig/src/java/org/neudist/crypto/signerstores/Attic/InvalidPassphraseException.java,clean,java,IssueFalse,2512,35,529,2,1,4,1,3,10,4,2,2,2,10,10,9,8,8,8,9,9,9,2,1,1,10,10,9,6,4,6,6,7,6,3,2,6,7,7,3,8,8,8,7,7,7,3,4,3,4,5,3,2,2,2,3,7,7,7,7,4,5,5,5,4,4
sf,cvs,neudist,neudist/neudist-xmlsig/src/java/org/neudist/crypto/signerstores/Attic/JCESignerStore.java,clean,java,IssueFalse,2512,35,529,2,4,8,5,4,8,8,6,5,5,5,5,7,6,6,6,9,9,9,9,8,8,5,5,7,7,6,7,7,7,7,5,4,7,8,7,5,8,8,8,7,7,7,7,7,6,8,8,5,7,6,5,3,7,7,7,7,4,5,5,5,4,4
sf,cvs,neudist,neudist/neudist-xmlsig/src/java/org/neudist/crypto/signerstores/Attic/NonExistingSignerException.java,clean,java,IssueFalse,2512,35,529,2,1,4,1,3,10,4,2,2,2,10,10,9,8,8,8,9,9,9,2,1,1,10,10,9,6,4,6,6,7,6,3,2,6,7,7,3,8,8,8,7,7,7,3,4,3,4,5,3,2,2,2,3,7,7,7,7,4,5,5,5,4,4
sf,cvs,neudist,neudist/neudist-xmlsig/src/java/org/neudist/crypto/signerstores/Attic/SignerStore.java,clean,java,IssueFalse,2512,35,529,2,1,9,2,3,10,4,2,2,2,1,1,5,5,5,5,10,10,10,5,5,4,1,1,5,6,4,6,6,7,6,3,2,6,7,7,3,8,8,8,7,7,7,3,4,3,2,2,2,2,2,2,3,7,7,7,7,4,5,5,5,4,4
sf,cvs,neudist,neudist/neudist-xmlsig/src/java/org/neudist/crypto/signerstores/Attic/SimpleSignerStore.java,clean,java,IssueFalse,2512,35,529,2,7,9,8,5,7,8,8,7,6,5,5,7,7,6,7,9,9,9,10,10,10,5,5,7,8,7,8,7,7,7,7,5,7,8,8,6,9,9,9,7,7,7,7,8,7,8,7,6,10,8,7,3,7,7,7,7,4,5,5,5,4,4
sf,cvs,neudist,neudist/neudist-xmlsig/src/java/org/neudist/utils/Attic/NeudistException.java,clean,java,IssueFalse,2512,35,529,2,2,9,2,4,10,4,4,3,3,10,10,9,8,8,8,10,10,10,2,1,1,10,10,9,6,4,6,7,7,7,5,4,7,8,7,5,8,8,8,7,7,7,3,4,4,8,8,5,2,2,3,3,7,9,9,8,10,10,10,10,8,8
sf,cvs,neudist,neudist/neudist-xmlsig/src/java/org/neudist/utils/Utility.java,clean,java,IssueFalse,2512,35,529,2,4,10,5,6,10,7,8,7,6,5,5,7,7,7,7,9,9,9,7,6,5,5,5,7,6,4,6,6,6,6,8,7,8,9,9,8,8,8,8,7,7,7,5,7,7,5,5,6,3,4,5,5,7,7,7,8,9,9,9,4,4,4
sf,cvs,neudist,neudist/neudist-xmlsig/src/java/org/neudist/xml/AbstractElementProxy.java,clean,java,IssueFalse,2512,35,529,2,4,9,5,7,9,4,7,6,6,5,5,7,7,7,7,10,10,10,4,3,3,5,5,7,7,6,7,9,9,8,9,8,8,8,8,6,10,10,10,7,7,7,3,4,7,5,6,6,3,3,5,7,10,7,8,8,6,7,7,5,6,7
sf,cvs,neudist,neudist/neudist-xmlsig/src/java/org/neudist/xml/XMLTools.java,clean,java,IssueFalse,2512,35,529,2,7,10,8,7,8,8,9,8,8,5,5,7,7,7,7,9,9,9,9,8,7,5,5,7,6,4,6,6,7,6,9,8,8,9,9,9,8,8,8,9,8,8,6,7,9,7,8,8,5,5,7,6,9,9,9,9,7,8,8,8,8,8
sf,cvs,neudist,neudist/neudist-xmlsig/src/java/org/neudist/xml/c14/Canonicalizer.java,clean,java,IssueFalse,2512,35,529,2,9,10,10,8,6,9,10,10,10,9,9,8,8,8,8,9,9,9,8,7,7,9,9,8,8,7,8,10,9,9,10,9,9,8,8,6,9,9,9,10,10,10,8,10,10,7,8,8,8,9,9,9,10,9,10,10,8,9,9,6,6,9
sf,cvs,neudist,neudist/neudist-xmlsig/src/java/org/neudist/xml/soap/SOAPTools.java,clean,java,IssueFalse,2512,35,529,2,6,9,7,4,8,9,7,6,6,5,5,7,6,6,6,9,9,9,9,8,8,5,5,7,6,4,6,6,6,6,5,4,7,8,7,5,8,8,8,7,7,7,8,8,7,9,8,6,10,9,7,3,7,8,8,7,8,8,7,5,4,4
sf,cvs,neudist,neudist/neudist-xmlsig/src/java/org/neudist/xml/xmlsec/QuickEmbeddedSignature.java,clean,java,IssueFalse,2512,35,529,2,7,9,8,4,7,9,8,7,7,10,10,9,8,7,7,9,9,9,9,8,7,10,10,9,6,4,6,6,7,6,6,5,7,7,7,4,8,8,8,9,9,9,8,8,8,9,7,6,10,8,7,9,10,9,10,10,7,8,9,6,6,9
sf,cvs,neudist,neudist/neudist-xmlsig/src/java/org/neudist/xml/xmlsec/SignatureInfo.java,clean,java,IssueFalse,2512,35,529,2,6,9,7,5,8,8,8,7,7,9,9,8,7,7,7,9,9,9,7,6,5,9,9,8,9,8,8,8,8,8,7,6,8,8,8,6,8,8,8,7,7,7,7,7,8,8,9,7,6,6,6,9,10,8,10,10,6,8,8,8,8,9
sf,cvs,neudist,neudist/neudist-xmlsig/src/java/org/neudist/xml/xmlsec/SignedElement.java,clean,java,IssueFalse,2512,35,529,2,5,9,6,7,9,8,8,7,7,9,9,8,8,8,8,9,9,9,5,5,4,9,9,8,7,6,7,9,9,8,9,8,8,9,9,8,10,10,10,7,7,7,4,7,8,4,5,5,3,5,6,5,9,9,8,9,7,8,7,8,7,8
sf,cvs,neudist,neudist/neudist-xmlsig/src/java/org/neudist/xml/xmlsec/XMLSecTools.java,clean,java,IssueFalse,2512,35,529,2,7,10,8,8,10,8,9,8,8,5,5,7,8,8,8,9,9,9,9,8,8,5,5,7,6,4,6,6,6,6,10,9,9,10,10,9,8,8,8,7,7,7,4,7,9,8,8,8,5,5,8,10,10,9,10,10,8,10,10,8,9,10
sf,cvs,neudist,neudist/neudist-xmlsig/src/java/org/neudist/xml/xmlsec/XMLSignature.java,clean,java,IssueFalse,2512,35,529,2,6,10,7,7,9,8,9,8,7,9,9,8,7,7,7,10,10,10,7,6,6,9,9,8,7,6,7,9,9,8,9,8,8,9,9,8,9,9,9,7,7,7,6,8,8,8,9,8,7,6,7,10,10,8,9,10,9,10,10,7,7,10
sf,cvs,neudist,neudist/neudist-xmlsig/src/test/org/neudist/crypto/CryptoToolsTest.java,clean,java,IssueFalse,2512,35,529,2,4,8,6,5,9,7,6,5,4,9,9,8,7,7,7,9,9,9,5,5,4,9,9,8,6,4,6,8,8,7,7,6,7,8,8,6,10,10,10,7,7,7,4,6,6,2,3,3,3,5,4,3,7,5,6,6,8,7,7,6,5,5
sf,cvs,neudist,neudist/neudist-xmlsig/src/test/org/neudist/xml/c14/CanonicalizationTest.java,clean,java,IssueFalse,2512,35,529,2,7,8,8,6,6,10,6,7,7,6,9,9,6,7,8,9,9,9,6,7,8,6,9,9,6,6,7,7,8,8,5,6,8,7,7,5,8,8,8,9,10,10,6,9,8,6,8,6,9,9,8,6,9,9,10,10,9,9,9,5,5,6
sf,cvs,neudist,neudist/neudist-xmlsig/src/test/org/neudist/xml/soap/SOAPTest.java,clean,java,IssueFalse,2512,35,529,2,2,8,3,4,9,4,4,3,3,9,9,8,6,6,6,9,9,9,5,4,4,9,9,8,6,4,6,7,7,7,5,4,7,7,7,3,10,10,10,7,7,7,3,4,4,3,3,3,5,7,4,5,7,4,5,5,6,7,7,3,4,4
sf,cvs,neudist,neudist/neudist-xmlsig/src/test/org/neudist/xml/xmlsec/SignatureTests.java,clean,java,IssueFalse,2512,35,529,2,5,9,6,5,8,9,5,6,6,6,9,9,6,6,8,9,9,9,6,7,8,6,9,9,6,6,7,7,8,8,4,5,7,7,8,7,8,8,8,7,7,7,6,8,7,4,7,4,5,7,5,7,10,6,8,8,4,5,5,6,5,7
sf,cvs,neudist,neudist/neudist-xmlsig/src/test/org/neudist/xml/xmlsec/SimpleXMLSigTest.java,clean,java,IssueFalse,2512,35,529,2,7,9,8,6,7,4,6,5,5,9,9,8,7,7,7,9,9,9,8,7,6,9,9,8,8,7,7,9,8,8,8,7,8,9,9,8,8,8,8,7,7,7,3,4,6,5,5,5,9,6,8,9,10,9,9,10,7,9,9,7,8,9
