Host,Vcs,Project,File,Buggy,PL,IssueTracking,TLOC,TNF,TNC,TND,LOC,CL,NStmt,NFunc,RCC,MNL,avg_WMC,max_WMC,total_WMC,avg_DIT,max_DIT,total_DIT,avg_RFC,max_RFC,total_RFC,avg_NOC,max_NOC,total_NOC,avg_CBO,max_CBO,total_CBO,avg_DIT.1,max_DIT.1,total_DIT.1,avg_NIV,max_NIV,total_NIV,avg_NIM,max_NIM,total_NIM,avg_NOM,max_NOM,total_NOM,avg_NPBM,max_NPBM,total_NPBM,avg_NPM,max_NPM,total_NPM,avg_NPRM,max_NPRM,total_NPRM,avg_CC,max_CC,total_CC,avg_FANIN,max_FANIN,total_FANIN,avg_FANOUT,max_FANOUT,total_FANOUT,NRev,NFix,avg_AddedLOC,max_AddedLOC,total_AddedLOC,avg_DeletedLOC,max_DeletedLOC,total_DeletedLOC,avg_ModifiedLOC,max_ModifiedLOC,total_ModifiedLOC
sf,cvs,nextobjects,nextobjects/nextobjects/src/org/devaki/nextobjects/NextObjects.java,clean,java,IssueTrue,11490,26,687,5,9,9,8,6,6,5,3,6,6,10,10,10,10,10,10,9,9,9,8,10,9,10,10,10,8,9,9,3,4,5,4,6,6,6,7,6,8,8,8,7,8,8,5,6,5,9,10,8,8,10,8,5,5,9,9,8,10,9,9,9,8,7
sf,cvs,nextobjects,nextobjects/nextobjects/src/org/devaki/nextobjects/ui/main/InitHome.java,clean,java,IssueTrue,11490,26,687,5,8,7,6,5,6,7,3,6,6,10,10,10,10,10,10,9,9,9,8,9,9,10,10,10,6,7,7,3,3,4,3,4,5,5,6,5,8,8,8,7,7,7,7,5,5,8,7,6,9,8,8,5,5,9,8,8,9,8,8,5,6,5
sf,cvs,nextobjects,nextobjects/nextobjects/src/org/devaki/nextobjects/ui/main/NOLog.java,clean,java,IssueTrue,11490,26,687,5,7,8,5,5,9,5,4,5,4,6,5,4,4,4,3,9,9,9,7,6,6,6,5,4,4,4,6,2,2,2,6,5,5,6,6,5,8,8,8,9,8,8,4,5,4,7,7,5,5,8,5,3,5,9,8,7,8,6,6,8,7,5
sf,cvs,nextobjects,nextobjects/nextobjects/src/org/devaki/nextobjects/ui/menus/NOMenuBar.java,clean,java,IssueTrue,11490,26,687,5,10,8,9,9,3,5,1,5,9,6,10,10,8,10,10,9,9,9,2,7,10,6,10,10,4,4,6,2,2,9,1,4,10,2,6,9,8,8,8,7,7,7,4,5,8,5,10,8,4,6,9,3,5,7,6,5,5,5,5,9,8,7
sf,cvs,nextobjects,nextobjects/nextobjects/src/org/devaki/nextobjects/util/DatabaseLoader.java,buggy,java,IssueTrue,11490,26,687,5,7,7,5,5,8,7,3,5,5,6,5,7,3,4,6,9,9,9,6,7,8,6,5,7,4,4,6,2,2,3,3,4,5,4,5,5,8,8,8,7,8,8,5,6,4,4,4,4,7,8,6,3,5,8,6,6,10,9,9,10,9,8
sf,cvs,nextobjects,nextobjects/nextobjects/src/org/devaki/nextobjects/util/NOPreferences.java,clean,java,IssueTrue,11490,26,687,5,9,8,6,5,7,5,5,5,5,6,5,4,5,4,4,9,9,9,9,9,8,6,5,4,4,4,6,4,3,4,6,5,5,7,7,5,8,8,8,7,7,7,4,4,4,9,9,7,5,6,6,5,5,10,10,9,10,10,10,10,10,9
sf,cvs,nextobjects,nextobjects/nextobjects/src/org/devaki/nextobjects/util/TorqueWrapper.java,clean,java,IssueTrue,11490,26,687,5,10,10,9,8,6,9,7,9,9,6,5,7,5,7,7,9,9,9,10,10,10,6,5,7,4,4,6,2,2,3,7,9,9,8,9,8,8,8,8,9,9,9,6,7,8,9,8,9,9,10,10,3,5,9,8,7,10,10,10,10,10,10
