Host,Vcs,Project,File,Buggy,PL,IssueTracking,TLOC,TNF,TNC,TND,LOC,CL,NStmt,NFunc,RCC,MNL,avg_WMC,max_WMC,total_WMC,avg_DIT,max_DIT,total_DIT,avg_RFC,max_RFC,total_RFC,avg_NOC,max_NOC,total_NOC,avg_CBO,max_CBO,total_CBO,avg_DIT.1,max_DIT.1,total_DIT.1,avg_NIV,max_NIV,total_NIV,avg_NIM,max_NIM,total_NIM,avg_NOM,max_NOM,total_NOM,avg_NPBM,max_NPBM,total_NPBM,avg_NPM,max_NPM,total_NPM,avg_NPRM,max_NPRM,total_NPRM,avg_CC,max_CC,total_CC,avg_FANIN,max_FANIN,total_FANIN,avg_FANOUT,max_FANOUT,total_FANOUT,NRev,NFix,avg_AddedLOC,max_AddedLOC,total_AddedLOC,avg_DeletedLOC,max_DeletedLOC,total_DeletedLOC,avg_ModifiedLOC,max_ModifiedLOC,total_ModifiedLOC
sf,svn,nsclspectcl,/trunk/SpecTcl/Display/Xamine.cc,clean,cpp,IssueFalse,2557,14,4741,6,5,10,5,4,9,4,7,7,7,7,8,5,5,5,5,9,9,9,6,6,6,7,8,5,6,6,6,6,6,6,6,6,6,6,6,6,9,9,9,8,8,9,4,4,4,4,3,4,10,9,6,3,5,3,4,3,4,5,5,6,5,4
sf,svn,nsclspectcl,/trunk/VMUSBSpecTcl/CParamMapCommand.h,buggy,cpp,IssueFalse,2557,14,4741,6,3,8,4,4,8,4,7,7,7,8,10,7,5,5,6,9,9,9,6,7,7,8,10,7,7,8,8,8,8,8,8,8,8,7,7,8,9,9,9,10,10,10,4,4,4,7,5,5,4,4,3,3,5,3,4,3,4,5,5,8,6,5
sf,svn,nsclspectcl,/trunk/VMUSBSpecTcl/CStackUnpacker.cpp,buggy,cpp,IssueFalse,2557,14,4741,6,4,9,4,4,7,6,7,7,7,7,8,5,5,5,5,9,9,9,6,6,6,7,8,5,6,6,6,6,6,6,6,6,6,6,6,6,9,9,9,8,8,9,5,5,5,7,6,5,3,4,3,5,5,6,7,6,7,8,7,6,6,5
sf,svn,nsclspectcl,/trunk/VMUSBSpecTcl/CV1x90Unpacker.cpp,buggy,cpp,IssueFalse,2557,14,4741,6,7,10,7,5,7,9,7,7,7,7,8,5,5,5,5,9,9,9,6,6,6,7,8,5,6,6,6,6,6,6,6,6,6,6,6,6,9,9,9,8,8,9,8,8,8,9,9,7,5,5,5,3,8,3,4,3,4,5,5,6,5,4
sf,svn,nsclspectcl,/trunk/plugins/const/CConstCommand.cpp,clean,cpp,IssueFalse,2557,14,4741,6,5,10,5,5,8,6,7,7,7,7,8,5,5,5,5,9,9,9,6,6,6,7,8,5,6,6,6,6,6,6,6,6,6,6,6,6,9,9,9,8,8,9,6,6,6,3,3,4,5,5,5,3,5,3,4,3,4,5,5,9,8,6
sf,svn,nsclspectcl,/trunk/plugins/const/CConstCommand.h,clean,cpp,IssueFalse,2557,14,4741,6,2,6,2,1,9,2,9,8,8,10,10,7,6,6,6,9,9,9,7,7,7,10,10,7,6,6,6,9,9,8,9,9,8,8,7,7,10,9,9,10,10,10,2,2,2,1,2,2,1,2,2,3,5,3,4,3,4,5,5,10,8,7
sf,svn,nsclspectcl,/trunk/plugins/const/CConstProcessor.cpp,clean,cpp,IssueFalse,2557,14,4741,6,3,7,3,4,7,7,7,7,7,7,8,5,5,5,5,9,9,9,6,6,6,7,8,5,6,6,6,6,6,6,6,6,6,6,6,6,9,9,9,8,8,9,6,5,5,8,6,5,4,4,3,3,5,9,8,7,10,10,10,10,10,9
sf,svn,nsclspectcl,/trunk/plugins/const/CConstProcessor.h,clean,cpp,IssueFalse,2557,14,4741,6,1,4,1,1,10,2,7,7,7,10,10,7,5,5,5,9,9,9,6,6,7,10,10,7,6,6,6,6,6,6,6,6,6,6,6,7,9,9,9,8,8,9,2,2,2,1,2,2,1,2,2,3,5,6,6,5,10,10,9,10,8,7
