Host,Vcs,Project,File,Buggy,PL,IssueTracking,TLOC,TNF,TNC,TND,LOC,CL,NStmt,NFunc,RCC,MNL,avg_WMC,max_WMC,total_WMC,avg_DIT,max_DIT,total_DIT,avg_RFC,max_RFC,total_RFC,avg_NOC,max_NOC,total_NOC,avg_CBO,max_CBO,total_CBO,avg_DIT.1,max_DIT.1,total_DIT.1,avg_NIV,max_NIV,total_NIV,avg_NIM,max_NIM,total_NIM,avg_NOM,max_NOM,total_NOM,avg_NPBM,max_NPBM,total_NPBM,avg_NPM,max_NPM,total_NPM,avg_NPRM,max_NPRM,total_NPRM,avg_CC,max_CC,total_CC,avg_FANIN,max_FANIN,total_FANIN,avg_FANOUT,max_FANOUT,total_FANOUT,NRev,NFix,avg_AddedLOC,max_AddedLOC,total_AddedLOC,avg_DeletedLOC,max_DeletedLOC,total_DeletedLOC,avg_ModifiedLOC,max_ModifiedLOC,total_ModifiedLOC
sf,svn,octave,/trunk/octave-forge/admin/Windows/msvc/cc-msvc.cc,buggy,cpp,IssueTrue,42429,196,8314,76,8,6,8,5,3,10,7,7,7,8,9,5,4,4,5,9,9,9,6,6,6,8,9,5,6,6,6,6,6,6,6,6,6,6,6,6,10,10,10,8,9,9,10,10,9,6,5,6,7,8,5,5,5,3,3,3,5,4,4,3,3,3
sf,svn,octave,/trunk/octave-forge/extra/Windows/src/__COM__.cc,buggy,cpp,IssueTrue,42429,196,8314,76,9,7,9,9,2,9,10,9,9,10,10,7,8,8,7,9,9,9,7,7,7,10,10,7,8,8,7,10,9,9,10,9,9,10,10,9,10,10,10,8,9,9,8,9,9,5,7,9,7,9,9,3,5,3,3,3,5,4,4,3,3,2
sf,svn,octave,/trunk/octave-forge/extra/java/src/__java__.cc,buggy,cpp,IssueTrue,42429,196,8314,76,10,8,10,10,2,10,10,10,9,10,10,7,8,8,7,9,9,9,7,7,7,10,10,7,9,8,8,10,10,9,10,9,9,10,10,9,10,10,10,10,10,10,8,9,10,6,8,10,7,9,10,10,5,10,10,10,6,8,7,6,9,9
sf,svn,octave,/trunk/octave-forge/extra/java/src/org/octave/ClassHelper.java,clean,cpp,IssueTrue,42429,196,8314,76,9,4,8,9,2,9,10,10,10,10,10,7,9,10,8,9,9,9,10,10,10,10,10,7,6,6,6,6,6,6,10,10,9,10,9,9,10,10,10,10,10,10,9,9,10,8,7,9,7,8,9,9,5,7,7,7,5,4,4,3,7,6
sf,svn,octave,/trunk/octave-forge/extra/java/src/org/octave/OctClassLoader.java,clean,cpp,IssueTrue,42429,196,8314,76,2,2,2,4,8,3,8,7,7,10,10,9,10,10,9,9,9,9,9,9,9,10,10,9,6,6,6,7,7,7,7,7,7,8,7,7,10,10,10,8,9,9,3,3,3,2,3,3,3,3,3,3,5,3,3,3,5,4,4,3,3,2
sf,svn,octave,/trunk/octave-forge/extra/java/src/org/octave/Octave.java,clean,cpp,IssueTrue,42429,196,8314,76,4,1,3,5,1,7,8,8,8,10,10,7,8,8,7,9,9,9,9,8,8,10,10,7,6,6,6,6,6,6,7,7,7,8,7,7,10,10,10,8,9,9,8,6,5,4,3,4,4,3,3,3,5,10,9,8,5,4,4,2,2,1
sf,svn,octave,/trunk/octave-forge/extra/java/src/org/octave/OctaveReference.java,clean,cpp,IssueTrue,42429,196,8314,76,2,1,2,5,2,3,8,7,7,10,10,7,8,8,7,9,9,9,8,8,8,10,10,7,7,7,7,8,8,7,8,7,7,8,8,8,10,10,10,8,9,9,3,3,3,3,3,4,2,2,3,6,5,7,6,6,5,5,5,2,3,2
sf,svn,octave,/trunk/octave-forge/language/base/template/src/help.cc,clean,cpp,IssueTrue,42429,196,8314,76,1,7,1,1,1,3,7,7,7,8,9,5,4,4,5,9,9,9,6,6,6,8,9,5,6,6,6,6,6,6,6,6,6,6,6,6,10,10,10,8,9,9,1,1,2,1,2,2,2,1,2,3,8,9,7,6,5,4,4,3,3,2
sf,svn,octave,/trunk/octave-forge/language/pt_BR/src/ajuda.cc,clean,cpp,IssueTrue,42429,196,8314,76,1,7,1,1,1,3,7,7,7,8,9,5,4,4,5,9,9,9,6,6,6,8,9,5,6,6,6,6,6,6,6,6,6,6,6,6,10,10,10,8,9,9,1,1,2,1,2,2,2,1,2,5,8,8,7,6,5,4,4,5,6,4
sf,svn,octave,/trunk/octave-forge/main/comm/src/__errcore__.cc,clean,cpp,IssueTrue,42429,196,8314,76,2,4,2,2,9,10,7,7,7,8,9,5,4,4,5,9,9,9,6,6,6,8,9,5,6,6,6,6,6,6,6,6,6,6,6,6,10,10,10,8,9,9,10,7,4,1,2,2,6,3,2,3,5,3,3,3,5,4,4,3,3,2
sf,svn,octave,/trunk/octave-forge/main/comm/src/__gfweight__.cc,clean,cpp,IssueTrue,42429,196,8314,76,3,4,3,3,8,8,7,7,7,8,9,5,4,4,5,9,9,9,6,6,6,8,9,5,6,6,6,6,6,6,6,6,6,6,6,6,10,10,10,8,9,9,9,7,4,8,6,4,7,5,3,3,5,3,3,3,5,4,4,3,3,2
sf,svn,octave,/trunk/octave-forge/main/comm/src/cyclgen.cc,clean,cpp,IssueTrue,42429,196,8314,76,6,5,7,3,4,9,7,7,7,8,9,5,4,4,5,9,9,9,6,6,6,8,9,5,6,6,6,6,6,6,6,6,6,6,6,6,10,10,10,8,9,9,10,10,8,5,4,3,8,7,4,3,5,3,3,3,5,4,4,3,3,2
sf,svn,octave,/trunk/octave-forge/main/comm/src/cyclpoly.cc,clean,cpp,IssueTrue,42429,196,8314,76,6,5,7,3,4,10,7,7,7,8,9,5,4,4,5,9,9,9,6,6,6,8,9,5,6,6,6,6,6,6,6,6,6,6,6,6,10,10,10,8,9,9,10,10,8,5,4,4,7,5,3,3,5,3,3,3,5,4,4,3,3,2
sf,svn,octave,/trunk/octave-forge/main/comm/src/galois-def.cc,clean,cpp,IssueTrue,42429,196,8314,76,4,4,3,7,6,3,7,7,7,8,9,5,4,4,5,9,9,9,6,6,6,8,9,5,6,6,6,6,6,6,6,6,6,6,6,6,10,10,10,8,9,9,3,3,5,10,10,9,2,1,2,3,5,3,3,3,5,4,4,3,3,2
sf,svn,octave,/trunk/octave-forge/main/comm/src/galois-def.h,clean,cpp,IssueTrue,42429,196,8314,76,1,4,2,1,10,3,7,7,7,8,9,5,4,4,5,9,9,9,6,6,6,8,9,5,6,6,6,6,6,6,6,6,6,6,6,6,10,10,10,8,9,9,1,1,2,1,2,2,2,1,2,3,5,3,3,3,5,4,4,3,3,2
sf,svn,octave,/trunk/octave-forge/main/comm/src/galois-ops.h,clean,cpp,IssueTrue,42429,196,8314,76,1,4,1,1,1,3,7,7,7,8,9,5,4,4,5,9,9,9,6,6,6,8,9,5,6,6,6,6,6,6,6,6,6,6,6,6,10,10,10,8,9,9,1,1,2,1,2,2,2,1,2,3,5,3,3,3,5,4,4,3,3,2
sf,svn,octave,/trunk/octave-forge/main/comm/src/galois.cc,clean,cpp,IssueTrue,42429,196,8314,76,10,8,10,10,2,10,7,7,7,8,9,5,4,4,5,9,9,9,6,6,6,8,9,5,6,6,6,6,6,6,6,6,6,6,6,6,10,10,10,8,9,9,10,10,10,6,10,10,10,8,10,3,5,3,3,3,5,4,4,3,3,2
sf,svn,octave,/trunk/octave-forge/main/comm/src/galois.h,clean,cpp,IssueTrue,42429,196,8314,76,5,5,6,7,6,5,10,10,10,10,10,8,9,10,9,9,9,9,7,7,8,10,10,8,7,8,8,10,10,10,10,10,10,10,10,10,10,10,10,10,10,10,4,4,6,10,10,10,2,2,4,3,5,3,3,3,5,4,4,3,3,2
sf,svn,octave,/trunk/octave-forge/main/comm/src/galoisfield.cc,clean,cpp,IssueTrue,42429,196,8314,76,5,5,6,5,5,8,7,7,7,8,9,5,4,4,5,9,9,9,6,6,6,8,9,5,6,6,6,6,6,6,6,6,6,6,6,6,10,10,10,8,9,9,9,8,7,9,7,7,8,6,5,3,5,3,3,3,5,4,4,3,3,2
sf,svn,octave,/trunk/octave-forge/main/comm/src/galoisfield.h,clean,cpp,IssueTrue,42429,196,8314,76,2,5,2,2,9,3,8,8,9,8,9,5,5,5,6,9,9,9,6,6,7,8,9,5,10,10,10,7,7,8,7,7,8,8,8,8,10,10,10,8,9,9,3,3,2,1,2,2,4,3,2,3,5,3,3,3,5,4,4,3,3,2
sf,svn,octave,/trunk/octave-forge/main/comm/src/genqamdemod.cc,clean,cpp,IssueTrue,42429,196,8314,76,4,2,4,2,5,10,7,7,7,8,9,5,4,4,5,9,9,9,6,6,6,8,9,5,6,6,6,6,6,6,6,6,6,6,6,6,10,10,10,8,9,9,10,9,5,1,2,2,10,6,3,3,5,3,3,3,5,4,4,3,3,2
sf,svn,octave,/trunk/octave-forge/main/comm/src/gf.cc,clean,cpp,IssueTrue,42429,196,8314,76,10,10,10,9,3,10,7,7,7,8,9,5,4,4,5,9,9,9,6,6,6,8,9,5,6,6,6,6,6,6,6,6,6,6,6,6,10,10,10,8,9,9,10,10,10,3,7,7,10,9,10,3,5,3,3,3,5,4,4,2,2,1
sf,svn,octave,/trunk/octave-forge/main/comm/src/isprimitive.cc,clean,cpp,IssueTrue,42429,196,8314,76,4,5,5,3,6,9,7,7,7,8,9,5,4,4,5,9,9,9,6,6,6,8,9,5,6,6,6,6,6,6,6,6,6,6,6,6,10,10,10,8,9,9,10,9,6,3,3,3,5,4,3,3,5,3,3,3,5,4,4,3,3,2
sf,svn,octave,/trunk/octave-forge/main/comm/src/op-gm-gm.cc,clean,cpp,IssueTrue,42429,196,8314,76,4,5,5,7,7,3,7,7,7,8,9,5,4,4,5,9,9,9,6,6,6,8,9,5,6,6,6,6,6,6,6,6,6,6,6,6,10,10,10,8,9,9,3,3,5,1,2,2,6,3,6,3,5,3,3,3,5,4,4,3,3,2
sf,svn,octave,/trunk/octave-forge/main/comm/src/op-gm-m.cc,clean,cpp,IssueTrue,42429,196,8314,76,3,4,4,7,8,3,7,7,7,8,9,5,4,4,5,9,9,9,6,6,6,8,9,5,6,6,6,6,6,6,6,6,6,6,6,6,10,10,10,8,9,9,3,3,5,1,2,2,7,5,7,3,5,3,3,3,5,4,4,3,3,2
sf,svn,octave,/trunk/octave-forge/main/comm/src/op-gm-s.cc,clean,cpp,IssueTrue,42429,196,8314,76,3,4,5,8,7,3,7,7,7,8,9,5,4,4,5,9,9,9,6,6,6,8,9,5,6,6,6,6,6,6,6,6,6,6,6,6,10,10,10,8,9,9,3,3,6,1,2,2,7,5,8,3,5,3,3,3,5,4,4,3,3,2
sf,svn,octave,/trunk/octave-forge/main/comm/src/op-m-gm.cc,clean,cpp,IssueTrue,42429,196,8314,76,3,4,4,6,8,3,7,7,7,8,9,5,4,4,5,9,9,9,6,6,6,8,9,5,6,6,6,6,6,6,6,6,6,6,6,6,10,10,10,8,9,9,3,3,5,1,2,2,7,5,7,3,5,3,3,3,5,4,4,3,3,2
sf,svn,octave,/trunk/octave-forge/main/comm/src/op-s-gm.cc,clean,cpp,IssueTrue,42429,196,8314,76,4,4,5,8,7,3,7,7,7,8,9,5,4,4,5,9,9,9,6,6,6,8,9,5,6,6,6,6,6,6,6,6,6,6,6,6,10,10,10,8,9,9,3,3,6,1,2,2,7,5,8,3,5,3,3,3,5,4,4,3,3,2
sf,svn,octave,/trunk/octave-forge/main/comm/src/ov-galois.cc,clean,cpp,IssueTrue,42429,196,8314,76,8,5,8,8,2,10,7,7,7,8,9,5,4,4,5,9,9,9,6,6,6,8,9,5,6,6,6,6,6,6,6,6,6,6,6,6,10,10,10,8,9,9,9,9,9,4,5,7,8,6,8,6,5,3,3,3,5,4,4,3,5,4
sf,svn,octave,/trunk/octave-forge/main/comm/src/ov-galois.h,buggy,cpp,IssueTrue,42429,196,8314,76,4,5,5,9,7,3,10,10,10,10,10,7,10,10,8,9,9,9,9,8,8,10,10,7,8,8,7,10,10,10,10,10,10,10,10,10,10,10,10,8,9,9,3,3,6,8,10,9,3,3,5,3,5,3,3,3,5,4,4,3,3,2
sf,svn,octave,/trunk/octave-forge/main/comm/src/primpoly.cc,clean,cpp,IssueTrue,42429,196,8314,76,7,5,7,3,3,10,7,7,7,8,9,5,4,4,5,9,9,9,6,6,6,8,9,5,6,6,6,6,6,6,6,6,6,6,6,6,10,10,10,8,9,9,10,10,8,4,3,3,7,5,3,3,5,3,3,3,5,4,4,3,3,2
sf,svn,octave,/trunk/octave-forge/main/comm/src/syndtable.cc,clean,cpp,IssueTrue,42429,196,8314,76,4,5,5,3,6,9,7,7,7,8,9,5,4,4,5,9,9,9,6,6,6,8,9,5,6,6,6,6,6,6,6,6,6,6,6,6,10,10,10,8,9,9,10,9,6,4,4,3,7,4,3,3,5,3,3,3,5,4,4,3,3,2
sf,svn,octave,/trunk/octave-forge/main/fixed/examples/ffft.cc,clean,cpp,IssueTrue,42429,196,8314,76,8,9,9,9,6,10,7,7,7,8,9,5,4,4,5,9,9,9,6,6,6,8,9,5,6,6,6,6,6,6,6,6,6,6,6,6,10,10,10,8,9,9,9,9,9,8,7,9,8,9,9,3,5,3,3,3,5,4,4,3,3,2
sf,svn,octave,/trunk/octave-forge/main/fixed/examples/ffft.h,clean,cpp,IssueTrue,42429,196,8314,76,3,4,3,2,9,3,7,7,7,8,9,5,4,4,5,9,9,9,6,6,6,8,9,5,6,6,6,6,6,6,6,6,6,6,6,6,10,10,10,8,9,9,3,3,2,8,4,3,3,2,2,3,5,3,3,3,5,4,4,3,3,2
sf,svn,octave,/trunk/octave-forge/main/fixed/examples/fixed_inc.cc,clean,cpp,IssueTrue,42429,196,8314,76,3,5,3,3,9,5,7,7,7,8,9,5,4,4,5,9,9,9,6,6,6,8,9,5,6,6,6,6,6,6,6,6,6,6,6,6,10,10,10,8,9,9,10,7,3,1,2,2,10,8,4,3,5,3,3,3,5,4,4,3,3,2
sf,svn,octave,/trunk/octave-forge/main/fixed/src/Array-f.cc,buggy,cpp,IssueTrue,42429,196,8314,76,2,5,3,1,9,3,7,7,7,8,9,5,4,4,5,9,9,9,6,6,6,8,9,5,6,6,6,6,6,6,6,6,6,6,6,6,10,10,10,8,9,9,1,1,2,1,2,2,2,1,2,5,5,3,3,3,5,4,4,3,3,3
sf,svn,octave,/trunk/octave-forge/main/fixed/src/fixed-conv.cc,clean,cpp,IssueTrue,42429,196,8314,76,1,4,1,1,1,3,7,7,7,8,9,5,4,4,5,9,9,9,6,6,6,8,9,5,6,6,6,6,6,6,6,6,6,6,6,6,10,10,10,8,9,9,1,1,2,1,2,2,2,1,2,3,5,3,3,3,5,4,4,3,3,2
sf,svn,octave,/trunk/octave-forge/main/fixed/src/fixed-conv.h,clean,cpp,IssueTrue,42429,196,8314,76,1,4,1,1,1,3,7,7,7,8,9,5,4,4,5,9,9,9,6,6,6,8,9,5,6,6,6,6,6,6,6,6,6,6,6,6,10,10,10,8,9,9,1,1,2,1,2,2,2,1,2,3,5,3,3,3,5,4,4,3,3,2
sf,svn,octave,/trunk/octave-forge/main/fixed/src/fixed-def.h,clean,cpp,IssueTrue,42429,196,8314,76,1,4,1,1,1,3,7,7,7,8,9,5,4,4,5,9,9,9,6,6,6,8,9,5,6,6,6,6,6,6,6,6,6,6,6,6,10,10,10,8,9,9,1,1,2,1,2,2,2,1,2,3,5,3,3,3,5,4,4,3,3,2
sf,svn,octave,/trunk/octave-forge/main/fixed/src/fixed-var.cc,clean,cpp,IssueTrue,42429,196,8314,76,3,4,2,4,8,5,7,7,7,8,9,5,4,4,5,9,9,9,6,6,6,8,9,5,6,6,6,6,6,6,6,6,6,6,6,6,10,10,10,8,9,9,5,4,4,2,2,3,3,3,3,3,5,3,3,3,5,4,4,3,3,2
sf,svn,octave,/trunk/octave-forge/main/fixed/src/fixed-var.h,clean,cpp,IssueTrue,42429,196,8314,76,1,4,1,1,10,3,7,7,7,8,9,5,4,4,5,9,9,9,6,6,6,8,9,5,6,6,6,6,6,6,6,6,6,6,6,6,10,10,10,8,9,9,1,1,2,1,2,2,2,1,2,3,5,3,3,3,5,4,4,3,3,2
sf,svn,octave,/trunk/octave-forge/main/fixed/src/fixed.cc,clean,cpp,IssueTrue,42429,196,8314,76,9,9,10,9,4,10,7,7,7,8,9,5,4,4,5,9,9,9,6,6,6,8,9,5,6,6,6,6,6,6,6,6,6,6,6,6,10,10,10,8,9,9,10,10,10,2,4,7,10,10,10,5,5,3,3,3,5,4,4,3,3,3
sf,svn,octave,/trunk/octave-forge/main/fixed/src/fixed.h,clean,cpp,IssueTrue,42429,196,8314,76,1,4,1,1,1,3,7,7,7,8,9,5,4,4,5,9,9,9,6,6,6,8,9,5,6,6,6,6,6,6,6,6,6,6,6,6,10,10,10,8,9,9,1,1,2,1,2,2,2,1,2,3,5,3,3,3,5,4,4,3,3,2
sf,svn,octave,/trunk/octave-forge/main/fixed/src/fixedCColVector.cc,clean,cpp,IssueTrue,42429,196,8314,76,9,5,10,10,2,9,7,7,7,8,9,5,4,4,5,9,9,9,6,6,6,8,9,5,6,6,6,6,6,6,6,6,6,6,6,6,10,10,10,8,9,9,7,7,10,3,4,10,7,5,10,5,5,3,3,3,5,4,4,3,3,3
sf,svn,octave,/trunk/octave-forge/main/fixed/src/fixedCColVector.h,clean,cpp,IssueTrue,42429,196,8314,76,6,5,6,6,4,3,10,10,10,10,10,8,10,10,9,9,9,9,7,7,7,10,10,8,6,6,6,10,10,10,10,10,10,10,10,10,10,10,10,8,9,9,3,3,4,8,10,7,3,2,3,5,5,3,3,3,5,4,4,3,3,3
sf,svn,octave,/trunk/octave-forge/main/fixed/src/fixedCMatrix.cc,buggy,cpp,IssueTrue,42429,196,8314,76,10,5,10,10,1,10,7,7,7,8,9,5,4,4,5,9,9,9,6,6,6,8,9,5,6,6,6,6,6,6,6,6,6,6,6,6,10,10,10,8,9,9,8,8,10,3,6,10,7,6,10,6,5,3,3,3,5,4,4,3,5,4
sf,svn,octave,/trunk/octave-forge/main/fixed/src/fixedCMatrix.h,buggy,cpp,IssueTrue,42429,196,8314,76,7,5,7,6,3,3,10,10,10,10,10,7,10,10,9,9,9,9,9,9,9,10,10,7,6,6,6,10,10,10,10,10,10,10,10,10,10,10,10,8,9,9,3,3,5,10,10,9,3,2,4,5,5,3,3,3,5,4,4,3,3,3
sf,svn,octave,/trunk/octave-forge/main/fixed/src/fixedCNDArray.cc,buggy,cpp,IssueTrue,42429,196,8314,76,10,5,10,10,1,8,7,7,7,8,9,5,4,4,5,9,9,9,6,6,6,8,9,5,6,6,6,6,6,6,6,6,6,6,6,6,10,10,10,8,9,9,7,8,10,3,7,10,7,5,10,6,5,3,3,3,5,4,4,3,5,4
sf,svn,octave,/trunk/octave-forge/main/fixed/src/fixedCNDArray.h,clean,cpp,IssueTrue,42429,196,8314,76,7,4,7,6,3,3,7,7,7,8,9,5,4,4,5,9,9,9,6,6,6,8,9,5,6,6,6,6,6,6,6,6,6,6,6,6,10,10,10,8,9,9,3,3,4,2,2,3,3,2,3,3,5,3,3,3,5,4,4,3,3,2
sf,svn,octave,/trunk/octave-forge/main/fixed/src/fixedCRowVector.cc,clean,cpp,IssueTrue,42429,196,8314,76,9,5,10,10,2,9,7,7,7,8,9,5,4,4,5,9,9,9,6,6,6,8,9,5,6,6,6,6,6,6,6,6,6,6,6,6,10,10,10,8,9,9,7,7,10,4,4,10,7,5,10,5,5,3,3,3,5,4,4,3,3,3
sf,svn,octave,/trunk/octave-forge/main/fixed/src/fixedCRowVector.h,clean,cpp,IssueTrue,42429,196,8314,76,6,5,6,7,4,3,10,10,10,10,10,8,10,10,9,9,9,9,7,7,7,10,10,8,6,6,6,10,10,10,10,10,10,10,10,10,10,10,10,10,10,10,3,3,5,8,10,8,3,2,4,5,5,3,3,3,5,4,4,3,3,3
sf,svn,octave,/trunk/octave-forge/main/fixed/src/fixedColVector.cc,clean,cpp,IssueTrue,42429,196,8314,76,8,5,9,10,2,9,7,7,7,8,9,5,4,4,5,9,9,9,6,6,6,8,9,5,6,6,6,6,6,6,6,6,6,6,6,6,10,10,10,8,9,9,7,7,10,4,9,10,6,5,10,3,5,3,3,3,5,4,4,3,3,2
sf,svn,octave,/trunk/octave-forge/main/fixed/src/fixedColVector.h,clean,cpp,IssueTrue,42429,196,8314,76,5,5,6,7,5,3,10,10,10,10,10,7,10,10,9,9,9,9,6,6,7,10,10,7,6,6,6,10,10,10,10,10,10,10,10,10,10,10,10,10,10,10,3,3,5,8,10,8,3,2,4,5,5,3,3,3,5,4,4,3,3,3
sf,svn,octave,/trunk/octave-forge/main/fixed/src/fixedComplex.cc,clean,cpp,IssueTrue,42429,196,8314,76,5,5,5,10,6,7,7,7,7,8,9,5,4,4,5,9,9,9,6,6,6,8,9,5,6,6,6,6,6,6,6,6,6,6,6,6,10,10,10,8,9,9,4,6,8,5,10,9,4,4,8,3,5,3,3,3,5,4,4,3,3,2
sf,svn,octave,/trunk/octave-forge/main/fixed/src/fixedComplex.h,clean,cpp,IssueTrue,42429,196,8314,76,6,5,5,9,4,3,9,9,9,10,10,7,9,9,8,10,10,10,7,7,7,10,10,7,6,6,6,10,10,10,10,10,10,10,10,10,10,10,10,8,9,9,3,3,7,10,10,10,4,4,6,5,5,3,3,3,5,4,4,3,3,3
sf,svn,octave,/trunk/octave-forge/main/fixed/src/fixedMatrix.cc,buggy,cpp,IssueTrue,42429,196,8314,76,10,5,10,10,1,10,7,7,7,8,9,5,4,4,5,9,9,9,6,6,6,8,9,5,6,6,6,6,6,6,6,6,6,6,6,6,10,10,10,8,9,9,8,8,10,4,9,10,7,6,10,5,5,3,3,3,5,4,4,3,3,3
sf,svn,octave,/trunk/octave-forge/main/fixed/src/fixedMatrix.h,buggy,cpp,IssueTrue,42429,196,8314,76,6,5,7,7,4,3,10,10,10,10,10,7,10,10,9,9,9,9,8,8,8,10,10,7,6,6,6,10,10,10,10,10,10,10,10,10,10,10,10,10,10,10,3,3,5,9,10,9,3,2,4,5,5,3,3,3,5,4,4,3,3,3
sf,svn,octave,/trunk/octave-forge/main/fixed/src/fixedNDArray.cc,buggy,cpp,IssueTrue,42429,196,8314,76,9,5,10,10,2,8,7,7,7,8,9,5,4,4,5,9,9,9,6,6,6,8,9,5,6,6,6,6,6,6,6,6,6,6,6,6,10,10,10,8,9,9,7,8,10,3,4,9,7,5,10,3,5,3,3,3,5,4,4,3,3,2
sf,svn,octave,/trunk/octave-forge/main/fixed/src/fixedNDArray.h,clean,cpp,IssueTrue,42429,196,8314,76,6,5,6,8,4,3,10,10,10,10,10,7,10,10,9,9,9,9,7,7,7,10,10,7,6,6,6,10,10,10,10,10,10,10,10,10,10,10,10,10,10,10,3,3,5,7,10,8,3,2,4,3,5,3,3,3,5,4,4,3,3,2
sf,svn,octave,/trunk/octave-forge/main/fixed/src/fixedRowVector.cc,clean,cpp,IssueTrue,42429,196,8314,76,9,5,9,10,2,9,7,7,7,8,9,5,4,4,5,9,9,9,6,6,6,8,9,5,6,6,6,6,6,6,6,6,6,6,6,6,10,10,10,8,9,9,7,7,10,4,8,9,6,5,10,3,5,3,3,3,5,4,4,3,3,2
sf,svn,octave,/trunk/octave-forge/main/fixed/src/fixedRowVector.h,clean,cpp,IssueTrue,42429,196,8314,76,5,5,6,7,5,3,10,10,10,10,10,7,10,10,8,9,9,9,7,7,7,10,10,7,6,6,6,10,10,10,10,10,10,10,10,10,10,10,10,10,10,10,3,3,5,8,10,8,2,2,4,5,5,3,3,3,5,4,4,3,3,3
sf,svn,octave,/trunk/octave-forge/main/fixed/src/int/fixed.cc,clean,cpp,IssueTrue,42429,196,8314,76,9,10,10,10,5,9,7,7,7,8,9,5,4,4,5,9,9,9,6,6,6,8,9,5,6,6,6,6,6,6,6,6,6,6,6,6,10,10,10,8,9,9,9,9,10,10,10,10,8,9,10,3,5,3,3,3,5,4,4,3,3,2
sf,svn,octave,/trunk/octave-forge/main/fixed/src/int/fixed.h,clean,cpp,IssueTrue,42429,196,8314,76,8,6,8,9,3,5,10,10,10,8,9,5,7,9,8,10,10,10,6,6,6,8,9,5,10,10,10,9,10,10,9,10,10,10,10,10,10,10,10,8,9,9,3,5,7,10,10,10,3,4,6,5,5,3,3,3,5,4,4,3,3,3
sf,svn,octave,/trunk/octave-forge/main/fixed/src/op-fcm-fcm.cc,clean,cpp,IssueTrue,42429,196,8314,76,5,5,6,7,5,5,7,7,7,8,9,5,4,4,5,9,9,9,6,6,6,8,9,5,6,6,6,6,6,6,6,6,6,6,6,6,10,10,10,8,9,9,3,4,5,1,2,2,6,4,7,5,5,3,3,3,5,4,4,3,3,3
sf,svn,octave,/trunk/octave-forge/main/fixed/src/op-fcm-fcs.cc,clean,cpp,IssueTrue,42429,196,8314,76,5,4,5,6,6,5,7,7,7,8,9,5,4,4,5,9,9,9,6,6,6,8,9,5,6,6,6,6,6,6,6,6,6,6,6,6,10,10,10,8,9,9,4,4,5,1,2,2,8,4,6,5,5,3,3,3,5,4,4,3,3,3
sf,svn,octave,/trunk/octave-forge/main/fixed/src/op-fcm-fm.cc,clean,cpp,IssueTrue,42429,196,8314,76,4,4,5,6,7,5,7,7,7,8,9,5,4,4,5,9,9,9,6,6,6,8,9,5,6,6,6,6,6,6,6,6,6,6,6,6,10,10,10,8,9,9,4,4,4,1,2,2,7,4,6,5,5,3,3,3,5,4,4,3,3,3
sf,svn,octave,/trunk/octave-forge/main/fixed/src/op-fcm-fs.cc,clean,cpp,IssueTrue,42429,196,8314,76,4,4,5,6,6,5,7,7,7,8,9,5,4,4,5,9,9,9,6,6,6,8,9,5,6,6,6,6,6,6,6,6,6,6,6,6,10,10,10,8,9,9,4,4,5,1,2,2,7,4,6,5,5,3,3,3,5,4,4,3,3,3
sf,svn,octave,/trunk/octave-forge/main/fixed/src/op-fcs-fcm.cc,clean,cpp,IssueTrue,42429,196,8314,76,5,4,5,6,6,5,7,7,7,8,9,5,4,4,5,9,9,9,6,6,6,8,9,5,6,6,6,6,6,6,6,6,6,6,6,6,10,10,10,8,9,9,4,4,5,1,2,2,7,4,7,5,5,3,3,3,5,4,4,3,3,3
sf,svn,octave,/trunk/octave-forge/main/fixed/src/op-fcs-fcs.cc,clean,cpp,IssueTrue,42429,196,8314,76,6,5,6,9,5,5,7,7,7,8,9,5,4,4,5,9,9,9,6,6,6,8,9,5,6,6,6,6,6,6,6,6,6,6,6,6,10,10,10,8,9,9,4,4,7,1,2,2,6,4,8,5,5,3,3,3,5,4,4,3,3,3
sf,svn,octave,/trunk/octave-forge/main/fixed/src/op-fcs-fm.cc,clean,cpp,IssueTrue,42429,196,8314,76,4,4,5,6,7,5,7,7,7,8,9,5,4,4,5,9,9,9,6,6,6,8,9,5,6,6,6,6,6,6,6,6,6,6,6,6,10,10,10,8,9,9,4,4,5,1,2,2,7,4,6,5,5,3,3,3,5,4,4,3,3,3
sf,svn,octave,/trunk/octave-forge/main/fixed/src/op-fcs-fs.cc,clean,cpp,IssueTrue,42429,196,8314,76,5,4,6,8,5,5,7,7,7,8,9,5,4,4,5,9,9,9,6,6,6,8,9,5,6,6,6,6,6,6,6,6,6,6,6,6,10,10,10,8,9,9,4,4,6,1,2,2,7,4,8,5,5,3,3,3,5,4,4,3,3,3
sf,svn,octave,/trunk/octave-forge/main/fixed/src/op-fm-fcm.cc,clean,cpp,IssueTrue,42429,196,8314,76,4,4,5,6,6,5,7,7,7,8,9,5,4,4,5,9,9,9,6,6,6,8,9,5,6,6,6,6,6,6,6,6,6,6,6,6,10,10,10,8,9,9,3,4,5,1,2,2,7,4,6,5,5,3,3,3,5,4,4,3,3,3
sf,svn,octave,/trunk/octave-forge/main/fixed/src/op-fm-fcs.cc,clean,cpp,IssueTrue,42429,196,8314,76,4,4,5,6,7,5,7,7,7,8,9,5,4,4,5,9,9,9,6,6,6,8,9,5,6,6,6,6,6,6,6,6,6,6,6,6,10,10,10,8,9,9,4,4,5,1,2,2,7,4,6,5,5,3,3,3,5,4,4,3,3,3
sf,svn,octave,/trunk/octave-forge/main/fixed/src/op-fm-fm.cc,clean,cpp,IssueTrue,42429,196,8314,76,4,5,5,7,6,5,7,7,7,8,9,5,4,4,5,9,9,9,6,6,6,8,9,5,6,6,6,6,6,6,6,6,6,6,6,6,10,10,10,8,9,9,4,4,5,1,2,2,6,4,6,5,5,3,3,3,5,4,4,3,3,3
sf,svn,octave,/trunk/octave-forge/main/fixed/src/op-fm-fs.cc,clean,cpp,IssueTrue,42429,196,8314,76,4,4,5,6,7,5,7,7,7,8,9,5,4,4,5,9,9,9,6,6,6,8,9,5,6,6,6,6,6,6,6,6,6,6,6,6,10,10,10,8,9,9,4,4,5,1,2,2,7,4,6,5,5,3,3,3,5,4,4,3,3,3
sf,svn,octave,/trunk/octave-forge/main/fixed/src/op-fs-fcm.cc,clean,cpp,IssueTrue,42429,196,8314,76,4,4,5,6,6,5,7,7,7,8,9,5,4,4,5,9,9,9,6,6,6,8,9,5,6,6,6,6,6,6,6,6,6,6,6,6,10,10,10,8,9,9,4,4,5,1,2,2,7,4,6,5,5,3,3,3,5,4,4,3,3,3
sf,svn,octave,/trunk/octave-forge/main/fixed/src/op-fs-fcs.cc,clean,cpp,IssueTrue,42429,196,8314,76,5,4,6,8,5,5,7,7,7,8,9,5,4,4,5,9,9,9,6,6,6,8,9,5,6,6,6,6,6,6,6,6,6,6,6,6,10,10,10,8,9,9,4,4,7,1,2,2,7,4,8,5,5,3,3,3,5,4,4,3,3,3
sf,svn,octave,/trunk/octave-forge/main/fixed/src/op-fs-fm.cc,clean,cpp,IssueTrue,42429,196,8314,76,4,4,5,6,7,5,7,7,7,8,9,5,4,4,5,9,9,9,6,6,6,8,9,5,6,6,6,6,6,6,6,6,6,6,6,6,10,10,10,8,9,9,4,4,5,1,2,2,7,4,6,5,5,3,3,3,5,4,4,3,3,3
sf,svn,octave,/trunk/octave-forge/main/fixed/src/op-fs-fs.cc,clean,cpp,IssueTrue,42429,196,8314,76,4,5,6,8,6,5,7,7,7,8,9,5,4,4,5,9,9,9,6,6,6,8,9,5,6,6,6,6,6,6,6,6,6,6,6,6,10,10,10,8,9,9,4,4,6,1,2,2,6,4,7,5,5,3,3,3,5,4,4,3,3,3
sf,svn,octave,/trunk/octave-forge/main/fixed/src/ov-base-fixed-mat.cc,clean,cpp,IssueTrue,42429,196,8314,76,5,4,4,6,5,7,7,7,7,8,9,5,4,4,5,9,9,9,6,6,6,8,9,5,6,6,6,6,6,6,6,6,6,6,6,6,10,10,10,8,9,9,7,6,6,4,3,5,6,6,5,3,5,3,3,3,5,4,4,3,3,2
sf,svn,octave,/trunk/octave-forge/main/fixed/src/ov-base-fixed-mat.h,buggy,cpp,IssueTrue,42429,196,8314,76,3,4,3,7,8,3,7,7,7,8,9,5,4,4,5,9,9,9,6,6,6,8,9,5,6,6,6,6,6,6,6,6,6,6,6,6,10,10,10,8,9,9,3,3,5,4,7,6,3,3,4,3,5,3,3,3,5,4,4,3,3,2
sf,svn,octave,/trunk/octave-forge/main/fixed/src/ov-base-fixed.cc,clean,cpp,IssueTrue,42429,196,8314,76,3,4,3,4,7,5,7,7,7,8,9,5,4,4,5,9,9,9,6,6,6,8,9,5,6,6,6,6,6,6,6,6,6,6,6,6,10,10,10,8,9,9,8,6,5,4,3,4,7,5,4,3,5,3,3,3,5,4,4,3,3,2
sf,svn,octave,/trunk/octave-forge/main/fixed/src/ov-base-fixed.h,buggy,cpp,IssueTrue,42429,196,8314,76,3,5,3,7,9,3,7,7,7,8,9,5,4,4,5,9,9,9,6,6,6,8,9,5,6,6,6,6,6,6,6,6,6,6,6,6,10,10,10,8,9,9,3,3,5,2,3,3,2,3,3,3,5,3,3,3,5,4,4,3,3,2
sf,svn,octave,/trunk/octave-forge/main/fixed/src/ov-fixed-complex.cc,buggy,cpp,IssueTrue,42429,196,8314,76,7,5,8,7,3,9,7,7,7,8,9,5,4,4,5,9,9,9,6,6,6,8,9,5,6,6,6,6,6,6,6,6,6,6,6,6,10,10,10,8,9,9,10,10,9,4,4,7,8,8,7,3,5,3,3,3,5,4,4,3,3,2
sf,svn,octave,/trunk/octave-forge/main/fixed/src/ov-fixed-complex.h,clean,cpp,IssueTrue,42429,196,8314,76,4,4,4,9,7,3,10,10,10,10,10,8,10,10,9,9,9,9,9,9,9,10,10,8,7,7,7,10,10,10,10,10,10,10,10,10,10,10,10,8,9,9,3,3,7,8,10,9,3,3,5,5,5,3,3,3,5,4,4,3,3,3
sf,svn,octave,/trunk/octave-forge/main/fixed/src/ov-fixed-cx-mat.cc,clean,cpp,IssueTrue,42429,196,8314,76,8,5,9,8,2,9,7,7,7,8,9,5,4,4,5,9,9,9,6,6,6,8,9,5,6,6,6,6,6,6,6,6,6,6,6,6,10,10,10,8,9,9,10,10,10,4,5,7,9,8,9,5,5,3,3,3,5,4,4,3,3,3
sf,svn,octave,/trunk/octave-forge/main/fixed/src/ov-fixed-cx-mat.h,clean,cpp,IssueTrue,42429,196,8314,76,4,4,4,8,7,3,10,10,10,10,10,8,10,10,8,9,9,9,10,9,9,10,10,8,7,7,7,10,10,10,10,10,10,10,10,10,10,10,10,10,10,10,3,3,6,10,10,10,3,3,5,5,5,3,3,3,5,4,4,3,3,3
sf,svn,octave,/trunk/octave-forge/main/fixed/src/ov-fixed-mat.cc,clean,cpp,IssueTrue,42429,196,8314,76,8,5,9,8,2,10,7,7,7,8,9,5,4,4,5,9,9,9,6,6,6,8,9,5,6,6,6,6,6,6,6,6,6,6,6,6,10,10,10,8,9,9,10,10,9,3,5,7,8,8,8,5,5,3,3,3,5,4,4,3,3,3
sf,svn,octave,/trunk/octave-forge/main/fixed/src/ov-fixed-mat.h,clean,cpp,IssueTrue,42429,196,8314,76,3,4,4,8,7,3,10,10,10,10,10,8,10,10,8,9,9,9,9,9,9,10,10,8,7,7,7,10,10,10,10,10,10,10,10,10,10,10,10,10,10,10,3,3,6,9,10,9,3,3,5,5,5,3,3,3,5,4,4,3,3,3
sf,svn,octave,/trunk/octave-forge/main/fixed/src/ov-fixed.cc,buggy,cpp,IssueTrue,42429,196,8314,76,6,6,7,7,4,9,7,7,7,8,9,5,4,4,5,9,9,9,6,6,6,8,9,5,6,6,6,6,6,6,6,6,6,6,6,6,10,10,10,8,9,9,9,9,9,4,4,6,7,8,7,3,5,3,3,3,5,4,4,3,3,2
sf,svn,octave,/trunk/octave-forge/main/fixed/src/ov-fixed.h,clean,cpp,IssueTrue,42429,196,8314,76,4,4,4,9,7,3,10,10,10,10,10,7,10,10,9,9,9,9,9,9,9,10,10,7,7,7,7,10,10,10,10,10,10,10,10,10,10,10,10,8,9,9,3,3,6,8,10,9,3,2,5,5,5,3,3,3,5,4,4,3,3,3
sf,svn,octave,/trunk/octave-forge/main/gsl/src/gsl_sf.cc,clean,cpp,IssueTrue,42429,196,8314,76,10,10,10,10,3,8,7,7,7,8,9,5,4,4,5,9,9,9,6,6,6,8,9,5,6,6,6,6,6,6,6,6,6,6,6,6,10,10,10,8,9,9,10,9,10,4,4,10,10,6,10,5,5,3,3,3,5,4,4,2,2,1
sf,svn,octave,/trunk/octave-forge/main/image/src/__bwdist.cc,buggy,cpp,IssueTrue,42429,196,8314,76,4,4,5,4,6,8,7,7,7,8,9,5,4,4,5,9,9,9,6,6,6,8,9,5,6,6,6,6,6,6,6,6,6,6,6,6,10,10,10,8,9,9,9,7,6,4,5,4,6,4,4,3,5,3,3,3,5,4,4,3,3,2
sf,svn,octave,/trunk/octave-forge/main/image/src/cordflt2.cc,clean,cpp,IssueTrue,42429,196,8314,76,6,5,7,4,4,9,7,7,7,8,9,5,4,4,5,9,9,9,6,6,6,8,9,5,6,6,6,6,6,6,6,6,6,6,6,6,10,10,10,8,9,9,8,6,3,2,3,2,8,6,3,5,5,3,3,3,5,4,4,3,3,3
sf,svn,octave,/trunk/octave-forge/main/image/src/deriche.cc,buggy,cpp,IssueTrue,42429,196,8314,76,7,8,8,3,6,7,7,7,7,8,9,5,4,4,5,9,9,9,6,6,6,8,9,5,6,6,6,6,6,6,6,6,6,6,6,6,10,10,10,8,9,9,10,9,8,8,6,5,9,6,4,3,5,6,4,4,5,4,4,9,8,6
sf,svn,octave,/trunk/octave-forge/main/image/src/pngcanvas.h,clean,cpp,IssueTrue,42429,196,8314,76,3,4,3,3,9,7,7,7,7,8,9,5,4,4,5,9,9,9,6,6,6,8,9,5,6,6,6,6,6,6,6,6,6,6,6,6,10,10,10,8,9,9,9,7,4,8,5,4,4,4,2,3,5,3,3,3,5,4,4,3,3,2
sf,svn,octave,/trunk/octave-forge/main/image/src/pngread.cc,clean,cpp,IssueTrue,42429,196,8314,76,5,7,6,3,6,8,7,7,7,8,9,5,4,4,5,9,9,9,6,6,6,8,9,5,6,6,6,6,6,6,6,6,6,6,6,6,10,10,10,8,9,9,10,9,7,8,5,4,10,9,5,5,5,3,3,3,5,4,4,3,3,3
sf,svn,octave,/trunk/octave-forge/main/image/src/pngwrite.cc,clean,cpp,IssueTrue,42429,196,8314,76,4,8,5,3,9,7,7,7,7,8,9,5,4,4,5,9,9,9,6,6,6,8,9,5,6,6,6,6,6,6,6,6,6,6,6,6,10,10,10,8,9,9,10,7,5,9,7,4,10,8,5,5,5,3,3,3,5,4,4,3,3,3
sf,svn,octave,/trunk/octave-forge/main/io/src/textread.cc,clean,cpp,IssueTrue,42429,196,8314,76,7,5,7,7,3,8,9,8,8,8,9,5,6,6,6,9,9,9,6,6,7,8,9,5,10,9,9,9,9,8,9,8,8,9,9,9,10,10,10,8,9,9,9,10,8,5,4,6,6,9,6,5,5,4,4,4,7,6,6,5,6,4
sf,svn,octave,/trunk/octave-forge/main/octcdf/src/ov-ncatt.cc,clean,cpp,IssueTrue,42429,196,8314,76,5,4,6,6,4,5,7,7,7,8,9,5,4,4,5,9,9,9,6,6,6,8,9,5,6,6,6,6,6,6,6,6,6,6,6,6,10,10,10,8,9,9,6,4,6,5,5,6,10,8,8,3,5,7,5,5,7,5,5,10,10,8
sf,svn,octave,/trunk/octave-forge/main/octcdf/src/ov-ncfile.cc,clean,cpp,IssueTrue,42429,196,8314,76,7,4,7,6,3,9,7,7,7,8,9,5,4,4,5,9,9,9,6,6,6,8,9,5,6,6,6,6,6,6,6,6,6,6,6,6,10,10,10,8,9,9,10,9,8,8,6,7,10,10,7,3,5,10,10,9,10,10,9,10,10,10
sf,svn,octave,/trunk/octave-forge/main/octcdf/src/ov-ncvar.cc,buggy,cpp,IssueTrue,42429,196,8314,76,7,7,8,6,4,10,7,7,7,8,9,5,4,4,5,9,9,9,6,6,6,8,9,5,6,6,6,6,6,6,6,6,6,6,6,6,10,10,10,8,9,9,10,9,9,6,5,6,10,9,8,5,5,9,8,7,9,7,7,7,8,5
sf,svn,octave,/trunk/octave-forge/main/octcdf/src/ov-ncvar.h,buggy,cpp,IssueTrue,42429,196,8314,76,4,5,5,9,7,3,10,10,10,10,10,7,10,10,8,9,9,9,8,8,8,10,10,7,8,8,7,10,10,10,10,10,10,10,10,10,10,10,10,8,9,9,3,3,7,7,7,9,3,3,6,3,5,8,6,5,5,4,4,6,6,4
sf,svn,octave,/trunk/octave-forge/main/octcdf/src/ov-netcdf.cc,buggy,cpp,IssueTrue,42429,196,8314,76,9,6,10,9,2,8,7,7,7,8,9,5,4,4,5,9,9,9,6,6,6,8,9,5,6,6,6,6,6,6,6,6,6,6,6,6,10,10,10,8,9,9,10,10,10,4,6,8,9,9,9,6,5,5,5,5,5,4,4,7,8,7
sf,svn,octave,/trunk/octave-forge/main/odepkg/src/odepkg_mexsolver_dop853.c,clean,cpp,IssueTrue,42429,196,8314,76,9,10,9,3,6,9,7,7,7,8,9,5,4,4,5,9,9,9,6,6,6,8,9,5,6,6,6,6,6,6,6,6,6,6,6,6,10,10,10,8,9,9,10,10,9,9,6,5,10,10,7,9,8,10,10,10,10,10,10,10,10,10
sf,svn,octave,/trunk/octave-forge/main/odepkg/src/odepkg_mexsolver_dopri5.c,clean,cpp,IssueTrue,42429,196,8314,76,9,10,9,3,6,9,7,7,7,8,9,5,4,4,5,9,9,9,6,6,6,8,9,5,6,6,6,6,6,6,6,6,6,6,6,6,10,10,10,8,9,9,10,10,9,9,6,5,10,10,7,10,8,10,10,10,10,10,10,10,10,10
sf,svn,octave,/trunk/octave-forge/main/odepkg/src/odepkg_mexsolver_odex.c,clean,cpp,IssueTrue,42429,196,8314,76,9,10,9,3,6,9,7,7,7,8,9,5,4,4,5,9,9,9,6,6,6,8,9,5,6,6,6,6,6,6,6,6,6,6,6,6,10,10,10,8,9,9,10,10,9,9,7,5,10,10,7,7,8,4,5,4,5,4,4,5,7,5
sf,svn,octave,/trunk/octave-forge/main/odepkg/src/odepkg_mexsolver_radau.c,clean,cpp,IssueTrue,42429,196,8314,76,9,10,10,4,6,9,7,7,7,8,9,5,4,4,5,9,9,9,6,6,6,8,9,5,6,6,6,6,6,6,6,6,6,6,6,6,10,10,10,8,9,9,10,10,9,8,6,6,10,10,8,10,9,9,9,9,6,6,7,8,9,10
sf,svn,octave,/trunk/octave-forge/main/odepkg/src/odepkg_mexsolver_radau5.c,clean,cpp,IssueTrue,42429,196,8314,76,9,10,10,4,6,9,7,7,7,8,9,5,4,4,5,9,9,9,6,6,6,8,9,5,6,6,6,6,6,6,6,6,6,6,6,6,10,10,10,8,9,9,10,10,9,8,6,6,10,10,8,9,8,7,8,7,6,6,6,7,10,9
sf,svn,octave,/trunk/octave-forge/main/odepkg/src/odepkg_mexsolver_rodas.c,clean,cpp,IssueTrue,42429,196,8314,76,9,10,10,5,6,9,7,7,7,8,9,5,4,4,5,9,9,9,6,6,6,8,9,5,6,6,6,6,6,6,6,6,6,6,6,6,10,10,10,8,9,9,10,10,9,7,6,6,10,10,8,9,8,7,8,7,5,5,5,7,10,8
sf,svn,octave,/trunk/octave-forge/main/odepkg/src/odepkg_mexsolver_seulex.c,clean,cpp,IssueTrue,42429,196,8314,76,9,10,10,4,6,9,7,7,7,8,9,5,4,4,5,9,9,9,6,6,6,8,9,5,6,6,6,6,6,6,6,6,6,6,6,6,10,10,10,8,9,9,10,10,9,9,7,6,10,10,8,9,8,7,8,7,7,6,7,7,9,8
sf,svn,octave,/trunk/octave-forge/main/odepkg/src/odepkgmex.h,clean,cpp,IssueTrue,42429,196,8314,76,1,3,2,1,10,3,7,7,7,8,9,5,4,4,5,9,9,9,6,6,6,8,9,5,6,6,6,6,6,6,6,6,6,6,6,6,10,10,10,8,9,9,1,1,2,1,2,2,2,1,2,7,5,6,6,6,5,4,4,4,7,5
sf,svn,octave,/trunk/octave-forge/main/optim/src/samin.cc,buggy,cpp,IssueTrue,42429,196,8314,76,8,9,8,3,6,10,7,7,7,8,9,5,4,4,5,9,9,9,6,6,6,8,9,5,6,6,6,6,6,6,6,6,6,6,6,6,10,10,10,8,9,9,10,10,9,2,2,2,10,8,5,5,8,3,3,3,5,4,4,4,5,3
sf,svn,octave,/trunk/octave-forge/main/optiminterp/src/optiminterp.cc,buggy,cpp,IssueTrue,42429,196,8314,76,3,5,3,2,8,5,7,7,7,8,9,5,4,4,5,9,9,9,6,6,6,8,9,5,6,6,6,6,6,6,6,6,6,6,6,6,10,10,10,8,9,9,10,7,3,1,2,2,10,6,3,6,9,4,4,4,5,4,4,5,6,5
sf,svn,octave,/trunk/octave-forge/main/signal/src/remez.cc,clean,cpp,IssueTrue,42429,196,8314,76,9,10,9,6,9,9,7,7,7,8,9,5,4,4,5,9,9,9,6,6,6,8,9,5,6,6,6,6,6,6,6,6,6,6,6,6,10,10,10,8,9,9,10,10,10,9,7,8,6,6,5,3,5,3,3,3,5,4,4,3,3,2
sf,svn,octave,/trunk/octave-forge/main/symbolic/src/ov-ex.cc,clean,cpp,IssueTrue,42429,196,8314,76,4,6,4,6,8,9,7,7,7,8,9,5,4,4,5,9,9,9,6,6,6,8,9,5,6,6,6,6,6,6,6,6,6,6,6,6,10,10,10,8,9,9,6,6,6,10,10,10,5,5,5,3,8,3,3,3,5,4,4,3,3,2
sf,svn,octave,/trunk/octave-forge/nonfree/gpc/src/gpc_clip.cc,clean,cpp,IssueTrue,42429,196,8314,76,4,4,3,2,6,9,7,7,7,8,9,5,4,4,5,9,9,9,6,6,6,8,9,5,6,6,6,6,6,6,6,6,6,6,6,6,10,10,10,8,9,9,10,8,4,1,2,2,10,6,3,3,5,3,3,3,5,4,4,3,3,2
sf,svn,octave,/trunk/octave-forge/nonfree/gpc/src/gpc_create.cc,clean,cpp,IssueTrue,42429,196,8314,76,3,4,2,2,7,9,7,7,7,8,9,5,4,4,5,9,9,9,6,6,6,8,9,5,6,6,6,6,6,6,6,6,6,6,6,6,10,10,10,8,9,9,10,7,4,1,2,2,9,5,3,3,5,3,3,3,5,4,4,3,3,2
sf,svn,octave,/trunk/octave-forge/nonfree/gpc/src/gpc_get.cc,clean,cpp,IssueTrue,42429,196,8314,76,2,4,2,2,9,7,7,7,7,8,9,5,4,4,5,9,9,9,6,6,6,8,9,5,6,6,6,6,6,6,6,6,6,6,6,6,10,10,10,8,9,9,8,5,3,1,2,2,9,4,3,3,5,3,3,3,5,4,4,3,3,2
sf,svn,octave,/trunk/octave-forge/nonfree/gpc/src/gpc_is_polygon.cc,clean,cpp,IssueTrue,42429,196,8314,76,2,4,1,2,10,5,7,7,7,8,9,5,4,4,5,9,9,9,6,6,6,8,9,5,6,6,6,6,6,6,6,6,6,6,6,6,10,10,10,8,9,9,6,4,2,1,2,2,6,3,2,3,5,3,3,3,5,4,4,3,3,2
sf,svn,octave,/trunk/octave-forge/nonfree/gpc/src/gpc_read.cc,clean,cpp,IssueTrue,42429,196,8314,76,3,4,3,2,8,8,7,7,7,8,9,5,4,4,5,9,9,9,6,6,6,8,9,5,6,6,6,6,6,6,6,6,6,6,6,6,10,10,10,8,9,9,10,7,3,1,2,2,10,7,3,3,5,3,3,3,5,4,4,3,3,2
sf,svn,octave,/trunk/octave-forge/nonfree/gpc/src/gpc_tristrip.cc,clean,cpp,IssueTrue,42429,196,8314,76,3,4,2,2,8,8,7,7,7,8,9,5,4,4,5,9,9,9,6,6,6,8,9,5,6,6,6,6,6,6,6,6,6,6,6,6,10,10,10,8,9,9,9,6,3,6,3,3,10,6,3,3,5,3,3,3,5,4,4,3,3,2
sf,svn,octave,/trunk/octave-forge/nonfree/gpc/src/gpc_write.cc,clean,cpp,IssueTrue,42429,196,8314,76,3,4,3,2,7,8,7,7,7,8,9,5,4,4,5,9,9,9,6,6,6,8,9,5,6,6,6,6,6,6,6,6,6,6,6,6,10,10,10,8,9,9,10,7,4,1,2,2,10,7,3,3,5,3,3,3,5,4,4,3,3,2
sf,svn,octave,/trunk/octave-forge/nonfree/gpc/src/octave-gpc.cc,clean,cpp,IssueTrue,42429,196,8314,76,6,5,6,5,4,8,7,7,7,8,9,5,4,4,5,9,9,9,6,6,6,8,9,5,6,6,6,6,6,6,6,6,6,6,6,6,10,10,10,8,9,9,9,8,7,8,8,7,7,7,5,3,5,3,3,3,5,4,4,3,3,2
sf,svn,octave,/trunk/octave-forge/nonfree/gpc/src/octave-gpc.h,clean,cpp,IssueTrue,42429,196,8314,76,2,4,2,5,9,3,8,8,7,10,10,7,5,6,6,9,9,9,7,7,7,10,10,7,8,8,7,9,8,8,9,8,8,9,8,8,10,10,10,8,9,9,3,3,4,4,5,5,3,3,3,3,5,3,3,3,5,4,4,3,3,2
