Host,Vcs,Project,File,Buggy,PL,IssueTracking,TLOC,TNF,TNC,TND,LOC,CL,NStmt,NFunc,RCC,MNL,avg_WMC,max_WMC,total_WMC,avg_DIT,max_DIT,total_DIT,avg_RFC,max_RFC,total_RFC,avg_NOC,max_NOC,total_NOC,avg_CBO,max_CBO,total_CBO,avg_DIT.1,max_DIT.1,total_DIT.1,avg_NIV,max_NIV,total_NIV,avg_NIM,max_NIM,total_NIM,avg_NOM,max_NOM,total_NOM,avg_NPBM,max_NPBM,total_NPBM,avg_NPM,max_NPM,total_NPM,avg_NPRM,max_NPRM,total_NPRM,avg_CC,max_CC,total_CC,avg_FANIN,max_FANIN,total_FANIN,avg_FANOUT,max_FANOUT,total_FANOUT,NRev,NFix,avg_AddedLOC,max_AddedLOC,total_AddedLOC,avg_DeletedLOC,max_DeletedLOC,total_DeletedLOC,avg_ModifiedLOC,max_ModifiedLOC,total_ModifiedLOC
sf,cvs,ofbiz,ofbiz/catalog/src/org/ofbiz/catalog/ProductEvents.java,buggy,java,IssueFalse,45229,319,15375,13,10,9,10,6,3,7,10,10,9,6,7,8,7,5,6,9,9,9,8,8,8,6,7,8,4,6,6,1,2,2,6,6,6,6,6,6,9,9,9,8,9,9,10,10,9,7,7,6,10,9,9,6,8,7,8,8,5,7,7,8,7,7
sf,cvs,ofbiz,ofbiz/catalog/src/org/ofbiz/catalog/VariantEvents.java,buggy,java,IssueFalse,45229,319,15375,13,6,7,6,3,6,9,5,4,4,6,7,8,6,3,5,9,9,9,6,7,7,6,7,8,4,6,6,1,2,2,2,2,2,2,2,2,9,9,9,8,9,9,10,8,4,7,5,3,10,8,5,3,5,3,4,4,8,7,7,6,4,3
sf,cvs,ofbiz,ofbiz/commonapp/src/org/ofbiz/commonapp/accounting/payment/Attic/AbstractPaymentGateway.java,clean,java,IssueFalse,45229,319,15375,13,3,6,3,7,8,4,5,4,4,6,7,8,7,6,6,10,10,10,2,3,3,6,7,8,4,6,6,7,7,7,7,7,6,7,6,6,9,9,9,8,9,9,4,5,4,3,2,3,2,3,4,5,8,9,9,8,9,8,8,9,9,8
sf,cvs,ofbiz,ofbiz/commonapp/src/org/ofbiz/commonapp/accounting/payment/Attic/CreditCardPaymentInfo.java,clean,java,IssueFalse,45229,319,15375,13,2,7,1,5,10,2,2,2,2,9,10,9,9,8,8,9,9,9,1,1,1,9,10,9,6,7,7,6,6,6,5,6,5,6,5,5,9,9,9,8,9,9,3,3,3,3,3,3,1,2,3,5,8,9,9,8,6,7,7,9,9,8
sf,cvs,ofbiz,ofbiz/commonapp/src/org/ofbiz/commonapp/accounting/payment/Attic/EFTPaymentInfo.java,clean,java,IssueFalse,45229,319,15375,13,2,7,1,5,10,2,2,2,2,9,10,9,9,8,8,9,9,9,1,1,1,9,10,9,6,7,7,5,5,5,4,5,4,5,4,4,9,9,9,8,9,9,3,3,3,3,3,3,1,2,2,5,8,9,9,8,6,7,7,9,8,8
sf,cvs,ofbiz,ofbiz/commonapp/src/org/ofbiz/commonapp/accounting/payment/Attic/PaymentGateway.java,clean,java,IssueFalse,45229,319,15375,13,1,6,1,4,10,2,2,2,2,1,2,5,4,2,4,10,10,10,1,3,3,1,2,5,4,6,6,4,5,4,3,4,3,4,3,3,9,9,9,8,9,9,3,3,2,3,2,2,1,2,2,5,8,9,9,8,3,5,5,8,7,6
sf,cvs,ofbiz,ofbiz/commonapp/src/org/ofbiz/commonapp/accounting/payment/Attic/PaymentGatewayException.java,clean,java,IssueFalse,45229,319,15375,13,2,7,1,5,10,2,2,2,2,10,10,10,10,9,9,9,9,9,1,1,1,10,10,10,4,6,6,6,6,6,5,6,5,6,5,5,9,9,9,8,9,9,3,3,3,5,7,5,1,2,3,5,8,9,9,8,6,7,7,8,7,6
sf,cvs,ofbiz,ofbiz/commonapp/src/org/ofbiz/commonapp/accounting/payment/Attic/PaymentInfo.java,clean,java,IssueFalse,45229,319,15375,13,7,9,7,9,8,6,7,7,6,6,7,8,9,8,8,10,10,10,6,7,7,6,7,8,9,9,9,10,10,9,9,9,9,10,9,9,9,9,9,8,9,9,3,6,6,3,7,7,2,8,7,7,9,10,10,10,10,10,10,9,9,9
sf,cvs,ofbiz,ofbiz/commonapp/src/org/ofbiz/commonapp/accounting/payment/PaymentGatewayServices.java,buggy,java,IssueFalse,45229,319,15375,13,9,9,9,7,4,7,9,9,8,6,7,8,8,6,7,9,9,9,10,10,9,6,7,8,4,6,6,1,2,2,7,7,7,6,5,5,9,9,9,10,10,10,9,10,8,6,8,6,9,10,9,10,10,6,9,9,4,7,8,7,7,9
sf,cvs,ofbiz,ofbiz/commonapp/src/org/ofbiz/commonapp/accounting/payment/PaymentServices.java,buggy,java,IssueFalse,45229,319,15375,13,10,9,10,8,3,7,10,10,9,6,7,8,8,7,7,9,9,9,10,10,10,6,7,8,4,6,6,1,2,2,8,8,8,8,8,8,9,9,9,10,10,10,9,9,9,8,8,8,10,10,10,9,9,10,10,10,7,8,9,10,10,10
sf,cvs,ofbiz,ofbiz/commonapp/src/org/ofbiz/commonapp/accounting/payment/PaymentWorker.java,buggy,java,IssueFalse,45229,319,15375,13,7,6,7,5,4,10,8,7,7,6,7,8,7,4,6,9,9,9,8,8,8,6,7,8,4,6,6,1,2,2,4,5,4,5,4,4,9,9,9,8,9,9,10,9,7,9,8,6,8,7,6,6,5,9,9,9,4,7,6,10,10,10
sf,cvs,ofbiz,ofbiz/commonapp/src/org/ofbiz/commonapp/common/CommonServices.java,buggy,java,IssueFalse,45229,319,15375,13,8,9,8,6,5,6,8,7,7,6,7,8,7,5,6,9,9,9,10,10,9,6,7,8,4,6,6,1,2,2,6,6,6,6,6,6,9,9,9,8,9,9,8,8,7,7,7,6,9,7,8,9,10,7,8,9,4,7,7,6,5,7
sf,cvs,ofbiz,ofbiz/commonapp/src/org/ofbiz/commonapp/common/CommonWorkers.java,clean,java,IssueFalse,45229,319,15375,13,3,6,3,5,9,7,4,3,3,6,7,8,7,4,6,9,9,9,1,3,3,6,7,8,4,6,6,1,2,2,4,5,4,5,4,4,9,9,9,8,9,9,4,6,4,4,4,3,3,4,4,6,8,5,6,7,6,7,7,7,6,7
sf,cvs,ofbiz,ofbiz/commonapp/src/org/ofbiz/commonapp/common/status/StatusWorker.java,buggy,java,IssueFalse,45229,319,15375,13,4,6,4,5,7,6,5,5,4,6,7,8,7,4,6,9,9,9,4,5,5,6,7,8,4,6,6,1,2,2,4,5,4,5,4,4,9,9,9,8,9,9,7,7,5,7,6,5,6,5,5,3,8,10,8,8,10,9,9,8,5,5
sf,cvs,ofbiz,ofbiz/commonapp/src/org/ofbiz/commonapp/marketing/tracking/TrackingCodeEvents.java,clean,java,IssueFalse,45229,319,15375,13,9,9,9,6,5,10,9,9,9,6,7,8,7,5,6,9,9,9,8,8,8,6,7,8,4,6,6,1,2,2,6,6,6,6,5,5,9,9,9,10,10,10,10,9,8,6,7,6,10,9,9,10,8,10,10,10,6,8,9,8,9,9
sf,cvs,ofbiz,ofbiz/commonapp/src/org/ofbiz/commonapp/order/order/OrderChangeHelper.java,buggy,java,IssueFalse,45229,319,15375,13,8,8,8,7,5,7,8,7,7,6,7,8,8,6,7,9,9,9,8,8,8,6,7,8,4,6,6,1,2,2,7,7,7,7,7,7,9,9,9,8,9,9,7,8,7,10,8,8,6,7,8,5,5,10,10,10,4,6,5,7,6,6
sf,cvs,ofbiz,ofbiz/commonapp/src/org/ofbiz/commonapp/order/order/OrderReadHelper.java,buggy,java,IssueFalse,45229,319,15375,13,10,9,10,10,3,9,10,10,10,6,7,8,10,10,10,9,9,9,8,8,8,6,7,8,10,10,9,10,10,10,10,10,10,10,10,10,10,10,9,8,9,9,4,8,10,6,9,10,4,6,10,9,5,10,10,10,7,9,9,9,8,9
sf,cvs,ofbiz,ofbiz/commonapp/src/org/ofbiz/commonapp/order/order/OrderServices.java,buggy,java,IssueFalse,45229,319,15375,13,10,10,10,9,2,10,10,10,10,6,7,8,9,8,8,9,9,9,10,10,10,6,7,8,4,6,6,1,2,2,10,10,9,10,9,9,9,9,9,10,10,10,9,10,10,8,8,9,9,10,10,10,10,10,10,10,6,9,9,8,9,10
sf,cvs,ofbiz,ofbiz/commonapp/src/org/ofbiz/commonapp/order/shoppingcart/CartEventListener.java,clean,java,IssueFalse,45229,319,15375,13,5,7,5,5,7,7,5,4,4,6,7,8,7,4,6,9,9,9,7,8,7,6,7,8,4,6,6,5,5,5,4,5,4,5,4,4,9,9,9,8,9,9,6,8,4,3,5,3,7,9,6,7,8,3,4,4,5,7,7,6,5,6
sf,cvs,ofbiz,ofbiz/commonapp/src/org/ofbiz/commonapp/order/shoppingcart/CheckOutEvents.java,buggy,java,IssueFalse,45229,319,15375,13,10,10,10,9,3,10,10,10,10,6,7,8,9,8,8,9,9,9,10,10,10,6,7,8,4,6,6,1,2,2,10,10,9,9,9,9,9,9,9,10,10,10,9,10,10,8,9,9,10,10,10,10,10,9,10,10,7,10,10,8,9,10
sf,cvs,ofbiz,ofbiz/commonapp/src/org/ofbiz/commonapp/order/shoppingcart/ShoppingCart.java,buggy,java,IssueFalse,45229,319,15375,13,10,10,10,10,4,10,10,10,10,6,7,8,10,10,10,9,9,9,9,9,9,6,7,8,10,10,10,10,10,10,10,10,10,10,10,10,10,10,9,10,10,10,4,8,10,5,9,10,3,10,10,10,5,10,10,10,6,9,9,8,9,10
sf,cvs,ofbiz,ofbiz/commonapp/src/org/ofbiz/commonapp/order/shoppingcart/ShoppingCartEvents.java,buggy,java,IssueFalse,45229,319,15375,13,10,9,10,8,3,10,10,10,9,6,7,8,8,7,7,9,9,9,10,10,9,6,7,8,4,6,6,1,2,2,8,8,8,9,8,8,9,9,9,8,9,9,9,9,9,7,7,8,9,10,10,10,8,7,9,10,5,7,8,10,10,10
sf,cvs,ofbiz,ofbiz/commonapp/src/org/ofbiz/commonapp/order/shoppingcart/ShoppingCartItem.java,buggy,java,IssueFalse,45229,319,15375,13,10,10,10,10,3,10,10,10,10,6,7,8,10,10,10,9,9,9,10,10,9,6,7,8,10,10,10,10,10,10,10,10,10,10,10,10,10,10,10,8,9,9,4,9,10,6,9,10,3,10,10,10,10,9,10,10,5,8,9,10,10,10
sf,cvs,ofbiz,ofbiz/commonapp/src/org/ofbiz/commonapp/party/contact/ContactHelper.java,buggy,java,IssueFalse,45229,319,15375,13,5,9,4,6,9,7,5,5,4,6,7,8,7,5,6,9,9,9,4,6,5,6,7,8,4,6,6,1,2,2,6,6,6,6,6,6,9,9,9,8,9,9,5,7,5,7,8,6,4,5,5,3,5,8,7,7,3,5,5,10,10,10
sf,cvs,ofbiz,ofbiz/commonapp/src/org/ofbiz/commonapp/party/contact/ContactMechServices.java,buggy,java,IssueFalse,45229,319,15375,13,10,10,10,8,4,9,10,10,10,6,7,8,8,7,7,9,9,9,9,9,8,6,7,8,4,6,6,1,2,2,8,9,8,9,8,8,9,9,9,8,9,9,9,10,9,8,8,8,10,9,10,9,5,9,10,10,7,9,9,10,10,10
sf,cvs,ofbiz,ofbiz/commonapp/src/org/ofbiz/commonapp/party/contact/ContactMechWorker.java,buggy,java,IssueFalse,45229,319,15375,13,10,6,9,6,2,9,10,10,9,6,7,8,7,5,6,9,9,9,7,8,7,6,7,8,4,6,6,1,2,2,6,6,6,6,6,6,9,9,9,8,9,9,10,10,9,10,10,8,10,9,9,6,5,9,9,9,5,7,7,10,10,10
sf,cvs,ofbiz,ofbiz/commonapp/src/org/ofbiz/commonapp/party/party/PartyHelper.java,buggy,java,IssueFalse,45229,319,15375,13,4,6,4,5,7,9,5,5,4,6,7,8,7,4,6,9,9,9,3,5,4,6,7,8,4,6,6,1,2,2,4,5,4,5,4,4,9,9,9,8,9,9,6,6,5,4,4,3,7,6,6,5,8,8,8,8,10,9,9,8,6,6
sf,cvs,ofbiz,ofbiz/commonapp/src/org/ofbiz/commonapp/party/party/PartyRelationshipServices.java,buggy,java,IssueFalse,45229,319,15375,13,8,8,8,5,5,6,8,7,7,6,7,8,7,5,6,9,9,9,7,7,7,6,7,8,4,6,6,1,2,2,5,6,5,6,5,5,9,9,9,8,9,9,9,8,7,8,6,6,10,8,8,5,8,3,5,5,9,8,8,7,5,5
sf,cvs,ofbiz,ofbiz/commonapp/src/org/ofbiz/commonapp/party/party/PartyRoleServices.java,buggy,java,IssueFalse,45229,319,15375,13,5,7,5,4,7,6,5,4,4,6,7,8,6,4,5,9,9,9,6,7,6,6,7,8,4,6,6,1,2,2,3,4,3,4,3,3,9,9,9,8,9,9,8,6,4,8,6,4,9,7,6,3,8,5,5,5,8,7,7,10,8,7
sf,cvs,ofbiz,ofbiz/commonapp/src/org/ofbiz/commonapp/party/party/PartyServices.java,buggy,java,IssueFalse,45229,319,15375,13,10,10,10,9,4,9,10,10,10,6,7,8,9,8,8,9,9,9,10,10,9,6,7,8,4,6,6,1,2,2,9,9,9,9,9,9,9,9,9,8,9,9,9,8,9,7,7,8,10,9,10,9,10,9,10,10,10,10,10,8,8,9
sf,cvs,ofbiz,ofbiz/commonapp/src/org/ofbiz/commonapp/party/party/PartyWorker.java,buggy,java,IssueFalse,45229,319,15375,13,3,6,3,3,8,6,4,3,3,6,7,8,6,3,5,9,9,9,2,3,3,6,7,8,4,6,6,1,2,2,2,2,2,2,2,2,9,9,9,8,9,9,9,7,4,9,7,4,5,4,3,3,8,9,8,8,10,9,9,8,5,5
sf,cvs,ofbiz,ofbiz/commonapp/src/org/ofbiz/commonapp/product/catalog/CatalogWorker.java,buggy,java,IssueFalse,45229,319,15375,13,10,9,10,10,2,10,10,10,10,6,7,9,10,10,10,9,9,9,8,10,10,6,7,9,6,8,7,4,6,6,10,10,10,10,10,10,9,9,9,9,10,10,5,9,10,5,9,10,5,10,10,10,5,9,10,10,5,8,9,9,10,10
sf,cvs,ofbiz,ofbiz/commonapp/src/org/ofbiz/commonapp/product/category/CategoryServices.java,buggy,java,IssueFalse,45229,319,15375,13,8,6,8,5,3,7,8,7,7,6,7,8,7,4,6,9,9,9,8,8,8,6,7,8,4,6,6,1,2,2,4,5,4,5,4,4,9,9,9,8,9,9,9,9,7,7,7,5,10,8,7,5,5,8,8,8,3,5,5,6,4,4
sf,cvs,ofbiz,ofbiz/commonapp/src/org/ofbiz/commonapp/product/category/CategoryWorker.java,buggy,java,IssueFalse,45229,319,15375,13,9,8,9,9,4,10,9,9,9,6,7,8,9,8,8,9,9,9,6,7,6,6,7,8,4,6,6,1,2,2,10,10,10,10,9,9,9,9,9,8,9,9,5,9,8,4,6,8,4,7,9,5,5,10,9,9,6,7,7,10,10,10
sf,cvs,ofbiz,ofbiz/commonapp/src/org/ofbiz/commonapp/product/inventory/InventoryServices.java,clean,java,IssueFalse,45229,319,15375,13,8,8,8,5,5,7,8,8,7,6,7,8,7,4,6,9,9,9,5,6,6,6,7,8,4,6,6,1,2,2,4,5,4,5,4,4,9,9,9,8,9,9,10,9,7,6,5,4,9,8,7,3,5,3,4,4,3,5,5,6,3,3
sf,cvs,ofbiz,ofbiz/commonapp/src/org/ofbiz/commonapp/product/price/PriceServices.java,buggy,java,IssueFalse,45229,319,15375,13,10,10,10,4,4,10,10,10,10,6,7,8,6,4,5,9,9,9,9,9,9,6,7,8,4,6,6,1,2,2,3,4,3,4,3,3,9,9,9,8,9,9,10,10,10,10,8,5,10,10,8,9,9,9,10,10,4,7,7,10,10,10
sf,cvs,ofbiz,ofbiz/commonapp/src/org/ofbiz/commonapp/product/product/KeywordIndex.java,buggy,java,IssueFalse,45229,319,15375,13,7,6,6,4,5,9,7,6,6,6,7,8,6,4,5,9,9,9,9,9,8,6,7,8,4,6,6,1,2,2,3,4,3,4,3,3,9,9,9,8,9,9,10,9,6,5,5,3,10,10,7,5,8,8,8,8,9,9,9,5,4,4
sf,cvs,ofbiz,ofbiz/commonapp/src/org/ofbiz/commonapp/product/product/KeywordSearch.java,buggy,java,IssueFalse,45229,319,15375,13,9,9,9,7,4,9,9,9,9,6,7,8,7,6,6,9,9,9,10,10,9,6,7,8,4,6,6,1,2,2,7,7,6,5,4,4,10,10,10,8,9,9,10,10,8,7,8,7,9,10,9,8,8,9,9,10,10,10,10,9,9,9
sf,cvs,ofbiz,ofbiz/commonapp/src/org/ofbiz/commonapp/product/product/ProductServices.java,buggy,java,IssueFalse,45229,319,15375,13,10,9,10,8,4,10,10,10,9,6,7,8,8,7,7,9,9,9,10,10,9,6,7,8,4,6,6,1,2,2,8,8,8,8,7,7,9,9,9,10,10,10,9,9,9,8,8,8,9,10,10,5,5,10,10,9,4,6,5,9,8,7
sf,cvs,ofbiz,ofbiz/commonapp/src/org/ofbiz/commonapp/product/product/ProductWorker.java,buggy,java,IssueFalse,45229,319,15375,13,8,9,8,7,6,6,8,8,7,6,7,8,8,6,7,9,9,9,6,7,7,6,7,8,4,6,6,1,2,2,7,7,7,7,7,7,9,9,9,8,9,9,7,9,7,6,7,7,5,8,7,7,8,7,7,8,5,7,7,8,8,8
sf,cvs,ofbiz,ofbiz/commonapp/src/org/ofbiz/commonapp/product/promo/ProductPromoWorker.java,buggy,java,IssueFalse,45229,319,15375,13,10,10,10,7,4,10,10,10,10,6,7,8,8,6,7,9,9,9,9,9,9,6,7,8,4,6,6,1,2,2,7,8,7,8,7,7,9,9,9,8,9,9,10,10,10,9,8,8,10,9,10,8,8,10,10,10,4,7,7,10,10,10
sf,cvs,ofbiz,ofbiz/commonapp/src/org/ofbiz/commonapp/security/login/HashEncrypt.java,buggy,java,IssueFalse,45229,319,15375,13,6,6,6,5,5,7,6,6,5,6,7,8,7,5,6,9,9,9,2,4,4,6,7,8,4,6,6,1,2,2,5,6,5,5,4,4,9,9,9,10,10,10,7,7,5,7,6,6,5,5,5,3,5,3,4,4,3,5,5,5,2,3
sf,cvs,ofbiz,ofbiz/commonapp/src/org/ofbiz/commonapp/security/login/LoginEvents.java,buggy,java,IssueFalse,45229,319,15375,13,10,10,10,9,5,10,10,10,9,6,7,8,8,7,7,9,9,9,10,10,9,6,7,8,4,6,6,1,2,2,9,9,9,9,8,8,10,10,9,10,10,10,8,10,9,7,9,8,8,10,10,10,9,8,10,10,3,7,7,10,10,10
sf,cvs,ofbiz,ofbiz/commonapp/src/org/ofbiz/commonapp/security/login/LoginServices.java,buggy,java,IssueFalse,45229,319,15375,13,10,9,10,7,3,10,10,10,10,6,7,8,7,6,6,9,9,9,10,10,9,6,7,8,4,6,6,1,2,2,7,7,6,7,6,6,9,9,9,8,9,9,10,10,9,9,8,8,10,10,10,10,10,9,10,10,5,8,8,10,10,10
sf,cvs,ofbiz,ofbiz/commonapp/src/org/ofbiz/commonapp/shipment/shipment/ShipmentServices.java,buggy,java,IssueFalse,45229,319,15375,13,7,6,7,5,5,10,6,6,5,6,7,8,7,4,6,9,9,9,8,8,8,6,7,8,4,6,6,1,2,2,4,5,4,4,3,3,9,9,9,10,10,10,8,7,5,9,9,6,9,7,7,6,9,9,10,9,10,10,10,7,6,6
sf,cvs,ofbiz,ofbiz/commonapp/src/org/ofbiz/commonapp/shipment/shipment/ShippingEvents.java,buggy,java,IssueFalse,45229,319,15375,13,9,10,9,3,7,10,9,8,8,6,7,8,6,3,5,9,9,9,9,9,8,6,7,8,4,6,6,1,2,2,2,2,2,2,2,2,9,9,9,8,9,9,10,10,8,6,5,3,10,10,7,6,8,3,4,4,5,7,7,7,5,6
sf,cvs,ofbiz,ofbiz/commonapp/src/org/ofbiz/commonapp/thirdparty/paymentech/Attic/PaymentechGateway.java,clean,java,IssueFalse,45229,319,15375,13,8,8,7,8,5,6,7,6,6,9,10,9,9,8,8,9,9,9,7,8,7,9,10,9,8,8,8,9,9,8,8,8,8,6,6,6,10,10,10,8,9,9,4,6,6,5,7,6,5,6,8,6,8,9,9,9,10,9,9,10,10,10
sf,cvs,ofbiz,ofbiz/commonapp/src/org/ofbiz/commonapp/thirdparty/paypal/PayPalEvents.java,buggy,java,IssueFalse,45229,319,15375,13,9,9,9,6,5,7,9,8,8,6,7,8,7,5,6,9,9,9,10,10,10,6,7,8,4,6,6,1,2,2,6,6,6,5,4,4,9,9,9,10,10,10,9,9,8,9,8,7,10,10,9,10,10,8,10,10,5,9,8,6,7,9
sf,cvs,ofbiz,ofbiz/commonapp/src/org/ofbiz/commonapp/thirdparty/worldpay/SelectRespServlet.java,buggy,java,IssueFalse,45229,319,15375,13,9,8,8,5,4,6,8,7,7,9,10,9,7,5,6,9,9,9,9,9,9,9,10,9,9,9,9,6,6,6,5,6,5,1,1,1,10,10,9,10,10,10,9,9,7,9,9,7,9,10,8,10,10,8,9,10,9,10,10,7,7,9
sf,cvs,ofbiz,ofbiz/commonapp/src/org/ofbiz/commonapp/thirdparty/worldpay/WorldPayEvents.java,clean,java,IssueFalse,45229,319,15375,13,9,8,9,3,4,7,9,8,8,6,7,8,6,3,5,9,9,9,9,9,8,6,7,8,4,6,6,1,2,2,2,2,2,2,2,2,9,9,9,8,9,9,10,10,8,10,10,6,10,10,7,10,10,6,8,9,4,8,7,6,6,8
sf,cvs,ofbiz,ofbiz/commonapp/src/org/ofbiz/commonapp/workeffort/project/ProjectWorker.java,buggy,java,IssueFalse,45229,319,15375,13,8,7,7,6,4,9,8,8,7,6,7,8,7,5,6,9,9,9,6,7,6,6,7,8,4,6,6,1,2,2,6,6,6,6,6,6,9,9,9,8,9,9,8,8,7,8,6,6,9,8,8,3,8,3,4,4,8,7,7,7,5,4
sf,cvs,ofbiz,ofbiz/commonapp/src/org/ofbiz/commonapp/workeffort/workeffort/WorkEffortPartyAssignmentServices.java,buggy,java,IssueFalse,45229,319,15375,13,9,9,8,5,5,9,8,8,7,6,7,8,7,5,6,9,9,9,8,8,8,6,7,8,4,6,6,1,2,2,5,6,5,6,5,5,9,9,9,8,9,9,9,9,7,10,8,7,10,8,8,7,5,6,8,8,8,9,9,9,8,8
sf,cvs,ofbiz,ofbiz/commonapp/src/org/ofbiz/commonapp/workeffort/workeffort/WorkEffortServices.java,buggy,java,IssueFalse,45229,319,15375,13,7,6,7,5,4,6,6,6,5,6,7,8,7,5,6,9,9,9,6,7,7,6,7,8,4,6,6,1,2,2,5,6,5,6,5,5,9,9,9,8,9,9,7,6,5,7,5,6,9,6,8,3,5,3,4,4,7,7,6,5,2,3
sf,cvs,ofbiz,ofbiz/commonapp/src/org/ofbiz/commonapp/workeffort/workeffort/WorkEffortWorker.java,buggy,java,IssueFalse,45229,319,15375,13,9,8,8,6,4,7,9,9,8,6,7,8,7,5,6,9,9,9,9,9,9,6,7,8,4,6,6,1,2,2,6,6,6,6,6,6,9,9,9,8,9,9,10,10,8,9,9,7,8,9,8,6,5,3,4,4,10,10,10,6,5,6
sf,cvs,ofbiz,ofbiz/core/src/datafile/org/ofbiz/core/datafile/Record.java,buggy,java,IssueFalse,45229,319,15375,13,10,10,9,10,5,7,10,10,10,6,7,8,9,9,8,9,9,9,10,10,9,6,7,8,9,9,9,10,10,10,10,10,10,10,10,10,10,10,10,8,9,9,6,9,9,5,8,9,4,8,9,3,5,10,9,8,10,9,9,7,5,4
sf,cvs,ofbiz,ofbiz/core/src/entity/org/ofbiz/core/entity/Attic/TyrexConnectionFactory.java,clean,java,IssueFalse,45229,319,15375,13,4,7,4,3,8,6,3,3,3,6,7,8,6,3,5,9,9,9,5,6,6,6,7,8,4,6,6,1,2,2,2,2,2,2,2,2,9,9,9,8,9,9,8,6,3,6,5,3,9,7,4,5,8,3,4,4,7,7,7,7,5,5
sf,cvs,ofbiz,ofbiz/core/src/entity/org/ofbiz/core/entity/ConnectionFactory.java,buggy,java,IssueFalse,45229,319,15375,13,8,9,7,3,7,10,8,7,7,6,7,8,6,3,5,9,9,9,10,10,9,6,7,8,4,6,6,1,2,2,2,2,2,2,2,2,9,9,9,8,9,9,10,10,7,10,10,6,10,9,6,5,8,10,10,10,10,10,10,10,9,9
sf,cvs,ofbiz,ofbiz/core/src/entity/org/ofbiz/core/entity/DelegatorInterface.java,clean,java,IssueFalse,45229,319,15375,13,7,6,8,10,4,2,10,10,10,1,2,5,10,10,10,10,10,10,7,8,7,1,2,5,4,6,6,10,10,10,10,10,10,1,1,1,9,9,9,8,9,9,3,3,9,2,2,2,1,2,9,3,5,6,6,6,10,9,8,5,2,3
sf,cvs,ofbiz,ofbiz/core/src/entity/org/ofbiz/core/entity/EntityClause.java,clean,java,IssueFalse,45229,319,15375,13,7,6,7,9,5,4,9,8,8,6,7,8,9,8,8,9,9,9,2,4,4,6,7,8,10,10,10,10,10,10,10,10,10,10,9,9,10,10,10,8,9,9,4,9,7,4,7,8,1,4,7,3,5,5,5,5,3,5,5,5,2,3
sf,cvs,ofbiz,ofbiz/core/src/entity/org/ofbiz/core/entity/EntityConditionList.java,buggy,java,IssueFalse,45229,319,15375,13,5,6,5,8,6,7,6,6,5,9,10,9,8,6,7,9,9,9,3,5,4,9,10,9,7,8,7,8,9,8,8,8,8,8,7,7,10,10,9,8,9,9,4,6,5,3,5,5,3,5,6,7,8,8,8,9,8,9,9,7,7,7
sf,cvs,ofbiz,ofbiz/core/src/entity/org/ofbiz/core/entity/EntityExpr.java,buggy,java,IssueFalse,45229,319,15375,13,8,7,7,9,4,10,9,8,8,9,10,9,9,7,7,9,9,9,4,6,5,9,10,9,9,9,9,9,9,9,9,9,9,9,9,9,10,10,9,8,9,9,5,9,8,7,10,8,3,8,7,5,5,9,8,8,10,9,9,8,7,7
sf,cvs,ofbiz,ofbiz/core/src/entity/org/ofbiz/core/entity/EntityExprList.java,buggy,java,IssueFalse,45229,319,15375,13,5,6,5,8,6,7,6,6,5,9,10,9,8,6,7,9,9,9,4,5,5,9,10,9,7,8,7,8,9,8,8,8,8,8,7,7,10,10,9,8,9,9,4,6,5,3,5,5,2,5,6,6,8,9,8,9,9,9,9,6,5,5
sf,cvs,ofbiz,ofbiz/core/src/entity/org/ofbiz/core/entity/EntityFieldMap.java,buggy,java,IssueFalse,45229,319,15375,13,4,6,4,8,7,7,6,5,5,9,10,9,8,7,7,9,9,9,5,6,6,9,10,9,7,8,7,9,9,8,8,8,8,8,8,8,10,10,9,8,9,9,3,6,5,3,5,5,2,5,6,5,5,10,8,9,10,9,9,6,5,5
sf,cvs,ofbiz,ofbiz/core/src/entity/org/ofbiz/core/entity/EntityOperator.java,clean,java,IssueFalse,45229,319,15375,13,5,6,5,6,7,4,3,3,3,6,7,8,7,5,6,9,9,9,1,1,1,6,7,8,7,8,7,7,7,7,6,6,6,6,6,6,9,9,9,8,9,9,3,4,3,5,7,5,1,3,3,5,5,7,8,7,4,6,5,9,8,7
sf,cvs,ofbiz,ofbiz/core/src/entity/org/ofbiz/core/entity/EntitySaxReader.java,buggy,java,IssueFalse,45229,319,15375,13,9,8,8,10,4,10,9,9,8,6,7,8,9,9,8,9,9,9,9,9,9,6,7,8,10,10,10,10,10,10,10,10,10,10,10,10,10,10,9,8,9,9,4,8,8,4,8,8,2,8,8,5,5,6,7,7,9,8,8,8,7,7
sf,cvs,ofbiz,ofbiz/core/src/entity/org/ofbiz/core/entity/EntityTypeUtil.java,buggy,java,IssueFalse,45229,319,15375,13,4,8,3,5,9,7,5,4,4,6,7,8,7,4,6,9,9,9,2,3,3,6,7,8,4,6,6,1,2,2,4,5,4,4,3,3,9,9,9,10,10,10,6,6,4,5,5,4,3,4,4,3,5,9,8,8,10,9,9,7,5,4
sf,cvs,ofbiz,ofbiz/core/src/entity/org/ofbiz/core/entity/EntityUtil.java,buggy,java,IssueFalse,45229,319,15375,13,9,10,9,9,5,10,9,9,10,6,7,9,8,7,9,9,9,9,6,8,9,6,7,9,7,9,8,4,7,7,8,9,9,8,9,9,9,9,9,10,10,10,8,10,9,9,10,10,5,7,9,5,5,10,10,10,7,7,7,9,7,8
sf,cvs,ofbiz,ofbiz/core/src/entity/org/ofbiz/core/entity/GenericDAO.java,buggy,java,IssueFalse,45229,319,15375,13,10,10,10,10,3,10,10,10,10,6,7,8,9,9,9,9,9,9,10,10,10,6,7,8,7,8,7,10,10,10,10,10,10,10,10,10,9,9,9,10,10,10,9,10,10,8,9,10,9,10,10,10,8,3,4,4,3,5,5,2,1,1
sf,cvs,ofbiz,ofbiz/core/src/entity/org/ofbiz/core/entity/GenericDelegator.java,buggy,java,IssueFalse,45229,319,15375,13,10,10,10,10,6,9,10,10,10,6,7,8,10,10,10,9,9,9,10,10,10,6,7,8,10,10,9,10,10,10,10,10,10,10,10,10,10,10,10,8,9,9,5,9,10,9,10,10,4,10,10,10,10,3,4,4,3,5,5,2,1,1
sf,cvs,ofbiz,ofbiz/core/src/entity/org/ofbiz/core/entity/GenericEntity.java,buggy,java,IssueFalse,45229,319,15375,13,10,10,10,10,5,10,10,10,10,9,10,9,10,10,10,9,9,9,10,10,10,9,10,9,9,9,9,10,10,10,10,10,10,10,10,10,9,9,9,8,9,9,5,9,10,5,10,10,4,8,10,6,8,10,10,10,4,6,6,10,10,9
sf,cvs,ofbiz,ofbiz/core/src/entity/org/ofbiz/core/entity/GenericHelper.java,clean,java,IssueFalse,45229,319,15375,13,3,10,3,9,10,2,7,7,6,1,2,5,8,6,7,10,10,10,3,5,4,1,2,5,4,6,6,10,10,10,10,10,10,10,10,10,9,9,9,8,9,9,3,3,6,3,3,6,1,2,5,6,5,4,6,6,3,5,5,9,8,8
sf,cvs,ofbiz,ofbiz/core/src/entity/org/ofbiz/core/entity/GenericHelperDAO.java,clean,java,IssueFalse,45229,319,15375,13,7,10,7,10,8,6,8,8,7,6,7,8,9,8,8,9,9,9,6,7,7,6,7,8,7,8,7,10,10,10,10,10,10,10,10,10,9,9,9,8,9,9,3,6,7,5,7,9,2,4,7,8,5,7,8,8,7,9,8,9,8,9
sf,cvs,ofbiz,ofbiz/core/src/entity/org/ofbiz/core/entity/GenericHelperFactory.java,buggy,java,IssueFalse,45229,319,15375,13,5,6,5,3,6,10,6,5,5,6,7,8,6,3,5,9,9,9,9,9,8,6,7,8,4,6,6,1,2,2,2,2,2,2,2,2,9,9,9,8,9,9,10,9,5,10,9,5,9,6,4,5,5,8,8,8,9,9,9,7,5,5
sf,cvs,ofbiz,ofbiz/core/src/entity/org/ofbiz/core/entity/MemoryHelper.java,buggy,java,IssueFalse,45229,319,15375,13,10,6,9,10,2,9,10,10,10,6,7,8,9,9,9,9,9,9,9,9,9,6,7,8,7,8,7,10,10,10,10,10,10,10,10,10,9,9,9,10,10,10,6,10,9,3,5,8,3,7,9,5,5,8,9,8,7,8,7,10,10,10
sf,cvs,ofbiz,ofbiz/core/src/entity/org/ofbiz/core/entity/SequenceUtil.java,buggy,java,IssueFalse,45229,319,15375,13,9,7,9,7,3,10,8,8,8,6,7,9,7,4,8,9,9,9,7,8,9,6,7,9,9,9,10,5,5,7,4,5,6,4,3,5,9,10,9,9,10,10,9,10,8,9,10,8,7,9,8,7,8,9,10,9,7,8,8,7,6,7
sf,cvs,ofbiz,ofbiz/core/src/entity/org/ofbiz/core/entity/TransactionFactory.java,buggy,java,IssueFalse,45229,319,15375,13,5,6,4,5,7,10,5,5,4,6,7,8,7,4,6,9,9,9,6,7,6,6,7,8,4,6,6,1,2,2,4,5,4,5,4,4,9,9,9,8,9,9,6,8,5,8,7,5,4,5,4,5,8,3,4,4,7,7,7,7,5,5
sf,cvs,ofbiz,ofbiz/core/src/entity/org/ofbiz/core/entity/TransactionUtil.java,clean,java,IssueFalse,45229,319,15375,13,8,9,7,8,6,7,9,8,8,6,7,8,8,7,7,9,9,9,4,6,5,6,7,8,4,6,6,1,2,2,8,8,8,9,8,8,9,9,9,8,9,9,7,7,8,10,10,9,2,4,6,7,9,5,7,7,4,7,7,9,8,8
sf,cvs,ofbiz,ofbiz/core/src/entity/org/ofbiz/core/entity/config/EntityConfigUtil.java,buggy,java,IssueFalse,45229,319,15375,13,10,8,9,9,3,6,3,7,8,6,7,10,7,8,10,9,9,9,3,9,10,6,7,10,9,10,10,2,3,7,4,9,10,4,9,9,9,10,10,8,9,9,4,8,8,5,9,9,3,9,9,9,8,8,10,10,5,7,7,8,9,9
sf,cvs,ofbiz,ofbiz/core/src/entity/org/ofbiz/core/entity/jdbc/DatabaseUtil.java,buggy,java,IssueFalse,45229,319,15375,13,10,10,10,10,2,10,10,10,10,6,7,10,8,8,9,9,9,9,7,10,10,6,7,10,9,9,10,8,10,10,7,10,10,8,10,10,9,9,9,8,9,9,10,10,10,10,10,10,10,10,10,6,8,3,4,4,3,5,5,2,1,1
sf,cvs,ofbiz,ofbiz/core/src/entity/org/ofbiz/core/entity/jdbc/SQLProcessor.java,buggy,java,IssueFalse,45229,319,15375,13,10,10,9,10,7,7,10,10,9,6,7,8,9,9,9,9,9,9,9,9,9,6,7,8,10,10,9,10,10,10,10,10,10,10,10,10,10,10,9,8,9,9,6,9,9,9,10,10,3,6,9,7,9,7,8,8,5,7,7,7,6,7
sf,cvs,ofbiz,ofbiz/core/src/entity/org/ofbiz/core/entity/jdbc/SqlJdbcUtil.java,buggy,java,IssueFalse,45229,319,15375,13,10,10,10,9,4,10,10,10,10,6,7,8,9,8,8,9,9,9,10,10,10,6,7,8,4,6,6,1,2,2,9,9,9,10,9,9,9,9,9,8,9,9,9,9,10,9,8,9,8,9,10,10,10,10,10,10,8,10,10,10,10,10
sf,cvs,ofbiz,ofbiz/core/src/entity/org/ofbiz/core/entity/model/ModelEntity.java,buggy,java,IssueFalse,45229,319,15375,13,10,10,10,10,4,7,10,10,10,6,7,8,10,10,10,10,10,10,9,9,9,6,7,8,10,10,10,10,10,10,10,10,10,10,10,10,10,10,10,8,9,9,4,8,10,6,10,10,2,8,10,6,8,8,8,8,7,8,8,6,5,6
sf,cvs,ofbiz,ofbiz/core/src/entity/org/ofbiz/core/entity/model/ModelFieldTypeReader.java,buggy,java,IssueFalse,45229,319,15375,13,7,8,7,7,6,10,7,7,6,6,7,8,8,6,7,9,9,9,9,9,8,6,7,8,9,9,9,7,7,7,7,7,7,7,6,6,9,9,9,8,9,9,6,8,6,7,7,7,5,8,7,6,8,4,6,6,10,9,9,5,5,5
sf,cvs,ofbiz,ofbiz/core/src/entity/org/ofbiz/core/entity/model/ModelGroupReader.java,buggy,java,IssueFalse,45229,319,15375,13,7,8,7,7,6,10,8,7,6,6,7,8,7,6,6,9,9,9,10,10,9,6,7,8,8,9,8,7,7,7,7,7,6,7,6,6,9,9,9,8,9,9,7,8,7,6,7,6,7,8,7,5,8,3,4,4,10,9,9,7,6,5
sf,cvs,ofbiz,ofbiz/core/src/entity/org/ofbiz/core/entity/model/ModelReader.java,buggy,java,IssueFalse,45229,319,15375,13,9,9,9,9,4,10,9,9,8,6,7,8,9,8,8,9,9,9,10,10,9,6,7,8,10,10,9,9,9,9,9,9,9,9,9,9,9,9,9,8,9,9,6,9,8,7,9,9,5,10,9,7,9,4,6,6,9,9,9,8,8,8
sf,cvs,ofbiz,ofbiz/core/src/entity/org/ofbiz/core/entity/model/ModelUtil.java,clean,java,IssueFalse,45229,319,15375,13,7,9,7,7,8,6,9,8,8,6,7,8,8,6,7,9,9,9,3,5,4,6,7,8,4,6,6,1,2,2,7,8,7,8,7,7,9,9,9,8,9,9,7,9,8,5,6,6,4,4,7,5,8,6,6,7,7,7,7,9,7,7
sf,cvs,ofbiz,ofbiz/core/src/entity/org/ofbiz/core/entity/model/ModelViewEntity.java,buggy,java,IssueFalse,45229,319,15375,13,10,8,9,10,3,7,7,9,9,6,10,10,10,10,10,9,9,9,5,10,10,6,10,10,9,9,10,9,10,10,8,10,10,8,9,10,9,10,10,8,9,9,4,10,9,5,10,9,2,8,9,9,8,8,9,10,9,9,9,8,8,9
sf,cvs,ofbiz,ofbiz/core/src/entity/org/ofbiz/core/entity/transaction/DumbFactory.java,buggy,java,IssueFalse,45229,319,15375,13,4,2,3,9,2,2,3,4,5,6,7,10,7,6,9,9,9,9,1,3,4,6,7,10,4,6,6,7,9,9,6,8,9,7,8,9,9,9,9,8,9,9,3,3,6,2,2,2,1,2,3,3,5,4,5,5,3,5,5,5,2,3
sf,cvs,ofbiz,ofbiz/core/src/entity/org/ofbiz/core/entity/transaction/JNDIFactory.java,buggy,java,IssueFalse,45229,319,15375,13,6,7,5,4,6,10,6,6,5,6,7,8,6,4,5,9,9,9,4,6,5,6,7,8,4,6,6,4,5,4,3,4,3,4,3,3,9,9,9,8,9,9,9,8,5,6,5,4,8,5,5,3,8,4,5,5,7,7,7,7,5,4
sf,cvs,ofbiz,ofbiz/core/src/entity/org/ofbiz/core/entity/transaction/TyrexFactory.java,clean,java,IssueFalse,45229,319,15375,13,6,7,5,5,6,6,5,4,4,6,7,8,7,5,6,9,9,9,2,4,4,6,7,8,7,8,7,4,5,4,5,6,5,6,5,5,9,9,9,8,9,9,4,5,4,3,4,3,2,3,4,3,8,4,5,5,9,8,7,7,5,4
sf,cvs,ofbiz,ofbiz/core/src/extentity/org/ofbiz/core/extentity/EntityCacheServices.java,buggy,java,IssueFalse,45229,319,15375,13,7,8,7,8,5,6,8,8,7,6,7,8,8,6,7,9,9,9,6,7,7,6,7,8,8,8,8,8,8,8,8,8,8,8,8,8,9,9,9,8,9,9,6,8,7,5,7,6,4,7,7,7,8,8,9,9,5,7,7,6,5,6
sf,cvs,ofbiz,ofbiz/core/src/extutil/org/ofbiz/core/calendar/RecurrenceInfo.java,clean,java,IssueFalse,45229,319,15375,13,9,9,8,10,5,7,9,9,9,6,7,8,9,8,8,9,9,9,9,9,9,6,7,8,9,9,9,10,10,10,10,10,10,10,9,9,9,9,9,10,10,10,4,8,8,5,8,9,4,8,9,6,5,7,7,8,5,7,7,6,5,6
sf,cvs,ofbiz,ofbiz/core/src/extutil/org/ofbiz/core/calendar/RecurrenceRule.java,buggy,java,IssueFalse,45229,319,15375,13,10,10,10,10,4,10,10,10,10,6,7,8,9,8,8,9,9,9,9,9,8,6,7,8,10,10,10,10,10,10,10,10,10,10,9,9,9,9,9,10,10,10,8,10,10,7,10,9,4,7,9,9,9,8,10,10,5,7,8,8,9,9
sf,cvs,ofbiz,ofbiz/core/src/extutil/org/ofbiz/core/generic/GenericWebEvent.java,buggy,java,IssueFalse,45229,319,15375,13,9,8,9,3,4,9,9,8,8,6,7,8,6,3,5,9,9,9,8,8,8,6,7,8,4,6,6,1,2,2,2,2,2,2,2,2,9,9,9,8,9,9,10,10,8,10,8,4,10,10,7,5,8,3,4,4,6,7,7,6,5,5
sf,cvs,ofbiz,ofbiz/core/src/extutil/org/ofbiz/core/security/OFBizSecurity.java,buggy,java,IssueFalse,45229,319,15375,13,8,10,8,9,7,7,9,9,8,9,10,9,9,9,9,9,9,9,9,9,8,9,10,9,6,7,7,9,9,9,9,9,9,9,9,9,10,10,10,8,9,9,5,8,8,6,8,8,4,7,8,9,5,10,10,10,9,9,9,9,9,9
sf,cvs,ofbiz,ofbiz/core/src/extutil/org/ofbiz/core/security/Security.java,buggy,java,IssueFalse,45229,319,15375,13,3,10,3,8,10,2,5,5,4,6,7,8,8,7,7,10,10,10,2,4,4,6,7,8,6,7,7,9,9,9,9,9,9,9,8,8,9,9,9,8,9,9,3,3,5,3,9,5,1,2,4,9,8,8,10,10,10,10,10,7,8,8
sf,cvs,ofbiz,ofbiz/core/src/extutil/org/ofbiz/core/security/SecurityFactory.java,clean,java,IssueFalse,45229,319,15375,13,6,9,5,4,8,6,6,5,5,6,7,8,6,4,5,9,9,9,8,8,8,6,7,8,4,6,6,1,2,2,3,4,3,2,2,2,9,9,9,10,10,10,9,8,5,9,7,5,8,5,5,8,5,7,9,9,7,9,9,8,7,8
sf,cvs,ofbiz,ofbiz/core/src/extutil/org/ofbiz/core/stats/ServerHitBin.java,buggy,java,IssueFalse,45229,319,15375,13,10,9,10,10,3,10,10,10,10,6,7,8,10,9,9,9,9,9,10,10,9,6,7,8,10,10,10,10,10,10,10,10,10,10,10,10,10,10,9,8,9,9,6,10,10,7,10,10,3,9,10,7,8,10,10,10,4,7,7,10,10,10
sf,cvs,ofbiz,ofbiz/core/src/extutil/org/ofbiz/core/stats/VisitHandler.java,buggy,java,IssueFalse,45229,319,15375,13,7,7,7,6,5,10,8,7,7,6,7,8,7,5,6,9,9,9,8,8,8,6,7,8,4,6,6,1,2,2,6,6,6,6,6,6,9,9,9,8,9,9,8,8,7,9,8,7,7,8,7,9,8,7,8,9,4,7,7,6,6,7
sf,cvs,ofbiz,ofbiz/core/src/minilang/org/ofbiz/core/minilang/SimpleMethod.java,buggy,java,IssueFalse,45229,319,15375,13,10,8,10,10,2,7,10,10,10,6,7,8,10,9,9,9,9,9,10,10,10,6,7,8,10,10,10,10,10,10,10,10,10,10,10,10,10,10,9,8,9,9,7,10,10,7,10,10,3,9,9,10,9,9,10,10,5,8,8,8,9,9
sf,cvs,ofbiz,ofbiz/core/src/minilang/org/ofbiz/core/minilang/method/FieldObject.java,buggy,java,IssueFalse,45229,319,15375,13,5,6,4,5,7,6,5,4,4,9,10,9,7,5,6,9,9,9,6,7,7,9,10,9,8,8,8,6,6,6,5,6,5,6,5,5,9,9,9,8,9,9,5,6,4,5,6,5,3,4,4,3,5,4,5,5,8,7,7,7,5,4
sf,cvs,ofbiz,ofbiz/core/src/minilang/org/ofbiz/core/minilang/method/FieldString.java,buggy,java,IssueFalse,45229,319,15375,13,3,6,3,4,8,6,3,3,3,9,10,9,6,4,5,9,9,9,3,5,4,9,10,9,7,8,7,4,5,4,3,4,3,4,3,3,9,9,9,8,9,9,6,6,3,5,4,3,5,4,4,3,5,4,5,5,8,7,7,7,5,4
sf,cvs,ofbiz,ofbiz/core/src/minilang/org/ofbiz/core/minilang/method/MethodContext.java,clean,java,IssueFalse,45229,319,15375,13,8,6,7,10,4,4,8,7,7,6,7,8,9,8,8,9,9,9,8,8,8,6,7,8,10,10,10,10,10,10,10,10,10,10,10,10,9,9,9,8,9,9,3,5,7,10,10,10,2,7,8,9,5,9,10,10,4,7,7,8,8,8
sf,cvs,ofbiz,ofbiz/core/src/minilang/org/ofbiz/core/minilang/method/StringObject.java,clean,java,IssueFalse,45229,319,15375,13,3,6,3,5,8,6,3,3,3,9,10,9,7,5,6,9,9,9,4,6,5,9,10,9,7,8,7,6,6,6,5,6,5,6,5,5,9,9,9,8,9,9,3,5,3,3,5,3,1,3,3,3,5,5,5,5,9,8,7,7,5,4
sf,cvs,ofbiz,ofbiz/core/src/minilang/org/ofbiz/core/minilang/method/StringString.java,clean,java,IssueFalse,45229,319,15375,13,3,6,2,4,8,6,2,2,2,9,10,9,6,4,5,9,9,9,3,5,4,9,10,9,7,8,7,4,5,4,3,4,3,4,3,3,9,9,9,8,9,9,4,5,3,4,4,3,2,3,3,3,5,4,5,5,9,8,7,7,5,4
sf,cvs,ofbiz,ofbiz/core/src/minilang/org/ofbiz/core/minilang/method/callops/AddError.java,buggy,java,IssueFalse,45229,319,15375,13,5,6,5,5,7,6,5,4,4,9,10,9,7,4,6,9,9,9,6,7,6,9,10,9,8,9,8,5,5,5,4,5,4,5,4,4,9,9,9,8,9,9,6,6,4,5,6,4,5,4,5,3,5,4,5,5,9,8,7,6,4,3
sf,cvs,ofbiz,ofbiz/core/src/minilang/org/ofbiz/core/minilang/method/callops/CallBsh.java,buggy,java,IssueFalse,45229,319,15375,13,6,7,5,4,6,10,6,5,5,9,10,9,6,4,5,9,9,9,9,9,9,9,10,9,8,8,8,4,5,4,3,4,3,4,3,3,9,9,9,8,9,9,9,8,5,8,7,4,10,9,6,6,5,4,6,6,6,7,7,6,5,5
sf,cvs,ofbiz,ofbiz/core/src/minilang/org/ofbiz/core/minilang/method/callops/CallClassMethod.java,clean,java,IssueFalse,45229,319,15375,13,5,6,5,4,7,7,4,4,3,9,10,9,6,4,5,9,9,9,9,9,8,9,10,9,9,9,9,4,5,4,3,4,3,4,3,3,9,9,9,8,9,9,7,7,4,8,7,5,9,8,6,5,5,4,5,5,7,8,7,6,5,5
sf,cvs,ofbiz,ofbiz/core/src/minilang/org/ofbiz/core/minilang/method/callops/CallObjectMethod.java,clean,java,IssueFalse,45229,319,15375,13,8,7,8,5,4,10,7,7,6,9,10,9,7,4,6,9,9,9,10,10,9,9,10,9,9,9,9,4,5,4,4,5,4,5,4,4,9,9,9,8,9,9,9,9,6,10,9,6,10,8,8,6,8,6,7,7,8,8,8,8,7,8
sf,cvs,ofbiz,ofbiz/core/src/minilang/org/ofbiz/core/minilang/method/callops/CallService.java,buggy,java,IssueFalse,45229,319,15375,13,9,8,9,4,3,7,8,9,9,7,10,10,6,4,7,9,9,9,6,9,9,7,10,10,10,10,10,3,5,4,2,4,3,2,3,3,9,9,9,8,9,9,10,10,8,10,10,7,10,10,8,9,8,8,9,9,5,7,7,6,5,7
sf,cvs,ofbiz,ofbiz/core/src/minilang/org/ofbiz/core/minilang/method/callops/CallServiceAsynch.java,buggy,java,IssueFalse,45229,319,15375,13,5,6,5,4,7,6,5,4,4,9,10,9,6,4,5,9,9,9,6,7,7,9,10,9,8,8,8,4,5,4,3,4,3,4,3,3,9,9,9,8,9,9,8,8,4,6,7,4,9,8,5,8,5,6,7,8,5,7,7,5,5,6
sf,cvs,ofbiz,ofbiz/core/src/minilang/org/ofbiz/core/minilang/method/callops/CallSimpleMapProcessor.java,clean,java,IssueFalse,45229,319,15375,13,5,6,5,4,6,6,5,5,4,9,10,9,6,4,5,9,9,9,5,6,6,9,10,9,9,9,9,4,5,4,3,4,3,4,3,3,9,9,9,8,9,9,8,8,5,8,7,4,8,6,5,3,5,4,5,5,8,7,7,7,5,4
sf,cvs,ofbiz,ofbiz/core/src/minilang/org/ofbiz/core/minilang/method/callops/CallSimpleMethod.java,buggy,java,IssueFalse,45229,319,15375,13,5,6,5,4,6,7,5,5,4,9,10,9,6,4,5,9,9,9,4,5,5,9,10,9,7,8,7,4,5,4,3,4,3,4,3,3,9,9,9,8,9,9,8,8,5,6,6,4,8,7,5,5,5,4,6,6,7,8,7,6,5,4
sf,cvs,ofbiz,ofbiz/core/src/minilang/org/ofbiz/core/minilang/method/callops/CheckErrors.java,clean,java,IssueFalse,45229,319,15375,13,4,6,4,4,7,6,4,3,3,9,10,9,6,4,5,9,9,9,4,6,5,9,10,9,9,9,9,4,5,4,3,4,3,4,3,3,9,9,9,8,9,9,6,6,4,8,7,5,8,6,5,3,5,4,5,5,8,7,7,7,5,4
sf,cvs,ofbiz,ofbiz/core/src/minilang/org/ofbiz/core/minilang/method/callops/CreateObject.java,buggy,java,IssueFalse,45229,319,15375,13,7,6,7,4,4,10,7,6,6,9,10,9,6,4,5,9,9,9,10,10,9,9,10,9,8,9,8,4,5,4,3,4,3,4,3,3,9,9,9,8,9,9,10,9,6,9,9,5,10,8,7,5,8,6,7,7,8,8,8,8,7,7
sf,cvs,ofbiz,ofbiz/core/src/minilang/org/ofbiz/core/minilang/method/callops/FlexibleMessage.java,buggy,java,IssueFalse,45229,319,15375,13,4,7,4,4,8,6,4,4,3,6,7,8,6,4,5,9,9,9,3,5,4,6,7,8,8,8,8,4,5,4,3,4,3,4,3,3,9,9,9,8,9,9,7,6,4,6,5,4,4,4,4,3,5,4,5,5,9,8,8,7,5,4
sf,cvs,ofbiz,ofbiz/core/src/minilang/org/ofbiz/core/minilang/method/callops/Return.java,clean,java,IssueFalse,45229,319,15375,13,2,6,2,4,9,4,3,3,3,9,10,9,6,4,5,9,9,9,2,3,3,9,10,9,6,7,7,4,5,4,3,4,3,4,3,3,9,9,9,8,9,9,5,5,3,5,5,3,3,3,3,3,5,4,5,5,9,8,8,7,5,4
sf,cvs,ofbiz,ofbiz/core/src/minilang/org/ofbiz/core/minilang/method/entityops/ClearCacheLine.java,buggy,java,IssueFalse,45229,319,15375,13,3,6,3,4,8,6,2,2,2,9,10,9,6,4,5,9,9,9,4,5,5,9,10,9,7,8,7,4,5,4,3,4,3,4,3,3,9,9,9,8,9,9,4,5,3,4,4,3,4,4,3,3,5,4,5,5,8,7,7,7,5,4
sf,cvs,ofbiz,ofbiz/core/src/minilang/org/ofbiz/core/minilang/method/entityops/CloneValue.java,buggy,java,IssueFalse,45229,319,15375,13,2,6,2,4,9,4,2,2,2,9,10,9,6,4,5,9,9,9,2,4,4,9,10,9,7,8,7,4,5,4,3,4,3,4,3,3,9,9,9,8,9,9,3,4,3,4,4,3,3,3,3,3,5,5,5,5,9,8,7,7,5,4
sf,cvs,ofbiz,ofbiz/core/src/minilang/org/ofbiz/core/minilang/method/entityops/CreateValue.java,buggy,java,IssueFalse,45229,319,15375,13,4,6,4,4,7,6,4,4,3,9,10,9,6,4,5,9,9,9,3,5,4,9,10,9,7,8,7,4,5,4,3,4,3,4,3,3,9,9,9,8,9,9,7,7,4,6,6,4,8,7,5,5,5,5,5,6,7,8,7,6,5,5
sf,cvs,ofbiz,ofbiz/core/src/minilang/org/ofbiz/core/minilang/method/entityops/FilterListByAnd.java,clean,java,IssueFalse,45229,319,15375,13,3,6,3,4,8,4,2,2,2,9,10,9,6,4,5,9,9,9,4,6,5,9,10,9,8,8,8,4,5,4,3,4,3,4,3,3,9,9,9,8,9,9,4,4,3,6,5,4,4,4,4,5,5,5,6,6,6,7,7,6,5,4
sf,cvs,ofbiz,ofbiz/core/src/minilang/org/ofbiz/core/minilang/method/entityops/FilterListByDate.java,clean,java,IssueFalse,45229,319,15375,13,3,6,4,4,8,4,3,3,3,9,10,9,6,4,5,9,9,9,5,6,6,9,10,9,9,9,9,4,5,4,3,4,3,4,3,3,9,9,9,8,9,9,6,6,3,8,6,4,6,5,4,5,5,4,5,6,6,7,7,6,5,5
sf,cvs,ofbiz,ofbiz/core/src/minilang/org/ofbiz/core/minilang/method/entityops/FindByAnd.java,buggy,java,IssueFalse,45229,319,15375,13,4,6,4,4,7,6,4,3,3,9,10,9,6,4,5,9,9,9,4,6,5,9,10,9,9,9,9,4,5,4,3,4,3,4,3,3,9,9,9,8,9,9,6,7,4,8,7,4,8,7,5,3,5,4,5,5,8,7,7,7,5,4
sf,cvs,ofbiz,ofbiz/core/src/minilang/org/ofbiz/core/minilang/method/entityops/FindByPrimaryKey.java,buggy,java,IssueFalse,45229,319,15375,13,3,6,3,4,8,6,2,2,2,9,10,9,6,4,5,9,9,9,4,5,5,9,10,9,8,9,8,4,5,4,3,4,3,4,3,3,9,9,9,8,9,9,4,5,3,6,7,4,7,5,4,5,5,3,5,5,8,8,8,6,5,5
sf,cvs,ofbiz,ofbiz/core/src/minilang/org/ofbiz/core/minilang/method/entityops/MakeValue.java,clean,java,IssueFalse,45229,319,15375,13,2,6,2,4,9,2,2,2,2,9,10,9,6,4,5,9,9,9,4,5,5,9,10,9,8,8,8,4,5,4,3,4,3,4,3,3,9,9,9,8,9,9,3,4,3,5,5,3,4,4,4,3,5,4,5,5,8,7,7,7,5,4
sf,cvs,ofbiz,ofbiz/core/src/minilang/org/ofbiz/core/minilang/method/entityops/NowDateToEnv.java,clean,java,IssueFalse,45229,319,15375,13,2,6,2,4,10,2,2,2,2,9,10,9,6,4,5,9,9,9,3,5,4,9,10,9,6,7,7,4,5,4,3,4,3,4,3,3,9,9,9,8,9,9,3,3,2,4,3,3,2,3,3,3,5,4,5,5,9,8,7,7,5,4
sf,cvs,ofbiz,ofbiz/core/src/minilang/org/ofbiz/core/minilang/method/entityops/NowTimestampToEnv.java,clean,java,IssueFalse,45229,319,15375,13,2,6,2,4,10,2,2,2,2,9,10,9,6,4,5,9,9,9,3,5,4,9,10,9,6,7,7,4,5,4,3,4,3,4,3,3,9,9,9,8,9,9,3,3,2,4,3,3,2,3,3,3,5,4,5,5,9,8,7,7,5,4
sf,cvs,ofbiz,ofbiz/core/src/minilang/org/ofbiz/core/minilang/method/entityops/RemoveByAnd.java,buggy,java,IssueFalse,45229,319,15375,13,3,6,3,4,8,6,3,3,3,9,10,9,6,4,5,9,9,9,4,5,5,9,10,9,8,8,8,4,5,4,3,4,3,4,3,3,9,9,9,8,9,9,5,6,3,6,7,4,8,6,5,5,5,5,5,6,6,7,7,6,5,5
sf,cvs,ofbiz,ofbiz/core/src/minilang/org/ofbiz/core/minilang/method/entityops/RemoveList.java,buggy,java,IssueFalse,45229,319,15375,13,4,6,4,4,7,6,4,4,3,9,10,9,6,4,5,9,9,9,4,5,5,9,10,9,7,8,7,4,5,4,3,4,3,4,3,3,9,9,9,8,9,9,7,7,4,6,6,4,8,7,5,5,5,5,5,6,6,7,7,6,5,5
sf,cvs,ofbiz,ofbiz/core/src/minilang/org/ofbiz/core/minilang/method/entityops/RemoveRelated.java,buggy,java,IssueFalse,45229,319,15375,13,4,6,4,4,7,6,4,4,3,9,10,9,6,4,5,9,9,9,3,5,4,9,10,9,8,8,8,4,5,4,3,4,3,4,3,3,9,9,9,8,9,9,7,7,4,6,7,4,8,7,5,5,5,5,5,6,7,8,7,6,5,5
sf,cvs,ofbiz,ofbiz/core/src/minilang/org/ofbiz/core/minilang/method/entityops/RemoveValue.java,buggy,java,IssueFalse,45229,319,15375,13,4,6,4,4,7,6,4,4,3,9,10,9,6,4,5,9,9,9,3,5,4,9,10,9,7,8,7,4,5,4,3,4,3,4,3,3,9,9,9,8,9,9,7,7,4,6,6,4,8,7,5,5,5,5,5,6,7,8,7,6,5,5
sf,cvs,ofbiz,ofbiz/core/src/minilang/org/ofbiz/core/minilang/method/entityops/SequencedIdToEnv.java,clean,java,IssueFalse,45229,319,15375,13,2,6,2,4,9,2,2,2,2,9,10,9,6,4,5,9,9,9,2,4,4,9,10,9,7,8,7,4,5,4,3,4,3,4,3,3,9,9,9,8,9,9,3,3,2,4,4,3,3,3,3,3,5,4,5,5,9,8,7,7,5,4
sf,cvs,ofbiz,ofbiz/core/src/minilang/org/ofbiz/core/minilang/method/entityops/SetCurrentUserLogin.java,buggy,java,IssueFalse,45229,319,15375,13,2,6,2,4,9,4,2,2,2,9,10,9,6,4,5,9,9,9,2,4,4,9,10,9,6,7,7,4,5,4,3,4,3,4,3,3,9,9,9,8,9,9,3,4,3,4,3,3,2,3,3,3,5,5,5,5,9,8,7,7,5,4
sf,cvs,ofbiz,ofbiz/core/src/minilang/org/ofbiz/core/minilang/method/entityops/SetNonpkFields.java,buggy,java,IssueFalse,45229,319,15375,13,4,6,4,4,8,6,3,3,3,9,10,9,6,4,5,9,9,9,3,5,4,9,10,9,8,8,8,4,5,4,3,4,3,4,3,3,9,9,9,8,9,9,6,6,3,6,6,4,7,5,4,3,5,5,5,5,8,7,7,7,5,4
sf,cvs,ofbiz,ofbiz/core/src/minilang/org/ofbiz/core/minilang/method/entityops/SetPkFields.java,buggy,java,IssueFalse,45229,319,15375,13,4,6,4,4,8,6,3,3,3,9,10,9,6,4,5,9,9,9,3,5,4,9,10,9,8,8,8,4,5,4,3,4,3,4,3,3,9,9,9,8,9,9,6,6,3,6,6,4,7,5,4,3,5,5,5,5,8,7,7,7,5,4
sf,cvs,ofbiz,ofbiz/core/src/minilang/org/ofbiz/core/minilang/method/entityops/StoreList.java,buggy,java,IssueFalse,45229,319,15375,13,4,6,4,4,8,6,3,3,3,9,10,9,6,4,5,9,9,9,4,5,5,9,10,9,7,8,7,4,5,4,3,4,3,4,3,3,9,9,9,8,9,9,6,6,3,6,6,4,8,7,5,5,5,5,5,6,7,7,7,6,5,5
sf,cvs,ofbiz,ofbiz/core/src/minilang/org/ofbiz/core/minilang/method/entityops/StoreValue.java,buggy,java,IssueFalse,45229,319,15375,13,4,6,4,4,7,6,4,4,3,9,10,9,6,4,5,9,9,9,3,5,4,9,10,9,7,8,7,4,5,4,3,4,3,4,3,3,9,9,9,8,9,9,7,7,4,6,6,4,8,7,5,5,5,5,5,6,7,8,7,6,5,5
sf,cvs,ofbiz,ofbiz/core/src/minilang/org/ofbiz/core/minilang/method/entityops/TransactionBegin.java,buggy,java,IssueFalse,45229,319,15375,13,3,6,3,4,8,4,2,2,2,9,10,9,6,4,5,9,9,9,4,6,5,9,10,9,6,7,7,4,5,4,3,4,3,4,3,3,9,9,9,8,9,9,4,4,3,5,5,3,5,4,4,3,5,5,5,5,9,8,7,7,5,4
sf,cvs,ofbiz,ofbiz/core/src/minilang/org/ofbiz/core/minilang/method/entityops/TransactionCommit.java,buggy,java,IssueFalse,45229,319,15375,13,3,6,3,4,8,4,3,3,3,9,10,9,6,4,5,9,9,9,4,6,5,9,10,9,6,7,7,4,5,4,3,4,3,4,3,3,9,9,9,8,9,9,5,5,3,5,5,3,5,5,4,3,5,5,5,5,9,8,7,7,5,4
sf,cvs,ofbiz,ofbiz/core/src/minilang/org/ofbiz/core/minilang/method/entityops/TransactionRollback.java,buggy,java,IssueFalse,45229,319,15375,13,3,6,3,4,8,4,3,3,3,9,10,9,6,4,5,9,9,9,4,6,5,9,10,9,6,7,7,4,5,4,3,4,3,4,3,3,9,9,9,8,9,9,5,5,3,5,5,3,5,5,4,3,5,5,5,5,9,8,7,7,5,4
sf,cvs,ofbiz,ofbiz/core/src/minilang/org/ofbiz/core/minilang/method/envops/ClearField.java,buggy,java,IssueFalse,45229,319,15375,13,3,6,3,4,8,7,3,3,3,9,10,9,6,4,5,9,9,9,4,5,5,9,10,9,7,8,7,4,5,4,3,4,3,4,3,3,9,9,9,8,9,9,5,6,3,4,4,3,5,5,4,5,5,5,6,6,6,7,7,6,5,5
sf,cvs,ofbiz,ofbiz/core/src/minilang/org/ofbiz/core/minilang/method/envops/EnvToField.java,buggy,java,IssueFalse,45229,319,15375,13,4,6,4,4,8,7,4,3,3,9,10,9,6,4,5,9,9,9,4,5,5,9,10,9,8,8,8,4,5,4,3,4,3,4,3,3,9,9,9,8,9,9,6,6,4,6,5,4,6,5,4,3,5,4,5,5,8,7,7,7,5,4
sf,cvs,ofbiz,ofbiz/core/src/minilang/org/ofbiz/core/minilang/method/envops/FieldToEnv.java,buggy,java,IssueFalse,45229,319,15375,13,4,6,4,4,8,6,4,3,3,9,10,9,6,4,5,9,9,9,3,5,4,9,10,9,8,8,8,4,5,4,3,4,3,4,3,3,9,9,9,8,9,9,6,6,4,6,5,4,5,4,4,3,5,4,5,5,8,7,7,7,5,4
sf,cvs,ofbiz,ofbiz/core/src/minilang/org/ofbiz/core/minilang/method/envops/FieldToField.java,buggy,java,IssueFalse,45229,319,15375,13,5,7,5,4,7,7,5,5,4,9,10,9,6,4,5,9,9,9,4,5,5,9,10,9,8,9,8,4,5,4,3,4,3,4,3,3,9,9,9,8,9,9,8,8,5,8,6,4,7,5,5,3,5,4,5,5,8,7,7,7,5,4
sf,cvs,ofbiz,ofbiz/core/src/minilang/org/ofbiz/core/minilang/method/envops/FieldToList.java,buggy,java,IssueFalse,45229,319,15375,13,4,6,4,4,7,6,4,3,3,9,10,9,6,4,5,9,9,9,4,6,5,9,10,9,8,8,8,4,5,4,3,4,3,4,3,3,9,9,9,8,9,9,6,7,4,5,5,3,6,5,4,3,5,4,5,5,8,7,7,7,5,4
sf,cvs,ofbiz,ofbiz/core/src/minilang/org/ofbiz/core/minilang/method/envops/FirstFromList.java,buggy,java,IssueFalse,45229,319,15375,13,3,6,3,4,8,6,4,3,3,9,10,9,6,4,5,9,9,9,3,5,4,9,10,9,7,8,7,4,5,4,3,4,3,4,3,3,9,9,9,8,9,9,6,7,4,4,4,3,6,5,4,5,5,4,6,6,7,7,7,7,5,5
sf,cvs,ofbiz,ofbiz/core/src/minilang/org/ofbiz/core/minilang/method/envops/Iterate.java,buggy,java,IssueFalse,45229,319,15375,13,4,6,4,4,7,6,5,4,4,9,10,9,6,4,5,9,9,9,5,6,6,9,10,9,8,8,8,4,5,4,3,4,3,4,3,3,9,9,9,8,9,9,7,8,4,5,5,3,7,6,5,3,5,3,4,4,8,7,7,7,5,4
sf,cvs,ofbiz,ofbiz/core/src/minilang/org/ofbiz/core/minilang/method/envops/MapToMap.java,buggy,java,IssueFalse,45229,319,15375,13,4,6,4,4,8,7,4,4,3,9,10,9,6,4,5,9,9,9,4,5,5,9,10,9,7,8,7,4,5,4,3,4,3,4,3,3,9,9,9,8,9,9,7,7,4,4,4,3,6,5,4,3,5,4,5,5,8,7,7,7,5,4
sf,cvs,ofbiz,ofbiz/core/src/minilang/org/ofbiz/core/minilang/method/envops/StringToField.java,buggy,java,IssueFalse,45229,319,15375,13,4,6,4,4,7,7,4,3,3,9,10,9,6,4,5,9,9,9,6,7,6,9,10,9,8,9,8,4,5,4,3,4,3,4,3,3,9,9,9,8,9,9,6,7,4,5,5,3,7,6,5,5,5,7,7,7,6,7,7,6,5,5
sf,cvs,ofbiz,ofbiz/core/src/minilang/org/ofbiz/core/minilang/method/envops/ToString.java,buggy,java,IssueFalse,45229,319,15375,13,3,6,3,4,8,7,4,3,3,9,10,9,6,4,5,9,9,9,4,5,5,9,10,9,7,8,7,4,5,4,3,4,3,4,3,3,9,9,9,8,9,9,6,7,4,4,4,3,5,5,4,3,5,5,5,5,8,7,7,7,5,4
sf,cvs,ofbiz,ofbiz/core/src/minilang/org/ofbiz/core/minilang/method/eventops/FieldToRequest.java,buggy,java,IssueFalse,45229,319,15375,13,4,6,4,4,8,7,4,3,3,9,10,9,6,4,5,9,9,9,3,5,4,9,10,9,8,8,8,4,5,4,3,4,3,4,3,3,9,9,9,8,9,9,6,6,4,6,5,4,5,4,4,3,5,4,5,5,8,7,7,7,5,4
sf,cvs,ofbiz,ofbiz/core/src/minilang/org/ofbiz/core/minilang/method/eventops/FieldToSession.java,buggy,java,IssueFalse,45229,319,15375,13,4,6,4,4,8,7,4,3,3,9,10,9,6,4,5,9,9,9,3,5,4,9,10,9,8,8,8,4,5,4,3,4,3,4,3,3,9,9,9,8,9,9,6,6,4,6,5,4,6,5,4,3,5,3,4,4,8,7,7,7,5,4
sf,cvs,ofbiz,ofbiz/core/src/minilang/org/ofbiz/core/minilang/method/eventops/RequestToField.java,buggy,java,IssueFalse,45229,319,15375,13,5,6,4,4,7,6,5,4,4,9,10,9,6,4,5,9,9,9,4,5,5,9,10,9,8,9,8,4,5,4,3,4,3,4,3,3,9,9,9,8,9,9,8,8,4,7,6,4,7,5,4,3,5,4,5,5,8,7,7,7,5,4
sf,cvs,ofbiz,ofbiz/core/src/minilang/org/ofbiz/core/minilang/method/eventops/SessionToField.java,buggy,java,IssueFalse,45229,319,15375,13,5,6,4,4,7,6,5,4,4,9,10,9,6,4,5,9,9,9,4,5,5,9,10,9,8,9,8,4,5,4,3,4,3,4,3,3,9,9,9,8,9,9,8,8,4,7,6,4,7,5,5,3,5,4,5,5,8,7,7,7,5,4
sf,cvs,ofbiz,ofbiz/core/src/minilang/org/ofbiz/core/minilang/method/eventops/WebappPropertyToField.java,buggy,java,IssueFalse,45229,319,15375,13,5,6,5,4,6,7,5,5,4,9,10,9,6,4,5,9,9,9,6,7,6,9,10,9,9,9,9,4,5,4,3,4,3,4,3,3,9,9,9,8,9,9,8,8,5,7,7,4,8,6,5,3,5,4,5,5,8,7,7,7,5,4
sf,cvs,ofbiz,ofbiz/core/src/minilang/org/ofbiz/core/minilang/method/ifops/CheckId.java,buggy,java,IssueFalse,45229,319,15375,13,7,6,7,5,5,7,7,7,6,9,10,9,7,4,6,9,9,9,7,8,7,9,10,9,9,9,9,5,5,5,4,5,4,5,4,4,9,9,9,8,9,9,9,9,6,7,7,5,7,7,6,3,5,5,5,5,9,8,7,6,4,3
sf,cvs,ofbiz,ofbiz/core/src/minilang/org/ofbiz/core/minilang/method/ifops/CheckPermission.java,buggy,java,IssueFalse,45229,319,15375,13,6,7,6,5,6,7,6,5,5,9,10,9,7,4,6,9,9,9,6,7,7,9,10,9,9,9,9,5,5,5,4,5,4,5,4,4,9,9,9,8,9,9,8,7,5,6,6,5,6,5,5,5,5,3,5,5,7,7,7,7,5,5
sf,cvs,ofbiz,ofbiz/core/src/minilang/org/ofbiz/core/minilang/method/ifops/IfCompare.java,buggy,java,IssueFalse,45229,319,15375,13,6,6,6,4,6,7,6,5,5,9,10,9,6,4,5,9,9,9,7,7,7,9,10,9,10,10,9,4,5,4,3,4,3,4,3,3,9,9,9,8,9,9,9,8,5,9,8,5,10,9,7,3,5,3,4,4,8,7,7,7,5,4
sf,cvs,ofbiz,ofbiz/core/src/minilang/org/ofbiz/core/minilang/method/ifops/IfCompareField.java,buggy,java,IssueFalse,45229,319,15375,13,6,6,6,4,5,7,6,5,5,9,10,9,6,4,5,9,9,9,7,7,7,9,10,9,10,10,9,4,5,4,3,4,3,4,3,3,9,9,9,8,9,9,9,9,5,9,8,5,10,9,7,3,5,3,4,4,8,7,7,7,5,4
sf,cvs,ofbiz,ofbiz/core/src/minilang/org/ofbiz/core/minilang/method/ifops/IfEmpty.java,buggy,java,IssueFalse,45229,319,15375,13,6,7,5,4,6,7,6,5,5,9,10,9,6,4,5,9,9,9,6,7,6,9,10,9,8,9,8,4,5,4,3,4,3,4,3,3,9,9,9,8,9,9,9,9,5,6,5,4,7,5,4,5,8,6,7,7,7,7,7,8,7,7
sf,cvs,ofbiz,ofbiz/core/src/minilang/org/ofbiz/core/minilang/method/ifops/IfHasPermission.java,clean,java,IssueFalse,45229,319,15375,13,5,7,4,4,7,7,5,4,4,9,10,9,6,4,5,9,9,9,4,6,5,9,10,9,8,9,8,4,5,4,3,4,3,4,3,3,9,9,9,8,9,9,7,7,4,6,5,4,6,4,4,3,5,3,4,4,8,7,7,7,5,4
sf,cvs,ofbiz,ofbiz/core/src/minilang/org/ofbiz/core/minilang/method/ifops/IfNotEmpty.java,buggy,java,IssueFalse,45229,319,15375,13,6,7,5,4,6,7,7,6,5,9,10,9,6,4,5,9,9,9,6,7,6,9,10,9,8,9,8,4,5,4,3,4,3,4,3,3,9,9,9,8,9,9,9,9,6,6,5,4,7,5,4,3,5,3,4,4,8,7,7,7,5,4
sf,cvs,ofbiz,ofbiz/core/src/minilang/org/ofbiz/core/minilang/method/ifops/IfRegexp.java,buggy,java,IssueFalse,45229,319,15375,13,6,6,5,4,6,7,5,5,4,9,10,9,6,4,5,9,9,9,6,7,7,9,10,9,9,9,9,4,5,4,3,4,3,4,3,3,9,9,9,8,9,9,8,8,5,9,7,5,8,6,5,3,5,4,5,5,9,8,7,7,5,4
sf,cvs,ofbiz,ofbiz/core/src/minilang/org/ofbiz/core/minilang/method/ifops/IfValidateMethod.java,buggy,java,IssueFalse,45229,319,15375,13,6,6,6,4,6,7,6,5,5,9,10,9,6,4,5,9,9,9,9,9,8,9,10,9,9,9,9,4,5,4,3,4,3,4,3,3,9,9,9,8,9,9,9,9,5,9,8,5,9,7,5,3,5,3,4,4,8,7,7,7,5,4
sf,cvs,ofbiz,ofbiz/core/src/minilang/org/ofbiz/core/minilang/method/otherops/Calculate.java,buggy,java,IssueFalse,45229,319,15375,13,9,7,9,7,3,9,6,8,8,6,10,10,6,4,9,10,10,10,6,9,10,6,10,10,7,9,9,3,5,8,2,4,7,3,3,7,9,9,9,8,9,9,9,9,8,8,8,7,7,7,8,5,5,4,6,6,6,7,7,9,7,7
sf,cvs,ofbiz,ofbiz/core/src/minilang/org/ofbiz/core/minilang/method/otherops/Log.java,buggy,java,IssueFalse,45229,319,15375,13,5,6,5,4,7,7,5,5,4,9,10,9,6,4,5,9,9,9,8,8,8,9,10,9,8,8,8,4,5,4,3,4,3,4,3,3,9,9,9,8,9,9,8,7,5,6,5,4,9,8,6,3,5,4,5,5,8,7,7,7,5,4
sf,cvs,ofbiz,ofbiz/core/src/minilang/org/ofbiz/core/minilang/method/otherops/PropertyToField.java,buggy,java,IssueFalse,45229,319,15375,13,5,6,5,4,7,7,5,4,4,9,10,9,6,4,5,9,9,9,6,7,7,9,10,9,9,9,9,4,5,4,3,4,3,4,3,3,9,9,9,8,9,9,7,8,4,7,7,4,9,7,5,6,5,8,8,8,6,7,7,5,4,5
sf,cvs,ofbiz,ofbiz/core/src/minilang/org/ofbiz/core/minilang/method/serviceops/FieldToResult.java,buggy,java,IssueFalse,45229,319,15375,13,4,6,4,4,8,7,4,3,3,9,10,9,6,4,5,9,9,9,3,5,4,9,10,9,8,8,8,4,5,4,3,4,3,4,3,3,9,9,9,8,9,9,6,6,4,6,5,4,5,4,4,3,5,4,5,5,8,7,7,7,5,4
sf,cvs,ofbiz,ofbiz/core/src/minilang/org/ofbiz/core/minilang/operation/Convert.java,buggy,java,IssueFalse,45229,319,15375,13,5,7,4,4,7,7,5,5,4,9,10,9,7,5,6,9,9,9,5,6,6,9,10,9,9,9,9,4,5,4,3,4,3,4,3,3,9,9,9,8,9,9,8,8,5,9,8,5,7,5,4,3,5,4,5,5,9,8,7,7,5,4
sf,cvs,ofbiz,ofbiz/core/src/minilang/org/ofbiz/core/minilang/operation/Copy.java,buggy,java,IssueFalse,45229,319,15375,13,4,7,3,4,8,7,5,4,4,9,10,9,7,5,6,9,9,9,4,5,5,9,10,9,8,8,8,4,5,4,3,4,3,4,3,3,9,9,9,8,9,9,7,7,4,8,6,4,5,4,4,3,5,4,5,5,9,8,8,7,5,4
sf,cvs,ofbiz,ofbiz/core/src/minilang/org/ofbiz/core/minilang/operation/InFieldOper.java,buggy,java,IssueFalse,45229,319,15375,13,3,6,2,4,9,4,2,2,2,9,10,9,6,4,5,9,9,9,5,6,6,9,10,9,6,7,7,4,5,4,3,4,3,4,3,3,9,9,9,8,9,9,4,5,3,5,5,3,4,4,3,3,5,4,5,5,9,8,7,7,5,4
sf,cvs,ofbiz,ofbiz/core/src/minilang/org/ofbiz/core/minilang/operation/MakeInString.java,buggy,java,IssueFalse,45229,319,15375,13,4,6,4,4,8,7,5,4,4,6,7,8,6,4,5,9,9,9,8,8,8,6,7,8,7,8,7,4,5,4,3,4,3,4,3,3,9,9,9,8,9,9,7,7,4,6,6,4,8,6,5,3,5,4,5,5,9,8,7,7,5,4
sf,cvs,ofbiz,ofbiz/core/src/minilang/org/ofbiz/core/minilang/operation/PropertyOper.java,buggy,java,IssueFalse,45229,319,15375,13,2,6,2,4,9,4,2,2,2,9,10,9,6,4,5,9,9,9,5,6,6,9,10,9,7,8,7,4,5,4,3,4,3,4,3,3,9,9,9,8,9,9,3,4,3,4,4,3,3,3,3,3,5,4,5,5,9,8,7,7,5,4
sf,cvs,ofbiz,ofbiz/core/src/minilang/org/ofbiz/core/minilang/operation/Regexp.java,buggy,java,IssueFalse,45229,319,15375,13,4,6,3,4,8,4,3,3,3,9,10,9,7,5,6,9,9,9,6,7,6,9,10,9,7,8,7,4,5,4,3,4,3,4,3,3,9,9,9,8,9,9,6,6,3,9,7,5,5,4,4,3,5,4,5,5,9,8,7,7,5,4
sf,cvs,ofbiz,ofbiz/core/src/minilang/org/ofbiz/core/minilang/operation/SimpleMapOperation.java,buggy,java,IssueFalse,45229,319,15375,13,4,6,4,5,8,6,4,4,3,6,7,8,7,4,6,10,10,10,6,7,6,6,7,8,9,9,9,5,5,5,4,5,4,5,4,4,9,9,9,8,9,9,5,6,4,7,7,5,3,5,4,3,5,4,5,5,9,8,7,7,5,4
sf,cvs,ofbiz,ofbiz/core/src/minilang/org/ofbiz/core/minilang/operation/SimpleMapProcess.java,buggy,java,IssueFalse,45229,319,15375,13,5,6,4,5,7,7,6,5,5,6,7,8,7,5,6,9,9,9,8,8,8,6,7,8,7,8,7,6,6,6,5,6,5,5,4,4,9,9,9,8,9,9,6,8,5,5,6,4,4,6,5,3,5,4,5,5,9,8,7,7,5,4
sf,cvs,ofbiz,ofbiz/core/src/minilang/org/ofbiz/core/minilang/operation/ValidateMethod.java,buggy,java,IssueFalse,45229,319,15375,13,5,6,5,4,6,4,4,4,3,9,10,9,7,5,6,9,9,9,9,9,8,9,10,9,7,8,7,4,5,4,3,4,3,4,3,3,9,9,9,8,9,9,7,7,4,8,8,5,7,6,5,3,5,4,5,5,9,8,7,7,5,4
sf,cvs,ofbiz,ofbiz/core/src/rules/org/ofbiz/core/rules/parse/Parser.java,buggy,java,IssueFalse,45229,319,15375,13,7,10,7,9,10,7,8,8,7,6,7,8,9,8,8,9,9,9,3,5,4,6,7,8,7,8,7,10,10,9,10,10,9,9,9,9,10,10,10,8,9,9,4,6,7,3,4,6,2,5,8,3,5,3,4,4,4,6,5,3,2,2
sf,cvs,ofbiz,ofbiz/core/src/service/org/ofbiz/core/service/DispatchContext.java,buggy,java,IssueFalse,45229,319,15375,13,8,9,8,9,6,7,9,8,8,6,7,8,9,8,8,9,9,9,9,9,9,6,7,8,9,9,9,10,10,9,9,9,9,9,8,8,9,9,9,10,10,10,5,8,8,10,10,10,3,5,8,7,5,7,7,8,6,7,7,8,7,7
sf,cvs,ofbiz,ofbiz/core/src/service/org/ofbiz/core/service/GenericAbstractDispatcher.java,clean,java,IssueFalse,45229,319,15375,13,6,9,5,9,9,6,7,7,6,6,7,8,9,8,8,10,10,10,8,8,8,6,7,8,8,8,8,10,10,10,10,10,10,10,9,9,9,9,9,8,9,9,3,5,6,3,8,7,1,4,6,5,5,6,7,7,3,5,5,5,3,4
sf,cvs,ofbiz,ofbiz/core/src/service/org/ofbiz/core/service/GenericDispatcher.java,buggy,java,IssueFalse,45229,319,15375,13,6,8,5,9,8,6,7,6,6,9,10,9,10,9,9,10,10,10,8,8,8,9,10,9,4,6,6,9,9,9,9,9,9,9,9,9,10,10,9,8,9,9,3,5,6,6,7,8,2,5,7,3,5,3,4,4,3,5,5,6,3,3
sf,cvs,ofbiz,ofbiz/core/src/service/org/ofbiz/core/service/GenericRequester.java,clean,java,IssueFalse,45229,319,15375,13,1,7,1,4,10,2,2,2,2,1,2,5,4,2,4,10,10,10,1,2,2,1,2,5,4,6,6,4,5,4,3,4,3,4,3,3,9,9,9,8,9,9,3,3,2,5,5,3,1,1,2,5,8,6,7,6,5,7,6,7,5,5
sf,cvs,ofbiz,ofbiz/core/src/service/org/ofbiz/core/service/GenericResultWaiter.java,clean,java,IssueFalse,45229,319,15375,13,5,9,5,7,9,7,6,5,5,6,7,8,8,6,7,9,9,9,4,5,5,6,7,8,8,9,8,8,8,8,7,8,7,8,7,7,9,9,9,8,9,9,4,6,5,4,5,6,2,4,6,5,8,10,10,9,7,7,7,7,6,6
sf,cvs,ofbiz,ofbiz/core/src/service/org/ofbiz/core/service/LocalDispatcher.java,clean,java,IssueFalse,45229,319,15375,13,3,10,3,9,10,2,7,6,6,1,2,5,8,6,7,10,10,10,5,6,6,1,2,5,4,6,6,10,10,10,10,10,9,10,9,9,9,9,9,8,9,9,3,3,6,4,10,8,1,2,3,9,5,7,9,9,10,10,10,8,8,9
sf,cvs,ofbiz,ofbiz/core/src/service/org/ofbiz/core/service/ModelParam.java,buggy,java,IssueFalse,45229,319,15375,13,1,7,1,2,10,2,1,1,1,6,7,8,6,3,5,9,9,9,1,1,1,6,7,8,9,9,9,1,2,2,1,1,1,1,1,1,9,9,9,8,9,9,2,1,2,2,2,2,1,1,2,7,5,3,6,6,5,7,7,6,5,6
sf,cvs,ofbiz,ofbiz/core/src/service/org/ofbiz/core/service/ModelService.java,buggy,java,IssueFalse,45229,319,15375,13,10,10,9,9,6,9,10,9,9,6,7,8,9,8,8,9,9,9,9,9,9,6,7,8,10,10,10,9,9,9,9,9,9,10,9,9,9,9,9,8,9,9,7,9,9,8,9,9,7,8,9,10,8,8,10,10,6,8,9,7,8,9
sf,cvs,ofbiz,ofbiz/core/src/service/org/ofbiz/core/service/ModelServiceReader.java,buggy,java,IssueFalse,45229,319,15375,13,9,9,9,9,5,10,9,8,8,6,7,8,8,7,7,9,9,9,10,10,9,6,7,8,8,9,8,9,9,9,9,9,9,7,6,6,10,10,10,8,9,9,6,9,8,5,9,8,6,8,9,9,5,6,8,9,3,7,7,6,5,8
sf,cvs,ofbiz,ofbiz/core/src/service/org/ofbiz/core/service/ServiceDispatcher.java,buggy,java,IssueFalse,45229,319,15375,13,10,10,9,9,7,7,10,10,10,6,7,8,9,8,8,9,9,9,10,10,9,6,7,8,9,9,9,10,10,10,10,10,10,10,9,9,9,9,9,10,10,10,7,9,9,9,10,10,5,8,9,10,9,8,9,10,6,8,9,7,7,9
sf,cvs,ofbiz,ofbiz/core/src/service/org/ofbiz/core/service/ServiceUtil.java,clean,java,IssueFalse,45229,319,15375,13,8,8,8,8,5,7,9,8,8,6,7,8,8,7,7,9,9,9,7,7,7,6,7,8,4,6,6,1,2,2,8,8,8,9,8,8,9,9,9,8,9,9,7,8,8,10,10,10,4,6,8,5,5,3,4,4,5,7,6,6,5,5
sf,cvs,ofbiz,ofbiz/core/src/service/org/ofbiz/core/service/WebAppDispatcher.java,clean,java,IssueFalse,45229,319,15375,13,2,6,2,5,9,6,3,3,3,10,10,10,10,9,9,9,9,9,4,6,5,10,10,10,4,6,6,5,5,5,4,5,4,5,4,4,9,9,9,8,9,9,4,5,3,6,5,4,3,4,4,3,5,3,4,4,3,5,5,6,3,3
sf,cvs,ofbiz,ofbiz/core/src/service/org/ofbiz/core/service/config/ServiceConfigUtil.java,clean,java,IssueFalse,45229,319,15375,13,2,6,2,5,9,4,3,3,3,6,7,8,7,4,6,9,9,9,3,5,4,6,7,8,4,6,6,1,2,2,4,5,4,5,4,4,9,9,9,8,9,9,4,5,3,9,8,6,2,3,3,5,5,3,4,4,7,7,7,6,5,5
sf,cvs,ofbiz,ofbiz/core/src/service/org/ofbiz/core/service/eca/Attic/ECAUtil.java,clean,java,IssueFalse,45229,319,15375,13,6,6,6,5,5,7,6,6,5,6,7,8,7,5,6,9,9,9,8,8,8,6,7,8,4,6,6,1,2,2,5,6,5,6,5,5,9,9,9,8,9,9,7,7,5,9,8,6,8,8,7,7,5,3,5,5,5,7,7,6,5,6
sf,cvs,ofbiz,ofbiz/core/src/service/org/ofbiz/core/service/eca/Attic/EventAction.java,buggy,java,IssueFalse,45229,319,15375,13,6,7,5,5,7,10,6,6,5,6,7,8,7,4,6,9,9,9,6,7,6,6,7,8,8,9,8,5,5,5,4,5,4,4,3,3,10,10,9,8,9,9,8,9,5,8,9,5,6,7,5,5,5,3,4,4,5,7,6,6,3,4
sf,cvs,ofbiz,ofbiz/core/src/service/org/ofbiz/core/service/eca/Attic/EventCondition.java,clean,java,IssueFalse,45229,319,15375,13,7,6,7,5,5,7,7,7,6,6,7,8,7,5,6,9,9,9,7,7,7,6,7,8,10,10,9,6,6,6,5,6,5,5,4,4,10,10,9,8,9,9,8,9,6,8,8,6,6,7,6,6,5,3,4,4,6,7,7,5,3,5
sf,cvs,ofbiz,ofbiz/core/src/service/org/ofbiz/core/service/eca/Attic/EventConditionAction.java,clean,java,IssueFalse,45229,319,15375,13,5,6,5,5,6,6,6,5,5,6,7,8,7,4,6,9,9,9,6,7,7,6,7,8,9,9,9,5,5,5,4,5,4,4,3,3,10,10,9,8,9,9,7,7,5,6,7,5,6,7,5,6,5,3,4,4,6,7,7,6,4,5
sf,cvs,ofbiz,ofbiz/core/src/service/org/ofbiz/core/service/engine/BeanShellEngine.java,clean,java,IssueFalse,45229,319,15375,13,6,7,5,5,7,9,6,5,5,9,10,9,8,7,7,9,9,9,6,7,7,9,10,9,4,6,6,6,6,6,5,6,5,5,4,4,9,9,9,10,10,10,6,8,5,7,8,5,4,7,5,8,5,3,6,6,7,8,8,8,8,8
sf,cvs,ofbiz,ofbiz/core/src/service/org/ofbiz/core/service/engine/GenericAsyncEngine.java,clean,java,IssueFalse,45229,319,15375,13,7,8,6,7,6,6,7,6,6,6,7,8,7,6,6,10,10,10,9,9,9,6,7,8,6,7,7,7,7,7,7,7,6,6,5,5,10,10,9,10,10,10,6,8,6,7,9,7,4,9,6,9,5,4,7,7,7,9,9,7,8,8
sf,cvs,ofbiz,ofbiz/core/src/service/org/ofbiz/core/service/engine/GenericEngine.java,clean,java,IssueFalse,45229,319,15375,13,1,9,1,5,10,2,2,2,2,1,2,5,5,2,4,10,10,10,2,3,3,1,2,5,4,6,6,6,6,6,5,6,5,6,5,5,9,9,9,8,9,9,3,3,3,3,3,3,1,2,2,7,5,5,7,7,7,8,8,7,6,7
sf,cvs,ofbiz,ofbiz/core/src/service/org/ofbiz/core/service/engine/GenericEngineFactory.java,buggy,java,IssueFalse,45229,319,15375,13,4,7,4,3,8,7,4,3,3,6,7,8,6,3,5,9,9,9,7,7,7,6,7,8,4,6,6,1,2,2,2,2,2,2,2,2,9,9,9,8,9,9,9,7,4,8,6,3,8,5,3,8,5,3,5,5,4,7,7,6,5,6
sf,cvs,ofbiz,ofbiz/core/src/service/org/ofbiz/core/service/engine/HttpEngine.java,clean,java,IssueFalse,45229,319,15375,13,8,8,7,5,5,9,8,7,6,9,10,9,8,7,7,9,9,9,8,8,8,9,10,9,4,6,6,5,5,5,5,6,5,6,5,5,9,9,9,8,9,9,8,9,6,8,8,6,8,9,7,7,5,3,4,4,4,6,6,5,3,6
sf,cvs,ofbiz,ofbiz/core/src/service/org/ofbiz/core/service/engine/InterfaceEngine.java,clean,java,IssueFalse,45229,319,15375,13,2,7,2,6,10,2,3,3,3,6,7,8,7,5,6,9,9,9,2,4,4,6,7,8,4,6,6,7,7,7,6,6,6,6,6,6,9,9,9,8,9,9,3,3,3,2,2,2,1,2,2,6,5,3,5,5,3,5,5,5,3,5
sf,cvs,ofbiz,ofbiz/core/src/service/org/ofbiz/core/service/engine/RouteEngine.java,clean,java,IssueFalse,45229,319,15375,13,2,7,2,6,10,2,3,3,3,6,7,8,7,5,6,9,9,9,3,5,4,6,7,8,4,6,6,7,7,7,6,6,6,6,6,6,9,9,9,8,9,9,3,3,3,2,2,2,1,2,3,3,5,3,4,4,3,5,5,6,3,3
sf,cvs,ofbiz,ofbiz/core/src/service/org/ofbiz/core/service/engine/SOAPClientEngine.java,clean,java,IssueFalse,45229,319,15375,13,8,8,7,7,5,9,8,7,7,9,10,9,8,7,7,9,9,9,9,9,9,9,10,9,4,6,6,7,7,7,7,7,6,5,4,4,9,9,9,10,10,10,7,8,7,7,9,6,7,9,7,9,8,9,10,10,6,8,8,9,9,9
sf,cvs,ofbiz,ofbiz/core/src/service/org/ofbiz/core/service/engine/StandardJavaEngine.java,clean,java,IssueFalse,45229,319,15375,13,5,7,5,5,7,4,7,6,6,9,10,9,8,7,7,9,9,9,9,9,8,9,10,9,4,6,6,6,6,6,5,6,5,5,4,4,9,9,9,10,10,10,7,9,6,8,9,6,3,5,4,7,5,3,4,4,7,8,8,7,7,7
sf,cvs,ofbiz,ofbiz/core/src/service/org/ofbiz/core/service/group/GroupModel.java,buggy,java,IssueFalse,45229,319,15375,13,7,9,7,8,7,7,8,7,6,6,7,8,8,7,7,9,9,9,8,8,8,6,7,8,8,9,8,9,9,8,8,8,8,7,7,7,9,9,9,10,10,10,5,7,7,6,6,7,5,7,8,8,5,7,8,8,3,5,5,6,5,6
sf,cvs,ofbiz,ofbiz/core/src/service/org/ofbiz/core/service/group/GroupServiceModel.java,clean,java,IssueFalse,45229,319,15375,13,5,9,5,7,9,6,5,5,4,6,7,8,8,6,7,9,9,9,6,7,7,6,7,8,8,8,8,8,8,8,7,7,7,7,7,7,9,9,9,8,9,9,3,6,5,5,7,6,3,6,6,8,5,7,8,9,3,5,5,5,4,6
sf,cvs,ofbiz,ofbiz/core/src/service/org/ofbiz/core/service/group/ServiceGroupEngine.java,clean,java,IssueFalse,45229,319,15375,13,2,7,2,5,10,4,2,2,2,9,10,9,8,6,7,9,9,9,3,5,4,9,10,9,4,6,6,5,5,5,4,5,4,5,4,4,9,9,9,8,9,9,3,4,3,5,6,4,1,3,3,6,5,3,4,4,3,5,5,6,3,5
sf,cvs,ofbiz,ofbiz/core/src/service/org/ofbiz/core/service/group/ServiceGroupReader.java,clean,java,IssueFalse,45229,319,15375,13,5,6,4,5,7,4,4,4,3,6,7,8,7,4,6,9,9,9,7,7,7,6,7,8,4,6,6,1,2,2,4,5,4,5,4,4,9,9,9,8,9,9,5,5,4,7,5,5,6,6,5,6,5,3,4,4,3,6,5,5,3,5
sf,cvs,ofbiz,ofbiz/core/src/service/org/ofbiz/core/service/jms/AbstractJmsListener.java,clean,java,IssueFalse,45229,319,15375,13,6,9,6,7,7,7,7,6,6,6,7,8,8,6,7,10,10,10,7,7,7,6,7,8,7,8,7,8,8,8,7,7,7,6,5,5,10,10,10,8,9,9,5,8,6,5,7,6,3,5,6,9,5,6,8,8,4,6,7,5,4,7
sf,cvs,ofbiz,ofbiz/core/src/service/org/ofbiz/core/service/jms/GenericMessageListener.java,clean,java,IssueFalse,45229,319,15375,13,1,8,1,5,10,2,2,2,2,9,10,9,7,5,6,10,10,10,1,1,1,9,10,9,4,6,6,6,6,6,5,6,5,6,5,5,9,9,9,8,9,9,3,3,3,3,3,3,1,2,2,5,5,3,4,4,5,7,6,6,4,5
sf,cvs,ofbiz,ofbiz/core/src/service/org/ofbiz/core/service/jms/JmsListenerFactory.java,clean,java,IssueFalse,45229,319,15375,13,8,9,8,8,5,10,8,8,7,6,7,8,8,6,7,9,9,9,9,9,9,6,7,8,9,9,9,8,9,8,8,8,8,7,7,7,9,9,9,10,10,10,6,8,7,6,7,7,5,8,8,9,5,7,8,9,4,7,7,6,5,7
sf,cvs,ofbiz,ofbiz/core/src/service/org/ofbiz/core/service/jms/JmsQueueListener.java,clean,java,IssueFalse,45229,319,15375,13,5,6,5,5,7,7,5,4,4,9,10,9,8,7,7,9,9,9,4,6,5,9,10,9,10,10,9,5,5,5,4,5,4,5,4,4,9,9,9,8,9,9,6,7,4,9,8,6,5,6,5,7,5,4,6,6,4,7,7,5,4,5
sf,cvs,ofbiz,ofbiz/core/src/service/org/ofbiz/core/service/jms/JmsServiceEngine.java,clean,java,IssueFalse,45229,319,15375,13,9,8,9,8,3,6,9,9,8,6,7,8,8,7,7,9,9,9,9,9,9,6,7,8,6,7,7,9,9,9,9,9,9,6,6,6,10,10,10,8,9,9,7,8,8,7,8,8,6,8,9,9,8,8,10,10,8,9,9,7,7,8
sf,cvs,ofbiz,ofbiz/core/src/service/org/ofbiz/core/service/jms/JmsTopicListener.java,clean,java,IssueFalse,45229,319,15375,13,5,6,5,5,7,9,5,4,4,9,10,9,8,7,7,9,9,9,4,6,5,9,10,9,10,10,9,5,5,5,4,5,4,5,4,4,9,9,9,8,9,9,6,7,4,9,8,6,6,6,5,8,5,3,6,6,4,7,7,5,4,6
sf,cvs,ofbiz,ofbiz/core/src/service/org/ofbiz/core/service/job/GenericServiceJob.java,clean,java,IssueFalse,45229,319,15375,13,7,8,6,8,7,9,7,7,6,9,10,9,8,6,7,10,10,10,6,7,7,9,10,9,9,9,9,8,9,8,8,8,8,5,4,4,10,10,10,8,9,9,5,9,6,6,8,7,3,7,7,7,10,8,8,8,5,7,7,7,7,7
sf,cvs,ofbiz,ofbiz/core/src/service/org/ofbiz/core/service/job/JobInvoker.java,clean,java,IssueFalse,45229,319,15375,13,6,8,6,8,7,7,7,6,6,6,7,8,8,6,7,9,9,9,7,7,7,6,7,8,9,9,9,8,9,8,8,8,8,7,7,7,10,10,9,10,10,10,4,8,6,5,7,6,4,7,7,9,8,5,8,8,6,9,9,6,6,8
sf,cvs,ofbiz,ofbiz/core/src/service/org/ofbiz/core/service/job/JobManager.java,clean,java,IssueFalse,45229,319,15375,13,7,9,7,8,7,7,7,7,6,6,7,8,8,6,7,9,9,9,10,10,9,6,7,8,8,8,8,8,9,8,8,8,8,8,8,8,9,9,9,8,9,9,5,7,6,8,9,8,4,8,7,8,5,8,9,9,5,7,7,6,5,6
sf,cvs,ofbiz,ofbiz/core/src/service/org/ofbiz/core/service/job/JobPoller.java,clean,java,IssueFalse,45229,319,15375,13,8,9,8,9,6,9,9,8,8,6,7,8,9,8,8,9,9,9,8,8,8,6,7,8,9,9,9,10,10,9,9,9,9,7,7,7,10,10,9,10,10,10,5,7,8,5,6,8,4,6,9,10,9,8,9,10,8,9,10,7,7,8
sf,cvs,ofbiz,ofbiz/core/src/service/org/ofbiz/core/service/job/PersistedServiceJob.java,clean,java,IssueFalse,45229,319,15375,13,7,8,7,7,6,9,8,7,7,10,10,10,9,8,8,9,9,9,9,9,8,10,10,10,7,8,7,8,8,8,7,7,7,2,2,2,10,10,10,10,10,10,7,8,7,7,7,7,6,6,8,7,8,7,8,8,5,7,7,6,6,6
sf,cvs,ofbiz,ofbiz/core/src/share/org/ofbiz/core/config/JNDIConfigUtil.java,clean,java,IssueFalse,45229,319,15375,13,5,6,5,6,6,4,2,3,3,6,7,9,6,5,8,9,9,9,4,7,8,6,7,9,8,9,9,1,3,3,3,6,6,2,3,4,10,10,10,8,9,9,3,4,4,4,4,4,3,4,5,5,8,8,8,8,10,9,9,6,3,4
sf,cvs,ofbiz,ofbiz/core/src/share/org/ofbiz/core/config/ResourceHandler.java,clean,java,IssueFalse,45229,319,15375,13,6,6,5,8,6,6,7,6,5,6,7,8,8,7,7,9,9,9,5,6,6,6,7,8,8,8,8,9,9,9,8,9,8,9,8,8,9,9,9,8,9,9,3,6,6,7,7,8,2,3,6,3,8,3,4,4,8,7,7,7,5,4
sf,cvs,ofbiz,ofbiz/core/src/share/org/ofbiz/core/config/ResourceLoader.java,clean,java,IssueFalse,45229,319,15375,13,8,6,7,8,4,7,8,8,7,6,7,8,8,7,7,9,9,9,9,9,9,6,7,8,8,8,8,6,6,6,8,8,8,8,8,8,10,10,9,8,9,9,6,8,7,6,8,7,3,4,7,3,8,7,7,6,3,5,5,5,2,3
sf,cvs,ofbiz,ofbiz/core/src/share/org/ofbiz/core/config/SecurityConfigUtil.java,clean,java,IssueFalse,45229,319,15375,13,4,9,4,6,9,6,2,3,3,6,7,9,6,5,8,9,9,9,4,7,8,6,7,9,6,8,7,1,3,3,3,6,6,4,5,6,9,9,9,8,9,9,3,5,4,4,5,4,2,4,4,3,5,6,6,6,3,5,5,9,7,6
sf,cvs,ofbiz,ofbiz/core/src/share/org/ofbiz/core/util/BshUtil.java,clean,java,IssueFalse,45229,319,15375,13,4,7,4,3,8,7,5,4,4,6,7,8,6,3,5,9,9,9,3,5,4,6,7,8,4,6,6,1,2,2,2,2,2,2,2,2,9,9,9,8,9,9,9,8,4,9,7,4,10,7,5,5,5,4,5,5,3,5,5,7,6,6
sf,cvs,ofbiz,ofbiz/core/src/share/org/ofbiz/core/util/Debug.java,clean,java,IssueFalse,45229,319,15375,13,9,7,9,10,3,7,10,9,9,6,7,8,10,10,10,9,9,9,8,8,8,6,7,8,4,6,6,1,2,2,10,10,10,10,10,10,9,9,9,8,9,9,3,7,9,10,10,10,1,5,9,8,5,9,10,10,4,7,6,8,8,8
sf,cvs,ofbiz,ofbiz/core/src/share/org/ofbiz/core/util/FlexibleProperties.java,clean,java,IssueFalse,45229,319,15375,13,9,8,9,10,4,10,9,9,9,10,10,10,10,10,10,9,9,9,8,8,8,10,10,10,8,8,8,10,10,10,10,10,10,10,10,10,10,10,9,10,10,10,4,9,8,4,7,8,2,7,9,3,5,3,4,4,4,6,5,3,2,2
sf,cvs,ofbiz,ofbiz/core/src/share/org/ofbiz/core/util/GeneralException.java,clean,java,IssueFalse,45229,319,15375,13,4,8,4,8,8,4,6,5,5,10,10,10,10,9,9,10,10,10,1,3,3,10,10,10,6,7,7,9,9,8,8,8,8,9,8,8,9,9,9,8,9,9,3,4,5,6,9,7,1,3,5,3,5,5,5,5,6,6,6,3,2,2
sf,cvs,ofbiz,ofbiz/core/src/share/org/ofbiz/core/util/HttpClient.java,buggy,java,IssueFalse,45229,319,15375,13,9,9,9,10,4,7,10,10,9,6,7,8,10,9,9,9,9,9,9,9,9,6,7,8,10,10,9,10,10,10,10,10,10,10,10,10,9,9,9,10,10,10,4,9,9,4,8,9,3,9,9,10,9,8,9,10,3,7,7,7,7,9
sf,cvs,ofbiz,ofbiz/core/src/share/org/ofbiz/core/util/JNDIContextFactory.java,buggy,java,IssueFalse,45229,319,15375,13,5,7,4,4,7,10,5,5,4,6,7,8,6,4,5,9,9,9,6,7,7,6,7,8,4,6,6,1,2,2,3,4,3,4,3,3,9,9,9,8,9,9,8,8,5,10,10,6,5,5,4,7,10,6,7,8,5,7,7,6,5,6
sf,cvs,ofbiz,ofbiz/core/src/share/org/ofbiz/core/util/MapComparator.java,clean,java,IssueFalse,45229,319,15375,13,6,7,6,5,6,10,8,7,7,6,7,8,7,5,6,9,9,9,8,8,8,6,7,8,6,7,7,6,6,6,5,6,5,5,4,4,9,9,9,10,10,10,9,10,7,4,5,4,6,9,6,8,9,3,4,4,3,5,5,3,2,4
sf,cvs,ofbiz,ofbiz/core/src/share/org/ofbiz/core/util/ObjectType.java,buggy,java,IssueFalse,45229,319,15375,13,10,10,10,9,3,10,10,10,10,6,7,8,9,8,8,9,9,9,10,10,10,6,7,8,4,6,6,1,2,2,9,9,9,9,9,9,9,9,9,8,9,9,10,10,10,8,10,9,6,10,9,9,8,9,10,10,4,7,8,7,7,8
sf,cvs,ofbiz,ofbiz/core/src/share/org/ofbiz/core/util/OrderedMap.java,clean,java,IssueFalse,45229,319,15375,13,2,7,2,5,9,4,3,3,3,10,10,10,10,10,10,9,9,9,1,3,3,10,10,10,6,7,7,6,6,6,5,6,5,6,5,5,9,9,9,8,9,9,3,4,3,3,4,3,2,3,4,5,5,4,5,5,10,9,9,8,7,6
sf,cvs,ofbiz,ofbiz/core/src/share/org/ofbiz/core/util/SiteDefs.java,buggy,java,IssueFalse,45229,319,15375,13,3,8,3,2,9,2,1,1,1,6,7,8,6,3,5,9,9,9,1,1,1,6,7,8,4,6,6,1,2,2,1,1,1,1,1,1,9,9,9,8,9,9,2,1,2,2,2,2,1,1,2,5,8,3,4,4,4,6,6,6,4,4
sf,cvs,ofbiz,ofbiz/core/src/share/org/ofbiz/core/util/StringUtil.java,clean,java,IssueFalse,45229,319,15375,13,7,9,7,7,7,6,8,8,7,6,7,8,8,6,7,9,9,9,6,7,7,6,7,8,4,6,6,1,2,2,7,7,7,7,7,7,9,9,9,8,9,9,7,7,7,6,9,7,6,5,8,6,8,3,5,5,5,7,7,6,5,6
sf,cvs,ofbiz,ofbiz/core/src/share/org/ofbiz/core/util/UtilCache.java,buggy,java,IssueFalse,45229,319,15375,13,10,10,9,10,6,7,9,9,9,6,7,9,9,9,9,9,9,9,4,8,8,6,7,9,9,10,10,9,10,10,9,10,10,9,10,10,10,10,10,8,9,9,5,8,9,7,10,10,3,5,10,7,8,8,9,9,10,10,10,6,6,6
sf,cvs,ofbiz,ofbiz/core/src/share/org/ofbiz/core/util/UtilDateTime.java,buggy,java,IssueFalse,45229,319,15375,13,9,10,9,10,7,4,9,9,9,6,7,8,9,9,9,9,9,9,5,6,6,6,7,8,4,6,6,1,2,2,10,10,10,10,10,10,9,9,9,8,9,9,4,6,8,8,10,10,3,5,9,6,5,3,4,4,4,7,6,6,5,6
sf,cvs,ofbiz,ofbiz/core/src/share/org/ofbiz/core/util/UtilJ2eeCompat.java,buggy,java,IssueFalse,45229,319,15375,13,5,6,5,5,7,6,5,5,4,6,7,8,7,5,6,9,9,9,1,3,3,6,7,8,4,6,6,1,2,2,5,6,5,5,4,4,10,10,9,8,9,9,6,8,5,9,9,7,3,4,4,7,10,7,8,8,5,7,7,6,5,6
sf,cvs,ofbiz,ofbiz/core/src/share/org/ofbiz/core/util/UtilMisc.java,buggy,java,IssueFalse,45229,319,15375,13,10,10,10,10,5,7,9,9,9,6,7,9,9,8,9,9,9,9,6,8,9,6,7,9,9,10,10,8,10,10,9,10,10,10,9,10,9,10,9,8,9,9,4,8,9,10,10,10,3,5,9,9,8,9,9,10,10,10,10,9,9,9
sf,cvs,ofbiz,ofbiz/core/src/share/org/ofbiz/core/util/UtilProperties.java,clean,java,IssueFalse,45229,319,15375,13,9,10,9,9,7,7,10,10,9,6,7,8,9,8,8,9,9,9,8,8,8,6,7,8,4,6,6,1,2,2,10,10,9,10,9,9,9,9,9,8,9,9,7,8,9,9,10,10,5,6,9,8,5,10,10,10,7,9,8,7,6,7
sf,cvs,ofbiz,ofbiz/core/src/share/org/ofbiz/core/util/UtilTimer.java,buggy,java,IssueFalse,45229,319,15375,13,6,9,6,8,9,4,6,5,5,6,7,8,8,7,7,9,9,9,2,3,3,6,7,8,9,9,9,9,9,8,8,8,8,9,8,8,9,9,9,8,9,9,3,6,5,6,7,7,3,6,7,3,8,4,5,5,8,7,7,8,5,5
sf,cvs,ofbiz,ofbiz/core/src/share/org/ofbiz/core/util/UtilURL.java,clean,java,IssueFalse,45229,319,15375,13,5,6,5,6,7,6,7,6,6,6,7,8,7,5,6,9,9,9,5,6,6,6,7,8,4,6,6,1,2,2,6,6,6,6,6,6,9,9,9,8,9,9,6,8,6,7,8,6,3,4,5,3,8,3,4,4,7,7,7,7,5,4
sf,cvs,ofbiz,ofbiz/core/src/share/org/ofbiz/core/util/UtilValidate.java,buggy,java,IssueFalse,45229,319,15375,13,10,10,10,10,7,7,10,10,10,6,7,8,10,10,10,9,9,9,7,8,7,6,7,8,4,6,6,1,2,2,10,10,10,10,10,10,9,9,9,8,9,9,6,9,10,7,10,10,3,7,10,3,5,10,10,10,8,7,7,10,9,8
sf,cvs,ofbiz,ofbiz/core/src/share/org/ofbiz/core/util/UtilXml.java,clean,java,IssueFalse,45229,319,15375,13,10,9,9,10,4,9,8,9,9,6,7,10,8,9,10,9,9,9,8,10,10,6,7,10,6,8,8,4,6,8,8,10,10,9,10,10,9,9,9,8,9,9,5,7,9,9,10,10,3,6,9,6,9,5,6,6,9,9,9,7,6,6
sf,cvs,ofbiz,ofbiz/core/src/webapp/org/ofbiz/core/control/Attic/ContextSecurityFilter.java,buggy,java,IssueFalse,45229,319,15375,13,7,7,7,6,5,9,7,7,6,6,7,8,7,5,6,9,9,9,6,7,6,6,7,8,6,7,7,7,7,7,6,6,6,6,6,6,9,9,9,8,9,9,7,9,6,4,7,4,5,9,6,5,5,3,4,4,5,7,6,7,5,5
sf,cvs,ofbiz,ofbiz/core/src/webapp/org/ofbiz/core/control/ControlActivationEventListener.java,clean,java,IssueFalse,45229,319,15375,13,2,6,2,5,10,2,2,2,2,6,7,8,7,4,6,9,9,9,2,3,3,6,7,8,4,6,6,5,5,5,4,5,4,5,4,4,9,9,9,8,9,9,3,3,3,3,3,3,2,3,3,6,8,3,5,5,7,7,8,7,5,6
sf,cvs,ofbiz,ofbiz/core/src/webapp/org/ofbiz/core/control/ControlEventListener.java,clean,java,IssueFalse,45229,319,15375,13,6,6,6,8,5,7,7,6,6,6,7,8,8,7,7,9,9,9,5,6,6,6,7,8,4,6,6,6,6,6,8,9,8,9,8,8,9,9,9,10,10,10,3,7,6,3,5,5,2,8,7,9,9,8,9,9,5,7,7,7,7,8
sf,cvs,ofbiz,ofbiz/core/src/webapp/org/ofbiz/core/control/ControlServlet.java,buggy,java,IssueFalse,45229,319,15375,13,9,9,9,8,4,10,10,9,9,9,10,9,8,7,7,9,9,9,10,10,10,9,10,9,4,6,6,9,9,8,8,8,8,6,6,6,9,9,9,10,10,10,8,10,9,5,9,7,8,10,9,10,10,7,9,10,7,10,10,7,8,9
sf,cvs,ofbiz,ofbiz/core/src/webapp/org/ofbiz/core/control/RequestHandler.java,buggy,java,IssueFalse,45229,319,15375,13,10,9,10,9,4,10,10,10,10,6,7,8,8,7,7,9,9,9,9,9,9,6,7,8,8,9,8,9,9,9,9,9,9,9,8,8,9,9,9,10,10,10,9,10,9,7,9,8,8,10,9,10,10,9,10,10,7,8,9,8,9,10
sf,cvs,ofbiz,ofbiz/core/src/webapp/org/ofbiz/core/event/CoreEvents.java,buggy,java,IssueFalse,45229,319,15375,13,9,10,9,7,6,7,9,9,8,6,7,8,8,6,7,9,9,9,10,10,9,6,7,8,4,6,6,1,2,2,7,7,7,7,7,7,9,9,9,8,9,9,9,10,8,4,7,5,8,9,8,10,10,8,10,10,6,9,9,6,7,8
sf,cvs,ofbiz,ofbiz/core/src/webapp/org/ofbiz/core/event/EventHandler.java,clean,java,IssueFalse,45229,319,15375,13,1,7,1,3,10,2,1,1,1,1,2,5,4,1,3,10,10,10,1,1,1,1,2,5,4,6,6,3,3,3,2,2,2,2,2,2,9,9,9,8,9,9,3,3,2,3,2,2,1,2,2,6,9,4,6,6,4,7,6,6,5,5
sf,cvs,ofbiz,ofbiz/core/src/webapp/org/ofbiz/core/event/JavaEventHandler.java,clean,java,IssueFalse,45229,319,15375,13,5,7,5,4,7,7,6,5,5,6,7,8,6,4,5,9,9,9,7,7,7,6,7,8,6,7,7,4,5,4,3,4,3,2,2,2,9,9,9,10,10,10,9,7,5,9,7,5,7,5,5,7,9,5,7,7,4,7,6,7,7,7
sf,cvs,ofbiz,ofbiz/core/src/webapp/org/ofbiz/core/event/ServiceEventHandler.java,clean,java,IssueFalse,45229,319,15375,13,7,8,7,3,6,7,8,7,7,6,7,8,6,3,5,9,9,9,9,9,8,6,7,8,4,6,6,3,3,3,2,2,2,2,2,2,9,9,9,8,9,9,10,10,7,10,10,6,10,10,6,10,10,6,8,9,5,8,8,7,8,9
sf,cvs,ofbiz,ofbiz/core/src/webapp/org/ofbiz/core/event/SimpleEventHandler.java,buggy,java,IssueFalse,45229,319,15375,13,3,7,3,3,9,6,3,3,3,6,7,8,6,3,5,9,9,9,2,4,4,6,7,8,4,6,6,3,3,3,2,2,2,2,2,2,9,9,9,8,9,9,8,7,3,9,7,3,5,4,3,9,10,4,6,6,4,7,7,5,5,7
sf,cvs,ofbiz,ofbiz/core/src/webapp/org/ofbiz/core/event/TestEvent.java,clean,java,IssueFalse,45229,319,15375,13,2,6,2,4,9,4,2,2,2,6,7,8,6,4,5,9,9,9,2,3,3,6,7,8,4,6,6,1,2,2,3,4,3,4,3,3,9,9,9,8,9,9,3,4,3,3,2,2,4,4,3,6,9,3,5,5,5,7,7,6,5,5
sf,cvs,ofbiz,ofbiz/core/src/webapp/org/ofbiz/core/ftl/Attic/FreeMarkerGenerator.java,clean,java,IssueFalse,45229,319,15375,13,7,9,7,4,7,7,4,4,3,9,10,9,6,4,5,9,9,9,8,8,8,9,10,9,6,7,7,4,5,4,3,4,3,4,3,3,9,9,9,8,9,9,7,7,4,6,7,4,10,10,6,9,5,8,8,10,7,8,9,7,5,8
sf,cvs,ofbiz,ofbiz/core/src/webapp/org/ofbiz/core/ftl/FreeMarkerViewHandler.java,buggy,java,IssueFalse,45229,319,15375,13,7,8,6,5,6,4,4,4,3,6,7,8,7,4,6,9,9,9,4,5,5,6,7,8,7,8,7,4,5,4,4,5,4,5,4,4,9,9,9,8,9,9,5,6,4,7,7,5,6,5,5,10,5,6,9,9,6,9,9,7,7,9
sf,cvs,ofbiz,ofbiz/core/src/webapp/org/ofbiz/core/ftl/OfbizContentTransform.java,clean,java,IssueFalse,45229,319,15375,13,4,6,4,5,8,4,2,2,3,6,7,9,6,4,8,9,9,9,1,3,5,6,7,9,4,6,6,4,5,6,3,5,5,4,4,5,9,9,9,8,9,9,3,4,3,3,4,3,3,5,4,3,8,3,4,4,3,5,5,6,4,3
sf,cvs,ofbiz,ofbiz/core/src/webapp/org/ofbiz/core/ftl/OfbizUrlTransform.java,clean,java,IssueFalse,45229,319,15375,13,4,6,3,5,8,4,2,2,3,6,7,9,6,4,8,9,9,9,2,4,5,6,7,9,4,6,6,4,5,6,3,5,5,4,4,5,9,9,9,8,9,9,3,4,3,4,4,4,2,5,4,3,5,5,5,5,3,5,5,6,4,3
sf,cvs,ofbiz,ofbiz/core/src/webapp/org/ofbiz/core/ftl/SetRequestAttributeMethod.java,buggy,java,IssueFalse,45229,319,15375,13,4,6,4,3,8,4,3,3,3,6,7,8,6,3,5,9,9,9,1,3,3,6,7,8,4,6,6,3,3,3,2,2,2,2,2,2,9,9,9,8,9,9,8,7,3,3,2,2,7,5,3,3,8,10,9,8,6,6,6,5,2,3
sf,cvs,ofbiz,ofbiz/core/src/webapp/org/ofbiz/core/pseudotag/EntityField.java,buggy,java,IssueFalse,45229,319,15375,13,8,9,8,8,5,10,9,8,8,6,7,8,8,6,7,9,9,9,9,9,9,6,7,8,6,7,7,7,7,7,8,8,8,8,8,8,9,9,9,8,9,9,7,10,8,7,9,8,3,9,6,6,9,3,4,4,5,7,7,6,5,6
sf,cvs,ofbiz,ofbiz/core/src/webapp/org/ofbiz/core/region/Region.java,buggy,java,IssueFalse,45229,319,15375,13,6,8,5,8,7,6,7,6,6,9,10,9,9,8,8,9,9,9,5,6,6,9,10,9,7,8,7,9,9,8,8,8,8,9,8,8,9,9,9,8,9,9,4,7,6,5,6,7,2,5,6,5,9,6,6,6,7,8,7,8,6,6
sf,cvs,ofbiz,ofbiz/core/src/webapp/org/ofbiz/core/region/RegionManager.java,buggy,java,IssueFalse,45229,319,15375,13,7,6,7,7,5,7,8,7,7,6,7,8,8,6,7,9,9,9,9,9,9,6,7,8,6,7,7,8,8,8,7,8,7,7,6,6,10,10,10,8,9,9,6,7,7,5,6,6,5,6,7,3,5,10,9,8,7,7,7,10,8,7
sf,cvs,ofbiz,ofbiz/core/src/webapp/org/ofbiz/core/region/RenderTag.java,buggy,java,IssueFalse,45229,319,15375,13,6,7,5,8,6,6,7,6,6,9,10,9,8,6,7,9,9,9,3,5,4,9,10,9,8,9,8,8,9,8,8,8,8,7,7,7,10,10,10,8,9,9,4,7,6,4,5,5,2,5,6,3,8,3,4,4,8,7,7,8,6,5
sf,cvs,ofbiz,ofbiz/core/src/webapp/org/ofbiz/core/region/Section.java,buggy,java,IssueFalse,45229,319,15375,13,7,8,6,7,6,9,7,7,6,9,10,9,8,7,7,9,9,9,6,7,6,9,10,9,8,8,8,7,7,7,7,7,6,6,6,6,10,10,9,8,9,9,7,8,6,7,7,7,5,7,7,8,9,5,7,7,5,8,7,10,10,10
sf,cvs,ofbiz,ofbiz/core/src/webapp/org/ofbiz/core/taglib/ContentUrlTag.java,buggy,java,IssueFalse,45229,319,15375,13,4,6,4,4,7,6,4,3,3,9,10,9,6,4,5,9,9,9,5,6,6,9,10,9,4,6,6,3,3,3,3,4,3,4,3,3,9,9,9,8,9,9,6,6,4,5,5,3,8,7,5,7,9,5,6,7,5,7,7,6,5,6
sf,cvs,ofbiz,ofbiz/core/src/webapp/org/ofbiz/core/taglib/EntityFieldTag.java,buggy,java,IssueFalse,45229,319,15375,13,6,6,5,9,6,6,7,6,5,9,10,9,8,7,7,9,9,9,3,5,4,9,10,9,9,9,9,9,9,9,9,9,9,9,9,9,9,9,9,8,9,9,3,6,6,3,8,6,1,5,5,7,9,3,5,5,5,7,7,7,6,7
sf,cvs,ofbiz,ofbiz/core/src/webapp/org/ofbiz/core/taglib/FormatTag.java,buggy,java,IssueFalse,45229,319,15375,13,5,6,5,6,7,6,6,5,5,9,10,9,7,5,6,9,9,9,4,6,5,9,10,9,7,8,7,7,7,7,6,6,6,6,6,6,9,9,9,8,9,9,5,8,5,3,4,3,4,8,6,7,9,4,6,6,5,7,7,5,4,5
sf,cvs,ofbiz,ofbiz/core/src/webapp/org/ofbiz/core/taglib/I18nBundleTag.java,buggy,java,IssueFalse,45229,319,15375,13,4,6,3,7,8,6,5,4,4,9,10,9,7,6,6,9,9,9,4,6,5,9,10,9,7,8,7,7,7,7,7,7,6,7,6,6,9,9,9,8,9,9,3,6,4,3,5,4,2,6,4,6,8,5,6,6,3,6,5,8,7,7
sf,cvs,ofbiz,ofbiz/core/src/webapp/org/ofbiz/core/taglib/I18nMessageArgumentTag.java,buggy,java,IssueFalse,45229,319,15375,13,2,6,2,3,9,6,2,2,2,9,10,9,6,3,5,9,9,9,2,4,4,9,10,9,4,6,6,3,3,3,2,2,2,2,2,2,9,9,9,8,9,9,6,5,3,4,3,2,5,4,3,3,8,6,6,6,3,5,5,6,3,3
sf,cvs,ofbiz,ofbiz/core/src/webapp/org/ofbiz/core/taglib/I18nMessageTag.java,buggy,java,IssueFalse,45229,319,15375,13,6,7,5,7,6,7,7,6,5,9,10,9,8,6,7,9,9,9,7,7,7,9,10,9,8,9,8,8,8,8,7,8,7,8,7,7,9,9,9,8,9,9,4,7,6,4,5,5,3,7,6,7,9,5,6,7,5,7,7,8,8,8
sf,cvs,ofbiz,ofbiz/core/src/webapp/org/ofbiz/core/taglib/IfTag.java,buggy,java,IssueFalse,45229,319,15375,13,9,8,8,8,4,10,9,9,8,9,10,9,8,7,7,9,9,9,8,8,8,9,10,9,8,9,8,9,9,9,8,9,8,9,8,8,9,9,9,8,9,9,7,10,8,4,9,6,3,9,7,3,8,5,5,5,3,5,5,6,3,3
sf,cvs,ofbiz,ofbiz/core/src/webapp/org/ofbiz/core/taglib/InputValueTag.java,buggy,java,IssueFalse,45229,319,15375,13,5,6,5,9,6,6,6,5,5,9,10,9,8,7,7,9,9,9,2,4,4,9,10,9,9,9,9,9,9,9,9,9,9,9,9,9,9,9,9,8,9,9,3,5,5,3,7,6,1,4,5,5,8,4,5,5,7,8,7,6,5,4
sf,cvs,ofbiz,ofbiz/core/src/webapp/org/ofbiz/core/taglib/IterateNextTag.java,clean,java,IssueFalse,45229,319,15375,13,6,7,6,8,6,7,7,6,6,9,10,9,8,6,7,9,9,9,6,7,7,9,10,9,8,9,8,8,9,8,8,8,8,8,8,8,9,9,9,8,9,9,4,7,6,3,5,5,2,6,6,3,8,4,5,5,3,5,5,6,3,3
sf,cvs,ofbiz,ofbiz/core/src/webapp/org/ofbiz/core/taglib/IteratorTag.java,buggy,java,IssueFalse,45229,319,15375,13,9,7,8,9,4,10,9,9,8,9,10,9,9,8,8,9,9,9,9,9,8,9,10,9,10,10,9,10,10,10,10,10,10,10,9,9,9,9,9,10,10,10,5,9,8,3,7,7,2,8,8,3,8,5,5,5,3,5,5,7,5,4
sf,cvs,ofbiz,ofbiz/core/src/webapp/org/ofbiz/core/taglib/PrintTag.java,buggy,java,IssueFalse,45229,319,15375,13,4,6,3,6,8,6,5,4,4,9,10,9,7,5,6,9,9,9,2,4,4,9,10,9,7,8,7,7,7,7,6,6,6,6,6,6,9,9,9,8,9,9,4,6,4,3,5,4,2,5,4,6,8,6,6,7,5,7,7,5,4,5
sf,cvs,ofbiz,ofbiz/core/src/webapp/org/ofbiz/core/taglib/UrlTag.java,buggy,java,IssueFalse,45229,319,15375,13,3,6,3,3,8,6,2,2,2,9,10,9,6,3,5,9,9,9,4,6,5,9,10,9,4,6,6,3,3,3,2,2,2,2,2,2,9,9,9,8,9,9,6,5,3,5,4,3,9,7,4,5,8,5,6,6,10,10,10,9,7,7
sf,cvs,ofbiz,ofbiz/core/src/webapp/org/ofbiz/core/view/DataVisionViewHandler.java,buggy,java,IssueFalse,45229,319,15375,13,5,8,4,4,8,4,5,5,4,6,7,8,6,4,5,9,9,9,6,7,6,6,7,8,6,7,7,4,5,4,3,4,3,4,3,3,9,9,9,8,9,9,8,8,5,8,8,4,5,6,4,6,5,4,6,6,5,7,7,7,5,6
sf,cvs,ofbiz,ofbiz/core/src/webapp/org/ofbiz/core/view/HttpViewHandler.java,buggy,java,IssueFalse,45229,319,15375,13,3,6,3,4,9,4,4,3,3,6,7,8,6,4,5,9,9,9,2,3,3,6,7,8,6,7,7,4,5,4,3,4,3,4,3,3,9,9,9,8,9,9,6,7,4,5,5,3,4,5,3,5,5,3,4,4,5,7,6,7,5,5
sf,cvs,ofbiz,ofbiz/core/src/webapp/org/ofbiz/core/view/JasperReportsPdfViewHandler.java,buggy,java,IssueFalse,45229,319,15375,13,5,7,4,4,7,6,5,5,4,6,7,8,6,4,5,9,9,9,8,8,8,6,7,8,6,7,7,4,5,4,3,4,3,4,3,3,9,9,9,8,9,9,8,8,5,7,7,4,7,7,5,8,8,5,7,7,4,7,7,7,6,7
sf,cvs,ofbiz,ofbiz/core/src/webapp/org/ofbiz/core/view/JasperReportsXmlViewHandler.java,buggy,java,IssueFalse,45229,319,15375,13,5,7,4,4,7,6,5,4,4,6,7,8,6,4,5,9,9,9,8,8,8,6,7,8,6,7,7,4,5,4,3,4,3,4,3,3,9,9,9,8,9,9,8,8,4,7,7,4,7,7,4,7,5,4,6,6,4,7,7,6,5,6
sf,cvs,ofbiz,ofbiz/core/src/webapp/org/ofbiz/core/view/JspViewHandler.java,buggy,java,IssueFalse,45229,319,15375,13,4,6,3,4,8,6,5,4,4,6,7,8,6,4,5,9,9,9,3,5,4,6,7,8,6,7,7,4,5,4,3,4,3,4,3,3,9,9,9,8,9,9,8,8,4,5,6,3,3,4,3,8,5,4,6,6,6,7,8,6,5,6
sf,cvs,ofbiz,ofbiz/core/src/webapp/org/ofbiz/core/view/RegionViewHandler.java,buggy,java,IssueFalse,45229,319,15375,13,5,7,4,4,7,6,5,5,4,6,7,8,6,4,5,9,9,9,6,7,7,6,7,8,7,8,7,4,5,4,3,4,3,4,3,3,9,9,9,8,9,9,8,8,5,7,7,4,7,5,5,7,5,3,5,5,4,7,7,6,5,6
sf,cvs,ofbiz,ofbiz/core/src/webapp/org/ofbiz/core/view/VelocityViewHandler.java,buggy,java,IssueFalse,45229,319,15375,13,7,7,6,4,5,6,6,6,5,6,7,8,6,4,5,9,9,9,6,7,7,6,7,8,6,7,7,4,5,4,3,4,3,4,3,3,9,9,9,8,9,9,9,8,5,10,9,5,8,6,5,7,8,4,6,6,7,7,8,6,5,6
sf,cvs,ofbiz,ofbiz/core/src/workflow/org/ofbiz/core/workflow/WfFactory.java,buggy,java,IssueFalse,45229,319,15375,13,8,9,8,8,7,6,9,8,8,6,7,8,8,7,7,9,9,9,8,8,8,6,7,8,4,6,6,1,2,2,9,9,9,9,8,8,9,9,9,8,9,9,6,7,8,8,9,9,4,6,8,8,5,4,7,7,6,8,8,7,7,7
sf,cvs,ofbiz,ofbiz/core/src/workflow/org/ofbiz/core/workflow/WorkflowEngine.java,buggy,java,IssueFalse,45229,319,15375,13,8,8,8,8,5,7,7,8,8,7,10,10,7,6,8,9,9,9,7,9,9,7,10,10,7,8,8,6,7,8,5,7,8,5,6,6,9,10,9,9,10,10,7,10,7,8,10,8,4,9,7,9,5,6,8,8,9,9,9,8,8,8
sf,cvs,ofbiz,ofbiz/core/src/workflow/org/ofbiz/core/workflow/client/WorkflowClient.java,buggy,java,IssueFalse,45229,319,15375,13,9,10,9,9,8,7,10,9,9,6,7,8,9,8,8,9,9,9,7,7,7,6,7,8,7,8,7,10,10,10,10,10,10,10,9,9,10,10,9,10,10,10,5,8,9,7,8,9,4,7,9,7,8,7,8,8,4,6,6,8,8,8
sf,cvs,ofbiz,ofbiz/core/src/workflow/org/ofbiz/core/workflow/client/WorkflowServices.java,buggy,java,IssueFalse,45229,319,15375,13,10,9,10,9,3,9,10,9,9,6,7,8,9,8,8,9,9,9,9,9,9,6,7,8,4,6,6,1,2,2,9,9,9,10,9,9,9,9,9,8,9,9,6,8,9,9,9,9,8,7,10,3,5,3,4,4,3,5,5,6,3,3
sf,cvs,ofbiz,ofbiz/core/src/workflow/org/ofbiz/core/workflow/definition/XpdlReader.java,clean,java,IssueFalse,45229,319,15375,13,10,10,10,10,4,9,10,10,10,6,7,8,10,9,9,9,9,9,10,10,10,6,7,8,7,8,7,10,10,10,10,10,10,6,6,6,10,10,10,10,10,10,8,10,10,8,9,10,7,8,10,10,9,3,4,4,3,5,5,2,1,1
sf,cvs,ofbiz,ofbiz/core/src/workflow/org/ofbiz/core/workflow/impl/WfActivityAbstractImplementation.java,clean,java,IssueFalse,45229,319,15375,13,5,8,5,8,8,4,6,5,5,6,7,8,8,6,7,9,9,9,7,7,7,6,7,8,8,8,8,8,9,8,8,8,8,6,5,5,10,10,10,8,9,9,3,5,5,4,7,6,2,5,6,9,8,4,6,6,4,7,7,6,6,7
sf,cvs,ofbiz,ofbiz/core/src/workflow/org/ofbiz/core/workflow/impl/WfActivityImpl.java,buggy,java,IssueFalse,45229,319,15375,13,10,10,10,10,4,9,10,10,10,9,10,9,10,10,10,9,9,9,10,10,10,9,10,9,6,7,7,10,10,10,10,10,10,9,9,9,9,9,9,10,10,10,8,9,10,6,8,9,8,9,10,10,10,8,9,10,10,10,10,8,9,10
sf,cvs,ofbiz,ofbiz/core/src/workflow/org/ofbiz/core/workflow/impl/WfAssignmentImpl.java,buggy,java,IssueFalse,45229,319,15375,13,8,9,8,9,6,9,9,8,8,6,7,8,9,7,7,9,9,9,5,6,6,6,7,8,8,9,8,9,9,9,9,9,9,9,8,8,9,9,9,10,10,10,5,8,8,5,7,7,4,6,8,9,5,5,7,8,7,9,9,8,8,8
sf,cvs,ofbiz,ofbiz/core/src/workflow/org/ofbiz/core/workflow/impl/WfExecutionObjectImpl.java,buggy,java,IssueFalse,45229,319,15375,13,10,10,10,10,6,6,10,10,10,6,7,8,10,9,9,10,10,10,9,9,9,6,7,8,10,10,9,10,10,10,10,10,10,10,10,10,10,10,10,10,10,10,5,8,10,6,10,10,4,8,10,10,10,7,9,10,10,10,10,8,9,9
sf,cvs,ofbiz,ofbiz/core/src/workflow/org/ofbiz/core/workflow/impl/WfProcessImpl.java,buggy,java,IssueFalse,45229,319,15375,13,10,10,9,10,5,7,10,10,9,9,10,9,10,10,10,9,9,9,9,9,9,9,10,9,7,8,7,10,10,10,10,10,10,10,9,9,9,9,9,10,10,10,6,8,9,4,7,8,6,8,10,9,9,8,9,9,9,10,9,8,9,9
sf,cvs,ofbiz,ofbiz/core/src/workflow/org/ofbiz/core/workflow/impl/WfProcessMgrImpl.java,buggy,java,IssueFalse,45229,319,15375,13,8,9,8,9,7,6,9,8,8,6,7,8,9,8,8,9,9,9,8,8,8,6,7,8,9,9,9,10,10,9,9,9,9,9,9,9,9,9,9,10,10,10,4,7,7,4,7,7,3,7,8,9,8,7,9,9,8,9,9,9,9,9
sf,cvs,ofbiz,ofbiz/core/src/workflow/org/ofbiz/core/workflow/impl/WfRequesterImpl.java,buggy,java,IssueFalse,45229,319,15375,13,6,8,6,7,7,7,7,6,6,6,7,8,8,6,7,9,9,9,7,8,7,6,7,8,6,7,7,8,8,8,7,7,7,7,7,7,9,9,9,8,9,9,5,7,6,4,7,5,4,7,6,9,8,6,8,8,7,9,9,7,8,8
sf,cvs,ofbiz,ofbiz/ecommerce/src/org/ofbiz/ecommerce/misc/ThirdPartyEvents.java,buggy,java,IssueFalse,45229,319,15375,13,8,8,8,6,5,10,9,8,8,6,7,8,7,5,6,9,9,9,8,8,8,6,7,8,4,6,6,1,2,2,6,6,6,5,4,4,9,9,9,10,10,10,9,8,7,7,7,6,9,9,8,7,5,9,9,9,7,8,8,9,10,9
sf,cvs,ofbiz,ofbiz/ordermgr/src/org/ofbiz/ordermgr/Attic/OrderReportEvents.java,buggy,java,IssueFalse,45229,319,15375,13,8,8,8,3,5,6,6,6,5,6,7,8,6,3,5,9,9,9,9,9,8,6,7,8,4,6,6,1,2,2,2,2,2,2,2,2,9,9,9,8,9,9,10,9,5,8,6,3,10,9,6,5,8,3,4,4,7,7,7,5,3,4
sf,cvs,ofbiz,ofbiz/ordermgr/src/org/ofbiz/ordermgr/OrderManagerEvents.java,clean,java,IssueFalse,45229,319,15375,13,8,8,8,4,4,7,8,7,6,6,7,8,6,4,5,9,9,9,10,10,9,6,7,8,4,6,6,1,2,2,3,4,3,4,3,3,9,9,9,8,9,9,10,9,6,10,8,5,10,10,8,9,5,10,10,10,10,10,10,7,6,8
