Host,Vcs,Project,File,Buggy,PL,IssueTracking,TLOC,TNF,TNC,TND,LOC,CL,NStmt,NFunc,RCC,MNL,avg_WMC,max_WMC,total_WMC,avg_DIT,max_DIT,total_DIT,avg_RFC,max_RFC,total_RFC,avg_NOC,max_NOC,total_NOC,avg_CBO,max_CBO,total_CBO,avg_DIT.1,max_DIT.1,total_DIT.1,avg_NIV,max_NIV,total_NIV,avg_NIM,max_NIM,total_NIM,avg_NOM,max_NOM,total_NOM,avg_NPBM,max_NPBM,total_NPBM,avg_NPM,max_NPM,total_NPM,avg_NPRM,max_NPRM,total_NPRM,avg_CC,max_CC,total_CC,avg_FANIN,max_FANIN,total_FANIN,avg_FANOUT,max_FANOUT,total_FANOUT,NRev,NFix,avg_AddedLOC,max_AddedLOC,total_AddedLOC,avg_DeletedLOC,max_DeletedLOC,total_DeletedLOC,avg_ModifiedLOC,max_ModifiedLOC,total_ModifiedLOC
sf,cvs,opengrads,opengrads/cola/grads2/src/dodstn.c,clean,c,IssueTrue,71444,52,7562,12,6,6,7,5,7,9,10,10,4,8,9,10,8,9,5,9,9,9,9,9,9,8,9,10,6,6,6,10,10,10,10,10,10,10,10,10,10,10,10,8,8,9,9,9,7,7,7,5,9,10,7,2,4,3,3,3,6,5,5,5,4,3
sf,cvs,opengrads,opengrads/cola/grads2/src/gaddes.c,clean,c,IssueTrue,71444,52,7562,12,10,10,10,6,7,10,10,10,4,8,9,10,8,9,5,9,9,9,9,9,9,8,9,10,6,6,6,10,10,10,10,10,10,10,10,10,10,10,10,8,8,9,10,10,10,9,10,8,10,10,9,3,4,3,3,3,4,4,4,2,2,1
sf,cvs,opengrads,opengrads/cola/grads2/src/gaexpr.c,clean,c,IssueTrue,71444,52,7562,12,8,8,9,5,7,10,10,10,4,8,9,10,8,9,5,9,9,9,9,9,9,8,9,10,6,6,6,10,10,10,10,10,10,10,10,10,10,10,10,8,8,9,10,10,9,10,9,8,9,9,7,2,4,3,3,3,4,4,4,5,4,3
sf,cvs,opengrads,opengrads/cola/grads2/src/gafunc.c,clean,c,IssueTrue,71444,52,7562,12,10,10,10,9,8,10,10,10,4,8,9,10,8,9,5,9,9,9,9,9,9,8,9,10,6,6,6,10,10,10,10,10,10,10,10,10,10,10,10,8,8,9,10,10,10,9,9,10,8,9,10,3,4,3,3,3,4,4,4,2,2,1
sf,cvs,opengrads,opengrads/cola/grads2/src/gagx.c,clean,c,IssueTrue,71444,52,7562,12,10,9,10,9,4,10,10,10,4,8,9,10,8,9,5,9,9,9,9,9,9,8,9,10,10,9,9,10,10,10,10,10,10,10,10,10,10,10,10,8,8,9,10,10,10,10,10,10,9,9,10,3,4,3,3,3,4,4,4,2,2,1
sf,cvs,opengrads,opengrads/cola/grads2/src/gaio.c,clean,c,IssueTrue,71444,52,7562,12,9,8,9,8,6,10,10,10,4,8,9,10,8,9,5,9,9,9,9,9,9,8,9,10,6,6,6,10,10,10,10,10,10,10,10,10,10,10,10,8,8,9,9,10,9,9,9,9,7,9,8,3,4,3,3,3,4,4,4,2,2,1
sf,cvs,opengrads,opengrads/cola/grads2/src/gasdf.c,clean,c,IssueTrue,71444,52,7562,12,1,1,1,2,2,3,10,10,4,8,9,10,8,9,5,9,9,9,9,9,9,8,9,10,6,6,6,10,10,10,10,10,10,10,10,10,10,10,10,8,8,9,3,3,2,3,2,2,3,2,2,3,4,3,3,3,4,4,4,2,2,1
sf,cvs,opengrads,opengrads/cola/grads2/src/gauser.c,clean,c,IssueTrue,71444,52,7562,12,10,8,10,8,3,10,10,10,4,8,9,10,8,9,5,9,9,9,9,9,9,8,9,10,8,8,7,10,10,10,10,10,10,10,10,10,10,10,10,8,8,9,10,10,10,10,10,10,10,10,10,3,4,3,3,3,4,4,4,2,2,1
sf,cvs,opengrads,opengrads/cola/grads2/src/gautil.c,clean,c,IssueTrue,71444,52,7562,12,9,9,9,9,6,9,10,10,4,8,9,10,8,9,5,9,9,9,9,9,9,8,9,10,6,6,6,10,10,10,10,10,10,10,10,10,10,10,10,8,8,9,8,10,10,6,9,9,4,5,8,3,4,6,5,5,8,8,7,5,6,4
sf,cvs,opengrads,opengrads/cola/grads2/src/grads.h,clean,c,IssueTrue,71444,52,7562,12,7,10,8,2,10,3,10,10,4,8,9,10,8,9,5,9,9,9,10,10,10,8,9,10,10,10,10,10,10,10,10,10,10,10,10,10,10,10,10,8,8,9,3,3,2,3,2,2,3,2,2,3,4,8,6,7,4,4,4,7,6,5
sf,cvs,opengrads,opengrads/cola/grads2/src/gxX.c,clean,c,IssueTrue,71444,52,7562,12,10,8,10,9,5,10,10,10,4,8,9,10,8,9,5,9,9,9,9,9,9,8,9,10,6,6,6,10,10,10,10,10,10,10,10,10,10,10,10,8,8,9,10,10,10,10,10,10,8,10,10,2,4,3,3,3,4,4,4,2,2,1
sf,cvs,opengrads,opengrads/cola/grads2/src/gxcntr.c,clean,c,IssueTrue,71444,52,7562,12,7,9,7,5,9,9,10,10,4,8,9,10,8,9,5,9,9,9,9,9,9,8,9,10,9,8,8,10,10,10,10,10,10,10,10,10,10,10,10,8,8,9,9,9,7,8,7,6,8,8,6,2,4,10,10,10,10,8,7,10,9,7
sf,cvs,opengrads,opengrads/cola/grads2/src/gxmeta.c,clean,c,IssueTrue,71444,52,7562,12,6,5,7,6,6,8,10,10,4,8,9,10,8,9,5,9,9,9,9,9,9,8,9,10,6,6,6,10,10,10,10,10,10,10,10,10,10,10,10,8,8,9,8,8,7,8,7,7,7,6,7,2,4,3,3,3,4,4,4,3,3,2
sf,cvs,opengrads,opengrads/cola/grads2/src/gxps.c,clean,c,IssueTrue,71444,52,7562,12,6,3,7,5,4,9,10,10,4,8,9,10,8,9,5,9,9,9,9,9,9,8,9,10,6,6,6,10,10,10,10,10,10,10,10,10,10,10,10,8,8,9,9,10,7,6,7,5,5,8,5,2,4,3,3,3,6,5,5,7,6,4
sf,cvs,opengrads,opengrads/cola/grads2/src/gxshad.c,clean,c,IssueTrue,71444,52,7562,12,8,7,9,5,6,10,10,10,4,8,9,10,8,9,5,9,9,9,9,9,9,8,9,10,6,6,6,10,10,10,10,10,10,10,10,10,10,10,10,8,8,9,10,10,9,9,8,6,7,7,5,2,4,3,3,3,4,4,4,3,3,2
sf,cvs,opengrads,opengrads/cola/grads2/src/gxsubs.c,clean,c,IssueTrue,71444,52,7562,12,7,8,8,9,8,8,10,10,4,8,9,10,8,9,5,9,9,9,9,9,9,8,9,10,6,6,6,10,10,10,10,10,10,10,10,10,10,10,10,8,8,9,7,8,9,10,10,10,5,8,8,2,4,10,9,8,9,8,7,8,6,4
sf,cvs,opengrads,opengrads/contrib/extensions/ams/env.c,clean,c,IssueTrue,71444,52,7562,12,4,6,4,4,10,8,10,10,4,8,9,10,8,9,5,9,9,9,9,9,9,8,9,10,6,6,6,10,10,10,10,10,10,10,10,10,10,10,10,8,8,9,7,6,4,3,3,3,7,5,4,5,4,6,5,5,4,4,4,2,2,1
sf,cvs,opengrads,opengrads/contrib/extensions/bjt/libbjt.c,clean,c,IssueTrue,71444,52,7562,12,10,10,10,9,8,10,10,10,4,8,9,10,8,9,5,9,9,9,9,9,9,8,9,10,6,6,6,10,10,10,10,10,10,10,10,10,10,10,10,8,8,9,10,10,10,8,9,10,6,9,9,7,4,3,3,3,4,4,4,2,2,1
sf,cvs,opengrads,opengrads/contrib/extensions/gxyat/gxyat.c,buggy,c,IssueTrue,71444,52,7562,12,6,8,6,6,9,8,10,10,4,8,9,10,8,9,5,9,9,9,9,9,9,8,9,10,9,8,8,10,10,10,10,10,10,10,10,10,10,10,10,8,8,9,8,9,7,8,7,7,8,8,7,7,6,10,10,10,10,9,9,9,10,8
sf,cvs,opengrads,opengrads/contrib/extensions/ipc/libipc.c,buggy,c,IssueTrue,71444,52,7562,12,7,7,7,6,7,6,10,10,4,8,9,10,8,9,5,9,9,9,9,9,9,8,9,10,6,6,6,10,10,10,10,10,10,10,10,10,10,10,10,8,8,9,9,9,7,8,9,7,8,9,7,6,8,10,10,10,10,10,10,10,9,7
sf,cvs,opengrads,opengrads/contrib/extensions/mf/libmf.c,buggy,c,IssueTrue,71444,52,7562,12,8,8,9,6,6,8,10,10,4,8,9,10,8,9,5,9,9,9,9,9,9,8,9,10,6,6,6,10,10,10,10,10,10,10,10,10,10,10,10,8,8,9,10,9,8,10,8,8,9,8,7,10,9,10,10,10,10,10,10,10,10,10
sf,cvs,opengrads,opengrads/contrib/extensions/shape/shape.c,clean,c,IssueTrue,71444,52,7562,12,5,6,5,4,9,8,10,10,4,8,9,10,8,9,5,9,9,9,9,9,9,8,9,10,6,6,6,10,10,10,10,10,10,10,10,10,10,10,10,8,8,9,8,7,5,9,7,5,8,5,4,4,4,3,3,3,4,4,4,8,6,4
sf,cvs,opengrads,opengrads/grads/src/Attic/JGrads.java,clean,c,IssueTrue,71444,52,7562,12,4,4,4,4,7,6,10,10,10,10,10,10,10,10,7,9,9,9,10,10,10,10,10,10,6,6,6,10,10,10,10,10,10,10,10,10,10,10,10,9,9,9,8,8,5,6,4,4,9,7,5,9,8,9,9,10,9,10,10,10,10,10
sf,cvs,opengrads,opengrads/grads/src/Attic/gxJ.java,clean,c,IssueTrue,71444,52,7562,12,5,7,6,8,9,6,10,10,10,10,10,10,10,10,10,9,9,9,10,10,10,10,10,10,10,10,10,10,10,10,10,10,10,10,10,10,10,10,10,8,8,9,4,5,6,6,6,7,4,7,6,7,8,7,6,7,6,6,6,10,10,10
sf,cvs,opengrads,opengrads/grads/src/dodstn.c,clean,c,IssueTrue,71444,52,7562,12,6,6,7,5,7,9,10,10,4,8,9,10,8,9,5,9,9,9,9,9,9,8,9,10,6,6,6,10,10,10,10,10,10,10,10,10,10,10,10,8,8,9,9,9,7,7,7,5,9,10,7,3,4,3,3,3,6,5,5,5,4,3
sf,cvs,opengrads,opengrads/grads/src/gacfg.c,clean,c,IssueTrue,71444,52,7562,12,2,4,2,3,10,4,10,10,4,8,9,10,8,9,5,9,9,9,9,9,9,8,9,10,6,6,6,10,10,10,10,10,10,10,10,10,10,10,10,8,8,9,4,3,2,3,2,2,4,3,2,6,8,10,10,10,10,10,10,10,10,9
sf,cvs,opengrads,opengrads/grads/src/gaddes.c,clean,c,IssueTrue,71444,52,7562,12,10,10,10,6,7,10,10,10,4,8,9,10,8,9,5,9,9,9,9,9,9,8,9,10,6,6,6,10,10,10,10,10,10,10,10,10,10,10,10,8,8,9,10,10,10,9,10,8,10,10,9,6,8,3,3,3,4,4,4,2,2,1
sf,cvs,opengrads,opengrads/grads/src/gaexpr.c,clean,c,IssueTrue,71444,52,7562,12,8,8,9,5,7,10,10,10,4,8,9,10,8,9,5,9,9,9,9,9,9,8,9,10,6,6,6,10,10,10,10,10,10,10,10,10,10,10,10,8,8,9,10,10,9,10,9,8,9,9,7,4,6,3,3,3,4,4,4,5,4,3
sf,cvs,opengrads,opengrads/grads/src/gafunc.c,buggy,c,IssueTrue,71444,52,7562,12,10,10,10,9,8,10,10,10,4,8,9,10,8,9,5,9,9,9,9,9,9,8,9,10,6,6,6,10,10,10,10,10,10,10,10,10,10,10,10,8,8,9,10,10,10,9,9,10,8,9,10,8,8,3,3,3,4,4,4,2,2,1
sf,cvs,opengrads,opengrads/grads/src/gagx.c,clean,c,IssueTrue,71444,52,7562,12,10,9,10,9,4,10,10,10,4,8,9,10,8,9,5,9,9,9,9,9,9,8,9,10,10,9,9,10,10,10,10,10,10,10,10,10,10,10,10,8,8,9,10,10,10,10,10,10,9,9,10,5,6,3,3,3,4,4,4,2,2,1
sf,cvs,opengrads,opengrads/grads/src/gaio.c,clean,c,IssueTrue,71444,52,7562,12,9,8,9,8,6,10,10,10,4,8,9,10,8,9,5,9,9,9,9,9,9,8,9,10,6,6,6,10,10,10,10,10,10,10,10,10,10,10,10,8,8,9,9,10,9,9,9,9,7,9,8,7,9,3,3,3,4,4,4,2,2,1
sf,cvs,opengrads,opengrads/grads/src/gasdf.c,clean,c,IssueTrue,71444,52,7562,12,1,1,1,2,2,3,10,10,4,8,9,10,8,9,5,9,9,9,9,9,9,8,9,10,6,6,6,10,10,10,10,10,10,10,10,10,10,10,10,8,8,9,3,3,2,3,2,2,3,2,2,8,9,3,3,3,4,4,4,2,2,1
sf,cvs,opengrads,opengrads/grads/src/gaudx.c,clean,c,IssueTrue,71444,52,7562,12,6,8,6,6,9,9,10,10,4,8,9,10,8,9,5,9,9,9,9,9,9,8,9,10,6,6,6,10,10,10,10,10,10,10,10,10,10,10,10,8,8,9,7,8,7,6,6,7,6,8,6,9,8,9,9,10,9,9,10,8,8,8
sf,cvs,opengrads,opengrads/grads/src/gauser.c,clean,c,IssueTrue,71444,52,7562,12,10,8,10,8,4,10,10,10,4,8,9,10,8,9,5,9,9,9,9,9,9,8,9,10,8,8,7,10,10,10,10,10,10,10,10,10,10,10,10,8,8,9,10,10,10,10,10,10,10,10,10,9,9,3,3,3,4,4,4,2,2,1
sf,cvs,opengrads,opengrads/grads/src/gautil.c,clean,c,IssueTrue,71444,52,7562,12,9,9,9,9,7,9,10,10,4,8,9,10,8,9,5,9,9,9,9,9,9,8,9,10,6,6,6,10,10,10,10,10,10,10,10,10,10,10,10,8,8,9,8,9,10,5,7,9,4,5,8,7,8,10,10,10,10,10,10,10,10,10
sf,cvs,opengrads,opengrads/grads/src/grads.c,clean,c,IssueTrue,71444,52,7562,12,5,6,6,4,8,9,10,10,4,8,9,10,8,9,5,9,9,9,9,9,9,8,9,10,6,6,6,10,10,10,10,10,10,10,10,10,10,10,10,8,8,9,8,9,5,5,4,4,10,10,8,9,9,9,10,10,10,10,10,8,9,9
sf,cvs,opengrads,opengrads/grads/src/grads.h,clean,c,IssueTrue,71444,52,7562,12,7,10,8,2,10,3,10,10,4,8,9,10,8,9,5,9,9,9,10,10,10,8,9,10,10,10,10,10,10,10,10,10,10,10,10,10,10,10,10,8,8,9,3,3,2,3,2,2,3,2,2,6,8,10,10,10,10,10,10,10,10,10
sf,cvs,opengrads,opengrads/grads/src/gxX.c,clean,c,IssueTrue,71444,52,7562,12,10,8,10,9,5,10,10,10,4,8,9,10,8,9,5,9,9,9,9,9,9,8,9,10,6,6,6,10,10,10,10,10,10,10,10,10,10,10,10,8,8,9,10,10,10,10,10,10,8,10,10,7,9,3,3,3,4,4,4,2,2,1
sf,cvs,opengrads,opengrads/grads/src/gxcntr.c,clean,c,IssueTrue,71444,52,7562,12,7,9,7,5,9,9,10,10,4,8,9,10,8,9,5,9,9,9,9,9,9,8,9,10,9,8,8,10,10,10,10,10,10,10,10,10,10,10,10,8,8,9,9,9,7,8,7,6,8,8,6,3,4,10,10,10,10,8,7,10,9,7
sf,cvs,opengrads,opengrads/grads/src/gxhpng.c,clean,c,IssueTrue,71444,52,7562,12,5,5,6,3,7,9,10,10,4,8,9,10,8,9,5,9,9,9,9,9,9,8,9,10,6,6,6,10,10,10,10,10,10,10,10,10,10,10,10,8,8,9,10,10,6,9,7,4,8,7,4,7,9,6,7,7,8,8,8,9,9,8
sf,cvs,opengrads,opengrads/grads/src/gxmeta.c,clean,c,IssueTrue,71444,52,7562,12,7,6,7,7,6,8,10,10,4,8,9,10,8,9,5,9,9,9,9,9,9,8,9,10,6,6,6,10,10,10,10,10,10,10,10,10,10,10,10,8,8,9,8,8,8,8,7,8,7,6,7,5,6,10,9,9,4,4,4,2,3,2
sf,cvs,opengrads,opengrads/grads/src/gxps.c,clean,c,IssueTrue,71444,52,7562,12,6,3,7,5,4,9,10,10,4,8,9,10,8,9,5,9,9,9,9,9,9,8,9,10,6,6,6,10,10,10,10,10,10,10,10,10,10,10,10,8,8,9,9,10,7,6,7,5,5,8,5,7,8,10,9,9,10,10,10,9,8,8
sf,cvs,opengrads,opengrads/grads/src/gxshad.c,clean,c,IssueTrue,71444,52,7562,12,8,7,9,5,6,10,10,10,4,8,9,10,8,9,5,9,9,9,9,9,9,8,9,10,6,6,6,10,10,10,10,10,10,10,10,10,10,10,10,8,8,9,10,10,9,9,8,6,7,7,5,3,4,3,3,3,4,4,4,3,3,2
sf,cvs,opengrads,opengrads/grads/src/main_win32.c,buggy,c,IssueTrue,71444,52,7562,12,4,6,4,4,9,9,10,10,4,8,9,10,8,9,5,9,9,9,9,9,9,8,9,10,6,6,6,10,10,10,10,10,10,10,10,10,10,10,10,8,8,9,8,7,4,7,5,4,7,7,4,6,4,8,8,8,10,9,9,9,8,7
