Host,Vcs,Project,File,Buggy,PL,IssueTracking,TLOC,TNF,TNC,TND,LOC,CL,NStmt,NFunc,RCC,MNL,avg_WMC,max_WMC,total_WMC,avg_DIT,max_DIT,total_DIT,avg_RFC,max_RFC,total_RFC,avg_NOC,max_NOC,total_NOC,avg_CBO,max_CBO,total_CBO,avg_DIT.1,max_DIT.1,total_DIT.1,avg_NIV,max_NIV,total_NIV,avg_NIM,max_NIM,total_NIM,avg_NOM,max_NOM,total_NOM,avg_NPBM,max_NPBM,total_NPBM,avg_NPM,max_NPM,total_NPM,avg_NPRM,max_NPRM,total_NPRM,avg_CC,max_CC,total_CC,avg_FANIN,max_FANIN,total_FANIN,avg_FANOUT,max_FANOUT,total_FANOUT,NRev,NFix,avg_AddedLOC,max_AddedLOC,total_AddedLOC,avg_DeletedLOC,max_DeletedLOC,total_DeletedLOC,avg_ModifiedLOC,max_ModifiedLOC,total_ModifiedLOC
sf,cvs,openxava,openxava/Invoicing/src/org/openxava/invoicing/calculators/Attic/NextNumberForYearCalculator.java,clean,java,IssueTrue,51031,233,3641,11,2,1,2,1,1,3,2,2,2,5,5,8,3,5,2,9,9,9,2,2,2,5,5,8,6,6,7,4,4,3,3,2,2,4,3,3,9,9,9,8,8,9,6,6,3,5,2,3,4,4,3,3,9,8,9,8,9,9,9,6,6,4
sf,cvs,openxava,openxava/Invoicing/src/org/openxava/invoicing/model/Author.java,clean,java,IssueTrue,51031,233,3641,11,1,4,1,1,10,3,1,1,1,9,9,9,2,5,2,9,9,9,2,1,1,9,9,9,6,6,7,3,3,2,2,2,1,3,3,2,9,9,9,8,8,9,5,4,2,5,2,2,2,2,2,5,9,10,10,10,9,9,9,1,2,2
sf,cvs,openxava,openxava/Invoicing/src/org/openxava/invoicing/model/Detail.java,clean,java,IssueTrue,51031,233,3641,11,2,1,2,3,2,3,2,2,2,9,9,9,4,6,3,9,9,9,2,2,2,9,9,9,8,7,8,6,5,4,5,4,3,6,6,5,9,9,9,8,8,9,5,4,3,5,2,3,2,2,2,6,9,9,9,9,10,10,10,9,9,8
sf,cvs,openxava,openxava/Invoicing/src/org/openxava/invoicing/model/Invoice.java,clean,java,IssueTrue,51031,233,3641,11,4,1,3,5,1,3,3,3,3,5,5,8,5,7,5,9,9,9,5,4,4,5,5,8,9,9,9,8,7,6,7,6,6,8,8,7,9,9,9,8,8,9,5,4,5,5,2,4,2,2,3,7,9,9,9,9,10,10,10,7,8,7
sf,cvs,openxava,openxava/Invoicing/src/org/openxava/invoicing/model/Product.java,clean,java,IssueTrue,51031,233,3641,11,4,1,4,6,1,3,3,4,4,5,5,8,6,7,5,9,9,9,4,3,3,5,5,8,10,9,9,8,8,7,8,7,7,8,8,8,9,9,9,8,8,9,5,4,5,5,2,5,2,2,3,7,9,10,10,10,10,10,10,2,7,5
sf,cvs,openxava,openxava/Invoicing/src/org/openxava/invoicing/tests/CustomerTest.java,clean,java,IssueTrue,51031,233,3641,11,3,3,3,1,4,3,1,1,1,10,10,10,10,10,10,9,9,9,2,2,2,10,10,10,4,4,6,3,3,2,2,2,1,3,3,2,9,9,9,8,8,9,5,4,2,4,2,2,7,4,3,5,9,9,10,9,9,9,9,2,6,4
sf,cvs,openxava,openxava/Invoicing/src/org/openxava/invoicing/tests/ProductTest.java,clean,java,IssueTrue,51031,233,3641,11,4,3,4,4,2,5,3,3,3,10,10,10,10,10,10,9,9,9,6,5,5,10,10,10,8,8,8,6,6,5,6,5,4,4,3,3,10,10,10,10,9,9,5,6,4,6,5,5,8,8,5,7,9,10,10,10,10,10,10,10,10,10
sf,cvs,openxava,openxava/OpenXava/java5-src/org/openxava/annotations/parse/Attic/AnnotatedClassParser.java,clean,java,IssueTrue,51031,233,3641,11,10,10,10,10,2,10,10,10,10,5,5,8,9,9,8,9,9,9,10,10,10,5,5,8,4,4,6,10,10,10,10,10,10,6,5,4,9,9,9,10,10,10,10,10,10,9,7,10,10,10,10,9,10,8,8,8,9,9,9,1,2,2
sf,cvs,openxava,openxava/OpenXava/src/org/openxava/actions/CollectionElementViewBaseAction.java,clean,java,IssueTrue,51031,233,3641,11,3,2,3,4,2,5,3,3,3,10,10,10,6,7,5,10,10,10,3,3,3,10,10,10,8,8,8,7,6,5,6,5,5,6,6,5,10,10,10,8,8,9,5,6,4,6,5,5,3,4,3,3,9,8,8,8,10,9,9,10,9,7
sf,cvs,openxava,openxava/OpenXava/src/org/openxava/actions/DeleteImageAction.java,clean,java,IssueTrue,51031,233,3641,11,1,2,2,1,7,3,2,2,1,10,10,10,4,6,4,9,9,9,4,3,3,10,10,10,6,6,7,4,4,3,3,2,2,4,3,3,9,9,9,8,8,9,5,4,3,5,3,3,3,3,2,3,9,8,8,8,10,10,10,1,2,2
sf,cvs,openxava,openxava/OpenXava/src/org/openxava/actions/JasperReportBaseAction.java,buggy,java,IssueTrue,51031,233,3641,11,4,8,4,5,8,5,4,4,4,9,9,9,6,7,5,9,9,9,8,7,6,9,9,9,8,8,8,8,7,6,7,6,6,7,7,6,10,10,10,9,9,9,6,7,6,5,5,5,5,8,5,3,9,9,9,8,9,9,9,9,8,5
sf,cvs,openxava,openxava/OpenXava/src/org/openxava/actions/ViewBaseAction.java,buggy,java,IssueTrue,51031,233,3641,11,2,3,2,2,8,3,2,2,2,9,9,9,3,6,3,10,10,10,2,2,2,9,9,9,6,6,7,5,4,3,4,3,2,3,3,2,10,10,10,8,8,9,5,4,3,9,7,5,3,3,3,3,9,9,9,8,9,9,9,1,2,2
sf,cvs,openxava,openxava/OpenXava/src/org/openxava/controller/ModuleManager.java,buggy,java,IssueTrue,51031,233,3641,11,10,9,10,10,2,10,10,10,10,5,5,8,10,10,9,9,9,9,10,9,9,5,5,8,10,10,10,10,10,10,10,10,10,10,10,10,9,9,9,10,10,10,9,10,10,8,8,10,9,10,10,10,10,9,9,10,10,10,10,9,10,10
sf,cvs,openxava,openxava/OpenXava/src/org/openxava/mapping/ModelMapping.java,buggy,java,IssueTrue,51031,233,3641,11,9,10,9,10,5,10,9,10,9,5,5,8,9,9,8,9,9,9,10,9,9,5,5,8,10,10,10,10,10,10,10,10,10,10,10,10,9,9,9,10,10,10,9,9,10,10,10,10,9,9,10,5,10,9,9,9,10,10,10,9,9,7
sf,cvs,openxava,openxava/OpenXava/src/org/openxava/model/impl/MapFacadeBean.java,buggy,java,IssueTrue,51031,233,3641,11,10,9,10,10,1,10,10,10,10,5,5,8,10,10,9,9,9,9,10,10,10,5,5,8,6,6,7,10,10,10,10,10,10,9,9,9,9,9,9,10,10,10,10,10,10,10,9,10,10,10,10,3,9,10,9,9,9,9,9,6,6,4
sf,cvs,openxava,openxava/OpenXava/src/org/openxava/model/meta/MetaModel.java,clean,java,IssueTrue,51031,233,3641,11,10,10,10,10,7,10,10,10,10,9,9,9,10,10,10,9,9,9,10,10,10,9,9,9,10,10,10,10,10,10,10,10,10,10,10,10,9,9,9,10,10,10,9,9,10,10,10,10,9,9,10,3,9,10,10,10,9,9,9,1,2,2
sf,cvs,openxava,openxava/OpenXava/src/org/openxava/model/meta/MetaReference.java,clean,java,IssueTrue,51031,233,3641,11,6,5,6,8,2,7,7,8,7,9,9,9,7,8,7,9,9,9,9,8,7,9,9,9,10,9,10,9,9,8,9,9,8,9,9,9,9,9,9,9,9,9,8,8,8,10,10,10,7,8,8,3,10,9,9,9,9,9,9,9,7,5
sf,cvs,openxava,openxava/OpenXava/src/org/openxava/tab/Tab.java,buggy,java,IssueTrue,51031,233,3641,11,10,10,10,10,4,10,10,10,10,5,5,8,10,10,10,9,9,9,10,10,10,5,5,8,10,10,10,10,10,10,10,10,10,10,10,10,9,9,9,10,10,10,9,10,10,8,10,10,8,10,10,8,9,10,10,10,9,9,10,9,8,8
sf,cvs,openxava,openxava/OpenXava/src/org/openxava/tab/meta/MetaTab.java,clean,java,IssueTrue,51031,233,3641,11,9,10,10,10,3,10,10,10,10,5,5,8,10,10,9,9,9,9,10,10,9,5,5,8,10,10,10,10,10,10,10,10,10,10,10,10,9,9,9,10,10,10,9,10,10,8,8,10,9,10,10,3,9,8,8,8,9,9,9,9,7,5
sf,cvs,openxava,openxava/OpenXava/src/org/openxava/tests/ModuleTestBase.java,buggy,java,IssueTrue,51031,233,3641,11,10,10,10,10,5,10,10,10,10,9,9,9,10,10,10,10,10,10,10,10,10,9,9,9,10,10,10,10,10,10,10,10,10,6,6,5,10,10,10,10,10,10,8,10,10,10,10,10,8,9,10,10,10,10,10,10,10,10,10,9,10,10
sf,cvs,openxava,openxava/OpenXava/src/org/openxava/util/XavaPreferences.java,buggy,java,IssueTrue,51031,233,3641,11,6,8,6,9,6,7,7,8,7,5,5,8,8,9,7,9,9,9,8,7,6,5,5,8,10,10,10,10,9,9,9,9,9,10,10,10,9,9,9,9,9,9,6,7,8,10,10,10,8,5,9,3,9,9,9,8,9,9,9,6,6,4
sf,cvs,openxava,openxava/OpenXava/src/org/openxava/util/xmlparse/XmlElementsNames.java,clean,java,IssueTrue,51031,233,3641,11,6,3,7,1,2,3,1,1,1,5,5,8,2,5,1,9,9,9,2,1,1,5,5,8,4,4,6,1,1,1,1,1,1,1,1,1,9,9,9,8,8,9,2,2,2,3,2,2,1,1,2,9,9,8,9,9,9,9,9,1,6,5
sf,cvs,openxava,openxava/OpenXava/src/org/openxava/view/View.java,buggy,java,IssueTrue,51031,233,3641,11,10,10,10,10,3,10,10,10,10,5,5,8,10,10,10,9,9,9,10,10,10,5,5,8,10,10,10,10,10,10,10,10,10,10,10,10,9,9,9,10,10,10,10,10,10,9,10,10,10,10,10,10,10,8,8,8,9,9,9,1,2,2
sf,cvs,openxava,openxava/OpenXava/src/org/openxava/view/meta/MetaView.java,clean,java,IssueTrue,51031,233,3641,11,9,9,9,10,3,10,10,10,10,9,9,9,10,10,9,9,9,9,9,8,8,9,9,9,10,10,10,10,10,10,10,10,10,10,10,10,10,10,10,10,10,10,9,9,10,9,7,10,8,9,10,6,10,9,9,10,10,10,10,9,9,8
sf,cvs,openxava,openxava/OpenXava/src/org/openxava/web/WebEditors.java,clean,java,IssueTrue,51031,233,3641,11,6,5,6,5,2,10,7,7,7,5,5,8,6,7,5,9,9,9,7,6,6,5,5,8,4,4,6,1,1,1,7,6,6,8,8,7,9,9,9,9,9,9,10,9,8,10,8,9,9,9,7,5,9,9,9,9,9,9,9,9,8,6
sf,cvs,openxava,openxava/OpenXava/src/org/openxava/web/dwr/Module.java,buggy,java,IssueTrue,51031,233,3641,11,8,4,8,9,1,9,9,9,9,9,9,9,8,9,7,9,9,9,10,10,10,9,9,9,9,8,9,9,9,8,9,9,9,5,4,4,9,9,9,10,10,10,9,9,9,9,8,10,10,10,10,10,10,9,10,10,10,10,10,10,10,10
sf,cvs,openxava,openxava/OpenXava/src/org/openxava/web/meta/MetaEditor.java,clean,java,IssueTrue,51031,233,3641,11,6,5,7,9,2,10,7,8,7,5,5,8,8,9,7,9,9,9,9,8,8,5,5,8,10,10,10,10,9,9,9,9,9,9,10,9,9,9,9,10,9,9,7,9,8,8,7,9,5,7,7,5,9,10,10,10,9,9,9,10,10,8
sf,cvs,openxava,openxava/OpenXava/src/org/openxava/web/meta/xmlparse/EditorsParser.java,clean,java,IssueTrue,51031,233,3641,11,6,2,7,7,1,5,6,7,6,9,9,9,6,8,6,9,9,9,5,5,4,9,9,9,4,4,6,8,8,7,8,8,7,3,3,2,10,9,9,10,10,10,9,7,8,10,7,9,9,10,8,7,9,10,10,10,9,9,9,6,8,6
sf,cvs,openxava,openxava/OpenXava/src/org/openxava/web/style/Liferay43Style.java,clean,java,IssueTrue,51031,233,3641,11,7,6,7,10,3,5,8,9,8,9,9,9,10,10,10,10,10,10,2,2,2,9,9,9,4,4,6,10,10,10,10,10,10,10,10,10,10,10,10,9,9,9,5,6,9,3,4,5,2,3,7,3,9,10,9,9,9,9,9,6,6,4
sf,cvs,openxava,openxava/OpenXava/src/org/openxava/web/style/Liferay51Style.java,clean,java,IssueTrue,51031,233,3641,11,4,3,3,7,3,5,4,5,4,10,10,10,10,10,10,9,9,9,2,1,1,10,10,10,4,4,6,8,8,7,8,8,7,8,9,8,10,10,10,8,8,9,5,6,6,3,3,3,2,3,4,3,9,8,8,8,10,10,10,1,2,2
sf,cvs,openxava,openxava/OpenXava/src/org/openxava/web/style/Style.java,clean,java,IssueTrue,51031,233,3641,11,8,8,8,10,4,7,9,9,9,5,5,8,10,10,9,10,10,10,5,4,4,5,5,8,7,7,7,10,10,10,10,10,10,10,10,10,10,10,10,8,8,9,5,7,9,3,5,7,2,6,8,3,9,10,9,9,9,9,9,1,2,2
sf,cvs,openxava,openxava/OpenXava/src/org/openxava/web/taglib/EditorTag.java,buggy,java,IssueTrue,51031,233,3641,11,5,2,5,3,2,7,4,4,4,9,9,9,4,6,4,9,9,9,7,6,5,9,9,9,9,8,9,6,5,4,5,4,4,6,6,5,9,9,9,8,8,9,9,10,6,7,6,5,8,9,5,3,9,8,8,8,9,9,9,6,6,4
sf,cvs,openxava,openxava/OpenXava/src/org/openxava/web/taglib/IdTag.java,buggy,java,IssueTrue,51031,233,3641,11,2,2,3,1,4,7,2,2,2,9,9,9,3,5,2,9,9,9,5,5,4,9,9,9,6,6,7,4,4,3,3,2,2,4,3,3,9,9,9,8,8,9,7,7,3,7,4,3,8,7,3,3,9,9,9,9,9,9,9,6,6,4
sf,cvs,openxava,openxava/OpenXavaTest/gen-src-xava/org/openxava/test/model/AdditionalDetail.java,clean,java,IssueTrue,51031,233,3641,11,5,7,5,6,6,7,5,6,5,5,5,8,6,7,6,9,9,9,9,8,7,5,5,8,8,8,8,8,8,7,8,7,7,8,8,7,9,9,9,10,10,10,8,7,7,6,4,6,6,5,6,7,9,8,8,8,9,9,9,9,7,7
sf,cvs,openxava,openxava/OpenXavaTest/gen-src-xava/org/openxava/test/model/Address.java,clean,java,IssueTrue,51031,233,3641,11,3,3,3,5,5,5,3,3,3,5,5,8,5,7,4,9,9,9,3,3,3,5,5,8,9,9,9,7,7,6,7,6,5,8,7,7,9,9,9,8,8,9,5,6,5,8,6,7,2,4,3,7,9,8,8,8,9,9,9,9,7,7
sf,cvs,openxava,openxava/OpenXavaTest/gen-src-xava/org/openxava/test/model/AverageSpeed.java,clean,java,IssueTrue,51031,233,3641,11,6,7,5,7,5,9,6,6,6,5,5,8,6,7,6,9,9,9,9,8,8,5,5,8,8,8,8,8,8,7,8,7,7,8,8,7,9,9,9,10,10,10,8,8,7,6,4,6,7,8,6,7,9,8,8,8,9,9,9,9,7,7
sf,cvs,openxava,openxava/OpenXavaTest/gen-src-xava/org/openxava/test/model/Carrier.java,clean,java,IssueTrue,51031,233,3641,11,8,9,7,9,5,9,8,8,8,5,5,8,8,9,7,9,9,9,10,9,9,5,5,8,9,8,9,10,9,9,9,9,9,9,9,9,9,9,9,10,10,10,8,8,9,7,7,9,8,8,9,7,9,8,8,8,9,9,9,9,7,7
sf,cvs,openxava,openxava/OpenXavaTest/gen-src-xava/org/openxava/test/model/Clerk.java,clean,java,IssueTrue,51031,233,3641,11,7,8,7,9,5,9,7,8,7,5,5,8,8,9,7,9,9,9,8,7,7,5,5,8,9,9,9,9,9,9,9,9,9,9,9,8,9,9,9,10,10,10,7,8,8,7,5,9,7,8,8,7,9,8,8,8,9,9,9,9,7,7
sf,cvs,openxava,openxava/OpenXavaTest/gen-src-xava/org/openxava/test/model/Color.java,clean,java,IssueTrue,51031,233,3641,11,7,8,6,8,6,9,7,7,7,5,5,8,7,8,7,9,9,9,9,8,7,5,5,8,8,8,8,9,9,8,9,9,8,8,9,8,9,9,9,10,10,10,8,8,8,7,5,8,8,8,8,7,9,10,10,10,9,9,9,9,9,8
sf,cvs,openxava,openxava/OpenXavaTest/gen-src-xava/org/openxava/test/model/Comment.java,clean,java,IssueTrue,51031,233,3641,11,5,7,5,7,6,7,6,6,6,5,5,8,7,8,6,9,9,9,9,8,7,5,5,8,8,8,8,9,8,8,8,8,7,8,8,7,9,9,9,10,10,10,7,7,7,6,4,7,6,5,6,7,9,8,8,8,9,9,9,9,7,7
sf,cvs,openxava,openxava/OpenXavaTest/gen-src-xava/org/openxava/test/model/Course.java,clean,java,IssueTrue,51031,233,3641,11,5,7,5,6,6,9,5,5,5,5,5,8,6,7,5,9,9,9,8,7,6,5,5,8,8,7,8,8,7,7,8,7,7,8,8,7,9,9,9,10,10,10,7,8,7,6,4,6,7,8,6,7,9,8,8,8,9,9,9,9,7,7
sf,cvs,openxava,openxava/OpenXavaTest/gen-src-xava/org/openxava/test/model/Customer.java,clean,java,IssueTrue,51031,233,3641,11,9,10,9,10,5,9,10,10,10,5,5,8,10,10,9,9,9,9,10,9,9,5,5,8,10,10,10,10,10,10,10,10,10,10,10,10,9,9,9,10,10,10,8,8,10,7,9,10,8,9,10,7,9,8,8,8,9,9,9,9,7,7
sf,cvs,openxava,openxava/OpenXavaTest/gen-src-xava/org/openxava/test/model/CustomerContactPerson.java,clean,java,IssueTrue,51031,233,3641,11,5,7,5,6,6,9,5,6,5,5,5,8,6,7,5,9,9,9,9,8,7,5,5,8,7,7,7,8,7,6,8,7,6,7,7,6,9,9,9,10,10,10,8,8,7,6,4,6,8,8,6,7,9,8,8,8,9,9,9,9,7,7
sf,cvs,openxava,openxava/OpenXavaTest/gen-src-xava/org/openxava/test/model/CustomerState.java,clean,java,IssueTrue,51031,233,3641,11,4,6,4,4,7,7,4,4,4,5,5,8,5,7,4,9,9,9,7,6,6,5,5,8,7,7,7,7,6,5,7,5,5,7,7,6,9,9,9,9,9,9,8,7,6,5,3,4,5,4,4,7,9,8,8,8,9,9,9,9,7,7
sf,cvs,openxava,openxava/OpenXavaTest/gen-src-xava/org/openxava/test/model/Delivery.java,clean,java,IssueTrue,51031,233,3641,11,9,10,8,10,5,7,9,10,9,5,5,8,9,9,9,9,9,9,10,9,9,5,5,8,10,10,10,10,10,10,10,10,10,10,10,10,9,9,9,10,10,10,8,7,10,7,8,10,7,6,9,7,9,8,8,8,9,9,9,9,7,7
sf,cvs,openxava,openxava/OpenXavaTest/gen-src-xava/org/openxava/test/model/DeliveryDetail.java,clean,java,IssueTrue,51031,233,3641,11,5,7,5,6,6,7,5,5,5,5,5,8,6,7,5,9,9,9,8,7,6,5,5,8,8,7,8,8,7,7,8,7,6,8,7,7,9,9,9,10,10,10,7,7,7,6,4,6,6,5,5,7,9,8,8,8,9,9,9,9,7,7
sf,cvs,openxava,openxava/OpenXavaTest/gen-src-xava/org/openxava/test/model/DeliveryPlace.java,clean,java,IssueTrue,51031,233,3641,11,7,8,6,8,5,7,7,7,7,5,5,8,8,8,7,9,9,9,9,8,7,5,5,8,9,9,9,9,9,9,9,9,8,9,9,8,9,9,9,10,10,10,8,7,8,6,5,8,6,5,7,7,9,8,8,8,9,9,9,9,7,7
sf,cvs,openxava,openxava/OpenXavaTest/gen-src-xava/org/openxava/test/model/DeliveryType.java,clean,java,IssueTrue,51031,233,3641,11,5,7,5,6,6,9,5,5,5,5,5,8,6,7,5,9,9,9,8,7,7,5,5,8,8,7,8,8,7,7,8,7,7,8,8,7,9,9,9,10,10,10,7,8,7,6,4,6,7,8,6,7,9,8,8,8,9,9,9,9,7,7
sf,cvs,openxava,openxava/OpenXavaTest/gen-src-xava/org/openxava/test/model/Detail.java,clean,java,IssueTrue,51031,233,3641,11,3,3,3,4,5,5,3,3,3,5,5,8,5,6,4,9,9,9,2,2,2,5,5,8,9,8,9,7,6,5,6,5,5,7,7,6,9,9,9,8,8,9,5,6,4,8,3,6,2,4,3,7,9,8,8,8,9,9,9,9,7,7
sf,cvs,openxava,openxava/OpenXavaTest/gen-src-xava/org/openxava/test/model/Driver.java,clean,java,IssueTrue,51031,233,3641,11,6,8,6,8,6,9,7,7,7,5,5,8,7,8,6,9,9,9,9,8,8,5,5,8,9,8,9,9,8,8,9,8,8,8,8,7,9,9,9,10,10,10,8,8,8,7,5,8,8,8,8,7,9,8,8,8,9,9,9,9,7,7
sf,cvs,openxava,openxava/OpenXavaTest/gen-src-xava/org/openxava/test/model/DrivingLicence.java,clean,java,IssueTrue,51031,233,3641,11,5,7,5,6,6,9,5,5,5,5,5,8,6,7,5,9,9,9,8,7,6,5,5,8,8,7,8,8,7,7,8,7,7,8,8,7,9,9,9,10,10,10,7,8,7,7,4,7,7,8,6,7,9,8,8,8,9,9,9,9,7,7
sf,cvs,openxava,openxava/OpenXavaTest/gen-src-xava/org/openxava/test/model/Family2.java,clean,java,IssueTrue,51031,233,3641,11,5,7,5,6,6,9,5,5,5,5,5,8,6,7,5,9,9,9,8,7,6,5,5,8,7,7,7,8,7,6,8,7,6,7,7,6,9,9,9,10,10,10,8,8,7,6,4,6,8,8,6,7,9,8,8,8,9,9,9,9,7,7
sf,cvs,openxava,openxava/OpenXavaTest/gen-src-xava/org/openxava/test/model/FilterBySubfamily.java,clean,java,IssueTrue,51031,233,3641,11,5,7,5,5,6,9,5,6,5,5,5,8,6,7,5,9,9,9,9,8,7,5,5,8,7,7,7,8,7,6,7,6,6,8,8,7,9,9,9,9,9,9,9,8,7,5,3,5,8,8,6,7,9,8,8,8,9,9,9,9,7,7
sf,cvs,openxava,openxava/OpenXavaTest/gen-src-xava/org/openxava/test/model/Formula.java,clean,java,IssueTrue,51031,233,3641,11,6,7,6,7,5,9,6,7,6,5,5,8,7,8,6,9,9,9,8,7,6,5,5,8,8,8,8,9,8,8,9,8,8,8,8,8,9,9,9,10,10,10,8,8,8,6,4,7,8,8,7,7,9,8,8,8,9,9,9,9,7,7
sf,cvs,openxava,openxava/OpenXavaTest/gen-src-xava/org/openxava/test/model/FormulaIngredient.java,clean,java,IssueTrue,51031,233,3641,11,6,7,6,7,5,7,6,7,6,5,5,8,7,8,6,9,9,9,8,7,7,5,5,8,9,9,9,9,8,8,8,8,8,8,9,8,9,9,9,10,10,10,8,7,8,5,4,7,5,5,6,7,9,8,8,8,9,9,9,9,7,7
sf,cvs,openxava,openxava/OpenXavaTest/gen-src-xava/org/openxava/test/model/IAdditionalDetail.java,clean,java,IssueTrue,51031,233,3641,11,1,4,2,3,10,3,2,2,2,9,9,9,4,6,4,10,10,10,4,3,3,9,9,9,4,4,6,6,5,4,5,4,4,1,1,1,9,9,9,8,8,9,5,4,4,3,2,2,2,2,2,7,9,8,8,8,9,9,9,9,7,7
sf,cvs,openxava,openxava/OpenXavaTest/gen-src-xava/org/openxava/test/model/IAverageSpeed.java,clean,java,IssueTrue,51031,233,3641,11,1,4,2,3,10,3,2,2,2,9,9,9,4,6,4,10,10,10,4,3,3,9,9,9,4,4,6,6,5,4,5,4,4,1,1,1,9,9,9,8,8,9,5,4,4,3,2,2,2,2,2,7,9,8,8,8,9,9,9,9,7,7
sf,cvs,openxava,openxava/OpenXavaTest/gen-src-xava/org/openxava/test/model/ICarrier.java,clean,java,IssueTrue,51031,233,3641,11,2,4,2,6,8,3,3,4,4,9,9,9,6,7,5,10,10,10,5,4,4,9,9,9,4,4,6,8,7,7,8,7,6,1,1,1,9,9,9,8,8,9,5,4,5,3,2,2,1,2,3,7,9,8,8,8,9,9,9,9,7,7
sf,cvs,openxava,openxava/OpenXavaTest/gen-src-xava/org/openxava/test/model/IClerk.java,clean,java,IssueTrue,51031,233,3641,11,2,3,2,5,8,3,3,3,3,9,9,9,5,7,4,10,10,10,3,3,3,9,9,9,4,4,6,7,7,6,7,6,5,1,1,1,9,9,9,8,8,9,5,4,5,3,3,2,2,2,3,7,9,8,8,8,9,9,9,9,7,7
sf,cvs,openxava,openxava/OpenXavaTest/gen-src-xava/org/openxava/test/model/IColor.java,clean,java,IssueTrue,51031,233,3641,11,2,3,2,4,9,3,2,3,2,9,9,9,4,6,4,10,10,10,3,3,3,9,9,9,4,4,6,6,6,5,6,5,4,1,1,1,9,9,9,8,8,9,5,4,4,3,2,2,2,2,2,7,9,8,9,8,9,9,9,9,7,7
sf,cvs,openxava,openxava/OpenXavaTest/gen-src-xava/org/openxava/test/model/IComment.java,clean,java,IssueTrue,51031,233,3641,11,1,4,2,3,9,3,2,2,2,9,9,9,4,6,4,10,10,10,5,4,4,9,9,9,4,4,6,6,5,4,5,4,4,1,1,1,9,9,9,8,8,9,5,4,4,3,2,2,2,2,2,7,9,8,8,8,9,9,9,9,7,7
sf,cvs,openxava,openxava/OpenXavaTest/gen-src-xava/org/openxava/test/model/ICourse.java,clean,java,IssueTrue,51031,233,3641,11,1,3,2,2,10,3,2,2,2,9,9,9,3,6,3,10,10,10,2,2,2,9,9,9,4,4,6,5,4,3,4,3,2,1,1,1,9,9,9,8,8,9,5,4,3,3,2,2,2,2,2,7,9,8,8,8,9,9,9,9,7,7
sf,cvs,openxava,openxava/OpenXavaTest/gen-src-xava/org/openxava/test/model/ICustomer.java,clean,java,IssueTrue,51031,233,3641,11,3,4,3,8,7,3,5,6,5,9,9,9,8,8,7,10,10,10,5,4,4,9,9,9,4,4,6,9,9,8,9,9,8,1,1,1,9,9,9,8,8,9,5,4,7,3,3,3,2,2,3,7,9,8,8,8,9,9,9,9,7,7
sf,cvs,openxava,openxava/OpenXavaTest/gen-src-xava/org/openxava/test/model/ICustomerContactPerson.java,clean,java,IssueTrue,51031,233,3641,11,1,4,1,2,10,3,2,2,2,9,9,9,3,6,3,10,10,10,3,3,3,9,9,9,4,4,6,5,4,3,4,3,2,1,1,1,9,9,9,8,8,9,5,4,3,3,2,2,1,2,2,7,9,8,8,8,9,9,9,9,7,7
sf,cvs,openxava,openxava/OpenXavaTest/gen-src-xava/org/openxava/test/model/ICustomerState.java,clean,java,IssueTrue,51031,233,3641,11,1,4,1,2,10,3,2,2,2,9,9,9,3,6,3,10,10,10,3,3,3,9,9,9,4,4,6,5,4,3,4,3,2,1,1,1,9,9,9,8,8,9,5,4,3,3,2,2,1,2,2,7,9,8,8,8,9,9,9,9,7,7
sf,cvs,openxava,openxava/OpenXavaTest/gen-src-xava/org/openxava/test/model/IDelivery.java,clean,java,IssueTrue,51031,233,3641,11,3,5,3,8,7,3,5,6,5,9,9,9,8,8,7,10,10,10,7,6,5,9,9,9,4,4,6,9,9,8,9,9,8,1,1,1,9,9,9,8,8,9,5,4,7,3,2,3,2,2,3,7,9,8,8,8,9,9,9,9,7,7
sf,cvs,openxava,openxava/OpenXavaTest/gen-src-xava/org/openxava/test/model/IDeliveryDetail.java,clean,java,IssueTrue,51031,233,3641,11,1,4,2,3,10,3,2,2,2,9,9,9,4,6,3,10,10,10,3,3,3,9,9,9,4,4,6,5,5,3,5,3,3,1,1,1,9,9,9,8,8,9,5,4,3,3,2,2,2,2,2,7,9,8,8,8,9,9,9,9,7,7
sf,cvs,openxava,openxava/OpenXavaTest/gen-src-xava/org/openxava/test/model/IDeliveryPlace.java,clean,java,IssueTrue,51031,233,3641,11,2,4,2,5,9,3,3,3,3,9,9,9,5,7,5,10,10,10,5,4,4,9,9,9,4,4,6,8,7,6,7,6,6,1,1,1,9,9,9,8,8,9,5,4,5,3,2,2,2,2,3,7,9,8,8,8,9,9,9,9,7,7
sf,cvs,openxava,openxava/OpenXavaTest/gen-src-xava/org/openxava/test/model/IDeliveryType.java,clean,java,IssueTrue,51031,233,3641,11,1,3,1,2,10,3,2,2,2,9,9,9,3,6,3,10,10,10,3,3,3,9,9,9,4,4,6,5,4,3,4,3,2,1,1,1,9,9,9,8,8,9,5,4,3,3,2,2,2,2,2,7,9,8,8,8,9,9,9,9,7,7
sf,cvs,openxava,openxava/OpenXavaTest/gen-src-xava/org/openxava/test/model/IDriver.java,clean,java,IssueTrue,51031,233,3641,11,1,4,2,3,9,3,2,2,2,9,9,9,4,6,4,10,10,10,3,3,3,9,9,9,4,4,6,6,5,4,5,4,4,1,1,1,9,9,9,8,8,9,5,4,4,3,2,2,2,2,2,7,9,8,8,8,9,9,9,9,7,7
sf,cvs,openxava,openxava/OpenXavaTest/gen-src-xava/org/openxava/test/model/IDrivingLicence.java,clean,java,IssueTrue,51031,233,3641,11,1,3,2,2,10,3,2,2,2,9,9,9,3,6,3,10,10,10,2,2,2,9,9,9,4,4,6,5,4,3,4,3,2,1,1,1,9,9,9,8,8,9,5,4,3,3,2,2,2,2,2,7,9,8,8,8,9,9,9,9,7,7
sf,cvs,openxava,openxava/OpenXavaTest/gen-src-xava/org/openxava/test/model/IFamily2.java,clean,java,IssueTrue,51031,233,3641,11,1,3,1,1,10,3,2,2,1,9,9,9,3,5,2,10,10,10,2,2,2,9,9,9,4,4,6,4,4,3,3,2,2,1,1,1,9,9,9,8,8,9,5,4,3,3,2,2,2,2,2,7,9,8,8,8,9,9,9,9,7,7
sf,cvs,openxava,openxava/OpenXavaTest/gen-src-xava/org/openxava/test/model/IFilterBySubfamily.java,clean,java,IssueTrue,51031,233,3641,11,1,4,1,3,10,3,2,2,2,9,9,9,4,6,3,10,10,10,3,3,3,9,9,9,4,4,6,5,5,3,5,3,3,1,1,1,9,9,9,8,8,9,5,4,3,3,2,2,2,2,2,7,9,8,8,8,9,9,9,9,7,7
sf,cvs,openxava,openxava/OpenXavaTest/gen-src-xava/org/openxava/test/model/IFormula.java,clean,java,IssueTrue,51031,233,3641,11,1,3,2,3,9,3,2,2,2,9,9,9,4,6,3,10,10,10,3,3,3,9,9,9,4,4,6,6,5,4,5,4,3,1,1,1,9,9,9,8,8,9,5,4,3,3,2,2,2,2,2,7,9,8,8,8,9,9,9,9,7,7
sf,cvs,openxava,openxava/OpenXavaTest/gen-src-xava/org/openxava/test/model/IFormulaIngredient.java,clean,java,IssueTrue,51031,233,3641,11,2,5,2,5,10,3,3,3,3,9,9,9,5,7,4,10,10,10,4,3,3,9,9,9,4,4,6,7,7,6,7,6,5,1,1,1,9,9,9,8,8,9,5,4,5,3,2,2,1,2,2,7,9,8,8,8,9,9,9,9,7,7
sf,cvs,openxava,openxava/OpenXavaTest/gen-src-xava/org/openxava/test/model/IIngredient.java,clean,java,IssueTrue,51031,233,3641,11,1,4,2,3,10,3,2,2,2,9,9,9,4,6,4,10,10,10,3,3,3,9,9,9,4,4,6,6,5,4,5,4,4,1,1,1,9,9,9,8,8,9,5,4,4,3,2,2,2,2,2,7,9,8,8,8,9,9,9,9,7,7
sf,cvs,openxava,openxava/OpenXavaTest/gen-src-xava/org/openxava/test/model/IInvoice.java,clean,java,IssueTrue,51031,233,3641,11,3,4,4,8,6,3,5,5,5,9,9,9,7,8,6,10,10,10,5,5,4,9,9,9,4,4,6,9,9,8,9,8,8,1,1,1,9,9,9,8,8,9,5,4,6,3,2,2,2,2,4,7,9,8,8,8,9,9,9,9,7,7
sf,cvs,openxava,openxava/OpenXavaTest/gen-src-xava/org/openxava/test/model/IInvoice2.java,clean,java,IssueTrue,51031,233,3641,11,2,4,2,5,9,3,3,3,3,9,9,9,5,7,4,10,10,10,5,5,4,9,9,9,4,4,6,7,7,6,7,6,5,1,1,1,9,9,9,8,8,9,5,4,5,3,2,2,2,2,3,7,9,8,8,8,9,9,9,9,7,7
sf,cvs,openxava,openxava/OpenXavaTest/gen-src-xava/org/openxava/test/model/IInvoiceDetail.java,clean,java,IssueTrue,51031,233,3641,11,2,4,3,7,8,3,4,4,4,9,9,9,6,8,6,10,10,10,6,5,5,9,9,9,4,4,6,9,8,7,8,8,7,1,1,1,9,9,9,8,8,9,5,4,6,3,2,2,2,2,3,7,9,8,8,8,9,9,9,9,7,7
sf,cvs,openxava,openxava/OpenXavaTest/gen-src-xava/org/openxava/test/model/IInvoiceDetail2.java,clean,java,IssueTrue,51031,233,3641,11,2,4,2,4,9,3,3,3,3,9,9,9,5,7,4,10,10,10,5,4,4,9,9,9,4,4,6,7,6,5,7,5,5,1,1,1,9,9,9,8,8,9,5,4,4,3,2,2,2,2,2,7,9,8,8,8,9,9,9,9,7,7
sf,cvs,openxava,openxava/OpenXavaTest/gen-src-xava/org/openxava/test/model/IIssue.java,clean,java,IssueTrue,51031,233,3641,11,1,4,2,3,10,3,2,2,2,9,9,9,4,6,3,10,10,10,4,3,3,9,9,9,4,4,6,6,5,4,5,4,3,1,1,1,9,9,9,8,8,9,5,4,3,3,2,2,2,2,2,7,9,8,8,8,9,9,9,9,7,7
sf,cvs,openxava,openxava/OpenXavaTest/gen-src-xava/org/openxava/test/model/IJourney.java,clean,java,IssueTrue,51031,233,3641,11,1,4,2,3,9,3,2,2,2,9,9,9,4,6,4,10,10,10,3,3,3,9,9,9,4,4,6,6,5,4,5,4,4,1,1,1,9,9,9,8,8,9,5,4,4,3,2,2,2,2,2,7,9,8,8,8,9,9,9,9,7,7
sf,cvs,openxava,openxava/OpenXavaTest/gen-src-xava/org/openxava/test/model/IOffice.java,clean,java,IssueTrue,51031,233,3641,11,2,4,2,5,9,3,3,3,3,9,9,9,6,7,5,10,10,10,5,4,4,9,9,9,4,4,6,8,7,6,7,6,6,1,1,1,9,9,9,8,8,9,5,4,5,3,2,2,1,2,3,7,9,8,8,8,9,9,9,9,7,7
sf,cvs,openxava,openxava/OpenXavaTest/gen-src-xava/org/openxava/test/model/IOffice2.java,clean,java,IssueTrue,51031,233,3641,11,2,4,2,5,9,3,3,3,3,9,9,9,5,7,5,10,10,10,5,4,4,9,9,9,4,4,6,8,7,6,7,6,6,1,1,1,9,9,9,8,8,9,5,4,5,3,2,2,2,2,3,7,9,8,8,8,9,9,9,9,7,7
sf,cvs,openxava,openxava/OpenXavaTest/gen-src-xava/org/openxava/test/model/IProduct.java,clean,java,IssueTrue,51031,233,3641,11,2,3,3,7,7,3,4,4,4,9,9,9,6,7,6,10,10,10,4,3,3,9,9,9,4,4,6,8,8,7,8,7,7,1,1,1,9,9,9,8,8,9,5,4,6,3,2,2,1,2,3,7,9,8,8,8,9,9,9,9,7,7
sf,cvs,openxava,openxava/OpenXavaTest/gen-src-xava/org/openxava/test/model/IProduct2.java,clean,java,IssueTrue,51031,233,3641,11,2,5,3,7,8,3,4,4,4,9,9,9,7,8,6,10,10,10,7,6,5,9,9,9,4,4,6,9,8,8,8,8,7,1,1,1,9,9,9,8,8,9,5,4,6,3,2,2,1,2,3,7,9,9,9,9,9,9,9,9,7,7
sf,cvs,openxava,openxava/OpenXavaTest/gen-src-xava/org/openxava/test/model/IProduct3.java,clean,java,IssueTrue,51031,233,3641,11,2,4,2,5,9,3,3,3,3,9,9,9,5,7,4,10,10,10,3,3,3,9,9,9,4,4,6,7,7,6,7,6,5,1,1,1,9,9,9,8,8,9,5,4,5,3,2,2,1,2,2,7,9,8,8,8,9,9,9,9,7,7
sf,cvs,openxava,openxava/OpenXavaTest/gen-src-xava/org/openxava/test/model/IReceptionist.java,clean,java,IssueTrue,51031,233,3641,11,1,4,2,3,10,3,2,2,2,9,9,9,4,6,3,10,10,10,3,3,3,9,9,9,4,4,6,5,5,3,5,3,3,1,1,1,9,9,9,8,8,9,5,4,3,3,2,2,2,2,2,7,9,8,8,8,9,9,9,9,7,7
sf,cvs,openxava,openxava/OpenXavaTest/gen-src-xava/org/openxava/test/model/ISeller.java,clean,java,IssueTrue,51031,233,3641,11,2,4,2,5,9,3,3,3,3,9,9,9,5,7,5,10,10,10,5,4,4,9,9,9,4,4,6,8,7,6,7,6,6,1,1,1,9,9,9,8,8,9,5,4,5,3,3,2,1,2,2,7,9,8,8,8,9,9,9,9,7,7
sf,cvs,openxava,openxava/OpenXavaTest/gen-src-xava/org/openxava/test/model/ISellerLevel.java,clean,java,IssueTrue,51031,233,3641,11,1,3,1,1,10,3,2,2,1,9,9,9,3,5,2,10,10,10,2,2,2,9,9,9,4,4,6,4,4,3,3,2,2,1,1,1,9,9,9,8,8,9,5,4,3,3,2,2,2,2,2,7,9,8,8,8,9,9,9,9,7,7
sf,cvs,openxava,openxava/OpenXavaTest/gen-src-xava/org/openxava/test/model/IService.java,clean,java,IssueTrue,51031,233,3641,11,2,4,2,4,9,3,3,3,3,9,9,9,5,7,4,10,10,10,5,4,4,9,9,9,4,4,6,7,6,5,7,5,5,1,1,1,9,9,9,8,8,9,5,4,4,3,2,2,2,2,2,7,9,8,8,8,9,9,9,9,7,7
sf,cvs,openxava,openxava/OpenXavaTest/gen-src-xava/org/openxava/test/model/IServiceInvoice.java,clean,java,IssueTrue,51031,233,3641,11,2,3,2,4,8,3,3,3,3,9,9,9,5,6,4,10,10,10,3,3,3,9,9,9,4,4,6,7,6,5,6,5,5,1,1,1,9,9,9,8,8,9,5,4,4,3,2,2,1,2,2,7,9,8,8,8,9,9,9,9,7,7
sf,cvs,openxava,openxava/OpenXavaTest/gen-src-xava/org/openxava/test/model/IServiceType.java,clean,java,IssueTrue,51031,233,3641,11,1,3,2,3,9,3,2,2,2,9,9,9,4,6,4,10,10,10,2,2,2,9,9,9,4,4,6,6,5,4,5,4,4,1,1,1,9,9,9,8,8,9,5,4,4,3,2,2,2,2,2,7,9,8,8,8,9,9,9,9,7,7
sf,cvs,openxava,openxava/OpenXavaTest/gen-src-xava/org/openxava/test/model/IShipment.java,clean,java,IssueTrue,51031,233,3641,11,2,4,2,4,9,3,3,3,3,9,9,9,5,6,4,10,10,10,4,3,3,9,9,9,4,4,6,7,6,5,6,5,5,1,1,1,9,9,9,8,8,9,5,4,4,3,2,2,2,2,2,7,9,8,8,8,9,9,9,9,7,7
sf,cvs,openxava,openxava/OpenXavaTest/gen-src-xava/org/openxava/test/model/IShipmentCharge.java,clean,java,IssueTrue,51031,233,3641,11,1,4,2,3,9,3,2,2,2,9,9,9,4,6,4,10,10,10,4,3,3,9,9,9,4,4,6,6,5,4,5,4,4,1,1,1,9,9,9,8,8,9,5,4,4,3,2,2,2,2,2,7,9,8,8,8,9,9,9,9,7,7
sf,cvs,openxava,openxava/OpenXavaTest/gen-src-xava/org/openxava/test/model/ISize.java,clean,java,IssueTrue,51031,233,3641,11,1,3,1,1,10,3,2,2,1,9,9,9,3,5,2,10,10,10,2,2,2,9,9,9,4,4,6,4,4,3,3,2,2,1,1,1,9,9,9,8,8,9,5,4,3,3,2,2,2,2,2,7,9,8,8,8,9,9,9,9,7,7
sf,cvs,openxava,openxava/OpenXavaTest/gen-src-xava/org/openxava/test/model/IState.java,clean,java,IssueTrue,51031,233,3641,11,1,3,2,2,10,3,2,2,2,9,9,9,3,6,3,10,10,10,2,2,2,9,9,9,4,4,6,5,4,3,4,3,2,1,1,1,9,9,9,8,8,9,5,4,3,7,5,4,2,2,2,7,9,8,8,8,9,9,9,9,7,7
sf,cvs,openxava,openxava/OpenXavaTest/gen-src-xava/org/openxava/test/model/ISubfamily.java,clean,java,IssueTrue,51031,233,3641,11,2,3,2,5,8,3,3,3,3,9,9,9,5,7,4,10,10,10,2,2,2,9,9,9,4,4,6,7,7,6,7,6,5,1,1,1,9,9,9,8,8,9,5,4,5,3,2,2,2,2,3,7,9,8,8,8,9,9,9,9,7,7
sf,cvs,openxava,openxava/OpenXavaTest/gen-src-xava/org/openxava/test/model/ISubfamily2.java,clean,java,IssueTrue,51031,233,3641,11,1,4,2,4,9,3,2,3,2,9,9,9,4,6,4,10,10,10,4,3,3,9,9,9,4,4,6,6,6,5,6,5,4,1,1,1,9,9,9,8,8,9,5,4,4,3,2,2,2,2,2,7,9,8,8,8,9,9,9,9,7,7
sf,cvs,openxava,openxava/OpenXavaTest/gen-src-xava/org/openxava/test/model/ITask.java,clean,java,IssueTrue,51031,233,3641,11,2,3,3,6,7,3,3,4,4,9,9,9,6,7,5,10,10,10,3,3,3,9,9,9,4,4,6,8,7,7,8,7,6,1,1,1,9,9,9,8,8,9,5,4,5,3,2,2,1,2,3,7,9,8,8,8,9,9,9,9,7,7
sf,cvs,openxava,openxava/OpenXavaTest/gen-src-xava/org/openxava/test/model/ITransportCharge.java,clean,java,IssueTrue,51031,233,3641,11,1,4,1,2,10,3,2,2,2,9,9,9,3,6,3,10,10,10,4,3,3,9,9,9,4,4,6,5,4,3,4,3,2,1,1,1,9,9,9,8,8,9,5,4,3,3,2,2,1,2,2,7,9,8,8,8,9,9,9,9,7,7
sf,cvs,openxava,openxava/OpenXavaTest/gen-src-xava/org/openxava/test/model/ITransportCharge2.java,clean,java,IssueTrue,51031,233,3641,11,1,4,2,3,10,3,2,2,2,9,9,9,4,6,3,10,10,10,4,3,3,9,9,9,4,4,6,5,5,3,5,3,3,1,1,1,9,9,9,8,8,9,5,4,3,3,2,2,2,2,2,7,9,8,8,8,9,9,9,9,7,7
sf,cvs,openxava,openxava/OpenXavaTest/gen-src-xava/org/openxava/test/model/IVehicle.java,clean,java,IssueTrue,51031,233,3641,11,1,3,2,3,9,3,2,2,2,9,9,9,4,6,4,10,10,10,2,2,2,9,9,9,4,4,6,6,5,4,5,4,4,1,1,1,9,9,9,8,8,9,5,4,4,3,2,2,2,2,2,7,9,8,8,8,9,9,9,9,7,7
sf,cvs,openxava,openxava/OpenXavaTest/gen-src-xava/org/openxava/test/model/IWarehouse.java,clean,java,IssueTrue,51031,233,3641,11,1,3,2,2,10,3,2,2,2,9,9,9,3,6,3,10,10,10,2,2,2,9,9,9,4,4,6,5,4,3,4,3,2,1,1,1,9,9,9,8,8,9,5,4,3,6,4,3,2,2,2,7,9,8,8,8,9,9,9,9,7,7
sf,cvs,openxava,openxava/OpenXavaTest/gen-src-xava/org/openxava/test/model/IWorker.java,clean,java,IssueTrue,51031,233,3641,11,1,3,2,3,9,3,2,2,2,9,9,9,4,6,3,10,10,10,3,3,3,9,9,9,4,4,6,5,5,3,5,3,3,1,1,1,9,9,9,8,8,9,5,4,3,3,2,2,2,2,2,7,9,8,8,8,9,9,9,9,7,7
sf,cvs,openxava,openxava/OpenXavaTest/gen-src-xava/org/openxava/test/model/IYear.java,clean,java,IssueTrue,51031,233,3641,11,1,3,1,1,10,3,1,1,1,9,9,9,2,5,2,10,10,10,2,2,2,9,9,9,4,4,6,3,3,2,2,2,1,1,1,1,9,9,9,8,8,9,5,4,2,3,2,2,1,2,2,7,9,8,8,8,9,9,9,9,7,7
sf,cvs,openxava,openxava/OpenXavaTest/gen-src-xava/org/openxava/test/model/Ingredient.java,clean,java,IssueTrue,51031,233,3641,11,6,7,5,7,5,9,6,6,6,5,5,8,6,7,6,9,9,9,8,7,7,5,5,8,8,8,8,8,8,7,8,7,7,8,8,7,9,9,9,10,10,10,8,8,7,6,4,6,7,8,6,7,9,8,8,8,9,9,9,9,7,7
sf,cvs,openxava,openxava/OpenXavaTest/gen-src-xava/org/openxava/test/model/Invoice.java,clean,java,IssueTrue,51031,233,3641,11,9,10,8,10,7,9,9,9,9,5,5,8,9,9,8,9,9,9,10,9,9,5,5,8,10,9,9,10,10,10,10,10,10,10,10,10,9,9,9,10,10,10,8,8,10,6,8,9,8,8,10,7,9,8,8,8,9,9,9,9,7,7
sf,cvs,openxava,openxava/OpenXavaTest/gen-src-xava/org/openxava/test/model/Invoice2.java,clean,java,IssueTrue,51031,233,3641,11,7,8,7,9,5,9,7,8,7,5,5,8,8,9,7,9,9,9,9,9,8,5,5,8,9,9,9,9,9,9,9,9,9,9,9,8,9,9,9,10,10,10,8,8,8,6,5,8,7,8,8,7,9,8,8,8,9,9,9,9,7,7
sf,cvs,openxava,openxava/OpenXavaTest/gen-src-xava/org/openxava/test/model/InvoiceDetail.java,clean,java,IssueTrue,51031,233,3641,11,8,9,8,9,6,7,9,9,8,5,5,8,9,9,8,9,9,9,10,9,9,5,5,8,10,10,10,10,10,9,10,10,9,9,10,9,9,9,9,10,10,10,8,7,9,7,7,9,7,7,9,7,9,8,8,8,9,9,9,9,7,7
sf,cvs,openxava,openxava/OpenXavaTest/gen-src-xava/org/openxava/test/model/InvoiceDetail2.java,clean,java,IssueTrue,51031,233,3641,11,6,8,6,8,6,7,6,7,7,5,5,8,7,8,6,9,9,9,9,8,8,5,5,8,9,8,9,9,9,8,9,8,8,8,9,8,9,9,9,10,10,10,8,7,8,6,5,7,7,7,7,7,9,8,8,8,9,9,9,9,7,7
sf,cvs,openxava,openxava/OpenXavaTest/gen-src-xava/org/openxava/test/model/Issue.java,clean,java,IssueTrue,51031,233,3641,11,5,7,5,7,5,9,5,6,6,5,5,8,6,7,6,9,9,9,9,8,7,5,5,8,8,8,8,8,8,7,8,7,7,8,8,7,9,9,9,10,10,10,8,8,7,6,4,6,7,8,6,7,9,8,8,8,9,9,9,9,7,7
sf,cvs,openxava,openxava/OpenXavaTest/gen-src-xava/org/openxava/test/model/Journey.java,clean,java,IssueTrue,51031,233,3641,11,6,7,6,7,5,9,6,7,6,5,5,8,7,8,6,9,9,9,8,7,7,5,5,8,8,8,8,9,8,8,8,8,8,8,8,7,9,9,9,10,10,10,8,8,8,6,4,7,7,8,7,7,9,8,8,8,9,9,9,9,7,7
sf,cvs,openxava,openxava/OpenXavaTest/gen-src-xava/org/openxava/test/model/Office.java,clean,java,IssueTrue,51031,233,3641,11,7,8,7,9,5,9,8,8,8,5,5,8,8,9,7,9,9,9,10,9,8,5,5,8,10,9,9,9,9,9,9,9,9,9,9,8,9,9,9,10,10,10,8,8,9,6,5,8,7,8,8,7,9,8,8,8,9,9,9,9,7,7
sf,cvs,openxava,openxava/OpenXavaTest/gen-src-xava/org/openxava/test/model/Office2.java,clean,java,IssueTrue,51031,233,3641,11,6,8,6,8,5,7,7,7,7,5,5,8,7,8,7,9,9,9,9,8,8,5,5,8,10,9,9,9,9,8,9,9,8,9,9,8,9,9,9,10,10,10,8,7,8,6,4,7,6,5,7,7,9,8,8,8,9,9,9,9,7,7
sf,cvs,openxava,openxava/OpenXavaTest/gen-src-xava/org/openxava/test/model/Product.java,clean,java,IssueTrue,51031,233,3641,11,8,9,8,9,5,9,9,9,9,5,5,8,9,9,8,9,9,9,9,8,8,5,5,8,10,9,9,10,10,10,10,10,10,9,10,9,9,9,9,10,10,10,8,8,9,7,7,9,8,8,9,7,9,8,8,8,9,9,9,9,7,7
sf,cvs,openxava,openxava/OpenXavaTest/gen-src-xava/org/openxava/test/model/Product2.java,clean,java,IssueTrue,51031,233,3641,11,8,9,8,9,5,9,9,9,8,5,5,8,8,9,8,9,9,9,10,10,9,5,5,8,10,9,10,10,9,9,10,10,9,9,10,9,9,9,9,10,10,10,8,8,9,6,6,9,7,8,9,7,9,10,10,10,9,9,9,9,8,8
sf,cvs,openxava,openxava/OpenXavaTest/gen-src-xava/org/openxava/test/model/Product3.java,clean,java,IssueTrue,51031,233,3641,11,7,8,7,9,4,9,8,8,8,5,5,8,8,9,7,9,9,9,9,9,8,5,5,8,10,9,9,10,9,9,9,9,9,9,9,9,9,9,9,10,10,10,8,8,9,6,4,8,6,8,8,7,9,8,8,8,9,9,9,9,7,7
sf,cvs,openxava,openxava/OpenXavaTest/gen-src-xava/org/openxava/test/model/Receptionist.java,clean,java,IssueTrue,51031,233,3641,11,5,7,5,6,6,7,5,5,5,5,5,8,6,7,5,9,9,9,8,7,7,5,5,8,8,7,8,8,7,7,8,7,7,8,8,7,9,9,9,10,10,10,7,7,7,6,4,6,6,5,6,7,9,8,8,8,9,9,9,9,7,7
sf,cvs,openxava,openxava/OpenXavaTest/gen-src-xava/org/openxava/test/model/Seller.java,clean,java,IssueTrue,51031,233,3641,11,7,8,6,8,5,9,7,7,7,5,5,8,8,8,7,9,9,9,9,8,8,5,5,8,9,9,9,9,9,8,9,9,8,9,9,9,9,9,9,10,10,10,8,8,8,6,4,8,7,8,8,7,9,8,8,8,9,9,9,9,7,7
sf,cvs,openxava,openxava/OpenXavaTest/gen-src-xava/org/openxava/test/model/SellerLevel.java,clean,java,IssueTrue,51031,233,3641,11,5,7,5,6,6,9,5,5,5,5,5,8,6,7,5,9,9,9,7,6,6,5,5,8,7,7,7,8,7,6,8,7,6,7,7,6,9,9,9,10,10,10,8,8,7,6,4,6,8,8,6,7,9,8,8,8,9,9,9,9,7,7
sf,cvs,openxava,openxava/OpenXavaTest/gen-src-xava/org/openxava/test/model/Service.java,clean,java,IssueTrue,51031,233,3641,11,8,9,8,9,5,9,8,9,8,5,5,8,8,9,8,9,9,9,10,9,9,5,5,8,10,9,9,10,10,9,10,10,9,9,9,8,9,9,9,10,10,10,8,8,9,7,6,9,7,8,9,7,9,8,8,8,9,9,9,9,7,7
sf,cvs,openxava,openxava/OpenXavaTest/gen-src-xava/org/openxava/test/model/ServiceInvoice.java,clean,java,IssueTrue,51031,233,3641,11,7,8,7,8,6,9,7,8,7,5,5,8,8,8,7,9,9,9,8,7,7,5,5,8,9,8,9,9,9,8,9,9,8,8,8,8,9,9,9,10,10,10,8,8,8,7,5,8,8,8,8,7,9,8,8,8,9,9,9,9,7,7
sf,cvs,openxava,openxava/OpenXavaTest/gen-src-xava/org/openxava/test/model/ServiceType.java,clean,java,IssueTrue,51031,233,3641,11,6,8,6,8,6,9,6,7,7,5,5,8,7,8,6,9,9,9,8,7,6,5,5,8,8,8,8,9,8,8,9,8,8,8,8,7,9,9,9,10,10,10,8,8,8,7,5,8,8,8,8,7,9,8,8,8,9,9,9,9,7,7
sf,cvs,openxava,openxava/OpenXavaTest/gen-src-xava/org/openxava/test/model/Shipment.java,clean,java,IssueTrue,51031,233,3641,11,7,8,7,9,5,9,7,8,7,5,5,8,8,9,7,9,9,9,9,8,8,5,5,8,9,9,9,9,9,8,9,9,9,9,9,8,9,9,9,10,10,10,8,8,8,6,5,8,8,8,8,7,9,8,8,8,9,9,9,9,7,7
sf,cvs,openxava,openxava/OpenXavaTest/gen-src-xava/org/openxava/test/model/ShipmentCharge.java,clean,java,IssueTrue,51031,233,3641,11,6,7,6,7,5,9,7,7,7,5,5,8,7,8,6,9,9,9,9,8,8,5,5,8,9,9,9,9,8,8,9,8,8,8,8,7,9,9,9,10,10,10,9,8,8,7,5,7,8,8,8,7,9,8,8,8,9,9,9,9,7,7
sf,cvs,openxava,openxava/OpenXavaTest/gen-src-xava/org/openxava/test/model/Size.java,clean,java,IssueTrue,51031,233,3641,11,5,7,5,6,6,9,5,5,5,5,5,8,6,7,5,9,9,9,8,7,6,5,5,8,7,7,7,8,7,6,8,7,6,7,7,6,9,9,9,10,10,10,8,8,7,6,4,6,8,8,6,7,9,8,8,8,9,9,9,9,7,7
sf,cvs,openxava,openxava/OpenXavaTest/gen-src-xava/org/openxava/test/model/State.java,clean,java,IssueTrue,51031,233,3641,11,5,7,5,6,6,9,5,6,5,5,5,8,6,7,5,9,9,9,8,7,7,5,5,8,7,7,7,8,7,7,8,7,7,8,8,7,9,9,9,10,10,10,8,8,7,6,4,6,8,8,7,7,9,8,8,8,9,9,9,9,7,7
sf,cvs,openxava,openxava/OpenXavaTest/gen-src-xava/org/openxava/test/model/Subfamily.java,clean,java,IssueTrue,51031,233,3641,11,7,9,7,9,6,9,8,8,8,5,5,8,8,9,7,9,9,9,8,7,7,5,5,8,9,8,9,9,9,9,9,9,9,9,9,8,9,9,9,10,10,10,8,8,9,7,6,8,8,8,8,7,9,8,8,8,9,9,9,9,7,7
sf,cvs,openxava,openxava/OpenXavaTest/gen-src-xava/org/openxava/test/model/Subfamily2.java,clean,java,IssueTrue,51031,233,3641,11,6,8,6,7,6,9,6,7,6,5,5,8,7,8,6,9,9,9,9,8,8,5,5,8,8,8,8,9,8,8,9,8,8,8,8,8,9,9,9,10,10,10,8,8,8,6,5,7,8,8,7,7,9,8,8,8,9,9,9,9,7,7
sf,cvs,openxava,openxava/OpenXavaTest/gen-src-xava/org/openxava/test/model/SubfamilyInfo.java,clean,java,IssueTrue,51031,233,3641,11,2,3,2,3,7,5,2,2,2,5,5,8,4,6,3,9,9,9,3,3,3,5,5,8,8,7,8,5,5,3,5,3,3,6,5,4,9,9,9,8,8,9,5,6,3,9,5,6,3,4,3,7,9,8,8,8,9,9,9,9,7,7
sf,cvs,openxava,openxava/OpenXavaTest/gen-src-xava/org/openxava/test/model/Task.java,clean,java,IssueTrue,51031,233,3641,11,8,9,8,9,6,9,8,9,8,5,5,8,9,9,8,9,9,9,8,7,7,5,5,8,10,9,9,10,10,9,10,10,9,9,9,9,9,9,9,10,10,10,8,8,9,7,7,9,7,8,9,7,9,8,8,8,9,9,9,9,7,7
sf,cvs,openxava,openxava/OpenXavaTest/gen-src-xava/org/openxava/test/model/TransportCharge.java,clean,java,IssueTrue,51031,233,3641,11,5,7,5,6,6,7,5,5,5,5,5,8,6,7,5,9,9,9,9,8,7,5,5,8,7,7,7,8,7,6,8,7,6,7,7,6,9,9,9,10,10,10,8,7,7,6,4,6,7,5,6,7,9,8,8,8,9,9,9,9,7,7
sf,cvs,openxava,openxava/OpenXavaTest/gen-src-xava/org/openxava/test/model/TransportCharge2.java,clean,java,IssueTrue,51031,233,3641,11,5,7,5,6,6,7,5,6,5,5,5,8,6,7,5,9,9,9,9,9,8,5,5,8,9,9,9,8,7,7,8,7,7,8,8,7,9,9,9,10,10,10,8,8,7,6,4,6,7,6,6,7,9,8,8,8,9,9,9,9,7,7
sf,cvs,openxava,openxava/OpenXavaTest/gen-src-xava/org/openxava/test/model/Vehicle.java,clean,java,IssueTrue,51031,233,3641,11,6,8,6,8,6,9,6,7,7,5,5,8,7,8,6,9,9,9,7,6,6,5,5,8,8,8,8,9,8,8,9,8,8,8,8,7,9,9,9,10,10,10,8,8,8,7,5,8,7,8,8,7,9,8,8,8,9,9,9,9,7,7
sf,cvs,openxava,openxava/OpenXavaTest/gen-src-xava/org/openxava/test/model/Warehouse.java,clean,java,IssueTrue,51031,233,3641,11,6,7,5,7,6,9,6,6,6,5,5,8,6,8,6,9,9,9,8,7,6,5,5,8,8,7,8,8,8,7,8,8,7,8,8,7,9,9,9,10,10,10,8,8,7,8,6,8,8,8,7,7,9,8,8,8,9,9,9,9,7,7
sf,cvs,openxava,openxava/OpenXavaTest/gen-src-xava/org/openxava/test/model/Worker.java,clean,java,IssueTrue,51031,233,3641,11,6,7,5,7,6,9,6,6,6,5,5,8,6,8,6,9,9,9,8,7,6,5,5,8,8,7,8,8,8,7,8,8,7,8,8,7,9,9,9,10,10,10,8,8,7,7,4,7,8,8,7,7,9,8,8,8,9,9,9,9,7,7
sf,cvs,openxava,openxava/OpenXavaTest/gen-src-xava/org/openxava/test/model/Year.java,clean,java,IssueTrue,51031,233,3641,11,5,7,4,5,6,9,4,5,5,5,5,8,5,7,5,9,9,9,8,7,6,5,5,8,6,6,7,7,7,6,7,6,6,7,6,6,9,9,9,10,10,10,8,8,6,6,4,6,8,8,6,7,9,8,8,8,9,9,9,9,7,7
sf,cvs,openxava,openxava/OpenXavaTest/java5-src/org/openxava/test/model/Attic/Invoice.java,buggy,java,IssueTrue,51031,233,3641,11,8,3,6,9,1,5,7,7,7,5,5,8,8,9,7,9,9,9,9,8,8,5,5,8,10,9,9,9,9,8,9,9,9,9,10,9,9,9,9,8,8,9,7,7,8,5,5,7,5,8,7,5,9,8,8,8,9,9,9,7,7,5
sf,cvs,openxava,openxava/OpenXavaTest/test-src/org/openxava/test/tests/Attic/AJAXTest.java,clean,java,IssueTrue,51031,233,3641,11,9,7,8,8,2,7,5,6,6,10,10,10,10,10,10,9,9,9,8,7,6,10,10,10,4,4,6,9,9,8,9,9,8,9,9,9,9,9,9,10,10,10,5,7,7,5,9,7,9,8,9,9,9,10,10,10,10,10,10,9,10,9
sf,cvs,openxava,openxava/OpenXavaTest/test-src/org/openxava/test/tests/Attic/CarrierWithCalculatedFellowsTest.java,clean,java,IssueTrue,51031,233,3641,11,2,2,2,2,3,3,2,2,2,10,10,10,10,10,10,9,9,9,2,2,2,10,10,10,4,4,6,5,4,3,4,3,2,5,4,4,9,9,9,8,8,9,5,4,3,3,2,2,7,4,3,3,9,9,9,9,9,9,9,9,7,5
sf,cvs,openxava,openxava/OpenXavaTest/test-src/org/openxava/test/tests/Attic/ColorM1Test.java,clean,java,IssueTrue,51031,233,3641,11,2,4,3,1,8,3,1,1,1,10,10,10,10,10,10,9,9,9,3,3,3,10,10,10,4,4,6,3,3,2,2,2,1,3,3,2,9,9,9,8,8,9,5,4,2,4,2,2,4,2,2,3,10,10,9,9,9,9,9,6,6,4
sf,cvs,openxava,openxava/OpenXavaTest/test-src/org/openxava/test/tests/Attic/ColorWithGroupsAndChangeControllersTest.java,clean,java,IssueTrue,51031,233,3641,11,2,3,3,1,7,3,2,2,2,10,10,10,10,10,10,9,9,9,4,3,3,10,10,10,4,4,6,3,3,2,2,2,1,3,3,2,9,9,9,8,8,9,8,7,3,4,2,2,8,5,3,5,9,8,9,8,9,9,9,9,9,7
sf,cvs,openxava,openxava/OpenXavaTest/test-src/org/openxava/test/tests/Attic/CustomerTest.java,buggy,java,IssueTrue,51031,233,3641,11,9,9,9,9,3,5,7,8,7,10,10,10,10,10,10,10,10,10,8,7,7,10,10,10,7,7,7,9,9,9,9,9,9,9,10,9,9,9,9,9,9,9,7,9,8,3,5,5,9,9,9,7,10,10,10,10,10,10,10,9,10,8
sf,cvs,openxava,openxava/OpenXavaTest/test-src/org/openxava/test/tests/Attic/CustomerWithSectionTest.java,buggy,java,IssueTrue,51031,233,3641,11,8,7,9,7,2,7,4,5,5,10,10,10,10,10,10,9,9,9,4,3,3,10,10,10,7,7,7,9,8,7,8,8,7,8,8,8,9,9,9,10,10,10,6,7,6,3,3,4,9,7,8,6,9,8,8,8,10,10,10,9,9,7
sf,cvs,openxava,openxava/OpenXavaTest/test-src/org/openxava/test/tests/Attic/SeveralModulesTest.java,clean,java,IssueTrue,51031,233,3641,11,5,4,5,4,2,5,3,3,3,10,10,10,10,10,10,9,9,9,7,6,5,10,10,10,4,4,6,6,6,5,6,5,4,3,3,2,10,9,9,10,10,10,6,6,4,4,2,3,10,9,6,5,9,8,8,8,10,10,10,6,6,5
sf,cvs,openxava,openxava/OpenXavaTest/test-src/org/openxava/test/tests/Attic/WarehouseTest.java,clean,java,IssueTrue,51031,233,3641,11,8,9,8,6,4,3,4,4,4,10,10,10,10,10,10,9,9,9,7,6,5,10,10,10,4,4,6,8,8,7,8,7,7,8,8,8,9,9,9,8,8,9,5,6,6,3,2,2,9,9,7,3,9,9,9,8,9,9,9,6,6,4
sf,cvs,openxava,openxava/OpenXavaTest/test-src/org/openxava/test/tests/Attic/XavaSuite.java,buggy,java,IssueTrue,51031,233,3641,11,6,6,7,3,3,7,5,5,5,9,9,9,4,6,3,9,9,9,9,9,8,9,9,9,4,4,6,4,4,3,5,3,3,6,5,4,9,9,9,8,8,9,10,10,7,4,2,3,5,6,3,9,10,8,9,9,9,9,9,2,7,6
