Host,Vcs,Project,File,Buggy,PL,IssueTracking,TLOC,TNF,TNC,TND,LOC,CL,NStmt,NFunc,RCC,MNL,avg_WMC,max_WMC,total_WMC,avg_DIT,max_DIT,total_DIT,avg_RFC,max_RFC,total_RFC,avg_NOC,max_NOC,total_NOC,avg_CBO,max_CBO,total_CBO,avg_DIT.1,max_DIT.1,total_DIT.1,avg_NIV,max_NIV,total_NIV,avg_NIM,max_NIM,total_NIM,avg_NOM,max_NOM,total_NOM,avg_NPBM,max_NPBM,total_NPBM,avg_NPM,max_NPM,total_NPM,avg_NPRM,max_NPRM,total_NPRM,avg_CC,max_CC,total_CC,avg_FANIN,max_FANIN,total_FANIN,avg_FANOUT,max_FANOUT,total_FANOUT,NRev,NFix,avg_AddedLOC,max_AddedLOC,total_AddedLOC,avg_DeletedLOC,max_DeletedLOC,total_DeletedLOC,avg_ModifiedLOC,max_ModifiedLOC,total_ModifiedLOC
sf,cvs,opentac2,opentac2/opentac2/src/java/edu/gmu/opentac2/exam/ExamGrader.java,clean,java,IssueFalse,5204,40,2345,4,8,2,8,3,2,9,7,8,6,5,6,7,2,6,6,9,9,9,9,8,8,5,6,7,6,5,6,6,1,6,3,2,6,7,7,7,8,9,9,8,7,7,10,9,6,9,6,4,10,10,7,6,9,10,8,9,9,8,8,10,9,9
sf,cvs,opentac2,opentac2/opentac2/src/java/edu/gmu/opentac2/om/Attic/ScheduledQuiz.java,clean,java,IssueFalse,5204,40,2345,4,8,7,7,6,5,7,7,7,6,9,8,8,6,7,7,9,9,9,10,9,8,9,8,8,7,6,7,7,5,7,8,7,8,9,9,9,8,9,9,8,7,7,6,5,6,7,8,7,8,9,8,5,8,10,9,9,9,9,8,2,3,3
sf,cvs,opentac2,opentac2/opentac2/src/java/edu/gmu/opentac2/om/Course.java,buggy,java,IssueFalse,5204,40,2345,4,8,8,7,6,5,9,7,8,6,9,8,8,6,7,7,9,9,9,8,7,7,9,8,8,6,5,6,8,7,8,8,7,8,9,9,9,8,9,9,8,7,7,6,6,6,6,7,6,9,7,8,6,5,10,8,9,10,10,10,9,9,8
sf,cvs,opentac2,opentac2/opentac2/src/java/edu/gmu/opentac2/om/Person.java,clean,java,IssueFalse,5204,40,2345,4,6,3,5,5,4,5,5,5,4,9,8,8,4,6,7,9,9,9,4,3,3,9,8,8,6,5,6,8,6,7,7,5,7,8,8,8,8,9,9,8,7,7,5,4,4,5,4,4,6,5,6,3,8,3,3,2,10,10,10,3,3,3
sf,cvs,opentac2,opentac2/opentac2/src/java/edu/gmu/opentac2/om/Question.java,clean,java,IssueFalse,5204,40,2345,4,9,6,8,5,3,7,8,8,6,9,8,8,5,7,7,9,9,9,10,9,8,9,8,8,6,5,6,7,5,7,7,6,8,9,8,8,8,9,9,8,7,7,8,9,7,5,7,5,9,10,8,3,5,10,8,7,10,8,8,8,6,6
sf,cvs,opentac2,opentac2/opentac2/src/java/edu/gmu/opentac2/om/QuizTaken.java,buggy,java,IssueFalse,5204,40,2345,4,8,4,7,7,3,7,7,8,6,9,8,8,7,7,7,9,9,9,9,8,7,9,8,8,6,5,6,7,3,7,9,8,8,9,9,9,8,9,9,8,7,7,5,6,6,6,5,7,7,8,8,5,5,10,9,9,7,7,7,8,7,6
sf,cvs,opentac2,opentac2/opentac2/src/java/edu/gmu/opentac2/util/XMLUtils.java,buggy,java,IssueFalse,5204,40,2345,4,7,6,6,5,5,7,5,5,4,5,6,7,5,7,7,9,9,9,10,9,9,5,6,7,6,5,6,6,1,6,7,5,7,9,8,8,8,9,9,8,7,7,4,5,4,9,8,7,6,9,6,5,9,6,6,5,4,4,4,5,5,5
sf,cvs,opentac2,opentac2/opentac2/src/java/edu/gmu/opentac2/webapp/Attic/AdministratorUser.java,clean,java,IssueFalse,5204,40,2345,4,4,1,4,5,1,5,5,5,4,10,9,9,7,7,7,9,9,9,8,7,6,10,9,9,8,7,7,8,6,8,7,5,7,9,8,8,8,9,9,8,7,7,4,4,4,3,2,3,4,6,5,6,8,3,3,2,6,6,6,6,6,5
sf,cvs,opentac2,opentac2/opentac2/src/java/edu/gmu/opentac2/webapp/Attic/InstructorUser.java,clean,java,IssueFalse,5204,40,2345,4,4,1,4,5,1,5,5,5,4,10,9,9,7,7,7,9,9,9,8,7,6,10,9,9,8,7,7,8,6,8,7,5,7,9,8,8,8,9,9,8,7,7,4,4,4,2,2,3,5,6,5,7,8,4,5,4,7,7,7,5,6,5
sf,cvs,opentac2,opentac2/opentac2/src/java/edu/gmu/opentac2/webapp/Attic/ModeratorUser.java,clean,java,IssueFalse,5204,40,2345,4,5,1,5,6,1,5,6,6,5,10,9,9,7,7,7,9,9,9,8,7,7,10,9,9,8,8,8,9,7,8,8,7,8,9,9,9,8,9,9,8,7,7,4,4,5,3,3,4,4,5,5,6,5,3,3,2,4,4,4,5,5,5
sf,cvs,opentac2,opentac2/opentac2/src/java/edu/gmu/opentac2/webapp/Attic/SecurityRealm.java,buggy,java,IssueFalse,5204,40,2345,4,5,6,4,4,7,5,4,5,3,9,8,8,3,6,6,9,9,9,7,6,5,9,8,8,8,7,7,7,4,7,5,3,7,8,7,7,8,9,9,8,7,7,6,6,4,6,5,4,5,6,4,5,8,3,3,3,4,4,4,4,4,4
sf,cvs,opentac2,opentac2/opentac2/src/java/edu/gmu/opentac2/webapp/Attic/StudentUser.java,clean,java,IssueFalse,5204,40,2345,4,5,1,4,5,1,5,5,6,4,10,9,9,7,7,7,9,9,9,8,7,6,10,9,9,8,7,7,8,7,8,7,6,8,9,8,8,8,9,9,8,7,7,4,4,5,3,3,3,4,6,6,6,5,3,3,3,4,4,4,5,5,5
sf,cvs,opentac2,opentac2/opentac2/src/java/edu/gmu/opentac2/webapp/WebappUser.java,buggy,java,IssueFalse,5204,40,2345,4,5,1,4,5,2,5,5,6,4,9,8,8,5,7,7,10,10,10,8,7,6,9,8,8,9,8,8,8,7,8,7,6,8,9,8,8,8,9,9,8,7,7,4,4,5,10,9,8,3,4,4,5,5,9,7,7,4,4,4,5,4,4
sf,cvs,opentac2,opentac2/opentac2/src/java/edu/gmu/opentac2/webapp/action/Attic/AddQuizQuestionsAction.java,clean,java,IssueFalse,5204,40,2345,4,7,7,7,5,6,7,6,6,5,10,9,9,5,7,7,9,9,9,8,7,6,10,9,9,7,6,7,8,6,7,7,5,7,6,6,7,10,10,10,8,7,7,7,7,5,6,4,5,9,9,8,6,9,6,5,6,4,4,4,3,5,5
sf,cvs,opentac2,opentac2/opentac2/src/java/edu/gmu/opentac2/webapp/action/Attic/CourseAnnouncementListAction.java,buggy,java,IssueFalse,5204,40,2345,4,8,7,8,4,5,9,7,8,6,10,9,9,5,7,7,9,9,9,8,7,7,10,9,9,7,6,7,7,5,7,6,4,7,7,7,7,10,10,10,8,7,7,9,8,6,9,7,6,10,10,8,3,8,10,8,8,4,4,4,9,7,6
sf,cvs,opentac2,opentac2/opentac2/src/java/edu/gmu/opentac2/webapp/action/Attic/CourseMemberListAction.java,buggy,java,IssueFalse,5204,40,2345,4,8,8,8,5,6,7,7,8,6,10,9,9,5,7,7,9,9,9,7,6,6,10,9,9,7,6,7,8,6,8,7,5,7,7,7,7,10,10,10,8,7,7,8,8,6,8,6,6,8,8,7,7,8,9,9,9,5,5,5,5,6,6
sf,cvs,opentac2,opentac2/opentac2/src/java/edu/gmu/opentac2/webapp/action/Attic/QuizEditorAction.java,clean,java,IssueFalse,5204,40,2345,4,9,9,9,5,5,8,8,9,7,10,9,9,5,7,7,9,9,9,9,9,8,10,9,9,7,6,7,8,6,7,7,5,7,7,7,7,10,10,10,8,7,7,10,9,7,9,7,7,10,10,9,6,9,10,10,10,9,9,9,8,8,8
sf,cvs,opentac2,opentac2/opentac2/src/java/edu/gmu/opentac2/webapp/action/Attic/QuizListAction.java,buggy,java,IssueFalse,5204,40,2345,4,7,2,7,3,3,7,6,7,5,10,9,9,4,6,7,9,9,9,8,7,6,10,9,9,7,6,7,7,3,7,4,3,7,7,7,7,9,9,9,8,7,7,10,6,5,7,5,4,10,8,7,3,5,4,3,3,7,6,6,6,5,4
sf,cvs,opentac2,opentac2/opentac2/src/java/edu/gmu/opentac2/webapp/action/Attic/WelcomeAction.java,buggy,java,IssueFalse,5204,40,2345,4,6,8,6,4,8,3,2,3,2,10,9,9,4,6,7,9,9,9,8,7,7,10,9,9,7,6,7,7,4,7,5,3,7,8,7,7,8,9,9,8,7,7,3,3,3,7,4,4,9,6,7,6,9,5,5,5,4,4,4,5,5,6
sf,cvs,opentac2,opentac2/opentac2/src/java/edu/gmu/opentac2/webapp/action/CourseAction.java,buggy,java,IssueFalse,5204,40,2345,4,7,1,6,3,1,7,5,6,4,10,9,9,4,6,7,9,9,9,7,6,6,10,9,9,8,7,7,7,3,7,4,3,7,7,7,7,8,9,9,8,7,7,9,6,5,10,6,5,10,6,6,6,8,3,3,2,4,4,4,3,3,3
sf,cvs,opentac2,opentac2/opentac2/src/java/edu/gmu/opentac2/webapp/action/ExamAction.java,clean,java,IssueFalse,5204,40,2345,4,6,1,5,2,1,7,4,5,3,10,9,9,3,6,6,9,9,9,7,6,6,10,9,9,7,6,7,6,2,6,2,1,6,6,6,7,8,9,9,8,7,7,10,8,4,10,6,3,10,9,5,9,8,4,5,4,7,8,8,8,9,8
sf,cvs,opentac2,opentac2/opentac2/src/java/edu/gmu/opentac2/webapp/action/ImportAction.java,buggy,java,IssueFalse,5204,40,2345,4,6,2,6,3,3,5,4,5,3,9,8,8,2,6,6,9,9,9,9,9,8,9,8,8,6,5,6,6,2,6,3,2,6,6,6,7,8,9,9,10,8,8,9,6,4,7,4,3,10,8,6,5,5,3,3,2,9,8,7,3,3,3
sf,cvs,opentac2,opentac2/opentac2/src/java/edu/gmu/opentac2/webapp/action/LogonAction.java,clean,java,IssueFalse,5204,40,2345,4,6,1,6,2,2,5,4,5,3,9,8,8,2,6,6,9,9,9,9,8,7,9,8,8,7,6,7,6,2,6,2,1,6,6,6,7,8,9,9,8,7,7,10,8,4,8,5,3,10,9,5,5,8,4,3,3,4,4,4,3,3,3
sf,cvs,opentac2,opentac2/opentac2/src/java/edu/gmu/opentac2/webapp/action/PreferencesAction.java,buggy,java,IssueFalse,5204,40,2345,4,7,9,6,4,8,8,6,7,5,10,9,9,4,6,7,9,9,9,6,5,5,10,9,9,6,5,6,7,4,7,5,3,7,8,7,7,8,9,9,8,7,7,9,7,5,9,7,6,10,9,7,6,9,10,10,9,8,8,7,10,10,9
sf,cvs,opentac2,opentac2/opentac2/src/java/edu/gmu/opentac2/webapp/action/QuestionFileUploadAction.java,buggy,java,IssueFalse,5204,40,2345,4,8,2,7,2,2,8,5,6,4,10,9,9,3,6,6,9,9,9,9,9,8,10,9,9,7,6,7,6,2,6,2,1,6,6,6,7,8,9,9,8,7,7,10,8,5,10,8,4,10,10,7,6,5,10,8,8,10,10,9,10,10,9
sf,cvs,opentac2,opentac2/opentac2/src/java/edu/gmu/opentac2/webapp/action/QuizSchedulerAction.java,clean,java,IssueFalse,5204,40,2345,4,6,1,6,2,2,9,5,5,4,10,9,9,3,6,6,9,9,9,7,6,6,10,9,9,6,5,6,6,2,6,2,1,6,6,6,7,8,9,9,8,7,7,10,8,4,10,6,3,10,10,7,6,8,8,7,6,10,9,9,10,9,9
sf,cvs,opentac2,opentac2/opentac2/src/java/edu/gmu/opentac2/webapp/action/QuizViewerAction.java,clean,java,IssueFalse,5204,40,2345,4,8,3,8,3,2,7,6,7,5,10,9,9,3,6,6,9,9,9,9,8,8,10,9,9,7,6,7,6,3,6,3,2,6,7,7,7,8,9,9,8,7,7,10,8,5,9,5,4,10,10,8,9,8,8,8,9,8,8,8,8,8,9
sf,cvs,opentac2,opentac2/opentac2/src/java/edu/gmu/opentac2/webapp/action/RegistrationAction.java,buggy,java,IssueFalse,5204,40,2345,4,8,2,7,3,1,10,7,8,6,9,8,8,2,6,6,9,9,9,9,8,8,9,8,8,7,6,7,6,3,6,3,2,6,6,6,7,9,9,9,8,7,7,10,9,6,9,6,4,10,10,7,5,8,4,4,3,4,4,4,3,3,3
sf,cvs,opentac2,opentac2/opentac2/src/java/edu/gmu/opentac2/webapp/action/SecuredAction.java,clean,java,IssueFalse,5204,40,2345,4,5,7,4,3,8,5,4,5,3,9,8,8,2,6,6,10,10,10,3,3,3,9,8,8,7,6,7,6,3,6,3,2,6,7,7,7,8,9,9,8,7,7,9,6,4,8,5,4,8,5,4,7,9,7,7,7,4,4,4,2,3,3
sf,cvs,opentac2,opentac2/opentac2/src/java/edu/gmu/opentac2/webapp/form/Attic/QuizEditorForm.java,clean,java,IssueFalse,5204,40,2345,4,9,10,9,10,7,7,10,10,9,9,8,8,10,9,9,9,9,9,9,8,8,9,8,8,10,10,10,10,10,10,10,10,10,10,10,10,8,9,9,8,7,7,4,5,9,6,6,10,3,6,9,6,9,10,9,9,7,7,6,5,6,6
sf,cvs,opentac2,opentac2/opentac2/src/java/edu/gmu/opentac2/webapp/form/ExamForm.java,buggy,java,IssueFalse,5204,40,2345,4,8,2,8,9,2,8,9,9,8,9,8,8,8,8,8,9,9,9,9,8,8,9,8,8,10,10,10,10,10,9,10,10,9,10,10,10,8,9,9,8,7,7,5,6,8,6,5,8,3,8,8,8,9,10,9,9,10,10,9,9,9,9
sf,cvs,opentac2,opentac2/opentac2/src/java/edu/gmu/opentac2/webapp/form/QuizSchedulerForm.java,clean,java,IssueFalse,5204,40,2345,4,8,1,7,10,1,5,9,9,8,9,8,8,9,8,8,9,9,9,7,6,5,9,8,8,10,10,10,10,10,10,10,10,10,10,10,10,8,9,9,8,7,7,3,4,8,6,5,9,3,7,8,6,8,4,4,4,10,10,9,10,9,9
sf,cvs,opentac2,opentac2/opentac2/src/java/edu/gmu/opentac2/webapp/form/QuizViewerForm.java,clean,java,IssueFalse,5204,40,2345,4,7,2,7,8,2,9,8,8,7,9,8,8,8,8,8,9,9,9,9,8,8,9,8,8,10,10,9,10,9,9,10,9,9,10,10,9,8,9,9,8,7,7,4,6,7,5,5,7,4,7,7,8,5,7,7,7,9,9,9,9,8,8
