Host,Vcs,Project,File,Buggy,PL,IssueTracking,TLOC,TNF,TNC,TND,LOC,CL,NStmt,NFunc,RCC,MNL,avg_WMC,max_WMC,total_WMC,avg_DIT,max_DIT,total_DIT,avg_RFC,max_RFC,total_RFC,avg_NOC,max_NOC,total_NOC,avg_CBO,max_CBO,total_CBO,avg_DIT.1,max_DIT.1,total_DIT.1,avg_NIV,max_NIV,total_NIV,avg_NIM,max_NIM,total_NIM,avg_NOM,max_NOM,total_NOM,avg_NPBM,max_NPBM,total_NPBM,avg_NPM,max_NPM,total_NPM,avg_NPRM,max_NPRM,total_NPRM,avg_CC,max_CC,total_CC,avg_FANIN,max_FANIN,total_FANIN,avg_FANOUT,max_FANOUT,total_FANOUT,NRev,NFix,avg_AddedLOC,max_AddedLOC,total_AddedLOC,avg_DeletedLOC,max_DeletedLOC,total_DeletedLOC,avg_ModifiedLOC,max_ModifiedLOC,total_ModifiedLOC
gc,svn,ossbuild,/trunk/Main/GStreamer/Source/gnonlin/gnl/gnlcomposition.c,clean,c,IssueTrue,372392,806,756,3,9,9,10,9,3,9,10,10,10,10,10,10,10,10,10,9,9,9,9,9,9,10,10,10,10,10,10,10,10,10,10,10,10,10,10,10,10,10,10,8,8,9,9,8,10,9,8,9,9,9,10,6,7,3,3,4,4,5,8,2,2,2
gc,svn,ossbuild,/trunk/Main/GStreamer/Source/gst-plugins-bad/ext/assrender/gstassrender.c,clean,c,IssueTrue,372392,806,756,3,7,2,8,6,1,8,10,10,10,10,10,10,10,10,10,9,9,9,9,9,9,10,10,10,6,6,6,10,10,10,10,10,10,10,10,10,10,10,10,8,8,9,9,7,7,9,8,7,10,9,8,6,9,10,10,10,9,9,10,9,9,9
gc,svn,ossbuild,/trunk/Main/GStreamer/Source/gst-plugins-bad/ext/assrender/gstassrender.h,clean,c,IssueTrue,372392,806,756,3,1,1,1,2,7,3,10,10,10,10,10,10,10,10,10,9,9,9,9,9,9,10,10,10,10,10,9,10,10,10,10,10,10,10,10,10,10,10,10,8,8,9,2,2,2,2,2,2,1,2,2,6,9,7,6,7,4,5,8,2,2,2
gc,svn,ossbuild,/trunk/Main/GStreamer/Source/gst-plugins-bad/ext/celt/gstceltdec.c,clean,c,IssueTrue,372392,806,756,3,7,3,7,6,2,6,10,10,10,10,10,10,10,10,10,9,9,9,9,9,9,10,10,10,6,6,6,10,10,10,10,10,10,10,10,10,10,10,10,8,8,9,9,7,6,8,7,6,8,8,7,6,9,9,8,8,7,7,9,3,3,4
gc,svn,ossbuild,/trunk/Main/GStreamer/Source/gst-plugins-bad/ext/celt/gstceltenc.c,clean,c,IssueTrue,372392,806,756,3,8,4,8,7,2,6,10,10,10,10,10,10,10,10,10,9,9,9,9,9,9,10,10,10,6,6,6,10,10,10,10,10,10,10,10,10,10,10,10,8,8,9,9,7,7,7,7,7,9,9,9,6,9,10,8,9,4,5,8,7,7,7
gc,svn,ossbuild,/trunk/Main/GStreamer/Source/gst-plugins-bad/ext/cog/cogframe.h,clean,c,IssueTrue,372392,806,756,3,3,1,3,2,2,3,10,10,10,10,10,10,10,10,10,9,9,9,9,10,10,10,10,10,10,10,10,10,10,10,10,10,10,10,10,10,10,10,10,8,8,9,2,2,2,2,2,2,1,2,2,6,9,7,5,6,4,5,8,2,2,2
gc,svn,ossbuild,/trunk/Main/GStreamer/Source/gst-plugins-bad/ext/cog/cogvirtframe.c,clean,c,IssueTrue,372392,806,756,3,9,1,10,10,1,6,10,10,10,10,10,10,10,10,10,9,9,9,9,9,9,10,10,10,6,6,6,10,10,10,10,10,10,10,10,10,10,10,10,8,8,9,8,9,9,9,10,10,3,7,9,6,9,10,10,10,10,10,10,10,9,9
gc,svn,ossbuild,/trunk/Main/GStreamer/Source/gst-plugins-bad/ext/cog/cogvirtframe.h,clean,c,IssueTrue,372392,806,756,3,1,1,2,2,1,3,10,10,10,10,10,10,10,10,10,9,9,9,9,9,9,10,10,10,6,6,6,10,10,10,10,10,10,10,10,10,10,10,10,8,8,9,2,2,2,2,2,2,1,2,2,6,9,3,3,4,4,5,8,5,5,5
gc,svn,ossbuild,/trunk/Main/GStreamer/Source/gst-plugins-bad/ext/cog/generate_tables.c,clean,c,IssueTrue,372392,806,756,3,3,2,3,3,3,8,10,10,10,10,10,10,10,10,10,9,9,9,9,9,9,10,10,10,6,6,6,10,10,10,10,10,10,10,10,10,10,10,10,8,8,9,10,8,4,3,2,2,8,4,3,6,9,10,10,10,4,5,8,2,2,2
gc,svn,ossbuild,/trunk/Main/GStreamer/Source/gst-plugins-bad/ext/cog/gstcogcolorspace.c,clean,c,IssueTrue,372392,806,756,3,5,2,5,5,2,3,10,10,10,10,10,10,10,10,10,9,9,9,9,9,9,10,10,10,7,7,7,10,10,10,10,10,10,10,10,10,10,10,10,8,8,9,9,9,5,4,4,4,8,8,6,6,9,9,8,8,9,8,10,9,9,9
gc,svn,ossbuild,/trunk/Main/GStreamer/Source/gst-plugins-bad/ext/cog/gstlogoinsert.c,clean,c,IssueTrue,372392,806,756,3,5,2,5,6,2,8,10,10,10,10,10,10,10,10,10,9,9,9,9,10,9,10,10,10,8,9,9,10,10,10,10,10,10,10,10,10,10,10,10,8,8,9,6,5,4,7,6,6,6,7,6,6,9,4,4,5,4,5,8,3,3,4
gc,svn,ossbuild,/trunk/Main/GStreamer/Source/gst-plugins-bad/ext/directfb/dfbvideosink.c,clean,c,IssueTrue,372392,806,756,3,9,7,10,9,2,9,10,10,10,10,10,10,10,10,10,9,9,9,9,9,9,10,10,10,6,6,6,10,10,10,10,10,10,10,10,10,10,10,10,8,8,9,10,9,10,8,8,9,9,10,10,6,9,3,3,4,4,5,8,2,2,2
gc,svn,ossbuild,/trunk/Main/GStreamer/Source/gst-plugins-bad/ext/faac/gstfaac.c,clean,c,IssueTrue,372392,806,756,3,7,5,7,7,3,8,10,10,10,10,10,10,10,10,10,9,9,9,9,9,9,10,10,10,6,6,6,10,10,10,10,10,10,10,10,10,10,10,10,8,8,9,8,7,6,7,6,7,8,8,8,6,9,7,6,7,7,7,9,9,9,9
gc,svn,ossbuild,/trunk/Main/GStreamer/Source/gst-plugins-bad/ext/kate/gstkateenc.c,clean,c,IssueTrue,372392,806,756,3,8,6,8,8,2,10,10,10,10,10,10,10,10,10,10,9,9,9,9,9,9,10,10,10,6,6,6,10,10,10,10,10,10,10,10,10,10,10,10,8,8,9,9,9,9,8,6,8,9,8,9,6,9,5,4,5,4,5,8,7,7,7
gc,svn,ossbuild,/trunk/Main/GStreamer/Source/gst-plugins-bad/ext/kate/gstkatespu.c,clean,c,IssueTrue,372392,806,756,3,7,4,8,6,2,10,10,10,10,10,10,10,10,10,10,9,9,9,9,9,9,10,10,10,6,6,6,10,10,10,10,10,10,10,10,10,10,10,10,8,8,9,10,10,8,9,8,7,6,8,7,6,9,4,4,5,4,5,8,5,5,5
gc,svn,ossbuild,/trunk/Main/GStreamer/Source/gst-plugins-bad/ext/kate/gstkatetiger.c,clean,c,IssueTrue,372392,806,756,3,7,5,7,7,3,9,10,10,10,10,10,10,10,10,10,9,9,9,9,9,9,10,10,10,6,6,6,10,10,10,10,10,10,10,10,10,10,10,10,8,8,9,8,8,6,8,7,7,8,8,8,6,9,3,3,4,4,5,8,5,5,5
gc,svn,ossbuild,/trunk/Main/GStreamer/Source/gst-plugins-bad/ext/ladspa/gstladspa.c,clean,c,IssueTrue,372392,806,756,3,6,4,7,6,3,6,10,10,10,10,10,10,10,10,10,9,9,9,9,9,9,10,10,10,6,6,6,10,10,10,10,10,10,10,10,10,10,10,10,8,8,9,9,8,6,8,7,7,8,8,7,6,9,6,5,6,7,7,9,5,5,5
gc,svn,ossbuild,/trunk/Main/GStreamer/Source/gst-plugins-bad/ext/libmms/gstmms.c,clean,c,IssueTrue,372392,806,756,3,6,4,6,7,3,4,10,10,10,10,10,10,10,10,10,9,9,9,9,9,9,10,10,10,6,6,6,10,10,10,10,10,10,10,10,10,10,10,10,8,8,9,7,5,6,4,4,5,6,6,7,6,9,3,3,4,6,6,8,7,7,7
gc,svn,ossbuild,/trunk/Main/GStreamer/Source/gst-plugins-bad/ext/lv2/gstlv2.c,clean,c,IssueTrue,372392,806,756,3,7,5,8,7,2,9,10,10,10,10,10,10,10,10,10,9,9,9,9,9,9,10,10,10,6,6,6,10,10,10,10,10,10,10,10,10,10,10,10,8,8,9,9,9,7,10,9,8,9,10,8,6,9,6,5,6,6,6,8,8,8,7
gc,svn,ossbuild,/trunk/Main/GStreamer/Source/gst-plugins-bad/ext/mythtv/gstmythtvsrc.c,clean,c,IssueTrue,372392,806,756,3,7,5,7,7,3,8,10,10,10,10,10,10,10,10,10,9,9,9,9,9,9,10,10,10,6,6,6,10,10,10,10,10,10,10,10,10,10,10,10,8,8,9,9,8,7,6,6,6,7,9,8,6,9,3,3,4,6,6,8,8,8,8
gc,svn,ossbuild,/trunk/Main/GStreamer/Source/gst-plugins-bad/ext/resindvd/resindvdbin.c,clean,c,IssueTrue,372392,806,756,3,7,2,7,7,1,4,10,10,10,10,10,10,10,10,10,9,9,9,9,9,9,10,10,10,6,6,6,10,10,10,10,10,10,10,10,10,10,10,10,8,8,9,9,9,7,7,6,7,7,8,8,6,9,3,3,4,10,10,10,2,2,2
gc,svn,ossbuild,/trunk/Main/GStreamer/Source/gst-plugins-bad/ext/resindvd/resindvdsrc.c,clean,c,IssueTrue,372392,806,756,3,10,7,10,9,2,10,10,10,10,10,10,10,10,10,10,9,9,9,9,9,9,10,10,10,6,6,6,10,10,10,10,10,10,10,10,10,10,10,10,8,8,9,10,10,10,10,9,10,9,9,10,6,9,3,3,4,4,5,8,2,2,2
gc,svn,ossbuild,/trunk/Main/GStreamer/Source/gst-plugins-bad/ext/resindvd/rsnstreamselector.c,clean,c,IssueTrue,372392,806,756,3,7,2,7,8,2,6,10,10,10,10,10,10,10,10,10,9,9,9,9,9,9,10,10,10,8,8,8,10,10,10,10,10,10,10,10,10,10,10,10,8,8,9,6,7,6,5,4,6,7,7,8,6,9,7,5,6,8,8,9,8,8,7
gc,svn,ossbuild,/trunk/Main/GStreamer/Source/gst-plugins-bad/ext/soundtouch/gstpitch.cc,clean,c,IssueTrue,372392,806,756,3,7,3,7,7,2,8,10,10,10,10,10,10,10,10,10,9,9,9,10,10,9,10,10,10,8,7,7,10,10,10,10,10,10,10,10,10,10,10,10,8,8,9,9,7,7,8,5,7,9,8,8,6,9,3,3,4,7,7,9,2,2,2
gc,svn,ossbuild,/trunk/Main/GStreamer/Source/gst-plugins-bad/ext/timidity/gstwildmidi.c,clean,c,IssueTrue,372392,806,756,3,7,4,7,7,2,4,10,10,10,10,10,10,10,10,10,9,9,9,9,9,9,10,10,10,6,6,6,10,10,10,10,10,10,10,10,10,10,10,10,8,8,9,8,7,7,7,5,7,8,7,8,6,9,6,5,6,6,6,8,8,8,7
gc,svn,ossbuild,/trunk/Main/GStreamer/Source/gst-plugins-bad/ext/zbar/gstzbar.c,clean,c,IssueTrue,372392,806,756,3,4,5,3,5,6,4,10,10,10,10,10,10,10,10,10,9,9,9,9,9,9,10,10,10,6,6,6,10,10,10,10,10,10,10,10,10,10,10,10,8,8,9,4,5,3,5,4,4,6,7,6,6,9,8,6,7,4,5,8,6,6,5
gc,svn,ossbuild,/trunk/Main/GStreamer/Source/gst-plugins-bad/gst-libs/gst/signalprocessor/gstsignalprocessor.c,clean,c,IssueTrue,372392,806,756,3,8,5,8,8,2,6,10,10,10,10,10,10,10,10,10,9,9,9,9,9,9,10,10,10,8,8,8,10,10,10,10,10,10,10,10,10,10,10,10,8,8,9,8,7,8,8,7,8,8,7,9,6,9,4,4,5,6,6,8,6,6,5
gc,svn,ossbuild,/trunk/Main/GStreamer/Source/gst-plugins-bad/gst-libs/gst/signalprocessor/gstsignalprocessor.h,clean,c,IssueTrue,372392,806,756,3,2,2,2,3,7,3,10,10,10,10,10,10,10,10,10,9,9,9,9,10,9,10,10,10,10,9,10,10,10,10,10,10,10,10,10,10,10,10,10,8,8,9,3,3,2,2,2,2,2,3,2,6,9,3,3,4,6,6,8,3,3,4
gc,svn,ossbuild,/trunk/Main/GStreamer/Source/gst-plugins-bad/gst/asfmux/gstasfmux.c,clean,c,IssueTrue,372392,806,756,3,9,9,9,9,4,8,10,10,10,10,10,10,10,10,10,9,9,9,9,9,9,10,10,10,6,6,6,10,10,10,10,10,10,10,10,10,10,10,10,8,8,9,9,8,9,9,8,9,9,9,10,6,9,3,3,4,4,5,8,2,2,2
gc,svn,ossbuild,/trunk/Main/GStreamer/Source/gst-plugins-bad/gst/autoconvert/gstautoconvert.c,clean,c,IssueTrue,372392,806,756,3,8,6,9,9,2,8,10,10,10,10,10,10,10,10,10,9,9,9,9,9,9,10,10,10,6,6,6,10,10,10,10,10,10,10,10,10,10,10,10,8,8,9,8,7,8,7,7,8,8,8,9,6,9,10,10,10,10,10,10,10,10,10
gc,svn,ossbuild,/trunk/Main/GStreamer/Source/gst-plugins-bad/gst/autoconvert/gstautoconvert.h,clean,c,IssueTrue,372392,806,756,3,1,2,1,2,9,3,10,10,10,10,10,10,10,10,10,9,9,9,9,9,9,10,10,10,9,9,9,10,10,10,10,10,10,10,10,10,10,10,10,8,8,9,2,2,2,2,2,2,1,2,2,6,9,6,5,6,4,5,8,2,2,2
gc,svn,ossbuild,/trunk/Main/GStreamer/Source/gst-plugins-bad/gst/camerabin/camerabingeneral.c,clean,c,IssueTrue,372392,806,756,3,3,5,3,4,7,6,10,10,10,10,10,10,10,10,10,9,9,9,9,9,9,10,10,10,6,6,6,10,10,10,10,10,10,10,10,10,10,10,10,8,8,9,8,5,4,7,4,4,5,5,4,6,9,10,9,9,4,5,8,3,3,4
gc,svn,ossbuild,/trunk/Main/GStreamer/Source/gst-plugins-bad/gst/camerabin/camerabingeneral.h,clean,c,IssueTrue,372392,806,756,3,1,2,1,2,10,3,10,10,10,10,10,10,10,10,10,9,9,9,9,9,9,10,10,10,6,6,6,10,10,10,10,10,10,10,10,10,10,10,10,8,8,9,2,2,2,2,2,2,1,2,2,6,9,5,4,5,4,5,8,2,2,2
gc,svn,ossbuild,/trunk/Main/GStreamer/Source/gst-plugins-bad/gst/camerabin/camerabinpreview.c,clean,c,IssueTrue,372392,806,756,3,3,3,3,4,5,6,10,10,10,10,10,10,10,10,10,9,9,9,9,9,9,10,10,10,6,6,6,10,10,10,10,10,10,10,10,10,10,10,10,8,8,9,9,6,4,5,3,3,8,8,5,6,9,7,6,7,9,8,9,10,10,9
gc,svn,ossbuild,/trunk/Main/GStreamer/Source/gst-plugins-bad/gst/camerabin/camerabinvideo.c,clean,c,IssueTrue,372392,806,756,3,7,6,7,8,4,4,10,10,10,10,10,10,10,10,10,9,9,9,9,9,9,10,10,10,6,6,6,10,10,10,10,10,10,10,10,10,10,10,10,8,8,9,8,9,7,7,7,7,8,9,8,6,9,7,5,6,8,8,9,6,6,5
gc,svn,ossbuild,/trunk/Main/GStreamer/Source/gst-plugins-bad/gst/camerabin/gstcamerabin.c,clean,c,IssueTrue,372392,806,756,3,10,10,10,9,6,8,10,10,10,10,10,10,10,10,10,9,9,9,9,9,9,10,10,10,6,6,6,10,10,10,10,10,10,10,10,10,10,10,10,8,8,9,9,9,10,8,7,9,9,9,10,6,9,3,3,4,4,5,8,2,2,2
gc,svn,ossbuild,/trunk/Main/GStreamer/Source/gst-plugins-bad/gst/camerabin/gstcamerabin.h,clean,c,IssueTrue,372392,806,756,3,2,4,2,2,8,3,10,10,10,10,10,10,10,10,10,9,9,9,9,9,9,10,10,10,10,10,10,10,10,10,10,10,10,10,10,10,10,10,10,8,8,9,2,2,2,2,2,2,1,2,2,6,9,7,5,6,4,5,8,2,2,2
gc,svn,ossbuild,/trunk/Main/GStreamer/Source/gst-plugins-bad/gst/camerabin/gstcamerabinphotography.c,clean,c,IssueTrue,372392,806,756,3,5,2,5,7,2,4,10,10,10,10,10,10,10,10,10,9,9,9,9,9,9,10,10,10,6,6,6,10,10,10,10,10,10,10,10,10,10,10,10,8,8,9,5,4,5,5,5,6,8,7,8,6,9,3,3,4,4,5,8,5,5,5
gc,svn,ossbuild,/trunk/Main/GStreamer/Source/gst-plugins-bad/gst/dtmf/gstdtmfsrc.c,clean,c,IssueTrue,372392,806,756,3,6,6,7,7,4,9,10,10,10,10,10,10,10,10,10,9,9,9,9,9,9,10,10,10,8,8,7,10,10,10,10,10,10,10,10,10,10,10,10,8,8,9,7,8,6,5,5,6,7,7,8,6,9,5,4,5,10,10,10,10,9,9
gc,svn,ossbuild,/trunk/Main/GStreamer/Source/gst-plugins-bad/gst/id3tag/id3tag.c,clean,c,IssueTrue,372392,806,756,3,8,6,8,9,2,8,10,10,10,10,10,10,10,10,10,9,9,9,9,9,9,10,10,10,6,6,6,10,10,10,10,10,10,10,10,10,10,10,10,8,8,9,7,6,8,7,6,9,5,6,9,6,9,4,4,5,4,5,8,6,6,6
gc,svn,ossbuild,/trunk/Main/GStreamer/Source/gst-plugins-bad/gst/mpegdemux/gstmpegtsdemux.c,clean,c,IssueTrue,372392,806,756,3,10,9,10,9,3,10,10,10,10,10,10,10,10,10,10,9,9,9,9,9,9,10,10,10,6,6,6,10,10,10,10,10,10,10,10,10,10,10,10,8,8,9,10,9,10,9,8,9,8,9,10,6,9,3,3,4,4,5,8,2,2,2
gc,svn,ossbuild,/trunk/Main/GStreamer/Source/gst-plugins-bad/gst/mpegdemux/mpegtspacketizer.c,clean,c,IssueTrue,372392,806,756,3,10,6,10,8,2,10,10,10,10,10,10,10,10,10,10,9,9,9,9,9,9,10,10,10,6,6,6,10,10,10,10,10,10,10,10,10,10,10,10,8,8,9,10,10,10,9,8,8,9,8,9,6,9,3,3,4,4,5,8,2,2,2
gc,svn,ossbuild,/trunk/Main/GStreamer/Source/gst-plugins-bad/gst/mpegvideoparse/mpegvideoparse.c,clean,c,IssueTrue,372392,806,756,3,7,7,7,7,5,8,10,10,10,10,10,10,10,10,10,9,9,9,9,9,9,10,10,10,6,6,6,10,10,10,10,10,10,10,10,10,10,10,10,8,8,9,8,7,7,7,6,7,7,6,8,6,9,7,6,7,4,5,8,2,2,2
gc,svn,ossbuild,/trunk/Main/GStreamer/Source/gst-plugins-bad/gst/qtmux/atoms.c,clean,c,IssueTrue,372392,806,756,3,10,6,10,10,1,8,10,10,10,10,10,10,10,10,10,9,9,9,9,9,9,10,10,10,6,6,6,10,10,10,10,10,10,10,10,10,10,10,10,8,8,9,5,7,10,8,9,10,4,6,10,6,9,3,3,4,4,5,8,2,2,2
gc,svn,ossbuild,/trunk/Main/GStreamer/Source/gst-plugins-bad/gst/qtmux/gstqtmux.c,clean,c,IssueTrue,372392,806,756,3,9,8,9,8,3,9,10,10,10,10,10,10,10,10,10,9,9,9,9,9,9,10,10,10,8,8,7,10,10,10,10,10,10,10,10,10,10,10,10,8,8,9,10,9,9,8,7,9,10,9,10,6,9,3,3,4,4,5,8,2,2,2
gc,svn,ossbuild,/trunk/Main/GStreamer/Source/gst-plugins-bad/gst/qtmux/gstqtmux.h,clean,c,IssueTrue,372392,806,756,3,2,4,2,2,8,3,10,10,10,10,10,10,10,10,10,9,9,9,10,10,10,10,10,10,9,10,10,10,10,10,10,10,10,10,10,10,10,10,10,8,8,9,2,2,2,2,2,2,1,2,2,6,9,5,4,6,4,5,8,2,2,2
gc,svn,ossbuild,/trunk/Main/GStreamer/Source/gst-plugins-bad/gst/qtmux/gstqtmuxmap.c,clean,c,IssueTrue,372392,806,756,3,3,4,3,3,6,6,10,10,10,10,10,10,10,10,10,9,9,9,9,9,9,10,10,10,6,6,6,10,10,10,10,10,10,10,10,10,10,10,10,8,8,9,10,7,4,9,5,4,5,5,3,6,9,7,6,7,4,5,8,3,3,4
gc,svn,ossbuild,/trunk/Main/GStreamer/Source/gst-plugins-bad/gst/rtpmux/gstrtpmux.c,clean,c,IssueTrue,372392,806,756,3,6,2,6,7,2,6,10,10,10,10,10,10,10,10,10,9,9,9,9,9,9,10,10,10,6,6,6,10,10,10,10,10,10,10,10,10,10,10,10,8,8,9,8,5,6,6,4,6,8,6,8,6,9,6,5,6,4,5,8,7,7,7
gc,svn,ossbuild,/trunk/Main/GStreamer/Source/gst-plugins-bad/gst/scaletempo/gstscaletempo.c,clean,c,IssueTrue,372392,806,756,3,6,5,7,6,3,8,10,10,10,10,10,10,10,10,10,9,9,9,9,9,9,10,10,10,10,10,10,10,10,10,10,10,10,10,10,10,10,10,10,8,8,9,9,8,6,9,8,7,7,7,7,6,9,3,3,4,4,5,8,3,3,4
gc,svn,ossbuild,/trunk/Main/GStreamer/Source/gst-plugins-bad/gst/selector/gstinputselector.c,clean,c,IssueTrue,372392,806,756,3,8,6,8,8,3,9,10,10,10,10,10,10,10,10,10,9,9,9,9,9,9,10,10,10,8,9,8,10,10,10,10,10,10,10,10,10,10,10,10,8,8,9,8,7,8,6,7,8,8,8,9,6,9,9,8,9,9,8,10,10,9,9
gc,svn,ossbuild,/trunk/Main/GStreamer/Source/gst-plugins-bad/sys/dshowdecwrapper/gstdshowaudiodec.cpp,buggy,c,IssueTrue,372392,806,756,3,8,5,8,7,2,9,10,10,10,10,10,10,10,10,10,9,9,9,9,9,9,10,10,10,6,6,6,10,10,10,10,10,10,10,10,10,10,10,10,8,8,9,9,7,7,8,6,7,10,9,9,6,9,3,3,4,4,5,8,3,3,4
gc,svn,ossbuild,/trunk/Main/GStreamer/Source/gst-plugins-bad/sys/dshowdecwrapper/gstdshowvideodec.cpp,clean,c,IssueTrue,372392,806,756,3,8,5,6,5,2,6,10,10,10,10,10,10,10,10,10,9,9,9,9,9,9,10,10,10,6,6,6,10,10,10,10,10,10,10,10,10,10,10,10,8,8,9,9,9,6,8,9,5,10,10,7,6,9,3,3,4,4,5,8,3,3,4
gc,svn,ossbuild,/trunk/Main/GStreamer/Source/gst-plugins-bad/sys/dshowsrcwrapper/gstdshowaudiosrc.cpp,clean,c,IssueTrue,372392,806,756,3,7,2,7,7,1,10,10,10,10,10,10,10,10,10,10,9,9,9,9,9,9,10,10,10,6,6,6,10,10,10,10,10,10,10,10,10,10,10,10,8,8,9,9,7,7,6,5,6,7,7,8,6,9,3,3,4,4,5,8,7,7,7
gc,svn,ossbuild,/trunk/Main/GStreamer/Source/gst-plugins-bad/sys/dshowsrcwrapper/gstdshowsrcwrapper.cpp,clean,c,IssueTrue,372392,806,756,3,1,2,1,3,8,3,10,10,10,10,10,10,10,10,10,9,9,9,9,9,9,10,10,10,6,6,6,10,10,10,10,10,10,10,10,10,10,10,10,8,8,9,5,4,2,3,2,2,2,3,2,8,9,3,3,4,4,5,8,5,5,5
gc,svn,ossbuild,/trunk/Main/GStreamer/Source/gst-plugins-bad/sys/dshowsrcwrapper/gstdshowvideosrc.cpp,clean,c,IssueTrue,372392,806,756,3,8,3,8,7,1,10,10,10,10,10,10,10,10,10,10,9,9,9,9,9,9,10,10,10,6,6,6,10,10,10,10,10,10,10,10,10,10,10,10,8,8,9,9,8,8,6,6,7,9,8,9,6,9,6,5,6,4,5,8,8,8,8
gc,svn,ossbuild,/trunk/Main/GStreamer/Source/gst-plugins-bad/sys/dshowvideosink/dshowvideosink.cpp,buggy,c,IssueTrue,372392,806,756,3,9,6,9,9,2,4,10,10,10,10,10,10,10,10,10,9,9,9,9,9,9,10,10,10,8,8,9,10,10,10,10,10,10,10,10,10,10,10,10,8,8,9,8,7,9,5,6,8,6,9,9,6,9,3,3,4,4,5,8,3,3,4
gc,svn,ossbuild,/trunk/Main/GStreamer/Source/gst-plugins-bad/sys/dvb/gstdvbsrc.c,clean,c,IssueTrue,372392,806,756,3,8,5,8,8,2,9,10,10,10,10,10,10,10,10,10,9,9,9,10,10,9,10,10,10,7,7,7,10,10,10,10,10,10,10,10,10,10,10,10,8,8,9,9,9,8,6,7,7,7,9,9,6,9,8,7,7,4,5,8,2,2,2
gc,svn,ossbuild,/trunk/Main/GStreamer/Source/gst-plugins-bad/tests/check/elements/camerabin.c,clean,c,IssueTrue,372392,806,756,3,4,3,5,6,3,4,10,10,10,10,10,10,10,10,10,9,9,9,9,9,9,10,10,10,6,6,6,10,10,10,10,10,10,10,10,10,10,10,10,8,8,9,5,5,4,4,4,4,7,7,7,6,9,8,6,7,4,5,8,9,9,9
gc,svn,ossbuild,/trunk/Main/GStreamer/Source/gst-plugins-bad/tests/examples/camerabin/gst-camera.c,clean,c,IssueTrue,372392,806,756,3,8,5,8,9,2,8,10,10,10,10,10,10,10,10,10,9,9,9,9,9,9,10,10,10,6,6,6,10,10,10,10,10,10,10,10,10,10,10,10,8,8,9,8,7,8,6,6,8,5,8,9,6,9,6,5,6,4,5,8,9,9,9
gc,svn,ossbuild,/trunk/Main/GStreamer/Source/gst-plugins-bad/win32/common/config.h,buggy,c,IssueTrue,372392,806,756,3,1,5,1,2,1,3,10,10,10,10,10,10,10,10,10,9,9,9,9,9,9,10,10,10,6,6,6,10,10,10,10,10,10,10,10,10,10,10,10,8,8,9,2,2,2,2,2,2,1,2,2,6,9,8,7,8,4,5,8,5,5,5
gc,svn,ossbuild,/trunk/Main/GStreamer/Source/gst-plugins-base/ext/alsa/gstalsasrc.c,clean,c,IssueTrue,372392,806,756,3,7,4,7,7,2,6,10,10,10,10,10,10,10,10,10,9,9,9,9,9,9,10,10,10,6,6,6,10,10,10,10,10,10,10,10,10,10,10,10,8,8,9,8,8,7,6,6,6,7,6,7,6,7,3,3,4,8,7,9,2,2,2
gc,svn,ossbuild,/trunk/Main/GStreamer/Source/gst-plugins-base/ext/ogg/gstoggdemux.c,clean,c,IssueTrue,372392,806,756,3,10,9,10,10,3,10,10,10,10,10,10,10,10,10,10,9,9,9,9,9,9,10,10,10,6,6,6,10,10,10,10,10,10,10,10,10,10,10,10,8,8,9,9,9,10,9,8,10,8,9,10,6,7,3,3,4,4,5,8,2,2,2
gc,svn,ossbuild,/trunk/Main/GStreamer/Source/gst-plugins-base/ext/ogg/gstoggdemux.h,clean,c,IssueTrue,372392,806,756,3,2,4,3,2,7,3,10,10,10,10,10,10,10,10,10,9,9,9,9,10,10,10,10,10,10,10,10,10,10,10,10,10,10,10,10,10,10,10,10,8,8,9,2,2,2,2,2,2,1,2,2,6,7,6,5,6,4,5,8,2,2,2
gc,svn,ossbuild,/trunk/Main/GStreamer/Source/gst-plugins-base/ext/ogg/gstoggmux.c,clean,c,IssueTrue,372392,806,756,3,8,8,9,8,4,9,10,10,10,10,10,10,10,10,10,9,9,9,9,9,9,10,10,10,6,6,6,10,10,10,10,10,10,10,10,10,10,10,10,8,8,9,9,9,8,8,9,8,9,9,9,6,7,6,5,6,8,8,9,7,7,7
gc,svn,ossbuild,/trunk/Main/GStreamer/Source/gst-plugins-base/ext/ogg/gstogmparse.c,clean,c,IssueTrue,372392,806,756,3,7,3,7,7,1,6,10,10,10,10,10,10,10,10,10,9,9,9,9,10,10,10,10,10,8,9,9,10,10,10,10,10,10,10,10,10,10,10,10,8,8,9,8,8,7,7,8,7,8,10,8,6,7,3,3,4,4,5,8,6,6,5
gc,svn,ossbuild,/trunk/Main/GStreamer/Source/gst-plugins-base/gst-libs/gst/app/gstappsink.c,clean,c,IssueTrue,372392,806,756,3,7,9,7,8,6,8,10,10,10,10,10,10,10,10,10,9,9,9,9,9,9,10,10,10,10,10,9,10,10,10,10,10,10,10,10,10,10,10,10,8,8,9,6,7,7,7,7,8,6,8,9,6,7,9,7,8,4,5,8,5,5,5
gc,svn,ossbuild,/trunk/Main/GStreamer/Source/gst-plugins-base/gst-libs/gst/audio/gstaudioclock.c,clean,c,IssueTrue,372392,806,756,3,3,4,2,5,7,4,10,10,10,10,10,10,10,10,10,9,9,9,9,9,9,10,10,10,6,6,6,10,10,10,10,10,10,10,10,10,10,10,10,8,8,9,4,4,3,6,4,4,4,4,4,6,7,7,6,7,8,7,9,5,5,5
gc,svn,ossbuild,/trunk/Main/GStreamer/Source/gst-plugins-base/gst-libs/gst/audio/gstaudiosink.c,clean,c,IssueTrue,372392,806,756,3,5,5,5,7,4,8,10,10,10,10,10,10,10,10,10,9,9,9,9,9,9,10,10,10,7,8,8,10,10,10,10,10,10,10,10,10,10,10,10,8,8,9,6,6,5,4,4,5,6,7,7,6,7,3,3,4,9,9,10,2,2,2
gc,svn,ossbuild,/trunk/Main/GStreamer/Source/gst-plugins-base/gst-libs/gst/audio/gstaudiosrc.c,clean,c,IssueTrue,372392,806,756,3,5,5,5,6,4,8,10,10,10,10,10,10,10,10,10,9,9,9,9,9,9,10,10,10,7,8,8,10,10,10,10,10,10,10,10,10,10,10,10,8,8,9,5,6,4,4,4,5,6,7,7,6,7,3,3,4,10,9,10,2,2,2
gc,svn,ossbuild,/trunk/Main/GStreamer/Source/gst-plugins-base/gst-libs/gst/audio/gstbaseaudiosink.c,clean,c,IssueTrue,372392,806,756,3,9,8,9,8,4,6,10,10,10,10,10,10,10,10,10,9,9,9,9,9,9,10,10,10,9,8,8,10,10,10,10,10,10,10,10,10,10,10,10,8,8,9,9,9,8,7,7,8,8,9,9,6,7,10,9,9,4,5,8,8,8,7
gc,svn,ossbuild,/trunk/Main/GStreamer/Source/gst-plugins-base/gst-libs/gst/audio/gstbaseaudiosrc.c,clean,c,IssueTrue,372392,806,756,3,7,7,7,7,4,6,10,10,10,10,10,10,10,10,10,9,9,9,9,9,9,10,10,10,7,7,7,10,10,10,10,10,10,10,10,10,10,10,10,8,8,9,8,8,7,6,7,7,7,8,8,6,7,8,7,7,10,9,10,10,9,9
gc,svn,ossbuild,/trunk/Main/GStreamer/Source/gst-plugins-base/gst-libs/gst/audio/gstringbuffer.c,clean,c,IssueTrue,372392,806,756,3,9,9,9,8,6,9,10,10,10,10,10,10,10,10,10,9,9,9,9,9,9,10,10,10,6,6,6,10,10,10,10,10,10,10,10,10,10,10,10,8,8,9,9,9,9,9,7,9,7,7,9,6,7,10,9,10,7,7,9,9,9,9
gc,svn,ossbuild,/trunk/Main/GStreamer/Source/gst-plugins-base/gst-libs/gst/cdda/gstcddabasesrc.c,clean,c,IssueTrue,372392,806,756,3,8,6,9,8,2,8,10,10,10,10,10,10,10,10,10,9,9,9,9,9,9,10,10,10,6,6,6,10,10,10,10,10,10,10,10,10,10,10,10,8,8,9,9,8,9,8,6,8,7,8,9,6,7,10,10,10,8,8,9,9,9,9
gc,svn,ossbuild,/trunk/Main/GStreamer/Source/gst-plugins-base/gst-libs/gst/interfaces/mixer.h,clean,c,IssueTrue,372392,806,756,3,3,4,2,2,7,3,10,10,10,10,10,10,10,10,10,9,9,9,9,9,9,10,10,10,10,10,9,10,10,10,10,10,10,10,10,10,10,10,10,8,8,9,2,2,2,2,2,2,1,2,2,6,7,3,3,4,4,5,8,6,6,6
gc,svn,ossbuild,/trunk/Main/GStreamer/Source/gst-plugins-base/gst-libs/gst/interfaces/navigation.c,clean,c,IssueTrue,372392,806,756,3,5,8,5,8,8,4,10,10,10,10,10,10,10,10,10,9,9,9,9,9,9,10,10,10,6,6,6,10,10,10,10,10,10,10,10,10,10,10,10,8,8,9,7,6,6,6,6,7,4,4,7,6,7,9,7,8,8,7,9,9,9,9
gc,svn,ossbuild,/trunk/Main/GStreamer/Source/gst-plugins-base/gst-libs/gst/riff/riff-ids.h,clean,c,IssueTrue,372392,806,756,3,2,5,2,3,9,3,10,10,10,10,10,10,10,10,10,9,9,9,9,9,9,10,10,10,9,9,10,10,10,10,10,10,10,10,10,10,10,10,10,8,8,9,3,3,2,2,2,2,2,3,2,6,7,4,4,5,4,5,8,2,2,2
gc,svn,ossbuild,/trunk/Main/GStreamer/Source/gst-plugins-base/gst-libs/gst/riff/riff-media.c,clean,c,IssueTrue,372392,806,756,3,9,6,9,5,2,9,10,10,10,10,10,10,10,10,10,9,9,9,9,9,9,10,10,10,6,6,6,10,10,10,10,10,10,10,10,10,10,10,10,8,8,9,10,10,10,8,7,5,7,7,6,6,7,3,3,4,4,5,8,2,2,2
gc,svn,ossbuild,/trunk/Main/GStreamer/Source/gst-plugins-base/gst-libs/gst/riff/riff-read.c,clean,c,IssueTrue,372392,806,756,3,6,7,6,5,5,6,10,10,10,10,10,10,10,10,10,9,9,9,9,9,9,10,10,10,6,6,6,10,10,10,10,10,10,10,10,10,10,10,10,8,8,9,10,9,6,10,7,6,9,5,6,6,7,3,3,4,4,5,8,6,6,5
gc,svn,ossbuild,/trunk/Main/GStreamer/Source/gst-plugins-base/gst-libs/gst/rtp/gstbasertppayload.c,clean,c,IssueTrue,372392,806,756,3,7,6,7,7,4,6,10,10,10,10,10,10,10,10,10,9,9,9,9,9,9,10,10,10,8,8,8,10,10,10,10,10,10,10,10,10,10,10,10,8,8,9,8,7,6,10,8,8,9,8,8,6,7,10,9,9,6,6,8,9,9,9
gc,svn,ossbuild,/trunk/Main/GStreamer/Source/gst-plugins-base/gst-libs/gst/rtp/gstbasertppayload.h,clean,c,IssueTrue,372392,806,756,3,2,3,2,2,8,3,10,10,10,10,10,10,10,10,10,9,9,9,9,10,9,10,10,10,10,10,10,10,10,10,10,10,10,10,10,10,10,10,10,8,8,9,2,2,2,2,2,2,1,2,2,6,7,5,4,5,4,5,8,6,6,6
gc,svn,ossbuild,/trunk/Main/GStreamer/Source/gst-plugins-base/gst-libs/gst/rtsp/gstrtspconnection.c,clean,c,IssueTrue,372392,806,756,3,10,10,10,9,5,10,10,10,10,10,10,10,10,10,10,9,9,9,10,10,10,10,10,10,10,10,10,10,10,10,10,10,10,10,10,10,10,10,10,8,8,9,9,9,10,9,9,10,7,9,10,6,7,3,3,4,4,5,8,2,2,2
gc,svn,ossbuild,/trunk/Main/GStreamer/Source/gst-plugins-base/gst-libs/gst/rtsp/gstrtspconnection.h,clean,c,IssueTrue,372392,806,756,3,2,5,2,2,8,3,10,10,10,10,10,10,10,10,10,9,9,9,9,9,9,10,10,10,6,6,6,10,10,10,10,10,10,10,10,10,10,10,10,8,8,9,2,2,2,2,2,2,1,2,2,6,7,9,8,8,4,5,8,3,3,4
gc,svn,ossbuild,/trunk/Main/GStreamer/Source/gst-plugins-base/gst-libs/gst/rtsp/gstrtspdefs.c,clean,c,IssueTrue,372392,806,756,3,5,6,4,5,6,4,10,10,10,10,10,10,10,10,10,9,9,9,9,9,9,10,10,10,7,7,7,10,10,10,10,10,10,10,10,10,10,10,10,8,8,9,8,7,5,6,5,5,3,4,4,6,7,10,9,9,4,5,8,10,10,10
gc,svn,ossbuild,/trunk/Main/GStreamer/Source/gst-plugins-base/gst-libs/gst/rtsp/gstrtspdefs.h,clean,c,IssueTrue,372392,806,756,3,4,8,1,3,9,3,10,10,10,10,10,10,10,10,10,9,9,9,9,9,9,10,10,10,6,6,6,10,10,10,10,10,10,10,10,10,10,10,10,8,8,9,3,3,2,2,2,2,2,3,2,6,7,9,7,8,4,5,8,6,6,5
gc,svn,ossbuild,/trunk/Main/GStreamer/Source/gst-plugins-base/gst-libs/gst/rtsp/gstrtspmessage.c,clean,c,IssueTrue,372392,806,756,3,5,8,6,8,8,8,10,10,10,10,10,10,10,10,10,9,9,9,9,9,9,10,10,10,7,7,7,10,10,10,10,10,10,10,10,10,10,10,10,8,8,9,6,6,6,9,9,8,5,6,7,6,7,10,9,9,8,7,9,9,9,9
gc,svn,ossbuild,/trunk/Main/GStreamer/Source/gst-plugins-base/gst-libs/gst/tag/gstvorbistag.c,clean,c,IssueTrue,372392,806,756,3,6,6,6,5,4,8,10,10,10,10,10,10,10,10,10,9,9,9,9,9,9,10,10,10,6,6,6,10,10,10,10,10,10,10,10,10,10,10,10,8,8,9,10,9,6,8,6,5,9,7,7,6,7,6,5,6,4,5,8,8,8,7
gc,svn,ossbuild,/trunk/Main/GStreamer/Source/gst-plugins-base/gst/adder/gstadder.c,clean,c,IssueTrue,372392,806,756,3,8,7,8,8,4,8,10,10,10,10,10,10,10,10,10,9,9,9,9,9,9,10,10,10,6,6,6,10,10,10,10,10,10,10,10,10,10,10,10,8,8,9,9,8,8,6,6,7,8,9,9,6,7,7,6,7,7,7,9,7,7,7
gc,svn,ossbuild,/trunk/Main/GStreamer/Source/gst-plugins-base/gst/audioresample/gstaudioresample.c,clean,c,IssueTrue,372392,806,756,3,8,5,8,8,2,8,10,10,10,10,10,10,10,10,10,9,9,9,9,9,9,10,10,10,6,6,6,10,10,10,10,10,10,10,10,10,10,10,10,8,8,9,9,9,8,8,7,8,8,8,9,6,7,10,10,10,10,10,10,10,10,10
gc,svn,ossbuild,/trunk/Main/GStreamer/Source/gst-plugins-base/gst/ffmpegcolorspace/avcodec.h,clean,c,IssueTrue,372392,806,756,3,2,6,2,2,9,3,10,10,10,10,10,10,10,10,10,9,9,9,9,10,9,10,10,10,9,9,10,10,10,10,10,10,10,10,10,10,10,10,10,8,8,9,2,2,2,2,2,2,1,2,2,6,7,4,4,5,4,5,8,2,2,2
gc,svn,ossbuild,/trunk/Main/GStreamer/Source/gst-plugins-base/gst/ffmpegcolorspace/gstffmpegcodecmap.c,clean,c,IssueTrue,372392,806,756,3,7,5,8,5,2,10,10,10,10,10,10,10,10,10,10,9,9,9,9,9,9,10,10,10,6,6,6,10,10,10,10,10,10,10,10,10,10,10,10,8,8,9,10,10,8,8,6,6,6,6,6,6,7,5,4,6,4,5,8,3,3,4
gc,svn,ossbuild,/trunk/Main/GStreamer/Source/gst-plugins-base/gst/ffmpegcolorspace/imgconvert.c,clean,c,IssueTrue,372392,806,756,3,10,9,10,9,4,8,10,10,10,10,10,10,10,10,10,9,9,9,9,9,9,10,10,10,8,7,7,10,10,10,10,10,10,10,10,10,10,10,10,8,8,9,9,10,10,8,7,9,2,5,6,6,7,3,3,4,4,5,8,2,2,2
gc,svn,ossbuild,/trunk/Main/GStreamer/Source/gst-plugins-base/gst/ffmpegcolorspace/imgconvert_template.h,clean,c,IssueTrue,372392,806,756,3,8,4,10,7,1,6,10,10,10,10,10,10,10,10,10,9,9,9,9,9,9,10,10,10,6,6,6,10,10,10,10,10,10,10,10,10,10,10,10,8,8,9,9,5,7,8,4,7,1,3,3,6,7,10,10,10,10,10,10,10,10,10
gc,svn,ossbuild,/trunk/Main/GStreamer/Source/gst-plugins-base/gst/gdp/gstgdppay.c,clean,c,IssueTrue,372392,806,756,3,7,5,7,7,2,6,10,10,10,10,10,10,10,10,10,9,9,9,9,9,9,10,10,10,6,6,6,10,10,10,10,10,10,10,10,10,10,10,10,8,8,9,9,8,6,7,6,6,9,9,8,6,7,9,7,8,4,5,8,2,2,2
gc,svn,ossbuild,/trunk/Main/GStreamer/Source/gst-plugins-base/gst/playback/gstdecodebin.c,clean,c,IssueTrue,372392,806,756,3,9,8,9,9,4,10,10,10,10,10,10,10,10,10,10,9,9,9,9,9,9,10,10,10,9,9,9,10,10,10,10,10,10,10,10,10,10,10,10,8,8,9,9,7,9,7,6,8,8,9,9,6,7,3,3,4,4,5,8,2,2,2
gc,svn,ossbuild,/trunk/Main/GStreamer/Source/gst-plugins-base/gst/playback/gstdecodebin2.c,clean,c,IssueTrue,372392,806,756,3,9,9,10,9,4,8,10,10,10,10,10,10,10,10,10,9,9,9,10,10,10,10,10,10,10,10,10,10,10,10,10,10,10,10,10,10,10,10,10,8,8,9,8,8,9,7,7,9,8,9,10,6,7,3,3,4,4,5,8,2,2,2
gc,svn,ossbuild,/trunk/Main/GStreamer/Source/gst-plugins-base/gst/playback/gstinputselector.c,clean,c,IssueTrue,372392,806,756,3,8,6,8,8,3,9,10,10,10,10,10,10,10,10,10,9,9,9,9,9,9,10,10,10,8,9,8,10,10,10,10,10,10,10,10,10,10,10,10,8,8,9,8,7,8,6,7,8,8,8,9,6,7,5,4,6,8,7,9,9,8,8
gc,svn,ossbuild,/trunk/Main/GStreamer/Source/gst-plugins-base/gst/playback/gstplaybin2.c,clean,c,IssueTrue,372392,806,756,3,9,10,10,9,5,6,10,10,10,10,10,10,10,10,10,9,9,9,10,10,10,10,10,10,10,10,10,10,10,10,10,10,10,10,10,10,10,10,10,8,8,9,9,9,9,9,8,9,8,9,10,6,7,3,3,4,4,5,8,2,2,2
gc,svn,ossbuild,/trunk/Main/GStreamer/Source/gst-plugins-base/gst/playback/gstplaysink.c,clean,c,IssueTrue,372392,806,756,3,10,9,10,9,3,9,10,10,10,10,10,10,10,10,10,9,9,9,10,10,10,10,10,10,10,10,10,10,10,10,10,10,10,10,10,10,10,10,10,8,8,9,10,10,10,9,9,9,9,9,10,6,7,3,3,4,4,5,8,2,2,2
gc,svn,ossbuild,/trunk/Main/GStreamer/Source/gst-plugins-base/gst/playback/gstplaysink.h,clean,c,IssueTrue,372392,806,756,3,1,2,1,3,8,3,10,10,10,10,10,10,10,10,10,9,9,9,9,9,9,10,10,10,6,6,6,10,10,10,10,10,10,10,10,10,10,10,10,8,8,9,3,3,2,2,2,2,2,3,2,6,7,5,4,5,4,5,8,3,3,4
gc,svn,ossbuild,/trunk/Main/GStreamer/Source/gst-plugins-base/gst/playback/gststreamselector.c,clean,c,IssueTrue,372392,806,756,3,7,3,6,7,2,6,10,10,10,10,10,10,10,10,10,9,9,9,9,9,9,10,10,10,8,8,8,10,10,10,10,10,10,10,10,10,10,10,10,8,8,9,6,6,6,5,5,6,7,7,8,6,7,7,5,6,10,10,10,9,8,8
gc,svn,ossbuild,/trunk/Main/GStreamer/Source/gst-plugins-base/gst/playback/gsturidecodebin.c,clean,c,IssueTrue,372392,806,756,3,9,8,9,9,4,8,10,10,10,10,10,10,10,10,10,9,9,9,9,9,9,10,10,10,10,10,10,10,10,10,10,10,10,10,10,10,10,10,10,8,8,9,8,7,9,6,6,9,7,7,9,6,7,7,6,7,4,5,8,8,8,7
gc,svn,ossbuild,/trunk/Main/GStreamer/Source/gst-plugins-base/gst/subparse/gstsubparse.c,clean,c,IssueTrue,372392,806,756,3,9,6,9,8,2,9,10,10,10,10,10,10,10,10,10,9,9,9,9,9,9,10,10,10,6,6,6,10,10,10,10,10,10,10,10,10,10,10,10,8,8,9,9,8,9,7,6,8,8,8,9,6,7,10,9,9,6,6,8,7,7,7
gc,svn,ossbuild,/trunk/Main/GStreamer/Source/gst-plugins-base/gst/typefind/gsttypefindfunctions.c,buggy,c,IssueTrue,372392,806,756,3,10,9,10,10,3,10,10,10,10,10,10,10,10,10,10,9,9,9,9,9,9,10,10,10,7,7,7,10,10,10,10,10,10,10,10,10,10,10,10,8,8,9,8,9,10,3,6,9,4,4,10,6,7,3,3,4,4,5,8,2,2,2
gc,svn,ossbuild,/trunk/Main/GStreamer/Source/gst-plugins-base/gst/videorate/gstvideorate.c,clean,c,IssueTrue,372392,806,756,3,7,6,7,6,4,8,10,10,10,10,10,10,10,10,10,9,9,9,9,9,9,10,10,10,6,6,6,10,10,10,10,10,10,10,10,10,10,10,10,8,8,9,9,8,6,8,7,6,9,7,8,6,7,9,8,9,4,5,8,5,5,5
gc,svn,ossbuild,/trunk/Main/GStreamer/Source/gst-plugins-base/gst/videorate/gstvideorate.h,clean,c,IssueTrue,372392,806,756,3,1,2,1,2,9,3,10,10,10,10,10,10,10,10,10,9,9,9,9,9,9,10,10,10,10,10,9,10,10,10,10,10,10,10,10,10,10,10,10,8,8,9,2,2,2,2,2,2,1,2,2,6,7,4,4,5,4,5,8,2,2,2
gc,svn,ossbuild,/trunk/Main/GStreamer/Source/gst-plugins-base/gst/videoscale/gstvideoscale.c,clean,c,IssueTrue,372392,806,756,3,8,4,8,7,2,6,10,10,10,10,10,10,10,10,10,9,9,9,9,9,9,10,10,10,6,6,6,10,10,10,10,10,10,10,10,10,10,10,10,8,8,9,10,10,9,7,6,7,7,9,8,6,7,10,10,10,10,10,10,10,10,10
gc,svn,ossbuild,/trunk/Main/GStreamer/Source/gst-plugins-base/gst/videotestsrc/videotestsrc.c,clean,c,IssueTrue,372392,806,756,3,9,5,9,10,1,9,10,10,10,10,10,10,10,10,10,9,9,9,9,9,9,10,10,10,6,6,6,10,10,10,10,10,10,10,10,10,10,10,10,8,8,9,6,8,9,10,8,10,5,6,9,6,7,7,6,7,4,5,8,9,9,9
gc,svn,ossbuild,/trunk/Main/GStreamer/Source/gst-plugins-base/gst/volume/gstvolume.c,clean,c,IssueTrue,372392,806,756,3,6,5,6,8,3,6,10,10,10,10,10,10,10,10,10,9,9,9,9,9,9,10,10,10,6,6,6,10,10,10,10,10,10,10,10,10,10,10,10,8,8,9,6,7,6,5,5,6,5,6,7,6,7,3,3,4,6,6,8,5,5,5
gc,svn,ossbuild,/trunk/Main/GStreamer/Source/gst-plugins-base/sys/v4l/gstv4lsrc.c,clean,c,IssueTrue,372392,806,756,3,6,3,7,6,2,6,10,10,10,10,10,10,10,10,10,9,9,9,9,9,9,10,10,10,6,6,6,10,10,10,10,10,10,10,10,10,10,10,10,8,8,9,10,9,7,6,6,5,8,8,7,6,7,3,3,4,4,5,8,3,3,4
gc,svn,ossbuild,/trunk/Main/GStreamer/Source/gst-plugins-base/sys/ximage/ximagesink.c,clean,c,IssueTrue,372392,806,756,3,9,8,9,9,3,8,10,10,10,10,10,10,10,10,10,9,9,9,9,9,9,10,10,10,6,6,6,10,10,10,10,10,10,10,10,10,10,10,10,8,8,9,9,9,9,10,9,9,9,9,10,6,7,3,3,4,4,5,8,2,2,2
gc,svn,ossbuild,/trunk/Main/GStreamer/Source/gst-plugins-base/sys/xvimage/xvimagesink.c,clean,c,IssueTrue,372392,806,756,3,10,9,10,9,3,9,10,10,10,10,10,10,10,10,10,9,9,9,9,9,9,10,10,10,6,6,6,10,10,10,10,10,10,10,10,10,10,10,10,8,8,9,10,10,10,10,9,10,9,10,10,6,7,3,3,4,4,5,8,2,2,2
gc,svn,ossbuild,/trunk/Main/GStreamer/Source/gst-plugins-base/tests/examples/seek/seek.c,clean,c,IssueTrue,372392,806,756,3,10,6,10,10,1,8,10,10,10,10,10,10,10,10,10,9,9,9,9,9,9,10,10,10,6,6,6,10,10,10,10,10,10,10,10,10,10,10,10,8,8,9,7,7,9,7,9,10,7,10,10,6,7,3,3,4,4,5,8,2,2,2
gc,svn,ossbuild,/trunk/Main/GStreamer/Source/gst-plugins-base/win32/common/config.h,buggy,c,IssueTrue,372392,806,756,3,1,6,1,2,1,3,10,10,10,10,10,10,10,10,10,9,9,9,9,9,9,10,10,10,6,6,6,10,10,10,10,10,10,10,10,10,10,10,10,8,8,9,2,2,2,2,2,2,1,2,2,8,7,5,5,6,7,8,9,6,6,7
gc,svn,ossbuild,/trunk/Main/GStreamer/Source/gst-plugins-good/ext/cairo/gstcairorender.c,buggy,c,IssueTrue,372392,806,756,3,4,3,4,5,4,8,10,10,10,10,10,10,10,10,10,9,9,9,9,9,9,10,10,10,6,6,6,10,10,10,10,10,10,10,10,10,10,10,10,8,8,9,7,6,4,6,4,4,8,7,6,10,10,7,7,8,9,9,10,9,9,10
gc,svn,ossbuild,/trunk/Main/GStreamer/Source/gst-plugins-good/ext/dv/gstdvdemux.c,clean,c,IssueTrue,372392,806,756,3,9,8,9,8,3,8,10,10,10,10,10,10,10,10,10,9,9,9,9,9,9,10,10,10,6,6,6,10,10,10,10,10,10,10,10,10,10,10,10,8,8,9,9,9,9,9,7,9,8,9,9,6,9,10,9,9,7,7,9,9,9,9
gc,svn,ossbuild,/trunk/Main/GStreamer/Source/gst-plugins-good/ext/flac/gstflacdec.c,clean,c,IssueTrue,372392,806,756,3,9,6,9,8,2,6,10,10,10,10,10,10,10,10,10,9,9,9,9,9,9,10,10,10,6,6,6,10,10,10,10,10,10,10,10,10,10,10,10,8,8,9,9,9,9,8,8,8,9,9,9,6,9,3,3,4,4,5,8,2,2,2
gc,svn,ossbuild,/trunk/Main/GStreamer/Source/gst-plugins-good/ext/flac/gstflacenc.c,clean,c,IssueTrue,372392,806,756,3,8,4,8,7,2,6,10,10,10,10,10,10,10,10,10,9,9,9,9,9,9,10,10,10,6,6,6,10,10,10,10,10,10,10,10,10,10,10,10,8,8,9,9,7,8,8,7,7,10,8,9,6,9,3,3,4,4,5,8,7,7,7
gc,svn,ossbuild,/trunk/Main/GStreamer/Source/gst-plugins-good/ext/jpeg/gstjpegdec.c,buggy,c,IssueTrue,372392,806,756,3,8,6,8,8,3,9,10,10,10,10,10,10,10,10,10,9,9,9,9,9,9,10,10,10,6,6,6,10,10,10,10,10,10,10,10,10,10,10,10,8,8,9,8,9,8,7,9,8,7,10,9,6,9,10,10,10,10,9,10,10,10,10
gc,svn,ossbuild,/trunk/Main/GStreamer/Source/gst-plugins-good/ext/jpeg/gstjpegenc.h,clean,c,IssueTrue,372392,806,756,3,1,2,1,2,8,3,10,10,10,10,10,10,10,10,10,9,9,9,10,10,10,10,10,10,9,10,9,10,10,10,10,10,10,10,10,10,10,10,10,8,8,9,2,2,2,2,2,2,1,2,2,6,9,4,4,5,4,5,8,2,2,2
gc,svn,ossbuild,/trunk/Main/GStreamer/Source/gst-plugins-good/ext/libpng/gstpngdec.c,buggy,c,IssueTrue,372392,806,756,3,7,4,7,7,2,4,10,10,10,10,10,10,10,10,10,9,9,9,9,9,9,10,10,10,6,6,6,10,10,10,10,10,10,10,10,10,10,10,10,8,8,9,8,6,6,7,6,7,9,8,8,8,9,7,6,7,5,6,8,7,8,8
gc,svn,ossbuild,/trunk/Main/GStreamer/Source/gst-plugins-good/ext/pulse/pulsemixer.c,clean,c,IssueTrue,372392,806,756,3,4,2,3,5,3,4,10,10,10,10,10,10,10,10,10,9,9,9,9,9,9,10,10,10,6,6,6,10,10,10,10,10,10,10,10,10,10,10,10,8,8,9,7,5,4,5,5,4,4,4,5,6,9,7,6,7,8,7,9,3,3,4
gc,svn,ossbuild,/trunk/Main/GStreamer/Source/gst-plugins-good/ext/pulse/pulsesink.c,clean,c,IssueTrue,372392,806,756,3,9,6,9,9,2,10,10,10,10,10,10,10,10,10,10,9,9,9,9,9,9,10,10,10,8,9,8,10,10,10,10,10,10,10,10,10,10,10,10,8,8,9,8,9,8,7,8,8,8,9,9,6,9,3,3,4,4,5,8,2,2,2
gc,svn,ossbuild,/trunk/Main/GStreamer/Source/gst-plugins-good/ext/pulse/pulsesrc.c,clean,c,IssueTrue,372392,806,756,3,8,4,8,8,2,8,10,10,10,10,10,10,10,10,10,9,9,9,9,9,9,10,10,10,6,6,6,10,10,10,10,10,10,10,10,10,10,10,10,8,8,9,8,7,8,7,6,8,8,8,9,6,9,7,6,7,4,5,8,10,9,9
gc,svn,ossbuild,/trunk/Main/GStreamer/Source/gst-plugins-good/ext/raw1394/gstdv1394src.c,clean,c,IssueTrue,372392,806,756,3,7,5,7,7,3,9,10,10,10,10,10,10,10,10,10,9,9,9,9,9,9,10,10,10,6,6,6,10,10,10,10,10,10,10,10,10,10,10,10,8,8,9,9,7,7,6,6,6,8,7,8,6,9,9,8,8,4,5,8,2,2,2
gc,svn,ossbuild,/trunk/Main/GStreamer/Source/gst-plugins-good/ext/raw1394/gsthdv1394src.c,clean,c,IssueTrue,372392,806,756,3,7,5,7,7,3,9,10,10,10,10,10,10,10,10,10,9,9,9,9,9,9,10,10,10,6,6,6,10,10,10,10,10,10,10,10,10,10,10,10,8,8,9,8,7,6,6,5,6,8,8,8,6,9,3,3,4,4,5,8,3,3,4
gc,svn,ossbuild,/trunk/Main/GStreamer/Source/gst-plugins-good/ext/soup/gstsouphttpsrc.c,clean,c,IssueTrue,372392,806,756,3,8,6,9,9,2,6,10,10,10,10,10,10,10,10,10,9,9,9,9,9,9,10,10,10,6,6,6,10,10,10,10,10,10,10,10,10,10,10,10,8,8,9,9,9,9,8,8,9,7,9,9,8,9,10,10,10,10,10,10,8,9,9
gc,svn,ossbuild,/trunk/Main/GStreamer/Source/gst-plugins-good/gst/apetag/gstapedemux.c,clean,c,IssueTrue,372392,806,756,3,5,4,4,5,4,9,10,10,10,10,10,10,10,10,10,9,9,9,9,9,9,10,10,10,7,7,7,10,10,10,10,10,10,10,10,10,10,10,10,8,8,9,9,9,5,5,4,4,8,8,6,6,9,4,4,5,6,6,8,2,2,2
gc,svn,ossbuild,/trunk/Main/GStreamer/Source/gst-plugins-good/gst/avi/gstavidemux.c,clean,c,IssueTrue,372392,806,756,3,10,9,10,9,3,10,10,10,10,10,10,10,10,10,10,9,9,9,9,9,9,10,10,10,6,6,6,10,10,10,10,10,10,10,10,10,10,10,10,8,8,9,10,10,10,10,9,10,9,10,10,6,9,3,3,4,4,5,8,2,2,2
gc,svn,ossbuild,/trunk/Main/GStreamer/Source/gst-plugins-good/gst/avi/gstavimux.c,clean,c,IssueTrue,372392,806,756,3,9,8,9,8,3,8,10,10,10,10,10,10,10,10,10,9,9,9,9,9,9,10,10,10,7,7,7,10,10,10,10,10,10,10,10,10,10,10,10,8,8,9,10,9,9,10,10,9,10,10,9,6,9,3,3,4,4,5,8,2,2,2
gc,svn,ossbuild,/trunk/Main/GStreamer/Source/gst-plugins-good/gst/deinterlace/gstdeinterlace.c,clean,c,IssueTrue,372392,806,756,3,9,7,9,9,2,9,10,10,10,10,10,10,10,10,10,9,9,9,9,9,9,10,10,10,6,6,6,10,10,10,10,10,10,10,10,10,10,10,10,8,8,9,9,9,9,7,7,8,7,8,9,6,9,3,3,4,7,7,9,2,2,2
gc,svn,ossbuild,/trunk/Main/GStreamer/Source/gst-plugins-good/gst/effectv/gstaging.c,clean,c,IssueTrue,372392,806,756,3,5,2,5,6,2,6,10,10,10,10,10,10,10,10,10,9,9,9,9,9,9,10,10,10,6,6,6,10,10,10,10,10,10,10,10,10,10,10,10,8,8,9,8,6,5,7,6,5,5,6,5,8,10,7,7,8,9,9,10,5,7,7
gc,svn,ossbuild,/trunk/Main/GStreamer/Source/gst-plugins-good/gst/effectv/gstedge.c,clean,c,IssueTrue,372392,806,756,3,3,3,4,4,4,6,10,10,10,10,10,10,10,10,10,9,9,9,9,9,9,10,10,10,6,6,6,10,10,10,10,10,10,10,10,10,10,10,10,8,8,9,6,6,3,5,4,4,4,4,4,8,10,7,7,8,9,9,10,5,7,7
gc,svn,ossbuild,/trunk/Main/GStreamer/Source/gst-plugins-good/gst/effectv/gstop.c,clean,c,IssueTrue,372392,806,756,3,4,3,5,6,3,6,10,10,10,10,10,10,10,10,10,9,9,9,9,9,9,10,10,10,6,6,6,10,10,10,10,10,10,10,10,10,10,10,10,8,8,9,8,6,5,5,6,5,5,5,5,8,10,7,7,8,9,9,10,5,7,7
gc,svn,ossbuild,/trunk/Main/GStreamer/Source/gst-plugins-good/gst/effectv/gstradioac.c,clean,c,IssueTrue,372392,806,756,3,6,3,6,6,2,8,10,10,10,10,10,10,10,10,10,9,9,9,9,9,9,10,10,10,6,6,6,10,10,10,10,10,10,10,10,10,10,10,10,8,8,9,9,8,6,8,7,6,5,6,6,8,10,7,7,8,9,9,10,4,6,5
gc,svn,ossbuild,/trunk/Main/GStreamer/Source/gst-plugins-good/gst/effectv/gstrev.c,clean,c,IssueTrue,372392,806,756,3,3,4,3,4,6,6,10,10,10,10,10,10,10,10,10,9,9,9,9,9,9,10,10,10,6,6,6,10,10,10,10,10,10,10,10,10,10,10,10,8,8,9,6,4,3,5,4,4,4,4,4,8,10,7,7,8,9,9,10,5,7,7
gc,svn,ossbuild,/trunk/Main/GStreamer/Source/gst-plugins-good/gst/effectv/gstshagadelic.c,clean,c,IssueTrue,372392,806,756,3,3,3,3,4,4,4,10,10,10,10,10,10,10,10,10,9,9,9,9,9,9,10,10,10,6,6,6,10,10,10,10,10,10,10,10,10,10,10,10,8,8,9,7,5,4,7,7,4,7,5,5,8,10,7,6,8,9,9,10,5,6,7
gc,svn,ossbuild,/trunk/Main/GStreamer/Source/gst-plugins-good/gst/effectv/gstvertigo.c,clean,c,IssueTrue,372392,806,756,3,4,2,4,5,3,6,10,10,10,10,10,10,10,10,10,9,9,9,9,9,9,10,10,10,6,6,6,10,10,10,10,10,10,10,10,10,10,10,10,8,8,9,7,6,4,6,5,5,5,4,5,8,10,7,6,8,9,9,10,6,7,7
gc,svn,ossbuild,/trunk/Main/GStreamer/Source/gst-plugins-good/gst/equalizer/gstiirequalizer.c,clean,c,IssueTrue,372392,806,756,3,7,5,7,8,3,6,10,10,10,10,10,10,10,10,10,9,9,9,9,9,9,10,10,10,8,9,9,10,10,10,10,10,10,10,10,10,10,10,10,8,8,9,7,6,7,8,6,8,6,7,8,6,9,10,10,10,10,10,10,10,10,10
gc,svn,ossbuild,/trunk/Main/GStreamer/Source/gst-plugins-good/gst/flv/gstflvdemux.c,clean,c,IssueTrue,372392,806,756,3,8,6,8,8,2,8,10,10,10,10,10,10,10,10,10,9,9,9,9,9,9,10,10,10,6,6,6,10,10,10,10,10,10,10,10,10,10,10,10,8,8,9,9,8,8,8,7,8,9,9,9,6,9,9,7,8,6,6,8,7,7,7
gc,svn,ossbuild,/trunk/Main/GStreamer/Source/gst-plugins-good/gst/flv/gstflvmux.c,clean,c,IssueTrue,372392,806,756,3,8,4,8,7,2,9,10,10,10,10,10,10,10,10,10,9,9,9,9,9,9,10,10,10,6,6,6,10,10,10,10,10,10,10,10,10,10,10,10,8,8,9,10,10,8,8,7,7,9,8,8,6,9,6,5,6,10,9,10,9,8,8
gc,svn,ossbuild,/trunk/Main/GStreamer/Source/gst-plugins-good/gst/flv/gstflvparse.c,clean,c,IssueTrue,372392,806,756,3,8,5,8,6,2,8,10,10,10,10,10,10,10,10,10,9,9,9,9,9,9,10,10,10,6,6,6,10,10,10,10,10,10,10,10,10,10,10,10,8,8,9,10,10,9,10,9,7,10,10,9,6,9,10,9,9,4,5,8,8,8,8
gc,svn,ossbuild,/trunk/Main/GStreamer/Source/gst-plugins-good/gst/id3demux/id3tags.c,clean,c,IssueTrue,372392,806,756,3,5,3,5,5,2,8,10,10,10,10,10,10,10,10,10,9,9,9,9,9,9,10,10,10,7,7,7,10,10,10,10,10,10,10,10,10,10,10,10,8,8,9,10,9,6,8,6,5,9,8,6,6,9,4,4,5,4,5,8,6,6,6
gc,svn,ossbuild,/trunk/Main/GStreamer/Source/gst-plugins-good/gst/id3demux/id3v2frames.c,clean,c,IssueTrue,372392,806,756,3,8,5,8,7,2,9,10,10,10,10,10,10,10,10,10,9,9,9,9,9,9,10,10,10,6,6,6,10,10,10,10,10,10,10,10,10,10,10,10,8,8,9,10,9,9,8,6,7,7,8,8,6,9,4,4,5,4,5,8,3,3,4
gc,svn,ossbuild,/trunk/Main/GStreamer/Source/gst-plugins-good/gst/matroska/matroska-demux.c,clean,c,IssueTrue,372392,806,756,3,10,8,10,10,2,10,10,10,10,10,10,10,10,10,10,9,9,9,9,9,9,10,10,10,6,6,6,10,10,10,10,10,10,10,10,10,10,10,10,8,8,9,10,10,10,9,9,10,10,10,10,6,9,3,3,4,4,5,8,2,2,2
gc,svn,ossbuild,/trunk/Main/GStreamer/Source/gst-plugins-good/gst/matroska/matroska-demux.h,clean,c,IssueTrue,372392,806,756,3,1,2,2,3,7,3,10,10,10,10,10,10,10,10,10,9,9,9,9,9,9,10,10,10,10,10,10,10,10,10,10,10,10,10,10,10,10,10,10,8,8,9,3,3,2,2,2,2,2,3,2,6,9,4,4,5,4,5,8,2,2,2
gc,svn,ossbuild,/trunk/Main/GStreamer/Source/gst-plugins-good/gst/matroska/matroska-mux.c,clean,c,IssueTrue,372392,806,756,3,10,9,10,8,3,8,10,10,10,10,10,10,10,10,10,9,9,9,9,9,9,10,10,10,6,6,6,10,10,10,10,10,10,10,10,10,10,10,10,8,8,9,10,10,10,9,8,9,10,9,10,6,9,3,3,4,4,5,8,2,2,2
gc,svn,ossbuild,/trunk/Main/GStreamer/Source/gst-plugins-good/gst/qtdemux/qtdemux.c,clean,c,IssueTrue,372392,806,756,3,10,10,10,10,3,10,10,10,10,10,10,10,10,10,10,9,9,9,9,10,10,10,10,10,10,10,10,10,10,10,10,10,10,10,10,10,10,10,10,8,8,9,10,10,10,9,9,10,9,10,10,6,9,3,3,4,4,5,8,2,2,2
gc,svn,ossbuild,/trunk/Main/GStreamer/Source/gst-plugins-good/gst/qtdemux/qtdemux_dump.c,clean,c,IssueTrue,372392,806,756,3,5,2,6,7,1,4,10,10,10,10,10,10,10,10,10,9,9,9,9,9,9,10,10,10,6,6,6,10,10,10,10,10,10,10,10,10,10,10,10,8,8,9,8,5,6,4,3,5,5,5,7,6,9,10,10,10,10,10,10,10,10,10
gc,svn,ossbuild,/trunk/Main/GStreamer/Source/gst-plugins-good/gst/qtdemux/qtdemux_fourcc.h,clean,c,IssueTrue,372392,806,756,3,1,2,1,2,10,3,10,10,10,10,10,10,10,10,10,9,9,9,9,9,9,10,10,10,6,6,6,10,10,10,10,10,10,10,10,10,10,10,10,8,8,9,2,2,2,2,2,2,1,2,2,6,9,7,6,7,4,5,8,2,2,2
gc,svn,ossbuild,/trunk/Main/GStreamer/Source/gst-plugins-good/gst/rtp/gstrtpceltdepay.c,clean,c,IssueTrue,372392,806,756,3,4,2,4,4,3,4,10,10,10,10,10,10,10,10,10,9,9,9,9,9,9,10,10,10,6,6,6,10,10,10,10,10,10,10,10,10,10,10,10,8,8,9,7,5,3,4,3,3,7,7,5,6,9,10,9,9,8,7,9,8,8,7
gc,svn,ossbuild,/trunk/Main/GStreamer/Source/gst-plugins-good/gst/rtp/gstrtpceltdepay.h,clean,c,IssueTrue,372392,806,756,3,1,1,1,2,8,3,10,10,10,10,10,10,10,10,10,9,9,9,9,9,9,10,10,10,7,7,7,10,10,10,10,10,10,10,10,10,10,10,10,8,8,9,2,2,2,2,2,2,1,2,2,6,9,4,4,5,4,5,8,2,2,2
gc,svn,ossbuild,/trunk/Main/GStreamer/Source/gst-plugins-good/gst/rtp/gstrtpceltpay.c,clean,c,IssueTrue,372392,806,756,3,5,2,5,6,2,6,10,10,10,10,10,10,10,10,10,9,9,9,9,9,9,10,10,10,6,6,6,10,10,10,10,10,10,10,10,10,10,10,10,8,8,9,7,5,5,5,4,5,6,6,6,6,9,8,7,7,4,5,8,6,6,5
gc,svn,ossbuild,/trunk/Main/GStreamer/Source/gst-plugins-good/gst/rtp/gstrtpjpegdepay.c,clean,c,IssueTrue,372392,806,756,3,6,6,6,6,5,8,10,10,10,10,10,10,10,10,10,9,9,9,9,9,9,10,10,10,6,6,6,10,10,10,10,10,10,10,10,10,10,10,10,8,8,9,8,8,5,7,7,5,6,8,6,6,9,5,4,6,4,5,8,2,2,2
gc,svn,ossbuild,/trunk/Main/GStreamer/Source/gst-plugins-good/gst/rtp/gstrtpmp4gdepay.c,clean,c,IssueTrue,372392,806,756,3,6,6,6,6,4,9,10,10,10,10,10,10,10,10,10,9,9,9,9,9,9,10,10,10,6,6,6,10,10,10,10,10,10,10,10,10,10,10,10,8,8,9,9,9,6,6,7,5,8,8,7,6,9,10,8,9,4,5,8,2,2,2
gc,svn,ossbuild,/trunk/Main/GStreamer/Source/gst-plugins-good/gst/rtp/gstrtpvrawpay.c,clean,c,IssueTrue,372392,806,756,3,6,4,6,4,3,8,10,10,10,10,10,10,10,10,10,9,9,9,9,9,9,10,10,10,6,6,6,10,10,10,10,10,10,10,10,10,10,10,10,8,8,9,10,9,5,5,6,4,7,8,5,6,9,4,4,5,4,5,8,3,3,4
gc,svn,ossbuild,/trunk/Main/GStreamer/Source/gst-plugins-good/gst/rtpmanager/gstrtpbin.c,clean,c,IssueTrue,372392,806,756,3,9,9,9,9,4,9,10,10,10,10,10,10,10,10,10,9,9,9,9,10,10,10,10,10,10,10,10,10,10,10,10,10,10,10,10,10,10,10,10,8,8,9,8,7,9,9,7,9,8,7,10,6,9,3,3,4,4,5,8,2,2,2
gc,svn,ossbuild,/trunk/Main/GStreamer/Source/gst-plugins-good/gst/rtpmanager/gstrtpbin.h,clean,c,IssueTrue,372392,806,756,3,1,2,2,2,8,3,10,10,10,10,10,10,10,10,10,9,9,9,10,10,10,10,10,10,10,10,10,10,10,10,10,10,10,10,10,10,10,10,10,8,8,9,2,2,2,2,2,2,1,2,2,6,9,5,4,6,4,5,8,2,2,2
gc,svn,ossbuild,/trunk/Main/GStreamer/Source/gst-plugins-good/gst/rtpmanager/gstrtpjitterbuffer.c,clean,c,IssueTrue,372392,806,756,3,9,8,9,8,4,8,10,10,10,10,10,10,10,10,10,9,9,9,10,10,9,10,10,10,10,10,10,10,10,10,10,10,10,10,10,10,10,10,10,8,8,9,9,9,8,8,8,8,9,9,9,6,9,10,9,9,10,9,10,10,10,10
gc,svn,ossbuild,/trunk/Main/GStreamer/Source/gst-plugins-good/gst/rtpmanager/gstrtpptdemux.c,clean,c,IssueTrue,372392,806,756,3,5,6,5,6,5,6,10,10,10,10,10,10,10,10,10,9,9,9,9,9,9,10,10,10,8,7,7,10,10,10,10,10,10,10,10,10,10,10,10,8,8,9,7,6,4,5,4,5,8,9,6,6,9,10,9,9,4,5,8,6,6,5
gc,svn,ossbuild,/trunk/Main/GStreamer/Source/gst-plugins-good/gst/rtpmanager/gstrtpsession.c,clean,c,IssueTrue,372392,806,756,3,9,8,9,9,4,4,10,10,10,10,10,10,10,10,10,9,9,9,10,10,9,10,10,10,9,9,8,10,10,10,10,10,10,10,10,10,10,10,10,8,8,9,7,7,8,7,5,9,7,7,9,6,9,3,3,4,4,5,8,2,2,2
gc,svn,ossbuild,/trunk/Main/GStreamer/Source/gst-plugins-good/gst/rtpmanager/gstrtpssrcdemux.c,clean,c,IssueTrue,372392,806,756,3,6,5,6,6,3,4,10,10,10,10,10,10,10,10,10,9,9,9,9,9,9,10,10,10,8,8,7,10,10,10,10,10,10,10,10,10,10,10,10,8,8,9,7,5,5,7,5,6,8,8,7,6,9,6,5,6,4,5,8,9,9,9
gc,svn,ossbuild,/trunk/Main/GStreamer/Source/gst-plugins-good/gst/rtpmanager/rtpjitterbuffer.c,clean,c,IssueTrue,372392,806,756,3,5,7,5,6,7,8,10,10,10,10,10,10,10,10,10,9,9,9,9,9,9,10,10,10,6,6,6,10,10,10,10,10,10,10,10,10,10,10,10,8,8,9,8,9,5,7,7,6,6,7,6,6,9,10,9,9,9,9,10,8,8,8
gc,svn,ossbuild,/trunk/Main/GStreamer/Source/gst-plugins-good/gst/rtpmanager/rtpjitterbuffer.h,clean,c,IssueTrue,372392,806,756,3,1,2,2,2,8,3,10,10,10,10,10,10,10,10,10,9,9,9,9,9,9,10,10,10,9,10,9,10,10,10,10,10,10,10,10,10,10,10,10,8,8,9,2,2,2,2,2,2,1,2,2,6,9,4,4,5,6,6,8,6,6,6
gc,svn,ossbuild,/trunk/Main/GStreamer/Source/gst-plugins-good/gst/rtpmanager/rtpsession.c,clean,c,IssueTrue,372392,806,756,3,9,9,9,9,5,8,10,10,10,10,10,10,10,10,10,9,9,9,9,9,9,10,10,10,6,6,6,10,10,10,10,10,10,10,10,10,10,10,10,8,8,9,7,7,9,9,8,10,8,9,10,6,9,3,3,4,4,5,8,2,2,2
gc,svn,ossbuild,/trunk/Main/GStreamer/Source/gst-plugins-good/gst/rtpmanager/rtpsource.c,clean,c,IssueTrue,372392,806,756,3,8,9,8,9,6,8,10,10,10,10,10,10,10,10,10,9,9,9,9,9,9,10,10,10,6,6,6,10,10,10,10,10,10,10,10,10,10,10,10,8,8,9,8,7,8,9,7,9,7,9,9,6,9,7,6,7,8,7,9,8,8,7
gc,svn,ossbuild,/trunk/Main/GStreamer/Source/gst-plugins-good/gst/rtpmanager/rtpstats.c,clean,c,IssueTrue,372392,806,756,3,2,5,2,4,9,4,10,10,10,10,10,10,10,10,10,9,9,9,9,9,9,10,10,10,6,6,6,10,10,10,10,10,10,10,10,10,10,10,10,8,8,9,6,5,3,7,5,4,3,4,3,6,9,3,3,4,4,5,8,3,3,4
gc,svn,ossbuild,/trunk/Main/GStreamer/Source/gst-plugins-good/gst/rtsp/gstrtpdec.c,clean,c,IssueTrue,372392,806,756,3,6,6,6,7,4,4,10,10,10,10,10,10,10,10,10,9,9,9,9,9,9,10,10,10,10,9,9,10,10,10,10,10,10,10,10,10,10,10,10,8,8,9,6,5,5,5,4,6,6,8,7,6,9,4,4,5,4,5,8,2,2,2
gc,svn,ossbuild,/trunk/Main/GStreamer/Source/gst-plugins-good/gst/rtsp/gstrtspsrc.c,clean,c,IssueTrue,372392,806,756,3,10,10,10,10,3,8,10,10,10,10,10,10,10,10,10,9,9,9,9,9,9,10,10,10,6,6,6,10,10,10,10,10,10,10,10,10,10,10,10,8,8,9,10,9,10,9,8,10,8,9,10,6,9,3,3,4,4,5,8,2,2,2
gc,svn,ossbuild,/trunk/Main/GStreamer/Source/gst-plugins-good/gst/udp/gstmultiudpsink.c,buggy,c,IssueTrue,372392,806,756,3,7,6,7,7,3,9,10,10,10,10,10,10,10,10,10,9,9,9,9,9,9,10,10,10,6,6,6,10,10,10,10,10,10,10,10,10,10,10,10,8,8,9,9,8,8,9,7,7,8,7,8,8,10,10,9,9,6,6,8,7,7,7
gc,svn,ossbuild,/trunk/Main/GStreamer/Source/gst-plugins-good/gst/udp/gstmultiudpsink.h,buggy,c,IssueTrue,372392,806,756,3,1,2,2,2,7,3,10,10,10,10,10,10,10,10,10,9,9,9,9,10,9,10,10,10,10,9,9,10,10,10,10,10,10,10,10,10,10,10,10,8,8,9,2,2,2,2,2,2,1,2,2,6,10,3,3,4,6,6,8,2,2,2
gc,svn,ossbuild,/trunk/Main/GStreamer/Source/gst-plugins-good/gst/udp/gstudpnetutils.c,buggy,c,IssueTrue,372392,806,756,3,4,2,4,5,2,4,10,10,10,10,10,10,10,10,10,9,9,9,9,9,9,10,10,10,6,6,6,10,10,10,10,10,10,10,10,10,10,10,10,8,8,9,9,6,5,9,5,5,5,4,4,8,10,10,9,9,8,8,9,8,8,8
gc,svn,ossbuild,/trunk/Main/GStreamer/Source/gst-plugins-good/gst/udp/gstudpnetutils.h,buggy,c,IssueTrue,372392,806,756,3,1,2,1,2,10,3,10,10,10,10,10,10,10,10,10,9,9,9,9,9,9,10,10,10,6,6,6,10,10,10,10,10,10,10,10,10,10,10,10,8,8,9,2,2,2,2,2,2,1,2,2,8,10,4,4,5,4,5,8,3,3,4
gc,svn,ossbuild,/trunk/Main/GStreamer/Source/gst-plugins-good/gst/wavparse/gstwavparse.c,clean,c,IssueTrue,372392,806,756,3,9,8,9,8,3,10,10,10,10,10,10,10,10,10,10,9,9,9,9,9,9,10,10,10,6,6,6,10,10,10,10,10,10,10,10,10,10,10,10,8,8,9,10,10,10,9,9,9,9,10,9,6,9,3,3,4,4,5,8,2,2,2
gc,svn,ossbuild,/trunk/Main/GStreamer/Source/gst-plugins-good/sys/v4l2/gstv4l2.c,clean,c,IssueTrue,372392,806,756,3,1,2,1,3,9,3,10,10,10,10,10,10,10,10,10,9,9,9,9,9,9,10,10,10,6,6,6,10,10,10,10,10,10,10,10,10,10,10,10,8,8,9,5,4,2,3,2,2,4,3,3,6,9,5,4,5,4,5,8,2,2,2
gc,svn,ossbuild,/trunk/Main/GStreamer/Source/gst-plugins-good/sys/v4l2/gstv4l2bufferpool.c,clean,c,IssueTrue,372392,806,756,3,5,5,5,6,4,6,10,10,10,10,10,10,10,10,10,9,9,9,9,9,9,10,10,10,6,6,6,10,10,10,10,10,10,10,10,10,10,10,10,8,8,9,7,6,5,9,7,7,8,8,7,6,9,9,8,8,9,8,9,8,8,8
gc,svn,ossbuild,/trunk/Main/GStreamer/Source/gst-plugins-good/sys/v4l2/gstv4l2object.c,clean,c,IssueTrue,372392,806,756,3,8,6,8,8,2,10,10,10,10,10,10,10,10,10,10,9,9,9,9,9,9,10,10,10,6,6,6,10,10,10,10,10,10,10,10,10,10,10,10,8,8,9,10,10,9,8,6,8,6,7,8,6,9,10,9,10,8,7,9,10,10,10
gc,svn,ossbuild,/trunk/Main/GStreamer/Source/gst-plugins-good/sys/v4l2/gstv4l2object.h,clean,c,IssueTrue,372392,806,756,3,2,3,2,2,7,3,10,10,10,10,10,10,10,10,10,9,9,9,10,10,10,10,10,10,10,10,10,10,10,10,10,10,10,10,10,10,10,10,10,8,8,9,2,2,2,2,2,2,1,2,2,6,9,4,4,5,4,5,8,2,2,2
gc,svn,ossbuild,/trunk/Main/GStreamer/Source/gst-plugins-good/sys/v4l2/gstv4l2sink.c,clean,c,IssueTrue,372392,806,756,3,6,5,6,7,3,6,10,10,10,10,10,10,10,10,10,9,9,9,9,9,9,10,10,10,6,6,6,10,10,10,10,10,10,10,10,10,10,10,10,8,8,9,8,6,6,6,6,6,7,7,8,6,9,3,3,4,4,5,8,6,6,6
gc,svn,ossbuild,/trunk/Main/GStreamer/Source/gst-plugins-good/sys/v4l2/gstv4l2src.c,clean,c,IssueTrue,372392,806,756,3,7,5,7,8,3,10,10,10,10,10,10,10,10,10,10,9,9,9,9,9,9,10,10,10,6,6,6,10,10,10,10,10,10,10,10,10,10,10,10,8,8,9,8,8,7,5,4,6,7,7,8,6,9,9,7,8,8,8,9,6,6,6
gc,svn,ossbuild,/trunk/Main/GStreamer/Source/gst-plugins-good/sys/v4l2/gstv4l2src.h,clean,c,IssueTrue,372392,806,756,3,1,2,1,2,9,3,10,10,10,10,10,10,10,10,10,9,9,9,9,10,9,10,10,10,9,9,9,10,10,10,10,10,10,10,10,10,10,10,10,8,8,9,2,2,2,2,2,2,1,2,2,6,9,5,4,5,4,5,8,3,3,4
gc,svn,ossbuild,/trunk/Main/GStreamer/Source/gst-plugins-good/sys/v4l2/v4l2_calls.c,clean,c,IssueTrue,372392,806,756,3,6,6,6,6,4,8,10,10,10,10,10,10,10,10,10,9,9,9,9,9,9,10,10,10,6,6,6,10,10,10,10,10,10,10,10,10,10,10,10,8,8,9,10,10,7,9,9,7,9,9,7,6,9,8,6,7,8,7,9,6,6,5
gc,svn,ossbuild,/trunk/Main/GStreamer/Source/gst-plugins-good/sys/v4l2/v4l2src_calls.c,clean,c,IssueTrue,372392,806,756,3,4,5,4,4,5,9,10,10,10,10,10,10,10,10,10,9,9,9,9,9,9,10,10,10,6,6,6,10,10,10,10,10,10,10,10,10,10,10,10,8,8,9,10,8,5,9,7,5,9,6,6,6,9,7,6,7,4,5,8,2,2,2
gc,svn,ossbuild,/trunk/Main/GStreamer/Source/gst-plugins-good/tests/check/elements/y4menc.c,clean,c,IssueTrue,372392,806,756,3,2,2,3,4,4,4,10,10,10,10,10,10,10,10,10,9,9,9,9,9,9,10,10,10,6,6,6,10,10,10,10,10,10,10,10,10,10,10,10,8,8,9,4,4,2,5,3,3,8,7,5,6,9,3,3,4,6,6,8,3,3,4
gc,svn,ossbuild,/trunk/Main/GStreamer/Source/gst-plugins-good/win32/common/config.h,buggy,c,IssueTrue,372392,806,756,3,1,6,1,2,1,3,10,10,10,10,10,10,10,10,10,9,9,9,9,9,9,10,10,10,6,6,6,10,10,10,10,10,10,10,10,10,10,10,10,8,8,9,2,2,2,2,2,2,1,2,2,8,9,8,8,8,4,5,8,5,6,7
gc,svn,ossbuild,/trunk/Main/GStreamer/Source/gst-plugins-ugly/ext/x264/gstx264enc.c,buggy,c,IssueTrue,372392,806,756,3,8,6,8,7,3,4,10,10,10,10,10,10,10,10,10,9,9,9,9,9,9,10,10,10,6,6,6,10,10,10,10,10,10,10,10,10,10,10,10,8,8,9,9,9,8,9,9,8,9,10,9,6,10,7,5,6,4,5,8,2,2,2
gc,svn,ossbuild,/trunk/Main/GStreamer/Source/gstreamer/gst/gst.c,clean,c,IssueTrue,372392,806,756,3,8,9,8,8,6,8,10,10,10,10,10,10,10,10,10,9,9,9,9,9,9,10,10,10,6,6,6,10,10,10,10,10,10,10,10,10,10,10,10,8,8,9,9,9,8,6,6,7,9,10,9,6,7,3,3,4,4,5,8,5,5,5
gc,svn,ossbuild,/trunk/Main/GStreamer/Source/gstreamer/gst/gstbin.c,clean,c,IssueTrue,372392,806,756,3,10,10,10,10,5,10,10,10,10,10,10,10,10,10,10,9,9,9,9,10,9,10,10,10,9,9,9,10,10,10,10,10,10,10,10,10,10,10,10,8,8,9,9,10,10,10,10,10,7,9,10,6,7,3,3,4,4,5,8,2,2,2
gc,svn,ossbuild,/trunk/Main/GStreamer/Source/gstreamer/gst/gstbuffer.c,clean,c,IssueTrue,372392,806,756,3,4,8,5,7,9,6,10,10,10,10,10,10,10,10,10,9,9,9,9,10,9,10,10,10,7,7,7,10,10,10,10,10,10,10,10,10,10,10,10,8,8,9,6,5,5,10,10,10,5,6,7,6,7,7,6,7,4,5,8,2,2,2
gc,svn,ossbuild,/trunk/Main/GStreamer/Source/gstreamer/gst/gstbufferlist.c,clean,c,IssueTrue,372392,806,756,3,5,8,5,7,8,10,10,10,10,10,10,10,10,10,10,9,9,9,9,9,9,10,10,10,7,7,8,10,10,10,10,10,10,10,10,10,10,10,10,8,8,9,8,6,6,10,8,9,5,4,7,6,7,3,3,4,6,6,8,6,6,5
gc,svn,ossbuild,/trunk/Main/GStreamer/Source/gstreamer/gst/gstcaps.c,clean,c,IssueTrue,372392,806,756,3,8,10,9,9,7,9,10,10,10,10,10,10,10,10,10,9,9,9,9,9,9,10,10,10,7,7,7,10,10,10,10,10,10,10,10,10,10,10,10,8,8,9,8,7,9,10,10,10,5,6,9,6,7,10,10,10,8,7,9,6,6,6
gc,svn,ossbuild,/trunk/Main/GStreamer/Source/gstreamer/gst/gstdebugutils.c,clean,c,IssueTrue,372392,806,756,3,6,5,7,5,3,10,10,10,10,10,10,10,10,10,10,9,9,9,9,9,9,10,10,10,6,6,6,10,10,10,10,10,10,10,10,10,10,10,10,8,8,9,10,9,8,8,5,6,9,7,7,6,7,3,3,4,6,6,8,3,3,4
gc,svn,ossbuild,/trunk/Main/GStreamer/Source/gstreamer/gst/gstelement.c,clean,c,IssueTrue,372392,806,756,3,9,10,10,10,7,10,10,10,10,10,10,10,10,10,10,9,9,9,9,9,9,10,10,10,6,6,6,10,10,10,10,10,10,10,10,10,10,10,10,8,8,9,8,9,10,10,10,10,7,8,10,6,7,3,3,4,4,5,8,2,2,2
gc,svn,ossbuild,/trunk/Main/GStreamer/Source/gstreamer/gst/gstelement.h,clean,c,IssueTrue,372392,806,756,3,3,9,3,3,10,3,10,10,10,10,10,10,10,10,10,9,9,9,10,10,10,10,10,10,10,10,10,10,10,10,10,10,10,10,10,10,10,10,10,8,8,9,3,3,2,2,2,2,2,3,2,6,7,3,3,4,4,5,8,10,10,10
gc,svn,ossbuild,/trunk/Main/GStreamer/Source/gstreamer/gst/gstelementfactory.c,clean,c,IssueTrue,372392,806,756,3,5,7,6,7,7,6,10,10,10,10,10,10,10,10,10,9,9,9,9,9,9,10,10,10,6,6,6,10,10,10,10,10,10,10,10,10,10,10,10,8,8,9,7,8,6,10,10,10,6,9,8,6,7,5,4,5,6,6,8,6,6,6
gc,svn,ossbuild,/trunk/Main/GStreamer/Source/gstreamer/gst/gstelementfactory.h,clean,c,IssueTrue,372392,806,756,3,2,4,2,2,9,3,10,10,10,10,10,10,10,10,10,9,9,9,9,10,9,10,10,10,8,9,9,10,10,10,10,10,10,10,10,10,10,10,10,8,8,9,2,2,2,2,2,2,1,2,2,6,7,3,3,4,4,5,8,10,10,10
gc,svn,ossbuild,/trunk/Main/GStreamer/Source/gstreamer/gst/gstevent.h,clean,c,IssueTrue,372392,806,756,3,3,8,2,4,9,3,10,10,10,10,10,10,10,10,10,9,9,9,9,10,9,10,10,10,8,8,8,10,10,10,10,10,10,10,10,10,10,10,10,8,8,9,3,3,2,4,4,3,3,3,3,6,7,3,3,4,4,5,8,10,10,10
gc,svn,ossbuild,/trunk/Main/GStreamer/Source/gstreamer/gst/gstghostpad.c,clean,c,IssueTrue,372392,806,756,3,7,8,8,9,5,8,10,10,10,10,10,10,10,10,10,9,9,9,9,9,9,10,10,10,8,8,8,10,10,10,10,10,10,10,10,10,10,10,10,8,8,9,8,7,8,8,9,9,6,8,9,6,7,10,8,9,6,6,8,8,8,8
gc,svn,ossbuild,/trunk/Main/GStreamer/Source/gstreamer/gst/gstinfo.h,clean,c,IssueTrue,372392,806,756,3,3,9,2,3,10,3,10,10,10,10,10,10,10,10,10,9,9,9,9,9,9,10,10,10,8,8,7,10,10,10,10,10,10,10,10,10,10,10,10,8,8,9,3,3,2,2,2,2,2,3,2,6,7,3,3,4,4,5,8,10,10,10
gc,svn,ossbuild,/trunk/Main/GStreamer/Source/gstreamer/gst/gstiterator.c,clean,c,IssueTrue,372392,806,756,3,5,8,5,7,8,6,10,10,10,10,10,10,10,10,10,9,9,9,9,9,9,10,10,10,8,8,8,10,10,10,10,10,10,10,10,10,10,10,10,8,8,9,6,7,6,10,10,9,4,4,7,6,7,10,10,10,4,5,8,2,2,2
gc,svn,ossbuild,/trunk/Main/GStreamer/Source/gstreamer/gst/gstmessage.c,clean,c,IssueTrue,372392,806,756,3,7,10,7,9,8,4,10,10,10,10,10,10,10,10,10,9,9,9,9,9,9,10,10,10,6,6,6,10,10,10,10,10,10,10,10,10,10,10,10,8,8,9,5,5,7,10,9,10,5,6,9,6,7,3,3,4,4,5,8,5,5,5
gc,svn,ossbuild,/trunk/Main/GStreamer/Source/gstreamer/gst/gstmessage.h,clean,c,IssueTrue,372392,806,756,3,3,8,3,3,9,3,10,10,10,10,10,10,10,10,10,9,9,9,9,10,9,10,10,10,8,9,9,10,10,10,10,10,10,10,10,10,10,10,10,8,8,9,3,3,2,5,4,3,3,3,3,6,7,3,3,4,4,5,8,3,3,4
gc,svn,ossbuild,/trunk/Main/GStreamer/Source/gstreamer/gst/gstobject.h,clean,c,IssueTrue,372392,806,756,3,2,7,2,3,10,3,10,10,10,10,10,10,10,10,10,9,9,9,9,9,9,10,10,10,9,9,9,10,10,10,10,10,10,10,10,10,10,10,10,8,8,9,3,3,2,2,2,2,2,3,2,6,7,3,3,4,4,5,8,5,5,5
gc,svn,ossbuild,/trunk/Main/GStreamer/Source/gstreamer/gst/gstpad.c,clean,c,IssueTrue,372392,806,756,3,10,10,10,10,6,9,10,10,10,10,10,10,10,10,10,9,9,9,9,9,9,10,10,10,6,6,6,10,10,10,10,10,10,10,10,10,10,10,10,8,8,9,9,10,10,10,10,10,7,8,10,6,7,3,3,4,4,5,8,2,2,2
gc,svn,ossbuild,/trunk/Main/GStreamer/Source/gstreamer/gst/gstpad.h,clean,c,IssueTrue,372392,806,756,3,4,9,4,2,10,3,10,10,10,10,10,10,10,10,10,9,9,9,10,10,10,10,10,10,10,10,10,10,10,10,10,10,10,10,10,10,10,10,10,8,8,9,2,2,2,2,2,2,1,2,2,6,7,6,5,6,4,5,8,2,2,2
gc,svn,ossbuild,/trunk/Main/GStreamer/Source/gstreamer/gst/gstpluginfeature.c,clean,c,IssueTrue,372392,806,756,3,3,6,4,5,7,6,10,10,10,10,10,10,10,10,10,9,9,9,9,9,9,10,10,10,6,6,6,10,10,10,10,10,10,10,10,10,10,10,10,8,8,9,8,7,5,10,8,7,5,5,5,6,7,8,6,7,4,5,8,5,5,5
gc,svn,ossbuild,/trunk/Main/GStreamer/Source/gstreamer/gst/gstregistrybinary.c,buggy,c,IssueTrue,372392,806,756,3,7,7,9,7,4,8,10,10,10,10,10,10,10,10,10,9,9,9,9,9,9,10,10,10,8,7,7,10,10,10,10,10,10,10,10,10,10,10,10,8,8,9,10,10,9,10,8,8,9,9,9,8,7,7,7,8,4,5,8,5,6,6
gc,svn,ossbuild,/trunk/Main/GStreamer/Source/gstreamer/gst/gstsystemclock.c,clean,c,IssueTrue,372392,806,756,3,6,7,7,6,5,10,10,10,10,10,10,10,10,10,10,9,9,9,9,9,9,10,10,10,9,8,8,10,10,10,10,10,10,10,10,10,10,10,10,8,8,9,9,9,7,9,7,7,8,6,7,6,7,10,9,9,8,8,9,9,9,8
gc,svn,ossbuild,/trunk/Main/GStreamer/Source/gstreamer/gst/gsttaglist.c,clean,c,IssueTrue,372392,806,756,3,7,10,8,9,8,6,10,10,10,10,10,10,10,10,10,9,9,9,9,9,9,10,10,10,6,6,6,10,10,10,10,10,10,10,10,10,10,10,10,8,8,9,6,8,8,10,10,10,5,5,9,6,7,7,6,7,4,5,8,2,2,2
gc,svn,ossbuild,/trunk/Main/GStreamer/Source/gstreamer/gst/gsttaglist.h,clean,c,IssueTrue,372392,806,756,3,4,9,2,3,10,3,10,10,10,10,10,10,10,10,10,9,9,9,9,9,9,10,10,10,6,6,6,10,10,10,10,10,10,10,10,10,10,10,10,8,8,9,3,3,2,2,2,2,2,3,2,6,7,9,8,8,4,5,8,2,2,2
gc,svn,ossbuild,/trunk/Main/GStreamer/Source/gstreamer/gst/gsttask.c,clean,c,IssueTrue,372392,806,756,3,5,8,6,7,8,6,10,10,10,10,10,10,10,10,10,9,9,9,10,10,9,10,10,10,9,9,8,10,10,10,10,10,10,10,10,10,10,10,10,8,8,9,7,7,6,10,10,10,7,7,8,6,7,3,3,4,7,7,9,2,2,2
gc,svn,ossbuild,/trunk/Main/GStreamer/Source/gstreamer/gst/gsttrace.h,clean,c,IssueTrue,372392,806,756,3,1,5,2,3,10,3,10,10,10,10,10,10,10,10,10,9,9,9,9,10,9,10,10,10,8,8,9,10,10,10,10,10,10,10,10,10,10,10,10,8,8,9,3,3,2,2,2,2,2,3,2,6,7,3,3,4,4,5,8,3,3,4
gc,svn,ossbuild,/trunk/Main/GStreamer/Source/gstreamer/gst/gstutils.c,clean,c,IssueTrue,372392,806,756,3,10,10,10,10,7,10,10,10,10,10,10,10,10,10,10,9,9,9,9,9,9,10,10,10,6,6,6,10,10,10,10,10,10,10,10,10,10,10,10,8,8,9,9,10,10,10,10,10,6,7,10,6,7,3,3,4,4,5,8,2,2,2
gc,svn,ossbuild,/trunk/Main/GStreamer/Source/gstreamer/gst/gstutils.h,clean,c,IssueTrue,372392,806,756,3,4,9,4,5,10,3,10,10,10,10,10,10,10,10,10,9,9,9,9,9,9,10,10,10,6,6,6,10,10,10,10,10,10,10,10,10,10,10,10,8,8,9,4,4,3,4,3,4,3,3,4,6,7,6,5,6,4,5,8,2,2,2
gc,svn,ossbuild,/trunk/Main/GStreamer/Source/gstreamer/gst/gstvalue.c,clean,c,IssueTrue,372392,806,756,3,10,10,10,10,4,8,10,10,10,10,10,10,10,10,10,9,9,9,9,9,9,10,10,10,8,7,8,10,10,10,10,10,10,10,10,10,10,10,10,8,8,9,7,7,10,8,10,10,4,7,10,6,7,3,3,4,4,5,8,2,2,2
gc,svn,ossbuild,/trunk/Main/GStreamer/Source/gstreamer/libs/gst/base/gstadapter.c,clean,c,IssueTrue,372392,806,756,3,5,9,6,7,8,8,10,10,10,10,10,10,10,10,10,9,9,9,9,9,9,10,10,10,7,7,7,10,10,10,10,10,10,10,10,10,10,10,10,8,8,9,8,7,6,10,10,10,7,6,7,6,7,3,3,4,4,5,8,9,9,9
gc,svn,ossbuild,/trunk/Main/GStreamer/Source/gstreamer/libs/gst/base/gstadapter.h,clean,c,IssueTrue,372392,806,756,3,1,2,2,2,8,3,10,10,10,10,10,10,10,10,10,9,9,9,9,10,9,10,10,10,9,9,9,10,10,10,10,10,10,10,10,10,10,10,10,8,8,9,2,2,2,2,2,2,1,2,2,6,7,3,3,4,4,5,8,9,9,9
gc,svn,ossbuild,/trunk/Main/GStreamer/Source/gstreamer/libs/gst/base/gstbasesink.c,clean,c,IssueTrue,372392,806,756,3,10,10,10,10,5,9,10,10,10,10,10,10,10,10,10,9,9,9,10,10,9,10,10,10,10,10,10,10,10,10,10,10,10,10,10,10,10,10,10,8,8,9,10,10,10,10,10,10,9,9,10,6,7,3,3,4,4,5,8,2,2,2
gc,svn,ossbuild,/trunk/Main/GStreamer/Source/gstreamer/libs/gst/base/gstbasesink.h,clean,c,IssueTrue,372392,806,756,3,2,5,3,2,9,3,10,10,10,10,10,10,10,10,10,9,9,9,9,10,9,10,10,10,10,10,10,10,10,10,10,10,10,10,10,10,10,10,10,8,8,9,2,2,2,2,2,2,1,2,2,6,7,3,3,4,4,5,8,10,10,10
gc,svn,ossbuild,/trunk/Main/GStreamer/Source/gstreamer/libs/gst/base/gstbasesrc.c,clean,c,IssueTrue,372392,806,756,3,9,10,10,9,5,8,10,10,10,10,10,10,10,10,10,9,9,9,9,9,9,10,10,10,10,9,9,10,10,10,10,10,10,10,10,10,10,10,10,8,8,9,9,9,10,9,10,9,9,9,10,6,7,3,3,4,4,5,8,2,2,2
gc,svn,ossbuild,/trunk/Main/GStreamer/Source/gstreamer/libs/gst/base/gstbasetransform.c,clean,c,IssueTrue,372392,806,756,3,9,10,10,8,6,9,10,10,10,10,10,10,10,10,10,9,9,9,9,9,9,10,10,10,10,9,9,10,10,10,10,10,10,10,10,10,10,10,10,8,8,9,10,10,10,9,8,9,9,9,9,6,7,3,3,4,4,5,8,2,2,2
gc,svn,ossbuild,/trunk/Main/GStreamer/Source/gstreamer/libs/gst/base/gstbytereader.c,clean,c,IssueTrue,372392,806,756,3,3,10,6,9,10,6,10,10,10,10,10,10,10,10,10,9,9,9,9,9,9,10,10,10,6,6,6,10,10,10,10,10,10,10,10,10,10,10,10,8,8,9,4,5,7,8,10,9,3,4,8,6,7,7,6,7,10,10,10,10,10,10
gc,svn,ossbuild,/trunk/Main/GStreamer/Source/gstreamer/libs/gst/base/gstbytereader.h,clean,c,IssueTrue,372392,806,756,3,3,4,7,10,6,3,10,10,10,10,10,10,10,10,10,9,9,9,9,9,9,10,10,10,6,6,6,10,10,10,10,10,10,10,10,10,10,10,10,8,8,9,4,4,8,6,10,9,3,3,9,6,7,10,10,10,4,5,8,3,3,4
gc,svn,ossbuild,/trunk/Main/GStreamer/Source/gstreamer/plugins/elements/gstcapsfilter.c,clean,c,IssueTrue,372392,806,756,3,4,3,4,5,4,8,10,10,10,10,10,10,10,10,10,9,9,9,9,9,9,10,10,10,6,6,6,10,10,10,10,10,10,10,10,10,10,10,10,8,8,9,6,6,4,4,3,4,7,7,6,6,7,8,7,8,4,5,8,6,6,5
gc,svn,ossbuild,/trunk/Main/GStreamer/Source/gstreamer/plugins/elements/gstfakesrc.c,clean,c,IssueTrue,372392,806,756,3,7,5,7,7,3,6,10,10,10,10,10,10,10,10,10,9,9,9,9,9,9,10,10,10,6,6,6,10,10,10,10,10,10,10,10,10,10,10,10,8,8,9,9,8,7,6,8,6,8,8,8,6,7,3,3,4,4,5,8,6,6,5
gc,svn,ossbuild,/trunk/Main/GStreamer/Source/gstreamer/plugins/elements/gstfilesink.c,clean,c,IssueTrue,372392,806,756,3,6,4,6,7,3,8,10,10,10,10,10,10,10,10,10,9,9,9,9,9,9,10,10,10,6,6,6,10,10,10,10,10,10,10,10,10,10,10,10,8,8,9,7,5,6,5,5,6,6,6,8,6,7,9,8,8,4,5,8,3,3,4
gc,svn,ossbuild,/trunk/Main/GStreamer/Source/gstreamer/plugins/elements/gstmultiqueue.c,clean,c,IssueTrue,372392,806,756,3,8,8,9,8,4,8,10,10,10,10,10,10,10,10,10,9,9,9,9,10,9,10,10,10,10,10,9,10,10,10,10,10,10,10,10,10,10,10,10,8,8,9,8,6,8,9,7,9,8,9,9,6,7,10,9,9,8,7,9,9,9,9
gc,svn,ossbuild,/trunk/Main/GStreamer/Source/gstreamer/plugins/elements/gstqueue.c,clean,c,IssueTrue,372392,806,756,3,8,7,9,8,4,10,10,10,10,10,10,10,10,10,10,9,9,9,9,9,9,10,10,10,6,6,6,10,10,10,10,10,10,10,10,10,10,10,10,8,8,9,10,9,9,9,6,8,9,9,9,6,7,8,7,8,6,6,8,6,6,5
gc,svn,ossbuild,/trunk/Main/GStreamer/Source/gstreamer/tests/check/gst/gstpad.c,clean,c,IssueTrue,372392,806,756,3,7,5,9,8,3,3,10,10,10,10,10,10,10,10,10,9,9,9,9,9,9,10,10,10,6,6,6,10,10,10,10,10,10,10,10,10,10,10,10,8,8,9,3,4,5,3,4,5,8,8,9,6,7,4,4,5,6,6,8,2,2,2
gc,svn,ossbuild,/trunk/Main/GStreamer/Source/gstreamer/tests/check/libs/bytereader.c,clean,c,IssueTrue,372392,806,756,3,6,3,9,6,2,3,10,10,10,10,10,10,10,10,10,9,9,9,9,9,9,10,10,10,6,6,6,10,10,10,10,10,10,10,10,10,10,10,10,8,8,9,3,4,3,2,3,2,9,6,7,6,7,3,3,4,4,5,8,9,9,9
gc,svn,ossbuild,/trunk/Main/GStreamer/Source/gstreamer/tools/gst-inspect.c,clean,c,IssueTrue,372392,806,756,3,8,2,9,8,1,10,10,10,10,10,10,10,10,10,10,9,9,9,9,9,9,10,10,10,6,6,6,10,10,10,10,10,10,10,10,10,10,10,10,8,8,9,10,10,9,8,8,8,8,10,9,6,7,3,3,4,4,5,8,6,6,5
gc,svn,ossbuild,/trunk/Main/GStreamer/Source/gstreamer/win32/common/config.h,clean,c,IssueTrue,372392,806,756,3,1,5,1,2,1,3,10,10,10,10,10,10,10,10,10,9,9,9,9,9,9,10,10,10,6,6,6,10,10,10,10,10,10,10,10,10,10,10,10,8,8,9,2,2,2,2,2,2,1,2,2,8,7,3,3,4,4,5,8,5,6,7
gc,svn,ossbuild,/trunk/Main/GStreamer/Source/gstreamer/win32/common/gstversion.h,clean,c,IssueTrue,372392,806,756,3,1,4,1,2,10,3,10,10,10,10,10,10,10,10,10,9,9,9,9,9,9,10,10,10,6,6,6,10,10,10,10,10,10,10,10,10,10,10,10,8,8,9,2,2,2,2,2,2,1,2,2,6,7,3,3,4,4,5,8,3,3,4
gc,svn,ossbuild,/trunk/Shared/Build/Windows/Win32/include/fontconfig/fontconfig.h,buggy,c,IssueTrue,372392,806,756,3,6,6,5,2,4,3,10,10,10,10,10,10,10,10,10,9,9,9,9,10,10,10,10,10,7,8,9,10,10,10,10,10,10,10,10,10,10,10,10,8,8,9,2,2,2,2,2,2,1,2,2,6,7,3,3,4,4,5,8,3,3,4
gc,svn,ossbuild,/trunk/Shared/Build/Windows/Win32/include/glib-2.0/glib/gutils.h,buggy,c,IssueTrue,372392,806,756,3,3,6,3,5,8,4,10,10,10,10,10,10,10,10,10,9,9,9,9,9,9,10,10,10,7,7,7,10,10,10,10,10,10,10,10,10,10,10,10,8,8,9,5,4,4,3,3,3,2,3,3,6,7,3,3,4,4,5,8,5,5,5
gc,svn,ossbuild,/trunk/Shared/Build/Windows/Win32/include/glib-2.0/glibconfig.h,buggy,c,IssueTrue,372392,806,756,3,1,2,1,2,9,3,10,10,10,10,10,10,10,10,10,9,9,9,9,9,9,10,10,10,8,8,7,10,10,10,10,10,10,10,10,10,10,10,10,8,8,9,2,2,2,2,2,2,1,2,2,6,7,3,3,4,4,5,8,5,5,5
gc,svn,ossbuild,/trunk/Shared/Build/Windows/Win32/include/glib-2.0/gobject/gmarshal.h,buggy,c,IssueTrue,372392,806,756,3,3,2,1,2,3,3,10,10,10,10,10,10,10,10,10,9,9,9,9,9,9,10,10,10,6,6,6,10,10,10,10,10,10,10,10,10,10,10,10,8,8,9,2,2,2,2,2,2,1,2,2,6,7,3,3,4,4,5,8,9,9,9
gc,svn,ossbuild,/trunk/Shared/Build/Windows/Win32/include/gnutls/gnutls.h,buggy,c,IssueTrue,372392,806,756,3,8,7,6,2,4,3,10,10,10,10,10,10,10,10,10,9,9,9,10,10,10,10,10,10,8,8,8,10,10,10,10,10,10,10,10,10,10,10,10,8,8,9,2,2,2,2,2,2,1,2,2,6,7,3,3,4,4,5,8,6,6,5
gc,svn,ossbuild,/trunk/Shared/Build/Windows/Win32/include/liboil-0.3/liboil/liboil-stdint.h,buggy,c,IssueTrue,372392,806,756,3,1,1,1,2,1,3,10,10,10,10,10,10,10,10,10,9,9,9,9,9,9,10,10,10,6,6,6,10,10,10,10,10,10,10,10,10,10,10,10,8,8,9,2,2,2,2,2,2,1,2,2,6,7,3,3,4,4,5,8,3,3,4
gc,svn,ossbuild,/trunk/Shared/Build/Windows/Win32/include/libsoup-2.4/libsoup/soup-misc.h,buggy,c,IssueTrue,372392,806,756,3,1,1,1,2,5,3,10,10,10,10,10,10,10,10,10,9,9,9,9,9,9,10,10,10,6,6,6,10,10,10,10,10,10,10,10,10,10,10,10,8,8,9,2,2,2,2,2,2,1,2,2,6,7,3,3,4,4,5,8,3,3,4
gc,svn,ossbuild,/trunk/Shared/Build/Windows/Win32/include/libsoup-2.4/libsoup/soup-session.h,clean,c,IssueTrue,372392,806,756,3,2,1,2,2,2,3,10,10,10,10,10,10,10,10,10,9,9,9,9,9,9,10,10,10,6,6,6,10,10,10,10,10,10,10,10,10,10,10,10,8,8,9,2,2,2,2,2,2,1,2,2,6,7,6,5,6,6,6,8,2,2,2
gc,svn,ossbuild,/trunk/Shared/Build/Windows/Win32/include/libsoup-2.4/libsoup/soup.h,buggy,c,IssueTrue,372392,806,756,3,1,1,1,2,1,3,10,10,10,10,10,10,10,10,10,9,9,9,9,9,9,10,10,10,6,6,6,10,10,10,10,10,10,10,10,10,10,10,10,8,8,9,2,2,2,2,2,2,1,2,2,6,7,4,4,5,4,5,8,2,2,2
gc,svn,ossbuild,/trunk/Shared/Build/Windows/Win32/include/libxml2/libxml/xmlversion.h,buggy,c,IssueTrue,372392,806,756,3,1,8,1,2,10,3,10,10,10,10,10,10,10,10,10,9,9,9,9,9,9,10,10,10,6,6,6,10,10,10,10,10,10,10,10,10,10,10,10,8,8,9,2,2,2,2,2,2,1,2,2,6,7,3,3,4,4,5,8,5,5,5
gc,svn,ossbuild,/trunk/Shared/Build/Windows/Win32/include/nice/agent.h,buggy,c,IssueTrue,372392,806,756,3,3,9,1,2,10,3,10,10,10,10,10,10,10,10,10,9,9,9,9,9,9,10,10,10,6,6,6,10,10,10,10,10,10,10,10,10,10,10,10,8,8,9,2,2,2,2,2,2,1,2,2,6,7,9,8,8,4,5,8,2,2,2
gc,svn,ossbuild,/trunk/Shared/Build/Windows/Win32/include/pango-1.0/pango/pango-features.h,buggy,c,IssueTrue,372392,806,756,3,1,1,1,2,1,3,10,10,10,10,10,10,10,10,10,9,9,9,9,9,9,10,10,10,6,6,6,10,10,10,10,10,10,10,10,10,10,10,10,8,8,9,2,2,2,2,2,2,1,2,2,6,7,3,3,4,4,5,8,6,6,5
gc,svn,ossbuild,/trunk/Shared/Build/Windows/Win32/include/pixman-1/pixman-version.h,buggy,c,IssueTrue,372392,806,756,3,1,2,1,2,1,3,10,10,10,10,10,10,10,10,10,9,9,9,9,9,9,10,10,10,6,6,6,10,10,10,10,10,10,10,10,10,10,10,10,8,8,9,2,2,2,2,2,2,1,2,2,6,7,3,3,4,4,5,8,6,6,5
gc,svn,ossbuild,/trunk/Shared/Build/Windows/Win32/include/pixman-1/pixman.h,buggy,c,IssueTrue,372392,806,756,3,7,6,5,2,4,3,10,10,10,10,10,10,10,10,10,9,9,9,9,10,10,10,10,10,7,9,10,10,10,10,10,10,10,10,10,10,10,10,10,8,8,9,2,2,2,2,2,2,1,2,2,6,7,5,4,6,7,7,9,9,9,8
gc,svn,ossbuild,/trunk/Shared/Build/Windows/Win32/include/png.h,buggy,c,IssueTrue,372392,806,756,3,7,10,8,2,9,3,10,10,10,10,10,10,10,10,10,9,9,9,9,10,10,10,10,10,10,10,10,10,10,10,10,10,10,10,10,10,10,10,10,8,8,9,2,2,2,2,2,2,1,2,2,6,7,3,3,4,4,5,8,2,2,2
gc,svn,ossbuild,/trunk/Shared/Build/Windows/Win32/include/pngconf.h,buggy,c,IssueTrue,372392,806,756,3,1,9,2,2,10,3,10,10,10,10,10,10,10,10,10,9,9,9,9,9,9,10,10,10,6,6,6,10,10,10,10,10,10,10,10,10,10,10,10,8,8,9,2,2,2,2,2,2,1,2,2,6,7,3,3,4,4,5,8,3,3,4
gc,svn,ossbuild,/trunk/Shared/Build/Windows/Win32/include/stun/stunagent.h,buggy,c,IssueTrue,372392,806,756,3,2,9,2,2,10,3,10,10,10,10,10,10,10,10,10,9,9,9,10,10,9,10,10,10,8,8,8,10,10,10,10,10,10,10,10,10,10,10,10,8,8,9,2,2,2,2,2,2,1,2,2,6,7,9,8,9,4,5,8,3,3,4
gc,svn,ossbuild,/trunk/Shared/Build/Windows/Win32/lib/glib-2.0/include/glibconfig.h,buggy,c,IssueTrue,372392,806,756,3,1,2,1,2,8,3,10,10,10,10,10,10,10,10,10,9,9,9,9,9,9,10,10,10,8,8,7,10,10,10,10,10,10,10,10,10,10,10,10,8,8,9,2,2,2,2,2,2,1,2,2,6,7,3,3,4,4,5,8,5,5,5
gc,svn,ossbuild,/trunk/Shared/WiX/Extensions/OSSBuild.cs,clean,c,IssueTrue,372392,806,756,3,1,2,2,4,6,6,10,10,10,10,10,10,10,10,10,9,9,9,10,10,10,10,10,10,6,6,6,10,10,10,10,10,10,10,10,10,10,10,10,8,8,9,6,4,3,3,2,2,3,4,3,6,7,10,9,9,4,5,8,2,2,2
