Host,Vcs,Project,File,Buggy,PL,IssueTracking,TLOC,TNF,TNC,TND,LOC,CL,NStmt,NFunc,RCC,MNL,avg_WMC,max_WMC,total_WMC,avg_DIT,max_DIT,total_DIT,avg_RFC,max_RFC,total_RFC,avg_NOC,max_NOC,total_NOC,avg_CBO,max_CBO,total_CBO,avg_DIT.1,max_DIT.1,total_DIT.1,avg_NIV,max_NIV,total_NIV,avg_NIM,max_NIM,total_NIM,avg_NOM,max_NOM,total_NOM,avg_NPBM,max_NPBM,total_NPBM,avg_NPM,max_NPM,total_NPM,avg_NPRM,max_NPRM,total_NPRM,avg_CC,max_CC,total_CC,avg_FANIN,max_FANIN,total_FANIN,avg_FANOUT,max_FANOUT,total_FANOUT,NRev,NFix,avg_AddedLOC,max_AddedLOC,total_AddedLOC,avg_DeletedLOC,max_DeletedLOC,total_DeletedLOC,avg_ModifiedLOC,max_ModifiedLOC,total_ModifiedLOC
sf,cvs,ossim,ossim/ossim/src/apps/icp/icp.cc,clean,cpp,IssueFalse,118581,435,10119,19,8,8,8,3,3,9,7,7,7,5,6,5,5,5,5,9,9,9,6,6,6,5,6,5,6,6,6,6,6,6,6,6,6,6,6,6,9,9,9,8,8,9,10,10,9,10,9,5,10,10,8,5,9,3,3,3,4,4,4,9,9,8
sf,cvs,ossim,ossim/ossim/src/apps/pixelflip/pixelflip.cc,clean,cpp,IssueFalse,118581,435,10119,19,7,7,6,3,4,9,7,7,7,5,6,5,5,5,5,9,9,9,6,6,6,5,6,5,6,6,6,6,6,6,6,6,6,6,6,6,9,9,9,8,8,9,10,10,7,9,7,5,10,10,7,3,7,3,3,3,4,4,4,5,4,4
sf,cvs,ossim,ossim/ossim/src/apps/vec2ras/vec2ras.cc,clean,cpp,IssueFalse,118581,435,10119,19,7,3,6,4,2,9,7,7,7,5,6,5,5,5,5,9,9,9,6,6,6,5,6,5,6,6,6,6,6,6,6,6,6,6,6,6,9,9,9,8,8,9,10,9,7,7,5,5,9,8,7,5,7,3,3,3,5,5,5,5,4,5
sf,cvs,ossim,ossim/ossim/src/examples/tutorial/ossimSharedBandAverageFilter.cc,clean,cpp,IssueFalse,118581,435,10119,19,8,9,7,8,6,7,8,8,8,8,7,8,5,5,6,9,9,9,8,7,8,8,7,8,7,7,7,7,7,7,7,7,7,8,8,8,9,9,9,8,8,9,8,9,8,4,5,6,6,6,9,3,9,3,3,3,4,4,4,10,9,7
sf,cvs,ossim,ossim/ossim/src/ossim_core/base/common/ossimCommon.h,clean,cpp,IssueFalse,118581,435,10119,19,8,7,7,10,3,6,7,7,7,5,6,5,5,5,5,9,9,9,6,6,6,5,6,5,6,6,6,6,6,6,6,6,6,6,6,6,9,9,9,8,8,9,7,8,9,5,8,9,2,2,7,5,7,3,3,3,4,4,4,6,4,5
sf,cvs,ossim,ossim/ossim/src/ossim_core/base/common/ossimConnectableContainer.cc,clean,cpp,IssueFalse,118581,435,10119,19,9,5,9,9,1,9,8,8,8,8,7,8,6,5,6,9,9,9,6,6,7,8,7,8,8,8,7,8,8,8,8,8,7,9,8,8,9,9,9,8,8,9,9,8,10,7,6,9,7,8,10,6,7,6,6,6,8,8,7,7,6,6
sf,cvs,ossim,ossim/ossim/src/ossim_core/base/common/ossimConnectableObject.cc,clean,cpp,IssueFalse,118581,435,10119,19,10,9,10,10,2,9,7,7,7,5,6,5,5,5,5,9,9,9,6,6,6,5,6,5,6,6,6,6,6,6,6,6,6,6,6,6,9,9,9,8,8,9,10,9,10,10,10,10,7,6,10,10,7,8,9,9,6,7,7,6,8,8
sf,cvs,ossim,ossim/ossim/src/ossim_core/base/common/ossimConnectableObject.h,clean,cpp,IssueFalse,118581,435,10119,19,6,10,5,7,9,4,10,10,10,8,7,8,9,9,9,10,10,10,8,8,8,8,7,8,10,10,9,10,10,10,10,10,10,10,10,10,9,9,9,8,8,9,3,4,5,10,10,9,2,2,4,8,7,4,4,4,6,7,7,3,4,5
sf,cvs,ossim,ossim/ossim/src/ossim_core/base/common/ossimDataObject.h,clean,cpp,IssueFalse,118581,435,10119,19,3,7,3,5,8,2,8,8,7,8,7,8,8,8,8,10,10,10,6,6,7,8,7,8,9,8,8,10,9,9,10,9,9,10,10,9,9,9,9,8,8,9,3,3,4,10,10,9,3,3,4,6,7,3,3,3,5,6,6,4,4,5
sf,cvs,ossim,ossim/ossim/src/ossim_core/base/common/ossimErrorStatusInterface.h,clean,cpp,IssueFalse,118581,435,10119,19,2,5,2,5,9,2,8,7,7,5,6,5,5,5,6,10,10,10,6,6,7,5,6,5,8,8,7,8,8,7,8,7,7,8,8,8,9,9,9,8,8,9,3,3,3,10,10,8,2,2,3,3,7,3,3,3,4,4,4,6,4,4
sf,cvs,ossim,ossim/ossim/src/ossim_core/base/common/ossimObject.cc,clean,cpp,IssueFalse,118581,435,10119,19,4,3,3,7,5,4,7,7,7,5,6,5,5,5,5,9,9,9,6,6,6,5,6,5,6,6,6,6,6,6,6,6,6,6,6,6,9,9,9,8,8,9,4,4,5,2,4,3,4,3,6,3,7,7,5,5,4,4,4,3,3,3
sf,cvs,ossim,ossim/ossim/src/ossim_core/base/common/ossimRgbLutDataObject.cc,clean,cpp,IssueFalse,118581,435,10119,19,7,4,6,6,2,7,7,7,7,5,6,5,5,5,5,9,9,9,6,6,6,5,6,5,6,6,6,6,6,6,6,6,6,6,6,6,9,9,9,8,8,9,9,9,8,6,5,6,4,6,6,8,7,9,8,8,8,8,8,8,8,8
sf,cvs,ossim,ossim/ossim/src/ossim_core/base/common/ossimSource.cc,clean,cpp,IssueFalse,118581,435,10119,19,4,3,3,7,4,4,7,7,7,5,6,5,5,5,5,9,9,9,6,6,6,5,6,5,6,6,6,6,6,6,6,6,6,6,6,6,9,9,9,8,8,9,3,4,5,10,10,10,3,3,6,3,7,10,8,8,4,4,4,3,3,3
sf,cvs,ossim,ossim/ossim/src/ossim_core/base/common/ossimSource.h,clean,cpp,IssueFalse,118581,435,10119,19,2,4,2,1,8,2,9,8,8,9,9,9,10,10,9,10,10,10,6,6,7,9,9,9,9,8,8,9,9,9,9,9,9,9,9,9,10,10,10,8,8,9,1,1,2,2,2,2,2,1,2,3,7,4,3,3,6,5,5,8,7,6
sf,cvs,ossim,ossim/ossim/src/ossim_core/base/data_types/datum/ossimThreeParamDatum.cc,clean,cpp,IssueFalse,118581,435,10119,19,4,3,4,3,4,6,7,7,7,5,6,5,5,5,5,9,9,9,6,6,6,5,6,5,6,6,6,6,6,6,6,6,6,6,6,6,9,9,9,8,8,9,8,5,4,4,3,3,10,8,7,3,7,10,9,8,4,4,4,8,6,6
sf,cvs,ossim,ossim/ossim/src/ossim_core/base/data_types/ossimDblGrid.cc,clean,cpp,IssueFalse,118581,435,10119,19,9,10,9,9,7,10,7,7,7,5,6,5,5,5,5,9,9,9,6,6,6,5,6,5,6,6,6,6,6,6,6,6,6,6,6,6,9,9,9,8,8,9,10,9,10,10,9,10,6,6,9,5,7,5,5,4,5,5,5,5,4,5
sf,cvs,ossim,ossim/ossim/src/ossim_core/base/data_types/ossimDblGrid.h,clean,cpp,IssueFalse,118581,435,10119,19,4,9,5,8,9,2,10,10,10,5,6,5,8,8,8,9,9,9,7,7,7,5,6,5,10,10,10,10,10,10,10,10,10,10,10,10,9,9,9,9,9,9,3,3,6,6,7,7,2,2,4,3,7,3,3,3,7,6,6,6,4,4
sf,cvs,ossim,ossim/ossim/src/ossim_core/base/data_types/ossimDirectory.cc,clean,cpp,IssueFalse,118581,435,10119,19,4,5,3,5,6,7,7,7,7,5,6,5,5,5,5,9,9,9,6,6,6,5,6,5,6,6,6,6,6,6,6,6,6,6,6,6,9,9,9,8,8,9,6,6,5,4,4,4,4,4,5,3,7,7,5,5,8,6,6,10,10,9
sf,cvs,ossim,ossim/ossim/src/ossim_core/base/data_types/ossimDrect.cc,clean,cpp,IssueFalse,118581,435,10119,19,9,10,8,8,5,7,7,7,7,5,6,5,5,5,5,9,9,9,6,6,6,5,6,5,6,6,6,6,6,6,6,6,6,6,6,6,9,9,9,8,8,9,10,9,9,8,7,8,7,5,9,5,7,10,9,9,7,7,7,10,10,9
sf,cvs,ossim,ossim/ossim/src/ossim_core/base/data_types/ossimFilename.cc,clean,cpp,IssueFalse,118581,435,10119,19,8,5,7,8,2,10,7,7,7,5,6,5,5,5,5,9,9,9,6,6,6,5,6,5,6,6,6,6,6,6,6,6,6,6,6,6,9,9,9,8,8,9,7,8,8,3,5,6,5,5,9,8,7,8,8,8,7,7,7,8,9,8
sf,cvs,ossim,ossim/ossim/src/ossim_core/base/data_types/ossimHistogram.cc,buggy,cpp,IssueFalse,118581,435,10119,19,10,9,10,10,3,10,7,7,7,5,6,5,5,5,5,9,9,9,6,6,6,5,6,5,6,6,6,6,6,6,6,6,6,6,6,6,9,9,9,8,8,9,10,10,10,7,8,9,6,6,10,6,7,9,8,8,10,9,9,10,10,10
sf,cvs,ossim,ossim/ossim/src/ossim_core/base/data_types/ossimIrect.cc,clean,cpp,IssueFalse,118581,435,10119,19,8,7,7,7,3,7,7,7,7,5,6,5,5,5,5,9,9,9,6,6,6,5,6,5,6,6,6,6,6,6,6,6,6,6,6,6,9,9,9,8,8,9,9,9,8,7,7,7,6,5,8,5,9,7,6,6,4,4,4,8,8,7
sf,cvs,ossim,ossim/ossim/src/ossim_core/base/data_types/ossimKeywordlist.cc,buggy,cpp,IssueFalse,118581,435,10119,19,10,6,9,10,1,9,7,7,7,5,6,5,5,5,5,9,9,9,6,6,6,5,6,5,6,6,6,6,6,6,6,6,6,6,6,6,9,9,9,8,8,9,8,8,10,8,7,10,7,5,10,8,7,10,10,9,10,10,10,9,10,9
sf,cvs,ossim,ossim/ossim/src/ossim_core/base/data_types/ossimPolyArea2d.cc,clean,cpp,IssueFalse,118581,435,10119,19,9,8,9,9,2,10,7,7,7,5,6,5,5,5,5,9,9,9,6,6,6,5,6,5,6,6,6,6,6,6,6,6,6,6,6,6,9,9,9,8,8,9,9,8,10,8,8,9,6,8,10,3,7,6,5,4,4,4,4,3,3,3
sf,cvs,ossim,ossim/ossim/src/ossim_core/base/misc/ossim2dTo2dTransform.cc,clean,cpp,IssueFalse,118581,435,10119,19,5,8,4,4,7,6,7,7,7,5,6,5,5,5,5,9,9,9,6,6,6,5,6,5,6,6,6,6,6,6,6,6,6,6,6,6,9,9,9,8,8,9,8,6,5,10,7,6,6,4,5,7,7,3,3,3,5,6,6,5,6,6
sf,cvs,ossim,ossim/ossim/src/ossim_core/base/misc/ossimAdjustableParameterInfo.cpp,clean,cpp,IssueFalse,118581,435,10119,19,4,3,4,5,4,6,7,7,7,5,6,5,5,5,5,9,9,9,6,6,6,5,6,5,6,6,6,6,6,6,6,6,6,6,6,6,9,9,9,8,8,9,6,7,5,9,8,6,5,6,5,8,7,9,9,9,4,4,4,3,4,5
sf,cvs,ossim,ossim/ossim/src/ossim_core/base/misc/ossimAdjustableParameterInfo.h,clean,cpp,IssueFalse,118581,435,10119,19,3,4,3,6,6,2,9,8,8,5,6,5,6,6,6,9,9,9,7,7,7,5,6,5,10,9,9,9,9,9,9,9,9,10,9,9,9,9,9,8,8,9,3,3,4,3,2,4,3,4,4,6,7,6,6,6,4,4,4,3,3,4
sf,cvs,ossim,ossim/ossim/src/ossim_core/base/misc/ossimAdjustableParameterInterface.cpp,clean,cpp,IssueFalse,118581,435,10119,19,8,3,8,9,1,9,7,7,7,5,6,5,5,5,5,9,9,9,6,6,6,5,6,5,6,6,6,6,6,6,6,6,6,6,6,6,9,9,9,8,8,9,8,8,9,9,8,10,4,6,9,10,7,9,10,10,5,7,7,8,10,9
sf,cvs,ossim,ossim/ossim/src/ossim_core/base/misc/ossimAdjustableParameterInterface.h,clean,cpp,IssueFalse,118581,435,10119,19,3,3,3,2,6,2,10,10,10,5,6,5,8,7,7,10,10,10,7,7,7,5,6,5,9,9,8,10,10,9,10,10,9,10,10,10,9,9,9,8,8,9,3,3,2,3,2,2,2,2,2,10,7,6,6,7,4,5,5,7,8,9
sf,cvs,ossim,ossim/ossim/src/ossim_core/base/misc/ossimQuadTreeWarp.cc,clean,cpp,IssueFalse,118581,435,10119,19,10,7,10,10,1,10,7,7,7,5,6,5,5,5,5,9,9,9,6,6,6,5,6,5,6,6,6,6,6,6,6,6,6,6,6,6,9,9,9,8,8,9,9,9,10,9,9,10,7,8,10,3,7,3,3,3,4,4,4,6,5,5
sf,cvs,ossim,ossim/ossim/src/ossim_core/elevation/formats/dted_cell/ossimDtedFactory.cc,clean,cpp,IssueFalse,118581,435,10119,19,5,6,4,3,6,6,7,7,7,5,6,5,5,5,5,9,9,9,6,6,6,5,6,5,6,6,6,6,6,6,6,6,6,6,6,6,9,9,9,8,8,9,9,8,5,4,5,3,7,7,5,3,7,6,5,4,4,4,4,6,5,5
sf,cvs,ossim,ossim/ossim/src/ossim_core/elevation/formats/dted_cell/ossimDtedHandler.cc,clean,cpp,IssueFalse,118581,435,10119,19,7,8,7,5,5,9,7,7,7,5,6,5,5,5,5,9,9,9,6,6,6,5,6,5,6,6,6,6,6,6,6,6,6,6,6,6,9,9,9,8,8,9,10,8,7,7,6,5,9,9,8,5,7,3,3,3,4,4,4,5,4,5
sf,cvs,ossim,ossim/ossim/src/ossim_core/elevation/ossimElevManager.cc,clean,cpp,IssueFalse,118581,435,10119,19,9,9,9,9,3,10,7,7,7,5,6,5,5,5,5,9,9,9,6,6,6,5,6,5,6,6,6,6,6,6,6,6,6,6,6,6,9,9,9,8,8,9,9,10,10,4,5,7,6,8,9,3,7,4,3,3,4,4,4,3,3,3
sf,cvs,ossim,ossim/ossim/src/ossim_core/fonts/factory/ossimFontFactoryRegistry.cc,clean,cpp,IssueFalse,118581,435,10119,19,5,3,5,6,3,6,7,7,7,5,6,5,5,5,5,9,9,9,6,6,6,5,6,5,6,6,6,6,6,6,6,6,6,6,6,6,9,9,9,8,8,9,8,7,6,5,5,5,5,4,6,3,7,8,6,6,4,4,4,6,5,5
sf,cvs,ossim,ossim/ossim/src/ossim_core/fonts/factory/ossimFreeTypeFontFactory.cc,clean,cpp,IssueFalse,118581,435,10119,19,1,3,1,1,1,2,7,7,7,5,6,5,5,5,5,9,9,9,6,6,6,5,6,5,6,6,6,6,6,6,6,6,6,6,6,6,9,9,9,8,8,9,1,1,2,2,2,2,2,1,2,3,7,4,3,3,10,8,8,10,10,8
sf,cvs,ossim,ossim/ossim/src/ossim_core/fonts/ossimFreeTypeFont.cc,clean,cpp,IssueFalse,118581,435,10119,19,1,3,1,1,1,2,7,7,7,5,6,5,5,5,5,9,9,9,6,6,6,5,6,5,6,6,6,6,6,6,6,6,6,6,6,6,9,9,9,8,8,9,1,1,2,2,2,2,2,1,2,5,7,5,5,5,8,7,7,6,5,5
sf,cvs,ossim,ossim/ossim/src/ossim_core/imaging/annotation/ossimAnnotationMultiPolyLineObject.cc,clean,cpp,IssueFalse,118581,435,10119,19,6,6,5,6,4,10,7,7,7,5,6,5,5,5,5,9,9,9,6,6,6,5,6,5,6,6,6,6,6,6,6,6,6,6,6,6,9,9,9,8,8,9,8,8,7,4,5,5,6,6,7,5,7,8,6,7,7,7,7,7,7,6
sf,cvs,ossim,ossim/ossim/src/ossim_core/imaging/annotation/ossimAnnotationSource.cc,clean,cpp,IssueFalse,118581,435,10119,19,7,5,7,8,2,7,7,7,7,5,6,5,5,5,5,9,9,9,6,6,6,5,6,5,6,6,6,6,6,6,6,6,6,6,6,6,9,9,9,8,8,9,8,8,9,7,7,8,6,7,9,9,7,8,8,9,10,10,10,9,10,9
sf,cvs,ossim,ossim/ossim/src/ossim_core/imaging/annotation/ossimAnnotationSource.h,clean,cpp,IssueFalse,118581,435,10119,19,3,8,3,3,9,2,10,10,9,10,10,10,10,10,10,10,10,10,9,8,8,10,10,10,10,10,9,10,10,9,10,10,9,10,10,9,10,10,10,8,8,9,3,3,3,4,4,3,3,3,3,6,7,4,5,5,9,8,8,5,4,5
sf,cvs,ossim,ossim/ossim/src/ossim_core/imaging/annotation/ossimEsriShapeFileFilter.cc,clean,cpp,IssueFalse,118581,435,10119,19,9,1,9,8,1,9,7,7,7,5,6,5,5,5,5,9,9,9,6,6,6,5,6,5,6,6,6,6,6,6,6,6,6,6,6,6,9,9,9,8,8,9,9,9,9,10,10,10,9,9,10,5,10,3,3,3,4,4,4,4,4,4
sf,cvs,ossim,ossim/ossim/src/ossim_core/imaging/annotation/ossimEsriShapeFileFilter.h,clean,cpp,IssueFalse,118581,435,10119,19,5,8,5,8,7,6,10,10,10,10,10,10,10,10,10,9,9,9,10,9,9,10,10,10,10,10,10,10,10,10,10,10,10,10,10,10,10,10,10,8,8,9,4,6,6,4,5,6,2,3,5,3,9,3,3,3,4,4,4,3,3,3
sf,cvs,ossim,ossim/ossim/src/ossim_core/imaging/annotation/ossimGeoAnnotationMultiEllipseObject.h,clean,cpp,IssueFalse,118581,435,10119,19,4,3,3,4,5,4,9,9,8,8,7,8,7,7,7,9,9,9,9,8,8,8,7,8,9,9,8,10,9,9,10,9,9,10,10,9,9,9,9,8,8,9,4,4,3,5,4,4,2,2,3,3,7,6,5,5,4,4,4,3,3,3
sf,cvs,ossim,ossim/ossim/src/ossim_core/imaging/annotation/ossimGeoAnnotationMultiPolyLineObject.cc,clean,cpp,IssueFalse,118581,435,10119,19,5,3,5,7,3,7,7,7,7,5,6,5,5,5,5,9,9,9,6,6,6,5,6,5,6,6,6,6,6,6,6,6,6,6,6,6,9,9,9,8,8,9,6,7,7,5,6,6,4,5,7,5,7,7,6,6,9,8,7,7,6,6
sf,cvs,ossim,ossim/ossim/src/ossim_core/imaging/annotation/ossimGeoAnnotationMultiPolyObject.cc,clean,cpp,IssueFalse,118581,435,10119,19,5,3,4,7,3,7,7,7,7,5,6,5,5,5,5,9,9,9,6,6,6,5,6,5,6,6,6,6,6,6,6,6,6,6,6,6,9,9,9,8,8,9,6,6,7,5,6,6,3,4,6,6,7,7,6,7,8,8,8,8,8,7
sf,cvs,ossim,ossim/ossim/src/ossim_core/imaging/annotation/ossimGeoAnnotationSource.cc,clean,cpp,IssueFalse,118581,435,10119,19,6,4,5,7,3,7,7,7,7,5,6,5,5,5,5,9,9,9,6,6,6,5,6,5,6,6,6,6,6,6,6,6,6,6,6,6,9,9,9,8,8,9,7,7,7,5,5,6,4,6,7,3,7,8,6,5,4,4,4,3,3,3
sf,cvs,ossim,ossim/ossim/src/ossim_core/imaging/annotation/ossimMapCompositionSource.cc,clean,cpp,IssueFalse,118581,435,10119,19,10,7,10,10,1,10,7,7,7,5,6,5,5,5,5,9,9,9,6,6,6,5,6,5,6,6,6,6,6,6,6,6,6,6,6,6,9,9,9,8,8,9,10,10,10,10,10,10,10,10,10,5,7,3,3,3,4,4,4,2,1,2
sf,cvs,ossim,ossim/ossim/src/ossim_core/imaging/annotation/ossimMapCompositionSource.h,clean,cpp,IssueFalse,118581,435,10119,19,9,4,9,10,1,4,10,10,10,10,10,10,10,10,10,9,9,9,10,9,9,10,10,10,10,10,10,10,10,10,10,10,10,10,10,10,10,10,10,8,8,9,3,4,9,4,8,9,2,3,9,3,7,3,3,3,4,4,4,5,4,4
sf,cvs,ossim,ossim/ossim/src/ossim_core/imaging/atmospheric_correction/ossimAtCorrRemapper.cc,clean,cpp,IssueFalse,118581,435,10119,19,9,7,8,6,2,10,7,7,7,5,6,5,5,5,5,9,9,9,6,6,6,5,6,5,6,6,6,6,6,6,6,6,6,6,6,6,9,9,9,8,8,9,10,10,9,10,10,9,9,8,9,10,10,10,10,10,10,10,10,10,10,10
sf,cvs,ossim,ossim/ossim/src/ossim_core/imaging/atmospheric_correction/ossimAtCorrRemapper.h,clean,cpp,IssueFalse,118581,435,10119,19,3,5,3,5,7,2,10,10,10,10,10,10,10,10,10,9,9,9,8,8,8,10,10,10,10,10,10,9,9,9,9,9,9,10,9,9,10,10,10,8,8,9,3,3,4,4,5,4,2,3,3,8,9,6,6,6,4,4,4,8,9,8
sf,cvs,ossim,ossim/ossim/src/ossim_core/imaging/atmospheric_correction/ossimGammaRemapper.cc,clean,cpp,IssueFalse,118581,435,10119,19,8,8,7,7,4,7,7,7,7,5,6,5,5,5,5,9,9,9,6,6,6,5,6,5,6,6,6,6,6,6,6,6,6,6,6,6,9,9,9,8,8,9,9,9,8,9,8,8,8,8,9,6,9,8,8,8,5,6,6,10,9,9
sf,cvs,ossim,ossim/ossim/src/ossim_core/imaging/atmospheric_correction/ossimGammaRemapper.h,clean,cpp,IssueFalse,118581,435,10119,19,2,5,2,2,8,2,10,9,9,10,10,10,10,10,10,9,9,9,9,8,8,10,10,10,10,9,9,9,9,8,9,9,8,9,9,9,10,9,9,8,8,9,3,3,2,2,2,2,2,2,2,5,9,4,4,4,4,4,4,8,6,7
sf,cvs,ossim,ossim/ossim/src/ossim_core/imaging/cache/ossimFixedTileCache.cpp,clean,cpp,IssueFalse,118581,435,10119,19,6,3,6,7,2,6,7,7,7,5,6,5,5,5,5,9,9,9,6,6,6,5,6,5,6,6,6,6,6,6,6,6,6,6,6,6,9,9,9,8,8,9,8,7,8,5,5,6,7,6,9,10,7,8,10,9,6,7,7,7,8,9
sf,cvs,ossim,ossim/ossim/src/ossim_core/imaging/factory/ossimImageHandlerFactory.cc,buggy,cpp,IssueFalse,118581,435,10119,19,7,1,7,5,1,7,7,7,7,5,6,5,5,5,5,9,9,9,6,6,6,5,6,5,6,6,6,6,6,6,6,6,6,6,6,6,9,9,9,8,8,9,10,9,8,4,5,4,6,4,6,3,7,9,7,6,4,4,4,2,1,2
sf,cvs,ossim,ossim/ossim/src/ossim_core/imaging/factory/ossimImageSourceFactory.cc,clean,cpp,IssueFalse,118581,435,10119,19,8,5,7,5,2,7,7,7,7,5,6,5,5,5,5,9,9,9,6,6,6,5,6,5,6,6,6,6,6,6,6,6,6,6,6,6,9,9,9,8,8,9,10,10,9,4,4,4,9,10,8,9,7,7,6,7,4,4,4,5,5,7
sf,cvs,ossim,ossim/ossim/src/ossim_core/imaging/factory/ossimImagingPropertyInterfaceFactory.cc,clean,cpp,IssueFalse,118581,435,10119,19,8,1,7,4,1,6,7,7,7,5,6,5,5,5,5,9,9,9,6,6,6,5,6,5,6,6,6,6,6,6,6,6,6,6,6,6,9,9,9,8,8,9,10,10,9,4,4,4,4,3,4,6,7,8,8,7,4,4,4,4,4,5
sf,cvs,ossim,ossim/ossim/src/ossim_core/imaging/filters/ossimFilter.cc,clean,cpp,IssueFalse,118581,435,10119,19,6,9,5,5,6,6,7,7,7,5,6,5,5,5,5,9,9,9,6,6,6,5,6,5,6,6,6,6,6,6,6,6,6,6,6,6,9,9,9,8,8,9,7,6,6,6,5,5,5,5,6,6,7,3,3,3,4,4,4,4,5,5
sf,cvs,ossim,ossim/ossim/src/ossim_core/imaging/filters/ossimFilter.h,clean,cpp,IssueFalse,118581,435,10119,19,8,2,8,10,1,4,8,8,10,8,9,10,6,6,10,10,10,10,6,7,8,8,9,10,6,6,6,7,8,10,7,8,10,8,9,10,9,9,9,8,8,9,5,7,10,4,9,9,3,3,9,8,7,10,10,10,9,9,9,9,10,9
sf,cvs,ossim,ossim/ossim/src/ossim_core/imaging/formats/adrg/ossimAdrgTileSource.cc,clean,cpp,IssueFalse,118581,435,10119,19,9,10,8,9,6,10,7,7,7,5,6,5,5,5,5,9,9,9,6,6,6,5,6,5,6,6,6,6,6,6,6,6,6,6,6,6,9,9,9,8,8,9,9,9,9,6,9,8,7,9,9,9,9,4,6,5,9,9,9,9,10,9
sf,cvs,ossim,ossim/ossim/src/ossim_core/imaging/formats/ccf/ossimCcfTileSource.cc,clean,cpp,IssueFalse,118581,435,10119,19,9,10,9,9,6,10,7,7,7,5,6,5,5,5,5,9,9,9,6,6,6,5,6,5,6,6,6,6,6,6,6,6,6,6,6,6,9,9,9,8,8,9,9,9,9,6,7,8,7,8,9,8,7,7,7,7,9,10,9,10,10,9
sf,cvs,ossim,ossim/ossim/src/ossim_core/imaging/formats/cibcadrg/ossimCibCadrgTileSource.cc,clean,cpp,IssueFalse,118581,435,10119,19,10,9,9,10,2,10,7,7,7,5,6,5,5,5,5,9,9,9,6,6,6,5,6,5,6,6,6,6,6,6,6,6,6,6,6,6,9,9,9,8,8,9,9,9,10,9,10,10,8,9,10,10,9,3,5,5,8,9,9,8,10,9
sf,cvs,ossim,ossim/ossim/src/ossim_core/imaging/formats/cibcadrg/ossimCibCadrgTileSource.h,clean,cpp,IssueFalse,118581,435,10119,19,5,9,5,5,9,4,10,10,10,9,10,10,10,10,10,9,9,9,8,9,9,9,10,10,10,10,10,10,10,10,10,10,10,10,10,10,10,10,10,8,8,9,4,4,4,7,7,6,4,4,5,6,7,3,3,3,4,4,4,8,8,7
sf,cvs,ossim,ossim/ossim/src/ossim_core/imaging/formats/gdal/ossimGdalOgrVectorAnnotation.cc,clean,cpp,IssueFalse,118581,435,10119,19,10,4,9,9,1,10,8,8,8,5,6,5,5,5,6,9,9,9,6,6,7,5,6,5,8,8,8,7,7,8,7,7,7,7,7,8,9,9,9,8,8,9,9,9,10,10,10,10,9,9,10,3,7,3,3,3,6,5,5,3,3,3
sf,cvs,ossim,ossim/ossim/src/ossim_core/imaging/formats/gdal/ossimGdalTileSource.cc,clean,cpp,IssueFalse,118581,435,10119,19,10,9,9,9,2,10,7,7,7,5,6,5,5,5,5,9,9,9,6,6,6,5,6,5,6,6,6,6,6,6,6,6,6,6,6,6,9,9,9,8,8,9,10,9,10,6,9,9,8,9,10,10,9,8,8,9,8,9,9,9,10,10
sf,cvs,ossim,ossim/ossim/src/ossim_core/imaging/formats/gdal/ossimGdalWriter.cc,clean,cpp,IssueFalse,118581,435,10119,19,8,7,8,8,2,9,7,7,7,5,6,5,5,5,5,9,9,9,6,6,6,5,6,5,6,6,6,6,6,6,6,6,6,6,6,6,9,9,9,8,8,9,9,9,9,6,9,7,7,10,9,8,7,6,6,7,6,7,7,8,9,8
sf,cvs,ossim,ossim/ossim/src/ossim_core/imaging/formats/general_raster/ossimGeneralRasterInfo.cc,clean,cpp,IssueFalse,118581,435,10119,19,9,7,8,6,2,9,7,7,7,5,6,5,5,5,5,9,9,9,6,6,6,5,6,5,6,6,6,6,6,6,6,6,6,6,6,6,9,9,9,8,8,9,10,10,9,10,10,9,10,9,9,3,7,7,5,5,4,4,4,6,4,4
sf,cvs,ossim,ossim/ossim/src/ossim_core/imaging/formats/general_raster/ossimGeneralRasterTileSource.cc,clean,cpp,IssueFalse,118581,435,10119,19,9,10,9,9,5,7,7,7,7,5,6,5,5,5,5,9,9,9,6,6,6,5,6,5,6,6,6,6,6,6,6,6,6,6,6,6,9,9,9,8,8,9,9,9,10,6,7,9,8,9,10,9,9,6,7,7,6,7,7,8,9,9
sf,cvs,ossim,ossim/ossim/src/ossim_core/imaging/formats/nitf/ossimNitfTileSource.cc,clean,cpp,IssueFalse,118581,435,10119,19,10,10,9,9,3,10,7,7,7,5,6,5,5,5,5,9,9,9,6,6,6,5,6,5,6,6,6,6,6,6,6,6,6,6,6,6,9,9,9,8,8,9,10,10,10,10,10,10,9,10,10,9,9,6,6,7,5,5,5,9,10,9
sf,cvs,ossim,ossim/ossim/src/ossim_core/imaging/formats/nitf/ossimNitfTileSource.h,clean,cpp,IssueFalse,118581,435,10119,19,4,9,4,3,9,2,10,10,10,10,10,10,10,10,10,10,10,10,9,9,9,10,10,10,10,10,10,10,10,10,10,10,10,10,10,10,9,9,9,10,10,10,3,3,3,2,2,2,2,2,2,3,7,4,3,3,4,4,4,6,4,4
sf,cvs,ossim,ossim/ossim/src/ossim_core/imaging/formats/nitf/ossimQuickbirdNitfTileSource.cc,clean,cpp,IssueFalse,118581,435,10119,19,3,3,2,3,6,6,7,7,7,5,6,5,5,5,5,9,9,9,6,6,6,5,6,5,6,6,6,6,6,6,6,6,6,6,6,6,9,9,9,8,8,9,9,7,4,8,5,3,8,5,4,5,7,7,6,6,4,4,4,3,3,4
sf,cvs,ossim,ossim/ossim/src/ossim_core/imaging/formats/nitf/ossimQuickbirdNitfTileSource.h,clean,cpp,IssueFalse,118581,435,10119,19,1,3,1,1,10,2,8,8,7,10,10,10,10,10,10,9,9,9,7,7,7,10,10,10,7,7,7,6,7,6,6,6,6,7,7,7,9,9,9,8,8,9,1,1,2,2,2,2,2,1,2,5,7,4,4,4,4,4,4,5,4,5
sf,cvs,ossim,ossim/ossim/src/ossim_core/imaging/formats/ossimImageFileWriter.cc,clean,cpp,IssueFalse,118581,435,10119,19,8,5,7,9,2,7,7,7,7,5,6,5,5,5,5,9,9,9,6,6,6,5,6,5,6,6,6,6,6,6,6,6,6,6,6,6,9,9,9,8,8,9,6,8,9,7,9,9,4,6,9,5,7,10,10,10,8,7,7,8,6,7
sf,cvs,ossim,ossim/ossim/src/ossim_core/imaging/formats/ossimImageFileWriter.h,clean,cpp,IssueFalse,118581,435,10119,19,3,9,4,1,9,2,10,10,9,8,7,8,8,8,8,10,10,10,9,9,9,8,7,8,10,10,9,10,10,10,10,10,10,10,10,10,10,9,9,8,8,9,1,1,2,2,2,2,2,1,2,5,7,8,7,7,10,9,9,9,9,8
sf,cvs,ossim,ossim/ossim/src/ossim_core/imaging/formats/ossimImageHandler.cc,clean,cpp,IssueFalse,118581,435,10119,19,9,7,9,10,2,9,7,7,7,5,6,5,5,5,5,9,9,9,6,6,6,5,6,5,6,6,6,6,6,6,6,6,6,6,6,6,9,9,9,8,8,9,8,9,9,9,9,10,7,7,10,7,7,8,8,8,5,5,6,6,7,7
sf,cvs,ossim,ossim/ossim/src/ossim_core/imaging/formats/ossimImageHandler.h,clean,cpp,IssueFalse,118581,435,10119,19,5,10,5,7,9,4,10,10,10,10,10,10,10,10,10,10,10,10,9,8,8,10,10,10,10,10,9,10,10,10,10,10,10,10,10,10,10,10,10,8,8,9,3,4,5,5,7,6,3,3,5,5,7,3,3,3,10,8,8,5,5,5
sf,cvs,ossim,ossim/ossim/src/ossim_core/imaging/formats/tiff/ossimTiffOverviewBuilder.cc,clean,cpp,IssueFalse,118581,435,10119,19,10,10,9,7,4,10,7,7,7,5,6,5,5,5,5,9,9,9,6,6,6,5,6,5,6,6,6,6,6,6,6,6,6,6,6,6,9,9,9,8,8,9,10,10,10,9,7,8,9,9,9,5,7,5,5,4,4,4,4,7,5,6
sf,cvs,ossim,ossim/ossim/src/ossim_core/imaging/formats/tiff/ossimTiffTileSource.cc,clean,cpp,IssueFalse,118581,435,10119,19,10,10,10,9,4,10,7,7,7,5,6,5,5,5,5,9,9,9,6,6,6,5,6,5,6,6,6,6,6,6,6,6,6,6,6,6,9,9,9,8,8,9,10,10,10,10,10,10,9,10,10,9,9,6,6,7,6,6,7,5,6,8
sf,cvs,ossim,ossim/ossim/src/ossim_core/imaging/formats/tiff/ossimTiffTileSource.h,clean,cpp,IssueFalse,118581,435,10119,19,5,9,5,5,8,4,10,10,10,10,10,10,10,10,10,9,9,9,8,7,8,10,10,10,10,10,10,10,10,10,10,10,10,10,10,10,9,9,9,10,10,10,4,4,4,5,5,5,3,3,4,5,7,3,3,3,4,4,4,9,8,7
sf,cvs,ossim,ossim/ossim/src/ossim_core/imaging/formats/tiff/ossimTiffWriter.cc,clean,cpp,IssueFalse,118581,435,10119,19,10,9,10,8,2,10,7,7,7,5,6,5,5,5,5,9,9,9,6,6,6,5,6,5,6,6,6,6,6,6,6,6,6,6,6,6,9,9,9,8,8,9,10,10,10,10,9,10,10,9,10,10,7,3,3,3,4,4,4,2,1,2
sf,cvs,ossim,ossim/ossim/src/ossim_core/imaging/formats/tiff/ossimTiffWriter.h,clean,cpp,IssueFalse,118581,435,10119,19,5,8,4,6,7,4,10,10,10,9,9,9,9,9,9,9,9,9,10,9,9,9,9,9,10,10,10,10,10,10,10,10,10,10,10,9,10,10,10,8,8,9,4,4,5,4,5,5,2,3,4,8,7,4,3,4,8,8,8,3,3,5
sf,cvs,ossim,ossim/ossim/src/ossim_core/imaging/formats/vpf/ossimVpfAnnotationFeatureInfo.h,clean,cpp,IssueFalse,118581,435,10119,19,6,1,5,9,1,2,9,9,8,8,7,8,9,9,9,9,9,9,9,9,9,8,7,8,10,10,10,10,10,10,10,10,10,10,10,10,10,10,10,8,8,9,3,3,6,3,3,6,2,2,5,9,7,9,9,9,7,8,8,6,8,8
sf,cvs,ossim,ossim/ossim/src/ossim_core/imaging/metadata/geom/ossimGeomFileWriter.cc,clean,cpp,IssueFalse,118581,435,10119,19,4,6,3,5,7,6,7,7,7,5,6,5,5,5,5,9,9,9,6,6,6,5,6,5,6,6,6,6,6,6,6,6,6,6,6,6,9,9,9,8,8,9,6,6,5,4,4,4,5,6,5,3,7,9,7,7,4,4,4,6,5,5
sf,cvs,ossim,ossim/ossim/src/ossim_core/imaging/misc/ossimPixelFlipper.cc,clean,cpp,IssueFalse,118581,435,10119,19,7,8,6,8,4,9,7,7,7,5,6,5,5,5,5,9,9,9,6,6,6,5,6,5,6,6,6,6,6,6,6,6,6,6,6,6,9,9,9,8,8,9,7,9,8,6,5,7,4,4,7,5,7,5,5,4,4,4,4,5,4,5
sf,cvs,ossim,ossim/ossim/src/ossim_core/imaging/misc/ossimPixelFlipper.h,clean,cpp,IssueFalse,118581,435,10119,19,3,7,3,2,9,2,10,9,9,10,10,10,10,10,10,9,9,9,7,7,7,10,10,10,9,9,8,10,9,9,10,9,9,10,10,9,10,9,9,8,8,9,3,3,2,2,2,2,2,2,2,3,7,3,3,3,4,4,4,5,4,4
sf,cvs,ossim,ossim/ossim/src/ossim_core/imaging/misc/ossimVertexExtractor.cc,clean,cpp,IssueFalse,118581,435,10119,19,10,10,10,7,3,10,7,7,7,5,6,5,5,5,5,9,9,9,6,6,6,5,6,5,6,6,6,6,6,6,6,6,6,6,6,6,9,9,9,8,8,9,10,10,10,9,8,8,8,7,8,3,7,3,3,3,4,4,4,2,1,2
sf,cvs,ossim,ossim/ossim/src/ossim_core/imaging/ossimImageChain.cc,clean,cpp,IssueFalse,118581,435,10119,19,10,10,10,10,3,10,8,7,7,8,7,8,5,5,6,9,9,9,7,7,7,8,7,8,7,7,7,6,7,6,6,6,6,7,7,7,9,9,9,8,8,9,9,9,10,7,8,10,8,9,10,9,7,8,8,9,8,8,9,7,6,8
sf,cvs,ossim,ossim/ossim/src/ossim_core/imaging/ossimImageChain.h,clean,cpp,IssueFalse,118581,435,10119,19,5,10,5,3,9,6,10,10,10,10,10,10,10,10,10,9,9,9,9,9,9,10,10,10,10,9,9,10,10,10,10,10,10,10,10,10,10,10,10,8,8,9,7,5,3,7,4,3,4,3,3,7,7,7,7,7,4,4,4,5,4,6
sf,cvs,ossim,ossim/ossim/src/ossim_core/imaging/ossimImageData.cc,clean,cpp,IssueFalse,118581,435,10119,19,10,10,10,10,2,10,7,7,7,5,6,5,5,5,5,9,9,9,6,6,6,5,6,5,6,6,6,6,6,6,6,6,6,6,6,6,9,9,9,8,8,9,10,10,10,10,10,10,6,7,10,10,9,3,3,3,4,4,4,2,1,2
sf,cvs,ossim,ossim/ossim/src/ossim_core/imaging/ossimImageData.h,clean,cpp,IssueFalse,118581,435,10119,19,8,10,8,9,7,6,10,10,10,10,10,10,10,10,10,9,9,9,8,7,8,10,10,10,10,9,9,10,10,10,10,10,10,10,10,10,10,10,10,9,9,9,6,6,8,10,10,10,2,3,6,7,7,4,4,4,9,9,8,7,8,7
sf,cvs,ossim,ossim/ossim/src/ossim_core/imaging/ossimImageMetaData.cc,clean,cpp,IssueFalse,118581,435,10119,19,7,4,7,6,2,6,7,7,7,5,6,5,5,5,5,9,9,9,6,6,6,5,6,5,6,6,6,6,6,6,6,6,6,6,6,6,9,9,9,8,8,9,9,8,8,6,7,6,5,7,7,7,7,9,9,9,10,10,9,8,9,8
sf,cvs,ossim,ossim/ossim/src/ossim_core/imaging/ossimImageSource.cc,clean,cpp,IssueFalse,118581,435,10119,19,5,6,4,7,5,6,7,7,7,5,6,5,5,5,5,9,9,9,6,6,6,5,6,5,6,6,6,6,6,6,6,6,6,6,6,6,9,9,9,8,8,9,5,5,6,9,8,8,5,5,7,7,7,6,6,6,10,10,10,6,6,6
sf,cvs,ossim,ossim/ossim/src/ossim_core/imaging/ossimImageSource.h,clean,cpp,IssueFalse,118581,435,10119,19,5,9,5,7,8,4,10,9,9,10,10,10,10,10,10,10,10,10,6,6,7,10,10,10,7,7,7,10,10,10,10,10,10,10,10,10,10,10,10,8,8,9,5,4,6,6,8,7,4,3,7,8,7,4,5,5,7,7,7,6,6,7
sf,cvs,ossim,ossim/ossim/src/ossim_core/imaging/ossimImageSourceInterface.h,clean,cpp,IssueFalse,118581,435,10119,19,2,5,3,1,8,2,7,7,7,5,6,5,8,8,8,10,10,10,7,7,7,5,6,5,7,7,7,10,10,10,10,10,10,10,10,10,9,9,9,8,8,9,1,1,2,2,2,2,2,1,2,7,7,6,6,6,4,4,4,5,4,6
sf,cvs,ossim,ossim/ossim/src/ossim_core/imaging/ossimImageSourceSequencer.cc,clean,cpp,IssueFalse,118581,435,10119,19,8,4,7,9,2,7,7,7,7,5,6,5,5,5,5,9,9,9,6,6,6,5,6,5,6,6,6,6,6,6,6,6,6,6,6,6,9,9,9,8,8,9,7,8,9,4,5,7,4,7,9,5,7,6,6,5,8,7,7,3,3,4
sf,cvs,ossim,ossim/ossim/src/ossim_core/imaging/patch/ossimTilePatch.cc,clean,cpp,IssueFalse,118581,435,10119,19,8,6,8,8,2,10,7,7,7,5,6,5,5,5,5,9,9,9,6,6,6,5,6,5,6,6,6,6,6,6,6,6,6,6,6,6,9,9,9,8,8,9,8,8,8,7,6,7,6,7,8,3,7,3,3,3,4,4,4,5,4,4
sf,cvs,ossim,ossim/ossim/src/ossim_core/imaging/resample/ossimFilterResampler.cc,buggy,cpp,IssueFalse,118581,435,10119,19,10,8,9,8,2,10,7,7,7,5,6,5,5,5,5,9,9,9,6,6,6,5,6,5,6,6,6,6,6,6,6,6,6,6,6,6,9,9,9,8,8,9,10,9,9,9,8,9,6,7,8,10,7,7,8,9,8,8,9,10,10,10
sf,cvs,ossim,ossim/ossim/src/ossim_core/imaging/resample/ossimFilterResampler.h,buggy,cpp,IssueFalse,118581,435,10119,19,5,4,4,7,4,2,10,10,10,5,6,5,8,8,8,9,9,9,10,10,10,5,6,5,10,10,9,10,10,10,10,10,10,10,10,10,9,9,9,10,10,10,3,3,5,4,4,6,2,2,4,5,7,3,3,3,4,4,4,6,5,5
sf,cvs,ossim,ossim/ossim/src/ossim_core/imaging/tile_sources/ossim3x3ConvolutionFilter.cc,clean,cpp,IssueFalse,118581,435,10119,19,8,6,7,5,2,10,7,7,7,5,6,5,5,5,5,9,9,9,6,6,6,5,6,5,6,6,6,6,6,6,6,6,6,6,6,6,9,9,9,8,8,9,10,9,7,7,7,5,8,8,7,3,7,3,3,3,4,4,4,7,5,5
sf,cvs,ossim,ossim/ossim/src/ossim_core/imaging/tile_sources/ossimBandClipFilter.cc,buggy,cpp,IssueFalse,118581,435,10119,19,9,5,9,7,1,10,7,7,7,5,6,5,5,5,5,9,9,9,6,6,6,5,6,5,6,6,6,6,6,6,6,6,6,6,6,6,9,9,9,8,8,9,10,9,9,9,7,8,8,8,9,5,7,6,5,5,5,5,5,10,10,8
sf,cvs,ossim,ossim/ossim/src/ossim_core/imaging/tile_sources/ossimBandMergeSource.cc,clean,cpp,IssueFalse,118581,435,10119,19,7,4,6,6,2,7,7,7,7,5,6,5,5,5,5,9,9,9,6,6,6,5,6,5,6,6,6,6,6,6,6,6,6,6,6,6,9,9,9,8,8,9,9,8,8,4,5,5,8,8,8,7,7,5,6,5,6,6,6,8,9,8
sf,cvs,ossim,ossim/ossim/src/ossim_core/imaging/tile_sources/ossimBandMergeSource.h,clean,cpp,IssueFalse,118581,435,10119,19,2,5,2,1,9,2,10,9,9,10,10,10,10,10,10,9,9,9,7,7,7,10,10,10,9,8,8,9,9,8,9,8,8,9,9,9,10,9,9,8,8,9,1,1,2,2,2,2,2,1,2,3,7,3,3,3,4,4,4,5,4,4
sf,cvs,ossim,ossim/ossim/src/ossim_core/imaging/tile_sources/ossimBandSelector.cc,buggy,cpp,IssueFalse,118581,435,10119,19,7,5,7,7,2,7,7,7,7,5,6,5,5,5,5,9,9,9,6,6,6,5,6,5,6,6,6,6,6,6,6,6,6,6,6,6,9,9,9,8,8,9,9,8,8,8,6,8,7,7,9,7,7,7,6,7,5,5,5,7,9,7
sf,cvs,ossim,ossim/ossim/src/ossim_core/imaging/tile_sources/ossimBlendMosaic.cc,buggy,cpp,IssueFalse,118581,435,10119,19,9,6,8,7,2,10,7,7,7,5,6,5,5,5,5,9,9,9,6,6,6,5,6,5,6,6,6,6,6,6,6,6,6,6,6,6,9,9,9,8,8,9,10,10,8,6,7,6,7,8,8,6,7,9,9,8,10,10,9,10,10,10
sf,cvs,ossim,ossim/ossim/src/ossim_core/imaging/tile_sources/ossimBlendMosaic.h,clean,cpp,IssueFalse,118581,435,10119,19,3,6,3,3,7,4,10,10,10,10,10,10,10,10,10,9,9,9,8,7,8,10,10,10,9,8,8,9,9,9,9,9,9,10,9,9,10,10,10,8,8,9,6,5,3,5,4,3,2,2,2,3,7,6,5,4,8,6,6,6,5,5
sf,cvs,ossim,ossim/ossim/src/ossim_core/imaging/tile_sources/ossimBrightnessContrastSource.cc,clean,cpp,IssueFalse,118581,435,10119,19,8,1,8,7,1,10,7,7,7,5,6,5,5,5,5,9,9,9,6,6,6,5,6,5,6,6,6,6,6,6,6,6,6,6,6,6,9,9,9,8,8,9,9,9,8,7,5,7,7,7,8,3,7,10,8,7,10,9,8,10,9,8
sf,cvs,ossim,ossim/ossim/src/ossim_core/imaging/tile_sources/ossimBumpShadeTileSource.cc,buggy,cpp,IssueFalse,118581,435,10119,19,8,4,7,7,2,10,7,7,7,5,6,5,5,5,5,9,9,9,6,6,6,5,6,5,6,6,6,6,6,6,6,6,6,6,6,6,9,9,9,8,8,9,8,9,8,4,6,6,6,8,8,10,7,8,9,9,10,10,10,9,10,10
sf,cvs,ossim,ossim/ossim/src/ossim_core/imaging/tile_sources/ossimCacheTileSource.cc,buggy,cpp,IssueFalse,118581,435,10119,19,7,4,6,7,2,10,7,7,7,5,6,5,5,5,5,9,9,9,6,6,6,5,6,5,6,6,6,6,6,6,6,6,6,6,6,6,9,9,9,8,8,9,8,9,8,9,8,8,9,8,9,9,7,7,8,8,9,9,10,8,9,9
sf,cvs,ossim,ossim/ossim/src/ossim_core/imaging/tile_sources/ossimCacheTileSource.h,buggy,cpp,IssueFalse,118581,435,10119,19,3,4,3,4,6,4,10,9,9,10,10,10,10,10,10,9,9,9,8,8,8,10,10,10,10,10,9,9,9,9,9,9,9,10,9,9,10,10,10,8,8,9,5,4,4,5,4,4,2,2,3,7,7,4,5,4,5,6,6,6,5,6
sf,cvs,ossim,ossim/ossim/src/ossim_core/imaging/tile_sources/ossimCastTileSourceFilter.cc,buggy,cpp,IssueFalse,118581,435,10119,19,8,5,8,7,2,10,7,7,7,5,6,5,5,5,5,9,9,9,6,6,6,5,6,5,6,6,6,6,6,6,6,6,6,6,6,6,9,9,9,8,8,9,9,10,8,9,7,8,7,8,8,5,7,4,4,4,4,4,4,5,4,5
sf,cvs,ossim,ossim/ossim/src/ossim_core/imaging/tile_sources/ossimCastTileSourceFilter.h,clean,cpp,IssueFalse,118581,435,10119,19,4,5,3,4,6,6,10,10,10,10,10,10,10,10,10,9,9,9,9,8,8,10,10,10,9,9,8,9,9,9,9,9,9,10,9,9,10,10,10,8,8,9,7,5,4,6,5,4,5,3,4,3,7,3,3,3,4,4,4,6,4,4
sf,cvs,ossim,ossim/ossim/src/ossim_core/imaging/tile_sources/ossimColorNormalizedFusion.cc,clean,cpp,IssueFalse,118581,435,10119,19,4,5,4,3,6,7,7,7,7,5,6,5,5,5,5,9,9,9,6,6,6,5,6,5,6,6,6,6,6,6,6,6,6,6,6,6,9,9,9,8,8,9,10,9,5,3,3,2,8,6,4,3,7,9,6,6,10,9,8,10,9,7
sf,cvs,ossim,ossim/ossim/src/ossim_core/imaging/tile_sources/ossimConvolutionSource.cc,clean,cpp,IssueFalse,118581,435,10119,19,8,4,8,7,2,10,7,7,7,5,6,5,5,5,5,9,9,9,6,6,6,5,6,5,6,6,6,6,6,6,6,6,6,6,6,6,9,9,9,8,8,9,9,10,9,9,8,8,8,8,9,5,7,3,3,3,4,4,4,7,6,6
sf,cvs,ossim,ossim/ossim/src/ossim_core/imaging/tile_sources/ossimConvolutionSource.h,clean,cpp,IssueFalse,118581,435,10119,19,3,4,3,2,7,2,10,10,9,10,10,10,10,10,10,9,9,9,9,8,8,10,10,10,10,9,9,9,9,9,9,9,8,9,9,9,10,10,10,8,8,9,3,3,2,5,3,2,3,2,2,3,7,3,3,3,4,4,4,5,4,4
sf,cvs,ossim,ossim/ossim/src/ossim_core/imaging/tile_sources/ossimEquationCombiner.cc,clean,cpp,IssueFalse,118581,435,10119,19,10,6,10,10,1,10,7,7,9,8,7,10,5,5,8,9,9,9,6,6,6,8,7,10,6,6,6,6,6,9,6,6,9,6,6,10,9,9,9,8,8,9,10,10,10,8,8,10,7,10,10,8,7,3,3,3,4,4,4,2,1,2
sf,cvs,ossim,ossim/ossim/src/ossim_core/imaging/tile_sources/ossimEquationCombiner.h,clean,cpp,IssueFalse,118581,435,10119,19,5,9,4,3,9,2,10,10,10,8,10,10,9,10,10,10,10,10,6,8,9,8,10,10,8,10,10,8,10,10,8,10,10,7,9,9,10,10,10,8,8,9,3,3,2,3,2,2,2,2,2,3,7,3,3,3,4,4,4,5,4,4
sf,cvs,ossim,ossim/ossim/src/ossim_core/imaging/tile_sources/ossimFeatherMosaic.cc,clean,cpp,IssueFalse,118581,435,10119,19,8,5,8,6,2,10,7,7,7,5,6,5,5,5,5,9,9,9,6,6,6,5,6,5,6,6,6,6,6,6,6,6,6,6,6,6,9,9,9,8,8,9,10,9,8,9,8,7,9,8,8,5,7,4,4,4,5,5,5,6,4,5
sf,cvs,ossim,ossim/ossim/src/ossim_core/imaging/tile_sources/ossimFusionCombiner.cc,clean,cpp,IssueFalse,118581,435,10119,19,5,3,4,5,3,7,7,7,7,5,6,5,5,5,5,9,9,9,6,6,6,5,6,5,6,6,6,6,6,6,6,6,6,6,6,6,9,9,9,8,8,9,8,6,6,6,5,6,9,6,8,3,7,10,8,7,4,4,4,3,3,3
sf,cvs,ossim,ossim/ossim/src/ossim_core/imaging/tile_sources/ossimFusionCombiner.h,clean,cpp,IssueFalse,118581,435,10119,19,2,4,2,1,9,2,9,9,8,10,10,10,10,10,10,9,9,9,7,7,7,10,10,10,10,9,9,8,8,8,8,8,8,8,8,8,10,10,10,8,8,9,1,1,2,2,2,2,2,1,2,5,7,7,6,6,10,9,8,9,8,7
sf,cvs,ossim,ossim/ossim/src/ossim_core/imaging/tile_sources/ossimGeoPolyCutter.cc,clean,cpp,IssueFalse,118581,435,10119,19,7,3,7,8,2,7,7,7,7,5,6,5,5,5,5,9,9,9,6,6,6,5,6,5,6,6,6,6,6,6,6,6,6,6,6,6,9,9,9,8,8,9,8,7,8,6,5,8,6,8,9,9,7,5,6,7,6,7,7,6,6,8
sf,cvs,ossim,ossim/ossim/src/ossim_core/imaging/tile_sources/ossimHistogramEqualization.cc,clean,cpp,IssueFalse,118581,435,10119,19,8,9,7,7,5,10,7,7,7,5,6,5,5,5,5,9,9,9,6,6,6,5,6,5,6,6,6,6,6,6,6,6,6,6,6,6,9,9,9,8,8,9,9,9,8,8,7,7,7,6,8,7,7,10,9,9,10,10,10,10,10,9
sf,cvs,ossim,ossim/ossim/src/ossim_core/imaging/tile_sources/ossimHistogramEqualization.h,clean,cpp,IssueFalse,118581,435,10119,19,3,7,3,3,9,2,10,10,9,10,10,10,10,10,10,9,9,9,9,8,8,10,10,10,10,9,9,9,9,9,9,9,9,9,9,9,10,10,10,8,8,9,3,3,3,4,3,3,2,2,2,6,7,5,5,5,4,4,4,5,5,5
sf,cvs,ossim,ossim/ossim/src/ossim_core/imaging/tile_sources/ossimHistogramRemapper.cc,clean,cpp,IssueFalse,118581,435,10119,19,10,8,10,10,2,9,7,7,7,5,6,5,5,5,5,9,9,9,6,6,6,5,6,5,6,6,6,6,6,6,6,6,6,6,6,6,9,9,9,8,8,9,9,9,10,8,9,10,5,7,10,10,7,10,10,10,10,10,10,9,10,10
sf,cvs,ossim,ossim/ossim/src/ossim_core/imaging/tile_sources/ossimHistogramRemapper.h,clean,cpp,IssueFalse,118581,435,10119,19,5,10,5,1,10,2,10,10,10,10,10,10,10,10,10,9,9,9,9,8,8,10,10,10,10,10,10,10,10,10,10,10,10,10,10,10,9,9,9,10,10,10,1,1,2,2,2,2,2,1,2,10,7,10,10,10,7,8,8,7,9,9
sf,cvs,ossim,ossim/ossim/src/ossim_core/imaging/tile_sources/ossimHsiRemapper.cc,clean,cpp,IssueFalse,118581,435,10119,19,10,10,10,10,2,9,7,7,7,5,6,5,5,5,5,9,9,9,6,6,6,5,6,5,6,6,6,6,6,6,6,6,6,6,6,6,9,9,9,8,8,9,8,10,10,9,10,10,6,10,10,10,7,3,3,3,4,4,4,2,1,2
sf,cvs,ossim,ossim/ossim/src/ossim_core/imaging/tile_sources/ossimHsiRemapper.h,clean,cpp,IssueFalse,118581,435,10119,19,6,4,7,2,3,2,10,10,10,10,10,10,10,10,10,9,9,9,8,7,8,10,10,10,10,10,10,10,10,10,10,10,10,10,10,10,10,10,10,8,8,9,3,3,2,2,2,2,2,2,2,9,7,6,7,7,10,10,10,5,6,7
sf,cvs,ossim,ossim/ossim/src/ossim_core/imaging/tile_sources/ossimHsiToRgbSource.cc,clean,cpp,IssueFalse,118581,435,10119,19,5,3,5,5,3,9,7,7,7,5,6,5,5,5,5,9,9,9,6,6,6,5,6,5,6,6,6,6,6,6,6,6,6,6,6,6,9,9,9,8,8,9,9,8,6,6,6,5,8,8,7,3,7,3,3,3,4,4,4,5,4,4
sf,cvs,ossim,ossim/ossim/src/ossim_core/imaging/tile_sources/ossimHsiToRgbSource.h,clean,cpp,IssueFalse,118581,435,10119,19,2,3,2,4,7,2,9,9,8,10,10,10,10,10,10,9,9,9,8,7,8,10,10,10,9,8,8,9,9,8,9,8,8,9,9,9,10,9,9,8,8,9,3,3,3,2,2,2,2,2,2,3,7,3,3,3,4,4,4,5,4,4
sf,cvs,ossim,ossim/ossim/src/ossim_core/imaging/tile_sources/ossimHsvToRgbSource.cc,clean,cpp,IssueFalse,118581,435,10119,19,5,3,5,5,3,9,7,7,7,5,6,5,5,5,5,9,9,9,6,6,6,5,6,5,6,6,6,6,6,6,6,6,6,6,6,6,9,9,9,8,8,9,9,8,6,4,6,4,7,8,6,3,7,3,3,3,4,4,4,5,4,4
sf,cvs,ossim,ossim/ossim/src/ossim_core/imaging/tile_sources/ossimImageCombiner.cc,clean,cpp,IssueFalse,118581,435,10119,19,9,4,8,9,1,10,7,7,7,5,6,5,5,5,5,9,9,9,6,6,6,5,6,5,6,6,6,6,6,6,6,6,6,6,6,6,9,9,9,8,8,9,8,8,9,8,9,9,6,6,10,7,7,10,10,9,6,6,7,8,9,8
sf,cvs,ossim,ossim/ossim/src/ossim_core/imaging/tile_sources/ossimImageCombiner.h,clean,cpp,IssueFalse,118581,435,10119,19,4,7,4,3,7,6,10,10,10,10,10,10,10,10,10,10,10,10,7,7,7,10,10,10,10,9,9,10,10,10,10,10,10,10,10,10,9,9,9,8,8,9,5,5,3,7,6,4,4,3,3,6,7,6,6,6,5,6,6,5,4,5
sf,cvs,ossim,ossim/ossim/src/ossim_core/imaging/tile_sources/ossimImageMosaic.cc,clean,cpp,IssueFalse,118581,435,10119,19,8,7,8,5,2,10,7,7,7,5,6,5,5,5,5,9,9,9,6,6,6,5,6,5,6,6,6,6,6,6,6,6,6,6,6,6,9,9,9,8,8,9,10,10,7,8,7,6,8,7,7,8,7,10,10,10,7,7,7,8,8,8
sf,cvs,ossim,ossim/ossim/src/ossim_core/imaging/tile_sources/ossimImageMosaic.h,clean,cpp,IssueFalse,118581,435,10119,19,2,6,2,1,9,2,10,10,9,10,10,10,10,10,10,10,10,10,8,7,8,10,10,10,8,8,7,9,8,8,8,8,8,9,8,8,10,10,10,8,8,9,1,1,2,2,2,2,2,1,2,3,7,6,5,4,4,4,4,3,3,3
sf,cvs,ossim,ossim/ossim/src/ossim_core/imaging/tile_sources/ossimImageRenderer.cc,buggy,cpp,IssueFalse,118581,435,10119,19,10,9,10,9,2,10,7,7,7,5,6,5,5,5,5,9,9,9,6,6,6,5,6,5,6,6,6,6,6,6,6,6,6,6,6,6,9,9,9,8,8,9,9,9,10,10,9,10,9,8,10,10,7,7,10,10,9,10,10,9,10,10
sf,cvs,ossim,ossim/ossim/src/ossim_core/imaging/tile_sources/ossimImageRenderer.h,buggy,cpp,IssueFalse,118581,435,10119,19,7,8,6,8,5,2,10,10,10,9,10,10,10,10,10,9,9,9,9,9,9,9,10,10,10,10,10,10,10,10,10,10,10,10,10,10,9,9,9,10,10,10,3,3,6,9,8,9,4,4,7,9,7,4,5,6,5,6,6,6,7,8
sf,cvs,ossim,ossim/ossim/src/ossim_core/imaging/tile_sources/ossimImageSharpenFilter.cc,clean,cpp,IssueFalse,118581,435,10119,19,8,4,7,5,2,10,7,7,7,5,6,5,5,5,5,9,9,9,6,6,6,5,6,5,6,6,6,6,6,6,6,6,6,6,6,6,9,9,9,8,8,9,10,9,7,7,7,5,9,8,6,3,7,3,3,3,4,4,4,7,5,5
sf,cvs,ossim,ossim/ossim/src/ossim_core/imaging/tile_sources/ossimImageSourceFilter.cc,clean,cpp,IssueFalse,118581,435,10119,19,7,5,6,9,2,6,7,7,7,5,6,5,5,5,5,9,9,9,6,6,6,5,6,5,6,6,6,6,6,6,6,6,6,6,6,6,9,9,9,8,8,9,7,6,8,10,10,10,4,4,8,9,7,7,7,8,5,6,6,5,6,7
sf,cvs,ossim,ossim/ossim/src/ossim_core/imaging/tile_sources/ossimImageSourceFilter.h,clean,cpp,IssueFalse,118581,435,10119,19,3,7,3,3,8,4,10,9,9,10,10,10,10,10,10,10,10,10,6,6,7,10,10,10,8,8,7,10,10,10,10,10,10,10,10,10,9,9,9,8,8,9,6,4,3,7,5,3,3,2,2,7,7,5,5,5,7,7,7,8,8,8
sf,cvs,ossim,ossim/ossim/src/ossim_core/imaging/tile_sources/ossimImageSourceHistogramFilter.cc,clean,cpp,IssueFalse,118581,435,10119,19,6,3,5,6,3,6,7,7,7,5,6,5,5,5,5,9,9,9,6,6,6,5,6,5,6,6,6,6,6,6,6,6,6,6,6,6,9,9,9,8,8,9,8,7,7,7,7,7,5,5,7,3,7,7,6,5,4,4,4,3,3,3
sf,cvs,ossim,ossim/ossim/src/ossim_core/imaging/tile_sources/ossimImageToPlaneNormalFilter.cc,clean,cpp,IssueFalse,118581,435,10119,19,7,6,7,5,3,9,7,7,7,5,6,5,5,5,5,9,9,9,6,6,6,5,6,5,6,6,6,6,6,6,6,6,6,6,6,6,9,9,9,8,8,9,9,8,7,7,6,6,6,6,6,6,7,10,9,9,4,4,4,8,9,8
sf,cvs,ossim,ossim/ossim/src/ossim_core/imaging/tile_sources/ossimIndexToRgbLutFilter.cc,clean,cpp,IssueFalse,118581,435,10119,19,8,5,8,7,2,7,7,7,7,5,6,5,5,5,5,9,9,9,6,6,6,5,6,5,6,6,6,6,6,6,6,6,6,6,6,6,9,9,9,8,8,9,10,9,9,9,7,8,9,7,9,3,7,3,3,3,6,5,5,8,6,5
sf,cvs,ossim,ossim/ossim/src/ossim_core/imaging/tile_sources/ossimIndexToRgbLutFilter.h,clean,cpp,IssueFalse,118581,435,10119,19,4,9,4,7,9,2,10,10,10,10,10,10,10,10,10,9,9,9,8,8,8,10,10,10,10,10,10,10,10,9,10,10,9,10,10,9,10,10,10,8,8,9,3,3,5,2,2,4,2,2,4,3,7,3,3,3,4,4,4,6,4,4
sf,cvs,ossim,ossim/ossim/src/ossim_core/imaging/tile_sources/ossimIntensityAdjustmentFilter.cc,clean,cpp,IssueFalse,118581,435,10119,19,7,4,6,5,2,9,7,7,7,5,6,5,5,5,5,9,9,9,6,6,6,5,6,5,6,6,6,6,6,6,6,6,6,6,6,6,9,9,9,8,8,9,9,8,7,5,5,5,9,9,8,3,7,3,3,3,4,4,4,5,4,4
sf,cvs,ossim,ossim/ossim/src/ossim_core/imaging/tile_sources/ossimLandsatTopoCorrectionFilter.cc,clean,cpp,IssueFalse,118581,435,10119,19,5,5,4,5,4,10,7,7,7,5,6,5,5,5,5,9,9,9,6,6,6,5,6,5,6,6,6,6,6,6,6,6,6,6,6,6,9,9,9,8,8,9,7,8,6,6,7,6,7,6,7,6,7,10,10,10,7,7,7,7,8,7
sf,cvs,ossim,ossim/ossim/src/ossim_core/imaging/tile_sources/ossimLandsatTopoCorrectionFilter.h,clean,cpp,IssueFalse,118581,435,10119,19,2,3,2,2,8,2,9,8,8,10,10,10,10,10,10,9,9,9,8,8,8,10,10,10,8,8,7,9,8,8,8,8,8,9,8,8,10,9,9,8,8,9,3,3,2,3,2,2,2,2,2,6,7,4,4,4,4,4,4,3,4,5
sf,cvs,ossim,ossim/ossim/src/ossim_core/imaging/tile_sources/ossimMaskFilter.cc,clean,cpp,IssueFalse,118581,435,10119,19,9,4,8,8,1,10,7,7,7,5,6,5,5,5,5,9,9,9,6,6,6,5,6,5,6,6,6,6,6,6,6,6,6,6,6,6,9,9,9,8,8,9,9,8,9,7,6,7,7,7,9,7,7,5,5,6,6,7,6,5,4,6
sf,cvs,ossim,ossim/ossim/src/ossim_core/imaging/tile_sources/ossimMaskFilter.h,clean,cpp,IssueFalse,118581,435,10119,19,6,9,5,7,7,4,10,10,10,10,10,10,10,10,10,9,9,9,8,7,8,10,10,10,9,8,8,10,10,10,10,10,9,10,10,10,10,10,10,8,8,9,6,5,7,3,3,4,4,3,7,3,7,3,3,3,4,4,4,7,5,5
sf,cvs,ossim,ossim/ossim/src/ossim_core/imaging/tile_sources/ossimOrthoImageMosaic.cc,clean,cpp,IssueFalse,118581,435,10119,19,8,4,7,6,2,10,7,7,7,5,6,5,5,5,5,9,9,9,6,6,6,5,6,5,6,6,6,6,6,6,6,6,6,6,6,6,9,9,9,8,8,9,10,9,8,10,9,8,9,9,9,9,7,3,4,4,6,6,7,6,8,7
sf,cvs,ossim,ossim/ossim/src/ossim_core/imaging/tile_sources/ossimOrthoImageMosaic.h,clean,cpp,IssueFalse,118581,435,10119,19,2,5,2,1,9,2,10,9,9,10,10,10,10,10,10,9,9,9,9,8,8,10,10,10,10,9,9,9,9,8,9,8,8,9,9,9,10,9,9,8,8,9,1,1,2,2,2,2,2,1,2,3,7,3,3,3,4,4,4,5,4,4
sf,cvs,ossim,ossim/ossim/src/ossim_core/imaging/tile_sources/ossimPolyCutter.cc,clean,cpp,IssueFalse,118581,435,10119,19,7,5,7,8,2,9,7,7,7,5,6,5,5,5,5,9,9,9,6,6,6,5,6,5,6,6,6,6,6,6,6,6,6,6,6,6,9,9,9,8,8,9,8,9,8,7,7,8,7,9,9,7,7,6,6,6,7,8,7,6,7,6
sf,cvs,ossim,ossim/ossim/src/ossim_core/imaging/tile_sources/ossimRLevelFilter.cc,clean,cpp,IssueFalse,118581,435,10119,19,4,3,3,4,5,4,7,7,7,5,6,5,5,5,5,9,9,9,6,6,6,5,6,5,6,6,6,6,6,6,6,6,6,6,6,6,9,9,9,8,8,9,8,6,5,9,6,6,5,4,4,3,7,3,3,3,8,7,7,3,3,3
sf,cvs,ossim,ossim/ossim/src/ossim_core/imaging/tile_sources/ossimRgbToGreyFilter.cc,clean,cpp,IssueFalse,118581,435,10119,19,7,3,6,6,2,6,7,7,7,5,6,5,5,5,5,9,9,9,6,6,6,5,6,5,6,6,6,6,6,6,6,6,6,6,6,6,9,9,9,8,8,9,9,8,7,7,6,7,8,7,8,5,7,3,3,3,4,4,4,5,4,5
sf,cvs,ossim,ossim/ossim/src/ossim_core/imaging/tile_sources/ossimRgbToGreyFilter.h,clean,cpp,IssueFalse,118581,435,10119,19,3,4,2,3,7,4,10,9,9,10,10,10,10,10,10,9,9,9,7,7,7,10,10,10,10,9,9,9,9,8,9,9,8,9,9,9,10,9,9,8,8,9,4,4,3,2,2,2,3,3,3,3,7,3,3,3,4,4,4,6,5,5
sf,cvs,ossim,ossim/ossim/src/ossim_core/imaging/tile_sources/ossimRgbToHsiSource.cc,clean,cpp,IssueFalse,118581,435,10119,19,6,3,6,5,2,9,7,7,7,5,6,5,5,5,5,9,9,9,6,6,6,5,6,5,6,6,6,6,6,6,6,6,6,6,6,6,9,9,9,8,8,9,9,8,7,7,7,6,8,8,7,5,7,3,3,3,4,4,4,5,4,5
sf,cvs,ossim,ossim/ossim/src/ossim_core/imaging/tile_sources/ossimRgbToHsiSource.h,clean,cpp,IssueFalse,118581,435,10119,19,2,3,2,4,7,2,9,9,9,10,10,10,10,10,10,9,9,9,8,7,8,10,10,10,9,8,8,9,9,8,9,8,8,9,9,9,9,9,9,8,8,9,3,3,3,2,2,2,2,2,2,3,7,3,3,3,4,4,4,6,4,4
sf,cvs,ossim,ossim/ossim/src/ossim_core/imaging/tile_sources/ossimRgbToHsvSource.cc,clean,cpp,IssueFalse,118581,435,10119,19,6,3,6,5,2,9,7,7,7,5,6,5,5,5,5,9,9,9,6,6,6,5,6,5,6,6,6,6,6,6,6,6,6,6,6,6,9,9,9,8,8,9,9,8,7,7,7,5,9,8,7,3,7,3,3,3,4,4,4,5,4,4
sf,cvs,ossim,ossim/ossim/src/ossim_core/imaging/tile_sources/ossimRgbToHsvSource.h,clean,cpp,IssueFalse,118581,435,10119,19,2,3,2,4,7,2,9,9,9,10,10,10,10,10,10,9,9,9,8,7,8,10,10,10,9,8,8,9,9,8,9,8,8,9,9,9,9,9,9,8,8,9,3,3,3,2,2,2,2,2,3,3,7,3,3,3,4,4,4,6,4,4
sf,cvs,ossim,ossim/ossim/src/ossim_core/imaging/tile_sources/ossimScalarRemapper.cc,clean,cpp,IssueFalse,118581,435,10119,19,8,8,7,7,5,7,7,7,7,5,6,5,5,5,5,9,9,9,6,6,6,5,6,5,6,6,6,6,6,6,6,6,6,6,6,6,9,9,9,8,8,9,9,9,8,8,7,8,7,8,9,8,7,5,5,6,5,5,5,4,4,6
sf,cvs,ossim,ossim/ossim/src/ossim_core/imaging/tile_sources/ossimScalarRemapper.h,clean,cpp,IssueFalse,118581,435,10119,19,4,7,3,3,8,6,10,10,9,10,10,10,10,10,10,9,9,9,9,8,8,10,10,10,10,9,9,10,9,9,9,9,9,10,10,9,9,9,9,8,8,9,9,6,5,8,5,4,6,3,4,3,7,3,3,3,4,4,4,5,4,4
sf,cvs,ossim,ossim/ossim/src/ossim_core/imaging/tile_sources/ossimScaleFilter.cc,clean,cpp,IssueFalse,118581,435,10119,19,9,4,9,9,1,10,7,7,7,5,6,5,5,5,5,9,9,9,6,6,6,5,6,5,6,6,6,6,6,6,6,6,6,6,6,6,9,9,9,8,8,9,9,9,9,6,6,8,6,7,9,10,7,10,10,10,10,10,10,10,10,10
sf,cvs,ossim,ossim/ossim/src/ossim_core/imaging/tile_sources/ossimSubImageTileSource.cc,clean,cpp,IssueFalse,118581,435,10119,19,5,7,4,5,7,4,7,7,7,5,6,5,5,5,5,9,9,9,6,6,6,5,6,5,6,6,6,6,6,6,6,6,6,6,6,6,9,9,9,8,8,9,8,6,6,9,7,7,6,4,6,3,7,7,5,5,4,4,4,6,4,4
sf,cvs,ossim,ossim/ossim/src/ossim_core/imaging/tile_sources/ossimTableRemapper.cc,buggy,cpp,IssueFalse,118581,435,10119,19,8,9,8,8,4,7,7,7,7,5,6,5,5,5,5,9,9,9,6,6,6,5,6,5,6,6,6,6,6,6,6,6,6,6,6,6,9,9,9,8,8,9,9,9,9,9,9,9,7,6,9,10,7,8,9,9,8,9,9,7,9,9
sf,cvs,ossim,ossim/ossim/src/ossim_core/imaging/tile_sources/ossimTableRemapper.h,clean,cpp,IssueFalse,118581,435,10119,19,3,8,3,1,9,2,10,10,10,10,10,10,10,10,10,10,10,10,7,7,7,10,10,10,10,10,10,10,9,9,10,9,9,9,9,9,10,10,10,8,8,9,1,1,2,2,2,2,2,1,2,9,7,5,6,7,7,8,8,3,4,6
sf,cvs,ossim,ossim/ossim/src/ossim_core/imaging/tile_sources/ossimTopographicCorrectionFilter.cc,clean,cpp,IssueFalse,118581,435,10119,19,9,6,9,7,2,10,7,7,7,5,6,5,5,5,5,9,9,9,6,6,6,5,6,5,6,6,6,6,6,6,6,6,6,6,6,6,9,9,9,8,8,9,10,9,9,10,9,9,10,8,9,10,7,10,10,10,10,10,10,9,10,10
sf,cvs,ossim,ossim/ossim/src/ossim_core/imaging/tile_sources/ossimTopographicCorrectionFilter.h,clean,cpp,IssueFalse,118581,435,10119,19,7,8,6,9,4,4,10,10,10,10,10,10,10,10,10,10,10,10,9,9,9,10,10,10,10,10,10,10,10,10,10,10,10,10,10,10,10,10,10,8,8,9,5,4,8,4,5,7,3,3,8,10,7,8,9,10,7,8,8,6,7,8
sf,cvs,ossim,ossim/ossim/src/ossim_core/imaging/tile_sources/ossimValueAssignImageSourceFilter.cc,clean,cpp,IssueFalse,118581,435,10119,19,8,4,7,6,2,7,7,7,7,5,6,5,5,5,5,9,9,9,6,6,6,5,6,5,6,6,6,6,6,6,6,6,6,6,6,6,9,9,9,8,8,9,9,9,7,7,6,6,8,8,8,3,7,6,5,5,4,4,4,3,3,3
sf,cvs,ossim,ossim/ossim/src/ossim_core/matrix/include.h,clean,cpp,IssueFalse,118581,435,10119,19,1,5,1,1,10,2,7,7,7,5,6,5,5,5,5,9,9,9,6,6,6,5,6,5,6,6,6,6,6,6,6,6,6,6,6,6,9,9,9,8,8,9,1,1,2,2,2,2,2,1,2,3,7,3,3,3,4,4,4,6,4,4
sf,cvs,ossim,ossim/ossim/src/ossim_core/matrix/newmat9.cpp,clean,cpp,IssueFalse,118581,435,10119,19,2,2,3,3,8,6,7,7,7,5,6,5,5,5,5,9,9,9,6,6,6,5,6,5,6,6,6,6,6,6,6,6,6,6,6,6,9,9,9,8,8,9,7,6,3,9,7,4,7,4,4,3,9,3,3,3,4,4,4,5,4,4
sf,cvs,ossim,ossim/ossim/src/ossim_core/matrix/precisio.h,clean,cpp,IssueFalse,118581,435,10119,19,1,1,1,1,1,2,7,7,7,5,6,5,5,5,5,9,9,9,6,6,6,5,6,5,6,6,6,6,6,6,6,6,6,6,6,6,9,9,9,8,8,9,1,1,2,2,2,2,2,1,2,5,7,7,5,6,8,7,7,2,1,2
sf,cvs,ossim,ossim/ossim/src/ossim_core/parallel/ossimImageMpiSWriterSequenceConnection.cc,clean,cpp,IssueFalse,118581,435,10119,19,5,1,4,5,1,7,7,7,7,5,6,5,5,5,5,9,9,9,6,6,6,5,6,5,6,6,6,6,6,6,6,6,6,6,6,6,9,9,9,8,8,9,7,6,6,3,4,3,3,3,4,3,7,3,3,3,4,4,4,3,3,3
sf,cvs,ossim,ossim/ossim/src/ossim_core/projections/factory/ossimSensorModelFactory.cc,clean,cpp,IssueFalse,118581,435,10119,19,7,9,7,6,5,10,7,7,7,5,6,5,5,5,5,9,9,9,6,6,6,5,6,5,6,6,6,6,6,6,6,6,6,6,6,6,9,9,9,8,8,9,9,10,8,8,7,7,7,7,8,3,7,10,9,9,7,6,6,6,5,5
sf,cvs,ossim,ossim/ossim/src/ossim_core/projections/map_projections/ossimAlbersProjection.cc,clean,cpp,IssueFalse,118581,435,10119,19,8,9,8,8,4,10,7,7,7,5,6,5,5,5,5,9,9,9,6,6,6,5,6,5,6,6,6,6,6,6,6,6,6,6,6,6,9,9,9,8,8,9,8,9,9,7,7,8,5,5,8,5,7,3,3,3,7,6,6,8,8,7
sf,cvs,ossim,ossim/ossim/src/ossim_core/projections/map_projections/ossimEquDistCylProjection.cc,clean,cpp,IssueFalse,118581,435,10119,19,7,9,6,7,7,6,7,7,7,5,6,5,5,5,5,9,9,9,6,6,6,5,6,5,6,6,6,6,6,6,6,6,6,6,6,6,9,9,9,8,8,9,6,6,7,9,9,9,7,7,8,3,7,3,3,3,6,5,5,6,5,5
sf,cvs,ossim,ossim/ossim/src/ossim_core/projections/map_projections/ossimEquDistCylProjection.h,clean,cpp,IssueFalse,118581,435,10119,19,4,9,3,5,9,2,9,9,9,10,10,10,10,10,10,9,9,9,7,7,7,10,10,10,10,10,10,10,9,9,10,9,9,10,9,9,9,9,9,10,10,10,3,3,3,3,2,3,3,2,3,3,7,3,3,3,4,4,4,6,5,5
sf,cvs,ossim,ossim/ossim/src/ossim_core/projections/map_projections/ossimLlxyProjection.cc,clean,cpp,IssueFalse,118581,435,10119,19,6,7,5,8,5,4,7,7,7,5,6,5,5,5,5,9,9,9,6,6,6,5,6,5,6,6,6,6,6,6,6,6,6,6,6,6,9,9,9,8,8,9,4,5,6,9,8,9,6,6,9,5,7,8,8,7,4,4,4,7,6,6
sf,cvs,ossim,ossim/ossim/src/ossim_core/projections/map_projections/ossimLlxyProjection.h,clean,cpp,IssueFalse,118581,435,10119,19,3,8,3,5,9,2,9,9,9,10,10,10,10,10,9,10,10,10,8,8,8,10,10,10,7,7,7,10,10,9,10,9,9,10,10,10,9,9,9,8,8,9,3,3,3,4,5,4,2,2,3,3,7,9,7,6,4,4,4,3,3,3
sf,cvs,ossim,ossim/ossim/src/ossim_core/projections/map_projections/ossimMapProjection.cc,clean,cpp,IssueFalse,118581,435,10119,19,9,10,9,9,5,9,7,7,7,5,6,5,5,5,5,9,9,9,6,6,6,5,6,5,6,6,6,6,6,6,6,6,6,6,6,6,9,9,9,8,8,9,8,10,9,10,10,10,7,9,10,10,7,7,10,10,6,8,9,9,10,10
sf,cvs,ossim,ossim/ossim/src/ossim_core/projections/map_projections/ossimMapProjection.h,clean,cpp,IssueFalse,118581,435,10119,19,6,8,6,9,7,2,10,10,10,9,9,9,9,9,9,10,10,10,9,9,9,9,9,9,10,10,10,10,10,10,10,10,10,10,10,10,10,9,9,8,8,9,3,3,7,5,5,8,3,4,7,9,7,4,4,5,6,7,7,4,4,6
sf,cvs,ossim,ossim/ossim/src/ossim_core/projections/map_projections/ossimMapProjectionInfo.cc,clean,cpp,IssueFalse,118581,435,10119,19,8,6,7,9,2,6,7,7,7,5,6,5,5,5,5,9,9,9,6,6,6,5,6,5,6,6,6,6,6,6,6,6,6,6,6,6,9,9,9,8,8,9,6,7,8,10,9,10,7,8,9,3,7,6,5,4,4,4,4,3,3,3
sf,cvs,ossim,ossim/ossim/src/ossim_core/projections/map_projections/ossimSpaceObliqueMercatorProjection.cc,clean,cpp,IssueFalse,118581,435,10119,19,7,7,7,7,3,7,7,7,7,5,6,5,5,5,5,9,9,9,6,6,6,5,6,5,6,6,6,6,6,6,6,6,6,6,6,6,9,9,9,8,8,9,9,9,8,6,5,6,6,6,8,3,7,5,4,4,4,4,4,5,4,4
sf,cvs,ossim,ossim/ossim/src/ossim_core/projections/ossimImageViewProjectionTransform.cc,clean,cpp,IssueFalse,118581,435,10119,19,7,9,6,7,5,6,7,7,7,5,6,5,5,5,5,9,9,9,6,6,6,5,6,5,6,6,6,6,6,6,6,6,6,6,6,6,9,9,9,8,8,9,8,7,8,9,8,8,7,6,9,10,7,9,10,10,10,10,10,9,10,10
sf,cvs,ossim,ossim/ossim/src/ossim_core/projections/ossimImageViewProjectionTransform.h,clean,cpp,IssueFalse,118581,435,10119,19,4,7,4,5,7,4,10,9,9,10,10,10,9,9,9,9,9,9,9,8,8,10,10,10,10,10,9,10,9,9,10,9,9,10,10,9,10,9,9,8,8,9,5,4,4,4,3,4,3,3,3,7,7,7,7,7,5,6,6,6,6,7
sf,cvs,ossim,ossim/ossim/src/ossim_core/projections/ossimImageViewTransform.cc,clean,cpp,IssueFalse,118581,435,10119,19,5,1,5,3,1,6,7,7,7,5,6,5,5,5,5,9,9,9,6,6,6,5,6,5,6,6,6,6,6,6,6,6,6,6,6,6,9,9,9,8,8,9,8,5,4,7,5,4,9,6,5,3,7,10,9,8,4,4,4,3,3,3
sf,cvs,ossim,ossim/ossim/src/ossim_core/projections/ossimImageViewTransform.h,clean,cpp,IssueFalse,118581,435,10119,19,4,7,4,7,7,2,9,9,8,9,9,9,9,8,8,10,10,10,7,7,7,9,9,9,7,7,7,10,10,9,10,9,9,10,10,9,9,9,9,8,8,9,3,3,5,5,7,6,2,3,5,6,7,7,6,7,5,6,6,6,7,6
sf,cvs,ossim,ossim/ossim/src/ossim_core/projections/ossimProjection.cc,clean,cpp,IssueFalse,118581,435,10119,19,5,9,5,5,8,6,7,7,7,5,6,5,5,5,5,9,9,9,6,6,6,5,6,5,6,6,6,6,6,6,6,6,6,6,6,6,9,9,9,8,8,9,6,7,5,10,9,7,4,4,5,3,7,7,5,5,8,7,6,8,6,6
sf,cvs,ossim,ossim/ossim/src/ossim_core/projections/ossimProjection.h,clean,cpp,IssueFalse,118581,435,10119,19,3,9,3,3,10,2,9,8,8,8,7,8,8,8,8,10,10,10,8,8,8,8,7,8,7,7,7,9,9,9,9,9,9,10,9,9,9,9,9,8,8,9,3,3,3,10,10,7,3,2,3,3,7,7,6,5,4,4,4,3,3,3
sf,cvs,ossim,ossim/ossim/src/ossim_core/projections/sensor_modeling/coarse_grid/ossimCoarseGridModel.cc,clean,cpp,IssueFalse,118581,435,10119,19,9,10,9,7,6,9,7,7,7,5,6,5,5,5,5,9,9,9,6,6,6,5,6,5,6,6,6,6,6,6,6,6,6,6,6,6,9,9,9,8,8,9,10,9,9,10,9,9,9,10,9,9,7,8,9,8,7,8,8,9,10,9
sf,cvs,ossim,ossim/ossim/src/ossim_core/projections/sensor_modeling/fcsi/ossimFcsiModel.cc,clean,cpp,IssueFalse,118581,435,10119,19,9,10,9,7,6,7,7,7,7,5,6,5,5,5,5,9,9,9,6,6,6,5,6,5,6,6,6,6,6,6,6,6,6,6,6,6,9,9,9,8,8,9,10,10,9,10,10,10,10,9,10,3,7,3,3,3,4,4,4,8,6,6
sf,cvs,ossim,ossim/ossim/src/ossim_core/projections/sensor_modeling/landsat/ossimLandSatModel.cc,clean,cpp,IssueFalse,118581,435,10119,19,9,10,9,8,6,6,7,7,7,5,6,5,5,5,5,9,9,9,6,6,6,5,6,5,6,6,6,6,6,6,6,6,6,6,6,6,9,9,9,8,8,9,10,9,9,10,10,10,10,10,10,9,7,8,9,8,8,9,8,9,10,10
sf,cvs,ossim,ossim/ossim/src/ossim_core/projections/sensor_modeling/ossimSensorModel.cc,buggy,cpp,IssueFalse,118581,435,10119,19,9,10,9,7,7,6,7,7,7,5,6,5,5,5,5,9,9,9,6,6,6,5,6,5,6,6,6,6,6,6,6,6,6,6,6,6,9,9,9,8,8,9,10,10,9,10,10,10,9,9,9,9,7,9,10,9,10,10,10,10,10,10
sf,cvs,ossim,ossim/ossim/src/ossim_core/projections/sensor_modeling/ossimSensorModel.h,clean,cpp,IssueFalse,118581,435,10119,19,4,9,4,5,9,4,10,10,10,9,9,9,9,9,9,10,10,10,9,8,8,9,9,9,10,10,10,10,10,10,10,10,10,10,10,10,10,10,10,8,8,9,4,4,4,7,8,6,2,3,3,5,7,6,6,5,10,9,8,9,9,7
sf,cvs,ossim,ossim/ossim/src/ossim_core/projections/sensor_modeling/rpc/ossimIkonosRpcModel.cc,clean,cpp,IssueFalse,118581,435,10119,19,7,9,8,5,6,6,7,7,7,5,6,5,5,5,5,9,9,9,6,6,6,5,6,5,6,6,6,6,6,6,6,6,6,6,6,6,9,9,9,8,8,9,10,10,8,9,9,7,8,5,7,3,7,3,3,3,6,5,5,8,6,6
sf,cvs,ossim,ossim/ossim/src/ossim_core/projections/sensor_modeling/rpc/ossimNitfRpcModel.cc,clean,cpp,IssueFalse,118581,435,10119,19,7,9,7,2,6,7,7,7,7,5,6,5,5,5,5,9,9,9,6,6,6,5,6,5,6,6,6,6,6,6,6,6,6,6,6,6,9,9,9,8,8,9,10,9,6,10,9,5,10,10,6,5,7,3,3,3,4,4,4,8,6,7
sf,cvs,ossim,ossim/ossim/src/ossim_core/projections/sensor_modeling/rpc/ossimRpcModel.cc,clean,cpp,IssueFalse,118581,435,10119,19,9,10,9,7,5,6,7,7,7,5,6,5,5,5,5,9,9,9,6,6,6,5,6,5,6,6,6,6,6,6,6,6,6,6,6,6,9,9,9,8,8,9,10,10,9,10,10,10,9,9,9,7,7,8,8,8,7,8,7,7,7,7
sf,cvs,ossim,ossim/ossim/src/ossim_core/support_data/ers/ossimERS.cc,clean,cpp,IssueFalse,118581,435,10119,19,9,8,8,7,3,9,7,7,7,5,6,5,5,5,5,9,9,9,6,6,6,5,6,5,6,6,6,6,6,6,6,6,6,6,6,6,9,9,9,8,8,9,10,10,9,10,10,9,9,9,9,5,7,7,6,6,4,4,4,4,4,4
sf,cvs,ossim,ossim/ossim/src/ossim_core/support_data/ers/ossimERS.h,clean,cpp,IssueFalse,118581,435,10119,19,3,5,4,3,7,2,10,10,10,8,7,8,7,7,7,9,9,9,9,8,8,8,7,8,10,10,10,9,9,9,9,9,8,9,8,8,9,9,9,10,10,10,3,3,2,2,2,2,3,2,2,3,7,3,3,3,4,4,4,8,6,5
sf,cvs,ossim,ossim/ossim/src/ossim_core/support_data/ff_l7/ossimFfL7.cc,clean,cpp,IssueFalse,118581,435,10119,19,8,7,9,7,3,7,7,7,7,5,6,5,5,5,5,9,9,9,6,6,6,5,6,5,6,6,6,6,6,6,6,6,6,6,6,6,9,9,9,8,8,9,10,10,9,10,10,9,7,7,8,6,7,6,6,6,7,6,6,3,3,4
sf,cvs,ossim,ossim/ossim/src/ossim_core/support_data/ff_l7/ossimFfL7.h,clean,cpp,IssueFalse,118581,435,10119,19,4,8,5,5,8,4,10,10,10,8,7,8,7,7,7,9,9,9,8,7,8,8,7,8,10,10,10,10,9,9,10,9,9,10,9,9,9,9,9,10,10,10,4,4,4,5,5,4,2,2,3,3,7,7,5,5,4,4,4,5,4,4
sf,cvs,ossim,ossim/ossim/src/ossim_core/support_data/nitf/ossimNitfFileHeaderV2_1.cc,clean,cpp,IssueFalse,118581,435,10119,19,9,6,9,10,2,6,7,7,7,5,6,5,5,5,5,9,9,9,6,6,6,5,6,5,6,6,6,6,6,6,6,6,6,6,6,6,9,9,9,8,8,9,4,7,8,3,5,7,3,7,9,3,7,3,3,3,4,4,4,6,4,4
sf,cvs,ossim,ossim/ossim/src/ossim_core/support_data/nitf/ossimNitfImageHeaderV2_0.cc,clean,cpp,IssueFalse,118581,435,10119,19,8,5,8,8,2,6,7,7,7,5,6,5,5,5,5,9,9,9,6,6,6,5,6,5,6,6,6,6,6,6,6,6,6,6,6,6,9,9,9,8,8,9,5,9,7,2,3,3,4,6,8,5,7,4,4,4,4,4,4,5,4,5
sf,cvs,ossim,ossim/ossim/src/ossim_core/support_data/nitf/ossimNitfImageHeaderV2_1.cc,clean,cpp,IssueFalse,118581,435,10119,19,8,5,8,8,2,6,7,7,7,5,6,5,5,5,5,9,9,9,6,6,6,5,6,5,6,6,6,6,6,6,6,6,6,6,6,6,9,9,9,8,8,9,5,8,7,2,3,3,4,6,8,3,7,3,3,3,4,4,4,6,4,4
sf,cvs,ossim,ossim/ossim/src/ossim_core/support_data/rpf/ossimRpfFrame.cc,clean,cpp,IssueFalse,118581,435,10119,19,9,8,9,7,2,10,7,7,7,5,6,5,5,5,5,9,9,9,6,6,6,5,6,5,6,6,6,6,6,6,6,6,6,6,6,6,9,9,9,8,8,9,10,10,10,9,10,8,9,9,9,5,7,3,3,3,4,4,4,8,8,7
sf,cvs,ossim,ossim/ossim/src/ossim_core/support_data/rpf/ossimRpfHeader.h,clean,cpp,IssueFalse,118581,435,10119,19,4,5,4,3,7,2,7,7,7,5,6,5,7,7,7,9,9,9,10,9,9,5,6,5,10,10,10,10,10,9,10,10,9,10,10,10,9,9,9,8,8,9,5,4,3,3,2,2,2,2,2,3,7,3,3,3,6,5,5,6,5,5
sf,cvs,ossim,ossim/ossim/src/ossim_core/support_data/tiff/ossimGeoTiff.cc,clean,cpp,IssueFalse,118581,435,10119,19,10,10,10,9,4,10,7,7,7,5,6,5,5,5,5,9,9,9,6,6,6,5,6,5,6,6,6,6,6,6,6,6,6,6,6,6,9,9,9,8,8,9,10,10,10,6,10,8,4,7,9,10,9,8,9,9,9,10,9,9,10,10
sf,cvs,ossim,ossim/ossim/src/ossim_core/vec/vpf/ossimVpfCoverage.cc,clean,cpp,IssueFalse,118581,435,10119,19,6,3,5,6,3,10,7,7,7,5,6,5,5,5,5,9,9,9,6,6,6,5,6,5,6,6,6,6,6,6,6,6,6,6,6,6,9,9,9,8,8,9,8,9,7,3,4,3,4,5,5,6,7,10,10,9,10,10,10,10,10,9
sf,cvs,ossim,ossim/ossim/src/ossim_core/vec/vpf/ossimVpfLibrary.cc,clean,cpp,IssueFalse,118581,435,10119,19,6,5,6,7,3,6,7,7,7,5,6,5,5,5,5,9,9,9,6,6,6,5,6,5,6,6,6,6,6,6,6,6,6,6,6,6,9,9,9,8,8,9,7,6,7,3,4,5,7,7,9,3,7,7,6,5,4,4,4,5,4,4
sf,cvs,ossim,ossim/ossim/src/ossim_core/vec/vpf/ossimVpfTable.cc,clean,cpp,IssueFalse,118581,435,10119,19,10,6,9,8,1,10,7,7,7,5,6,5,5,5,5,9,9,9,6,6,6,5,6,5,6,6,6,6,6,6,6,6,6,6,6,6,9,9,9,8,8,9,10,10,10,9,10,9,5,5,8,7,7,9,9,9,6,6,6,9,10,9
sf,cvs,ossim,ossim/ossim/src/ossim_core/vec/vpf/ossimVpfTable.h,clean,cpp,IssueFalse,118581,435,10119,19,2,6,2,2,9,2,10,10,10,5,6,5,7,6,7,9,9,9,7,7,7,5,6,5,8,8,7,10,9,9,9,9,9,10,10,9,9,9,9,8,8,9,3,3,2,7,4,3,2,2,2,3,7,6,5,4,6,5,5,6,5,5
sf,cvs,ossim,ossim/ossim/src/ossim_core/vpf_util/set.c,clean,cpp,IssueFalse,118581,435,10119,19,8,10,8,7,10,9,7,7,7,5,6,5,5,5,5,9,9,9,6,6,6,5,6,5,6,6,6,6,6,6,6,6,6,6,6,6,9,9,9,8,8,9,9,8,9,10,7,9,6,6,8,3,7,3,3,3,4,4,4,6,4,4
sf,cvs,ossim,ossim/ossim/src/ossim_core/vpf_util/vpfmisc.c,clean,cpp,IssueFalse,118581,435,10119,19,7,10,7,8,10,6,7,7,7,5,6,5,5,5,5,9,9,9,6,6,6,5,6,5,6,6,6,6,6,6,6,6,6,6,6,6,9,9,9,8,8,9,9,7,9,7,7,8,5,4,8,3,7,3,3,3,4,4,4,9,7,6
sf,cvs,ossim,ossim/ossim/src/ossim_core/vpf_util/vpfptply.c,clean,cpp,IssueFalse,118581,435,10119,19,7,10,7,5,8,7,7,7,7,5,6,5,5,5,5,9,9,9,6,6,6,5,6,5,6,6,6,6,6,6,6,6,6,6,6,6,9,9,9,8,8,9,10,9,8,10,8,7,7,5,6,3,7,3,3,3,4,4,4,6,5,5
sf,cvs,ossim,ossim/ossim/src/ossim_core/vpf_util/vpfread.c,clean,cpp,IssueFalse,118581,435,10119,19,10,10,10,8,8,9,7,7,7,5,6,5,5,5,5,9,9,9,6,6,6,5,6,5,6,6,6,6,6,6,6,6,6,6,6,6,9,9,9,8,8,9,10,10,10,10,10,10,7,8,9,3,7,3,3,3,7,6,6,2,1,2
sf,cvs,ossim,ossim/ossim/src/ossim_core/vpf_util/vpftable.c,clean,cpp,IssueFalse,118581,435,10119,19,9,10,9,8,7,9,7,7,7,5,6,5,5,5,5,9,9,9,6,6,6,5,6,5,6,6,6,6,6,6,6,6,6,6,6,6,9,9,9,8,8,9,10,10,10,10,10,9,8,10,9,3,7,3,3,3,4,4,4,6,5,5
sf,cvs,ossim,ossim/ossim/src/ossim_core/vpf_util/vpfwrite.c,clean,cpp,IssueFalse,118581,435,10119,19,8,10,9,5,7,9,7,7,7,5,6,5,5,5,5,9,9,9,6,6,6,5,6,5,6,6,6,6,6,6,6,6,6,6,6,6,9,9,9,8,8,9,10,10,9,10,8,8,8,8,7,3,7,6,5,5,4,4,4,10,10,9
sf,cvs,ossim,ossim/ossim_qt/main.cpp,clean,cpp,IssueFalse,118581,435,10119,19,1,1,2,2,1,2,7,7,7,5,6,5,5,5,5,9,9,9,6,6,6,5,6,5,6,6,6,6,6,6,6,6,6,6,6,6,9,9,9,8,8,9,3,3,2,5,3,2,8,4,3,5,7,3,3,3,4,4,4,3,3,3
sf,cvs,ossim,ossim/ossim_qt/src/ossimDataManager.cpp,clean,cpp,IssueFalse,118581,435,10119,19,10,2,10,10,1,10,8,7,7,8,7,8,5,5,6,9,9,9,7,7,7,8,7,8,7,7,7,7,7,7,7,7,7,8,8,8,9,9,9,8,8,9,9,8,10,8,9,10,7,8,10,10,7,10,10,10,8,10,10,5,9,9
sf,cvs,ossim,ossim/ossim_qt/src/ossimDataManager.h,clean,cpp,IssueFalse,118581,435,10119,19,4,6,4,3,6,2,10,10,10,8,7,8,9,9,9,9,9,9,10,10,10,8,7,8,9,9,8,10,10,10,10,10,10,10,10,10,10,10,10,8,8,9,3,3,2,2,2,2,3,2,2,10,7,5,6,8,6,7,8,5,4,8
sf,cvs,ossim,ossim/ossim_qt/src/ossimQtAdjustableParameterDialogController.cpp,clean,cpp,IssueFalse,118581,435,10119,19,5,1,5,5,1,9,7,7,7,5,6,5,5,5,5,9,9,9,6,6,6,5,6,5,6,6,6,6,6,6,6,6,6,6,6,6,9,9,9,8,8,9,8,7,6,9,8,7,8,7,8,3,7,7,5,5,4,4,4,8,6,6
sf,cvs,ossim,ossim/ossim_qt/src/ossimQtApplicationUtility.cpp,clean,cpp,IssueFalse,118581,435,10119,19,2,1,2,3,1,4,7,7,7,5,6,5,5,5,5,9,9,9,6,6,6,5,6,5,6,6,6,6,6,6,6,6,6,6,6,6,9,9,9,8,8,9,5,5,3,10,7,6,3,2,3,3,7,7,5,5,4,4,4,8,7,6
sf,cvs,ossim,ossim/ossim_qt/src/ossimQtApplicationUtility.h,clean,cpp,IssueFalse,118581,435,10119,19,1,1,1,1,1,2,8,7,7,5,6,5,5,5,6,9,9,9,7,7,7,5,6,5,6,6,6,6,6,6,7,7,7,7,7,7,9,9,9,8,8,9,1,1,2,2,2,2,2,1,2,3,7,5,4,4,4,4,4,5,4,4
sf,cvs,ossim,ossim/ossim_qt/src/ossimQtBandSelectorController.cpp,clean,cpp,IssueFalse,118581,435,10119,19,8,6,8,9,2,7,7,7,7,5,6,5,5,5,5,9,9,9,6,6,6,5,6,5,6,6,6,6,6,6,6,6,6,6,6,6,9,9,9,8,8,9,8,8,9,6,7,8,5,5,9,9,7,10,10,10,8,9,8,8,9,8
sf,cvs,ossim,ossim/ossim_qt/src/ossimQtBandSelectorDialog.ui.h,clean,cpp,IssueFalse,118581,435,10119,19,5,1,4,8,2,4,7,7,7,5,6,5,5,5,5,9,9,9,6,6,6,5,6,5,6,6,6,6,6,6,6,6,6,6,6,6,9,9,9,8,8,9,6,4,7,2,2,3,2,3,5,6,7,9,9,8,7,7,7,7,8,7
sf,cvs,ossim,ossim/ossim_qt/src/ossimQtCombinerEditorDialog.ui.h,clean,cpp,IssueFalse,118581,435,10119,19,3,1,2,5,3,4,7,7,7,5,6,5,5,5,5,9,9,9,6,6,6,5,6,5,6,6,6,6,6,6,6,6,6,6,6,6,9,9,9,8,8,9,4,4,4,2,2,2,2,2,3,5,7,9,8,8,7,6,6,2,3,3
sf,cvs,ossim,ossim/ossim_qt/src/ossimQtDataManagerListBox.cpp,clean,cpp,IssueFalse,118581,435,10119,19,7,1,6,8,1,7,7,7,7,5,6,5,5,5,5,9,9,9,6,6,6,5,6,5,6,6,6,6,6,6,6,6,6,6,6,6,9,9,9,8,8,9,7,6,8,7,8,8,7,6,9,9,7,9,9,10,8,8,8,6,8,8
sf,cvs,ossim,ossim/ossim_qt/src/ossimQtDataManagerListBox.h,clean,cpp,IssueFalse,118581,435,10119,19,2,1,2,1,1,2,10,9,9,8,7,8,7,7,7,9,9,9,9,9,9,8,7,8,9,9,8,10,9,9,9,9,9,8,8,8,10,10,10,10,10,10,1,1,2,2,2,2,2,1,2,7,7,6,6,7,6,6,6,6,6,6
sf,cvs,ossim,ossim/ossim_qt/src/ossimQtDatumConverterDialog.ui.h,clean,cpp,IssueFalse,118581,435,10119,19,1,1,1,2,10,2,7,7,7,5,6,5,5,5,5,9,9,9,6,6,6,5,6,5,6,6,6,6,6,6,6,6,6,6,6,6,9,9,9,8,8,9,3,3,2,2,2,2,2,2,2,5,7,3,3,3,4,4,4,3,3,3
sf,cvs,ossim,ossim/ossim_qt/src/ossimQtDisplayUtility.cpp,clean,cpp,IssueFalse,118581,435,10119,19,4,1,4,5,1,7,7,7,7,5,6,5,5,5,5,9,9,9,6,6,6,5,6,5,6,6,6,6,6,6,6,6,6,6,6,6,9,9,9,8,8,9,8,6,6,8,6,7,5,4,6,6,7,9,7,8,4,4,4,7,7,7
sf,cvs,ossim,ossim/ossim_qt/src/ossimQtDisplayUtility.h,clean,cpp,IssueFalse,118581,435,10119,19,1,1,2,1,7,2,9,9,8,5,6,5,5,5,6,9,9,9,9,8,8,5,6,5,6,6,6,6,6,6,8,8,8,9,8,8,9,9,9,8,8,9,1,1,2,2,2,2,2,1,2,7,7,6,6,6,4,4,4,2,4,4
sf,cvs,ossim,ossim/ossim_qt/src/ossimQtElevationManagerController.cpp,clean,cpp,IssueFalse,118581,435,10119,19,8,6,7,9,2,7,7,7,7,5,6,5,5,5,5,9,9,9,6,6,6,5,6,5,6,6,6,6,6,6,6,6,6,6,6,6,9,9,9,8,8,9,7,6,9,4,5,7,5,5,9,9,7,9,9,9,10,9,10,9,10,10
sf,cvs,ossim,ossim/ossim_qt/src/ossimQtElevationManagerDialog.ui.h,clean,cpp,IssueFalse,118581,435,10119,19,5,1,5,7,2,4,7,7,7,5,6,5,5,5,5,9,9,9,6,6,6,5,6,5,6,6,6,6,6,6,6,6,6,6,6,6,9,9,9,8,8,9,6,5,7,2,3,2,3,4,6,9,7,9,9,9,5,6,6,3,4,5
sf,cvs,ossim,ossim/ossim_qt/src/ossimQtEvent.h,clean,cpp,IssueFalse,118581,435,10119,19,8,1,7,10,1,4,8,8,10,8,9,10,6,7,10,10,10,10,6,7,9,8,9,10,8,9,10,8,9,10,7,9,10,8,9,10,9,9,9,8,8,9,3,5,9,6,9,10,3,6,9,10,7,10,9,10,7,8,8,6,9,8
sf,cvs,ossim,ossim/ossim_qt/src/ossimQtHistogramDialog.ui.h,clean,cpp,IssueFalse,118581,435,10119,19,6,2,5,8,2,6,7,7,7,5,6,5,5,5,5,9,9,9,6,6,6,5,6,5,6,6,6,6,6,6,6,6,6,6,6,6,9,9,9,8,8,9,7,6,8,2,3,3,3,5,6,8,7,10,9,9,7,7,7,5,6,7
sf,cvs,ossim,ossim/ossim_qt/src/ossimQtHsiRemapperDialog.ui.h,clean,cpp,IssueFalse,118581,435,10119,19,6,1,5,9,1,4,7,7,7,5,6,5,5,5,5,9,9,9,6,6,6,5,6,5,6,6,6,6,6,6,6,6,6,6,6,6,9,9,9,8,8,9,6,4,8,2,2,4,2,2,5,6,7,9,9,8,9,8,8,8,8,7
sf,cvs,ossim,ossim/ossim_qt/src/ossimQtIgenController.cpp,clean,cpp,IssueFalse,118581,435,10119,19,8,7,8,9,3,6,7,7,7,5,6,5,5,5,5,9,9,9,6,6,6,5,6,5,6,6,6,6,6,6,6,6,6,6,6,6,9,9,9,8,8,9,7,6,8,4,7,7,6,8,9,10,9,10,10,10,8,9,9,7,7,9
sf,cvs,ossim,ossim/ossim_qt/src/ossimQtIgenDialog.ui.h,clean,cpp,IssueFalse,118581,435,10119,19,5,2,4,7,2,6,7,7,7,5,6,5,5,5,5,9,9,9,6,6,6,5,6,5,6,6,6,6,6,6,6,6,6,6,6,6,9,9,9,8,8,9,5,5,6,2,3,3,4,4,7,7,7,9,9,9,8,8,8,2,4,4
sf,cvs,ossim,ossim/ossim_qt/src/ossimQtImageWindow.ui.h,clean,cpp,IssueFalse,118581,435,10119,19,7,1,6,10,1,4,7,7,7,5,6,5,5,5,5,9,9,9,6,6,6,5,6,5,6,6,6,6,6,6,6,6,6,6,6,6,9,9,9,8,8,9,6,4,9,2,2,4,2,2,6,10,7,8,9,10,5,7,7,4,9,8
sf,cvs,ossim,ossim/ossim_qt/src/ossimQtImageWindowController.cpp,clean,cpp,IssueFalse,118581,435,10119,19,10,7,10,10,1,9,7,7,7,5,6,5,5,5,5,9,9,9,6,6,6,5,6,5,6,6,6,6,6,6,6,6,6,6,6,6,9,9,9,8,8,9,8,9,10,8,9,10,8,10,10,10,9,9,10,10,9,10,10,8,10,10
sf,cvs,ossim,ossim/ossim_qt/src/ossimQtImageWindowController.h,clean,cpp,IssueFalse,118581,435,10119,19,5,1,6,1,1,2,10,10,10,8,7,8,9,9,9,9,9,9,10,10,10,8,7,8,10,10,10,10,10,10,10,10,10,10,10,9,10,10,10,10,10,10,1,1,2,2,2,2,2,1,2,10,7,5,6,9,5,6,7,5,9,9
sf,cvs,ossim,ossim/ossim_qt/src/ossimQtImageWindowControllerEventFilter.cpp,clean,cpp,IssueFalse,118581,435,10119,19,5,5,4,5,4,6,7,7,7,5,6,5,5,5,5,9,9,9,6,6,6,5,6,5,6,6,6,6,6,6,6,6,6,6,6,6,9,9,9,8,8,9,8,8,7,6,7,5,5,5,6,10,7,9,9,9,9,10,9,8,9,9
sf,cvs,ossim,ossim/ossim_qt/src/ossimQtImageWindowControllerEventFilter.h,clean,cpp,IssueFalse,118581,435,10119,19,3,1,3,4,1,2,8,8,9,8,9,10,8,9,9,9,9,9,7,7,9,8,9,10,9,9,10,8,8,9,7,8,9,7,8,9,9,9,9,9,9,9,3,3,3,4,4,3,3,3,3,9,7,6,7,7,8,8,8,5,5,6
sf,cvs,ossim,ossim/ossim_qt/src/ossimQtLayerChooser.ui.h,clean,cpp,IssueFalse,118581,435,10119,19,1,1,1,3,8,2,7,7,7,5,6,5,5,5,5,9,9,9,6,6,6,5,6,5,6,6,6,6,6,6,6,6,6,6,6,6,9,9,9,8,8,9,3,3,2,2,2,2,2,2,2,3,7,4,3,3,4,4,4,2,1,2
sf,cvs,ossim,ossim/ossim_qt/src/ossimQtLayerEditor.ui.h,clean,cpp,IssueFalse,118581,435,10119,19,2,1,2,5,5,2,7,7,7,5,6,5,5,5,5,9,9,9,6,6,6,5,6,5,6,6,6,6,6,6,6,6,6,6,6,6,9,9,9,8,8,9,3,3,3,2,2,2,2,2,3,5,7,4,3,4,10,10,10,7,6,6
sf,cvs,ossim,ossim/ossim_qt/src/ossimQtMainWindow.ui.h,clean,cpp,IssueFalse,118581,435,10119,19,6,2,5,10,2,4,7,7,7,5,6,5,5,5,5,9,9,9,6,6,6,5,6,5,6,6,6,6,6,6,6,6,6,6,6,6,9,9,9,8,8,9,3,4,8,2,2,3,2,2,7,10,7,8,9,10,9,10,10,5,9,8
sf,cvs,ossim,ossim/ossim_qt/src/ossimQtMainWindowController.cpp,clean,cpp,IssueFalse,118581,435,10119,19,10,2,9,10,1,10,7,7,7,5,6,5,5,5,5,9,9,9,6,6,6,5,6,5,6,6,6,6,6,6,6,6,6,6,6,6,9,9,9,8,8,9,7,8,10,6,8,10,6,7,10,10,7,9,10,10,7,9,9,8,10,10
sf,cvs,ossim,ossim/ossim_qt/src/ossimQtMainWindowController.h,clean,cpp,IssueFalse,118581,435,10119,19,4,4,5,1,4,2,10,10,10,8,7,8,9,9,9,9,9,9,10,10,10,8,7,8,10,10,10,10,10,10,10,10,10,10,10,10,10,10,10,10,10,10,1,1,2,2,2,2,2,1,2,10,7,8,8,9,8,9,9,8,10,9
sf,cvs,ossim,ossim/ossim_qt/src/ossimQtMainWindowWorkspace.cpp,clean,cpp,IssueFalse,118581,435,10119,19,3,1,3,4,3,6,7,7,7,5,6,5,5,5,5,9,9,9,6,6,6,5,6,5,6,6,6,6,6,6,6,6,6,6,6,6,9,9,9,8,8,9,6,5,4,4,4,3,5,4,5,5,7,5,5,5,4,4,4,6,6,6
sf,cvs,ossim,ossim/ossim_qt/src/ossimQtMainWindowWorkspace.h,clean,cpp,IssueFalse,118581,435,10119,19,1,1,1,2,1,2,8,8,8,8,7,8,6,6,6,9,9,9,8,7,8,8,7,8,8,8,7,9,9,9,9,9,8,8,7,7,9,9,9,9,9,9,3,3,2,7,4,3,2,2,2,5,7,6,5,5,4,4,4,4,4,4
sf,cvs,ossim,ossim/ossim_qt/src/ossimQtProject.cpp,clean,cpp,IssueFalse,118581,435,10119,19,6,1,5,7,1,6,7,7,7,5,6,5,5,5,5,9,9,9,6,6,6,5,6,5,6,6,6,6,6,6,6,6,6,6,6,6,9,9,9,8,8,9,6,8,7,9,7,8,6,6,8,9,7,9,10,9,5,5,6,5,6,7
sf,cvs,ossim,ossim/ossim_qt/src/ossimQtProject.h,clean,cpp,IssueFalse,118581,435,10119,19,3,1,3,4,1,2,9,9,9,8,7,8,7,7,7,9,9,9,9,8,8,8,7,8,10,9,9,9,9,9,9,9,9,10,9,9,10,10,10,8,8,9,3,3,3,10,9,6,2,2,2,5,7,7,6,6,4,4,4,5,4,5
sf,cvs,ossim,ossim/ossim_qt/src/ossimQtScrollingImageWidget.cpp,clean,cpp,IssueFalse,118581,435,10119,19,9,7,9,10,2,10,7,7,7,5,6,5,5,5,5,9,9,9,6,6,6,5,6,5,6,6,6,6,6,6,6,6,6,6,6,6,9,9,9,8,8,9,8,9,9,9,9,10,8,10,10,10,9,9,10,10,8,9,10,8,10,10
sf,cvs,ossim,ossim/ossim_qt/src/ossimQtScrollingImageWidget.h,clean,cpp,IssueFalse,118581,435,10119,19,5,3,5,5,3,2,10,10,10,8,9,9,9,10,10,10,10,10,9,9,9,8,9,9,10,10,10,10,10,10,10,10,10,7,7,7,10,10,10,10,10,10,3,3,4,4,4,4,2,3,3,10,7,7,8,9,5,6,8,6,8,9
sf,cvs,ossim,ossim/ossim_qt/src/ossimQtSwipeScrollingImageWidget.cpp,clean,cpp,IssueFalse,118581,435,10119,19,8,1,8,8,1,7,7,7,7,5,6,5,5,5,5,9,9,9,6,6,6,5,6,5,6,6,6,6,6,6,6,6,6,6,6,6,9,9,9,8,8,9,8,8,8,10,8,9,8,7,9,9,7,10,10,10,7,8,7,9,10,9
sf,cvs,ossim,ossim/ossim_qt/src/ossimQtSwipeScrollingImageWidget.h,clean,cpp,IssueFalse,118581,435,10119,19,3,1,3,2,1,2,10,9,9,10,10,10,10,10,10,9,9,9,9,8,8,10,10,10,10,10,9,10,9,9,10,9,9,9,8,8,10,10,10,9,9,9,3,3,2,3,2,2,2,2,2,9,7,6,6,7,6,6,7,5,6,7
sf,cvs,ossim,ossim/ossim_qt/src/ossimQtTopographicCorrectionDialogController.cpp,clean,cpp,IssueFalse,118581,435,10119,19,6,1,6,5,1,10,7,7,7,5,6,5,5,5,5,9,9,9,6,6,6,5,6,5,6,6,6,6,6,6,6,6,6,6,6,6,9,9,9,8,8,9,9,7,7,9,8,7,9,7,8,7,7,10,9,10,7,7,7,5,5,6
sf,cvs,ossim,ossim/ossim_qt/src/ossimQtTopographicCorrectionDialogController.h,clean,cpp,IssueFalse,118581,435,10119,19,2,1,2,1,1,2,9,9,9,8,7,8,6,5,6,9,9,9,9,9,9,8,7,8,9,9,8,9,8,8,8,8,8,7,7,7,10,10,10,9,9,9,1,1,2,2,2,2,2,1,2,6,7,7,6,6,4,4,4,3,3,4
sf,cvs,ossim,ossim/ossim_qt/src/ossimQtUnitConverterDialog.ui.h,clean,cpp,IssueFalse,118581,435,10119,19,4,1,4,7,2,2,7,7,7,5,6,5,5,5,5,9,9,9,6,6,6,5,6,5,6,6,6,6,6,6,6,6,6,6,6,6,9,9,9,8,8,9,3,3,5,2,2,2,5,6,8,6,7,10,9,9,5,5,5,2,3,3
sf,cvs,ossim,ossim/ossim_qt/src/ossimQtVectorEditorDialog.ui.h,clean,cpp,IssueFalse,118581,435,10119,19,5,1,4,9,2,2,7,7,7,5,6,5,5,5,5,9,9,9,6,6,6,5,6,5,6,6,6,6,6,6,6,6,6,6,6,6,9,9,9,8,8,9,3,3,7,2,2,2,2,2,5,6,7,9,8,8,4,4,4,6,6,6
sf,cvs,ossim,ossim/ossim_qt/src/ossimQtVectorEditorDialogController.cpp,clean,cpp,IssueFalse,118581,435,10119,19,9,1,8,9,1,7,7,7,7,5,6,5,5,5,5,9,9,9,6,6,6,5,6,5,6,6,6,6,6,6,6,6,6,6,6,6,9,9,9,8,8,9,8,8,9,9,10,10,6,9,10,6,7,10,10,10,8,8,8,10,9,9
sf,cvs,ossim,ossim/ossim_qt/src/ossimQtVectorEditorDialogController.h,clean,cpp,IssueFalse,118581,435,10119,19,4,1,4,2,1,2,10,10,10,6,7,8,7,8,8,9,9,9,8,8,8,6,7,8,10,10,10,9,10,10,9,10,10,9,10,10,9,9,9,10,10,10,3,3,2,3,2,2,2,2,2,6,7,7,6,6,4,4,4,6,7,6
sf,cvs,ossim,ossim/ossim_qt/src/ossimQtViewDialog.ui.h,clean,cpp,IssueFalse,118581,435,10119,19,3,2,2,6,4,4,7,7,7,5,6,5,5,5,5,9,9,9,6,6,6,5,6,5,6,6,6,6,6,6,6,6,6,6,6,6,9,9,9,8,8,9,3,4,5,2,2,2,2,2,3,3,7,8,6,6,4,4,4,2,1,2
sf,cvs,ossim,ossim/ossim_qt/src/ossimQtViewDialogController.cpp,clean,cpp,IssueFalse,118581,435,10119,19,7,1,7,8,1,7,7,7,7,5,6,5,5,5,5,9,9,9,6,6,6,5,6,5,6,6,6,6,6,6,6,6,6,6,6,6,9,9,9,8,8,9,8,8,8,9,10,9,7,7,9,7,7,10,10,9,7,7,7,2,4,4
sf,cvs,ossim,ossim/ossim_qt/src/ossimQtViewDialogController.h,clean,cpp,IssueFalse,118581,435,10119,19,2,1,2,1,1,2,10,9,9,8,7,8,7,7,7,9,9,9,10,9,9,8,7,8,10,9,9,10,9,9,10,9,9,7,7,7,10,10,10,10,10,10,1,1,2,2,2,2,2,1,2,3,7,6,5,5,4,4,4,6,5,5
sf,cvs,ossim,ossim/ossim_qt/src/vce/ossimQtVceCanvasContainerUtility.cpp,clean,cpp,IssueFalse,118581,435,10119,19,7,1,7,7,1,10,7,7,7,5,6,5,5,5,5,9,9,9,6,6,6,5,6,5,6,6,6,6,6,6,6,6,6,6,6,6,9,9,9,8,8,9,8,8,8,9,8,8,7,8,9,3,7,10,9,8,6,5,5,5,4,4
sf,cvs,ossim,ossim/ossim_qt/src/vce/ossimQtVceCanvasContainerUtility.h,clean,cpp,IssueFalse,118581,435,10119,19,2,1,2,1,4,2,10,9,9,5,6,5,6,6,6,9,9,9,9,9,9,5,6,5,8,8,7,9,9,9,9,9,8,8,8,8,10,10,10,8,8,9,1,1,2,2,2,2,2,1,2,3,7,7,6,5,4,4,4,3,3,3
sf,cvs,ossim,ossim/ossim_qt/src/vce/ossimQtVceCanvasWidget.cpp,clean,cpp,IssueFalse,118581,435,10119,19,10,3,9,9,1,10,7,7,7,5,6,5,5,5,5,9,9,9,6,6,6,5,6,5,6,6,6,6,6,6,6,6,6,6,6,6,9,9,9,8,8,9,9,9,10,7,7,9,8,9,10,10,7,10,10,10,9,10,10,7,9,9
sf,cvs,ossim,ossim/ossim_qt/src/vce/ossimQtVceCanvasWidget.h,clean,cpp,IssueFalse,118581,435,10119,19,4,1,4,1,2,2,10,10,10,8,7,8,8,8,8,9,9,9,10,10,10,8,7,8,10,10,10,10,10,10,10,10,10,10,10,9,10,10,10,10,10,10,1,1,2,2,2,2,2,1,2,10,7,6,7,8,6,7,7,5,8,8
sf,cvs,ossim,ossim/ossim_qt/src/vce/ossimQtVceComponentView.cpp,clean,cpp,IssueFalse,118581,435,10119,19,5,1,5,7,1,9,7,7,7,8,7,8,5,5,6,9,9,9,6,6,7,8,7,8,7,7,7,7,7,7,7,7,7,7,7,7,9,9,9,8,8,9,7,8,7,6,5,6,6,6,8,7,7,7,7,7,6,6,6,6,6,6
sf,cvs,ossim,ossim/ossim_qt/src/vce/ossimQtVceConnectableObject.cpp,clean,cpp,IssueFalse,118581,435,10119,19,10,5,9,10,1,9,8,8,8,8,7,8,6,5,6,9,9,9,6,6,7,8,7,8,7,7,7,9,8,8,8,8,8,9,8,8,9,9,9,8,8,9,8,8,10,8,7,10,5,6,10,10,7,10,10,10,6,8,8,9,10,10
sf,cvs,ossim,ossim/ossim_qt/src/vce/ossimQtVceConnectableObject.h,clean,cpp,IssueFalse,118581,435,10119,19,4,5,4,1,5,2,10,10,10,9,9,9,9,9,9,10,10,10,9,9,9,9,9,9,10,9,9,10,10,10,10,10,10,10,10,10,10,10,10,8,8,9,1,1,2,2,2,2,2,1,2,10,7,8,9,9,6,7,7,8,9,9
sf,cvs,ossim,ossim/ossim_qt/src/vce/ossimQtVceConnectionObject.cpp,clean,cpp,IssueFalse,118581,435,10119,19,8,2,7,9,1,6,7,7,7,5,6,5,5,5,5,9,9,9,6,6,6,5,6,5,6,6,6,6,6,6,6,6,6,6,6,6,9,9,9,8,8,9,7,7,8,6,7,8,6,6,9,9,7,10,10,10,9,10,10,9,10,10
sf,cvs,ossim,ossim/ossim_qt/src/vce/ossimQtVceConnectionObject.h,clean,cpp,IssueFalse,118581,435,10119,19,3,2,3,1,5,2,10,9,9,9,9,9,9,9,8,9,9,9,8,7,8,9,9,9,9,9,8,10,10,9,10,10,9,10,10,10,10,10,10,8,8,9,1,1,2,2,2,2,2,1,2,9,7,6,6,7,5,6,6,6,6,8
sf,cvs,ossim,ossim/ossim_qt/src/vce/ossimQtVceImageDisplayObject.cpp,clean,cpp,IssueFalse,118581,435,10119,19,7,2,6,8,1,10,8,8,8,8,9,10,9,9,9,9,9,9,8,8,9,8,9,10,7,7,7,7,8,8,7,7,8,7,8,8,9,9,9,8,8,9,8,9,8,6,7,7,7,7,9,9,7,10,10,10,9,9,9,6,6,7
sf,cvs,ossim,ossim/ossim_qt/src/vce/ossimQtVceImageDisplayObject.h,clean,cpp,IssueFalse,118581,435,10119,19,2,1,2,1,1,2,9,9,8,10,10,10,9,9,9,9,9,9,10,9,9,10,10,10,9,8,8,8,8,8,8,8,8,8,8,8,10,10,10,8,8,9,1,1,2,2,2,2,2,1,2,9,7,5,5,6,6,7,7,3,4,5
sf,cvs,ossim,ossim/ossim_qt/src/vce/ossimQtVceImageHandlerObject.cpp,clean,cpp,IssueFalse,118581,435,10119,19,2,1,1,4,1,2,7,7,7,5,6,5,5,5,5,9,9,9,6,6,6,5,6,5,6,6,6,6,6,6,6,6,6,6,6,6,9,9,9,8,8,9,3,3,3,6,6,5,3,3,4,6,7,5,5,5,10,10,9,3,5,5
sf,cvs,ossim,ossim/ossim_qt/src/vce/ossimQtVceImageHandlerObject.h,clean,cpp,IssueFalse,118581,435,10119,19,1,1,1,1,1,2,8,7,7,10,10,10,9,9,9,9,9,9,6,6,7,10,10,10,6,6,6,7,7,7,7,7,7,8,7,7,10,9,9,8,8,9,1,1,2,2,2,2,2,1,2,3,7,3,3,3,9,7,7,2,1,2
sf,cvs,ossim,ossim/ossim_qt/src/vce/ossimQtVceImageSourceObject.cpp,clean,cpp,IssueFalse,118581,435,10119,19,7,1,6,7,1,10,7,7,7,5,6,5,5,5,5,9,9,9,6,6,6,5,6,5,6,6,6,6,6,6,6,6,6,6,6,6,9,9,9,8,8,9,7,9,7,7,7,7,6,8,8,9,7,10,10,10,8,9,8,5,6,7
sf,cvs,ossim,ossim/ossim_qt/src/vce/ossimQtVceImageSourceObject.h,clean,cpp,IssueFalse,118581,435,10119,19,2,1,2,1,2,2,9,9,9,10,10,10,9,9,9,10,10,10,9,8,8,10,10,10,8,8,7,10,9,9,9,9,9,9,8,8,10,10,10,8,8,9,1,1,2,2,2,2,2,1,2,7,7,7,7,7,7,7,7,5,5,6
sf,cvs,ossim,ossim/ossim_qt/src/vce/ossimQtVceShape.cpp,clean,cpp,IssueFalse,118581,435,10119,19,7,1,6,8,1,4,7,7,7,5,6,5,5,5,5,9,9,9,6,6,6,5,6,5,6,6,6,6,6,6,6,6,6,6,6,6,9,9,9,8,8,9,4,6,7,6,7,8,5,5,8,10,7,9,9,9,6,6,7,5,8,8
sf,cvs,ossim,ossim/ossim_qt/src/vce/ossimQtVceShape.h,clean,cpp,IssueFalse,118581,435,10119,19,3,1,3,1,1,2,9,9,9,8,7,8,8,7,7,10,10,10,9,8,8,8,7,8,9,8,8,10,10,9,10,10,9,10,10,9,10,10,10,8,8,9,1,1,2,2,2,2,2,1,2,9,7,6,6,7,7,7,7,3,6,6
sf,cvs,ossim,ossim/ossim_qt/src/vce/ossimQtVceShapeRect.cpp,clean,cpp,IssueFalse,118581,435,10119,19,4,1,3,6,1,4,7,7,7,5,6,5,5,5,5,9,9,9,6,6,6,5,6,5,6,6,6,6,6,6,6,6,6,6,6,6,9,9,9,8,8,9,5,6,5,6,6,6,6,5,7,5,7,7,6,6,9,9,8,4,4,4
sf,cvs,ossim,ossim/ossim_qt/src/vce/ossimQtVceShapeRtti.h,clean,cpp,IssueFalse,118581,435,10119,19,1,1,1,1,3,2,7,7,7,5,6,5,5,5,5,9,9,9,6,6,6,5,6,5,6,6,6,6,6,6,6,6,6,6,6,6,9,9,9,8,8,9,1,1,2,2,2,2,2,1,2,6,7,4,4,4,4,4,4,2,1,2
sf,cvs,ossim,ossim/ossim_qt/src/vce/ossimQtVceWindow.ui.h,clean,cpp,IssueFalse,118581,435,10119,19,4,1,3,9,2,4,7,7,7,5,6,5,5,5,5,9,9,9,6,6,6,5,6,5,6,6,6,6,6,6,6,6,6,6,6,6,9,9,9,8,8,9,3,4,7,2,2,2,2,2,4,9,7,6,5,7,8,9,8,2,5,5
sf,cvs,ossim,ossim/ossim_qt/src/vce/ossimQtVceWindowController.cpp,clean,cpp,IssueFalse,118581,435,10119,19,6,1,5,7,1,7,7,7,7,5,6,5,5,5,5,9,9,9,6,6,6,5,6,5,6,6,6,6,6,6,6,6,6,6,6,6,9,9,9,8,8,9,8,7,8,6,6,7,5,6,7,10,7,9,9,10,10,10,10,5,8,8
sf,cvs,ossim,ossim/ossim_qt/src/vce/ossimQtVceWindowController.h,clean,cpp,IssueFalse,118581,435,10119,19,2,1,2,1,3,2,10,9,9,8,7,8,6,6,6,9,9,9,9,8,8,8,7,8,9,9,8,9,9,9,9,9,8,9,8,8,10,9,9,10,10,10,1,1,2,2,2,2,2,1,2,9,7,6,6,7,8,8,8,5,7,7
