Host,Vcs,Project,File,Buggy,PL,IssueTracking,TLOC,TNF,TNC,TND,LOC,CL,NStmt,NFunc,RCC,MNL,avg_WMC,max_WMC,total_WMC,avg_DIT,max_DIT,total_DIT,avg_RFC,max_RFC,total_RFC,avg_NOC,max_NOC,total_NOC,avg_CBO,max_CBO,total_CBO,avg_DIT.1,max_DIT.1,total_DIT.1,avg_NIV,max_NIV,total_NIV,avg_NIM,max_NIM,total_NIM,avg_NOM,max_NOM,total_NOM,avg_NPBM,max_NPBM,total_NPBM,avg_NPM,max_NPM,total_NPM,avg_NPRM,max_NPRM,total_NPRM,avg_CC,max_CC,total_CC,avg_FANIN,max_FANIN,total_FANIN,avg_FANOUT,max_FANOUT,total_FANOUT,NRev,NFix,avg_AddedLOC,max_AddedLOC,total_AddedLOC,avg_DeletedLOC,max_DeletedLOC,total_DeletedLOC,avg_ModifiedLOC,max_ModifiedLOC,total_ModifiedLOC
sf,cvs,plearn,plearn/PLearn/commands/PLearnCommands/FieldConvertCommand.cc,buggy,cpp,IssueFalse,50939,260,7184,32,9,9,9,3,4,10,7,7,7,5,4,5,5,5,5,9,9,9,6,6,6,5,4,5,6,6,6,6,6,6,6,6,6,6,6,6,9,9,9,8,8,9,10,10,10,10,9,6,10,10,8,9,10,8,9,9,5,6,7,9,9,10
sf,cvs,plearn,plearn/PLearn/commands/PLearnCommands/LearnerCommand.cc,clean,cpp,IssueFalse,50939,260,7184,32,4,4,4,4,6,7,7,7,7,5,4,5,5,5,5,9,9,9,6,6,6,5,4,5,6,6,6,6,6,6,6,6,6,6,6,6,9,9,9,8,8,9,8,8,5,7,6,5,9,5,6,6,7,4,4,4,5,5,5,6,6,7
sf,cvs,plearn,plearn/PLearn/commands/PLearnCommands/RunCommand.cc,clean,cpp,IssueFalse,50939,260,7184,32,3,4,3,2,9,6,7,7,7,5,4,5,5,5,5,9,9,9,6,6,6,5,4,5,6,6,6,6,6,6,6,6,6,6,6,6,9,9,9,8,8,9,10,7,3,7,4,3,10,6,4,9,7,8,9,9,10,10,10,8,8,10
sf,cvs,plearn,plearn/PLearn/commands/PLearnCommands/TestDependenciesCommand.cc,clean,cpp,IssueFalse,50939,260,7184,32,5,5,6,2,6,9,7,7,7,5,4,5,5,5,5,9,9,9,6,6,6,5,4,5,6,6,6,6,6,6,6,6,6,6,6,6,9,9,9,8,8,9,10,10,6,3,2,2,10,9,6,3,7,3,3,3,5,5,5,5,5,5
sf,cvs,plearn,plearn/PLearn/commands/PLearnCommands/plearn_main.cc,clean,cpp,IssueFalse,50939,260,7184,32,4,5,4,4,6,9,7,7,7,5,4,5,5,5,5,9,9,9,6,6,6,5,4,5,6,6,6,6,6,6,6,6,6,6,6,6,9,9,9,8,8,9,9,8,6,8,5,5,9,5,6,8,7,9,10,10,10,9,10,9,9,10
sf,cvs,plearn,plearn/PLearn/commands/plearn.cc,clean,cpp,IssueFalse,50939,260,7184,32,1,4,1,2,10,2,7,7,7,5,4,5,5,5,5,9,9,9,6,6,6,5,4,5,6,6,6,6,6,6,6,6,6,6,6,6,9,9,9,8,8,9,3,3,2,5,3,2,4,2,2,5,7,7,6,6,8,7,7,6,7,7
sf,cvs,plearn,plearn/PLearn/commands/plearn_inc.h,clean,cpp,IssueFalse,50939,260,7184,32,1,6,1,1,1,2,7,7,7,5,4,5,5,5,5,9,9,9,6,6,6,5,4,5,6,6,6,6,6,6,6,6,6,6,6,6,9,9,9,8,8,9,1,1,2,2,2,2,1,1,2,10,7,5,7,9,6,8,10,7,10,10
sf,cvs,plearn,plearn/PLearn/plearn/base/CopiesMap.h,clean,cpp,IssueFalse,50939,260,7184,32,3,3,4,9,6,4,7,7,7,5,4,5,5,5,5,9,9,9,6,6,6,5,4,5,6,6,6,6,6,6,6,6,6,6,6,6,9,9,9,8,8,9,3,3,6,5,10,8,1,1,2,8,7,7,6,8,7,7,8,9,10,10
sf,cvs,plearn,plearn/PLearn/plearn/base/Object.cc,buggy,cpp,IssueFalse,50939,260,7184,32,8,8,8,10,5,9,7,7,7,5,4,5,5,5,5,9,9,9,6,6,6,5,4,5,6,6,6,6,6,6,6,6,6,6,6,6,9,9,9,8,8,9,7,9,9,10,10,10,8,8,10,7,7,7,8,7,9,9,9,8,9,9
sf,cvs,plearn,plearn/PLearn/plearn/base/Object.h,clean,cpp,IssueFalse,50939,260,7184,32,4,10,5,7,10,2,10,10,9,7,6,7,8,8,8,10,10,10,8,8,8,7,6,7,6,6,6,10,10,9,10,10,10,10,10,10,10,10,10,9,9,9,3,3,4,8,9,7,3,3,4,6,7,3,3,3,10,10,10,7,8,8
sf,cvs,plearn,plearn/PLearn/plearn/base/Option.h,clean,cpp,IssueFalse,50939,260,7184,32,4,6,3,7,8,6,7,7,7,5,4,5,5,5,5,9,9,9,6,6,6,5,4,5,6,6,6,6,6,6,6,6,6,6,6,6,9,9,9,8,8,9,3,3,4,7,7,6,3,3,4,6,7,3,3,3,5,5,5,5,6,7
sf,cvs,plearn,plearn/PLearn/plearn/base/OptionBase.h,clean,cpp,IssueFalse,50939,260,7184,32,3,6,3,5,9,2,8,8,8,7,6,7,7,7,7,10,10,10,7,7,7,7,6,7,9,8,9,10,9,9,9,9,9,10,10,9,9,9,9,8,8,9,3,3,4,5,6,5,3,4,4,5,7,3,3,3,5,5,5,7,6,7
sf,cvs,plearn,plearn/PLearn/plearn/base/PDate.cc,clean,cpp,IssueFalse,50939,260,7184,32,5,5,5,6,5,6,7,7,7,5,4,5,5,5,5,9,9,9,6,6,6,5,4,5,6,6,6,6,6,6,6,6,6,6,6,6,9,9,9,8,8,9,9,9,7,3,6,4,5,4,5,3,7,5,4,4,5,5,5,3,3,4
sf,cvs,plearn,plearn/PLearn/plearn/base/PP.h,clean,cpp,IssueFalse,50939,260,7184,32,5,7,5,9,7,6,8,7,7,5,4,5,5,5,6,10,10,10,6,6,6,5,4,5,6,6,7,8,8,7,8,7,7,8,8,8,9,9,9,8,8,9,5,6,7,10,10,10,3,4,7,5,7,6,6,6,5,5,5,5,6,6
sf,cvs,plearn,plearn/PLearn/plearn/base/RealMapping.cc,clean,cpp,IssueFalse,50939,260,7184,32,7,6,8,9,4,9,7,7,7,5,4,5,5,5,5,9,9,9,6,6,6,5,4,5,6,6,6,6,6,6,6,6,6,6,6,6,9,9,9,8,8,9,7,9,9,7,7,9,6,8,9,3,7,7,5,5,5,5,5,3,3,4
sf,cvs,plearn,plearn/PLearn/plearn/base/stringutils.cc,clean,cpp,IssueFalse,50939,260,7184,32,9,7,9,10,3,7,7,7,7,5,4,5,5,5,5,9,9,9,6,6,6,5,4,5,6,6,6,6,6,6,6,6,6,6,6,6,9,9,9,8,8,9,8,7,10,9,10,10,6,4,10,5,9,3,4,4,5,5,5,8,8,8
sf,cvs,plearn,plearn/PLearn/plearn/base/stringutils.h,clean,cpp,IssueFalse,50939,260,7184,32,4,9,5,6,9,2,7,7,7,5,4,5,5,5,5,9,9,9,6,6,6,5,4,5,6,6,6,6,6,6,6,6,6,6,6,6,9,9,9,8,8,9,3,3,4,9,10,7,4,3,4,3,7,9,8,7,8,7,7,3,3,4
sf,cvs,plearn,plearn/PLearn/plearn/db/AutoSDBVMatrix.cc,buggy,cpp,IssueFalse,50939,260,7184,32,3,4,4,3,7,7,7,7,7,5,4,5,5,5,5,9,9,9,6,6,6,5,4,5,6,6,6,6,6,6,6,6,6,6,6,6,9,9,9,8,8,9,9,7,5,10,7,6,10,8,7,3,7,3,3,3,5,5,5,5,5,5
sf,cvs,plearn,plearn/PLearn/plearn/db/AutoSDBVMatrix.h,clean,cpp,IssueFalse,50939,260,7184,32,4,5,4,6,6,6,8,8,9,7,10,9,9,10,10,9,9,9,6,7,8,7,10,9,8,8,10,7,8,9,7,7,8,8,8,9,9,9,9,8,8,9,6,5,6,6,5,6,6,3,6,5,7,4,4,4,6,6,6,5,6,6
sf,cvs,plearn,plearn/PLearn/plearn/db/UCISpecification.cc,clean,cpp,IssueFalse,50939,260,7184,32,3,5,4,7,8,4,7,7,7,5,4,5,5,5,5,9,9,9,6,6,6,5,4,5,6,6,6,6,6,6,6,6,6,6,6,6,9,9,9,8,8,9,4,4,5,5,9,6,5,6,6,6,7,7,6,7,5,5,5,5,5,7
sf,cvs,plearn,plearn/PLearn/plearn/db/UCISpecification.h,clean,cpp,IssueFalse,50939,260,7184,32,2,6,4,5,10,4,9,8,8,8,8,8,8,8,8,9,9,9,7,7,7,8,8,8,10,9,10,8,8,8,9,9,8,9,9,9,10,9,9,9,9,9,4,4,4,3,3,4,5,4,5,6,7,4,4,4,5,5,5,5,5,7
sf,cvs,plearn,plearn/PLearn/plearn/db/databases.cc,clean,cpp,IssueFalse,50939,260,7184,32,10,7,10,9,2,10,7,7,7,5,4,5,5,5,5,9,9,9,6,6,6,5,4,5,6,6,6,6,6,6,6,6,6,6,6,6,9,9,9,8,8,9,9,10,10,8,9,10,10,9,10,10,10,9,10,10,7,7,8,8,8,10
sf,cvs,plearn,plearn/PLearn/plearn/db/databases.h,clean,cpp,IssueFalse,50939,260,7184,32,5,6,3,3,7,2,7,7,7,5,4,5,5,5,5,9,9,9,6,6,6,5,4,5,6,6,6,6,6,6,6,6,6,6,6,6,9,9,9,8,8,9,3,3,2,4,3,3,2,2,2,8,7,8,9,9,5,5,5,4,6,8
sf,cvs,plearn,plearn/PLearn/plearn/db/getDataSet.cc,buggy,cpp,IssueFalse,50939,260,7184,32,7,6,6,4,5,10,7,7,7,5,4,5,5,5,5,9,9,9,6,6,6,5,4,5,6,6,6,6,6,6,6,6,6,6,6,6,9,9,9,8,8,9,10,10,8,8,7,5,10,10,8,9,7,6,6,7,5,6,6,6,8,9
sf,cvs,plearn,plearn/PLearn/plearn/display/DisplayUtils.cc,clean,cpp,IssueFalse,50939,260,7184,32,9,8,9,7,4,10,7,7,7,5,4,5,5,5,5,9,9,9,6,6,6,5,4,5,6,6,6,6,6,6,6,6,6,6,6,6,9,9,9,8,8,9,10,10,10,10,9,9,10,9,9,3,7,10,10,10,5,5,5,3,3,4
sf,cvs,plearn,plearn/PLearn/plearn/display/Gnuplot.cc,clean,cpp,IssueFalse,50939,260,7184,32,8,5,8,9,3,9,7,7,7,5,4,5,5,5,5,9,9,9,6,6,6,5,4,5,6,6,6,6,6,6,6,6,6,6,6,6,9,9,9,8,8,9,6,7,9,8,8,9,6,4,9,3,7,9,7,7,5,5,5,3,3,4
sf,cvs,plearn,plearn/PLearn/plearn/io/FilePStreamBuf.cc,buggy,cpp,IssueFalse,50939,260,7184,32,4,5,4,6,7,4,7,7,7,5,4,5,5,5,5,9,9,9,6,6,6,5,4,5,6,6,6,6,6,6,6,6,6,6,6,6,9,9,9,8,8,9,5,6,5,5,5,5,5,4,6,5,7,3,3,3,10,9,9,5,5,6
sf,cvs,plearn,plearn/PLearn/plearn/io/FilePStreamBuf.h,buggy,cpp,IssueFalse,50939,260,7184,32,2,6,2,1,10,2,9,8,8,8,8,8,8,8,8,9,9,9,7,7,7,8,8,8,8,7,8,8,8,8,9,8,8,8,8,8,10,10,10,9,9,9,1,1,2,2,2,2,1,1,2,5,7,3,3,3,9,8,8,5,5,6
sf,cvs,plearn,plearn/PLearn/plearn/io/IntVecFile.cc,clean,cpp,IssueFalse,50939,260,7184,32,5,5,5,6,5,6,7,7,7,5,4,5,5,5,5,9,9,9,6,6,6,5,4,5,6,6,6,6,6,6,6,6,6,6,6,6,9,9,9,8,8,9,7,8,7,5,5,6,7,4,7,3,7,8,7,6,7,6,6,3,3,4
sf,cvs,plearn,plearn/PLearn/plearn/io/MatIO.cc,buggy,cpp,IssueFalse,50939,260,7184,32,10,10,10,9,4,10,7,7,7,5,4,5,5,5,5,9,9,9,6,6,6,5,4,5,6,6,6,6,6,6,6,6,6,6,6,6,9,9,9,8,8,9,10,10,10,7,8,9,10,8,10,8,9,9,9,9,5,6,6,10,10,10
sf,cvs,plearn,plearn/PLearn/plearn/io/MatIO.h,clean,cpp,IssueFalse,50939,260,7184,32,7,9,8,6,6,10,7,7,7,5,4,5,5,5,5,9,9,9,6,6,6,5,4,5,6,6,6,6,6,6,6,6,6,6,6,6,9,9,9,8,8,9,3,3,2,6,4,3,2,2,2,7,7,7,8,8,5,5,5,5,6,8
sf,cvs,plearn,plearn/PLearn/plearn/io/PStream.cc,buggy,cpp,IssueFalse,50939,260,7184,32,10,8,10,10,2,10,7,7,7,5,4,5,5,5,5,9,9,9,6,6,6,5,4,5,6,6,6,6,6,6,6,6,6,6,6,6,9,9,9,8,8,9,9,9,10,8,10,10,8,5,10,9,10,7,8,9,10,10,10,9,10,10
sf,cvs,plearn,plearn/PLearn/plearn/io/PStream.h,buggy,cpp,IssueFalse,50939,260,7184,32,10,9,10,10,4,9,10,10,10,7,8,10,10,10,10,10,10,10,6,7,8,7,8,10,7,9,10,10,10,10,10,10,10,10,10,10,9,9,9,8,8,9,4,8,9,9,10,10,3,3,10,9,10,9,10,10,9,9,10,9,10,10
sf,cvs,plearn,plearn/PLearn/plearn/io/PStreamBuf.cc,buggy,cpp,IssueFalse,50939,260,7184,32,6,5,5,6,5,7,7,7,7,5,4,5,5,5,5,9,9,9,6,6,6,5,4,5,6,6,6,6,6,6,6,6,6,6,6,6,9,9,9,8,8,9,8,7,7,10,9,8,8,6,7,5,7,10,10,9,10,10,10,10,10,10
sf,cvs,plearn,plearn/PLearn/plearn/io/PStreamBuf.h,buggy,cpp,IssueFalse,50939,260,7184,32,4,7,4,4,9,6,10,9,9,7,6,7,7,7,7,10,10,10,6,6,6,7,6,7,10,9,10,10,9,9,10,9,9,9,9,9,9,9,9,10,9,9,6,5,4,5,5,4,4,3,3,5,7,7,7,6,10,10,10,9,9,9
sf,cvs,plearn,plearn/PLearn/plearn/io/StdPStreamBuf.cc,buggy,cpp,IssueFalse,50939,260,7184,32,5,5,5,7,6,6,7,7,7,5,4,5,5,5,5,9,9,9,6,6,6,5,4,5,6,6,6,6,6,6,6,6,6,6,6,6,9,9,9,8,8,9,7,7,7,9,7,8,10,6,9,3,7,9,8,7,10,8,8,10,9,9
sf,cvs,plearn,plearn/PLearn/plearn/io/StdPStreamBuf.h,buggy,cpp,IssueFalse,50939,260,7184,32,2,6,3,3,9,2,9,9,9,8,8,8,8,8,8,9,9,9,8,7,8,8,8,8,9,9,9,9,9,9,9,9,9,9,9,9,10,10,10,8,8,9,3,3,3,3,2,3,2,2,2,3,7,5,4,4,10,9,9,8,7,7
sf,cvs,plearn,plearn/PLearn/plearn/io/fileutils.cc,buggy,cpp,IssueFalse,50939,260,7184,32,10,8,10,9,3,10,7,7,7,5,4,5,5,5,5,9,9,9,6,6,6,5,4,5,6,6,6,6,6,6,6,6,6,6,6,6,9,9,9,8,8,9,10,10,10,9,10,10,9,9,10,9,10,7,7,9,7,8,8,8,9,10
sf,cvs,plearn,plearn/PLearn/plearn/io/pl_log.cc,buggy,cpp,IssueFalse,50939,260,7184,32,3,4,3,5,8,4,7,7,7,5,4,5,5,5,5,9,9,9,6,6,6,5,4,5,6,6,6,6,6,6,6,6,6,6,6,6,9,9,9,8,8,9,5,5,4,6,5,5,7,4,5,3,7,9,8,7,5,5,5,3,3,4
sf,cvs,plearn,plearn/PLearn/plearn/io/pl_log.h,clean,cpp,IssueFalse,50939,260,7184,32,2,6,3,5,9,2,8,8,8,5,4,5,5,5,6,9,9,9,6,7,7,5,4,5,7,8,9,7,8,8,7,8,8,8,9,9,9,9,9,8,8,9,3,3,4,4,3,4,2,2,3,5,7,8,7,7,5,5,5,5,5,6
sf,cvs,plearn,plearn/PLearn/plearn/ker/AdditiveNormalizationKernel.cc,clean,cpp,IssueFalse,50939,260,7184,32,6,8,6,7,7,10,7,7,7,5,4,5,5,5,5,9,9,9,6,6,6,5,4,5,6,6,6,6,6,6,6,6,6,6,6,6,9,9,9,8,8,9,7,9,7,9,8,8,5,5,7,5,7,3,3,3,7,6,7,7,7,7
sf,cvs,plearn,plearn/PLearn/plearn/ker/DistanceKernel.cc,buggy,cpp,IssueFalse,50939,260,7184,32,3,6,4,7,8,7,7,7,7,5,4,5,5,5,5,9,9,9,6,6,6,5,4,5,6,6,6,6,6,6,6,6,6,6,6,6,9,9,9,8,8,9,6,7,7,4,5,6,5,4,6,7,10,4,6,5,5,5,5,6,6,8
sf,cvs,plearn,plearn/PLearn/plearn/ker/GaussianKernel.cc,buggy,cpp,IssueFalse,50939,260,7184,32,5,7,5,8,7,6,7,7,7,5,4,5,5,5,5,9,9,9,6,6,6,5,4,5,6,6,6,6,6,6,6,6,6,6,6,6,9,9,9,8,8,9,5,6,7,6,6,8,6,4,8,6,10,3,4,4,5,5,5,5,6,7
sf,cvs,plearn,plearn/PLearn/plearn/ker/GeodesicDistanceKernel.cc,clean,cpp,IssueFalse,50939,260,7184,32,7,7,7,8,6,10,7,7,7,5,4,5,5,5,5,9,9,9,6,6,6,5,4,5,6,6,6,6,6,6,6,6,6,6,6,6,9,9,9,8,8,9,8,10,9,6,7,8,5,6,8,10,10,6,8,9,8,9,9,8,9,10
sf,cvs,plearn,plearn/PLearn/plearn/ker/Kernel.cc,buggy,cpp,IssueFalse,50939,260,7184,32,9,9,9,9,4,10,7,7,7,5,4,5,5,5,5,9,9,9,6,6,6,5,4,5,6,6,6,6,6,6,6,6,6,6,6,6,9,9,9,8,8,9,8,9,10,8,8,9,7,6,10,9,7,8,9,9,5,6,6,8,9,10
sf,cvs,plearn,plearn/PLearn/plearn/ker/Kernel.h,clean,cpp,IssueFalse,50939,260,7184,32,4,8,6,9,9,4,10,10,10,7,8,9,9,9,10,10,10,10,8,8,8,7,8,9,9,9,10,10,10,10,10,10,10,10,10,10,9,9,9,9,9,9,4,4,7,4,5,7,3,4,7,6,7,5,5,5,6,6,7,6,6,7
sf,cvs,plearn,plearn/PLearn/plearn/ker/NegLogProbCostFunction.cc,clean,cpp,IssueFalse,50939,260,7184,32,3,4,3,3,8,9,7,7,7,5,4,5,5,5,5,9,9,9,6,6,6,5,4,5,6,6,6,6,6,6,6,6,6,6,6,6,9,9,9,8,8,9,9,8,4,7,5,3,7,4,3,3,7,4,4,4,5,5,5,3,3,4
sf,cvs,plearn,plearn/PLearn/plearn/math/DoubleAccessSparseMatrix.h,clean,cpp,IssueFalse,50939,260,7184,32,4,6,5,7,8,2,7,7,7,5,4,5,5,5,5,9,9,9,6,6,6,5,4,5,6,6,6,6,6,6,6,6,6,6,6,6,9,9,9,8,8,9,3,3,5,3,5,5,2,2,4,3,7,3,3,3,5,5,5,6,6,5
sf,cvs,plearn,plearn/PLearn/plearn/math/LiftStatsCollector.cc,clean,cpp,IssueFalse,50939,260,7184,32,8,8,7,7,5,10,7,7,7,5,4,5,5,5,5,9,9,9,6,6,6,5,4,5,6,6,6,6,6,6,6,6,6,6,6,6,9,9,9,8,8,9,9,9,8,8,9,7,8,6,8,7,9,8,9,9,6,7,7,7,8,8
sf,cvs,plearn,plearn/PLearn/plearn/math/ManualBinner.h,clean,cpp,IssueFalse,50939,260,7184,32,2,6,2,1,10,2,7,7,7,7,6,7,6,5,6,9,9,9,7,7,7,7,6,7,7,7,7,8,8,8,8,8,8,9,8,8,10,9,9,9,9,9,1,1,2,2,2,2,1,1,2,3,7,3,3,3,5,5,5,5,5,5
sf,cvs,plearn,plearn/PLearn/plearn/math/StatsCollector.cc,buggy,cpp,IssueFalse,50939,260,7184,32,9,7,9,9,3,10,7,7,7,5,4,5,5,5,5,9,9,9,6,6,6,5,4,5,6,6,6,6,6,6,6,6,6,6,6,6,9,9,9,8,8,9,9,9,10,9,9,10,9,8,10,9,10,9,9,10,5,7,7,7,9,10
sf,cvs,plearn,plearn/PLearn/plearn/math/StatsCollector.h,clean,cpp,IssueFalse,50939,260,7184,32,4,8,6,9,9,4,10,10,10,7,8,8,8,9,9,9,9,9,8,9,9,7,8,8,9,9,10,10,10,10,10,10,10,10,10,10,9,9,9,9,9,9,3,4,7,6,7,9,3,4,8,8,7,7,7,8,5,6,6,5,6,8
sf,cvs,plearn,plearn/PLearn/plearn/math/StatsIterator.h,clean,cpp,IssueFalse,50939,260,7184,32,7,6,10,10,4,4,9,9,10,9,9,10,9,9,10,10,10,10,8,8,10,9,9,10,7,8,10,9,9,10,9,9,10,10,9,10,9,9,10,8,8,9,4,4,10,3,4,9,4,4,10,3,7,3,3,3,5,5,5,9,8,7
sf,cvs,plearn,plearn/PLearn/plearn/math/TMat_decl.h,clean,cpp,IssueFalse,50939,260,7184,32,9,9,9,10,4,10,7,7,7,5,4,5,5,5,5,9,9,9,6,6,6,5,4,5,6,6,6,6,6,6,6,6,6,6,6,6,9,9,9,8,8,9,6,9,10,7,10,10,6,6,10,6,10,6,6,6,5,5,5,6,6,8
sf,cvs,plearn,plearn/PLearn/plearn/math/TMat_impl.h,clean,cpp,IssueFalse,50939,260,7184,32,8,9,8,10,6,7,7,7,7,5,4,5,5,5,5,9,9,9,6,6,6,5,4,5,6,6,6,6,6,6,6,6,6,6,6,6,9,9,9,8,8,9,6,6,8,7,8,9,8,5,9,6,9,3,3,3,9,8,8,5,6,7
sf,cvs,plearn,plearn/PLearn/plearn/math/TMat_maths_impl.h,buggy,cpp,IssueFalse,50939,260,7184,32,10,10,10,10,2,10,7,7,7,5,4,5,5,5,5,9,9,9,6,6,6,5,4,5,6,6,6,6,6,6,6,6,6,6,6,6,9,9,9,8,8,9,1,1,2,2,2,2,1,1,2,10,10,3,3,3,5,5,5,1,2,2
sf,cvs,plearn,plearn/PLearn/plearn/math/TVec_decl.h,buggy,cpp,IssueFalse,50939,260,7184,32,9,9,9,10,5,9,7,7,7,5,4,5,5,5,5,9,9,9,6,6,6,5,4,5,6,6,6,6,6,6,6,6,6,6,6,6,9,9,9,8,8,9,6,8,10,6,10,10,5,4,10,10,10,4,5,6,6,7,7,7,8,10
sf,cvs,plearn,plearn/PLearn/plearn/math/TVec_impl.h,clean,cpp,IssueFalse,50939,260,7184,32,6,6,6,9,6,6,7,7,7,5,4,5,5,5,5,9,9,9,6,6,6,5,4,5,6,6,6,6,6,6,6,6,6,6,6,6,9,9,9,8,8,9,3,3,2,7,5,3,3,2,2,3,7,3,3,3,5,5,5,6,6,5
sf,cvs,plearn,plearn/PLearn/plearn/math/VecStatsCollector.cc,clean,cpp,IssueFalse,50939,260,7184,32,7,6,7,9,5,6,7,7,7,5,4,5,5,5,5,9,9,9,6,6,6,5,4,5,6,6,6,6,6,6,6,6,6,6,6,6,9,9,9,8,8,9,7,8,9,7,9,9,7,5,9,9,9,8,9,9,6,7,7,6,8,9
sf,cvs,plearn,plearn/PLearn/plearn/math/VecStatsCollector.h,clean,cpp,IssueFalse,50939,260,7184,32,3,8,5,7,9,4,10,10,9,8,8,8,9,9,9,9,9,9,9,8,8,8,8,8,9,8,9,10,10,10,10,10,10,10,10,10,10,9,9,9,9,9,4,4,6,4,5,5,4,4,6,10,7,6,7,8,6,7,7,6,8,9
sf,cvs,plearn,plearn/PLearn/plearn/math/pl_erf.cc,clean,cpp,IssueFalse,50939,260,7184,32,5,5,6,7,5,6,7,7,7,5,4,5,5,5,5,9,9,9,6,6,6,5,4,5,6,6,6,6,6,6,6,6,6,6,6,6,9,9,9,8,8,9,7,7,7,6,5,7,5,4,7,6,7,4,4,4,5,6,6,2,5,5
sf,cvs,plearn,plearn/PLearn/plearn/math/pl_math.h,buggy,cpp,IssueFalse,50939,260,7184,32,7,8,7,9,6,6,7,7,7,5,4,5,5,5,5,9,9,9,6,6,6,5,4,5,6,7,7,6,7,6,6,6,6,6,7,7,9,9,9,8,8,9,7,7,9,8,8,9,3,3,7,9,7,7,8,9,5,6,7,9,10,10
sf,cvs,plearn,plearn/PLearn/plearn/math/random.cc,buggy,cpp,IssueFalse,50939,260,7184,32,8,10,9,9,8,9,7,7,7,5,4,5,5,5,5,9,9,9,6,6,6,5,4,5,6,6,6,6,6,6,6,6,6,6,6,6,9,9,9,8,8,9,9,9,9,7,8,9,7,4,9,3,7,5,4,4,5,5,5,6,6,5
sf,cvs,plearn,plearn/PLearn/plearn/math/stats_utils.cc,clean,cpp,IssueFalse,50939,260,7184,32,5,9,6,6,9,7,7,7,7,5,4,5,5,5,5,9,9,9,6,6,6,5,4,5,6,6,6,6,6,6,6,6,6,6,6,6,9,9,9,8,8,9,8,7,7,8,5,7,8,5,7,5,9,8,7,7,7,7,7,3,3,5
sf,cvs,plearn,plearn/PLearn/plearn/math/stats_utils.h,clean,cpp,IssueFalse,50939,260,7184,32,1,8,2,1,10,2,7,7,7,5,4,5,5,5,5,9,9,9,6,6,6,5,4,5,6,6,6,6,6,6,6,6,6,6,6,6,9,9,9,8,8,9,1,1,2,2,2,2,1,1,2,3,7,8,6,6,5,5,5,9,7,7
sf,cvs,plearn,plearn/PLearn/plearn/misc/RunObject.cc,buggy,cpp,IssueFalse,50939,260,7184,32,2,5,2,5,9,4,7,7,7,5,4,5,5,5,5,9,9,9,6,6,6,5,4,5,6,6,6,6,6,6,6,6,6,6,6,6,9,9,9,8,8,9,4,4,4,4,5,4,2,3,3,5,7,5,5,5,5,5,5,4,5,5
sf,cvs,plearn,plearn/PLearn/plearn/misc/vmatmain.cc,buggy,cpp,IssueFalse,50939,260,7184,32,10,10,10,5,5,10,7,7,7,5,4,5,5,5,5,9,9,9,6,6,6,5,4,5,6,6,6,6,6,6,6,6,6,6,6,6,9,9,9,8,8,9,10,10,10,9,6,7,10,10,10,9,7,8,9,9,5,5,5,8,8,10
sf,cvs,plearn,plearn/PLearn/plearn/misc/vmatmain.h,clean,cpp,IssueFalse,50939,260,7184,32,1,4,2,1,10,2,7,7,7,5,4,5,5,5,5,9,9,9,6,6,6,5,4,5,6,6,6,6,6,6,6,6,6,6,6,6,9,9,9,8,8,9,1,1,2,2,2,2,1,1,2,3,7,3,3,3,5,5,5,6,6,5
sf,cvs,plearn,plearn/PLearn/plearn/opt/ConjGradientOptimizer.cc,buggy,cpp,IssueFalse,50939,260,7184,32,9,9,9,10,4,9,7,7,7,5,4,5,5,5,5,9,9,9,6,6,6,5,4,5,6,6,6,6,6,6,6,6,6,6,6,6,9,9,9,8,8,9,9,10,10,10,10,10,9,8,10,8,9,6,7,7,6,6,7,7,9,9
sf,cvs,plearn,plearn/PLearn/plearn/opt/Optimizer.cc,clean,cpp,IssueFalse,50939,260,7184,32,6,6,6,9,5,6,7,7,7,5,4,5,5,5,5,9,9,9,6,6,6,5,4,5,6,6,6,6,6,6,6,6,6,6,6,6,9,9,9,8,8,9,5,6,8,8,7,9,7,5,9,5,7,6,6,5,5,5,5,4,5,5
sf,cvs,plearn,plearn/PLearn/plearn/opt/Optimizer.h,clean,cpp,IssueFalse,50939,260,7184,32,4,7,5,6,8,4,10,9,9,8,8,8,9,9,9,10,10,10,9,8,8,8,8,8,10,9,10,10,10,9,10,10,9,10,10,10,10,9,9,9,9,9,4,4,5,3,3,4,5,4,5,3,7,3,3,3,5,5,5,5,5,5
sf,cvs,plearn,plearn/PLearn/plearn/sys/PLMPI.h,clean,cpp,IssueFalse,50939,260,7184,32,2,9,2,3,10,2,9,8,8,5,4,5,5,5,6,9,9,9,7,7,7,5,4,5,6,6,6,6,6,6,7,7,7,8,8,8,9,9,9,8,8,9,3,3,2,3,2,2,3,3,2,3,7,8,6,6,5,5,5,3,3,4
sf,cvs,plearn,plearn/PLearn/plearn/sys/Popen.cc,clean,cpp,IssueFalse,50939,260,7184,32,4,5,5,4,6,6,7,7,7,5,4,5,5,5,5,9,9,9,6,6,6,5,4,5,6,6,6,6,6,6,6,6,6,6,6,6,9,9,9,8,8,9,8,6,5,9,7,6,10,6,7,3,7,8,7,6,5,5,5,3,3,4
sf,cvs,plearn,plearn/PLearn/plearn/var/BinaryVariable.h,clean,cpp,IssueFalse,50939,260,7184,32,2,4,3,3,9,4,7,7,7,10,9,9,10,10,10,9,9,9,7,7,7,10,9,9,7,7,7,9,9,9,9,9,9,10,9,9,9,9,9,8,8,9,5,4,3,4,4,3,2,2,2,3,7,3,3,3,5,5,5,5,5,5
sf,cvs,plearn,plearn/PLearn/plearn/var/Func.cc,clean,cpp,IssueFalse,50939,260,7184,32,8,8,9,9,5,7,7,7,7,5,4,5,5,5,5,9,9,9,6,6,6,5,4,5,6,6,6,6,6,6,6,6,6,6,6,6,9,9,9,8,8,9,6,8,9,7,8,9,7,7,9,3,7,3,3,3,5,5,5,5,5,5
sf,cvs,plearn,plearn/PLearn/plearn/var/NaryVariable.h,clean,cpp,IssueFalse,50939,260,7184,32,2,4,3,3,9,4,7,7,7,7,6,7,9,9,9,9,9,9,8,7,8,7,6,7,6,6,7,9,9,8,9,9,9,10,9,9,10,10,10,8,8,9,6,5,3,3,3,2,4,3,2,3,7,3,3,3,5,5,5,5,5,5
sf,cvs,plearn,plearn/PLearn/plearn/var/NllSemisphericalGaussianVariable.cc,clean,cpp,IssueFalse,50939,260,7184,32,6,7,6,5,7,9,7,7,7,5,4,5,5,5,5,9,9,9,6,6,6,5,4,5,6,6,6,6,6,6,6,6,6,6,6,6,9,9,9,8,8,9,9,8,7,3,5,4,7,5,6,6,7,9,9,9,10,9,9,10,9,10
sf,cvs,plearn,plearn/PLearn/plearn/var/UnaryVariable.h,clean,cpp,IssueFalse,50939,260,7184,32,2,4,2,3,9,4,7,7,7,10,9,9,10,10,10,9,9,9,7,7,7,10,9,9,6,6,7,9,9,8,9,9,8,9,9,9,10,10,10,8,8,9,5,4,3,3,3,2,2,2,2,3,7,3,3,3,5,5,5,5,5,5
sf,cvs,plearn,plearn/PLearn/plearn/var/VarArray.cc,clean,cpp,IssueFalse,50939,260,7184,32,10,8,10,10,2,7,7,7,7,5,4,5,5,5,5,9,9,9,6,6,6,5,4,5,6,6,6,6,6,6,6,6,6,6,6,6,9,9,9,8,8,9,8,7,10,4,5,10,7,5,10,5,7,5,5,5,5,5,5,4,5,5
sf,cvs,plearn,plearn/PLearn/plearn/var/Variable.h,clean,cpp,IssueFalse,50939,260,7184,32,7,9,8,10,7,6,9,9,9,7,8,9,10,10,10,10,10,10,8,8,9,7,8,9,10,10,10,10,10,10,10,10,10,10,10,10,10,10,10,9,9,9,4,5,9,4,6,9,4,8,9,5,7,8,7,7,5,5,5,7,7,7
sf,cvs,plearn,plearn/PLearn/plearn/vmat/AsciiVMatrix.cc,buggy,cpp,IssueFalse,50939,260,7184,32,7,5,7,8,4,10,7,7,7,5,4,5,5,5,5,9,9,9,6,6,6,5,4,5,6,6,6,6,6,6,6,6,6,6,6,6,9,9,9,8,8,9,8,9,8,6,8,8,9,10,9,5,7,3,4,4,5,5,5,4,5,5
sf,cvs,plearn,plearn/PLearn/plearn/vmat/AsciiVMatrix.h,buggy,cpp,IssueFalse,50939,260,7184,32,2,5,4,5,9,4,10,10,9,10,10,9,10,10,10,9,9,9,8,8,8,10,10,9,9,9,9,9,9,9,10,9,9,10,9,9,10,10,10,9,9,9,4,4,4,3,3,4,5,4,5,3,7,4,4,4,7,6,6,5,5,5
sf,cvs,plearn,plearn/PLearn/plearn/vmat/AutoVMatrix.cc,clean,cpp,IssueFalse,50939,260,7184,32,2,4,4,7,9,4,7,7,7,5,4,5,5,5,5,9,9,9,6,6,6,5,4,5,6,6,6,6,6,6,6,6,6,6,6,6,9,9,9,8,8,9,4,4,5,4,6,6,5,4,6,7,7,9,9,9,10,10,10,5,6,8
sf,cvs,plearn,plearn/PLearn/plearn/vmat/AutoVMatrix.h,clean,cpp,IssueFalse,50939,260,7184,32,2,5,4,5,10,4,9,8,8,10,10,9,10,10,10,9,9,9,8,8,8,10,10,9,6,6,7,8,8,8,9,9,8,9,9,9,10,9,9,9,9,9,4,4,4,3,3,4,5,4,5,3,7,3,3,3,5,5,5,5,5,5
sf,cvs,plearn,plearn/PLearn/plearn/vmat/BootstrapVMatrix.cc,buggy,cpp,IssueFalse,50939,260,7184,32,3,5,4,7,8,6,7,7,7,5,4,5,5,5,5,9,9,9,6,6,6,5,4,5,6,6,6,6,6,6,6,6,6,6,6,6,9,9,9,8,8,9,5,7,6,5,7,6,6,5,7,5,9,6,6,6,5,5,5,6,6,7
sf,cvs,plearn,plearn/PLearn/plearn/vmat/CompactVMatrix.cc,clean,cpp,IssueFalse,50939,260,7184,32,9,8,10,9,4,10,7,7,7,5,4,5,5,5,5,9,9,9,6,6,6,5,4,5,7,7,7,6,6,6,6,6,6,6,6,6,9,9,9,8,8,9,10,9,10,10,10,10,9,9,10,6,7,3,3,3,5,5,5,5,6,7
sf,cvs,plearn,plearn/PLearn/plearn/vmat/CompactVMatrix.h,clean,cpp,IssueFalse,50939,260,7184,32,3,8,5,7,9,4,10,10,10,10,10,9,10,10,10,9,9,9,9,8,8,10,10,9,10,10,10,10,10,9,10,10,9,10,10,10,10,10,10,8,8,9,4,4,5,3,3,5,3,4,6,6,7,4,5,5,5,5,5,5,5,7
sf,cvs,plearn,plearn/PLearn/plearn/vmat/ConcatColumnsVMatrix.cc,clean,cpp,IssueFalse,50939,260,7184,32,6,5,6,7,5,7,7,7,7,5,4,5,5,5,5,9,9,9,6,6,6,5,4,5,6,6,6,6,6,6,6,6,6,6,6,6,9,9,9,8,8,9,8,8,8,6,5,7,7,5,7,5,7,3,3,3,6,6,6,6,6,7
sf,cvs,plearn,plearn/PLearn/plearn/vmat/ConcatRowsVMatrix.cc,clean,cpp,IssueFalse,50939,260,7184,32,8,8,8,8,6,10,7,7,7,5,4,5,5,5,5,9,9,9,6,6,6,5,4,5,6,6,6,6,6,6,6,6,6,6,6,6,9,9,9,8,8,9,9,9,9,6,6,7,8,6,9,9,10,10,10,10,10,10,10,10,10,10
sf,cvs,plearn,plearn/PLearn/plearn/vmat/DictionaryVMatrix.cc,clean,cpp,IssueFalse,50939,260,7184,32,5,6,6,8,6,7,7,7,7,5,4,5,5,5,5,9,9,9,6,6,6,5,4,5,6,6,6,6,6,6,6,6,6,6,6,6,9,9,9,8,8,9,7,8,8,6,7,8,7,7,8,9,7,7,8,9,10,10,10,10,10,10
sf,cvs,plearn,plearn/PLearn/plearn/vmat/DictionaryVMatrix.h,clean,cpp,IssueFalse,50939,260,7184,32,2,6,4,5,10,4,10,9,9,10,10,9,10,10,10,9,9,9,8,7,8,10,10,9,9,8,9,9,9,9,10,9,9,9,9,9,10,10,10,10,9,9,4,4,4,3,3,4,5,4,5,9,7,4,5,6,8,9,9,7,8,9
sf,cvs,plearn,plearn/PLearn/plearn/vmat/DiskVMatrix.cc,clean,cpp,IssueFalse,50939,260,7184,32,6,7,7,8,5,7,7,7,7,5,4,5,5,5,5,9,9,9,6,6,6,5,4,5,6,6,6,6,6,6,6,6,6,6,6,6,9,9,9,8,8,9,7,9,8,7,9,8,9,9,9,6,7,3,4,4,5,5,5,4,5,7
sf,cvs,plearn,plearn/PLearn/plearn/vmat/DiskVMatrix.h,clean,cpp,IssueFalse,50939,260,7184,32,2,5,4,5,9,4,10,9,9,10,10,9,10,10,10,9,9,9,8,7,8,10,10,9,9,8,9,9,9,8,10,9,9,10,9,9,10,10,10,9,9,9,4,4,4,3,3,4,5,4,5,3,7,7,5,5,7,6,6,5,5,5
sf,cvs,plearn,plearn/PLearn/plearn/vmat/ExtendedVMatrix.cc,clean,cpp,IssueFalse,50939,260,7184,32,3,4,4,7,7,6,7,7,7,5,4,5,5,5,5,9,9,9,6,6,6,5,4,5,6,6,6,6,6,6,6,6,6,6,6,6,9,9,9,8,8,9,4,6,6,6,7,7,7,5,7,3,7,3,3,3,5,5,5,5,5,5
sf,cvs,plearn,plearn/PLearn/plearn/vmat/ExtendedVMatrix.h,clean,cpp,IssueFalse,50939,260,7184,32,2,5,4,6,9,4,9,8,8,10,10,9,10,10,10,9,9,9,8,8,8,10,10,9,9,8,9,9,8,8,9,9,9,9,9,9,10,9,9,9,9,9,4,4,5,4,5,5,5,4,6,3,7,6,5,5,7,6,6,3,3,4
sf,cvs,plearn,plearn/PLearn/plearn/vmat/FileVMatrix.cc,buggy,cpp,IssueFalse,50939,260,7184,32,7,8,7,9,5,7,7,7,7,5,4,5,5,5,5,9,9,9,6,6,6,5,4,5,6,6,6,6,6,6,6,6,6,6,6,6,9,9,9,8,8,9,7,10,9,8,9,9,9,9,9,9,7,7,9,9,5,5,5,6,7,9
sf,cvs,plearn,plearn/PLearn/plearn/vmat/FileVMatrix.h,clean,cpp,IssueFalse,50939,260,7184,32,3,5,5,5,9,4,10,10,9,10,10,9,10,10,10,9,9,9,8,7,8,10,10,9,9,9,9,9,9,9,10,9,9,10,10,9,10,10,10,9,9,9,4,4,4,3,3,4,5,4,5,8,7,6,7,7,5,6,6,4,5,8
sf,cvs,plearn,plearn/PLearn/plearn/vmat/FilteredVMatrix.cc,clean,cpp,IssueFalse,50939,260,7184,32,4,4,5,8,6,7,7,7,7,5,4,5,5,5,5,9,9,9,6,6,6,5,4,5,6,6,6,6,6,6,6,6,6,6,6,6,9,9,9,8,8,9,5,7,7,5,6,7,7,6,8,9,9,4,6,6,5,5,5,6,7,9
sf,cvs,plearn,plearn/PLearn/plearn/vmat/FilteredVMatrix.h,clean,cpp,IssueFalse,50939,260,7184,32,2,6,4,5,10,4,9,9,9,10,10,10,10,10,10,9,9,9,9,8,8,10,10,10,8,8,9,9,9,8,9,9,9,9,9,9,10,10,10,9,9,9,4,4,4,3,3,4,5,4,5,7,7,4,4,5,6,6,7,4,5,7
sf,cvs,plearn,plearn/PLearn/plearn/vmat/FinancePreprocVMatrix.cc,clean,cpp,IssueFalse,50939,260,7184,32,7,4,7,5,3,10,7,7,7,5,4,5,5,5,5,9,9,9,6,6,6,5,4,5,6,6,6,6,6,6,6,6,6,6,6,6,9,9,9,8,8,9,10,9,8,10,9,8,9,6,7,6,7,3,3,3,5,6,6,5,5,7
sf,cvs,plearn,plearn/PLearn/plearn/vmat/ForwardVMatrix.cc,clean,cpp,IssueFalse,50939,260,7184,32,5,5,6,10,5,6,7,7,7,5,4,5,5,5,5,9,9,9,6,6,6,5,4,5,6,6,6,6,6,6,6,6,6,6,6,6,9,9,9,8,8,9,4,7,8,6,7,9,5,8,9,7,7,3,3,3,10,10,10,5,6,8
sf,cvs,plearn,plearn/PLearn/plearn/vmat/ForwardVMatrix.h,clean,cpp,IssueFalse,50939,260,7184,32,3,7,5,5,9,4,10,9,9,10,9,9,10,10,10,10,10,10,9,8,8,10,9,9,6,6,7,10,10,10,10,10,10,10,10,10,9,9,9,9,9,9,4,4,4,3,3,4,5,4,5,5,7,3,4,4,10,10,10,4,5,5
sf,cvs,plearn,plearn/PLearn/plearn/vmat/GetInputVMatrix.cc,clean,cpp,IssueFalse,50939,260,7184,32,3,6,3,5,9,6,7,7,7,5,4,5,5,5,5,9,9,9,6,6,6,5,4,5,6,6,6,6,6,6,6,6,6,6,6,6,9,9,9,8,8,9,5,6,4,3,2,3,4,3,4,3,7,3,3,3,5,5,5,5,5,5
sf,cvs,plearn,plearn/PLearn/plearn/vmat/GramVMatrix.cc,buggy,cpp,IssueFalse,50939,260,7184,32,3,6,3,4,9,6,7,7,7,5,4,5,5,5,5,9,9,9,6,6,6,5,4,5,6,6,6,6,6,6,6,6,6,6,6,6,9,9,9,8,8,9,5,6,4,6,7,4,6,4,4,3,7,3,3,3,5,5,5,5,5,5
sf,cvs,plearn,plearn/PLearn/plearn/vmat/KFoldSplitter.cc,clean,cpp,IssueFalse,50939,260,7184,32,3,4,3,5,7,4,7,7,7,5,4,5,5,5,5,9,9,9,6,6,6,5,4,5,6,6,6,6,6,6,6,6,6,6,6,6,9,9,9,8,8,9,6,6,5,4,5,4,3,3,4,3,9,3,3,3,5,5,5,5,5,5
sf,cvs,plearn,plearn/PLearn/plearn/vmat/KNNVMatrix.cc,clean,cpp,IssueFalse,50939,260,7184,32,6,8,7,8,6,10,7,7,7,5,4,5,5,5,5,9,9,9,6,6,6,5,4,5,6,6,6,6,6,6,6,6,6,6,6,6,9,9,9,8,8,9,8,10,8,5,7,7,7,8,8,8,9,3,4,4,5,6,6,6,8,9
sf,cvs,plearn,plearn/PLearn/plearn/vmat/LocallyPrecomputedVMatrix.cc,buggy,cpp,IssueFalse,50939,260,7184,32,4,6,5,7,7,7,7,7,7,5,4,5,5,5,5,9,9,9,6,6,6,5,4,5,6,6,6,6,6,6,6,6,6,6,6,6,9,9,9,8,8,9,6,7,6,5,8,6,6,6,7,8,10,6,8,7,7,8,8,5,6,8
sf,cvs,plearn,plearn/PLearn/plearn/vmat/MovingAverageVMatrix.cc,clean,cpp,IssueFalse,50939,260,7184,32,5,5,6,5,5,10,7,7,7,5,4,5,5,5,5,9,9,9,6,6,6,5,4,5,6,6,6,6,6,6,6,6,6,6,6,6,9,9,9,8,8,9,9,9,7,6,5,5,9,8,6,3,7,3,3,3,5,5,5,5,5,5
sf,cvs,plearn,plearn/PLearn/plearn/vmat/MultiInstanceVMatrix.cc,clean,cpp,IssueFalse,50939,260,7184,32,6,6,6,7,6,9,7,7,7,5,4,5,5,5,5,9,9,9,6,6,6,5,4,5,6,6,6,6,6,6,6,6,6,6,6,6,9,9,9,8,8,9,7,9,7,6,9,7,7,8,8,6,7,3,3,3,5,5,5,6,6,7
sf,cvs,plearn,plearn/PLearn/plearn/vmat/MultiInstanceVMatrix.h,clean,cpp,IssueFalse,50939,260,7184,32,2,5,4,5,10,4,9,9,9,10,10,9,10,10,10,9,9,9,8,8,8,10,10,9,9,8,9,8,8,8,9,9,8,9,9,9,10,10,10,9,9,9,4,4,4,3,3,4,5,4,5,5,7,4,4,4,6,6,6,4,5,5
sf,cvs,plearn,plearn/PLearn/plearn/vmat/PLearnerOutputVMatrix.cc,clean,cpp,IssueFalse,50939,260,7184,32,6,6,6,7,5,9,7,7,7,5,4,5,5,5,5,9,9,9,6,6,6,5,4,5,6,6,6,6,6,6,6,6,6,6,6,6,9,9,9,8,8,9,8,9,8,9,9,8,9,9,9,9,9,8,9,9,6,6,7,8,8,10
sf,cvs,plearn,plearn/PLearn/plearn/vmat/PLearnerOutputVMatrix.h,clean,cpp,IssueFalse,50939,260,7184,32,2,6,4,5,9,4,10,9,9,10,10,9,10,10,10,9,9,9,9,8,8,10,10,9,10,9,10,9,8,8,9,9,9,9,9,9,10,10,10,9,9,9,4,4,4,3,3,4,5,4,5,9,7,3,4,4,6,7,7,5,6,8
sf,cvs,plearn,plearn/PLearn/plearn/vmat/PrecomputedVMatrix.cc,clean,cpp,IssueFalse,50939,260,7184,32,4,5,5,8,7,7,7,7,7,5,4,5,5,5,5,9,9,9,6,6,6,5,4,5,6,6,6,6,6,6,6,6,6,6,6,6,9,9,9,8,8,9,6,8,7,4,5,6,6,7,7,5,7,3,3,3,5,5,5,5,5,6
sf,cvs,plearn,plearn/PLearn/plearn/vmat/PrecomputedVMatrix.h,clean,cpp,IssueFalse,50939,260,7184,32,2,5,4,5,10,4,9,9,9,10,10,10,10,10,10,9,9,9,9,8,8,10,10,10,7,7,7,9,8,8,9,9,9,9,9,9,10,10,10,9,9,9,4,4,4,3,3,4,5,4,5,5,7,4,4,4,8,7,7,4,5,5
sf,cvs,plearn,plearn/PLearn/plearn/vmat/ProcessingVMatrix.cc,buggy,cpp,IssueFalse,50939,260,7184,32,3,4,4,7,8,4,7,7,7,5,4,5,5,5,5,9,9,9,6,6,6,5,4,5,6,6,6,6,6,6,6,6,6,6,6,6,9,9,9,8,8,9,4,4,6,5,7,6,5,5,7,5,7,3,3,3,5,5,5,5,5,6
sf,cvs,plearn,plearn/PLearn/plearn/vmat/ProcessingVMatrix.h,clean,cpp,IssueFalse,50939,260,7184,32,2,5,4,6,10,4,9,8,8,10,10,10,10,10,10,9,9,9,9,8,8,10,10,10,8,7,8,9,8,8,9,9,9,9,9,9,10,10,10,9,9,9,4,4,5,3,3,4,6,4,6,5,7,3,4,4,6,6,6,5,5,6
sf,cvs,plearn,plearn/PLearn/plearn/vmat/RemoveDuplicateVMatrix.cc,clean,cpp,IssueFalse,50939,260,7184,32,4,6,4,4,8,10,7,7,7,5,4,5,5,5,5,9,9,9,6,6,6,5,4,5,6,6,6,6,6,6,6,6,6,6,6,6,9,9,9,8,8,9,8,8,5,5,6,4,7,6,5,6,7,4,4,4,5,5,5,4,5,7
sf,cvs,plearn,plearn/PLearn/plearn/vmat/RowBufferedVMatrix.cc,clean,cpp,IssueFalse,50939,260,7184,32,5,5,5,7,7,6,7,7,7,5,4,5,5,5,5,9,9,9,6,6,6,5,4,5,6,6,6,6,6,6,6,6,6,6,6,6,9,9,9,8,8,9,6,8,7,10,10,9,7,4,7,9,9,7,9,9,9,9,9,7,8,9
sf,cvs,plearn,plearn/PLearn/plearn/vmat/RowBufferedVMatrix.h,clean,cpp,IssueFalse,50939,260,7184,32,2,4,4,5,9,4,9,9,8,10,9,9,10,10,10,10,10,10,7,7,7,10,9,9,8,8,8,9,8,8,9,9,8,9,9,9,10,9,9,8,8,9,4,4,4,3,3,4,5,4,5,8,7,5,6,6,7,7,7,4,6,8
sf,cvs,plearn,plearn/PLearn/plearn/vmat/RowsSubVMatrix.cc,clean,cpp,IssueFalse,50939,260,7184,32,3,4,4,7,8,4,7,7,7,5,4,5,5,5,5,9,9,9,6,6,6,5,4,5,6,6,6,6,6,6,6,6,6,6,6,6,9,9,9,8,8,9,4,4,6,4,5,6,4,4,6,3,7,3,3,3,5,5,5,5,5,5
sf,cvs,plearn,plearn/PLearn/plearn/vmat/RowsSubVMatrix.h,clean,cpp,IssueFalse,50939,260,7184,32,2,5,4,5,10,4,9,8,8,10,10,10,10,10,10,9,9,9,8,8,8,10,10,10,6,6,7,9,8,8,9,9,9,9,9,9,10,9,9,9,9,9,4,4,4,3,3,4,5,4,5,3,7,3,3,3,5,5,5,5,5,5
sf,cvs,plearn,plearn/PLearn/plearn/vmat/SelectAttributsSequenceVMatrix.cc,clean,cpp,IssueFalse,50939,260,7184,32,8,7,8,7,4,9,7,7,7,5,4,5,5,5,5,9,9,9,6,6,6,5,4,5,6,6,6,6,6,6,6,6,6,6,6,6,9,9,9,8,8,9,9,10,9,10,10,9,9,9,9,9,10,8,8,9,8,8,9,9,9,10
sf,cvs,plearn,plearn/PLearn/plearn/vmat/SelectAttributsSequenceVMatrix.h,clean,cpp,IssueFalse,50939,260,7184,32,6,7,7,8,7,7,10,10,10,10,10,9,10,10,10,9,9,9,9,8,8,10,10,9,10,10,10,9,9,9,10,9,9,10,9,9,10,10,10,10,10,10,7,7,8,7,7,8,7,5,8,9,7,7,8,9,5,5,5,5,8,9
sf,cvs,plearn,plearn/PLearn/plearn/vmat/SelectColumnsVMatrix.cc,clean,cpp,IssueFalse,50939,260,7184,32,6,7,6,7,6,10,7,7,7,5,4,5,5,5,5,9,9,9,6,6,6,5,4,5,6,6,6,6,6,6,6,6,6,6,6,6,9,9,9,8,8,9,7,9,7,6,6,7,5,6,7,8,7,9,9,10,5,6,6,9,9,10
sf,cvs,plearn,plearn/PLearn/plearn/vmat/SelectRowsVMatrix.h,clean,cpp,IssueFalse,50939,260,7184,32,2,5,4,6,9,4,9,9,9,10,10,10,10,10,10,10,10,10,8,8,8,10,10,10,6,6,7,10,9,9,10,10,9,10,10,10,10,9,9,9,9,9,4,4,5,3,3,4,5,4,5,5,7,5,5,5,6,6,6,4,5,5
sf,cvs,plearn,plearn/PLearn/plearn/vmat/ShiftAndRescaleVMatrix.cc,clean,cpp,IssueFalse,50939,260,7184,32,6,4,6,6,4,10,7,7,7,5,4,5,5,5,5,9,9,9,6,6,6,5,4,5,6,6,6,6,6,6,6,6,6,6,6,6,9,9,9,8,8,9,9,9,7,9,8,8,8,9,7,7,9,8,8,8,6,6,7,9,9,9
sf,cvs,plearn,plearn/PLearn/plearn/vmat/SortRowsVMatrix.cc,clean,cpp,IssueFalse,50939,260,7184,32,5,6,6,7,7,9,7,7,7,5,4,5,5,5,5,9,9,9,6,6,6,5,4,5,6,6,6,6,6,6,6,6,6,6,6,6,9,9,9,8,8,9,7,8,7,6,7,7,6,5,7,6,9,7,7,7,5,6,6,5,5,7
sf,cvs,plearn,plearn/PLearn/plearn/vmat/SourceVMatrix.cc,clean,cpp,IssueFalse,50939,260,7184,32,4,6,4,8,8,7,7,7,7,5,4,5,5,5,5,9,9,9,6,6,6,5,4,5,6,6,6,6,6,6,6,6,6,6,6,6,9,9,9,8,8,9,5,7,7,8,9,9,5,5,7,9,7,5,6,7,9,10,10,4,5,8
sf,cvs,plearn,plearn/PLearn/plearn/vmat/SourceVMatrix.h,clean,cpp,IssueFalse,50939,260,7184,32,2,7,4,6,10,4,9,9,9,10,10,9,10,10,10,10,10,10,8,8,8,10,10,9,7,7,7,9,9,9,10,9,9,10,9,9,10,10,10,9,9,9,4,4,5,3,3,4,5,4,5,8,7,5,5,6,7,7,8,5,7,8
sf,cvs,plearn,plearn/PLearn/plearn/vmat/SparseVMatrix.h,clean,cpp,IssueFalse,50939,260,7184,32,3,5,4,6,9,4,7,7,7,8,10,9,9,10,10,9,9,9,6,7,7,8,10,9,8,8,9,8,9,9,9,9,9,9,9,9,10,10,10,9,9,9,4,4,5,3,3,4,5,4,6,5,7,5,5,5,6,6,6,4,5,5
sf,cvs,plearn,plearn/PLearn/plearn/vmat/SubInputVMatrix.cc,clean,cpp,IssueFalse,50939,260,7184,32,3,6,3,5,9,6,7,7,7,5,4,5,5,5,5,9,9,9,6,6,6,5,4,5,6,6,6,6,6,6,6,6,6,6,6,6,9,9,9,8,8,9,5,6,4,5,5,4,5,3,4,5,7,3,3,3,5,5,5,5,5,6
sf,cvs,plearn,plearn/PLearn/plearn/vmat/SubVMatrix.cc,clean,cpp,IssueFalse,50939,260,7184,32,5,5,6,9,6,6,7,7,7,5,4,5,5,5,5,9,9,9,6,6,6,5,4,5,6,6,6,6,6,6,6,6,6,6,6,6,9,9,9,8,8,9,5,9,8,9,9,9,7,8,9,6,7,7,7,7,5,5,5,3,5,6
sf,cvs,plearn,plearn/PLearn/plearn/vmat/SubVMatrix.h,clean,cpp,IssueFalse,50939,260,7184,32,3,4,5,5,9,4,10,9,9,10,9,9,10,10,10,9,9,9,9,8,8,10,9,9,8,8,9,10,9,9,10,10,9,10,10,10,10,9,9,9,9,9,4,4,4,3,3,4,5,4,5,6,7,5,5,6,5,5,5,3,5,6
sf,cvs,plearn,plearn/PLearn/plearn/vmat/TransposeVMatrix.cc,clean,cpp,IssueFalse,50939,260,7184,32,3,7,4,7,9,6,7,7,7,5,4,5,5,5,5,9,9,9,6,6,6,5,4,5,6,6,6,6,6,6,6,6,6,6,6,6,9,9,9,8,8,9,5,6,6,4,6,6,5,4,6,5,7,3,3,3,5,5,5,5,5,6
sf,cvs,plearn,plearn/PLearn/plearn/vmat/TransposeVMatrix.h,clean,cpp,IssueFalse,50939,260,7184,32,2,6,4,5,10,4,9,8,8,10,10,10,10,10,10,9,9,9,8,7,8,10,10,10,6,6,6,8,8,8,9,9,8,9,9,9,10,10,10,9,9,9,4,4,4,3,3,4,5,4,5,5,7,4,4,4,7,6,7,5,5,6
sf,cvs,plearn,plearn/PLearn/plearn/vmat/VMField.h,clean,cpp,IssueFalse,50939,260,7184,32,3,5,4,7,8,2,9,9,9,5,4,5,6,6,7,9,9,9,6,6,7,5,4,5,9,9,10,9,9,9,9,9,9,9,10,9,9,9,9,8,8,9,3,3,5,4,5,6,2,3,5,3,7,5,4,4,10,8,8,3,3,4
sf,cvs,plearn,plearn/PLearn/plearn/vmat/VMat.cc,clean,cpp,IssueFalse,50939,260,7184,32,3,5,4,7,8,4,7,7,7,5,4,5,5,5,5,9,9,9,6,6,6,5,4,5,6,6,6,6,6,6,6,6,6,6,6,6,9,9,9,8,8,9,4,5,6,10,10,10,6,4,7,3,7,4,4,4,5,5,5,3,3,4
sf,cvs,plearn,plearn/PLearn/plearn/vmat/VMat.h,clean,cpp,IssueFalse,50939,260,7184,32,3,6,5,9,8,4,9,9,9,7,6,7,10,10,10,9,9,9,9,8,8,7,6,7,7,7,7,10,10,10,10,10,10,10,10,10,9,9,9,8,8,9,3,4,7,10,10,10,3,4,8,5,7,3,3,3,7,6,7,5,6,6
sf,cvs,plearn,plearn/PLearn/plearn/vmat/VMatLanguage.cc,clean,cpp,IssueFalse,50939,260,7184,32,9,9,10,9,4,10,7,7,7,5,4,5,5,5,5,9,9,9,6,6,6,5,4,5,6,6,6,6,6,6,6,6,6,6,6,6,9,9,9,8,8,9,10,10,10,6,9,9,8,9,10,7,7,6,6,6,5,5,5,6,7,8
sf,cvs,plearn,plearn/PLearn/plearn/vmat/VMatLanguage.h,clean,cpp,IssueFalse,50939,260,7184,32,3,6,6,8,8,4,10,10,10,10,10,10,10,10,10,9,9,9,9,8,9,10,10,10,8,8,10,9,9,9,10,10,10,10,10,10,10,10,10,10,10,10,4,4,7,4,7,7,6,4,8,6,7,6,6,6,6,6,7,5,6,7
sf,cvs,plearn,plearn/PLearn/plearn/vmat/VMat_linalg.cc,buggy,cpp,IssueFalse,50939,260,7184,32,7,6,7,6,4,6,7,7,7,5,4,5,5,5,5,9,9,9,6,6,6,5,4,5,6,6,6,6,6,6,6,6,6,6,6,6,9,9,9,8,8,9,9,8,7,8,9,7,10,8,9,3,7,9,7,7,5,5,5,10,8,8
sf,cvs,plearn,plearn/PLearn/plearn/vmat/VMat_linalg.h,clean,cpp,IssueFalse,50939,260,7184,32,2,6,2,1,10,2,7,7,7,5,4,5,5,5,5,9,9,9,6,6,6,5,4,5,6,6,6,6,6,6,6,6,6,6,6,6,9,9,9,8,8,9,1,1,2,2,2,2,1,1,2,3,7,7,6,5,5,5,5,10,9,9
sf,cvs,plearn,plearn/PLearn/plearn/vmat/VMatrix.cc,buggy,cpp,IssueFalse,50939,260,7184,32,10,9,10,10,4,7,7,7,7,5,4,5,5,5,5,9,9,9,6,6,6,5,4,5,6,6,6,6,6,6,6,6,6,6,6,6,9,9,9,8,8,9,7,9,10,8,10,10,8,8,10,10,10,7,9,10,10,10,10,6,8,10
sf,cvs,plearn,plearn/PLearn/plearn/vmat/VMatrix.h,clean,cpp,IssueFalse,50939,260,7184,32,6,10,7,9,9,4,10,10,10,8,8,8,10,10,10,10,10,10,10,9,9,8,8,8,10,10,10,10,10,10,10,10,10,10,10,10,9,9,9,9,9,9,3,4,8,8,10,10,3,4,8,10,9,6,7,9,9,10,10,5,8,10
sf,cvs,plearn,plearn/PLearn/plearn/vmat/VVMatrix.cc,clean,cpp,IssueFalse,50939,260,7184,32,9,8,9,8,4,10,7,7,7,5,4,5,5,5,5,9,9,9,6,6,6,5,4,5,6,6,6,6,6,6,6,6,6,6,6,6,9,9,9,8,8,9,10,10,10,6,9,8,10,10,10,7,7,7,7,7,8,8,8,7,8,9
sf,cvs,plearn,plearn/PLearn/plearn_learners/classifiers/Attic/AdaBoost.cc,buggy,cpp,IssueFalse,50939,260,7184,32,8,6,9,8,3,10,7,7,7,5,4,5,5,5,5,9,9,9,6,6,6,5,4,5,6,6,6,6,6,6,6,6,6,6,6,6,9,9,9,8,8,9,9,10,9,8,10,9,9,10,9,7,9,10,10,10,7,7,7,9,9,10
sf,cvs,plearn,plearn/PLearn/plearn_learners/classifiers/Attic/AdaBoost.h,clean,cpp,IssueFalse,50939,260,7184,32,3,8,5,5,10,4,10,10,10,10,9,9,9,9,9,9,9,9,9,9,9,10,9,9,10,10,10,9,9,9,10,9,9,10,10,9,10,9,9,9,9,9,4,4,4,3,3,4,5,4,5,5,7,4,4,4,5,5,5,4,5,5
sf,cvs,plearn,plearn/PLearn/plearn_learners/classifiers/BinaryStump.cc,clean,cpp,IssueFalse,50939,260,7184,32,6,5,7,8,4,7,7,7,7,5,4,5,5,5,5,9,9,9,6,6,6,5,4,5,6,6,6,6,6,6,6,6,6,6,6,6,9,9,9,8,8,9,7,9,8,5,6,7,6,8,8,3,7,3,3,3,5,5,5,5,5,5
sf,cvs,plearn,plearn/PLearn/plearn_learners/classifiers/ClassifierFromDensity.cc,buggy,cpp,IssueFalse,50939,260,7184,32,6,5,6,8,5,7,7,7,7,5,4,5,5,5,5,9,9,9,6,6,6,5,4,5,6,6,6,6,6,6,6,6,6,6,6,6,9,9,9,8,8,9,7,8,8,6,7,8,7,8,8,6,7,3,3,3,5,5,5,7,7,8
sf,cvs,plearn,plearn/PLearn/plearn_learners/classifiers/ClassifierFromDensity.h,buggy,cpp,IssueFalse,50939,260,7184,32,2,7,4,5,10,4,10,9,9,10,9,9,9,9,9,9,9,9,9,8,8,10,9,9,8,8,9,9,9,9,10,9,9,10,10,9,10,9,9,9,9,9,4,4,4,3,3,4,5,4,5,5,7,3,3,3,5,5,5,5,5,6
sf,cvs,plearn,plearn/PLearn/plearn_learners/classifiers/MultiInstanceNNet.cc,clean,cpp,IssueFalse,50939,260,7184,32,8,8,8,9,4,9,7,7,7,5,4,5,5,5,5,9,9,9,6,6,6,5,4,5,6,6,6,6,6,6,6,6,6,6,6,6,9,9,9,8,8,9,8,9,9,10,10,10,9,10,10,5,7,6,5,5,6,6,6,3,3,5
sf,cvs,plearn,plearn/PLearn/plearn_learners/classifiers/MultiInstanceNNet.h,clean,cpp,IssueFalse,50939,260,7184,32,4,7,6,5,8,4,10,10,10,10,9,9,9,9,9,9,9,9,9,8,8,10,9,9,10,10,10,10,9,9,10,9,9,10,10,9,10,10,10,9,9,9,4,4,4,3,3,4,5,4,5,5,7,6,6,6,7,7,7,6,6,7
sf,cvs,plearn,plearn/PLearn/plearn_learners/classifiers/OverlappingAdaBoost.cc,clean,cpp,IssueFalse,50939,260,7184,32,8,6,9,8,3,10,7,7,7,5,4,5,5,5,5,9,9,9,6,6,6,5,4,5,6,6,6,6,6,6,6,6,6,6,6,6,9,9,9,8,8,9,9,10,9,8,10,9,9,10,9,6,7,10,10,10,8,7,8,10,10,10
sf,cvs,plearn,plearn/PLearn/plearn_learners/classifiers/OverlappingAdaBoost.h,clean,cpp,IssueFalse,50939,260,7184,32,3,8,5,5,10,4,10,10,10,10,9,9,9,9,9,9,9,9,10,9,9,10,9,9,10,10,10,9,9,9,10,9,9,10,10,9,10,9,9,9,9,9,4,4,4,3,3,4,5,4,5,5,7,4,4,4,5,5,5,4,5,5
sf,cvs,plearn,plearn/PLearn/plearn_learners/distributions/ConditionalDensityNet.cc,clean,cpp,IssueFalse,50939,260,7184,32,10,9,10,9,4,10,7,7,7,5,4,5,5,5,5,9,9,9,6,6,6,5,4,5,6,6,6,6,6,6,6,6,6,6,6,6,9,9,9,8,8,9,10,10,10,10,10,10,10,10,10,5,7,6,6,5,5,5,5,5,5,6
sf,cvs,plearn,plearn/PLearn/plearn_learners/distributions/ConditionalDensityNet.h,clean,cpp,IssueFalse,50939,260,7184,32,5,9,6,5,9,4,10,10,10,10,10,9,10,10,10,9,9,9,9,8,8,10,10,9,10,10,10,10,9,9,10,10,9,10,10,10,10,9,9,9,9,9,4,4,4,3,3,4,5,4,5,5,7,3,3,3,5,5,5,5,5,6
sf,cvs,plearn,plearn/PLearn/plearn_learners/distributions/GaussMix.cc,clean,cpp,IssueFalse,50939,260,7184,32,9,9,10,10,4,10,7,7,7,5,4,5,5,5,5,9,9,9,6,6,6,5,4,5,6,6,6,6,6,6,6,6,6,6,6,6,9,9,9,8,8,9,9,9,10,10,10,10,9,8,10,7,7,7,8,8,7,7,8,7,8,9
sf,cvs,plearn,plearn/PLearn/plearn_learners/distributions/GaussMix.h,clean,cpp,IssueFalse,50939,260,7184,32,4,8,6,5,9,4,10,10,10,10,10,9,10,10,10,10,10,10,9,8,8,10,10,9,10,10,10,10,10,10,10,10,10,10,10,10,10,10,10,9,9,9,4,4,4,3,3,4,5,4,5,3,7,3,3,3,5,5,5,5,5,5
sf,cvs,plearn,plearn/PLearn/plearn_learners/distributions/GaussianDistribution.cc,buggy,cpp,IssueFalse,50939,260,7184,32,4,5,4,6,7,4,7,7,7,5,4,5,5,5,5,9,9,9,6,6,6,5,4,5,6,6,6,6,6,6,6,6,6,6,6,6,9,9,9,8,8,9,5,6,5,7,7,6,6,5,6,5,9,6,6,5,5,5,5,4,5,5
sf,cvs,plearn,plearn/PLearn/plearn_learners/distributions/ManifoldParzen2.cc,buggy,cpp,IssueFalse,50939,260,7184,32,5,6,6,8,6,7,7,7,7,5,4,5,5,5,5,9,9,9,6,6,6,5,4,5,6,6,6,6,6,6,6,6,6,6,6,6,9,9,9,8,8,9,6,7,7,6,8,7,8,7,8,3,7,3,3,3,5,5,5,3,3,4
sf,cvs,plearn,plearn/PLearn/plearn_learners/distributions/ManifoldParzen2.h,buggy,cpp,IssueFalse,50939,260,7184,32,2,6,4,5,10,4,9,9,8,10,10,10,10,10,10,9,9,9,8,7,8,10,10,10,8,8,9,9,8,8,9,9,8,9,9,9,9,9,9,9,9,9,4,4,4,3,3,4,5,4,5,3,7,3,3,3,5,5,5,3,3,4
sf,cvs,plearn,plearn/PLearn/plearn_learners/distributions/PDistribution.cc,buggy,cpp,IssueFalse,50939,260,7184,32,8,8,9,10,5,9,7,7,7,5,4,5,5,5,5,9,9,9,6,6,6,5,4,5,6,6,6,6,6,6,6,6,6,6,6,6,9,9,9,8,8,9,7,10,9,8,9,10,6,7,9,6,7,4,4,5,7,7,7,9,9,9
sf,cvs,plearn,plearn/PLearn/plearn_learners/distributions/PDistribution.h,clean,cpp,IssueFalse,50939,260,7184,32,4,8,5,5,9,4,10,10,10,10,9,9,10,10,9,10,10,10,8,8,8,10,9,9,10,10,10,10,10,10,10,10,10,10,10,10,10,10,10,9,9,9,4,4,4,3,3,4,5,4,5,6,7,4,5,5,5,5,5,4,5,7
sf,cvs,plearn,plearn/PLearn/plearn_learners/distributions/UnconditionalDistribution.cc,buggy,cpp,IssueFalse,50939,260,7184,32,3,6,4,7,9,4,7,7,7,5,4,5,5,5,5,9,9,9,6,6,6,5,4,5,6,6,6,6,6,6,6,6,6,6,6,6,9,9,9,8,8,9,4,4,6,4,8,6,3,4,6,5,7,3,3,3,5,5,5,8,8,8
sf,cvs,plearn,plearn/PLearn/plearn_learners/distributions/UnconditionalDistribution.h,buggy,cpp,IssueFalse,50939,260,7184,32,2,6,4,5,10,4,9,8,8,10,10,9,10,10,9,9,9,9,8,7,8,10,10,9,6,6,6,9,8,8,9,9,9,9,9,9,10,9,9,9,9,9,4,4,4,3,3,4,5,4,5,3,7,3,3,3,5,5,5,5,5,5
sf,cvs,plearn,plearn/PLearn/plearn_learners/generic/AddCostToLearner.cc,buggy,cpp,IssueFalse,50939,260,7184,32,8,8,8,8,5,10,7,7,7,5,4,5,5,5,5,9,9,9,6,6,6,5,4,5,6,6,6,6,6,6,6,6,6,6,6,6,9,9,9,8,8,9,9,10,9,9,10,9,9,8,9,10,10,5,6,7,8,9,9,7,9,10
sf,cvs,plearn,plearn/PLearn/plearn_learners/generic/AddCostToLearner.h,buggy,cpp,IssueFalse,50939,260,7184,32,3,7,5,5,9,4,10,10,9,10,10,9,10,10,9,9,9,9,9,9,9,10,10,9,10,10,10,9,9,8,10,9,9,10,9,9,10,9,9,9,9,9,4,4,4,3,3,4,5,4,5,8,7,4,5,6,9,9,9,6,8,8
sf,cvs,plearn,plearn/PLearn/plearn_learners/generic/AddLayersNNet.cc,buggy,cpp,IssueFalse,50939,260,7184,32,6,8,6,6,7,7,7,7,7,5,4,5,5,5,5,9,9,9,6,6,6,5,4,5,6,6,6,6,6,6,6,6,6,6,6,6,9,9,9,8,8,9,9,9,8,6,5,6,7,8,7,9,9,6,7,8,6,6,7,8,8,10
sf,cvs,plearn,plearn/PLearn/plearn_learners/generic/Attic/CascadeCorrelation.cc,buggy,cpp,IssueFalse,50939,260,7184,32,9,9,9,9,4,10,7,7,7,5,4,5,5,5,5,9,9,9,6,6,6,5,4,5,6,6,6,6,6,6,6,6,6,6,6,6,9,9,9,8,8,9,9,10,10,10,10,10,9,10,10,5,7,8,7,7,10,8,9,10,9,10
sf,cvs,plearn,plearn/PLearn/plearn_learners/generic/Attic/CascadeCorrelation.h,buggy,cpp,IssueFalse,50939,260,7184,32,4,7,6,5,8,4,10,10,10,10,9,9,10,10,9,9,9,9,9,9,9,10,9,9,10,10,10,10,10,9,10,10,10,10,10,9,10,10,10,9,9,9,4,4,4,3,3,4,5,4,5,3,7,4,4,4,7,6,6,5,5,5
sf,cvs,plearn,plearn/PLearn/plearn_learners/generic/EmbeddedLearner.cc,clean,cpp,IssueFalse,50939,260,7184,32,6,5,6,9,5,4,7,7,7,5,4,5,5,5,5,9,9,9,6,6,6,5,4,5,6,6,6,6,6,6,6,6,6,6,6,6,9,9,9,8,8,9,6,5,8,5,6,8,5,4,8,9,9,9,9,10,9,10,10,8,10,10
sf,cvs,plearn,plearn/PLearn/plearn_learners/generic/EmbeddedLearner.h,clean,cpp,IssueFalse,50939,260,7184,32,3,7,4,5,10,4,10,9,9,10,9,9,10,10,9,10,10,10,9,8,8,10,9,9,7,7,7,10,10,9,10,10,9,10,10,10,10,9,9,9,9,9,4,4,4,3,3,4,5,4,5,9,7,7,8,9,7,7,8,9,9,10
sf,cvs,plearn,plearn/PLearn/plearn_learners/generic/Learner.cc,buggy,cpp,IssueFalse,50939,260,7184,32,9,9,9,10,4,10,7,7,7,5,4,5,5,5,5,9,9,9,6,6,6,5,4,5,6,6,6,6,6,6,6,6,6,6,6,6,9,9,9,8,8,9,7,9,10,9,10,10,9,10,10,5,7,4,4,4,5,5,5,8,8,8
sf,cvs,plearn,plearn/PLearn/plearn_learners/generic/Learner.h,clean,cpp,IssueFalse,50939,260,7184,32,6,10,7,9,9,4,10,10,10,8,8,8,10,9,9,9,9,9,10,9,9,8,8,8,10,10,10,10,10,10,10,10,10,10,10,10,10,10,10,9,9,9,4,4,7,4,7,7,3,4,7,3,7,3,3,3,5,5,5,9,7,7
sf,cvs,plearn,plearn/PLearn/plearn_learners/generic/NNet.cc,buggy,cpp,IssueFalse,50939,260,7184,32,9,9,9,9,4,9,7,7,7,5,4,5,5,5,5,9,9,9,6,6,6,5,4,5,6,6,6,6,6,6,6,6,6,6,6,6,9,9,9,8,8,9,9,10,10,10,10,10,9,9,10,9,10,10,10,10,10,10,10,10,10,10
sf,cvs,plearn,plearn/PLearn/plearn_learners/generic/NNet.h,clean,cpp,IssueFalse,50939,260,7184,32,4,8,6,5,9,4,10,10,10,10,9,9,10,10,9,9,9,9,9,9,9,10,9,9,10,10,10,10,10,9,10,10,9,10,10,9,10,10,10,9,9,9,4,4,4,3,3,4,5,4,5,9,9,9,10,10,10,10,10,5,7,9
sf,cvs,plearn,plearn/PLearn/plearn_learners/generic/NeighborhoodSmoothnessNNet.h,clean,cpp,IssueFalse,50939,260,7184,32,4,7,6,5,9,4,10,10,10,10,9,9,9,9,9,9,9,9,9,9,9,10,9,9,10,10,10,10,9,9,10,9,9,10,10,9,10,10,10,9,9,9,4,4,4,3,3,4,5,4,5,3,7,3,3,3,5,5,5,5,5,5
sf,cvs,plearn,plearn/PLearn/plearn_learners/generic/PLearner.cc,clean,cpp,IssueFalse,50939,260,7184,32,7,6,7,9,4,6,7,7,7,5,4,5,5,5,5,9,9,9,6,6,6,5,4,5,6,6,6,6,6,6,6,6,6,6,6,6,9,9,9,8,8,9,6,8,8,10,10,10,7,8,9,10,9,5,6,7,7,7,8,5,6,9
sf,cvs,plearn,plearn/PLearn/plearn_learners/generic/PLearner.h,clean,cpp,IssueFalse,50939,260,7184,32,4,10,5,7,10,4,10,10,9,8,8,8,9,9,9,10,10,10,9,8,8,8,8,8,10,10,10,10,10,10,10,10,10,10,10,10,10,10,10,9,9,9,4,4,5,3,3,5,3,4,5,9,7,6,7,8,6,7,7,6,8,9
sf,cvs,plearn,plearn/PLearn/plearn_learners/generic/StackedLearner.cc,clean,cpp,IssueFalse,50939,260,7184,32,7,6,7,9,4,9,7,7,7,5,4,5,5,5,5,9,9,9,6,6,6,5,4,5,6,6,6,6,6,6,6,6,6,6,6,6,9,9,9,8,8,9,8,8,9,7,8,9,8,7,9,9,10,7,8,8,5,5,5,6,8,9
sf,cvs,plearn,plearn/PLearn/plearn_learners/generic/StackedLearner.h,clean,cpp,IssueFalse,50939,260,7184,32,3,8,5,5,10,4,10,10,9,10,9,9,9,9,9,9,9,9,9,9,9,10,9,9,10,9,10,9,9,9,10,9,9,10,10,9,10,9,9,9,9,9,4,4,4,3,3,4,5,4,5,6,7,6,5,6,9,8,8,6,7,7
sf,cvs,plearn,plearn/PLearn/plearn_learners/generic/StatefulLearner.cc,clean,cpp,IssueFalse,50939,260,7184,32,4,4,4,8,7,4,7,7,7,5,4,5,5,5,5,9,9,9,6,6,6,5,4,5,6,6,6,6,6,6,6,6,6,6,6,6,9,9,9,8,8,9,4,4,6,3,5,5,3,3,6,8,7,6,7,7,6,7,7,4,6,8
sf,cvs,plearn,plearn/PLearn/plearn_learners/generic/StatefulLearner.h,clean,cpp,IssueFalse,50939,260,7184,32,2,7,4,5,10,4,9,8,8,10,9,9,9,9,9,9,9,9,8,8,8,10,9,9,7,7,7,9,9,9,10,9,9,10,9,9,10,9,9,9,9,9,4,4,4,3,3,4,5,4,5,8,7,5,6,6,7,7,8,5,6,8
sf,cvs,plearn,plearn/PLearn/plearn_learners/generic/TestingLearner.cc,buggy,cpp,IssueFalse,50939,260,7184,32,4,6,4,8,8,4,7,7,7,5,4,5,5,5,5,9,9,9,6,6,6,5,4,5,6,6,6,6,6,6,6,6,6,6,6,6,9,9,9,8,8,9,4,4,7,3,5,6,4,4,7,5,7,7,7,6,8,7,7,8,8,8
sf,cvs,plearn,plearn/PLearn/plearn_learners/generic/TestingLearner.h,clean,cpp,IssueFalse,50939,260,7184,32,2,7,4,5,10,4,9,9,8,10,9,9,9,9,9,9,9,9,9,8,8,10,9,9,6,6,7,9,9,9,10,9,9,10,10,9,10,9,9,9,9,9,4,4,4,3,3,4,5,4,5,6,7,4,4,4,6,6,7,4,5,7
sf,cvs,plearn,plearn/PLearn/plearn_learners/misc/Experiment.cc,clean,cpp,IssueFalse,50939,260,7184,32,5,5,6,7,6,6,7,7,7,5,4,5,5,5,5,9,9,9,6,6,6,5,4,5,6,6,6,6,6,6,6,6,6,6,6,6,9,9,9,8,8,9,7,9,7,5,8,6,7,8,7,3,7,3,3,3,5,5,5,7,6,6
sf,cvs,plearn,plearn/PLearn/plearn_learners/misc/Grapher.cc,buggy,cpp,IssueFalse,50939,260,7184,32,9,8,9,9,4,9,7,7,7,5,4,5,5,5,5,9,9,9,6,6,6,5,4,5,6,6,6,6,6,6,6,6,6,6,6,6,9,9,9,8,8,9,9,9,10,9,8,9,9,8,10,6,7,4,4,4,5,5,5,7,7,8
sf,cvs,plearn,plearn/PLearn/plearn_learners/misc/PExperiment.cc,clean,cpp,IssueFalse,50939,260,7184,32,7,5,8,8,3,7,9,9,9,5,4,5,5,5,6,9,9,9,8,8,8,5,4,5,9,8,9,8,8,8,8,8,7,8,8,8,9,9,9,9,9,9,8,10,9,6,9,8,9,10,9,3,7,3,3,3,5,5,5,9,7,7
sf,cvs,plearn,plearn/PLearn/plearn_learners/misc/PExperiment.h,clean,cpp,IssueFalse,50939,260,7184,32,2,6,4,6,10,4,7,7,7,8,8,8,9,8,8,9,9,9,8,8,8,8,8,8,10,9,10,9,8,8,9,9,9,10,9,9,10,9,9,9,9,9,4,4,5,3,3,4,5,4,5,3,7,3,3,3,5,5,5,8,7,7
sf,cvs,plearn,plearn/PLearn/plearn_learners/regressors/LinearRegressor.cc,buggy,cpp,IssueFalse,50939,260,7184,32,7,7,7,9,5,4,7,7,7,5,4,5,5,5,5,9,9,9,6,6,6,5,4,5,6,6,6,6,6,6,6,6,6,6,6,6,9,9,9,8,8,9,5,6,7,7,9,9,8,8,9,9,7,9,10,10,9,8,9,10,10,10
sf,cvs,plearn,plearn/PLearn/plearn_learners/regressors/LinearRegressor.h,clean,cpp,IssueFalse,50939,260,7184,32,3,8,5,5,10,4,9,9,9,10,9,9,9,9,9,9,9,9,9,8,8,10,9,9,10,10,10,9,9,9,10,9,9,10,10,9,10,10,10,9,9,9,4,4,4,3,3,4,5,4,5,7,7,8,8,8,9,9,9,6,7,8
sf,cvs,plearn,plearn/PLearn/plearn_learners/sequential/SequentialValidation.cc,buggy,cpp,IssueFalse,50939,260,7184,32,8,6,8,8,4,9,7,7,7,5,4,5,5,5,5,9,9,9,6,6,6,5,4,5,6,6,6,6,6,6,6,6,6,6,6,6,9,9,9,8,8,9,8,10,9,8,10,9,9,10,9,10,9,9,9,10,7,8,9,10,10,10
sf,cvs,plearn,plearn/PLearn/plearn_learners/sequential/SequentialValidation.h,buggy,cpp,IssueFalse,50939,260,7184,32,3,6,5,5,9,4,10,10,9,8,8,8,9,9,8,9,9,9,9,9,9,8,8,8,10,10,10,9,9,8,10,9,9,9,9,9,10,10,10,9,9,9,4,4,4,3,3,4,5,4,5,9,7,7,7,8,9,9,9,7,9,9
sf,cvs,plearn,plearn/PLearn/plearn_learners/testers/PTester.cc,buggy,cpp,IssueFalse,50939,260,7184,32,9,8,9,8,4,10,7,7,7,5,4,5,5,5,5,9,9,9,6,6,6,5,4,5,6,6,6,6,6,6,6,6,6,6,6,6,9,9,9,8,8,9,10,10,9,8,10,9,10,10,10,10,10,9,10,10,8,9,10,10,10,10
sf,cvs,plearn,plearn/PLearn/plearn_learners/testers/PTester.h,clean,cpp,IssueFalse,50939,260,7184,32,3,7,5,6,9,4,10,10,10,7,8,8,8,9,9,9,9,9,9,9,9,7,8,8,10,10,10,9,10,10,10,10,10,10,10,10,10,10,10,9,9,9,4,4,5,3,4,5,4,4,5,9,9,6,6,8,7,7,8,6,7,9
sf,cvs,plearn,plearn/PLearn/plearn_learners/unsupervised/GaussianContinuum.cc,clean,cpp,IssueFalse,50939,260,7184,32,10,10,10,9,5,10,7,7,7,5,4,5,5,5,5,9,9,9,6,6,6,5,4,5,6,6,6,6,6,6,6,6,6,6,6,6,9,9,9,8,8,9,10,10,10,10,10,10,10,10,10,9,9,10,10,10,10,10,10,10,10,10
sf,cvs,plearn,plearn/PLearn/plearn_learners/unsupervised/GaussianContinuum.h,clean,cpp,IssueFalse,50939,260,7184,32,5,8,6,5,9,4,10,10,10,10,9,9,9,9,9,9,9,9,10,9,9,10,9,9,10,10,10,10,9,9,10,10,9,10,10,9,10,9,9,10,10,10,4,4,4,3,3,4,5,4,5,9,9,8,9,9,5,5,5,7,7,9
sf,cvs,plearn,plearn/PLearn/plearn_learners/unsupervised/Isomap.cc,clean,cpp,IssueFalse,50939,260,7184,32,3,7,3,5,9,4,7,7,7,5,4,5,5,5,5,9,9,9,6,6,6,5,4,5,6,6,6,6,6,6,6,6,6,6,6,6,9,9,9,8,8,9,4,5,4,6,7,5,4,3,4,9,9,4,5,5,5,5,5,6,6,9
sf,cvs,plearn,plearn/PLearn/plearn_learners/unsupervised/KernelPCA.cc,clean,cpp,IssueFalse,50939,260,7184,32,3,6,2,5,9,4,7,7,7,5,4,5,5,5,5,9,9,9,6,6,6,5,4,5,6,6,6,6,6,6,6,6,6,6,6,6,9,9,9,8,8,9,4,4,4,6,8,5,3,3,4,5,7,3,3,3,5,5,5,5,5,6
sf,cvs,plearn,plearn/PLearn/plearn_learners/unsupervised/KernelProjection.cc,clean,cpp,IssueFalse,50939,260,7184,32,7,8,7,8,6,6,7,7,7,5,4,5,5,5,5,9,9,9,6,6,6,5,4,5,6,6,6,6,6,6,6,6,6,6,6,6,9,9,9,8,8,9,7,7,8,8,9,9,8,7,9,9,7,6,7,8,5,7,7,5,7,9
sf,cvs,plearn,plearn/PLearn/plearn_learners/unsupervised/KernelProjection.h,clean,cpp,IssueFalse,50939,260,7184,32,3,7,5,6,9,4,10,9,9,10,9,9,9,9,9,9,9,9,9,8,8,10,9,9,10,10,10,9,9,9,10,9,9,10,10,9,10,9,9,9,9,9,4,4,5,3,3,4,5,4,5,9,7,5,6,6,6,6,7,4,6,8
sf,cvs,plearn,plearn/PLearn/plearn_learners/unsupervised/LLE.cc,clean,cpp,IssueFalse,50939,260,7184,32,4,6,3,5,8,4,7,7,7,5,4,5,5,5,5,9,9,9,6,6,6,5,4,5,6,6,6,6,6,6,6,6,6,6,6,6,9,9,9,8,8,9,4,4,4,7,8,5,6,4,5,7,7,7,8,8,9,9,9,6,7,8
sf,cvs,plearn,plearn/PLearn/plearn_learners/unsupervised/PCA.cc,buggy,cpp,IssueFalse,50939,260,7184,32,7,7,8,8,5,10,7,7,7,5,4,5,5,5,5,9,9,9,6,6,6,5,4,5,6,6,6,6,6,6,6,6,6,6,6,6,9,9,9,8,8,9,7,10,8,6,8,8,7,9,9,9,9,8,10,9,5,6,6,6,8,9
sf,cvs,plearn,plearn/PLearn/plearn_learners/unsupervised/PCA.h,buggy,cpp,IssueFalse,50939,260,7184,32,2,7,4,5,10,4,10,9,9,10,9,9,9,9,9,9,9,9,9,8,8,10,9,9,9,9,9,9,9,9,10,9,9,10,10,9,10,9,9,9,9,9,4,4,4,3,3,4,5,4,5,7,7,3,4,4,5,6,6,4,5,7
sf,cvs,plearn,plearn/PLearn/scripts/Skeletons/PLearner.cc,clean,cpp,IssueFalse,50939,260,7184,32,3,7,2,7,9,2,7,7,7,5,4,5,5,5,5,9,9,9,6,6,6,5,4,5,6,6,6,6,6,6,6,6,6,6,6,6,9,9,9,8,8,9,3,3,5,2,2,3,2,2,3,3,7,3,3,3,5,5,5,3,3,4
