Host,Vcs,Project,File,Buggy,PL,IssueTracking,TLOC,TNF,TNC,TND,LOC,CL,NStmt,NFunc,RCC,MNL,avg_WMC,max_WMC,total_WMC,avg_DIT,max_DIT,total_DIT,avg_RFC,max_RFC,total_RFC,avg_NOC,max_NOC,total_NOC,avg_CBO,max_CBO,total_CBO,avg_DIT.1,max_DIT.1,total_DIT.1,avg_NIV,max_NIV,total_NIV,avg_NIM,max_NIM,total_NIM,avg_NOM,max_NOM,total_NOM,avg_NPBM,max_NPBM,total_NPBM,avg_NPM,max_NPM,total_NPM,avg_NPRM,max_NPRM,total_NPRM,avg_CC,max_CC,total_CC,avg_FANIN,max_FANIN,total_FANIN,avg_FANOUT,max_FANOUT,total_FANOUT,NRev,NFix,avg_AddedLOC,max_AddedLOC,total_AddedLOC,avg_DeletedLOC,max_DeletedLOC,total_DeletedLOC,avg_ModifiedLOC,max_ModifiedLOC,total_ModifiedLOC
sf,svn,plog4u,/info.bliki.wiki.test/src/info/bliki/api/APITest.java,clean,java,IssueTrue,14877,134,258,3,5,2,7,5,4,8,7,6,6,5,5,5,4,4,4,9,9,9,7,6,5,5,5,5,4,5,6,2,2,2,6,5,5,7,6,6,9,9,9,7,7,7,8,7,7,4,3,4,8,6,6,3,7,9,8,8,5,5,5,2,2,2
sf,svn,plog4u,/info.bliki.wiki.test/src/info/bliki/html/test/AllHTMLTests.java,clean,java,IssueTrue,14877,134,258,3,2,1,3,3,1,4,2,2,2,9,9,8,2,2,2,9,9,9,2,1,1,9,9,8,4,5,6,2,2,2,2,2,2,4,3,3,9,9,9,7,7,7,3,4,3,3,2,2,2,3,2,3,7,5,5,5,5,5,5,2,2,2
sf,svn,plog4u,/info.bliki.wiki.test/src/info/bliki/wiki/AllBlikiTests.java,clean,java,IssueTrue,14877,134,258,3,2,1,4,3,1,4,2,2,2,9,9,8,2,2,2,9,9,9,4,3,3,9,9,8,4,5,6,2,2,2,2,2,2,4,3,3,9,9,9,7,7,7,3,4,3,2,2,2,5,5,3,3,9,5,5,5,5,5,5,2,2,2
sf,svn,plog4u,/info.bliki.wiki.test/src/info/bliki/wiki/template/TemplateFunctionsTest.java,clean,java,IssueTrue,14877,134,258,3,4,2,4,6,4,4,7,6,5,9,9,8,6,5,5,9,9,9,4,3,3,9,9,8,6,6,7,8,7,7,7,7,6,8,8,8,10,10,9,7,7,7,3,4,6,3,2,4,2,3,5,5,7,5,6,6,9,9,9,8,7,8
sf,svn,plog4u,/info.bliki.wiki.test/src/info/bliki/wiki/test/filter/BasicFilterTest.java,clean,java,IssueTrue,14877,134,258,3,8,1,6,8,1,4,9,8,7,10,10,9,8,8,7,9,9,9,5,4,4,10,10,9,4,5,6,10,9,9,9,9,9,10,10,10,10,10,9,7,7,7,3,4,8,3,2,6,3,3,7,8,10,9,9,10,9,8,9,8,8,9
sf,svn,plog4u,/info.bliki.wiki.test/src/info/bliki/wiki/test/filter/DivFilterTest.java,clean,java,IssueTrue,14877,134,258,3,3,1,2,3,2,4,3,3,2,10,10,9,4,4,4,9,9,9,3,3,3,10,10,9,4,5,6,3,3,3,3,3,3,5,4,4,9,9,9,7,7,7,3,4,4,3,2,2,2,3,3,3,9,3,4,4,5,5,5,6,5,5
sf,svn,plog4u,/info.bliki.wiki.test/src/info/bliki/wiki/test/filter/FilterTestSupport.java,clean,java,IssueTrue,14877,134,258,3,2,3,3,3,8,4,3,3,2,9,9,8,3,3,2,10,10,10,7,6,5,9,9,8,6,6,7,3,3,3,3,3,3,4,3,3,10,10,9,7,7,7,3,4,4,10,9,6,4,4,3,8,7,4,6,6,7,7,8,3,5,5
sf,svn,plog4u,/info.bliki.wiki.test/src/info/bliki/wiki/test/filter/HRBRTest.java,clean,java,IssueTrue,14877,134,258,3,5,1,4,6,1,4,7,6,5,10,10,9,7,6,6,9,9,9,3,3,3,10,10,9,4,5,6,8,7,7,8,7,7,9,8,8,9,9,9,7,7,7,3,4,7,3,2,4,3,3,5,3,9,9,7,7,5,5,5,2,2,2
sf,svn,plog4u,/info.bliki.wiki.test/src/info/bliki/wiki/test/filter/HTTPUrlFilterTest.java,clean,java,IssueTrue,14877,134,258,3,6,3,4,7,4,4,7,6,6,10,10,9,7,7,6,9,9,9,3,3,3,10,10,9,4,5,6,8,8,7,8,8,7,9,8,8,9,9,9,7,7,7,3,4,7,3,2,4,3,3,5,5,7,8,7,8,5,5,5,9,8,8
sf,svn,plog4u,/info.bliki.wiki.test/src/info/bliki/wiki/test/filter/RefFilterTest.java,clean,java,IssueTrue,14877,134,258,3,6,1,6,5,1,4,5,5,4,10,10,9,6,5,5,9,9,9,4,3,3,10,10,9,4,5,6,6,6,5,6,6,5,7,7,7,9,9,9,7,7,7,3,4,6,3,2,3,8,6,7,9,10,8,9,9,6,7,7,8,8,9
sf,svn,plog4u,/info.bliki.wiki.test/src/info/bliki/wiki/test/filter/TagFilterTest.java,clean,java,IssueTrue,14877,134,258,3,3,1,3,4,1,4,4,4,3,10,10,9,5,5,4,9,9,9,3,3,3,10,10,9,4,5,6,5,4,4,5,5,4,6,6,6,9,9,9,7,7,7,3,4,5,3,2,3,2,3,3,3,9,6,6,6,5,5,5,6,5,4
sf,svn,plog4u,/info.bliki.wiki.test/src/info/bliki/wiki/test/filter/TemplateFilterTest.java,clean,java,IssueTrue,14877,134,258,3,6,3,6,8,5,4,8,7,7,10,10,9,8,7,7,9,9,9,3,3,3,10,10,9,4,5,6,9,9,8,9,9,8,10,9,9,9,9,9,7,7,7,3,4,8,3,2,5,3,3,6,9,9,8,9,9,8,8,9,7,8,9
sf,svn,plog4u,/info.bliki.wiki.test/src/info/bliki/wiki/test/filter/TemplateParserTest.java,clean,java,IssueTrue,14877,134,258,3,5,2,5,7,4,4,8,7,6,10,10,9,7,7,6,9,9,9,3,3,3,10,10,9,4,5,6,9,8,8,9,8,8,9,9,9,9,9,9,7,7,7,3,4,8,3,2,5,3,3,6,8,7,7,8,9,5,6,6,5,6,7
sf,svn,plog4u,/info.bliki.wiki.test/src/info/bliki/wiki/test/filter/WPLinkFilterTest.java,clean,java,IssueTrue,14877,134,258,3,7,4,7,8,4,4,9,8,7,10,10,9,8,8,7,9,9,9,5,4,4,10,10,9,4,5,6,10,9,9,9,9,9,10,10,10,9,9,9,7,7,7,3,4,8,3,2,6,4,5,7,6,9,8,7,8,6,6,7,4,5,5
sf,svn,plog4u,/info.bliki.wiki.test/src/info/bliki/wiki/test/filter/WPListFilterTest.java,clean,java,IssueTrue,14877,134,258,3,6,1,5,7,1,4,7,6,6,10,10,9,7,7,6,9,9,9,3,3,3,10,10,9,4,5,6,8,8,7,8,8,7,9,8,8,9,9,9,7,7,7,3,4,7,4,3,5,3,3,5,3,7,10,9,8,5,5,5,2,2,2
sf,svn,plog4u,/info.bliki.wiki.test/src/info/bliki/wiki/test/filter/WPSemanticLinkTest.java,clean,java,IssueTrue,14877,134,258,3,5,3,6,5,5,4,6,5,4,10,10,9,6,6,5,9,9,9,6,5,5,10,10,9,4,5,6,7,6,6,7,6,6,7,7,7,10,10,9,7,7,7,3,4,6,3,2,3,7,6,7,6,7,3,5,5,5,6,6,6,6,7
sf,svn,plog4u,/info.bliki.wiki.test/src/info/bliki/wiki/test/filter/WPTableFilterTest.java,clean,java,IssueTrue,14877,134,258,3,9,3,5,7,2,4,7,6,6,10,10,9,7,7,6,9,9,9,3,3,3,10,10,9,8,8,8,8,8,7,8,8,7,9,8,8,9,9,9,7,7,7,3,4,7,4,3,5,3,3,5,6,10,10,10,10,6,6,7,10,9,10
sf,svn,plog4u,/info.bliki.wiki.test/src/info/bliki/wiki/test/filter/WikiTestModel.java,clean,java,IssueTrue,14877,134,258,3,6,4,7,5,5,8,9,8,7,10,10,9,10,10,10,9,9,9,6,5,5,10,10,9,6,6,7,7,7,6,7,6,6,8,7,7,9,9,9,7,7,7,9,10,8,7,7,6,3,4,4,10,7,7,8,9,5,6,7,5,8,9
sf,svn,plog4u,/info.bliki.wiki.test/src/info/bliki/wiki/test/filter/latex/LaTeXTestModel.java,clean,java,IssueTrue,14877,134,258,3,4,2,4,4,3,7,6,5,5,10,10,9,10,10,10,9,9,9,5,4,4,10,10,9,4,5,6,5,4,4,4,4,4,6,5,5,9,9,9,7,7,7,8,8,6,6,5,4,4,4,3,6,7,5,6,6,5,5,5,4,5,5
sf,svn,plog4u,/info.bliki.wiki/addon-src/info/bliki/wiki/addon/model/AddonConfiguration.java,clean,java,IssueTrue,14877,134,258,3,3,1,4,2,1,4,2,1,1,9,9,8,6,5,5,9,9,9,8,7,7,9,9,8,4,5,6,2,2,2,1,1,1,2,2,2,9,9,9,7,7,7,3,4,3,2,2,2,2,3,2,7,7,6,6,7,6,6,7,2,3,4
sf,svn,plog4u,/info.bliki.wiki/addon-src/info/bliki/wiki/addon/tags/AppletTag.java,clean,java,IssueTrue,14877,134,258,3,3,2,4,4,5,7,4,4,3,10,10,10,10,9,9,9,9,9,6,5,5,10,10,10,4,5,6,5,4,4,4,4,4,6,5,5,9,9,9,7,7,7,4,6,5,2,2,2,3,5,3,3,7,4,5,5,5,5,5,5,4,4
sf,svn,plog4u,/info.bliki.wiki/addon-src/info/bliki/wiki/addon/tags/CalcTag.java,clean,java,IssueTrue,14877,134,258,3,4,2,5,4,4,7,6,5,4,10,10,10,10,9,9,9,9,9,6,5,5,10,10,10,4,5,6,5,4,4,4,4,4,6,5,5,9,9,9,7,7,7,8,8,6,2,2,2,4,6,3,3,7,4,5,5,5,5,5,5,4,4
sf,svn,plog4u,/info.bliki.wiki/addon-src/info/bliki/wiki/addon/tags/ChartTag.java,clean,java,IssueTrue,14877,134,258,3,3,2,4,3,6,4,3,3,2,10,10,10,9,9,9,9,9,9,7,6,5,10,10,10,4,5,6,4,3,4,3,3,3,5,4,4,9,9,9,7,7,7,3,4,4,2,2,2,3,5,3,3,7,4,5,5,5,5,5,5,4,4
sf,svn,plog4u,/info.bliki.wiki/addon-src/info/bliki/wiki/addon/tags/WCMTag.java,clean,java,IssueTrue,14877,134,258,3,4,2,5,4,4,7,6,5,4,10,10,10,10,9,9,9,9,9,6,5,5,10,10,10,4,5,6,5,4,4,4,4,4,6,5,5,9,9,9,7,7,7,8,8,6,2,2,2,4,6,3,3,7,4,5,5,5,5,5,5,4,4
sf,svn,plog4u,/info.bliki.wiki/addon-src/info/bliki/wiki/addon/tags/YacasEvalTag.java,clean,java,IssueTrue,14877,134,258,3,4,2,5,4,4,7,5,4,4,10,10,10,10,9,9,9,9,9,7,6,5,10,10,10,4,5,6,5,4,4,4,4,4,6,5,5,9,9,9,7,7,7,6,7,5,2,2,2,2,4,3,3,7,4,5,5,5,5,5,5,4,4
sf,svn,plog4u,/info.bliki.wiki/addon-src/info/bliki/wiki/addon/tags/YacasTag.java,clean,java,IssueTrue,14877,134,258,3,6,2,6,4,2,7,6,5,4,10,10,10,10,9,9,9,9,9,7,6,5,10,10,10,4,5,6,5,4,4,4,4,4,6,5,5,9,9,9,7,7,7,8,8,6,2,2,2,2,4,3,3,7,4,5,5,5,5,5,5,4,4
sf,svn,plog4u,/info.bliki.wiki/jamwiki/org/jamwiki/parser/bliki/JAMHTMLConverter.java,clean,java,IssueTrue,14877,134,258,3,4,1,4,3,1,7,5,4,4,9,9,8,5,5,4,9,9,9,7,6,5,9,9,8,6,6,7,3,3,3,2,2,2,4,3,3,9,9,9,7,7,7,10,8,5,8,6,4,9,8,4,5,7,5,5,5,5,5,5,3,3,3
sf,svn,plog4u,/info.bliki.wiki/jamwiki/org/jamwiki/parser/bliki/JAMWikiModel.java,clean,java,IssueTrue,14877,134,258,3,8,5,8,8,4,8,9,8,8,9,9,8,10,10,10,9,9,9,8,7,6,9,9,8,8,8,8,9,9,8,9,9,8,10,9,9,9,9,9,7,7,7,5,7,9,5,6,7,4,8,7,5,7,7,6,7,5,5,5,8,8,8
sf,svn,plog4u,/info.bliki.wiki/src/info/bliki/api/AbstractXMLParser.java,clean,java,IssueTrue,14877,134,258,3,4,2,5,5,4,7,6,5,4,9,9,8,8,8,7,10,10,10,8,7,7,9,9,8,8,8,8,6,6,5,6,5,5,6,6,6,10,10,9,7,7,7,5,6,6,6,5,5,4,6,4,3,7,3,4,4,5,5,5,3,3,3
sf,svn,plog4u,/info.bliki.wiki/src/info/bliki/api/Connector.java,clean,java,IssueTrue,14877,134,258,3,8,9,8,5,9,9,9,8,8,5,5,5,5,5,4,9,9,9,8,7,7,5,5,5,7,7,7,7,7,6,7,6,6,8,7,7,9,9,9,7,7,7,9,9,8,9,9,7,9,9,8,6,7,5,6,7,5,5,5,3,4,4
sf,svn,plog4u,/info.bliki.wiki/src/info/bliki/api/Console.java,clean,java,IssueTrue,14877,134,258,3,7,5,8,3,4,10,9,8,7,5,5,5,2,2,2,9,9,9,9,8,8,5,5,5,4,5,6,1,1,1,2,2,2,4,3,3,9,9,9,7,7,7,10,10,8,9,6,4,10,9,6,3,7,3,4,4,5,5,5,5,4,4
sf,svn,plog4u,/info.bliki.wiki/src/info/bliki/api/Page.java,clean,java,IssueTrue,14877,134,258,3,7,3,8,9,4,7,9,8,8,5,5,5,8,8,7,9,9,9,6,5,5,5,5,5,9,9,9,10,10,9,10,9,9,10,10,10,9,9,9,7,7,7,3,6,9,6,7,8,3,6,7,5,7,9,9,9,5,5,5,7,7,7
sf,svn,plog4u,/info.bliki.wiki/src/info/bliki/api/User.java,clean,java,IssueTrue,14877,134,258,3,8,2,8,9,2,8,9,9,8,5,5,5,9,8,8,9,9,9,5,4,4,5,5,5,10,10,9,10,10,10,10,10,9,10,10,10,9,9,9,9,8,8,3,7,9,6,7,9,3,7,8,5,7,7,7,7,5,5,5,2,2,2
sf,svn,plog4u,/info.bliki.wiki/src/info/bliki/api/XMLPagesParser.java,clean,java,IssueTrue,14877,134,258,3,6,2,7,4,2,9,8,7,7,10,10,9,8,8,7,9,9,9,8,7,7,10,10,9,8,8,8,5,4,4,4,4,4,6,5,5,9,9,9,7,7,7,10,9,8,10,9,6,10,9,6,5,7,7,7,7,6,6,6,2,2,2
sf,svn,plog4u,/info.bliki.wiki/src/info/bliki/html/HTML2WikiConverter.java,clean,java,IssueTrue,14877,134,258,3,3,3,4,4,6,7,5,4,4,5,5,5,4,4,3,9,9,9,5,4,4,5,5,5,6,6,7,6,5,5,5,5,4,6,6,6,9,9,9,7,7,7,4,6,5,3,3,3,4,6,4,3,7,9,8,8,5,5,5,7,6,6
sf,svn,plog4u,/info.bliki.wiki/src/info/bliki/html/googlecode/ListGCTag.java,clean,java,IssueTrue,14877,134,258,3,7,1,8,3,1,10,8,7,7,9,9,8,5,5,5,9,9,9,7,6,6,9,9,8,8,8,8,4,3,4,3,3,3,5,4,4,9,9,9,7,7,7,10,10,8,9,6,5,9,8,5,3,7,8,7,7,5,5,5,6,5,4
sf,svn,plog4u,/info.bliki.wiki/src/info/bliki/html/googlecode/ToGoogleCode.java,clean,java,IssueTrue,14877,134,258,3,4,2,6,3,3,4,2,2,2,9,9,8,5,4,4,9,9,9,8,7,7,9,9,8,4,5,6,3,3,3,2,2,2,4,3,3,9,9,9,7,7,7,3,4,3,5,5,3,3,3,2,5,7,3,5,5,6,6,6,7,6,7
sf,svn,plog4u,/info.bliki.wiki/src/info/bliki/html/googlecode/TrGCTag.java,clean,java,IssueTrue,14877,134,258,3,1,1,2,3,1,4,2,2,2,9,9,8,5,5,4,9,9,9,3,3,3,9,9,8,4,5,6,3,3,3,2,2,2,4,3,3,9,9,9,7,7,7,3,4,3,3,2,2,2,3,2,3,7,3,4,4,8,7,7,2,2,2
sf,svn,plog4u,/info.bliki.wiki/src/info/bliki/html/wikipedia/ATag.java,clean,java,IssueTrue,14877,134,258,3,4,1,4,4,1,8,5,5,4,9,9,8,6,6,5,9,9,9,5,5,4,9,9,8,7,7,7,6,5,5,5,5,4,6,6,6,9,9,9,7,7,7,5,7,6,4,5,3,4,5,4,5,7,8,8,7,5,5,5,6,5,6
sf,svn,plog4u,/info.bliki.wiki/src/info/bliki/html/wikipedia/AbstractHTMLTag.java,clean,java,IssueTrue,14877,134,258,3,5,1,6,5,1,10,8,7,7,5,5,5,4,4,4,10,10,10,6,5,5,5,5,5,6,6,7,6,6,5,6,5,5,7,6,6,9,9,9,7,7,7,9,9,8,6,5,5,6,8,5,3,7,3,4,4,5,5,5,6,5,5
sf,svn,plog4u,/info.bliki.wiki/src/info/bliki/html/wikipedia/CaptionTag.java,clean,java,IssueTrue,14877,134,258,3,1,1,1,2,1,4,2,1,1,9,9,8,5,4,4,9,9,9,3,3,3,9,9,8,4,5,6,2,2,2,1,1,1,2,2,2,9,9,9,7,7,7,3,4,3,3,2,2,2,3,2,3,7,3,4,4,5,5,5,3,3,3
sf,svn,plog4u,/info.bliki.wiki/src/info/bliki/html/wikipedia/HTMLTag.java,clean,java,IssueTrue,14877,134,258,3,1,1,1,3,4,4,3,3,2,1,1,2,1,1,1,10,10,10,3,3,3,1,1,2,4,5,6,4,3,4,3,3,3,5,4,4,9,9,9,7,7,7,3,4,4,2,2,2,1,2,2,3,7,3,4,4,5,5,5,3,3,3
sf,svn,plog4u,/info.bliki.wiki/src/info/bliki/html/wikipedia/IHTMLToWiki.java,clean,java,IssueTrue,14877,134,258,3,1,3,1,3,10,4,2,2,2,1,1,2,1,1,1,10,10,10,2,2,2,1,1,2,4,5,6,3,3,3,2,2,2,4,3,3,9,9,9,7,7,7,3,4,3,2,2,2,1,2,2,3,7,7,7,6,5,5,5,3,3,3
sf,svn,plog4u,/info.bliki.wiki/src/info/bliki/html/wikipedia/ImgTag.java,clean,java,IssueTrue,14877,134,258,3,3,1,4,2,1,10,5,4,4,9,9,8,5,4,4,9,9,9,5,5,4,9,9,8,4,5,6,2,2,2,1,1,1,2,2,2,9,9,9,7,7,7,10,8,5,5,3,2,8,5,3,5,7,3,4,4,5,5,5,3,3,4
sf,svn,plog4u,/info.bliki.wiki/src/info/bliki/html/wikipedia/ListTag.java,clean,java,IssueTrue,14877,134,258,3,6,1,7,3,1,10,8,7,7,9,9,8,5,5,5,9,9,9,7,6,6,9,9,8,6,6,7,4,3,4,3,3,3,5,4,4,9,9,9,7,7,7,10,10,8,7,5,4,9,8,5,5,7,3,4,4,5,5,5,6,5,6
sf,svn,plog4u,/info.bliki.wiki/src/info/bliki/html/wikipedia/NoOutputTag.java,clean,java,IssueTrue,14877,134,258,3,1,1,1,3,1,4,3,3,2,9,9,8,5,5,5,9,9,9,4,3,3,9,9,8,4,5,6,4,3,4,3,3,3,5,4,4,9,9,9,7,7,7,3,4,4,2,2,2,1,2,2,5,7,3,4,4,5,5,5,5,5,5
sf,svn,plog4u,/info.bliki.wiki/src/info/bliki/html/wikipedia/OpenCloseHTMLTag.java,clean,java,IssueTrue,14877,134,258,3,3,1,3,3,1,8,4,4,3,10,10,9,7,6,5,9,9,9,7,6,5,10,10,9,4,5,6,3,3,3,2,2,2,4,3,3,9,9,9,7,7,7,9,7,5,6,4,3,8,7,4,3,7,3,4,4,5,5,5,3,3,3
sf,svn,plog4u,/info.bliki.wiki/src/info/bliki/html/wikipedia/OpenCloseTag.java,clean,java,IssueTrue,14877,134,258,3,5,1,6,4,1,10,7,6,6,9,9,8,6,6,5,10,10,10,6,5,5,9,9,8,7,7,7,6,5,5,5,5,4,6,6,6,9,9,9,7,7,7,9,9,7,8,5,5,7,8,5,6,7,9,9,9,5,5,5,6,6,7
sf,svn,plog4u,/info.bliki.wiki/src/info/bliki/html/wikipedia/TableTag.java,clean,java,IssueTrue,14877,134,258,3,1,1,2,3,1,4,2,2,2,9,9,8,5,5,4,9,9,9,3,3,3,9,9,8,4,5,6,3,3,3,2,2,2,4,3,3,9,9,9,7,7,7,3,4,3,3,2,2,2,3,2,3,7,3,4,4,5,5,5,5,4,4
sf,svn,plog4u,/info.bliki.wiki/src/info/bliki/html/wikipedia/TdTag.java,clean,java,IssueTrue,14877,134,258,3,1,1,1,2,1,4,2,1,1,9,9,8,5,4,4,9,9,9,3,3,3,9,9,8,4,5,6,2,2,2,1,1,1,2,2,2,9,9,9,7,7,7,3,4,3,3,2,2,2,3,2,3,7,3,4,4,5,5,5,3,3,3
sf,svn,plog4u,/info.bliki.wiki/src/info/bliki/html/wikipedia/ThTag.java,clean,java,IssueTrue,14877,134,258,3,1,1,1,2,1,4,2,1,1,9,9,8,5,4,4,9,9,9,3,3,3,9,9,8,4,5,6,2,2,2,1,1,1,2,2,2,9,9,9,7,7,7,3,4,3,3,2,2,2,3,2,3,7,3,4,4,5,5,5,3,3,3
sf,svn,plog4u,/info.bliki.wiki/src/info/bliki/html/wikipedia/TrTag.java,clean,java,IssueTrue,14877,134,258,3,1,1,1,2,1,4,2,1,1,9,9,8,5,4,4,9,9,9,3,3,3,9,9,8,4,5,6,2,2,2,1,1,1,2,2,2,9,9,9,7,7,7,3,4,3,3,2,2,2,3,2,3,7,3,4,4,5,5,5,3,3,3
sf,svn,plog4u,/info.bliki.wiki/src/info/bliki/pdf/PDFGenerator.java,clean,java,IssueTrue,14877,134,258,3,5,8,6,3,9,4,2,2,2,5,5,5,2,2,2,9,9,9,9,8,8,5,5,5,4,5,6,3,3,3,2,2,2,4,3,3,9,9,9,7,7,7,3,4,3,8,7,4,10,9,4,3,7,6,6,6,5,5,5,3,3,3
sf,svn,plog4u,/info.bliki.wiki/src/info/bliki/wiki/dump/PrintArticle.java,clean,java,IssueTrue,14877,134,258,3,3,3,4,3,8,7,4,4,3,5,5,5,3,3,2,9,9,9,5,5,4,5,5,5,8,8,8,3,3,3,3,3,3,5,4,4,9,9,9,7,7,7,6,7,5,6,5,3,6,5,4,3,7,8,7,7,7,6,6,7,6,5
sf,svn,plog4u,/info.bliki.wiki/src/info/bliki/wiki/dump/WikiXMLParser.java,clean,java,IssueTrue,14877,134,258,3,7,4,7,6,4,9,8,8,7,9,9,8,8,8,7,9,9,9,9,9,8,9,9,8,9,9,9,8,7,7,7,7,6,8,7,7,9,9,9,9,8,8,8,9,8,7,7,6,5,7,6,5,7,3,4,4,5,5,5,6,5,6
sf,svn,plog4u,/info.bliki.wiki/src/info/bliki/wiki/filter/AbstractParser.java,clean,java,IssueTrue,14877,134,258,3,10,9,10,8,3,10,10,10,10,9,9,8,10,9,9,10,10,10,9,8,8,9,9,8,8,8,8,9,9,8,9,9,8,5,4,4,10,10,10,10,9,9,10,10,10,9,8,9,8,9,9,9,7,10,10,10,8,7,9,3,5,7
sf,svn,plog4u,/info.bliki.wiki/src/info/bliki/wiki/filter/HTMLConverter.java,clean,java,IssueTrue,14877,134,258,3,8,3,9,5,2,10,9,9,8,5,5,5,4,4,4,10,10,10,9,9,8,5,5,5,6,6,7,6,6,5,6,5,5,6,6,6,10,10,9,7,7,7,10,9,9,8,5,6,10,9,8,8,7,3,5,5,5,5,5,6,6,8
sf,svn,plog4u,/info.bliki.wiki/src/info/bliki/wiki/filter/ITextConverter.java,clean,java,IssueTrue,14877,134,258,3,1,6,2,3,10,4,3,3,2,1,1,2,1,1,1,10,10,10,5,5,4,1,1,2,4,5,6,4,3,4,3,3,3,5,4,4,9,9,9,7,7,7,3,4,4,10,9,5,1,3,2,6,7,3,5,5,5,5,5,4,4,5
sf,svn,plog4u,/info.bliki.wiki/src/info/bliki/wiki/filter/LaTeXConverter.java,clean,java,IssueTrue,14877,134,258,3,8,6,9,5,5,10,9,9,8,5,5,5,5,4,4,9,9,9,9,8,7,5,5,5,4,5,6,6,5,5,6,6,5,7,6,6,10,10,9,7,7,7,10,10,9,8,7,6,9,8,7,7,7,3,5,5,5,6,6,6,6,7
sf,svn,plog4u,/info.bliki.wiki/src/info/bliki/wiki/filter/TemplateParser.java,clean,java,IssueTrue,14877,134,258,3,10,7,10,7,3,10,10,10,10,10,10,9,10,10,9,9,9,9,9,8,8,10,10,9,4,5,6,8,7,7,8,8,7,6,5,5,10,10,10,10,9,9,10,10,10,9,7,8,8,9,8,10,7,8,10,10,9,9,10,6,7,10
sf,svn,plog4u,/info.bliki.wiki/src/info/bliki/wiki/filter/TracParser.java,clean,java,IssueTrue,14877,134,258,3,10,10,10,10,6,10,10,10,10,10,10,9,10,10,10,9,9,9,10,10,10,10,10,9,10,10,10,10,10,10,10,10,10,8,8,8,10,10,10,10,10,10,10,10,10,10,10,10,9,10,10,5,7,10,10,10,10,10,10,10,10,10
sf,svn,plog4u,/info.bliki.wiki/src/info/bliki/wiki/filter/Util.java,clean,java,IssueTrue,14877,134,258,3,5,2,6,4,3,9,7,6,6,5,5,5,3,3,3,9,9,9,5,5,4,5,5,5,4,5,6,2,2,2,4,4,4,5,4,4,9,9,9,9,8,8,10,7,7,5,5,4,8,7,5,5,7,3,4,4,6,6,6,5,4,5
sf,svn,plog4u,/info.bliki.wiki/src/info/bliki/wiki/filter/WPCell.java,buggy,java,IssueTrue,14877,134,258,3,8,4,9,7,3,9,9,9,8,5,5,5,6,6,5,9,9,9,9,8,8,5,5,5,9,9,9,9,8,8,8,8,7,9,8,8,9,9,9,7,7,7,9,9,9,8,8,7,5,9,7,9,10,3,5,6,5,6,7,4,6,8
sf,svn,plog4u,/info.bliki.wiki/src/info/bliki/wiki/filter/WPList.java,clean,java,IssueTrue,14877,134,258,3,9,7,10,8,3,10,9,10,9,10,10,10,10,9,10,9,9,9,5,8,7,10,10,10,7,8,8,7,9,8,7,8,8,6,7,8,9,9,9,10,10,10,10,9,10,8,6,8,7,7,8,10,10,7,9,9,8,8,9,7,8,9
sf,svn,plog4u,/info.bliki.wiki/src/info/bliki/wiki/filter/WPListElement.java,clean,java,IssueTrue,14877,134,258,3,4,6,5,5,9,7,6,5,4,5,5,5,5,4,4,9,9,9,4,3,3,5,5,5,8,8,8,7,6,6,6,6,5,7,6,6,9,9,9,7,7,7,3,6,6,6,6,5,3,5,4,7,9,4,6,6,6,6,7,7,7,8
sf,svn,plog4u,/info.bliki.wiki/src/info/bliki/wiki/filter/WPRow.java,clean,java,IssueTrue,14877,134,258,3,6,5,7,6,6,9,9,8,7,5,5,5,6,6,5,9,9,9,8,7,6,5,5,5,8,8,8,8,8,7,8,7,7,9,8,8,9,9,9,7,7,7,7,8,8,7,7,7,4,5,6,6,7,3,5,5,5,5,5,6,6,7
sf,svn,plog4u,/info.bliki.wiki/src/info/bliki/wiki/filter/WPTable.java,clean,java,IssueTrue,14877,134,258,3,7,4,8,7,4,8,9,8,8,10,10,10,10,9,9,9,9,9,9,8,7,10,10,10,8,8,8,9,8,8,8,8,7,9,8,8,9,9,9,9,8,8,7,7,9,6,6,7,5,6,7,10,10,6,9,9,5,6,7,5,6,9
sf,svn,plog4u,/info.bliki.wiki/src/info/bliki/wiki/filter/WikipediaParser.java,clean,java,IssueTrue,14877,134,258,3,10,10,10,10,5,10,10,10,10,10,10,9,10,10,10,9,9,9,10,10,10,10,10,9,10,10,10,10,10,10,10,10,10,8,8,8,10,10,10,10,10,10,10,10,10,10,10,10,9,10,10,10,10,9,10,10,10,10,10,9,9,10
sf,svn,plog4u,/info.bliki.wiki/src/info/bliki/wiki/filter/WikipediaScanner.java,clean,java,IssueTrue,14877,134,258,3,10,10,10,9,7,10,10,10,10,5,5,5,9,9,8,10,10,10,10,9,8,5,5,5,8,8,8,10,10,10,10,10,10,10,10,10,10,10,10,10,10,10,10,10,10,9,7,10,6,9,9,10,9,10,10,10,9,10,10,7,8,10
sf,svn,plog4u,/info.bliki.wiki/src/info/bliki/wiki/model/AbstractTracModel.java,clean,java,IssueTrue,14877,134,258,3,10,6,10,10,2,9,10,10,10,5,5,5,10,10,9,10,10,10,10,10,10,5,5,5,10,10,10,10,10,10,10,10,10,10,10,10,9,9,9,9,8,8,5,8,10,4,7,10,5,9,10,6,7,5,7,7,5,5,5,7,7,7
sf,svn,plog4u,/info.bliki.wiki/src/info/bliki/wiki/model/AbstractWikiModel.java,clean,java,IssueTrue,14877,134,258,3,10,6,10,10,2,9,10,10,10,5,5,5,10,10,9,10,10,10,10,10,10,5,5,5,10,10,10,10,10,10,10,10,10,10,10,10,9,9,9,9,8,8,5,8,10,8,10,10,5,9,10,10,10,9,10,10,10,10,10,9,10,10
sf,svn,plog4u,/info.bliki.wiki/src/info/bliki/wiki/model/Configuration.java,clean,java,IssueTrue,14877,134,258,3,10,10,9,6,8,4,6,5,5,5,5,5,5,5,5,10,10,10,10,9,9,5,5,5,4,5,6,8,7,7,7,7,6,8,8,8,9,9,9,7,7,7,3,4,6,4,4,5,2,3,4,9,9,8,9,10,8,8,9,9,9,10
sf,svn,plog4u,/info.bliki.wiki/src/info/bliki/wiki/model/IConfiguration.java,clean,java,IssueTrue,14877,134,258,3,2,9,3,5,10,4,6,5,4,1,1,2,1,1,1,10,10,10,4,3,3,1,1,2,4,5,6,7,7,6,7,6,6,8,7,7,9,9,9,7,7,7,3,4,6,6,5,5,2,3,3,5,7,9,9,8,5,5,5,3,4,4
sf,svn,plog4u,/info.bliki.wiki/src/info/bliki/wiki/model/IEventListener.java,clean,java,IssueTrue,14877,134,258,3,1,8,1,3,10,4,3,3,2,1,1,2,1,1,1,9,9,9,2,1,1,1,1,2,4,5,6,4,3,4,3,3,3,5,4,4,9,9,9,7,7,7,3,4,4,5,3,3,1,2,2,5,7,8,8,8,6,6,6,4,4,4
sf,svn,plog4u,/info.bliki.wiki/src/info/bliki/wiki/model/IWikiModel.java,clean,java,IssueTrue,14877,134,258,3,6,10,8,10,10,4,10,10,10,5,5,5,10,9,9,10,10,10,8,7,7,5,5,5,4,5,6,10,10,10,10,10,10,10,10,10,9,9,9,7,7,7,3,4,10,6,10,10,1,3,7,10,10,9,10,10,9,10,10,9,10,10
sf,svn,plog4u,/info.bliki.wiki/src/info/bliki/wiki/model/WikiModel.java,clean,java,IssueTrue,14877,134,258,3,8,3,8,8,3,8,9,8,8,9,9,8,10,10,10,10,10,10,8,7,7,9,9,8,9,9,9,9,9,9,9,9,8,10,9,9,9,9,9,7,7,7,5,8,9,7,7,8,4,7,7,9,9,8,10,10,9,10,10,6,7,9
sf,svn,plog4u,/info.bliki.wiki/src/info/bliki/wiki/tags/ATag.java,clean,java,IssueTrue,14877,134,258,3,4,3,5,5,6,8,7,6,5,10,10,10,9,9,9,9,9,9,6,5,5,10,10,10,4,5,6,6,6,5,6,5,5,7,6,6,9,9,9,7,7,7,7,7,7,4,4,4,4,5,4,9,9,6,7,8,7,8,8,7,8,9
sf,svn,plog4u,/info.bliki.wiki/src/info/bliki/wiki/tags/HTMLTag.java,clean,java,IssueTrue,14877,134,258,3,7,1,8,6,1,9,9,8,8,10,10,9,9,9,9,10,10,10,8,7,7,10,10,9,4,5,6,7,6,6,7,7,6,8,8,8,9,9,9,7,7,7,9,8,9,10,9,8,8,7,7,8,7,7,9,9,9,9,9,6,6,8
sf,svn,plog4u,/info.bliki.wiki/src/info/bliki/wiki/tags/MathTag.java,clean,java,IssueTrue,14877,134,258,3,5,2,5,4,3,10,7,6,5,10,10,10,10,9,9,9,9,9,8,7,6,10,10,10,4,5,6,5,4,4,4,4,4,6,5,5,9,9,9,7,7,7,9,9,7,3,3,3,6,7,4,7,7,8,9,9,5,5,5,5,6,7
sf,svn,plog4u,/info.bliki.wiki/src/info/bliki/wiki/tags/NowikiTag.java,clean,java,IssueTrue,14877,134,258,3,9,6,9,5,3,9,10,9,9,10,10,10,10,9,9,10,10,10,6,5,5,10,10,10,4,5,6,6,5,5,7,6,6,7,7,7,10,10,9,7,7,7,10,10,10,7,8,6,4,4,5,8,9,6,7,8,5,5,5,5,5,7
sf,svn,plog4u,/info.bliki.wiki/src/info/bliki/wiki/tags/PTag.java,clean,java,IssueTrue,14877,134,258,3,2,2,2,3,6,4,3,3,2,9,9,8,3,3,2,9,9,9,6,5,5,9,9,8,4,5,6,4,3,4,3,3,3,5,4,4,9,9,9,7,7,7,3,4,4,5,4,3,2,3,2,3,9,4,5,5,9,7,7,5,4,4
sf,svn,plog4u,/info.bliki.wiki/src/info/bliki/wiki/tags/PreTag.java,clean,java,IssueTrue,14877,134,258,3,4,2,5,4,3,8,5,5,4,9,9,8,3,3,3,9,9,9,8,7,7,9,9,8,4,5,6,5,4,4,4,4,4,6,5,5,9,9,9,7,7,7,6,7,6,4,4,3,6,6,4,7,9,6,8,8,6,7,7,5,6,7
sf,svn,plog4u,/info.bliki.wiki/src/info/bliki/wiki/tags/RefTag.java,clean,java,IssueTrue,14877,134,258,3,4,2,4,3,3,7,4,4,3,10,10,10,9,9,9,9,9,9,7,6,5,10,10,10,4,5,6,4,3,4,3,3,3,5,4,4,9,9,9,7,7,7,6,7,5,3,4,3,5,6,3,9,10,5,7,8,6,7,7,3,5,7
sf,svn,plog4u,/info.bliki.wiki/src/info/bliki/wiki/tags/ReferencesTag.java,clean,java,IssueTrue,14877,134,258,3,5,1,6,4,1,10,6,5,5,10,10,10,9,9,9,9,9,9,7,6,6,10,10,10,4,5,6,5,4,4,4,4,4,6,5,5,9,9,9,7,7,7,8,8,6,3,3,3,6,7,4,10,9,6,9,9,6,7,8,5,6,8
sf,svn,plog4u,/info.bliki.wiki/src/info/bliki/wiki/tags/SourceTag.java,clean,java,IssueTrue,14877,134,258,3,6,2,6,4,3,10,7,6,5,10,10,10,9,9,9,9,9,9,8,7,7,10,10,10,4,5,6,6,5,5,5,5,4,6,6,6,9,9,9,7,7,7,8,8,7,3,5,3,6,6,5,8,10,6,7,8,8,8,8,5,6,7
sf,svn,plog4u,/info.bliki.wiki/src/info/bliki/wiki/tags/WPParagraphTag.java,clean,java,IssueTrue,14877,134,258,3,2,1,3,3,1,7,4,3,3,10,10,10,10,9,9,9,9,9,5,5,4,10,10,10,4,5,6,4,3,4,3,3,3,5,4,4,9,9,9,7,7,7,5,6,4,3,4,3,4,5,3,7,9,3,5,6,8,8,8,2,3,4
sf,svn,plog4u,/info.bliki.wiki/src/info/bliki/wiki/tags/WPPreTag.java,clean,java,IssueTrue,14877,134,258,3,2,2,2,3,7,4,2,2,2,9,9,8,2,2,2,9,9,9,5,4,4,9,9,8,4,5,6,3,3,3,2,2,2,4,3,3,9,9,9,7,7,7,3,4,3,6,4,3,2,3,2,3,9,8,7,7,5,5,5,2,2,2
sf,svn,plog4u,/info.bliki.wiki/src/info/bliki/wiki/tags/WPTag.java,clean,java,IssueTrue,14877,134,258,3,6,2,7,4,2,7,9,8,8,10,10,10,9,9,9,10,10,10,6,5,5,10,10,10,4,5,6,6,5,5,5,5,4,6,6,6,9,9,9,7,7,7,10,10,9,7,7,5,5,6,4,7,9,6,7,7,6,7,7,2,4,4
sf,svn,plog4u,/info.bliki.wiki/src/info/bliki/wiki/tags/code/ABAPCodeFilter.java,clean,java,IssueTrue,14877,134,258,3,10,6,9,6,2,10,10,9,8,5,5,5,6,5,5,9,9,9,6,5,5,5,5,5,4,5,6,7,6,6,7,7,6,8,8,8,9,9,9,9,8,8,10,10,9,5,6,6,4,7,6,5,7,3,4,4,5,5,5,7,6,7
sf,svn,plog4u,/info.bliki.wiki/src/info/bliki/wiki/tags/code/GroovyCodeFilter.java,clean,java,IssueTrue,14877,134,258,3,8,3,4,4,3,4,4,3,3,9,9,8,3,3,3,9,9,9,4,3,3,9,9,8,4,5,6,5,4,4,4,4,4,6,5,5,9,9,9,7,7,7,3,4,4,2,2,2,2,3,2,6,7,3,4,4,5,5,5,5,5,6
sf,svn,plog4u,/info.bliki.wiki/src/info/bliki/wiki/tags/code/XMLCodeFilter.java,clean,java,IssueTrue,14877,134,258,3,7,4,8,5,4,10,9,8,7,9,9,8,4,4,4,9,9,9,5,5,4,9,9,8,4,5,6,6,6,5,6,5,5,7,6,6,9,9,9,7,7,7,10,10,8,3,5,3,3,6,4,7,7,4,6,6,5,5,5,3,4,5
sf,svn,plog4u,/info.bliki.wiki/src/info/bliki/wiki/tags/util/Attribute.java,clean,java,IssueTrue,14877,134,258,3,9,10,9,9,10,10,10,10,9,5,5,5,9,8,8,9,9,9,5,4,4,5,5,5,8,8,8,10,10,9,10,10,9,10,10,10,9,9,9,7,7,7,7,10,10,7,7,9,4,8,9,5,7,3,5,5,5,5,5,8,8,8
sf,svn,plog4u,/info.bliki.wiki/src/info/bliki/wiki/tags/util/TagStack.java,clean,java,IssueTrue,14877,134,258,3,5,4,6,6,6,9,8,7,6,10,10,10,10,10,9,9,9,9,4,3,3,10,10,10,6,6,7,8,7,7,7,7,6,8,8,8,9,9,9,7,7,7,6,7,8,9,8,7,5,6,6,8,7,3,4,4,5,6,6,6,6,8
sf,svn,plog4u,/info.bliki.wiki/src/info/bliki/wiki/tags/util/WikiTagNode.java,clean,java,IssueTrue,14877,134,258,3,10,10,10,9,9,10,10,10,10,9,9,8,8,8,7,9,9,9,7,6,5,9,9,8,6,6,7,10,10,9,10,10,9,10,10,10,9,9,9,7,7,7,9,10,10,6,8,8,6,7,9,7,7,4,6,6,10,10,10,8,9,9
sf,svn,plog4u,/info.bliki.wiki/src/info/bliki/wiki/template/AbstractTemplateFunction.java,clean,java,IssueTrue,14877,134,258,3,1,1,2,3,6,4,3,3,2,5,5,5,3,3,2,10,10,10,2,2,2,5,5,5,4,5,6,4,3,4,3,3,3,5,4,4,9,9,9,7,7,7,3,4,4,2,2,2,2,3,2,3,7,5,5,5,5,5,5,3,3,3
sf,svn,plog4u,/info.bliki.wiki/src/info/bliki/wiki/template/ITemplateFunction.java,clean,java,IssueTrue,14877,134,258,3,1,5,1,3,10,4,2,2,2,1,1,2,1,1,1,10,10,10,2,2,2,1,1,2,4,5,6,3,3,3,2,2,2,4,3,3,9,9,9,7,7,7,3,4,3,2,2,2,2,3,2,5,7,8,8,8,5,5,5,6,6,6
sf,svn,plog4u,/info.bliki.wiki/src/info/bliki/wiki/template/If.java,clean,java,IssueTrue,14877,134,258,3,3,2,4,3,4,9,4,4,3,9,9,8,4,4,3,9,9,9,7,6,5,9,9,8,4,5,6,3,3,3,2,2,2,4,3,3,9,9,9,7,7,7,9,7,5,5,5,3,7,7,3,7,7,4,6,6,5,6,6,5,5,7
sf,svn,plog4u,/info.bliki.wiki/src/info/bliki/wiki/template/Ifeq.java,clean,java,IssueTrue,14877,134,258,3,5,1,6,3,2,8,7,6,6,9,9,8,4,4,4,9,9,9,7,6,6,9,9,8,4,5,6,4,3,4,3,3,3,4,3,3,9,9,9,9,8,8,10,9,7,6,5,3,8,7,4,9,7,7,9,9,7,7,8,5,5,7
sf,svn,plog4u,/info.bliki.wiki/src/org/htmlcleaner/EndTagToken.java,clean,java,IssueTrue,14877,134,258,3,2,7,2,5,10,4,5,4,4,9,9,8,8,7,6,10,10,10,2,2,2,9,9,8,4,5,6,6,6,5,6,5,5,6,6,6,9,9,9,7,7,7,3,4,5,2,3,2,2,4,3,5,9,5,6,6,6,6,6,9,8,9
sf,svn,plog4u,/info.bliki.wiki/src/org/htmlcleaner/TagNode.java,clean,java,IssueTrue,14877,134,258,3,8,7,8,8,6,9,10,9,9,9,9,8,9,9,8,10,10,10,7,6,6,9,9,8,9,9,9,10,9,9,9,9,9,10,9,9,9,9,9,7,7,7,7,9,9,10,10,10,4,7,7,7,9,7,9,8,5,5,5,3,4,5
sf,svn,plog4u,/info.bliki.wiki/src/org/htmlcleaner/TagToken.java,clean,java,IssueTrue,14877,134,258,3,5,7,5,7,9,7,8,7,6,5,5,5,7,6,5,10,10,10,4,3,3,5,5,5,7,7,7,9,8,8,8,8,7,9,8,8,9,9,9,7,7,7,3,6,8,8,9,8,2,5,5,6,9,7,7,8,5,6,6,6,6,7
sf,svn,plog4u,/info.bliki.wiki/src/org/htmlcleaner/Utils.java,clean,java,IssueTrue,14877,134,258,3,9,9,10,6,7,10,10,10,10,5,5,5,6,5,5,9,9,9,10,9,8,5,5,5,4,5,6,1,1,1,7,7,6,9,8,8,9,9,9,7,7,7,10,10,10,9,9,7,9,9,8,9,7,9,9,10,5,5,5,5,7,8
