Host,Vcs,Project,File,Buggy,PL,IssueTracking,TLOC,TNF,TNC,TND,LOC,CL,NStmt,NFunc,RCC,MNL,avg_WMC,max_WMC,total_WMC,avg_DIT,max_DIT,total_DIT,avg_RFC,max_RFC,total_RFC,avg_NOC,max_NOC,total_NOC,avg_CBO,max_CBO,total_CBO,avg_DIT.1,max_DIT.1,total_DIT.1,avg_NIV,max_NIV,total_NIV,avg_NIM,max_NIM,total_NIM,avg_NOM,max_NOM,total_NOM,avg_NPBM,max_NPBM,total_NPBM,avg_NPM,max_NPM,total_NPM,avg_NPRM,max_NPRM,total_NPRM,avg_CC,max_CC,total_CC,avg_FANIN,max_FANIN,total_FANIN,avg_FANOUT,max_FANOUT,total_FANOUT,NRev,NFix,avg_AddedLOC,max_AddedLOC,total_AddedLOC,avg_DeletedLOC,max_DeletedLOC,total_DeletedLOC,avg_ModifiedLOC,max_ModifiedLOC,total_ModifiedLOC
sf,cvs,pmsqueak,pmsqueak/pms/src/main/java/com/finance/pms/IndicatorCalculationServiceMain.java,buggy,java,IssueFalse,10339,70,901,1,8,9,9,3,6,10,9,9,8,5,5,7,6,6,6,9,9,9,10,10,9,5,5,7,6,4,6,6,6,6,4,3,7,7,7,3,8,8,8,9,8,8,10,10,9,9,8,5,10,10,8,7,10,8,10,9,10,10,10,9,9,10
sf,cvs,pmsqueak,pmsqueak/pms/src/main/java/com/finance/pms/IndicatorTunning.java,buggy,java,IssueFalse,10339,70,901,1,6,1,7,2,1,9,6,5,4,5,5,7,6,6,6,9,9,9,9,9,8,5,5,7,6,4,6,6,6,6,2,1,6,6,6,2,8,8,8,7,7,7,10,9,6,9,7,3,10,10,6,8,10,6,7,9,7,9,9,4,6,7
sf,cvs,pmsqueak,pmsqueak/pms/src/main/java/com/finance/pms/MainGui.java,buggy,java,IssueFalse,10339,70,901,1,10,10,10,8,5,9,4,9,9,5,9,10,6,7,10,9,9,9,3,9,10,5,9,10,7,10,10,6,9,9,3,8,9,6,7,9,8,9,9,7,10,10,6,9,10,8,10,9,8,10,9,6,10,6,8,8,5,6,6,7,6,8
sf,cvs,pmsqueak,pmsqueak/pms/src/main/java/com/finance/pms/admin/AdminDB.java,buggy,java,IssueFalse,10339,70,901,1,10,10,10,10,4,10,4,10,10,5,5,10,6,7,10,9,9,9,4,10,10,5,5,10,6,4,6,6,6,9,2,8,10,6,6,10,8,8,8,7,10,10,8,10,10,5,9,9,8,10,10,3,10,3,4,4,6,6,6,2,2,2
sf,cvs,pmsqueak,pmsqueak/pms/src/main/java/com/finance/pms/admin/config/MarketsSettings.java,buggy,java,IssueFalse,10339,70,901,1,10,10,10,7,5,10,4,8,9,5,5,10,6,7,9,9,9,9,5,8,10,5,5,10,6,7,8,6,8,9,3,7,9,6,8,8,8,8,8,7,10,10,8,8,9,8,9,8,9,9,9,5,7,8,9,9,6,7,7,5,5,5
sf,cvs,pmsqueak,pmsqueak/pms/src/main/java/com/finance/pms/alerts/ThresholdAlert.java,buggy,java,IssueFalse,10339,70,901,1,6,2,7,4,2,10,8,7,6,9,9,8,6,6,6,9,9,9,9,8,8,9,9,8,8,7,7,7,7,7,5,4,7,7,7,4,8,8,8,9,8,8,9,9,8,8,7,5,10,9,6,9,10,6,9,9,8,9,9,7,8,9
sf,cvs,pmsqueak,pmsqueak/pms/src/main/java/com/finance/pms/alerts/ThresholdAlertTest.java,clean,java,IssueFalse,10339,70,901,1,9,7,9,4,3,8,8,7,7,5,5,7,6,6,7,9,9,9,10,10,9,5,5,7,9,9,9,7,7,7,6,5,7,7,7,3,8,8,8,10,9,9,8,9,8,9,8,6,10,10,8,3,10,3,4,4,4,5,5,3,3,3
sf,cvs,pmsqueak,pmsqueak/pms/src/main/java/com/finance/pms/datasources/RefreshAllEventModel.java,buggy,java,IssueFalse,10339,70,901,1,5,9,7,5,9,8,7,6,5,5,5,7,7,7,7,9,9,9,7,6,5,5,5,7,6,4,6,8,8,8,7,6,7,9,8,7,8,8,8,7,7,7,5,7,7,4,6,4,6,7,6,3,9,3,4,4,4,5,5,3,3,3
sf,cvs,pmsqueak,pmsqueak/pms/src/main/java/com/finance/pms/datasources/db/DataSource.java,buggy,java,IssueFalse,10339,70,901,1,10,10,10,10,6,10,8,10,10,5,5,10,7,8,10,9,9,9,6,10,10,5,5,10,6,8,9,7,10,10,6,10,10,8,10,10,8,8,8,7,10,10,8,10,10,10,10,10,9,10,10,9,10,3,4,4,4,5,5,2,2,2
sf,cvs,pmsqueak,pmsqueak/pms/src/main/java/com/finance/pms/datasources/web/ProvidersASXMarket.java,buggy,java,IssueFalse,10339,70,901,1,3,1,3,4,1,4,4,3,3,10,10,9,7,7,7,9,9,9,3,3,3,10,10,9,6,4,6,7,7,7,5,4,7,6,6,2,10,10,10,9,8,8,3,4,4,4,4,3,2,2,3,5,9,3,4,4,6,7,7,2,3,3
sf,cvs,pmsqueak,pmsqueak/pms/src/main/java/com/finance/pms/datasources/web/ProvidersBSEMarket.java,buggy,java,IssueFalse,10339,70,901,1,4,1,5,4,2,8,6,5,4,10,10,9,7,7,7,9,9,9,7,6,5,10,10,9,6,4,6,7,7,7,6,5,7,6,6,2,10,10,10,9,9,9,5,7,6,5,5,4,6,6,5,6,9,4,6,6,8,8,8,7,7,7
sf,cvs,pmsqueak,pmsqueak/pms/src/main/java/com/finance/pms/datasources/web/ProvidersMarket.java,buggy,java,IssueFalse,10339,70,901,1,8,2,8,6,2,8,7,7,7,6,9,9,6,7,8,10,10,10,9,9,9,6,9,9,6,4,6,7,8,8,6,7,8,7,8,7,9,10,10,7,7,7,6,8,8,5,8,5,9,10,8,6,9,9,10,9,8,9,8,6,6,7
sf,cvs,pmsqueak,pmsqueak/pms/src/main/java/com/finance/pms/datasources/web/ProvidersYahoo.java,buggy,java,IssueFalse,10339,70,901,1,7,9,8,5,7,8,8,7,7,9,9,8,7,7,7,9,9,9,9,9,8,9,9,8,6,4,6,8,8,8,7,6,7,9,8,7,8,8,8,7,7,7,7,8,8,7,8,6,10,10,8,3,9,3,4,4,4,5,5,5,4,4
sf,cvs,pmsqueak,pmsqueak/pms/src/main/java/com/finance/pms/datasources/web/formaters/DayQuoteDoublonTest.java,clean,java,IssueFalse,10339,70,901,1,4,2,5,3,3,10,7,6,5,9,9,8,6,6,6,9,9,9,8,7,7,9,9,8,6,4,6,6,7,6,3,2,6,6,6,2,9,9,9,7,7,7,10,9,7,7,6,3,7,6,3,3,9,3,4,4,7,7,7,2,2,2
sf,cvs,pmsqueak,pmsqueak/pms/src/main/java/com/finance/pms/datasources/web/formaters/DayStockFormaterTest.java,clean,java,IssueFalse,10339,70,901,1,6,9,7,3,8,10,6,5,5,9,9,8,6,6,6,9,9,9,10,9,9,9,9,8,8,7,7,6,7,6,3,2,6,6,6,2,9,9,9,7,7,7,9,9,6,7,7,3,10,9,6,3,9,3,4,4,8,7,7,2,2,2
sf,cvs,pmsqueak,pmsqueak/pms/src/main/java/com/finance/pms/datasources/web/formaters/StockComplementBSEFormater.java,clean,java,IssueFalse,10339,70,901,1,5,2,6,3,3,8,7,6,5,9,9,8,6,6,6,9,9,9,7,6,5,9,9,8,8,7,8,7,7,7,4,3,7,7,7,3,8,8,8,9,8,8,9,7,6,9,7,5,9,7,5,7,7,6,9,8,6,8,8,7,7,8
sf,cvs,pmsqueak,pmsqueak/pms/src/main/java/com/finance/pms/datasources/web/formaters/StockComplementFormaterTest.java,buggy,java,IssueFalse,10339,70,901,1,5,9,6,3,9,10,5,5,4,9,9,8,6,6,6,9,9,9,8,7,7,9,9,8,8,7,7,6,7,6,3,2,6,6,6,2,9,9,9,7,7,7,9,8,6,7,7,3,10,8,5,5,7,4,5,5,9,9,9,6,5,6
sf,cvs,pmsqueak,pmsqueak/pms/src/main/java/com/finance/pms/events/AnalysisClient.java,buggy,java,IssueFalse,10339,70,901,1,7,9,8,4,7,9,8,7,7,5,5,7,6,6,7,9,9,9,9,8,7,5,5,7,8,7,8,7,7,7,6,5,7,8,7,5,8,8,8,9,8,8,9,9,8,8,9,6,9,9,7,9,10,5,8,8,7,8,9,8,9,9
sf,cvs,pmsqueak,pmsqueak/pms/src/main/java/com/finance/pms/events/EventsResources.java,buggy,java,IssueFalse,10339,70,901,1,9,10,10,8,7,9,8,10,9,5,5,9,7,7,8,9,9,9,7,10,9,5,5,9,7,8,8,8,9,9,6,8,9,8,9,9,8,9,9,7,7,7,8,9,10,7,7,8,8,10,9,3,10,3,4,4,4,5,5,3,3,3
sf,cvs,pmsqueak,pmsqueak/pms/src/main/java/com/finance/pms/events/SymbolEvents.java,buggy,java,IssueFalse,10339,70,901,1,9,10,10,9,7,9,10,10,10,5,5,7,8,8,8,10,10,10,10,10,9,5,5,7,10,9,9,10,10,9,10,10,9,10,10,10,8,8,8,9,9,9,6,9,10,8,8,9,6,8,9,9,10,7,9,9,7,9,9,5,7,8
sf,cvs,pmsqueak,pmsqueak/pms/src/main/java/com/finance/pms/events/calculation/Attic/IndicatorCalculationService.java,buggy,java,IssueFalse,10339,70,901,1,4,10,5,6,10,4,6,5,5,5,5,7,7,7,7,10,10,10,3,3,3,5,5,7,9,8,8,9,8,8,8,7,8,8,8,6,10,10,10,7,7,7,3,4,6,8,8,7,2,4,4,3,10,3,4,4,4,5,5,5,4,4
sf,cvs,pmsqueak,pmsqueak/pms/src/main/java/com/finance/pms/events/calculation/CommonIndicatorCalculationService.java,buggy,java,IssueFalse,10339,70,901,1,8,9,9,5,7,9,4,7,7,5,9,10,6,7,9,9,9,9,6,8,10,5,9,10,6,6,7,6,7,8,3,4,8,6,6,5,8,9,9,7,9,9,8,9,8,8,8,7,9,7,8,9,10,6,8,9,8,9,9,4,5,7
sf,cvs,pmsqueak,pmsqueak/pms/src/main/java/com/finance/pms/events/gui/EventsComposite.java,buggy,java,IssueFalse,10339,70,901,1,10,10,10,10,5,10,4,10,10,5,9,10,6,8,10,9,9,9,3,10,10,5,9,10,8,10,10,6,9,10,3,10,10,6,8,10,8,8,8,7,10,10,6,8,10,9,10,10,9,10,10,6,10,4,6,6,5,6,6,5,5,6
sf,cvs,pmsqueak,pmsqueak/pms/src/main/java/com/finance/pms/events/pounderationrules/LatestEventAutoPortfolioPonderationRule.java,buggy,java,IssueFalse,10339,70,901,1,2,3,3,3,7,4,3,3,2,10,10,9,8,7,7,9,9,9,5,4,4,10,10,9,7,6,7,7,7,7,4,3,7,7,7,4,8,8,8,7,7,7,3,4,4,6,5,3,4,3,3,7,10,5,8,7,8,9,9,3,5,5
sf,cvs,pmsqueak,pmsqueak/pms/src/main/java/com/finance/pms/events/pounderationrules/LatestEventSignal.java,buggy,java,IssueFalse,10339,70,901,1,6,6,7,5,6,8,8,7,7,10,10,9,8,8,8,10,10,10,7,6,5,10,10,9,8,7,7,8,8,8,7,6,7,7,7,3,10,10,10,9,9,9,7,7,8,8,7,6,8,6,7,3,7,7,7,7,4,5,5,3,3,3
sf,cvs,pmsqueak,pmsqueak/pms/src/main/java/com/finance/pms/events/pounderationrules/LatestEventsPonderationRule.java,buggy,java,IssueFalse,10339,70,901,1,3,10,3,4,10,4,4,3,3,10,10,9,7,7,7,10,10,10,5,5,4,10,10,9,6,4,6,7,7,7,5,4,7,8,7,5,8,8,8,7,7,7,3,4,4,7,7,4,3,3,3,8,10,9,10,10,10,10,10,9,9,10
sf,cvs,pmsqueak,pmsqueak/pms/src/main/java/com/finance/pms/events/pounderationrules/LatestEventsPonderationRuleTest.java,buggy,java,IssueFalse,10339,70,901,1,9,2,9,3,1,7,4,3,3,5,5,7,6,6,6,9,9,9,10,9,9,5,5,7,10,10,10,7,7,7,4,3,7,7,7,4,8,8,8,7,7,7,4,6,4,10,10,7,10,9,6,6,10,7,9,8,4,5,5,8,7,8
sf,cvs,pmsqueak,pmsqueak/pms/src/main/java/com/finance/pms/events/pounderationrules/PonderationRule.java,buggy,java,IssueFalse,10339,70,901,1,5,8,6,5,8,8,4,5,5,5,5,8,6,6,8,10,10,10,5,7,7,5,5,8,7,7,7,7,8,8,4,5,7,6,6,3,9,10,10,9,9,9,5,7,7,6,7,5,6,5,6,5,7,5,7,7,6,7,7,5,5,5
sf,cvs,pmsqueak,pmsqueak/pms/src/main/java/com/finance/pms/mas/MasEventFetchingThread.java,clean,java,IssueFalse,10339,70,901,1,7,10,8,5,8,10,6,7,6,5,5,8,6,6,8,9,9,9,6,7,8,5,5,8,9,9,9,7,8,8,4,5,7,7,8,6,8,8,8,7,8,8,7,9,8,8,8,6,8,8,7,3,10,3,4,4,4,5,5,6,5,4
sf,cvs,pmsqueak,pmsqueak/pms/src/main/java/com/finance/pms/mas/MasSource.java,clean,java,IssueFalse,10339,70,901,1,10,10,10,9,8,9,9,10,10,5,5,8,7,8,8,9,9,9,9,10,9,5,5,8,9,9,9,9,9,9,8,9,9,9,9,9,8,8,8,9,10,10,7,10,10,9,9,9,8,9,10,3,10,3,4,4,4,5,5,3,3,3
sf,cvs,pmsqueak,pmsqueak/pms/src/main/java/com/finance/pms/portfolio/AutoPortfolio.java,buggy,java,IssueFalse,10339,70,901,1,9,5,10,8,2,9,5,8,9,5,10,10,7,9,9,9,9,9,7,10,10,5,10,10,6,7,8,7,9,9,4,7,9,7,8,9,8,8,8,7,9,9,6,9,9,8,9,8,9,10,10,10,10,5,8,9,7,8,9,7,7,10
sf,cvs,pmsqueak,pmsqueak/pms/src/main/java/com/finance/pms/portfolio/PortfolioMgr.java,buggy,java,IssueFalse,10339,70,901,1,9,10,10,9,5,10,7,10,10,5,5,10,7,8,9,9,9,9,6,10,10,5,5,10,7,8,9,7,9,9,6,9,9,8,10,10,8,8,8,7,10,10,7,9,10,7,8,9,8,10,10,9,10,5,8,8,8,10,10,3,5,7
sf,cvs,pmsqueak,pmsqueak/pms/src/main/java/com/finance/pms/portfolio/PortfolioShare.java,buggy,java,IssueFalse,10339,70,901,1,10,10,10,10,6,9,10,10,10,5,5,7,9,9,9,9,9,9,10,10,9,5,5,7,10,9,10,10,10,10,10,10,10,10,10,10,8,8,8,10,10,10,6,9,10,9,9,10,7,9,10,7,10,3,4,4,7,8,8,5,5,6
