Host,Vcs,Project,File,Buggy,PL,IssueTracking,TLOC,TNF,TNC,TND,LOC,CL,NStmt,NFunc,RCC,MNL,avg_WMC,max_WMC,total_WMC,avg_DIT,max_DIT,total_DIT,avg_RFC,max_RFC,total_RFC,avg_NOC,max_NOC,total_NOC,avg_CBO,max_CBO,total_CBO,avg_DIT.1,max_DIT.1,total_DIT.1,avg_NIV,max_NIV,total_NIV,avg_NIM,max_NIM,total_NIM,avg_NOM,max_NOM,total_NOM,avg_NPBM,max_NPBM,total_NPBM,avg_NPM,max_NPM,total_NPM,avg_NPRM,max_NPRM,total_NPRM,avg_CC,max_CC,total_CC,avg_FANIN,max_FANIN,total_FANIN,avg_FANOUT,max_FANOUT,total_FANOUT,NRev,NFix,avg_AddedLOC,max_AddedLOC,total_AddedLOC,avg_DeletedLOC,max_DeletedLOC,total_DeletedLOC,avg_ModifiedLOC,max_ModifiedLOC,total_ModifiedLOC
gc,svn,qmcpack,/trunk/src/Estimators/EstimatorManager.cpp,clean,cpp,IssueTrue,24291,116,4741,16,8,6,9,9,4,8,7,7,7,7,8,8,4,4,3,9,9,9,8,8,7,7,8,8,6,6,6,6,6,6,6,6,6,6,6,6,9,9,9,8,9,9,6,5,9,9,8,10,6,7,9,9,10,5,6,5,3,6,5,6,5,6
gc,svn,qmcpack,/trunk/src/Estimators/EstimatorManager.h,clean,cpp,IssueTrue,24291,116,4741,16,5,8,5,7,9,4,10,10,10,10,10,10,9,10,9,9,9,9,10,10,10,10,10,10,10,10,10,10,10,10,10,10,10,10,10,10,9,9,9,10,10,10,3,3,5,4,3,6,2,3,3,6,10,3,4,3,4,6,5,6,4,5
gc,svn,qmcpack,/trunk/src/Estimators/FWEstimator.h,clean,cpp,IssueTrue,24291,116,4741,16,3,5,4,4,8,6,8,8,8,10,10,10,8,8,7,9,9,9,10,10,9,10,10,10,8,7,7,8,8,8,8,8,7,9,8,8,9,9,9,8,9,9,4,4,4,5,4,4,2,3,3,9,10,8,9,8,8,9,8,7,7,7
gc,svn,qmcpack,/trunk/src/Estimators/ScalarEstimatorBase.h,clean,cpp,IssueTrue,24291,116,4741,16,3,5,4,6,9,4,8,8,8,10,10,10,6,7,5,10,10,10,10,10,9,10,10,10,8,8,8,9,9,9,9,9,8,10,9,9,9,9,9,8,9,9,3,3,4,3,3,2,2,4,3,5,10,5,4,4,3,5,5,6,3,4
gc,svn,qmcpack,/trunk/src/Message/Communicate.cpp,clean,cpp,IssueTrue,24291,116,4741,16,3,2,2,6,7,3,7,7,7,7,8,8,4,4,3,9,9,9,8,8,7,7,8,8,6,6,6,6,6,6,6,6,6,6,6,6,9,9,9,8,9,9,3,3,5,2,3,2,1,3,2,3,5,3,3,3,10,9,8,6,4,3
gc,svn,qmcpack,/trunk/src/Optimize/NRCOptimization.h,buggy,cpp,IssueTrue,24291,116,4741,16,7,6,7,6,5,8,7,7,7,7,8,8,4,4,3,9,9,9,8,8,7,7,8,8,6,6,6,6,6,6,6,6,6,6,6,6,9,9,9,8,9,9,8,7,8,7,6,7,5,5,6,3,8,4,4,3,8,6,6,8,5,4
gc,svn,qmcpack,/trunk/src/Particle/HDFWalkerOutput.cpp,buggy,cpp,IssueTrue,24291,116,4741,16,7,8,7,6,7,6,7,7,7,7,8,8,4,4,3,9,9,9,8,8,7,7,8,8,6,6,6,6,6,6,6,6,6,6,6,6,9,9,9,8,9,9,5,6,7,6,5,6,8,7,7,5,5,6,5,5,4,6,5,7,5,5
gc,svn,qmcpack,/trunk/src/Particle/ParticleSet.cpp,clean,cpp,IssueTrue,24291,116,4741,16,8,8,8,9,6,6,7,7,7,7,8,8,4,4,3,9,9,9,8,8,7,7,8,8,6,6,6,6,6,6,6,6,6,6,6,6,9,9,9,8,9,9,5,5,9,6,8,9,5,9,9,6,5,9,9,7,9,9,8,7,7,6
gc,svn,qmcpack,/trunk/src/Particle/ParticleSet.h,clean,cpp,IssueTrue,24291,116,4741,16,5,8,6,5,9,3,10,10,10,10,10,10,10,10,10,9,9,9,10,10,10,10,10,10,10,10,10,10,10,10,10,10,10,10,10,10,9,9,9,8,9,9,3,3,4,3,4,4,2,3,3,6,5,8,6,6,5,6,6,10,10,10
gc,svn,qmcpack,/trunk/src/ParticleBase/ParticleBase.h,clean,cpp,IssueTrue,24291,116,4741,16,5,5,6,9,7,4,7,7,7,7,8,8,4,4,3,9,9,9,8,8,7,7,8,8,6,6,6,6,6,6,6,6,6,6,6,6,9,9,9,8,9,9,3,3,6,3,5,7,2,5,6,3,5,9,6,6,3,5,5,6,3,3
gc,svn,qmcpack,/trunk/src/QMCApp/QMCDriverFactory.cpp,buggy,cpp,IssueTrue,24291,116,4741,16,7,5,7,4,4,6,7,7,7,7,8,8,4,4,3,9,9,9,8,8,7,7,8,8,6,6,6,6,6,6,6,6,6,6,6,6,9,9,9,8,9,9,9,8,8,8,7,6,8,7,6,10,8,7,7,8,7,7,8,7,8,8
gc,svn,qmcpack,/trunk/src/QMCApp/QMCDriverFactory.h,clean,cpp,IssueTrue,24291,116,4741,16,3,5,2,1,9,3,10,9,9,10,10,10,5,5,4,9,9,9,10,10,10,10,10,10,9,9,8,7,7,7,7,7,7,8,8,8,9,9,9,8,9,9,2,2,2,2,1,1,1,2,2,5,5,4,4,4,3,5,5,6,3,4
gc,svn,qmcpack,/trunk/src/QMCApp/qmcapp.cpp,clean,cpp,IssueTrue,24291,116,4741,16,4,4,5,2,6,10,7,7,7,7,8,8,4,4,3,9,9,9,8,8,7,7,8,8,6,6,6,6,6,6,6,6,6,6,6,6,9,9,9,8,9,9,10,7,6,5,3,1,10,7,4,5,8,3,3,3,3,5,5,6,5,4
gc,svn,qmcpack,/trunk/src/QMCDrivers/DMC/DMCOMP.cpp,buggy,cpp,IssueTrue,24291,116,4741,16,6,4,7,4,4,8,7,7,7,7,8,8,4,4,3,9,9,9,8,8,7,7,8,8,6,6,6,6,6,6,6,6,6,6,6,6,9,9,9,8,9,9,9,8,7,10,8,7,10,8,7,6,8,8,7,7,10,9,9,2,2,2
gc,svn,qmcpack,/trunk/src/QMCDrivers/DMC/DMCUpdateAll.cpp,clean,cpp,IssueTrue,24291,116,4741,16,6,5,6,5,6,6,7,7,7,7,8,8,4,4,3,9,9,9,8,8,7,7,8,8,6,6,6,6,6,6,6,6,6,6,6,6,9,9,9,8,9,9,6,6,6,5,4,5,8,8,6,5,10,3,3,3,3,5,5,6,4,4
gc,svn,qmcpack,/trunk/src/QMCDrivers/DMC/DMCUpdatePbyP.cpp,clean,cpp,IssueTrue,24291,116,4741,16,6,6,6,5,6,8,7,7,7,7,8,8,4,4,3,9,9,9,8,8,7,7,8,8,6,6,6,6,6,6,6,6,6,6,6,6,9,9,9,8,9,9,5,6,6,4,5,5,7,9,5,7,10,3,3,3,3,5,5,6,4,5
gc,svn,qmcpack,/trunk/src/QMCDrivers/DMC/DMCUpdatePbyPFast.cpp,clean,cpp,IssueTrue,24291,116,4741,16,5,5,6,3,6,8,7,7,7,7,8,8,4,4,3,9,9,9,8,8,7,7,8,8,6,6,6,6,6,6,6,6,6,6,6,6,9,9,9,8,9,9,8,6,5,6,5,3,10,9,5,7,10,3,4,3,3,5,5,3,2,3
gc,svn,qmcpack,/trunk/src/QMCDrivers/ForwardWalking/FWSingleOMP.cpp,clean,cpp,IssueTrue,24291,116,4741,16,7,4,8,6,3,9,7,7,7,7,8,8,4,4,3,9,9,9,8,8,7,7,8,8,6,6,6,6,6,6,6,6,6,6,6,6,9,9,9,8,9,9,8,8,8,3,3,3,8,9,7,6,8,10,9,8,10,10,9,9,9,7
gc,svn,qmcpack,/trunk/src/QMCDrivers/ForwardWalking/HDF5_FW.h,clean,cpp,IssueTrue,24291,116,4741,16,9,3,9,10,2,4,8,8,9,7,8,8,5,6,9,9,9,9,9,9,10,7,8,8,10,10,10,9,9,10,8,9,10,9,9,10,9,9,9,8,9,9,3,4,9,6,7,10,5,7,10,7,8,10,10,10,9,9,8,3,4,3
gc,svn,qmcpack,/trunk/src/QMCDrivers/ForwardWalkingStructure.h,clean,cpp,IssueTrue,24291,116,4741,16,5,2,5,8,4,5,8,8,8,7,8,8,5,6,6,9,9,9,10,10,9,7,8,8,7,7,7,8,8,9,8,8,9,9,9,9,9,9,9,8,9,9,3,4,6,4,4,7,3,4,6,5,9,6,5,5,3,5,5,2,2,2
gc,svn,qmcpack,/trunk/src/QMCDrivers/QMCCostFunctionBase.cpp,buggy,cpp,IssueTrue,24291,116,4741,16,9,10,9,6,7,9,7,7,7,7,8,8,4,4,3,9,9,9,8,8,7,7,8,8,6,6,6,6,6,6,6,6,6,6,6,6,9,9,9,8,9,9,9,8,9,10,9,9,10,8,9,7,8,3,4,3,3,5,5,3,2,4
gc,svn,qmcpack,/trunk/src/QMCDrivers/QMCCostFunctionBase.h,buggy,cpp,IssueTrue,24291,116,4741,16,4,7,5,6,9,3,10,10,10,10,10,10,9,9,8,10,10,10,10,10,10,10,10,10,10,10,10,10,10,9,10,10,9,10,10,10,10,10,10,8,9,9,3,3,4,4,4,5,2,3,3,5,8,3,3,3,3,5,5,3,2,2
gc,svn,qmcpack,/trunk/src/QMCDrivers/QMCCostFunctionOMP.cpp,buggy,cpp,IssueTrue,24291,116,4741,16,8,6,9,5,3,9,7,7,7,7,8,8,4,4,3,9,9,9,8,8,7,7,8,8,6,6,6,6,6,6,6,6,6,6,6,6,9,9,9,8,9,9,9,8,9,10,9,9,9,7,7,10,10,8,9,9,10,9,10,10,10,10
gc,svn,qmcpack,/trunk/src/QMCDrivers/QMCCostFunctionSingle.cpp,buggy,cpp,IssueTrue,24291,116,4741,16,7,6,8,5,4,8,7,7,7,7,8,8,4,4,3,9,9,9,8,8,7,7,8,8,6,6,6,6,6,6,6,6,6,6,6,6,9,9,9,8,9,9,8,8,8,10,9,8,8,7,7,5,8,9,8,7,10,9,9,9,8,6
gc,svn,qmcpack,/trunk/src/QMCDrivers/QMCCostFunctionSingle.h,buggy,cpp,IssueTrue,24291,116,4741,16,2,3,2,1,9,3,10,9,9,10,10,10,9,9,8,9,9,9,10,10,10,10,10,10,8,7,7,9,8,8,8,8,8,9,8,8,10,10,10,8,9,9,2,2,2,2,1,1,1,2,2,3,8,3,3,3,3,5,5,6,3,3
gc,svn,qmcpack,/trunk/src/QMCDrivers/QMCDriver.cpp,buggy,cpp,IssueTrue,24291,116,4741,16,7,7,8,6,5,8,7,7,7,7,8,8,4,4,3,9,9,9,8,8,7,7,8,8,6,6,6,6,6,6,6,6,6,6,6,6,9,9,9,8,9,9,8,8,8,10,9,9,9,9,8,8,5,8,8,8,8,8,8,8,7,7
gc,svn,qmcpack,/trunk/src/QMCDrivers/QMCDriver.h,buggy,cpp,IssueTrue,24291,116,4741,16,5,8,5,6,9,4,10,10,9,10,10,10,8,9,7,10,10,10,10,10,10,10,10,10,10,10,10,10,10,9,10,9,9,10,10,9,10,10,10,8,9,9,3,3,4,4,3,5,2,5,4,7,5,4,5,5,3,5,5,5,3,5
gc,svn,qmcpack,/trunk/src/QMCDrivers/QMCLinearOptimize.cpp,buggy,cpp,IssueTrue,24291,116,4741,16,7,7,8,5,5,9,7,7,7,7,8,8,4,4,3,9,9,9,8,8,7,7,8,8,6,6,6,6,6,6,6,6,6,6,6,6,9,9,9,8,9,9,9,9,9,10,9,8,10,9,8,10,10,9,10,10,10,10,10,8,9,9
gc,svn,qmcpack,/trunk/src/QMCDrivers/QMCLinearOptimize.h,buggy,cpp,IssueTrue,24291,116,4741,16,3,5,3,3,9,3,10,10,9,10,10,10,10,10,9,9,9,9,10,10,10,10,10,10,10,10,10,9,9,8,9,8,8,9,8,8,9,9,9,10,10,10,3,3,3,3,2,1,3,4,3,9,10,4,5,5,3,6,5,3,4,5
gc,svn,qmcpack,/trunk/src/QMCDrivers/QMCOptimize.cpp,clean,cpp,IssueTrue,24291,116,4741,16,6,5,6,5,6,6,7,7,7,7,8,8,4,4,3,9,9,9,8,8,7,7,8,8,6,6,6,6,6,6,6,6,6,6,6,6,9,9,9,8,9,9,7,7,6,3,4,3,7,6,6,3,5,4,4,3,8,7,6,5,2,3
gc,svn,qmcpack,/trunk/src/QMCDrivers/SimpleFixedNodeBranch.cpp,buggy,cpp,IssueTrue,24291,116,4741,16,8,7,8,7,5,6,7,7,7,7,8,8,4,4,3,9,9,9,8,8,7,7,8,8,6,6,6,6,6,6,6,6,6,6,6,6,9,9,9,8,9,9,5,6,8,10,9,9,7,7,8,6,10,7,7,6,9,9,8,5,3,4
gc,svn,qmcpack,/trunk/src/QMCDrivers/SimpleFixedNodeBranch.h,buggy,cpp,IssueTrue,24291,116,4741,16,5,8,5,7,9,4,10,10,9,10,10,10,9,9,8,9,9,9,10,10,10,10,10,10,10,10,9,10,10,10,10,10,10,10,10,10,9,9,9,10,10,10,3,4,5,4,4,6,2,3,4,9,10,3,5,5,4,6,6,5,4,5
gc,svn,qmcpack,/trunk/src/QMCDrivers/VMC/VMCFactory.cpp,clean,cpp,IssueTrue,24291,116,4741,16,1,2,1,2,9,4,7,7,7,7,8,8,4,4,3,9,9,9,8,8,7,7,8,8,6,6,6,6,6,6,6,6,6,6,6,6,9,9,9,8,9,9,4,3,2,7,3,1,3,3,2,3,8,3,3,3,10,8,7,2,1,1
gc,svn,qmcpack,/trunk/src/QMCDrivers/VMC/VMCSingleOMP.cpp,clean,cpp,IssueTrue,24291,116,4741,16,5,5,6,4,6,8,7,7,7,7,8,8,4,4,3,9,9,9,8,8,7,7,8,8,6,6,6,6,6,6,6,6,6,6,6,6,9,9,9,8,9,9,9,8,7,3,3,2,8,7,5,7,5,8,7,7,8,8,8,7,6,6
gc,svn,qmcpack,/trunk/src/QMCDrivers/VMC/VMCUpdateAll.cpp,clean,cpp,IssueTrue,24291,116,4741,16,5,3,5,6,4,5,7,7,7,7,8,8,4,4,3,9,9,9,8,8,7,7,8,8,6,6,6,6,6,6,6,6,6,6,6,6,9,9,9,8,9,9,4,4,6,4,4,5,5,6,6,5,8,3,3,3,4,6,5,3,2,3
gc,svn,qmcpack,/trunk/src/QMCDrivers/VMC/VMCUpdatePbyP.cpp,clean,cpp,IssueTrue,24291,116,4741,16,8,6,8,7,4,9,7,7,7,7,8,8,4,4,3,9,9,9,8,8,7,7,8,8,6,6,6,6,6,6,6,6,6,6,6,6,9,9,9,8,9,9,6,5,8,9,9,9,10,9,9,7,8,8,8,7,9,8,8,10,10,9
gc,svn,qmcpack,/trunk/src/QMCDrivers/WalkerControlBase.cpp,buggy,cpp,IssueTrue,24291,116,4741,16,7,6,7,7,5,6,7,7,7,7,8,8,4,4,3,9,9,9,8,8,7,7,8,8,6,6,6,6,6,6,6,6,6,6,6,6,9,9,9,8,9,9,5,6,7,4,5,6,7,6,7,3,8,4,4,3,3,5,5,5,2,3
gc,svn,qmcpack,/trunk/src/QMCHamiltonians/DensityEstimator.cpp,clean,cpp,IssueTrue,24291,116,4741,16,6,4,6,7,4,6,7,7,7,7,8,8,4,4,3,9,9,9,8,8,7,7,8,8,6,6,6,6,6,6,6,6,6,6,6,6,9,9,9,8,9,9,4,5,7,7,6,8,3,5,6,6,8,7,7,6,9,8,8,9,9,7
gc,svn,qmcpack,/trunk/src/QMCHamiltonians/DensityEstimator.h,clean,cpp,IssueTrue,24291,116,4741,16,3,3,3,4,7,3,9,9,9,10,10,10,8,8,7,9,9,9,10,10,10,10,10,10,10,10,9,10,9,9,9,9,9,10,9,9,9,9,9,10,10,10,3,3,3,4,4,3,2,3,2,5,8,6,5,5,6,6,6,6,5,4
gc,svn,qmcpack,/trunk/src/QMCHamiltonians/ECPComponentBuilder.2.cpp,clean,cpp,IssueTrue,24291,116,4741,16,7,5,8,3,4,9,7,7,7,7,8,8,4,4,3,9,9,9,8,8,7,7,8,8,6,6,6,6,6,6,6,6,6,6,6,6,9,9,9,8,9,9,10,7,8,7,4,4,10,6,6,5,8,8,7,6,3,5,5,6,3,4
gc,svn,qmcpack,/trunk/src/QMCHamiltonians/ForwardWalking.cpp,clean,cpp,IssueTrue,24291,116,4741,16,5,3,6,4,5,9,7,7,7,7,8,8,4,4,3,9,9,9,8,8,7,7,8,8,6,6,6,6,6,6,6,6,6,6,6,6,9,9,9,8,9,9,7,6,6,4,6,3,5,6,4,3,5,9,6,6,10,8,8,10,8,6
gc,svn,qmcpack,/trunk/src/QMCHamiltonians/HamiltonianFactory.cpp,buggy,cpp,IssueTrue,24291,116,4741,16,8,7,8,8,4,8,7,7,7,7,8,8,4,4,3,9,9,9,8,8,7,7,8,8,6,6,6,6,6,6,6,6,6,6,6,6,9,9,9,8,9,9,7,9,9,4,7,7,4,8,7,7,9,9,8,8,8,8,8,6,5,5
gc,svn,qmcpack,/trunk/src/QMCHamiltonians/LocalCorePolPotential.cpp,clean,cpp,IssueTrue,24291,116,4741,16,5,4,6,5,6,9,7,7,7,7,8,8,4,4,3,9,9,9,8,8,7,7,8,8,6,6,6,6,6,6,6,6,6,6,6,6,9,9,9,8,9,9,6,5,7,4,5,5,4,4,5,3,5,3,3,3,3,5,5,6,4,3
gc,svn,qmcpack,/trunk/src/QMCHamiltonians/MPC.cpp,clean,cpp,IssueTrue,24291,116,4741,16,3,1,2,5,1,4,7,7,7,7,8,8,4,4,3,9,9,9,8,8,7,7,8,8,6,6,6,6,6,6,6,6,6,6,6,6,9,9,9,8,9,9,3,3,4,2,2,1,2,3,3,3,8,6,5,4,3,5,5,5,2,3
gc,svn,qmcpack,/trunk/src/QMCHamiltonians/NonLocalECPComponent.cpp,buggy,cpp,IssueTrue,24291,116,4741,16,8,9,9,7,8,6,7,7,7,7,8,8,4,4,3,9,9,9,8,8,7,7,8,8,6,6,6,6,6,6,6,6,6,6,6,6,9,9,9,8,9,9,8,6,9,6,4,7,7,6,7,6,10,6,6,6,5,6,6,6,5,5
gc,svn,qmcpack,/trunk/src/QMCHamiltonians/PulayForce.cpp,clean,cpp,IssueTrue,24291,116,4741,16,5,1,5,5,2,5,7,7,7,7,8,8,4,4,3,9,9,9,8,8,7,7,8,8,6,6,6,6,6,6,6,6,6,6,6,6,9,9,9,8,9,9,6,5,6,4,4,4,3,3,4,3,8,3,3,3,6,6,5,2,1,1
gc,svn,qmcpack,/trunk/src/QMCTools/QMCGaussianParserBase.cpp,buggy,cpp,IssueTrue,24291,116,4741,16,8,5,9,7,3,6,7,7,7,7,8,8,4,4,3,9,9,9,8,8,7,7,8,8,6,6,6,6,6,6,6,6,6,6,6,6,9,9,9,8,9,9,7,5,8,6,5,7,7,6,8,3,5,4,4,3,3,5,5,7,5,4
gc,svn,qmcpack,/trunk/src/QMCWaveFunctions/AtomicOrbital.h,clean,cpp,IssueTrue,24291,116,4741,16,9,3,9,8,2,9,7,7,7,7,8,8,4,4,3,9,9,9,8,8,7,7,8,8,6,6,6,6,6,6,6,6,6,6,6,6,9,9,9,8,9,9,7,6,9,9,9,9,6,6,8,10,9,10,10,10,9,9,9,9,9,9
gc,svn,qmcpack,/trunk/src/QMCWaveFunctions/BasisSetFactory.cpp,clean,cpp,IssueTrue,24291,116,4741,16,3,3,3,4,6,4,7,7,7,7,8,8,4,4,3,9,9,9,8,8,7,7,8,8,6,6,6,6,6,6,6,6,6,6,6,6,9,9,9,8,9,9,4,4,4,3,3,2,4,4,4,6,8,4,4,4,5,6,6,6,5,4
gc,svn,qmcpack,/trunk/src/QMCWaveFunctions/EinsplineSet.cpp,clean,cpp,IssueTrue,24291,116,4741,16,10,6,10,10,1,9,7,7,7,7,8,8,4,4,3,9,9,9,8,8,7,7,8,8,6,6,6,6,6,6,6,6,6,6,6,6,9,9,9,8,9,9,8,9,10,9,9,10,5,7,10,6,5,10,10,10,5,6,6,9,9,7
gc,svn,qmcpack,/trunk/src/QMCWaveFunctions/EinsplineSet.h,clean,cpp,IssueTrue,24291,116,4741,16,6,7,6,4,7,4,8,8,8,10,10,10,9,9,10,10,10,10,9,9,9,10,10,10,9,9,9,8,8,9,8,8,9,9,9,9,9,9,9,8,9,9,3,3,3,6,5,4,5,5,4,5,5,6,6,5,3,5,5,2,2,2
gc,svn,qmcpack,/trunk/src/QMCWaveFunctions/EinsplineSetBuilder.cpp,buggy,cpp,IssueTrue,24291,116,4741,16,10,9,10,9,2,10,7,7,7,7,8,8,4,4,3,9,9,9,8,8,7,7,8,8,6,6,6,6,6,6,6,6,6,6,6,6,9,9,9,8,9,9,10,9,10,10,10,10,10,10,10,10,10,3,3,3,3,5,5,2,1,1
gc,svn,qmcpack,/trunk/src/QMCWaveFunctions/Fermion/SlaterDetBuilder.cpp,clean,cpp,IssueTrue,24291,116,4741,16,5,4,5,5,5,8,7,7,7,7,8,8,4,4,3,9,9,9,8,8,7,7,8,8,6,6,6,6,6,6,6,6,6,6,6,6,9,9,9,8,9,9,7,6,6,3,3,2,5,5,5,3,5,4,4,3,3,5,5,7,5,4
gc,svn,qmcpack,/trunk/src/QMCWaveFunctions/Fermion/excitation_node.h,clean,cpp,IssueTrue,24291,116,4741,16,5,3,5,6,4,6,7,7,7,7,8,8,4,4,3,9,9,9,8,8,7,7,8,8,6,6,6,6,6,6,6,6,6,6,6,6,9,9,9,8,9,9,4,4,5,9,8,8,4,4,5,6,5,10,9,9,7,7,7,8,6,6
gc,svn,qmcpack,/trunk/src/QMCWaveFunctions/Jastrow/BsplineFunctor3D.h,clean,cpp,IssueTrue,24291,116,4741,16,8,5,9,8,3,9,10,10,9,10,10,10,7,7,6,9,9,9,9,8,7,10,10,10,10,10,10,9,9,9,9,9,9,10,9,9,9,9,9,8,9,9,6,7,9,5,6,8,4,7,7,10,8,9,9,9,9,10,10,8,10,8
gc,svn,qmcpack,/trunk/src/QMCWaveFunctions/Jastrow/JAABuilder.cpp,clean,cpp,IssueTrue,24291,116,4741,16,5,4,5,3,5,6,7,7,7,7,8,8,4,4,3,9,9,9,8,8,7,7,8,8,6,6,6,6,6,6,6,6,6,6,6,6,9,9,9,8,9,9,8,5,4,7,4,2,4,4,3,5,8,3,3,3,3,5,5,6,3,4
gc,svn,qmcpack,/trunk/src/QMCWaveFunctions/Jastrow/JastrowBuilder.cpp,clean,cpp,IssueTrue,24291,116,4741,16,6,6,6,5,7,5,7,7,7,7,8,8,4,4,3,9,9,9,8,8,7,7,8,8,6,6,6,6,6,6,6,6,6,6,6,6,9,9,9,8,9,9,6,5,7,3,3,5,5,5,5,5,5,4,4,4,8,7,7,6,5,4
gc,svn,qmcpack,/trunk/src/QMCWaveFunctions/Jastrow/PolynomialFunctor3D.h,clean,cpp,IssueTrue,24291,116,4741,16,9,7,9,8,3,8,10,10,10,10,10,10,7,7,6,9,9,9,9,8,7,10,10,10,10,10,9,9,9,9,9,9,9,10,9,9,9,9,9,8,9,9,8,9,9,7,8,8,4,6,7,9,5,10,10,10,10,9,10,10,10,9
gc,svn,qmcpack,/trunk/src/QMCWaveFunctions/Jastrow/TwoBodyJastrowOrbital.h,buggy,cpp,IssueTrue,24291,116,4741,16,8,9,9,9,6,9,7,7,7,7,8,8,4,4,3,9,9,9,8,8,7,7,8,8,6,6,6,6,6,6,6,6,6,6,6,6,9,9,9,8,9,9,5,6,9,9,8,10,4,5,8,3,5,3,3,3,3,5,5,6,4,3
gc,svn,qmcpack,/trunk/src/QMCWaveFunctions/Jastrow/eeI_JastrowOrbital.h,clean,cpp,IssueTrue,24291,116,4741,16,9,10,10,9,6,9,7,7,7,7,8,8,4,4,3,9,9,9,9,8,7,7,8,8,8,7,7,6,6,6,6,6,6,6,6,7,9,9,9,8,9,9,6,6,10,9,9,10,5,6,9,10,10,10,10,10,9,10,10,9,10,10
gc,svn,qmcpack,/trunk/src/QMCWaveFunctions/OrbitalTraits.h,clean,cpp,IssueTrue,24291,116,4741,16,4,2,3,7,5,4,7,7,7,7,8,8,4,4,3,9,9,9,8,8,7,7,8,8,6,6,6,6,6,6,6,6,6,6,6,6,9,9,9,8,9,9,3,3,5,7,10,7,2,3,3,3,9,3,3,3,6,6,5,6,4,3
gc,svn,qmcpack,/trunk/src/QMCWaveFunctions/TrialWaveFunction.cpp,clean,cpp,IssueTrue,24291,116,4741,16,8,9,8,10,6,5,7,7,7,7,8,8,4,4,3,9,9,9,8,8,7,7,8,8,6,6,6,6,6,6,6,6,6,6,6,6,9,9,9,8,9,9,4,4,9,8,7,10,5,5,9,10,10,5,5,7,7,8,8,8,7,8
gc,svn,qmcpack,/trunk/src/QMCWaveFunctions/TrialWaveFunction.h,clean,cpp,IssueTrue,24291,116,4741,16,4,6,5,5,8,3,10,10,10,10,10,10,10,10,9,9,9,9,10,10,9,10,10,10,10,10,9,10,10,10,10,10,10,10,10,10,9,9,9,10,10,10,3,3,4,3,6,4,2,3,3,7,10,6,6,6,3,5,5,6,5,5
gc,svn,qmcpack,/trunk/src/QMCWaveFunctions/WaveFunctionFactory.cpp,clean,cpp,IssueTrue,24291,116,4741,16,5,7,5,6,8,5,7,7,7,7,8,8,4,4,3,9,9,9,8,8,7,7,8,8,6,6,6,6,6,6,6,6,6,6,6,6,9,9,9,8,9,9,4,6,6,4,6,5,3,5,5,7,5,5,6,5,10,10,10,6,5,5
gc,svn,qmcpack,/trunk/src/SandBox/ci_builder.cpp,clean,cpp,IssueTrue,24291,116,4741,16,3,2,4,2,5,5,7,7,7,7,8,8,4,4,3,9,9,9,8,8,7,7,8,8,6,6,6,6,6,6,6,6,6,6,6,6,9,9,9,8,9,9,8,4,3,10,6,3,9,5,3,3,5,3,3,3,3,5,5,7,5,4
gc,svn,qmcpack,/trunk/src/config/stdlib/math.h,clean,cpp,IssueTrue,24291,116,4741,16,2,2,2,4,9,4,7,7,7,7,8,8,4,4,3,9,9,9,8,8,7,7,8,8,6,6,6,6,6,6,6,6,6,6,6,6,9,9,9,8,9,9,2,2,2,2,1,1,1,2,2,5,8,10,9,8,4,6,5,2,1,1
