Host,Vcs,Project,File,Buggy,PL,IssueTracking,TLOC,TNF,TNC,TND,LOC,CL,NStmt,NFunc,RCC,MNL,avg_WMC,max_WMC,total_WMC,avg_DIT,max_DIT,total_DIT,avg_RFC,max_RFC,total_RFC,avg_NOC,max_NOC,total_NOC,avg_CBO,max_CBO,total_CBO,avg_DIT.1,max_DIT.1,total_DIT.1,avg_NIV,max_NIV,total_NIV,avg_NIM,max_NIM,total_NIM,avg_NOM,max_NOM,total_NOM,avg_NPBM,max_NPBM,total_NPBM,avg_NPM,max_NPM,total_NPM,avg_NPRM,max_NPRM,total_NPRM,avg_CC,max_CC,total_CC,avg_FANIN,max_FANIN,total_FANIN,avg_FANOUT,max_FANOUT,total_FANOUT,NRev,NFix,avg_AddedLOC,max_AddedLOC,total_AddedLOC,avg_DeletedLOC,max_DeletedLOC,total_DeletedLOC,avg_ModifiedLOC,max_ModifiedLOC,total_ModifiedLOC
gc,svn,qmmp,/trunk/qmmp/src/plugins/CommandLineOptions/IncDecVolumeOption/incdecvolumeoption.cpp,clean,cpp,IssueTrue,19014,186,1665,7,4,3,3,4,8,7,7,7,7,7,7,5,4,4,5,9,9,9,6,6,6,7,7,5,6,6,6,6,6,6,6,6,6,6,6,6,9,10,9,8,8,9,6,7,4,3,3,3,4,4,4,2,6,3,3,3,4,4,4,3,3,3
gc,svn,qmmp,/trunk/qmmp/src/plugins/Effect/bs2b/effectbs2bfactory.cpp,clean,cpp,IssueTrue,19014,186,1665,7,3,3,2,4,9,4,7,7,7,7,7,5,4,4,5,9,9,9,6,6,6,7,7,5,6,6,6,6,6,6,6,6,6,6,6,6,9,10,9,8,8,9,3,4,3,3,2,3,5,4,4,2,6,3,3,3,4,4,4,3,3,3
gc,svn,qmmp,/trunk/qmmp/src/plugins/Effect/srconverter/effectsrconverterfactory.cpp,clean,cpp,IssueTrue,19014,186,1665,7,2,3,2,4,9,4,7,7,7,7,7,5,4,4,5,9,9,9,6,6,6,7,7,5,6,6,6,6,6,6,6,6,6,6,6,6,9,10,9,8,8,9,3,4,3,3,2,3,4,4,4,2,6,3,3,3,4,4,4,3,3,3
gc,svn,qmmp,/trunk/qmmp/src/plugins/FileDialogs/QmmpFileDialog/qmmpfiledialog.cpp,clean,cpp,IssueTrue,19014,186,1665,7,6,4,5,7,6,7,7,7,7,7,7,5,4,4,5,9,9,9,6,6,6,7,7,5,6,6,6,6,6,6,6,6,6,6,6,6,9,10,9,8,8,9,5,7,6,6,6,7,6,5,8,3,8,3,3,3,4,4,4,4,4,4
gc,svn,qmmp,/trunk/qmmp/src/plugins/FileDialogs/QmmpFileDialog/qmmpfiledialogimpl.cpp,clean,cpp,IssueTrue,19014,186,1665,7,9,6,8,8,3,9,7,7,7,7,7,5,4,4,5,9,9,9,6,6,6,7,7,5,6,6,6,6,6,6,6,6,6,6,6,6,9,10,9,8,8,9,8,9,9,6,8,8,9,9,10,5,9,5,5,5,4,4,4,3,5,5
gc,svn,qmmp,/trunk/qmmp/src/plugins/General/fileops/fileops.cpp,clean,cpp,IssueTrue,19014,186,1665,7,7,6,6,4,6,8,7,7,7,7,7,5,4,4,5,9,9,9,6,6,6,7,7,5,6,6,6,6,6,6,6,6,6,6,6,6,9,10,9,8,8,9,10,10,7,9,8,6,10,10,9,7,9,9,9,9,6,6,7,4,6,7
gc,svn,qmmp,/trunk/qmmp/src/plugins/General/fileops/fileops.h,clean,cpp,IssueTrue,19014,186,1665,7,2,4,2,1,10,4,9,9,9,9,9,7,5,5,6,9,9,9,10,9,9,9,9,7,9,9,9,7,7,7,7,7,7,6,6,7,9,10,9,10,10,10,1,2,2,2,2,2,2,1,2,3,6,5,4,5,6,5,6,5,5,5
gc,svn,qmmp,/trunk/qmmp/src/plugins/General/fileops/fileopsfactory.cpp,clean,cpp,IssueTrue,19014,186,1665,7,2,3,2,4,9,4,7,7,7,7,7,5,4,4,5,9,9,9,6,6,6,7,7,5,6,6,6,6,6,6,6,6,6,6,6,6,9,10,9,8,8,9,3,4,3,3,2,3,4,4,4,4,6,3,3,3,5,5,5,5,5,5
gc,svn,qmmp,/trunk/qmmp/src/plugins/General/fileops/settingsdialog.cpp,buggy,cpp,IssueTrue,19014,186,1665,7,7,5,6,7,5,8,7,7,7,7,7,5,4,4,5,9,9,9,6,6,6,7,7,5,6,6,6,6,6,6,6,6,6,6,6,6,9,10,9,8,8,9,6,7,6,8,9,7,9,10,9,7,9,9,9,9,5,5,5,3,5,5
gc,svn,qmmp,/trunk/qmmp/src/plugins/General/hal/halfactory.cpp,clean,cpp,IssueTrue,19014,186,1665,7,3,3,2,4,9,4,7,7,7,7,7,5,4,4,5,9,9,9,6,6,6,7,7,5,6,6,6,6,6,6,6,6,6,6,6,6,9,10,9,8,8,9,3,4,3,3,2,3,4,4,4,2,6,3,3,3,4,4,4,3,3,3
gc,svn,qmmp,/trunk/qmmp/src/plugins/General/hotkey/hotkeyfactory.cpp,clean,cpp,IssueTrue,19014,186,1665,7,3,3,2,4,9,4,7,7,7,7,7,5,4,4,5,9,9,9,6,6,6,7,7,5,6,6,6,6,6,6,6,6,6,6,6,6,9,10,9,8,8,9,3,4,3,3,2,3,4,4,4,2,6,3,3,3,4,4,4,3,3,3
gc,svn,qmmp,/trunk/qmmp/src/plugins/General/hotkey/hotkeymanager.cpp,buggy,cpp,IssueTrue,19014,186,1665,7,8,6,7,6,5,10,7,7,7,7,7,5,4,4,5,9,9,9,6,6,6,7,7,5,6,6,6,6,6,6,6,6,6,6,6,6,9,10,9,8,8,9,9,10,8,9,9,7,9,9,8,2,6,6,5,4,4,4,4,3,3,3
gc,svn,qmmp,/trunk/qmmp/src/plugins/General/lyrics/lyricsfactory.cpp,clean,cpp,IssueTrue,19014,186,1665,7,3,3,2,4,9,4,7,7,7,7,7,5,4,4,5,9,9,9,6,6,6,7,7,5,6,6,6,6,6,6,6,6,6,6,6,6,9,10,9,8,8,9,3,4,3,3,2,3,4,4,4,3,6,3,3,3,4,4,4,3,3,4
gc,svn,qmmp,/trunk/qmmp/src/plugins/General/lyrics/lyricswindow.cpp,buggy,cpp,IssueTrue,19014,186,1665,7,5,4,4,4,7,7,7,7,7,7,7,5,4,4,5,9,9,9,6,6,6,7,7,5,6,6,6,6,6,6,6,6,6,6,6,6,9,10,9,8,8,9,9,9,6,10,8,7,9,8,7,5,9,8,8,8,9,9,8,7,8,7
gc,svn,qmmp,/trunk/qmmp/src/plugins/General/lyrics/lyricswindow.h,clean,cpp,IssueTrue,19014,186,1665,7,1,4,1,1,10,4,9,8,8,9,9,7,5,5,6,9,9,9,8,7,8,9,9,7,9,9,8,8,8,7,8,7,7,6,6,7,9,10,9,10,10,10,1,2,2,2,2,2,2,1,2,2,6,3,3,3,6,5,5,2,2,2
gc,svn,qmmp,/trunk/qmmp/src/plugins/General/mpris/mprisfactory.cpp,clean,cpp,IssueTrue,19014,186,1665,7,2,3,2,4,9,4,7,7,7,7,7,5,4,4,5,9,9,9,6,6,6,7,7,5,6,6,6,6,6,6,6,6,6,6,6,6,9,10,9,8,8,9,3,4,3,2,2,3,4,4,4,2,6,3,3,3,4,4,4,3,3,3
gc,svn,qmmp,/trunk/qmmp/src/plugins/General/notifier/notifierfactory.cpp,clean,cpp,IssueTrue,19014,186,1665,7,2,3,2,4,9,4,7,7,7,7,7,5,4,4,5,9,9,9,6,6,6,7,7,5,6,6,6,6,6,6,6,6,6,6,6,6,9,10,9,8,8,9,3,4,3,3,2,3,4,4,4,2,6,3,3,3,4,4,4,3,3,3
gc,svn,qmmp,/trunk/qmmp/src/plugins/General/notifier/popupwidget.cpp,buggy,cpp,IssueTrue,19014,186,1665,7,6,4,5,5,6,7,7,7,7,7,7,5,4,4,5,9,9,9,6,6,6,7,7,5,6,6,6,6,6,6,6,6,6,6,6,6,9,10,9,8,8,9,8,8,5,8,8,6,10,9,8,6,8,7,6,7,7,8,7,7,7,7
gc,svn,qmmp,/trunk/qmmp/src/plugins/General/notifier/popupwidget.h,buggy,cpp,IssueTrue,19014,186,1665,7,2,4,2,1,9,4,9,8,8,9,9,7,5,5,6,9,9,9,9,8,8,9,9,7,9,9,9,8,8,7,8,7,7,6,6,6,10,10,9,10,10,10,1,2,2,2,2,2,2,1,2,3,4,3,3,3,5,5,5,2,2,2
gc,svn,qmmp,/trunk/qmmp/src/plugins/General/notifier/settingsdialog.cpp,buggy,cpp,IssueTrue,19014,186,1665,7,4,3,4,4,8,7,7,7,7,7,7,5,4,4,5,9,9,9,6,6,6,7,7,5,6,6,6,6,6,6,6,6,6,6,6,6,9,10,9,8,8,9,6,6,4,10,10,7,10,9,7,2,4,3,3,3,4,4,4,3,3,3
gc,svn,qmmp,/trunk/qmmp/src/plugins/General/scrobbler/scrobbler.cpp,buggy,cpp,IssueTrue,19014,186,1665,7,9,6,8,9,4,9,7,7,7,7,7,5,4,4,5,9,9,9,6,6,6,7,7,5,6,6,6,6,6,6,6,6,6,6,6,6,9,10,9,8,8,9,8,10,9,9,9,9,9,10,10,7,9,5,5,6,7,8,8,8,8,8
gc,svn,qmmp,/trunk/qmmp/src/plugins/General/scrobbler/scrobbler.h,buggy,cpp,IssueTrue,19014,186,1665,7,4,4,4,1,8,4,9,10,9,7,9,7,6,7,7,9,9,9,8,9,9,7,9,7,10,10,10,9,9,9,9,9,9,9,9,9,9,10,9,10,10,10,1,2,2,2,2,2,2,1,2,4,8,4,5,5,6,6,6,5,5,5
gc,svn,qmmp,/trunk/qmmp/src/plugins/General/scrobbler/scrobblerfactory.cpp,clean,cpp,IssueTrue,19014,186,1665,7,2,3,2,4,9,4,7,7,7,7,7,5,4,4,5,9,9,9,6,6,6,7,7,5,6,6,6,6,6,6,6,6,6,6,6,6,9,10,9,8,8,9,3,4,3,3,2,3,4,4,4,5,9,3,3,3,4,4,4,4,5,5
gc,svn,qmmp,/trunk/qmmp/src/plugins/General/scrobbler/settingsdialog.cpp,clean,cpp,IssueTrue,19014,186,1665,7,2,3,2,3,9,4,7,7,7,7,7,5,4,4,5,9,9,9,6,6,6,7,7,5,6,6,6,6,6,6,6,6,6,6,6,6,9,10,9,8,8,9,3,4,3,9,7,5,7,5,5,3,8,4,4,4,6,6,6,7,7,6
gc,svn,qmmp,/trunk/qmmp/src/plugins/General/statusicon/statusiconfactory.cpp,buggy,cpp,IssueTrue,19014,186,1665,7,2,3,2,4,9,4,7,7,7,7,7,5,4,4,5,9,9,9,6,6,6,7,7,5,6,6,6,6,6,6,6,6,6,6,6,6,9,10,9,8,8,9,3,4,3,3,2,3,4,4,4,2,6,3,3,3,4,4,4,3,3,3
gc,svn,qmmp,/trunk/qmmp/src/plugins/Input/aac/decoder_aac.cpp,clean,cpp,IssueTrue,19014,186,1665,7,7,4,5,5,6,8,7,7,7,7,7,5,4,4,5,9,9,9,6,6,6,7,7,5,6,6,6,6,6,6,6,6,6,6,6,6,9,10,9,8,8,9,8,9,6,4,6,4,8,9,7,3,6,3,3,3,4,4,4,5,5,5
gc,svn,qmmp,/trunk/qmmp/src/plugins/Input/aac/decoderaacfactory.cpp,clean,cpp,IssueTrue,19014,186,1665,7,4,4,3,6,8,8,7,7,7,7,7,5,4,4,5,9,9,9,6,6,6,7,7,5,6,6,6,6,6,6,6,6,6,6,6,6,9,10,9,8,8,9,4,7,5,3,4,4,4,4,6,3,8,3,3,3,6,6,6,6,6,5
gc,svn,qmmp,/trunk/qmmp/src/plugins/Input/cdaudio/decoder_cdaudio.cpp,buggy,cpp,IssueTrue,19014,186,1665,7,8,7,7,6,6,9,7,7,7,7,7,5,4,4,5,9,9,9,6,6,6,7,7,5,6,6,6,6,6,6,6,6,6,6,6,6,9,10,9,8,8,9,9,10,8,7,7,7,9,10,9,2,4,3,3,3,7,6,6,6,5,5
gc,svn,qmmp,/trunk/qmmp/src/plugins/Input/cdaudio/decoder_cdaudio.h,buggy,cpp,IssueTrue,19014,186,1665,7,3,4,2,2,10,4,9,9,9,7,9,7,7,9,8,9,9,9,7,7,8,7,9,7,9,9,10,7,8,8,7,8,8,8,9,9,9,10,9,8,8,9,3,4,2,3,2,2,4,3,2,2,4,5,4,4,7,6,6,3,3,3
gc,svn,qmmp,/trunk/qmmp/src/plugins/Input/cdaudio/decodercdaudiofactory.cpp,buggy,cpp,IssueTrue,19014,186,1665,7,4,4,3,6,8,4,7,7,7,7,7,5,4,4,5,9,9,9,6,6,6,7,7,5,6,6,6,6,6,6,6,6,6,6,6,6,9,10,9,8,8,9,3,4,4,3,4,4,4,4,6,2,6,3,3,3,6,5,5,6,5,5
gc,svn,qmmp,/trunk/qmmp/src/plugins/Input/cue/cueparser.cpp,buggy,cpp,IssueTrue,19014,186,1665,7,8,5,6,6,5,9,7,7,7,7,7,5,4,4,5,9,9,9,6,6,6,7,7,5,6,6,6,6,6,6,6,6,6,6,6,6,9,10,9,8,8,9,9,10,8,7,10,7,7,10,8,7,10,5,6,7,4,4,4,3,5,6
gc,svn,qmmp,/trunk/qmmp/src/plugins/Input/cue/cueparser.h,buggy,cpp,IssueTrue,19014,186,1665,7,2,4,2,1,10,4,10,10,10,7,7,5,9,9,8,9,9,9,9,8,8,7,7,5,9,9,8,10,10,10,10,10,10,10,10,10,9,10,9,10,10,10,1,2,2,2,2,2,2,1,2,3,6,4,4,4,4,4,4,3,3,4
gc,svn,qmmp,/trunk/qmmp/src/plugins/Input/cue/decoder_cue.cpp,buggy,cpp,IssueTrue,19014,186,1665,7,7,4,6,6,6,8,7,7,7,7,7,5,4,4,5,9,9,9,6,6,6,7,7,5,6,6,6,6,6,6,6,6,6,6,6,6,9,10,9,8,8,9,8,9,7,3,3,3,8,9,8,9,10,8,9,9,10,10,10,8,9,9
gc,svn,qmmp,/trunk/qmmp/src/plugins/Input/cue/decodercuefactory.cpp,buggy,cpp,IssueTrue,19014,186,1665,7,4,4,3,6,8,4,7,7,7,7,7,5,4,4,5,9,9,9,6,6,6,7,7,5,6,6,6,6,6,6,6,6,6,6,6,6,9,10,9,8,8,9,3,4,4,3,3,4,5,5,6,4,8,4,4,4,5,5,6,6,6,6
gc,svn,qmmp,/trunk/qmmp/src/plugins/Input/ffmpeg/decoder_ffmpeg.cpp,buggy,cpp,IssueTrue,19014,186,1665,7,7,4,6,6,5,10,7,7,7,7,7,5,4,4,5,9,9,9,6,6,6,7,7,5,6,6,6,6,6,6,6,6,6,6,6,6,9,10,9,8,8,9,9,9,7,10,9,8,8,8,8,7,9,8,8,8,10,10,10,9,8,9
gc,svn,qmmp,/trunk/qmmp/src/plugins/Input/ffmpeg/decoder_ffmpeg.h,buggy,cpp,IssueTrue,19014,186,1665,7,2,4,2,1,10,4,9,9,9,9,9,7,9,9,8,9,9,9,6,6,7,9,9,7,10,10,10,9,8,8,8,8,8,9,8,8,9,10,9,9,9,9,1,2,2,2,2,2,2,1,2,5,8,4,4,4,5,6,6,4,4,5
gc,svn,qmmp,/trunk/qmmp/src/plugins/Input/ffmpeg/decoderffmpegfactory.cpp,buggy,cpp,IssueTrue,19014,186,1665,7,5,4,4,6,7,7,7,7,7,7,7,5,4,4,5,9,9,9,6,6,6,7,7,5,6,6,6,6,6,6,6,6,6,6,6,6,9,10,9,8,8,9,4,7,5,7,9,6,6,6,7,4,9,4,4,4,6,6,6,5,6,5
gc,svn,qmmp,/trunk/qmmp/src/plugins/Input/flac/cueparser.cpp,clean,cpp,IssueTrue,19014,186,1665,7,7,5,6,6,6,9,7,7,7,7,7,5,4,4,5,9,9,9,6,6,6,7,7,5,6,6,6,6,6,6,6,6,6,6,6,6,9,10,9,8,8,9,8,10,7,9,8,8,6,8,7,6,9,4,5,5,4,4,4,4,5,6
gc,svn,qmmp,/trunk/qmmp/src/plugins/Input/flac/decoder_flac.cpp,buggy,cpp,IssueTrue,19014,186,1665,7,9,6,8,8,3,10,7,7,7,7,7,5,4,4,5,9,9,9,6,6,6,7,7,5,6,6,6,6,6,6,6,6,6,6,6,6,9,10,9,8,8,9,8,10,9,9,8,9,8,10,10,8,10,8,9,9,10,10,10,7,8,8
gc,svn,qmmp,/trunk/qmmp/src/plugins/Input/flac/decoder_flac.h,buggy,cpp,IssueTrue,19014,186,1665,7,4,6,3,2,9,4,9,9,9,7,9,7,7,9,8,9,9,9,8,8,9,7,9,7,10,10,10,8,9,8,7,8,8,8,9,9,9,10,9,9,9,9,3,4,2,10,9,5,2,2,2,5,6,6,6,6,7,7,7,3,6,5
gc,svn,qmmp,/trunk/qmmp/src/plugins/Input/flac/decoderflacfactory.cpp,buggy,cpp,IssueTrue,19014,186,1665,7,5,4,4,6,7,9,7,7,7,7,7,5,4,4,5,9,9,9,6,6,6,7,7,5,6,6,6,6,6,6,6,6,6,6,6,6,9,10,9,8,8,9,6,9,6,3,4,4,7,9,7,4,8,6,6,6,7,7,7,6,6,6
gc,svn,qmmp,/trunk/qmmp/src/plugins/Input/mad/decoder_mad.cpp,buggy,cpp,IssueTrue,19014,186,1665,7,9,3,8,7,2,9,7,7,7,7,7,5,4,4,5,9,9,9,6,6,6,7,7,5,6,6,6,6,6,6,6,6,6,6,6,6,9,10,9,8,8,9,9,10,9,9,9,9,9,9,10,7,9,6,8,8,10,10,10,9,10,10
gc,svn,qmmp,/trunk/qmmp/src/plugins/Input/mad/decoder_mad.h,clean,cpp,IssueTrue,19014,186,1665,7,3,2,3,1,6,4,10,10,9,9,9,7,9,10,8,9,9,9,9,9,9,9,9,7,10,10,10,9,9,8,9,9,8,9,8,8,9,10,9,10,10,10,1,2,2,2,2,2,2,1,2,5,9,4,4,4,6,6,6,3,5,5
gc,svn,qmmp,/trunk/qmmp/src/plugins/Input/mad/decodermadfactory.cpp,clean,cpp,IssueTrue,19014,186,1665,7,8,4,6,6,5,10,7,7,7,7,7,5,4,4,5,9,9,9,6,6,6,7,7,5,6,6,6,6,6,6,6,6,6,6,6,6,9,10,9,8,8,9,8,10,7,5,7,5,8,9,8,6,8,5,6,6,5,6,6,3,5,6
gc,svn,qmmp,/trunk/qmmp/src/plugins/Input/mad/decodermadfactory.h,clean,cpp,IssueTrue,19014,186,1665,7,1,3,2,1,10,4,9,9,9,9,9,7,8,8,7,9,9,9,10,10,10,9,9,7,6,6,6,9,8,8,9,8,8,9,9,8,9,10,9,9,9,9,1,2,2,2,2,2,2,1,2,3,6,3,3,3,4,4,4,3,3,4
gc,svn,qmmp,/trunk/qmmp/src/plugins/Input/mad/mpegmetadatamodel.cpp,buggy,cpp,IssueTrue,19014,186,1665,7,8,4,7,7,4,9,7,7,7,7,7,5,4,4,5,9,9,9,6,6,6,7,7,5,6,6,6,6,6,6,6,6,6,6,6,6,9,10,9,8,8,9,10,10,9,9,9,8,8,9,9,3,8,4,4,4,7,7,7,8,8,7
gc,svn,qmmp,/trunk/qmmp/src/plugins/Input/mad/mpegmetadatamodel.h,clean,cpp,IssueTrue,19014,186,1665,7,2,4,2,1,9,4,9,10,9,9,10,9,7,8,8,9,9,9,9,9,9,9,10,9,8,9,9,8,9,9,8,8,9,8,9,9,9,10,9,9,10,10,1,2,2,2,2,2,2,1,2,3,8,4,3,4,5,5,5,2,3,3
gc,svn,qmmp,/trunk/qmmp/src/plugins/Input/modplug/decoder_modplug.cpp,clean,cpp,IssueTrue,19014,186,1665,7,7,6,5,6,6,10,7,7,7,7,7,5,4,4,5,9,9,9,6,6,6,7,7,5,6,6,6,6,6,6,6,6,6,6,6,6,9,10,9,8,8,9,7,9,7,3,3,3,6,7,7,3,4,3,3,3,5,5,5,7,7,6
gc,svn,qmmp,/trunk/qmmp/src/plugins/Input/modplug/decodermodplugfactory.cpp,clean,cpp,IssueTrue,19014,186,1665,7,6,4,4,6,7,8,7,7,7,7,7,5,4,4,5,9,9,9,6,6,6,7,7,5,6,6,6,6,6,6,6,6,6,6,6,6,9,10,9,8,8,9,5,7,5,4,5,5,7,8,7,2,6,3,3,3,7,6,6,7,6,5
gc,svn,qmmp,/trunk/qmmp/src/plugins/Input/mpc/decoder_mpc.cpp,clean,cpp,IssueTrue,19014,186,1665,7,7,4,5,7,5,8,7,7,7,7,7,5,4,4,5,9,9,9,6,6,6,7,7,5,6,6,6,6,6,6,6,6,6,6,6,6,9,10,9,8,8,9,6,8,7,6,7,7,5,8,7,2,6,3,3,3,6,5,5,6,5,5
gc,svn,qmmp,/trunk/qmmp/src/plugins/Input/mpc/decodermpcfactory.cpp,clean,cpp,IssueTrue,19014,186,1665,7,5,4,4,6,8,8,7,7,7,7,7,5,4,4,5,9,9,9,6,6,6,7,7,5,6,6,6,6,6,6,6,6,6,6,6,6,9,10,9,8,8,9,5,8,5,5,8,5,6,8,7,3,8,6,6,5,7,6,6,6,6,6
gc,svn,qmmp,/trunk/qmmp/src/plugins/Input/sndfile/decoder_sndfile.cpp,clean,cpp,IssueTrue,19014,186,1665,7,4,4,3,5,8,7,7,7,7,7,7,5,4,4,5,9,9,9,6,6,6,7,7,5,6,6,6,6,6,6,6,6,6,6,6,6,9,10,9,8,8,9,4,6,4,3,5,4,4,5,5,2,4,3,3,3,4,4,4,6,5,5
gc,svn,qmmp,/trunk/qmmp/src/plugins/Input/sndfile/decodersndfilefactory.cpp,clean,cpp,IssueTrue,19014,186,1665,7,6,4,4,6,6,8,7,7,7,7,7,5,4,4,5,9,9,9,6,6,6,7,7,5,6,6,6,6,6,6,6,6,6,6,6,6,9,10,9,8,8,9,6,8,6,3,7,4,6,6,7,2,6,3,3,3,8,6,6,7,6,5
gc,svn,qmmp,/trunk/qmmp/src/plugins/Input/vorbis/decoder_vorbis.cpp,buggy,cpp,IssueTrue,19014,186,1665,7,8,2,6,7,2,8,7,7,7,7,7,5,4,4,5,9,9,9,6,6,6,7,7,5,6,6,6,6,6,6,6,6,6,6,6,6,9,10,9,8,8,9,8,10,8,6,6,7,6,7,8,6,9,5,5,5,10,10,10,8,8,8
gc,svn,qmmp,/trunk/qmmp/src/plugins/Input/vorbis/decoder_vorbis.h,buggy,cpp,IssueTrue,19014,186,1665,7,2,2,2,1,9,4,9,9,9,9,9,7,9,9,8,9,9,9,8,7,8,9,9,7,10,9,9,9,8,8,8,8,8,8,8,8,9,10,9,10,10,10,1,2,2,2,2,2,2,1,2,2,6,3,3,3,4,4,4,6,5,4
gc,svn,qmmp,/trunk/qmmp/src/plugins/Input/vorbis/decodervorbisfactory.cpp,buggy,cpp,IssueTrue,19014,186,1665,7,5,4,4,6,7,8,7,7,7,7,7,5,4,4,5,9,9,9,6,6,6,7,7,5,6,6,6,6,6,6,6,6,6,6,6,6,9,10,9,8,8,9,6,9,5,4,5,4,6,8,7,4,8,7,6,6,8,7,7,5,6,6
gc,svn,qmmp,/trunk/qmmp/src/plugins/Input/vorbis/vorbismetadatamodel.cpp,buggy,cpp,IssueTrue,19014,186,1665,7,6,3,5,6,6,8,7,7,7,7,7,5,4,4,5,9,9,9,6,6,6,7,7,5,6,6,6,6,6,6,6,6,6,6,6,6,9,10,9,8,8,9,9,10,7,5,5,5,7,7,8,3,8,4,4,4,9,8,7,2,3,3
gc,svn,qmmp,/trunk/qmmp/src/plugins/Input/vorbis/vorbismetadatamodel.h,buggy,cpp,IssueTrue,19014,186,1665,7,2,4,2,1,10,4,7,7,7,9,10,9,6,8,7,9,9,9,7,7,8,9,10,9,8,8,9,7,8,8,7,7,8,7,8,8,9,10,9,9,10,10,1,2,2,2,2,2,2,1,2,4,8,3,3,3,6,6,6,3,5,4
gc,svn,qmmp,/trunk/qmmp/src/plugins/Input/wavpack/cueparser.cpp,clean,cpp,IssueTrue,19014,186,1665,7,7,5,6,6,6,9,7,7,7,7,7,5,4,4,5,9,9,9,6,6,6,7,7,5,6,6,6,6,6,6,6,6,6,6,6,6,9,10,9,8,8,9,8,10,7,6,8,6,6,8,7,6,9,4,5,5,4,4,4,4,5,6
gc,svn,qmmp,/trunk/qmmp/src/plugins/Input/wavpack/decoder_wavpack.cpp,buggy,cpp,IssueTrue,19014,186,1665,7,8,5,6,6,5,9,7,7,7,7,7,5,4,4,5,9,9,9,6,6,6,7,7,5,6,6,6,6,6,6,6,6,6,6,6,6,9,10,9,8,8,9,8,9,7,8,7,7,9,10,9,6,9,9,9,9,10,10,10,8,9,9
gc,svn,qmmp,/trunk/qmmp/src/plugins/Input/wavpack/decoder_wavpack.h,buggy,cpp,IssueTrue,19014,186,1665,7,3,5,3,1,10,4,9,9,9,9,9,7,9,9,8,9,9,9,8,7,8,9,9,7,10,10,10,9,9,8,9,8,8,9,9,8,9,10,9,9,9,9,1,2,2,2,2,2,2,1,2,2,6,8,6,5,8,6,6,8,7,6
gc,svn,qmmp,/trunk/qmmp/src/plugins/Input/wavpack/decoderwavpackfactory.cpp,buggy,cpp,IssueTrue,19014,186,1665,7,6,4,5,6,6,8,7,7,7,7,7,5,4,4,5,9,9,9,6,6,6,7,7,5,6,6,6,6,6,6,6,6,6,6,6,6,9,10,9,8,8,9,5,8,5,3,3,4,6,7,7,3,6,5,5,4,7,6,6,5,6,5
gc,svn,qmmp,/trunk/qmmp/src/plugins/Input/wavpack/wavpackmetadatamodel.cpp,buggy,cpp,IssueTrue,19014,186,1665,7,6,3,5,6,5,7,7,7,7,7,7,5,4,4,5,9,9,9,6,6,6,7,7,5,6,6,6,6,6,6,6,6,6,6,6,6,9,10,9,8,8,9,8,9,7,4,5,5,5,6,7,2,4,3,3,3,7,6,6,3,3,3
gc,svn,qmmp,/trunk/qmmp/src/plugins/Output/alsa/outputalsa.cpp,clean,cpp,IssueTrue,19014,186,1665,7,9,8,8,8,4,8,7,7,7,7,7,5,4,4,5,9,9,9,6,6,6,7,7,5,6,6,6,6,6,6,6,6,6,6,6,6,9,10,9,8,8,9,9,10,9,4,5,6,8,9,9,5,6,4,4,4,5,5,5,2,3,4
gc,svn,qmmp,/trunk/qmmp/src/plugins/Output/alsa/outputalsafactory.cpp,clean,cpp,IssueTrue,19014,186,1665,7,3,3,2,5,9,4,7,7,7,7,7,5,4,4,5,9,9,9,6,6,6,7,7,5,6,6,6,6,6,6,6,6,6,6,6,6,9,10,9,8,8,9,3,4,3,3,2,3,4,4,5,3,6,3,3,3,4,4,4,3,3,4
gc,svn,qmmp,/trunk/qmmp/src/plugins/Output/alsa/settingsdialog.cpp,buggy,cpp,IssueTrue,19014,186,1665,7,8,3,6,6,4,9,7,7,7,7,7,5,4,4,5,9,9,9,6,6,6,7,7,5,6,6,6,6,6,6,6,6,6,6,6,6,9,10,9,8,8,9,9,9,7,8,8,7,9,9,9,2,6,4,3,3,4,4,4,3,3,3
gc,svn,qmmp,/trunk/qmmp/src/plugins/Output/jack/outputjack.cpp,clean,cpp,IssueTrue,19014,186,1665,7,4,3,3,5,8,8,7,7,7,7,7,5,4,4,5,9,9,9,6,6,6,7,7,5,6,6,6,6,6,6,6,6,6,6,6,6,9,10,9,8,8,9,6,7,5,5,5,5,5,4,5,4,8,4,5,5,5,5,5,2,3,3
gc,svn,qmmp,/trunk/qmmp/src/plugins/Output/jack/outputjackfactory.cpp,clean,cpp,IssueTrue,19014,186,1665,7,3,3,2,5,9,4,7,7,7,7,7,5,4,4,5,9,9,9,6,6,6,7,7,5,6,6,6,6,6,6,6,6,6,6,6,6,9,10,9,8,8,9,3,4,3,2,2,3,4,4,4,3,6,5,5,5,5,5,5,4,4,4
gc,svn,qmmp,/trunk/qmmp/src/plugins/Output/oss/outputoss.cpp,clean,cpp,IssueTrue,19014,186,1665,7,8,6,7,8,5,8,7,7,7,7,7,5,4,4,5,9,9,9,6,6,6,7,7,5,6,6,6,6,6,6,6,6,6,6,6,6,9,10,9,8,8,9,8,9,8,6,7,8,6,6,9,3,6,4,4,4,6,5,6,6,6,6
gc,svn,qmmp,/trunk/qmmp/src/plugins/Output/oss/outputoss.h,clean,cpp,IssueTrue,19014,186,1665,7,3,5,3,2,9,4,9,9,9,10,10,9,9,10,9,9,9,9,8,8,9,10,10,9,10,10,10,9,9,9,9,9,9,6,6,6,9,10,9,10,10,10,3,4,2,2,2,2,2,1,2,2,6,3,3,3,4,4,4,3,3,3
gc,svn,qmmp,/trunk/qmmp/src/plugins/Output/oss/outputossfactory.cpp,clean,cpp,IssueTrue,19014,186,1665,7,3,3,2,5,9,4,7,7,7,7,7,5,4,4,5,9,9,9,6,6,6,7,7,5,6,6,6,6,6,6,6,6,6,6,6,6,9,10,9,8,8,9,3,4,3,3,2,3,4,4,5,4,6,5,5,5,7,7,7,5,5,5
gc,svn,qmmp,/trunk/qmmp/src/plugins/Output/pulseaudio/outputpulseaudio.cpp,clean,cpp,IssueTrue,19014,186,1665,7,5,5,4,5,8,7,7,7,7,7,7,5,4,4,5,9,9,9,6,6,6,7,7,5,6,6,6,6,6,6,6,6,6,6,6,6,9,10,9,8,8,9,7,8,6,4,5,5,5,5,6,3,6,3,3,3,5,5,5,3,4,4
gc,svn,qmmp,/trunk/qmmp/src/plugins/Output/pulseaudio/outputpulseaudiofactory.cpp,clean,cpp,IssueTrue,19014,186,1665,7,3,3,2,5,9,4,7,7,7,7,7,5,4,4,5,9,9,9,6,6,6,7,7,5,6,6,6,6,6,6,6,6,6,6,6,6,9,10,9,8,8,9,3,4,3,3,2,3,4,4,4,4,8,3,3,3,4,4,4,3,4,5
gc,svn,qmmp,/trunk/qmmp/src/plugins/Output/waveout/outputwaveout.cpp,buggy,cpp,IssueTrue,19014,186,1665,7,7,6,6,6,7,9,7,7,7,7,7,5,4,4,5,9,9,9,6,6,6,7,7,5,6,6,6,6,6,6,6,6,6,6,6,6,9,10,9,8,8,9,8,9,7,7,7,7,6,7,8,3,6,8,7,7,10,9,9,10,9,9
gc,svn,qmmp,/trunk/qmmp/src/plugins/Output/waveout/outputwaveout.h,buggy,cpp,IssueTrue,19014,186,1665,7,1,5,2,1,10,4,9,9,8,10,10,8,10,10,8,9,9,9,6,6,7,10,10,8,7,7,7,9,8,8,8,8,8,6,6,6,9,10,9,10,10,10,1,2,2,2,2,2,2,1,2,2,4,3,3,3,8,7,6,3,3,3
gc,svn,qmmp,/trunk/qmmp/src/plugins/Output/waveout/outputwaveoutfactory.cpp,clean,cpp,IssueTrue,19014,186,1665,7,3,3,2,5,9,4,7,7,7,7,7,5,4,4,5,9,9,9,6,6,6,7,7,5,6,6,6,6,6,6,6,6,6,6,6,6,9,10,9,8,8,9,3,4,3,3,2,3,4,4,4,6,8,3,3,4,4,4,4,3,4,5
gc,svn,qmmp,/trunk/qmmp/src/plugins/Transports/http/httpinputfactory.cpp,clean,cpp,IssueTrue,19014,186,1665,7,1,3,1,3,10,4,7,7,7,7,7,5,4,4,5,9,9,9,6,6,6,7,7,5,6,6,6,6,6,6,6,6,6,6,6,6,9,10,9,8,8,9,3,4,2,3,3,2,3,3,2,2,6,3,3,3,6,5,5,3,3,3
gc,svn,qmmp,/trunk/qmmp/src/plugins/Visual/analyzer/analyzer.cpp,buggy,cpp,IssueTrue,19014,186,1665,7,8,4,7,6,4,9,7,7,7,7,7,5,4,4,5,9,9,9,6,6,6,7,7,5,6,6,6,6,6,6,6,6,6,6,6,6,9,10,9,8,8,9,10,10,8,9,8,8,7,9,8,2,6,7,5,5,10,8,8,10,9,8
gc,svn,qmmp,/trunk/qmmp/src/plugins/Visual/analyzer/visualanalyzerfactory.cpp,clean,cpp,IssueTrue,19014,186,1665,7,2,3,2,4,9,4,7,7,7,7,7,5,4,4,5,9,9,9,6,6,6,7,7,5,6,6,6,6,6,6,6,6,6,6,6,6,9,10,9,8,8,9,3,4,3,3,2,3,4,4,4,2,6,3,3,3,4,4,4,7,6,5
gc,svn,qmmp,/trunk/qmmp/src/plugins/Visual/projectm/projectmplugin.cpp,clean,cpp,IssueTrue,19014,186,1665,7,2,4,2,4,10,7,7,7,7,7,7,5,4,4,5,9,9,9,6,6,6,7,7,5,6,6,6,6,6,6,6,6,6,6,6,6,9,10,9,8,8,9,4,6,3,4,5,3,5,5,4,2,4,3,3,3,6,5,5,2,2,2
gc,svn,qmmp,/trunk/qmmp/src/plugins/Visual/projectm/visualprojectmfactory.cpp,clean,cpp,IssueTrue,19014,186,1665,7,3,3,2,4,9,4,7,7,7,7,7,5,4,4,5,9,9,9,6,6,6,7,7,5,6,6,6,6,6,6,6,6,6,6,6,6,9,10,9,8,8,9,3,4,3,3,2,3,4,4,4,3,8,3,3,3,4,4,4,6,6,5
gc,svn,qmmp,/trunk/qmmp/src/qmmp/abstractengine.cpp,buggy,cpp,IssueTrue,19014,186,1665,7,4,4,3,4,8,8,7,7,7,7,7,5,4,4,5,9,9,9,6,6,6,7,7,5,6,6,6,6,6,6,6,6,6,6,6,6,9,10,9,8,8,9,6,8,4,9,8,6,7,8,6,2,4,10,9,8,4,4,4,2,2,2
gc,svn,qmmp,/trunk/qmmp/src/qmmp/abstractengine.h,buggy,cpp,IssueTrue,19014,186,1665,7,2,9,2,1,10,4,8,8,8,9,9,7,6,7,6,10,10,10,9,8,8,9,9,7,9,9,8,9,9,8,9,9,8,6,6,6,10,10,9,10,10,10,1,2,2,2,2,2,2,1,2,4,8,5,5,5,9,9,8,5,6,6
gc,svn,qmmp,/trunk/qmmp/src/qmmp/audioparameters.cpp,clean,cpp,IssueTrue,19014,186,1665,7,3,1,3,6,1,4,7,7,7,7,7,5,4,4,5,9,9,9,6,6,6,7,7,5,6,6,6,6,6,6,6,6,6,6,6,6,9,10,9,8,8,9,3,4,4,9,8,8,4,4,6,2,6,3,3,3,4,4,4,3,3,3
gc,svn,qmmp,/trunk/qmmp/src/qmmp/decoder.cpp,clean,cpp,IssueTrue,19014,186,1665,7,8,2,6,8,2,9,7,7,7,7,7,5,4,4,5,9,9,9,6,6,6,7,7,5,6,6,6,6,6,6,6,6,6,6,6,6,9,10,9,8,8,9,7,8,8,10,9,9,7,8,9,9,10,9,10,10,10,10,10,6,8,8
gc,svn,qmmp,/trunk/qmmp/src/qmmp/decoder.h,clean,cpp,IssueTrue,19014,186,1665,7,3,9,3,1,10,4,10,9,9,7,7,5,9,9,7,10,10,10,10,9,9,7,7,5,8,8,7,9,9,8,10,10,9,10,10,10,10,10,9,9,9,9,1,2,2,2,2,2,2,1,2,7,9,7,8,8,10,10,10,5,7,7
gc,svn,qmmp,/trunk/qmmp/src/qmmp/decoderfactory.h,clean,cpp,IssueTrue,19014,186,1665,7,3,9,3,3,10,4,7,7,7,7,7,5,5,6,6,10,10,10,8,8,9,7,7,5,9,10,10,8,8,8,7,8,8,8,9,9,9,10,9,8,8,9,3,4,2,2,2,2,7,5,4,3,6,3,3,3,7,6,6,3,3,4
gc,svn,qmmp,/trunk/qmmp/src/qmmp/fileinfo.cpp,buggy,cpp,IssueTrue,19014,186,1665,7,5,4,3,8,7,7,7,7,7,7,7,5,4,4,5,9,9,9,6,6,6,7,7,5,6,6,6,6,6,6,6,6,6,6,6,6,9,10,9,8,8,9,3,6,6,3,3,5,3,4,6,2,6,5,4,4,4,4,4,2,2,2
gc,svn,qmmp,/trunk/qmmp/src/qmmp/inputsource.cpp,buggy,cpp,IssueTrue,19014,186,1665,7,5,4,3,4,8,8,7,7,7,7,7,5,4,4,5,9,9,9,6,6,6,7,7,5,6,6,6,6,6,6,6,6,6,6,6,6,9,10,9,8,8,9,7,8,5,8,6,5,8,7,6,3,9,9,9,8,9,7,7,9,8,7
gc,svn,qmmp,/trunk/qmmp/src/qmmp/inputsource.h,buggy,cpp,IssueTrue,19014,186,1665,7,2,5,2,1,10,4,8,8,8,9,9,7,6,6,6,10,10,10,9,8,8,9,9,7,8,8,8,8,8,8,9,8,8,6,6,6,9,10,9,10,10,10,1,2,2,2,2,2,2,1,2,3,9,7,6,6,5,5,5,6,6,5
gc,svn,qmmp,/trunk/qmmp/src/qmmp/metadatamodel.cpp,clean,cpp,IssueTrue,19014,186,1665,7,2,3,1,4,10,4,7,7,7,7,7,5,4,4,5,9,9,9,6,6,6,7,7,5,6,6,6,6,6,6,6,6,6,6,6,6,9,10,9,8,8,9,3,4,3,6,5,4,2,2,3,2,4,6,5,5,4,4,4,2,2,2
gc,svn,qmmp,/trunk/qmmp/src/qmmp/metadatamodel.h,clean,cpp,IssueTrue,19014,186,1665,7,1,4,1,1,10,4,8,7,7,9,9,7,5,5,6,10,10,10,6,6,7,9,9,7,7,7,7,7,7,7,7,7,7,6,6,6,9,10,9,10,10,10,1,2,2,2,2,2,2,1,2,2,4,4,3,3,4,4,4,2,2,2
gc,svn,qmmp,/trunk/qmmp/src/qmmp/output.cpp,buggy,cpp,IssueTrue,19014,186,1665,7,9,2,7,9,2,10,7,7,7,7,7,5,4,4,5,9,9,9,6,6,6,7,7,5,6,6,6,6,6,6,6,6,6,6,6,6,9,10,9,8,8,9,7,9,9,8,8,9,5,8,9,6,9,5,6,6,5,5,6,4,5,6
gc,svn,qmmp,/trunk/qmmp/src/qmmp/output.h,buggy,cpp,IssueTrue,19014,186,1665,7,4,10,4,1,10,4,10,10,9,9,9,7,9,10,8,10,10,10,9,9,9,9,9,7,10,10,10,10,10,10,10,10,10,6,6,7,10,10,10,10,10,10,1,2,2,2,2,2,2,1,2,2,4,3,3,3,4,4,4,3,3,3
gc,svn,qmmp,/trunk/qmmp/src/qmmp/qmmp.cpp,clean,cpp,IssueTrue,19014,186,1665,7,4,3,3,7,8,7,7,7,7,7,7,5,4,4,5,9,9,9,6,6,6,7,7,5,6,6,6,6,6,6,6,6,6,6,6,6,9,10,9,8,8,9,4,6,5,10,10,10,4,3,6,7,9,6,6,7,4,4,4,2,4,5
gc,svn,qmmp,/trunk/qmmp/src/qmmp/qmmp.h,clean,cpp,IssueTrue,19014,186,1665,7,3,9,2,1,10,4,8,8,8,7,7,5,6,7,6,9,9,9,8,8,8,7,7,5,10,10,10,6,7,6,9,9,8,9,9,9,9,10,9,8,8,9,1,2,2,2,2,2,2,1,2,3,6,5,5,5,4,4,4,2,2,2
gc,svn,qmmp,/trunk/qmmp/src/qmmp/qmmpaudioengine.cpp,buggy,cpp,IssueTrue,19014,186,1665,7,9,6,8,8,3,10,7,7,7,7,7,5,4,4,5,9,9,9,6,6,6,7,7,5,6,6,6,6,6,6,6,6,6,6,6,6,9,10,9,8,8,9,9,10,9,9,9,9,10,10,10,7,9,9,9,9,9,9,9,8,9,9
gc,svn,qmmp,/trunk/qmmp/src/qmmp/qmmpaudioengine.h,buggy,cpp,IssueTrue,19014,186,1665,7,3,4,3,1,8,4,10,10,10,10,10,8,9,9,7,9,9,9,10,9,9,10,10,8,10,10,10,9,9,9,9,9,9,6,6,7,9,10,9,10,10,10,1,2,2,2,2,2,2,1,2,4,8,6,5,5,8,7,7,4,5,5
gc,svn,qmmp,/trunk/qmmp/src/qmmp/recycler.cpp,buggy,cpp,IssueTrue,19014,186,1665,7,5,2,4,7,3,7,7,7,7,7,7,5,4,4,5,9,9,9,6,6,6,7,7,5,6,6,6,6,6,6,6,6,6,6,6,6,9,10,9,8,8,9,5,7,6,2,4,3,2,3,4,2,6,3,3,3,7,6,6,2,2,2
gc,svn,qmmp,/trunk/qmmp/src/qmmp/soundcore.cpp,buggy,cpp,IssueTrue,19014,186,1665,7,8,4,6,9,5,7,7,7,7,7,7,5,4,4,5,9,9,9,6,6,6,7,7,5,6,6,6,6,6,6,6,6,6,6,6,6,9,10,9,8,8,9,5,7,8,9,8,9,6,9,9,9,10,6,7,8,10,10,10,7,9,9
gc,svn,qmmp,/trunk/qmmp/src/qmmp/soundcore.h,buggy,cpp,IssueTrue,19014,186,1665,7,4,10,4,1,10,4,10,9,9,9,9,7,9,9,8,9,9,9,9,8,8,9,9,7,10,10,10,10,10,10,10,10,10,10,10,9,9,10,9,10,10,10,1,2,2,2,2,2,2,1,2,7,9,5,5,6,7,7,8,3,5,6
gc,svn,qmmp,/trunk/qmmp/src/qmmp/statehandler.cpp,buggy,cpp,IssueTrue,19014,186,1665,7,7,4,5,7,5,8,7,7,7,7,7,5,4,4,5,9,9,9,6,6,6,7,7,5,6,6,6,6,6,6,6,6,6,6,6,6,9,10,9,8,8,9,7,9,7,9,10,9,6,7,8,6,9,6,6,6,7,7,7,5,6,6
gc,svn,qmmp,/trunk/qmmp/src/qmmp/statehandler.h,buggy,cpp,IssueTrue,19014,186,1665,7,3,10,3,1,10,4,9,9,9,9,9,7,8,8,7,9,9,9,7,7,7,9,9,7,10,10,10,10,9,9,10,9,9,6,6,6,9,10,9,10,10,10,1,2,2,2,2,2,2,1,2,3,8,3,3,3,6,6,6,3,3,4
gc,svn,qmmp,/trunk/qmmp/src/qmmp/tagmodel.cpp,clean,cpp,IssueTrue,19014,186,1665,7,3,3,2,5,9,4,7,7,7,7,7,5,4,4,5,9,9,9,6,6,6,7,7,5,6,6,6,6,6,6,6,6,6,6,6,6,9,10,9,8,8,9,3,4,4,3,5,4,2,2,3,3,6,7,6,6,4,4,4,2,3,3
gc,svn,qmmp,/trunk/qmmp/src/qmmp/tagmodel.h,clean,cpp,IssueTrue,19014,186,1665,7,2,4,2,1,10,4,8,8,7,7,7,5,6,6,6,10,10,10,7,7,7,7,7,5,7,7,7,9,9,8,9,9,8,9,9,9,9,10,9,8,8,9,1,2,2,2,2,2,2,1,2,3,6,6,6,5,4,4,4,5,5,5
gc,svn,qmmp,/trunk/qmmp/src/qmmpui/abstractplaylistitem.h,clean,cpp,IssueTrue,19014,186,1665,7,2,9,2,1,10,4,7,7,7,7,7,5,8,8,7,9,9,9,6,6,7,7,7,5,8,8,7,10,9,9,10,9,9,10,10,9,9,10,9,8,8,9,1,2,2,2,2,2,2,1,2,2,4,6,5,4,4,4,4,2,2,2
gc,svn,qmmp,/trunk/qmmp/src/qmmpui/detailsdialog.cpp,clean,cpp,IssueTrue,19014,186,1665,7,5,4,5,4,7,8,7,7,7,7,7,5,4,4,5,9,9,9,6,6,6,7,7,5,6,6,6,6,6,6,6,6,6,6,6,6,9,10,9,8,8,9,8,8,5,9,8,6,9,8,7,4,4,7,6,6,7,7,7,4,6,5
gc,svn,qmmp,/trunk/qmmp/src/qmmpui/detailsdialog.h,clean,cpp,IssueTrue,19014,186,1665,7,2,4,2,1,10,4,9,8,8,9,9,7,5,6,6,9,9,9,10,9,9,9,9,7,9,9,9,7,7,7,7,7,7,6,6,7,9,10,9,10,10,10,1,2,2,2,2,2,2,1,2,2,4,4,3,3,4,4,4,2,2,2
gc,svn,qmmp,/trunk/qmmp/src/qmmpui/mediaplayer.cpp,buggy,cpp,IssueTrue,19014,186,1665,7,7,4,5,7,5,9,7,7,7,7,7,5,4,4,5,9,9,9,6,6,6,7,7,5,6,6,6,6,6,6,6,6,6,6,6,6,9,10,9,8,8,9,8,9,7,9,7,8,7,7,8,5,9,8,7,8,8,8,8,7,7,7
gc,svn,qmmp,/trunk/qmmp/src/qmmpui/mediaplayer.h,buggy,cpp,IssueTrue,19014,186,1665,7,2,9,2,1,10,4,9,9,9,9,9,7,6,7,6,9,9,9,8,8,8,9,9,7,10,10,9,9,9,8,9,9,8,8,8,8,9,10,9,10,10,10,1,2,2,2,2,2,2,1,2,3,6,3,3,3,4,4,4,2,3,3
gc,svn,qmmp,/trunk/qmmp/src/qmmpui/playlistitem.cpp,buggy,cpp,IssueTrue,19014,186,1665,7,6,4,5,7,6,8,7,7,7,7,7,5,4,4,5,9,9,9,6,6,6,7,7,5,6,6,6,6,6,6,6,6,6,6,6,6,9,10,9,8,8,9,6,8,7,3,4,4,5,8,8,4,9,5,5,5,5,6,6,5,5,5
gc,svn,qmmp,/trunk/qmmp/src/qmmpui/playlistmodel.cpp,buggy,cpp,IssueTrue,19014,186,1665,7,10,7,9,10,2,10,7,7,7,7,7,5,4,4,5,9,9,9,6,6,6,7,7,5,6,6,6,6,6,6,6,6,6,6,6,6,9,10,9,8,8,9,7,10,10,7,9,10,6,9,10,7,9,6,6,7,8,9,8,4,6,7
gc,svn,qmmp,/trunk/qmmp/src/qmmpui/playlistmodel.h,clean,cpp,IssueTrue,19014,186,1665,7,7,10,6,6,10,4,10,10,10,7,9,8,9,10,9,9,9,9,9,10,10,7,9,8,10,10,10,10,10,10,10,10,10,9,10,10,9,10,9,10,10,10,3,4,4,6,5,6,2,2,4,3,4,6,5,5,4,4,4,2,3,3
gc,svn,qmmp,/trunk/qmmp/src/ui/configdialog.cpp,clean,cpp,IssueTrue,19014,186,1665,7,10,7,9,8,3,8,7,7,7,7,7,5,4,4,5,9,9,9,6,6,6,7,7,5,6,6,6,6,6,6,6,6,6,6,6,6,9,10,9,8,8,9,9,9,9,10,10,9,10,10,10,8,9,4,5,6,5,5,6,3,4,6
gc,svn,qmmp,/trunk/qmmp/src/ui/eqwidget.cpp,buggy,cpp,IssueTrue,19014,186,1665,7,9,6,8,9,4,9,7,7,7,7,7,5,4,4,5,9,9,9,6,6,6,7,7,5,6,6,6,6,6,6,6,6,6,6,6,6,9,10,9,8,8,9,7,9,9,8,10,9,9,10,10,2,6,6,5,5,6,5,5,2,2,2
gc,svn,qmmp,/trunk/qmmp/src/ui/keyboardmanager.cpp,clean,cpp,IssueTrue,19014,186,1665,7,8,4,6,6,4,10,7,7,7,7,7,5,4,4,5,9,9,9,6,6,6,7,7,5,6,6,6,6,6,6,6,6,6,6,6,6,9,10,9,8,8,9,9,10,8,8,7,7,8,7,8,2,4,7,5,5,4,4,4,5,4,4
gc,svn,qmmp,/trunk/qmmp/src/ui/listwidget.cpp,buggy,cpp,IssueTrue,19014,186,1665,7,9,9,8,8,6,10,7,7,7,7,7,5,4,4,5,9,9,9,6,6,6,7,7,5,6,6,6,6,6,6,6,6,6,6,6,6,9,10,9,8,8,9,8,9,9,9,8,9,9,9,10,3,6,6,5,5,9,9,8,3,3,4
gc,svn,qmmp,/trunk/qmmp/src/ui/listwidget.h,buggy,cpp,IssueTrue,19014,186,1665,7,5,7,4,4,8,4,10,10,10,9,9,7,9,10,8,9,9,9,10,10,9,9,9,7,10,10,10,10,10,9,10,10,9,8,8,8,10,10,10,10,10,10,3,4,3,8,6,6,2,2,3,2,4,4,3,3,4,4,4,2,2,2
gc,svn,qmmp,/trunk/qmmp/src/ui/mainvisual.cpp,buggy,cpp,IssueTrue,19014,186,1665,7,10,4,9,9,2,10,7,7,7,7,7,5,4,4,5,9,9,9,6,6,6,7,7,5,6,6,6,6,6,6,6,6,6,6,6,6,9,10,9,8,8,9,9,10,9,9,8,9,8,9,10,2,6,6,5,4,8,7,6,10,9,8
gc,svn,qmmp,/trunk/qmmp/src/ui/mainwindow.cpp,buggy,cpp,IssueTrue,19014,186,1665,7,10,8,9,10,4,10,7,7,7,7,7,5,4,4,5,9,9,9,6,6,6,7,7,5,6,6,6,6,6,6,6,6,6,6,6,6,9,10,9,8,8,9,6,9,9,3,7,7,8,10,10,8,10,4,5,6,5,6,6,3,4,6
gc,svn,qmmp,/trunk/qmmp/src/ui/playlist.cpp,buggy,cpp,IssueTrue,19014,186,1665,7,9,6,8,9,4,8,7,7,7,7,7,5,4,4,5,9,9,9,6,6,6,7,7,5,6,6,6,6,6,6,6,6,6,6,6,6,9,10,9,8,8,9,5,7,8,3,7,7,8,10,10,6,8,4,5,5,5,6,6,2,3,4
gc,svn,qmmp,/trunk/qmmp/src/ui/qmmpstarter.cpp,clean,cpp,IssueTrue,19014,186,1665,7,6,4,5,5,6,8,7,7,7,7,7,5,4,4,5,9,9,9,6,6,6,7,7,5,6,6,6,6,6,6,6,6,6,6,6,6,9,10,9,8,8,9,7,9,6,3,4,3,9,8,8,4,6,4,5,4,6,6,6,4,5,5
gc,svn,qmmp,/trunk/qmmp/src/ui/symboldisplay.cpp,clean,cpp,IssueTrue,19014,186,1665,7,4,4,3,4,8,9,7,7,7,7,7,5,4,4,5,9,9,9,6,6,6,7,7,5,6,6,6,6,6,6,6,6,6,6,6,6,9,10,9,8,8,9,7,8,5,4,4,3,6,4,5,2,6,3,3,3,4,4,4,3,3,3
gc,svn,qmmp,/trunk/qmmp/src/ui/textscroller.cpp,buggy,cpp,IssueTrue,19014,186,1665,7,8,3,6,8,4,9,7,7,7,7,7,5,4,4,5,9,9,9,6,6,6,7,7,5,6,6,6,6,6,6,6,6,6,6,6,6,9,10,9,8,8,9,7,8,7,9,8,9,8,10,9,5,8,9,8,8,5,5,5,6,7,7
gc,svn,qmmp,/trunk/qmmp/src/ui/textscroller.h,buggy,cpp,IssueTrue,19014,186,1665,7,3,4,3,1,9,4,9,9,9,9,9,7,9,9,7,9,9,9,9,9,9,9,9,7,10,10,10,9,9,9,9,9,9,7,7,7,10,10,10,10,10,10,1,2,2,2,2,2,2,1,2,2,4,5,4,4,4,4,4,3,3,3
