Host,Vcs,Project,File,Buggy,PL,IssueTracking,TLOC,TNF,TNC,TND,LOC,CL,NStmt,NFunc,RCC,MNL,avg_WMC,max_WMC,total_WMC,avg_DIT,max_DIT,total_DIT,avg_RFC,max_RFC,total_RFC,avg_NOC,max_NOC,total_NOC,avg_CBO,max_CBO,total_CBO,avg_DIT.1,max_DIT.1,total_DIT.1,avg_NIV,max_NIV,total_NIV,avg_NIM,max_NIM,total_NIM,avg_NOM,max_NOM,total_NOM,avg_NPBM,max_NPBM,total_NPBM,avg_NPM,max_NPM,total_NPM,avg_NPRM,max_NPRM,total_NPRM,avg_CC,max_CC,total_CC,avg_FANIN,max_FANIN,total_FANIN,avg_FANOUT,max_FANOUT,total_FANOUT,NRev,NFix,avg_AddedLOC,max_AddedLOC,total_AddedLOC,avg_DeletedLOC,max_DeletedLOC,total_DeletedLOC,avg_ModifiedLOC,max_ModifiedLOC,total_ModifiedLOC
sf,cvs,quark,quark/source/3dfx/EdDirect3D.pas,clean,pascal,IssueFalse,86177,101,10525,15,6,8,6,6,6,9,9,8,9,4,6,9,7,9,8,10,10,10,7,6,7,4,6,9,9,9,9,8,8,8,8,8,7,6,7,7,10,10,10,7,8,8,7,8,8,10,10,10,10,10,10,10,10,7,8,9,7,8,9,8,8,9
sf,cvs,quark,quark/source/3dfx/EdGlide.pas,clean,pascal,IssueFalse,86177,101,10525,15,9,9,9,9,4,10,10,9,10,4,6,9,7,9,8,10,10,10,9,7,8,4,6,9,9,8,9,9,9,8,8,8,8,8,8,8,10,10,10,7,8,8,8,9,10,10,10,10,10,10,10,9,10,3,3,3,4,4,7,2,2,1
sf,cvs,quark,quark/source/3dfx/EdOpenGL.pas,buggy,pascal,IssueFalse,86177,101,10525,15,9,9,9,7,4,10,10,10,10,4,6,9,7,9,8,10,10,10,9,7,8,4,6,9,10,10,10,8,8,8,8,8,7,7,7,7,10,10,10,7,8,8,9,9,10,10,10,10,10,10,10,10,10,3,3,3,4,4,7,2,2,1
sf,cvs,quark,quark/source/3dfx/EdSceneObject.pas,buggy,pascal,IssueFalse,86177,101,10525,15,9,9,9,8,5,10,10,9,10,4,3,8,6,7,7,10,10,10,10,8,9,4,3,8,10,9,10,10,9,9,9,9,9,9,9,9,10,10,10,9,9,9,8,10,10,10,10,10,10,10,10,10,10,7,9,8,9,9,10,9,9,9
sf,cvs,quark,quark/source/3dfx/EdSoftware.pas,clean,pascal,IssueFalse,86177,101,10525,15,9,9,9,9,4,10,10,9,10,4,6,9,7,9,8,10,10,10,9,7,8,4,6,9,9,8,9,9,9,8,8,8,8,8,8,8,10,10,10,7,8,8,8,9,10,10,10,10,10,10,10,9,10,3,3,3,4,4,7,2,2,1
sf,cvs,quark,quark/source/3dfx/GL1.pas,buggy,pascal,IssueFalse,86177,101,10525,15,7,8,7,2,4,8,1,1,1,1,1,5,1,1,1,10,10,10,3,2,1,1,1,5,4,4,6,1,1,1,1,1,1,1,1,1,9,9,9,7,7,7,8,5,3,10,10,10,10,10,10,4,9,10,10,9,4,4,7,7,6,4
sf,cvs,quark,quark/source/components/direct3d/D3DX9.pas,clean,pascal,IssueFalse,86177,101,10525,15,10,10,10,10,9,5,4,7,10,1,3,10,1,1,3,10,10,10,3,5,7,1,3,10,4,4,6,9,10,10,8,10,10,9,10,10,9,9,9,7,7,7,3,10,10,10,10,10,10,10,10,4,9,3,3,3,4,4,7,2,2,1
sf,cvs,quark,quark/source/components/direct3d/DXErr9.pas,clean,pascal,IssueFalse,86177,101,10525,15,3,6,3,3,10,3,1,1,1,1,1,5,1,1,1,10,10,10,3,2,1,1,1,5,4,4,6,1,1,1,1,1,1,1,1,1,9,9,9,7,7,7,3,3,2,10,10,10,10,10,10,4,9,4,4,4,4,4,7,3,3,2
sf,cvs,quark,quark/source/components/direct3d/DXTypes.pas,clean,pascal,IssueFalse,86177,101,10525,15,2,6,2,1,10,3,1,1,1,1,1,5,1,1,1,10,10,10,3,2,1,1,1,5,4,4,6,1,1,1,1,1,1,1,1,1,9,9,9,7,7,7,2,3,1,10,10,10,10,10,10,4,9,4,4,4,4,4,7,3,3,2
sf,cvs,quark,quark/source/components/direct3d/Direct3D9.pas,clean,pascal,IssueFalse,86177,101,10525,15,10,10,10,7,9,4,2,9,10,1,3,10,1,1,1,10,10,10,3,2,1,1,3,10,7,9,10,6,10,10,6,10,10,7,10,10,9,9,9,7,7,7,3,5,9,10,10,10,10,10,10,4,9,3,3,3,4,4,7,2,2,1
sf,cvs,quark,quark/source/components/direct3d/DirectMusic.pas,clean,pascal,IssueFalse,86177,101,10525,15,10,10,10,2,10,3,2,6,10,1,1,5,1,1,1,10,10,10,3,2,1,1,1,5,4,4,6,6,10,10,6,10,10,7,10,10,9,9,9,7,7,7,3,3,9,10,10,10,10,10,10,4,9,3,3,3,4,4,7,2,2,1
sf,cvs,quark,quark/source/components/direct3d/DirectSetup.pas,clean,pascal,IssueFalse,86177,101,10525,15,4,7,4,2,9,5,1,1,1,1,1,5,1,1,1,10,10,10,3,2,1,1,1,5,4,4,6,1,1,1,1,1,1,1,1,1,9,9,9,7,7,7,4,4,2,10,10,10,10,10,10,4,9,4,4,4,4,4,7,3,3,2
sf,cvs,quark,quark/source/components/direct3d/X3DAudio.pas,clean,pascal,IssueFalse,86177,101,10525,15,4,9,4,1,10,4,1,1,1,1,1,5,1,1,1,10,10,10,3,2,1,1,1,5,4,4,6,1,1,1,1,1,1,1,1,1,9,9,9,7,7,7,5,4,2,10,10,10,10,10,10,4,9,10,8,8,4,4,7,7,6,5
sf,cvs,quark,quark/source/components/direct3d/XInput.pas,clean,pascal,IssueFalse,86177,101,10525,15,4,8,4,1,9,4,1,1,1,1,1,5,1,1,1,10,10,10,3,2,1,1,1,5,4,4,6,1,1,1,1,1,1,1,1,1,9,9,9,7,7,7,8,5,2,10,10,10,10,10,10,4,9,10,9,9,4,4,7,9,7,6
sf,cvs,quark,quark/source/components/direct3d/xact.pas,clean,pascal,IssueFalse,86177,101,10525,15,7,10,7,3,10,5,3,4,6,1,3,9,1,2,4,10,10,10,3,3,5,1,3,9,4,4,6,8,8,9,7,7,9,8,8,9,9,9,9,7,7,7,3,6,7,10,10,10,10,10,10,4,9,4,4,4,4,4,7,5,4,3
sf,cvs,quark,quark/source/prog/About.pas,clean,pascal,IssueFalse,86177,101,10525,15,5,5,5,4,3,8,1,2,2,8,8,10,2,6,5,10,10,10,3,2,1,8,8,10,10,9,10,4,5,4,3,3,3,5,5,5,9,9,9,7,7,7,5,7,4,10,10,10,10,10,10,10,6,10,10,10,10,10,10,7,7,8
sf,cvs,quark,quark/source/prog/Config.pas,clean,pascal,IssueFalse,86177,101,10525,15,6,6,6,6,4,8,6,7,7,9,10,10,10,10,9,10,10,10,9,8,8,9,10,10,8,8,9,8,8,8,7,8,7,7,7,7,9,9,9,10,10,10,5,5,7,10,10,10,10,10,10,4,9,3,3,3,4,4,7,7,6,5
sf,cvs,quark,quark/source/prog/FormCfg.pas,clean,pascal,IssueFalse,86177,101,10525,15,10,9,10,10,2,10,10,10,10,8,8,10,9,9,9,10,10,10,9,7,8,8,8,10,10,10,10,10,10,10,10,10,10,6,6,6,10,10,10,10,10,10,8,10,10,10,10,10,10,10,10,7,6,3,3,3,4,4,7,2,2,1
sf,cvs,quark,quark/source/prog/Game.pas,buggy,pascal,IssueFalse,86177,101,10525,15,8,9,8,9,6,10,3,2,3,9,8,9,7,7,5,10,10,10,5,3,5,9,8,9,9,7,8,7,5,4,6,4,4,7,6,5,9,9,9,7,7,7,6,8,9,10,10,10,10,10,10,9,10,10,10,10,10,10,10,9,10,10
sf,cvs,quark,quark/source/prog/MapError.pas,clean,pascal,IssueFalse,86177,101,10525,15,2,3,2,2,10,3,1,1,1,4,3,7,1,1,1,10,10,10,3,2,1,4,3,7,5,5,6,4,4,3,3,2,2,5,4,3,9,9,9,7,7,7,3,3,1,10,10,10,10,10,10,4,6,3,3,3,8,6,8,9,8,7
sf,cvs,quark,quark/source/prog/PakFiles.pas,clean,pascal,IssueFalse,86177,101,10525,15,4,4,4,3,4,8,5,4,4,4,3,7,1,1,1,10,10,10,5,3,5,4,3,7,6,5,7,6,5,3,5,3,3,6,5,5,9,9,9,7,7,7,7,6,4,10,10,10,10,10,10,4,9,6,5,5,4,4,7,5,4,3
sf,cvs,quark,quark/source/prog/Qk1.pas,clean,pascal,IssueFalse,86177,101,10525,15,9,10,9,9,5,10,10,10,10,8,8,10,9,10,9,10,10,10,10,9,9,8,8,10,10,10,10,10,10,10,10,10,10,10,10,10,10,10,10,9,10,10,6,7,10,10,10,10,10,10,10,10,6,7,9,9,4,6,8,4,8,7
sf,cvs,quark,quark/source/prog/QkBsp.pas,clean,pascal,IssueFalse,86177,101,10525,15,9,9,9,9,5,9,4,9,10,9,10,10,9,10,10,10,10,10,6,9,10,9,10,10,6,9,10,5,9,10,4,9,9,4,8,9,9,10,10,7,10,10,6,7,10,10,10,10,10,10,10,4,6,3,3,3,4,4,7,2,2,1
sf,cvs,quark,quark/source/prog/QkDDS.pas,buggy,pascal,IssueFalse,86177,101,10525,15,6,6,6,2,3,10,9,7,8,9,8,9,6,6,4,10,10,10,7,4,6,9,8,9,4,4,6,5,4,3,4,3,2,4,3,3,10,10,10,7,7,7,10,9,7,10,10,10,10,10,10,10,6,10,10,10,9,10,10,8,8,9
sf,cvs,quark,quark/source/prog/QkDevIL.pas,buggy,pascal,IssueFalse,86177,101,10525,15,5,6,5,2,5,6,1,1,1,1,1,5,1,1,1,10,10,10,3,2,1,1,1,5,4,4,6,1,1,1,1,1,1,1,1,1,9,9,9,7,7,7,9,8,5,10,10,10,10,10,10,9,6,9,9,9,7,7,9,3,4,4
sf,cvs,quark,quark/source/prog/QkExplorer.pas,clean,pascal,IssueFalse,86177,101,10525,15,9,10,7,9,6,10,10,9,10,9,8,9,10,10,9,10,10,10,8,5,6,9,8,9,7,6,7,10,9,9,10,10,9,10,8,8,10,10,10,10,10,10,6,7,9,10,10,10,10,10,10,4,6,5,4,4,4,4,7,5,4,3
sf,cvs,quark,quark/source/prog/QkFreeImage.pas,buggy,pascal,IssueFalse,86177,101,10525,15,5,6,5,2,6,6,1,1,1,1,1,5,1,1,1,10,10,10,3,2,1,1,1,5,4,4,6,1,1,1,1,1,1,1,1,1,9,9,9,7,7,7,5,4,3,10,10,10,10,10,10,7,6,5,5,5,4,4,7,4,4,3
sf,cvs,quark,quark/source/prog/QkGCF.pas,clean,pascal,IssueFalse,86177,101,10525,15,5,6,5,5,5,6,3,4,5,8,8,10,1,1,2,10,10,10,5,5,6,8,8,10,5,5,6,5,5,5,4,4,4,5,5,5,10,10,10,7,7,7,5,4,5,10,10,10,10,10,10,4,6,3,3,3,4,4,7,6,5,4
sf,cvs,quark,quark/source/prog/QkGroup.pas,clean,pascal,IssueFalse,86177,101,10525,15,6,6,6,6,3,10,5,5,7,9,10,10,10,10,10,10,10,10,9,6,8,9,10,10,6,6,8,7,7,7,7,6,6,7,7,7,10,9,10,7,8,8,5,5,6,10,10,10,10,10,10,4,6,5,4,4,4,4,7,5,4,3
sf,cvs,quark,quark/source/prog/QkJpg.pas,buggy,pascal,IssueFalse,86177,101,10525,15,6,6,6,3,2,10,9,7,8,9,8,9,7,6,5,10,10,10,7,4,6,9,8,9,4,4,6,6,5,4,6,4,3,6,5,4,10,10,10,7,7,7,9,8,6,10,10,10,10,10,10,7,6,5,4,5,4,4,7,4,4,3
sf,cvs,quark,quark/source/prog/QkMap.pas,clean,pascal,IssueFalse,86177,101,10525,15,4,8,4,3,10,6,5,4,4,10,10,9,9,9,8,10,10,10,10,7,8,10,10,9,9,7,8,7,6,5,7,5,4,6,5,5,10,10,10,9,8,8,4,5,3,10,10,10,10,10,10,10,10,3,4,4,4,4,7,2,3,2
sf,cvs,quark,quark/source/prog/QkMapObjects.pas,clean,pascal,IssueFalse,86177,101,10525,15,9,10,8,9,8,10,8,8,10,9,10,10,7,8,10,10,10,10,9,8,10,9,10,10,5,6,8,8,8,10,8,7,9,8,8,10,10,10,10,9,9,10,6,8,9,10,10,10,10,10,10,7,6,3,3,3,4,4,7,2,2,1
sf,cvs,quark,quark/source/prog/QkMapPoly.pas,clean,pascal,IssueFalse,86177,101,10525,15,10,10,10,10,5,10,10,9,10,9,10,10,8,9,9,10,10,10,9,7,9,9,10,10,6,6,9,9,9,10,9,9,10,9,9,10,9,9,10,9,10,10,8,9,10,10,10,10,10,10,10,4,6,3,3,3,4,4,7,2,2,1
sf,cvs,quark,quark/source/prog/QkObjects.pas,buggy,pascal,IssueFalse,86177,101,10525,15,9,10,9,10,6,10,9,10,10,4,6,10,4,9,9,10,10,10,7,8,9,4,6,10,8,9,10,9,10,10,9,10,10,9,10,10,10,10,10,9,10,10,6,8,10,10,10,10,10,10,10,10,6,3,3,3,4,4,7,2,2,1
sf,cvs,quark,quark/source/prog/QkPng.pas,buggy,pascal,IssueFalse,86177,101,10525,15,6,5,6,2,2,10,8,6,7,9,8,9,6,6,4,10,10,10,7,4,6,9,8,9,4,4,6,5,4,3,4,3,2,4,3,3,10,10,10,7,7,7,10,8,6,10,10,10,10,10,10,7,6,5,4,5,4,4,7,4,4,3
sf,cvs,quark,quark/source/prog/QkQ3.pas,clean,pascal,IssueFalse,86177,101,10525,15,6,8,6,8,7,10,3,5,8,8,10,10,6,10,10,10,10,10,5,6,8,8,10,10,5,5,6,5,6,8,4,5,8,6,7,9,9,10,10,7,7,7,5,7,8,10,10,10,10,10,10,4,6,5,4,4,10,9,10,8,7,6
sf,cvs,quark,quark/source/prog/QkQme.pas,clean,pascal,IssueFalse,86177,101,10525,15,7,5,7,9,2,10,2,3,8,9,10,10,10,10,10,10,10,10,6,6,10,9,10,10,4,4,6,4,6,9,3,5,9,2,5,7,10,10,10,7,8,8,4,6,8,10,10,10,10,10,10,7,6,4,4,4,4,4,7,6,6,5
sf,cvs,quark,quark/source/prog/QkQuakeMap.pas,clean,pascal,IssueFalse,86177,101,10525,15,10,10,10,9,4,10,2,3,6,10,10,10,10,10,10,10,10,10,7,8,9,10,10,10,4,4,6,4,5,7,3,4,6,4,6,7,9,10,10,7,7,7,9,10,10,10,10,10,10,10,10,9,9,3,3,3,4,4,7,2,2,1
sf,cvs,quark,quark/source/prog/QkSteamFS.pas,clean,pascal,IssueFalse,86177,101,10525,15,5,6,5,3,4,10,1,1,1,1,1,5,1,1,1,10,10,10,3,2,1,1,1,5,4,4,6,1,1,1,1,1,1,1,1,1,9,9,9,7,7,7,9,7,6,10,10,10,10,10,10,10,6,10,10,10,10,10,10,10,10,10
sf,cvs,quark,quark/source/prog/QkTextures.pas,buggy,pascal,IssueFalse,86177,101,10525,15,9,10,9,9,6,10,7,7,10,9,10,10,6,9,9,10,10,10,9,7,10,9,10,10,8,9,10,9,8,10,8,8,9,9,8,10,10,10,10,7,9,9,6,8,9,10,10,10,10,10,10,10,9,3,3,3,4,4,7,2,2,1
sf,cvs,quark,quark/source/prog/QkVMF.pas,clean,pascal,IssueFalse,86177,101,10525,15,7,8,7,5,5,10,3,3,3,10,10,10,10,10,9,10,10,10,9,6,7,10,10,10,4,4,6,5,4,3,4,3,2,6,5,4,9,9,9,7,7,7,9,9,9,10,10,10,10,10,10,7,6,5,4,5,6,6,8,6,6,5
sf,cvs,quark,quark/source/prog/QkVMT.pas,clean,pascal,IssueFalse,86177,101,10525,15,6,6,5,4,3,10,7,7,8,8,6,9,8,9,9,10,10,10,7,6,7,8,6,9,5,5,7,6,6,6,5,5,5,6,7,7,9,9,9,7,8,8,8,8,7,10,10,10,10,10,10,9,6,7,7,8,10,10,10,8,8,9
sf,cvs,quark,quark/source/prog/QkVTF.pas,clean,pascal,IssueFalse,86177,101,10525,15,5,7,5,2,6,10,7,6,6,9,8,9,6,6,4,10,10,10,7,4,6,9,8,9,4,4,6,5,4,3,4,3,2,4,3,3,10,10,10,7,7,7,9,7,5,10,10,10,10,10,10,7,6,4,4,4,8,7,9,6,6,5
sf,cvs,quark,quark/source/prog/QkVTFLib.pas,clean,pascal,IssueFalse,86177,101,10525,15,5,8,5,2,9,6,1,1,1,1,1,5,1,1,1,10,10,10,3,2,1,1,1,5,4,4,6,1,1,1,1,1,1,1,1,1,9,9,9,7,7,7,6,4,3,10,10,10,10,10,10,8,6,5,5,6,10,10,10,6,6,5
sf,cvs,quark,quark/source/prog/Setup.pas,clean,pascal,IssueFalse,86177,101,10525,15,8,9,7,8,6,10,2,2,2,8,6,8,10,9,8,10,10,10,3,2,1,8,6,8,4,4,6,4,4,3,3,2,2,5,4,3,9,9,9,7,7,7,6,5,9,10,10,10,10,10,10,10,6,7,9,9,5,6,8,5,5,6
sf,cvs,quark,quark/source/prog/SystemDetails.pas,buggy,pascal,IssueFalse,86177,101,10525,15,9,8,9,9,2,10,8,8,10,8,6,10,1,1,6,10,10,10,3,2,1,8,6,10,10,10,10,6,7,9,5,6,8,5,5,8,9,9,9,9,10,10,7,10,10,10,10,10,10,10,10,9,9,10,10,10,8,8,9,9,9,9
sf,cvs,quark,quark/source/prog/model/QkBoneGroup.pas,clean,pascal,IssueFalse,86177,101,10525,15,2,3,1,1,10,4,1,1,1,9,8,9,1,1,1,10,10,10,7,4,6,9,8,9,4,4,6,3,3,2,2,2,2,4,3,3,9,9,9,7,7,7,3,3,1,10,10,10,10,10,10,4,6,5,4,4,4,4,7,3,3,2
sf,cvs,quark,quark/source/prog/model/QkComponent.pas,clean,pascal,IssueFalse,86177,101,10525,15,8,7,8,9,2,10,10,9,10,9,8,9,9,9,7,10,10,10,10,9,9,9,8,9,8,6,8,10,10,9,10,10,9,10,10,10,10,9,9,7,7,7,7,8,9,10,10,10,10,10,10,10,10,10,10,10,10,10,10,10,10,10
sf,cvs,quark,quark/source/prog/model/QkFrame.pas,clean,pascal,IssueFalse,86177,101,10525,15,6,5,6,6,2,9,9,7,8,9,8,9,5,5,4,10,10,10,10,7,8,9,8,9,6,5,7,9,7,6,8,6,5,9,8,7,9,9,9,7,7,7,7,6,7,10,10,10,10,10,10,8,9,10,10,10,10,10,10,10,9,9
sf,cvs,quark,quark/source/prog/model/QkFrameGroup.pas,clean,pascal,IssueFalse,86177,101,10525,15,2,3,1,1,10,4,1,1,1,9,8,9,1,1,1,10,10,10,7,4,6,9,8,9,4,4,6,3,3,2,2,2,2,4,3,3,9,9,9,7,7,7,3,3,1,10,10,10,10,10,10,4,6,5,4,4,4,4,7,3,3,2
sf,cvs,quark,quark/source/prog/model/QkMd2.pas,clean,pascal,IssueFalse,86177,101,10525,15,7,6,7,4,2,10,8,6,7,8,6,8,1,1,1,10,10,10,10,7,8,8,6,8,4,4,6,6,5,3,5,3,3,4,3,3,10,10,10,7,7,7,9,8,7,10,10,10,10,10,10,7,9,5,5,5,6,6,8,4,4,3
sf,cvs,quark,quark/source/prog/model/QkMd3.pas,clean,pascal,IssueFalse,86177,101,10525,15,7,9,7,6,7,10,9,7,8,8,6,8,1,1,1,10,10,10,10,9,9,8,6,8,4,4,6,8,7,6,8,6,5,8,6,6,10,10,10,7,7,7,8,7,8,10,10,10,10,10,10,9,9,10,10,10,10,10,10,10,10,10
sf,cvs,quark,quark/source/prog/model/QkMdl.pas,clean,pascal,IssueFalse,86177,101,10525,15,8,9,8,4,6,10,10,8,9,8,6,8,1,1,1,10,10,10,10,7,8,8,6,8,4,4,6,6,5,3,5,3,3,4,3,3,10,10,10,9,8,8,10,9,8,10,10,10,10,10,10,8,6,10,10,9,10,10,10,10,10,10
sf,cvs,quark,quark/source/prog/model/QkMdlObject.pas,clean,pascal,IssueFalse,86177,101,10525,15,3,4,2,3,7,5,4,3,4,8,6,8,1,1,1,10,10,10,7,4,6,8,6,8,4,4,6,7,5,4,6,4,4,7,6,5,9,9,9,7,7,7,4,4,3,10,10,10,10,10,10,4,6,3,3,3,10,9,10,6,5,4
sf,cvs,quark,quark/source/prog/model/QkModelBone.pas,clean,pascal,IssueFalse,86177,101,10525,15,5,6,5,6,4,8,7,7,8,9,8,10,4,7,6,10,10,10,8,6,8,9,8,10,5,5,7,8,8,8,8,8,7,9,8,8,9,9,9,7,7,7,5,6,6,10,10,10,10,10,10,4,6,9,8,7,4,4,7,5,4,3
sf,cvs,quark,quark/source/prog/model/QkModelRoot.pas,clean,pascal,IssueFalse,86177,101,10525,15,5,4,5,6,2,9,8,6,7,9,8,9,6,6,5,10,10,10,10,7,8,9,8,9,6,5,7,9,8,7,9,7,6,10,8,8,9,9,9,7,7,7,5,5,6,10,10,10,10,10,10,7,6,10,10,10,10,10,10,10,10,10
sf,cvs,quark,quark/source/prog/model/QkModelTag.pas,clean,pascal,IssueFalse,86177,101,10525,15,4,4,3,5,4,5,2,2,4,9,8,10,1,2,6,10,10,10,8,6,8,9,8,10,4,4,6,5,5,6,4,4,6,6,6,7,9,9,9,7,7,7,3,4,3,10,10,10,10,10,10,4,6,10,10,9,4,4,7,9,7,6
sf,cvs,quark,quark/source/prog/model/QkSkinGroup.pas,clean,pascal,IssueFalse,86177,101,10525,15,2,3,1,1,10,4,1,1,1,9,8,9,1,1,1,10,10,10,7,4,6,9,8,9,4,4,6,3,3,2,2,2,2,4,3,3,9,9,9,7,7,7,3,3,1,10,10,10,10,10,10,4,6,5,4,4,4,4,7,3,3,2
sf,cvs,quark,quark/source/prog/model/qkskindrawobject.pas,clean,pascal,IssueFalse,86177,101,10525,15,3,4,3,2,8,8,3,3,3,9,8,9,1,1,1,10,10,10,10,6,7,9,8,9,4,4,6,5,4,3,4,3,2,6,5,4,9,9,9,7,7,7,5,4,2,10,10,10,10,10,10,7,6,9,8,8,10,9,10,8,8,7
sf,cvs,quark,quark/source/prog/qkkingpin.pas,clean,pascal,IssueFalse,86177,101,10525,15,4,6,4,4,7,10,6,4,5,10,10,9,8,7,6,10,10,10,8,5,6,10,10,9,4,4,6,8,6,5,7,5,4,7,6,5,10,10,10,7,7,7,5,6,4,10,10,10,10,10,10,4,6,3,3,3,10,8,9,7,6,4
sf,cvs,quark,quark/source/python/PyMapView.pas,clean,pascal,IssueFalse,86177,101,10525,15,10,9,10,9,2,10,10,10,10,8,6,8,9,9,7,10,10,10,10,9,9,8,6,8,10,10,10,10,10,9,10,10,9,9,7,7,10,10,10,10,10,10,9,10,10,10,10,10,10,10,10,9,9,3,3,3,4,4,7,2,2,1
sf,cvs,quark,quark/source/python/PyMath.pas,clean,pascal,IssueFalse,86177,101,10525,15,9,9,9,10,4,10,5,7,8,8,8,10,8,8,9,10,10,10,3,2,1,8,8,10,6,7,9,8,8,9,7,8,9,8,9,9,9,9,10,7,7,7,7,8,10,10,10,10,10,10,10,8,6,3,3,3,4,4,7,2,2,1
sf,cvs,quark,quark/source/python/PyMath3D.pas,clean,pascal,IssueFalse,86177,101,10525,15,4,5,4,5,5,6,3,3,4,8,8,10,8,8,8,10,10,10,4,3,5,8,8,10,8,7,9,6,6,6,6,5,5,6,7,7,9,9,9,7,7,7,3,4,3,10,10,10,10,10,10,4,9,3,3,3,4,4,7,7,6,4
sf,cvs,quark,quark/source/python/PyObjects.pas,clean,pascal,IssueFalse,86177,101,10525,15,7,8,7,7,6,8,1,1,1,1,1,5,1,1,1,10,10,10,3,2,1,1,1,5,4,4,6,1,1,1,1,1,1,1,1,1,9,9,9,7,7,7,6,5,8,10,10,10,10,10,10,4,6,5,4,4,4,4,7,5,4,3
sf,cvs,quark,quark/source/python/Quarkx.pas,buggy,pascal,IssueFalse,86177,101,10525,15,10,9,10,10,3,10,2,2,2,8,6,8,1,1,1,10,10,10,3,2,1,8,6,8,6,5,7,4,4,3,3,2,2,5,4,3,9,9,9,7,7,7,7,6,10,10,10,10,10,10,10,9,6,3,3,3,4,4,7,2,2,1
