Host,Vcs,Project,File,Buggy,PL,IssueTracking,TLOC,TNF,TNC,TND,LOC,CL,NStmt,NFunc,RCC,MNL,avg_WMC,max_WMC,total_WMC,avg_DIT,max_DIT,total_DIT,avg_RFC,max_RFC,total_RFC,avg_NOC,max_NOC,total_NOC,avg_CBO,max_CBO,total_CBO,avg_DIT.1,max_DIT.1,total_DIT.1,avg_NIV,max_NIV,total_NIV,avg_NIM,max_NIM,total_NIM,avg_NOM,max_NOM,total_NOM,avg_NPBM,max_NPBM,total_NPBM,avg_NPM,max_NPM,total_NPM,avg_NPRM,max_NPRM,total_NPRM,avg_CC,max_CC,total_CC,avg_FANIN,max_FANIN,total_FANIN,avg_FANOUT,max_FANOUT,total_FANOUT,NRev,NFix,avg_AddedLOC,max_AddedLOC,total_AddedLOC,avg_DeletedLOC,max_DeletedLOC,total_DeletedLOC,avg_ModifiedLOC,max_ModifiedLOC,total_ModifiedLOC
sf,cvs,reaper-ecad,reaper-ecad/GNewt/exp/Attic/gCastI.C,clean,c,IssueFalse,13747,285,3101,1,5,8,6,5,6,10,7,7,7,5,4,5,5,5,5,9,9,9,6,6,6,5,4,5,10,9,9,6,6,6,6,6,6,6,6,6,9,9,9,8,8,9,10,9,7,3,3,4,10,10,7,10,9,10,10,10,8,9,9,9,9,10
sf,cvs,reaper-ecad,reaper-ecad/GNewt/exp/Attic/gCastI.H,clean,c,IssueFalse,13747,285,3101,1,1,6,1,3,9,6,8,8,8,10,9,9,8,8,8,9,9,9,9,9,9,10,9,9,10,9,9,7,7,7,7,7,7,7,7,7,10,10,10,8,8,9,5,4,3,5,4,4,4,5,2,9,9,6,7,7,6,8,7,4,3,6
sf,cvs,reaper-ecad,reaper-ecad/GNewt/exp/Attic/gCond.C,clean,c,IssueFalse,13747,285,3101,1,7,8,7,5,5,10,7,7,7,5,4,5,5,5,5,9,9,9,6,6,6,5,4,5,10,9,9,6,6,6,6,6,6,6,6,6,9,9,9,8,8,9,10,9,7,2,3,3,8,9,7,5,9,4,4,4,4,5,5,4,3,4
sf,cvs,reaper-ecad,reaper-ecad/GNewt/exp/Attic/gCond.H,clean,c,IssueFalse,13747,285,3101,1,1,7,2,3,9,6,9,8,8,10,9,9,8,8,8,9,9,9,9,8,8,10,9,9,10,9,9,7,7,7,7,7,7,7,7,7,10,10,10,8,8,9,5,4,3,8,6,4,4,5,2,5,9,4,4,4,4,5,5,4,3,4
sf,cvs,reaper-ecad,reaper-ecad/GNewt/exp/Attic/gFuncCall.C,clean,c,IssueFalse,13747,285,3101,1,2,6,3,4,8,8,7,7,7,5,4,5,5,5,5,9,9,9,6,6,6,5,4,5,10,9,9,6,6,6,6,6,6,6,6,6,9,9,9,8,8,9,7,6,4,4,4,4,8,7,4,5,9,4,4,4,4,5,5,4,3,4
sf,cvs,reaper-ecad,reaper-ecad/GNewt/exp/Attic/gFuncCall.H,clean,c,IssueFalse,13747,285,3101,1,1,7,2,3,9,6,7,7,7,8,8,8,9,9,9,10,10,10,6,6,7,8,8,8,10,9,9,7,7,7,7,7,7,7,7,7,9,9,9,8,8,9,5,4,3,5,4,4,2,3,1,5,9,4,4,4,4,5,5,4,3,4
sf,cvs,reaper-ecad,reaper-ecad/GNewt/exp/Attic/gLess.C,clean,c,IssueFalse,13747,285,3101,1,1,5,2,3,9,6,7,7,7,5,4,5,5,5,5,9,9,9,6,6,6,5,4,5,10,9,9,6,6,6,6,6,6,6,6,6,9,9,9,8,8,9,5,4,3,3,3,3,4,5,2,5,9,4,4,4,4,5,5,4,3,4
sf,cvs,reaper-ecad,reaper-ecad/GNewt/exp/Attic/gLess.H,clean,c,IssueFalse,13747,285,3101,1,1,7,1,3,10,6,7,7,7,10,9,9,8,8,8,9,9,9,6,6,7,10,9,9,10,9,9,6,7,6,6,6,6,7,7,7,9,9,9,8,8,9,5,4,3,5,4,4,4,5,2,5,9,4,4,4,4,5,5,4,3,4
sf,cvs,reaper-ecad,reaper-ecad/GNewt/exp/Attic/gLogAnd.C,clean,c,IssueFalse,13747,285,3101,1,6,7,7,5,5,10,7,7,7,5,4,5,5,5,5,9,9,9,6,6,6,5,4,5,10,9,9,6,6,6,6,6,6,6,6,6,9,9,9,8,8,9,10,10,8,2,3,3,8,9,7,5,9,4,4,4,4,5,5,4,3,4
sf,cvs,reaper-ecad,reaper-ecad/GNewt/exp/Attic/gLogAnd.H,clean,c,IssueFalse,13747,285,3101,1,1,7,2,4,9,6,9,8,8,8,8,8,9,9,9,9,9,9,9,8,8,8,8,8,10,9,9,8,8,7,8,7,7,8,7,7,10,10,10,8,8,9,5,4,3,4,4,4,4,5,2,5,9,4,4,4,4,5,5,4,3,4
sf,cvs,reaper-ecad,reaper-ecad/GNewt/exp/Attic/gLogOr.C,clean,c,IssueFalse,13747,285,3101,1,6,7,7,5,5,10,7,7,7,5,4,5,5,5,5,9,9,9,6,6,6,5,4,5,10,9,9,6,6,6,6,6,6,6,6,6,9,9,9,8,8,9,10,10,8,2,3,3,8,9,7,5,9,4,4,4,4,5,5,4,3,4
sf,cvs,reaper-ecad,reaper-ecad/GNewt/exp/Attic/gLogOr.H,clean,c,IssueFalse,13747,285,3101,1,1,7,2,4,9,6,9,8,8,8,8,8,9,9,9,9,9,9,9,8,8,8,8,8,10,9,9,8,8,7,8,7,7,8,7,7,10,10,10,8,8,9,5,4,3,4,4,4,4,5,2,5,9,4,4,4,4,5,5,4,3,4
sf,cvs,reaper-ecad,reaper-ecad/GNewt/exp/Attic/gMinTypMax.C,clean,c,IssueFalse,13747,285,3101,1,1,5,1,3,9,6,7,7,7,5,4,5,5,5,5,9,9,9,6,6,6,5,4,5,10,9,9,6,6,6,6,6,6,6,6,6,9,9,9,8,8,9,5,4,3,3,3,3,9,7,3,5,9,4,4,4,4,5,5,4,3,4
sf,cvs,reaper-ecad,reaper-ecad/GNewt/exp/Attic/gMinTypMax.H,clean,c,IssueFalse,13747,285,3101,1,1,7,1,4,9,6,7,7,7,10,9,9,8,8,8,9,9,9,6,6,6,10,9,9,10,9,9,7,7,7,7,7,7,7,7,7,10,9,9,8,8,9,5,4,3,5,6,4,4,5,2,5,9,4,4,4,4,5,5,4,3,4
sf,cvs,reaper-ecad,reaper-ecad/GNewt/exp/Attic/gRandom.C,clean,c,IssueFalse,13747,285,3101,1,1,5,1,3,10,6,7,7,7,5,4,5,5,5,5,9,9,9,6,6,6,5,4,5,10,9,9,6,6,6,6,6,6,6,6,6,9,9,9,8,8,9,5,4,3,3,3,3,2,3,1,5,9,4,4,4,4,5,5,4,3,4
sf,cvs,reaper-ecad,reaper-ecad/GNewt/exp/Attic/gRandom.H,clean,c,IssueFalse,13747,285,3101,1,1,6,1,3,9,6,7,7,7,7,6,7,7,7,7,9,9,9,6,6,6,7,6,7,10,9,9,6,7,6,6,6,6,7,7,7,9,9,9,8,8,9,5,4,3,2,2,3,4,5,2,5,9,4,4,4,4,5,5,4,3,4
sf,cvs,reaper-ecad,reaper-ecad/GNewt/exp/Attic/gRange.C,clean,c,IssueFalse,13747,285,3101,1,2,7,3,5,8,6,7,7,7,5,4,5,5,5,5,9,9,9,6,6,6,5,4,5,10,9,9,6,6,6,6,6,6,6,6,6,9,9,9,8,8,9,5,4,4,2,3,3,3,5,3,5,9,4,4,4,4,5,5,4,3,4
sf,cvs,reaper-ecad,reaper-ecad/GNewt/exp/Attic/gRange.H,clean,c,IssueFalse,13747,285,3101,1,1,7,2,3,9,6,8,7,7,10,9,9,8,8,8,9,9,9,7,7,7,10,9,9,10,9,9,7,7,7,7,7,7,7,7,7,10,10,10,8,8,9,5,4,3,7,5,4,4,5,2,5,9,4,4,4,4,5,5,4,3,4
sf,cvs,reaper-ecad,reaper-ecad/GNewt/exp/Attic/gRedAnd.C,clean,c,IssueFalse,13747,285,3101,1,5,7,6,5,5,8,7,7,7,5,4,5,5,5,5,9,9,9,6,6,6,5,4,5,10,9,9,6,6,6,6,6,6,6,6,6,9,9,9,8,8,9,8,8,6,2,3,3,6,7,5,5,9,4,4,4,4,5,5,4,3,4
sf,cvs,reaper-ecad,reaper-ecad/GNewt/exp/Attic/gRedAnd.H,clean,c,IssueFalse,13747,285,3101,1,1,7,2,3,9,6,8,8,8,10,9,9,8,8,8,9,9,9,9,8,8,10,9,9,10,9,9,7,7,7,7,7,7,7,7,7,10,10,10,8,8,9,5,4,3,5,4,4,4,5,2,5,9,4,4,4,4,5,5,4,3,4
sf,cvs,reaper-ecad,reaper-ecad/GNewt/exp/Attic/gRedOr.C,clean,c,IssueFalse,13747,285,3101,1,5,7,6,5,5,8,7,7,7,5,4,5,5,5,5,9,9,9,6,6,6,5,4,5,10,9,9,6,6,6,6,6,6,6,6,6,9,9,9,8,8,9,8,8,6,2,3,3,6,7,5,5,9,4,4,4,4,5,5,4,3,4
sf,cvs,reaper-ecad,reaper-ecad/GNewt/exp/Attic/gRedOr.H,clean,c,IssueFalse,13747,285,3101,1,1,7,2,3,9,6,8,8,8,10,9,9,8,8,8,9,9,9,9,8,8,10,9,9,10,9,9,7,7,7,7,7,7,7,7,7,10,10,10,8,8,9,5,4,3,5,4,4,4,5,2,5,9,4,4,4,4,5,5,4,3,4
sf,cvs,reaper-ecad,reaper-ecad/GNewt/exp/Attic/gRedXor.C,clean,c,IssueFalse,13747,285,3101,1,6,7,7,5,5,9,7,7,7,5,4,5,5,5,5,9,9,9,6,6,6,5,4,5,10,9,9,6,6,6,6,6,6,6,6,6,9,9,9,8,8,9,9,9,6,2,3,3,6,7,5,5,9,4,4,4,4,5,5,4,3,4
sf,cvs,reaper-ecad,reaper-ecad/GNewt/exp/Attic/gRedXor.H,clean,c,IssueFalse,13747,285,3101,1,1,7,2,3,9,6,8,8,8,10,9,9,8,8,8,9,9,9,9,8,8,10,9,9,10,9,9,7,7,7,7,7,7,7,7,7,10,10,10,8,8,9,5,4,3,5,4,4,4,5,2,5,9,4,4,4,4,5,5,4,3,4
sf,cvs,reaper-ecad,reaper-ecad/GNewt/exp/Attic/gSubI.H,clean,c,IssueFalse,13747,285,3101,1,1,7,2,3,9,6,7,7,7,10,10,9,9,8,8,9,9,9,7,7,7,10,10,9,10,9,9,7,7,7,7,7,7,7,7,7,10,10,10,8,8,9,5,4,3,7,5,4,4,5,2,5,9,6,5,5,4,5,5,4,3,4
sf,cvs,reaper-ecad,reaper-ecad/GNewt/exp/gAdd.C,clean,c,IssueFalse,13747,285,3101,1,3,7,5,5,7,8,7,7,7,5,4,5,5,5,5,9,9,9,6,6,6,5,4,5,10,9,9,6,6,6,6,6,6,6,6,6,9,9,9,8,8,9,9,8,6,4,6,5,9,9,7,10,9,9,9,10,9,10,10,7,7,9
sf,cvs,reaper-ecad,reaper-ecad/GNewt/exp/gAdd.H,clean,c,IssueFalse,13747,285,3101,1,1,6,2,4,9,6,8,8,8,8,8,8,9,9,9,10,10,10,8,8,8,8,8,8,10,9,9,9,8,8,9,8,8,7,7,7,10,10,10,8,8,9,5,4,3,9,8,6,4,5,2,10,9,5,5,6,5,8,7,4,5,7
sf,cvs,reaper-ecad,reaper-ecad/GNewt/exp/gAdd2.C,clean,c,IssueFalse,13747,285,3101,1,3,7,4,5,7,9,7,7,7,5,4,5,5,5,5,9,9,9,6,6,6,5,4,5,10,9,9,6,6,6,6,6,6,6,6,6,9,9,9,8,8,9,8,7,5,3,3,4,7,7,5,5,9,10,8,7,4,5,5,10,8,8
sf,cvs,reaper-ecad,reaper-ecad/GNewt/exp/gAdd2.H,clean,c,IssueFalse,13747,285,3101,1,1,6,2,4,9,6,8,8,7,10,9,9,10,9,9,9,9,9,7,7,7,10,9,9,10,9,9,7,7,7,7,7,7,7,7,7,10,10,10,8,8,9,5,4,3,5,4,4,4,5,2,9,9,5,5,5,5,7,7,4,5,7
sf,cvs,reaper-ecad,reaper-ecad/GNewt/exp/gAdd4.C,clean,c,IssueFalse,13747,285,3101,1,3,7,4,5,7,9,7,7,7,5,4,5,5,5,5,9,9,9,6,6,6,5,4,5,10,9,9,6,6,6,6,6,6,6,6,6,9,9,9,8,8,9,8,7,5,3,3,4,7,7,5,8,10,9,8,7,7,8,7,9,8,8
sf,cvs,reaper-ecad,reaper-ecad/GNewt/exp/gAdd4.H,clean,c,IssueFalse,13747,285,3101,1,1,6,2,4,9,6,8,8,7,10,9,9,10,9,9,9,9,9,7,7,7,10,9,9,10,9,9,7,7,7,7,7,7,7,7,7,10,10,10,8,8,9,5,4,3,5,4,4,4,5,2,9,9,5,5,6,5,7,7,4,3,6
sf,cvs,reaper-ecad,reaper-ecad/GNewt/exp/gAddR.C,clean,c,IssueFalse,13747,285,3101,1,3,7,4,5,7,9,7,7,7,5,4,5,5,5,5,9,9,9,6,6,6,5,4,5,10,9,9,6,6,6,6,6,6,6,6,6,9,9,9,8,8,9,8,7,5,3,3,4,8,8,5,8,9,9,8,7,4,5,5,9,8,8
sf,cvs,reaper-ecad,reaper-ecad/GNewt/exp/gAddR.H,clean,c,IssueFalse,13747,285,3101,1,1,6,2,4,9,6,8,8,7,10,9,9,10,9,9,9,9,9,7,7,7,10,9,9,10,9,9,7,7,7,7,7,7,7,7,7,10,10,10,8,8,9,5,4,3,5,4,4,4,5,2,9,9,5,5,6,5,7,7,4,3,6
sf,cvs,reaper-ecad,reaper-ecad/GNewt/exp/gAnd.C,clean,c,IssueFalse,13747,285,3101,1,3,7,4,5,7,8,7,7,7,5,4,5,5,5,5,9,9,9,6,6,6,5,4,5,10,9,9,6,6,6,6,6,6,6,6,6,9,9,9,8,8,9,8,7,5,4,5,4,9,9,7,9,9,5,5,5,9,10,9,10,10,10
sf,cvs,reaper-ecad,reaper-ecad/GNewt/exp/gAnd.H,clean,c,IssueFalse,13747,285,3101,1,1,7,2,4,9,6,8,8,7,8,8,8,9,9,9,10,10,10,8,7,8,8,8,8,10,9,9,9,8,8,8,8,8,7,7,7,10,10,10,8,8,9,5,4,3,8,7,5,4,5,2,9,9,5,5,5,5,8,7,5,6,7
sf,cvs,reaper-ecad,reaper-ecad/GNewt/exp/gAnd2.H,clean,c,IssueFalse,13747,285,3101,1,1,7,2,4,9,6,8,8,7,10,9,9,10,9,9,9,9,9,7,7,7,10,9,9,10,9,9,7,7,7,7,7,7,7,7,7,10,10,10,8,8,9,5,4,3,6,5,5,4,5,2,8,9,5,5,5,5,7,6,4,3,5
sf,cvs,reaper-ecad,reaper-ecad/GNewt/exp/gAnd4.H,clean,c,IssueFalse,13747,285,3101,1,1,7,2,4,9,6,8,8,7,10,9,9,10,9,9,9,9,9,7,7,7,10,9,9,10,9,9,7,7,7,7,7,7,7,7,7,10,10,10,8,8,9,5,4,3,5,4,4,4,5,2,8,9,5,5,5,5,7,6,4,3,5
sf,cvs,reaper-ecad,reaper-ecad/GNewt/exp/gBin.C,clean,c,IssueFalse,13747,285,3101,1,1,6,2,4,8,6,7,7,7,5,4,5,5,5,5,9,9,9,6,6,6,5,4,5,10,9,9,6,6,6,6,6,6,6,6,6,9,9,9,8,8,9,5,4,3,3,4,4,6,6,3,5,9,4,4,4,7,8,7,4,3,4
sf,cvs,reaper-ecad,reaper-ecad/GNewt/exp/gBin.H,clean,c,IssueFalse,13747,285,3101,1,1,6,2,3,9,6,7,7,7,8,8,8,8,8,8,10,10,10,6,6,6,8,8,8,10,9,9,7,7,7,7,7,7,7,7,7,9,9,9,8,8,9,5,4,3,10,10,8,4,5,2,8,9,5,5,5,5,7,6,4,3,5
sf,cvs,reaper-ecad,reaper-ecad/GNewt/exp/gBit.C,clean,c,IssueFalse,13747,285,3101,1,3,7,4,5,7,9,7,7,7,5,4,5,5,5,5,9,9,9,6,6,6,5,4,5,10,9,9,6,6,6,6,6,6,6,6,6,9,9,9,8,8,9,7,7,5,3,3,4,8,8,6,9,9,9,9,8,9,10,9,9,8,9
sf,cvs,reaper-ecad,reaper-ecad/GNewt/exp/gBit.H,clean,c,IssueFalse,13747,285,3101,1,1,7,1,3,9,6,8,7,7,10,9,9,8,8,8,9,9,9,9,8,8,10,9,9,10,9,9,7,7,7,7,7,7,7,7,7,10,10,10,8,8,9,5,4,3,7,5,4,4,5,2,8,9,5,5,5,6,8,7,5,5,5
sf,cvs,reaper-ecad,reaper-ecad/GNewt/exp/gCast2.C,clean,c,IssueFalse,13747,285,3101,1,6,8,7,5,5,9,7,7,7,5,4,5,5,5,5,9,9,9,6,6,6,5,4,5,10,9,9,6,6,6,6,6,6,6,6,6,9,9,9,8,8,9,10,9,7,3,3,4,10,10,7,9,9,10,10,10,9,9,9,10,9,10
sf,cvs,reaper-ecad,reaper-ecad/GNewt/exp/gCast2.H,clean,c,IssueFalse,13747,285,3101,1,1,6,1,3,9,6,8,8,8,10,9,9,8,8,8,9,9,9,10,9,9,10,9,9,10,9,9,7,7,7,7,7,7,7,7,7,10,10,10,8,8,9,5,4,3,9,7,5,4,5,2,9,9,7,7,7,6,8,7,5,5,6
sf,cvs,reaper-ecad,reaper-ecad/GNewt/exp/gCast4.C,clean,c,IssueFalse,13747,285,3101,1,6,7,7,5,5,9,7,7,7,5,4,5,5,5,5,9,9,9,6,6,6,5,4,5,10,9,9,6,6,6,6,6,6,6,6,6,9,9,9,8,8,9,10,9,7,3,3,4,9,9,7,8,9,10,10,10,9,9,9,10,8,9
sf,cvs,reaper-ecad,reaper-ecad/GNewt/exp/gCast4.H,clean,c,IssueFalse,13747,285,3101,1,1,6,1,3,9,6,8,8,8,10,9,9,8,8,8,9,9,9,9,8,8,10,9,9,10,9,9,7,7,7,7,7,7,7,7,7,10,10,10,8,8,9,5,4,3,7,5,4,4,5,2,8,9,7,6,6,6,8,7,4,3,5
sf,cvs,reaper-ecad,reaper-ecad/GNewt/exp/gCastR.H,clean,c,IssueFalse,13747,285,3101,1,1,7,1,3,9,6,8,8,8,10,9,9,8,8,8,9,9,9,9,8,8,10,9,9,10,9,9,7,7,7,7,7,7,7,7,7,10,10,10,8,8,9,5,4,3,7,5,4,4,5,2,5,9,8,6,6,7,8,7,4,3,4
sf,cvs,reaper-ecad,reaper-ecad/GNewt/exp/gCat.C,clean,c,IssueFalse,13747,285,3101,1,3,7,4,5,7,8,7,7,7,5,4,5,5,5,5,9,9,9,6,6,6,5,4,5,10,9,9,6,6,6,6,6,6,6,6,6,9,9,9,8,8,9,8,7,5,3,3,4,9,9,6,8,9,6,5,5,9,9,9,10,10,10
sf,cvs,reaper-ecad,reaper-ecad/GNewt/exp/gCat.H,clean,c,IssueFalse,13747,285,3101,1,1,7,2,4,9,6,8,8,7,8,8,8,9,9,9,10,10,10,8,7,8,8,8,8,10,9,9,7,7,7,7,7,7,7,7,7,10,10,10,8,8,9,5,4,3,9,8,6,5,5,3,9,9,5,5,6,5,8,7,5,5,7
sf,cvs,reaper-ecad,reaper-ecad/GNewt/exp/gCeq.C,clean,c,IssueFalse,13747,285,3101,1,4,7,5,5,7,8,7,7,7,5,4,5,5,5,5,9,9,9,6,6,6,5,4,5,10,9,9,6,6,6,6,6,6,6,6,6,9,9,9,8,8,9,8,7,5,3,3,4,9,9,6,8,9,10,9,9,5,7,6,7,6,7
sf,cvs,reaper-ecad,reaper-ecad/GNewt/exp/gCeq.H,clean,c,IssueFalse,13747,285,3101,1,1,7,2,4,9,6,8,8,7,10,9,9,8,8,8,10,10,10,8,7,8,10,9,9,10,9,9,7,7,7,7,7,7,7,7,7,10,10,10,8,8,9,5,4,3,7,6,5,4,5,2,8,9,6,5,5,4,5,5,5,5,5
sf,cvs,reaper-ecad,reaper-ecad/GNewt/exp/gCeq4.C,clean,c,IssueFalse,13747,285,3101,1,3,7,4,5,7,10,7,7,7,5,4,5,5,5,5,9,9,9,6,6,6,5,4,5,10,9,9,6,6,6,6,6,6,6,6,6,9,9,9,8,8,9,9,8,6,3,3,4,8,8,6,5,9,10,9,9,4,5,5,9,7,7
sf,cvs,reaper-ecad,reaper-ecad/GNewt/exp/gChg.C,clean,c,IssueFalse,13747,285,3101,1,1,6,2,4,8,6,7,7,7,5,4,5,5,5,5,9,9,9,6,6,6,5,4,5,10,9,9,6,6,6,6,6,6,6,6,6,9,9,9,8,8,9,5,4,3,2,3,3,4,5,2,5,9,9,7,7,4,5,5,4,3,4
sf,cvs,reaper-ecad,reaper-ecad/GNewt/exp/gChg.H,clean,c,IssueFalse,13747,285,3101,1,1,7,1,3,9,6,7,7,7,10,9,9,8,8,8,10,10,10,7,7,7,10,9,9,10,9,9,7,7,7,7,7,7,7,7,7,10,10,10,8,8,9,5,4,3,10,7,5,4,5,2,8,9,6,5,6,4,5,5,4,3,5
sf,cvs,reaper-ecad,reaper-ecad/GNewt/exp/gCnd.C,clean,c,IssueFalse,13747,285,3101,1,3,7,5,5,7,8,7,7,7,5,4,5,5,5,5,9,9,9,6,6,6,5,4,5,10,9,9,6,6,6,6,6,6,6,6,6,9,9,9,8,8,9,8,7,5,4,5,4,9,9,7,5,9,6,5,5,10,10,10,10,10,9
sf,cvs,reaper-ecad,reaper-ecad/GNewt/exp/gCnd.H,clean,c,IssueFalse,13747,285,3101,1,1,7,2,4,9,6,8,8,7,10,9,9,9,8,8,10,10,10,8,7,8,10,9,9,10,9,9,9,8,8,8,8,8,7,7,7,10,10,10,8,8,9,5,4,3,8,7,6,4,5,2,5,9,6,5,5,7,8,7,6,5,5
sf,cvs,reaper-ecad,reaper-ecad/GNewt/exp/gCne.H,clean,c,IssueFalse,13747,285,3101,1,1,7,1,3,9,6,7,7,7,10,9,9,8,8,8,9,9,9,7,7,7,10,9,9,10,9,9,7,7,7,7,7,7,7,7,7,10,10,10,8,8,9,5,4,3,7,5,4,4,5,2,5,9,6,5,5,4,5,5,4,3,4
sf,cvs,reaper-ecad,reaper-ecad/GNewt/exp/gDiv.H,clean,c,IssueFalse,13747,285,3101,1,1,7,2,3,9,6,8,8,8,10,9,9,8,8,8,9,9,9,9,8,8,10,9,9,10,9,9,8,8,7,8,7,7,7,7,7,10,10,10,8,8,9,5,4,3,7,5,4,4,5,2,5,9,6,5,5,4,5,5,6,5,5
sf,cvs,reaper-ecad,reaper-ecad/GNewt/exp/gDly.C,clean,c,IssueFalse,13747,285,3101,1,1,6,2,4,8,6,7,7,7,5,4,5,5,5,5,9,9,9,6,6,6,5,4,5,10,9,9,6,6,6,6,6,6,6,6,6,9,9,9,8,8,9,5,4,3,2,3,3,4,5,2,5,9,9,7,7,7,8,7,4,3,4
sf,cvs,reaper-ecad,reaper-ecad/GNewt/exp/gDly.H,clean,c,IssueFalse,13747,285,3101,1,1,7,1,3,9,6,7,7,7,8,8,8,9,9,9,9,9,9,7,7,7,8,8,8,10,9,9,7,7,7,7,7,7,7,7,7,10,10,10,8,8,9,5,4,3,3,3,3,4,5,2,5,9,4,4,4,4,5,5,7,6,5
sf,cvs,reaper-ecad,reaper-ecad/GNewt/exp/gEql.C,clean,c,IssueFalse,13747,285,3101,1,1,6,2,4,8,6,7,7,7,5,4,5,5,5,5,9,9,9,6,6,6,5,4,5,10,9,9,6,6,6,6,6,6,6,6,6,9,9,9,8,8,9,5,4,3,2,3,3,4,5,2,5,9,9,7,7,4,5,5,4,3,4
sf,cvs,reaper-ecad,reaper-ecad/GNewt/exp/gEql.H,clean,c,IssueFalse,13747,285,3101,1,1,7,2,4,9,6,7,7,7,10,9,9,8,8,8,9,9,9,7,7,7,10,9,9,10,9,9,7,7,7,7,7,7,7,7,7,10,10,10,8,8,9,5,4,3,5,4,4,4,5,2,9,9,6,5,6,4,5,5,5,5,6
sf,cvs,reaper-ecad,reaper-ecad/GNewt/exp/gExp.C,clean,c,IssueFalse,13747,285,3101,1,8,10,9,7,5,10,7,7,7,5,4,5,5,5,5,9,9,9,6,6,6,5,4,5,10,9,9,6,6,6,6,6,6,6,6,6,9,9,9,8,8,9,10,10,10,7,8,8,8,9,9,10,10,10,10,10,9,10,10,8,9,10
sf,cvs,reaper-ecad,reaper-ecad/GNewt/exp/gExp.H,clean,c,IssueFalse,13747,285,3101,1,5,10,7,9,8,6,8,8,8,5,6,7,6,7,8,10,10,10,6,6,7,5,6,7,10,10,10,8,9,9,8,9,9,8,9,9,9,10,10,8,8,9,5,4,8,10,10,10,4,6,8,10,10,9,10,10,10,10,10,8,8,9
sf,cvs,reaper-ecad,reaper-ecad/GNewt/exp/gFcl.H,clean,c,IssueFalse,13747,285,3101,1,2,7,2,3,8,6,8,7,7,8,8,8,9,9,9,10,10,10,7,7,7,8,8,8,10,9,9,7,7,7,7,7,7,7,7,7,10,10,10,8,8,9,5,4,3,5,4,4,2,3,1,5,9,6,5,5,4,5,5,4,3,4
sf,cvs,reaper-ecad,reaper-ecad/GNewt/exp/gFixExp.H,clean,c,IssueFalse,13747,285,3101,1,6,9,8,9,6,9,7,7,7,5,4,5,5,5,5,9,9,9,6,6,6,5,4,5,10,9,9,6,6,6,6,6,6,6,6,6,9,9,9,8,8,9,6,7,9,10,10,10,5,6,9,9,10,9,8,8,9,10,9,5,5,6
sf,cvs,reaper-ecad,reaper-ecad/GNewt/exp/gFld.C,clean,c,IssueFalse,13747,285,3101,1,7,9,8,5,6,9,7,7,7,5,4,5,5,5,5,9,9,9,6,6,6,5,4,5,10,9,9,6,6,6,6,6,6,6,6,6,9,9,9,8,8,9,10,8,7,2,3,4,10,9,8,8,9,10,10,9,4,5,5,6,6,6
sf,cvs,reaper-ecad,reaper-ecad/GNewt/exp/gFld.H,clean,c,IssueFalse,13747,285,3101,1,1,7,2,3,9,6,8,8,8,10,9,9,9,8,8,9,9,9,9,9,9,10,9,9,10,9,9,8,8,7,8,7,7,7,7,7,10,10,10,8,8,9,5,4,3,10,7,5,4,5,2,5,9,6,5,5,4,5,5,6,5,5
sf,cvs,reaper-ecad,reaper-ecad/GNewt/exp/gFour.C,clean,c,IssueFalse,13747,285,3101,1,8,7,8,10,3,6,7,7,7,5,4,5,5,5,5,9,9,9,6,6,6,5,4,5,10,9,9,6,6,6,6,6,6,6,6,6,9,9,9,8,8,9,5,4,9,4,9,9,5,6,9,8,10,8,7,7,4,5,5,5,5,5
sf,cvs,reaper-ecad,reaper-ecad/GNewt/exp/gFour.H,clean,c,IssueFalse,13747,285,3101,1,3,8,5,3,7,6,9,9,8,7,6,7,9,9,9,9,9,9,7,7,7,7,6,7,10,9,9,10,10,9,10,9,9,10,10,10,9,9,9,8,8,9,5,4,3,10,10,7,6,5,2,9,10,7,6,7,5,7,6,5,5,6
sf,cvs,reaper-ecad,reaper-ecad/GNewt/exp/gGet4.C,clean,c,IssueFalse,13747,285,3101,1,3,7,4,5,7,8,7,7,7,5,4,5,5,5,5,9,9,9,6,6,6,5,4,5,10,9,9,6,6,6,6,6,6,6,6,6,9,9,9,8,8,9,8,7,5,3,3,4,9,9,6,5,9,9,7,7,10,9,9,10,9,9
sf,cvs,reaper-ecad,reaper-ecad/GNewt/exp/gGet4.H,clean,c,IssueFalse,13747,285,3101,1,1,7,2,4,9,6,8,8,7,10,9,9,8,8,8,9,9,9,8,8,8,10,9,9,10,9,9,7,7,7,7,7,7,7,7,7,10,10,10,8,8,9,5,4,3,4,4,4,4,5,2,5,9,4,4,4,4,5,5,6,5,5
sf,cvs,reaper-ecad,reaper-ecad/GNewt/exp/gGetH.C,clean,c,IssueFalse,13747,285,3101,1,3,7,4,5,7,8,7,7,7,5,4,5,5,5,5,9,9,9,6,6,6,5,4,5,10,9,9,6,6,6,6,6,6,6,6,6,9,9,9,8,8,9,8,7,5,3,3,4,9,9,6,5,9,6,5,5,10,10,10,10,8,8
sf,cvs,reaper-ecad,reaper-ecad/GNewt/exp/gGetL.C,clean,c,IssueFalse,13747,285,3101,1,3,7,4,5,7,8,7,7,7,5,4,5,5,5,5,9,9,9,6,6,6,5,4,5,10,9,9,6,6,6,6,6,6,6,6,6,9,9,9,8,8,9,8,7,5,3,3,4,9,9,6,5,9,6,5,5,10,10,10,10,8,8
sf,cvs,reaper-ecad,reaper-ecad/GNewt/exp/gIdent.C,clean,c,IssueFalse,13747,285,3101,1,1,6,2,5,8,6,7,7,7,5,4,5,5,5,5,9,9,9,6,6,6,5,4,5,10,9,9,6,6,6,6,6,6,6,6,6,9,9,9,8,8,9,5,4,4,2,3,3,4,5,3,8,10,9,7,7,4,5,5,4,3,5
sf,cvs,reaper-ecad,reaper-ecad/GNewt/exp/gIdent.H,clean,c,IssueFalse,13747,285,3101,1,1,8,2,4,9,6,8,7,7,7,6,7,7,7,7,9,9,9,7,7,7,7,6,7,10,9,9,7,7,7,7,7,7,8,8,8,9,9,9,8,8,9,5,4,3,6,5,5,5,6,3,8,10,8,6,7,6,8,7,4,3,5
sf,cvs,reaper-ecad,reaper-ecad/GNewt/exp/gInt.C,clean,c,IssueFalse,13747,285,3101,1,1,6,2,5,8,6,7,7,7,5,4,5,5,5,5,9,9,9,6,6,6,5,4,5,10,9,9,6,6,6,6,6,6,6,6,6,9,9,9,8,8,9,5,4,4,2,3,3,3,5,3,8,10,9,7,7,6,8,7,7,6,7
sf,cvs,reaper-ecad,reaper-ecad/GNewt/exp/gInt.H,clean,c,IssueFalse,13747,285,3101,1,2,8,2,5,9,6,8,7,7,7,6,7,7,7,7,9,9,9,7,7,7,7,6,7,10,9,9,8,8,7,8,7,7,8,8,8,9,9,9,8,8,9,5,4,4,10,10,9,4,6,3,9,10,8,6,7,5,8,7,5,5,6
sf,cvs,reaper-ecad,reaper-ecad/GNewt/exp/gInv.H,clean,c,IssueFalse,13747,285,3101,1,1,7,2,3,9,6,8,8,7,10,9,9,8,8,8,9,9,9,8,8,8,10,9,9,10,9,9,8,8,7,8,7,7,7,7,7,10,10,10,8,8,9,5,4,3,5,4,4,4,5,2,5,9,6,5,5,4,5,5,6,5,5
sf,cvs,reaper-ecad,reaper-ecad/GNewt/exp/gLth.H,clean,c,IssueFalse,13747,285,3101,1,1,7,1,3,9,6,7,7,7,10,9,9,8,8,8,9,9,9,7,7,7,10,9,9,10,9,9,7,7,7,7,7,7,7,7,7,10,10,10,8,8,9,5,4,3,7,5,4,4,5,2,5,9,6,5,5,4,5,5,4,3,4
sf,cvs,reaper-ecad,reaper-ecad/GNewt/exp/gMod.H,clean,c,IssueFalse,13747,285,3101,1,1,7,2,3,9,6,8,8,8,10,9,9,8,8,8,9,9,9,9,8,8,10,9,9,10,9,9,8,8,7,8,7,7,7,7,7,10,10,10,8,8,9,5,4,3,7,5,4,4,5,2,5,9,6,5,5,4,5,5,6,5,5
sf,cvs,reaper-ecad,reaper-ecad/GNewt/exp/gMul.H,clean,c,IssueFalse,13747,285,3101,1,1,7,2,4,9,6,8,7,7,8,8,8,9,9,9,10,10,10,7,7,7,8,8,8,10,9,9,8,8,7,8,7,7,7,7,7,10,10,10,8,8,9,5,4,3,9,8,6,4,5,2,5,9,6,5,5,4,5,5,4,3,4
sf,cvs,reaper-ecad,reaper-ecad/GNewt/exp/gMul2.H,clean,c,IssueFalse,13747,285,3101,1,1,7,2,4,9,6,8,7,7,10,9,9,10,9,9,9,9,9,7,7,7,10,9,9,10,9,9,8,8,7,8,7,7,7,7,7,10,10,10,8,8,9,5,4,3,4,4,4,4,5,2,5,9,6,5,5,4,5,5,4,3,4
sf,cvs,reaper-ecad,reaper-ecad/GNewt/exp/gMul4.H,clean,c,IssueFalse,13747,285,3101,1,1,7,2,4,9,6,8,7,7,10,9,9,10,9,9,9,9,9,7,7,7,10,9,9,10,9,9,8,8,7,8,7,7,7,7,7,10,10,10,8,8,9,5,4,3,4,4,4,4,5,2,5,9,6,5,5,4,5,5,4,3,4
sf,cvs,reaper-ecad,reaper-ecad/GNewt/exp/gMulI.H,clean,c,IssueFalse,13747,285,3101,1,1,7,2,4,9,6,8,7,7,10,9,9,10,9,9,9,9,9,7,7,7,10,9,9,10,9,9,8,8,7,8,7,7,7,7,7,10,10,10,8,8,9,5,4,3,4,4,4,4,5,2,5,9,6,5,5,4,5,5,4,3,4
sf,cvs,reaper-ecad,reaper-ecad/GNewt/exp/gMulR.H,clean,c,IssueFalse,13747,285,3101,1,1,7,2,4,9,6,8,7,7,10,9,9,10,9,9,9,9,9,7,7,7,10,9,9,10,9,9,8,8,7,8,7,7,7,7,7,10,10,10,8,8,9,5,4,3,4,4,4,4,5,2,5,9,6,5,5,4,5,5,4,3,4
sf,cvs,reaper-ecad,reaper-ecad/GNewt/exp/gNed.H,clean,c,IssueFalse,13747,285,3101,1,1,7,1,3,9,6,7,7,7,10,10,9,9,8,8,9,9,9,6,6,7,10,10,9,10,9,9,7,7,7,7,7,7,7,7,7,10,10,10,8,8,9,5,4,3,5,4,4,4,5,2,5,9,6,5,5,4,5,5,4,3,4
sf,cvs,reaper-ecad,reaper-ecad/GNewt/exp/gNeq.C,clean,c,IssueFalse,13747,285,3101,1,1,6,2,4,8,6,7,7,7,5,4,5,5,5,5,9,9,9,6,6,6,5,4,5,10,9,9,6,6,6,6,6,6,6,6,6,9,9,9,8,8,9,5,4,3,2,3,3,4,5,2,5,9,9,7,7,4,5,5,4,3,4
sf,cvs,reaper-ecad,reaper-ecad/GNewt/exp/gNeq.H,clean,c,IssueFalse,13747,285,3101,1,1,7,1,3,9,6,7,7,7,10,9,9,8,8,8,9,9,9,7,7,7,10,9,9,10,9,9,7,7,7,7,7,7,7,7,7,10,10,10,8,8,9,5,4,3,7,5,4,4,5,2,8,9,6,5,6,4,5,5,4,3,5
sf,cvs,reaper-ecad,reaper-ecad/GNewt/exp/gNot.C,clean,c,IssueFalse,13747,285,3101,1,1,6,2,4,8,6,7,7,7,5,4,5,5,5,5,9,9,9,6,6,6,5,4,5,10,9,9,6,6,6,6,6,6,6,6,6,9,9,9,8,8,9,5,4,3,2,3,3,4,5,2,5,9,9,7,7,4,5,5,4,3,4
sf,cvs,reaper-ecad,reaper-ecad/GNewt/exp/gNot.H,clean,c,IssueFalse,13747,285,3101,1,1,7,1,3,9,6,7,7,7,10,9,9,8,8,8,10,10,10,7,7,7,10,9,9,10,9,9,7,7,7,7,7,7,7,7,7,10,10,10,8,8,9,5,4,3,7,5,4,4,5,2,8,9,6,5,6,4,5,5,4,3,5
sf,cvs,reaper-ecad,reaper-ecad/GNewt/exp/gOr.H,clean,c,IssueFalse,13747,285,3101,1,1,7,2,4,8,6,8,8,8,8,8,8,9,9,9,10,10,10,8,8,8,8,8,8,10,9,9,8,8,8,8,8,7,7,7,7,10,10,10,8,8,9,5,4,3,5,4,4,4,5,2,5,9,6,5,5,4,5,5,6,5,5
sf,cvs,reaper-ecad,reaper-ecad/GNewt/exp/gPed.H,clean,c,IssueFalse,13747,285,3101,1,1,7,1,3,9,6,7,7,7,10,10,9,9,8,8,9,9,9,6,6,7,10,10,9,10,9,9,7,7,7,7,7,7,7,7,7,10,10,10,8,8,9,5,4,3,5,4,4,4,5,2,5,9,6,5,5,4,5,5,4,3,4
sf,cvs,reaper-ecad,reaper-ecad/GNewt/exp/gReal.C,clean,c,IssueFalse,13747,285,3101,1,1,6,2,5,8,6,7,7,7,5,4,5,5,5,5,9,9,9,6,6,6,5,4,5,10,9,9,6,6,6,6,6,6,6,6,6,9,9,9,8,8,9,5,4,4,2,3,3,3,5,3,8,10,9,7,7,4,5,5,4,3,5
sf,cvs,reaper-ecad,reaper-ecad/GNewt/exp/gReal.H,clean,c,IssueFalse,13747,285,3101,1,2,8,2,5,9,6,8,7,7,7,6,7,7,7,7,9,9,9,7,7,7,7,6,7,10,9,9,8,8,7,8,7,7,8,8,8,9,9,9,8,8,9,5,4,4,10,9,7,4,6,3,9,10,8,6,7,5,8,7,5,5,6
sf,cvs,reaper-ecad,reaper-ecad/GNewt/exp/gRep.C,clean,c,IssueFalse,13747,285,3101,1,1,6,2,4,8,6,7,7,7,5,4,5,5,5,5,9,9,9,6,6,6,5,4,5,10,9,9,6,6,6,6,6,6,6,6,6,9,9,9,8,8,9,5,4,3,2,3,3,4,5,2,5,9,9,7,7,4,5,5,4,3,4
sf,cvs,reaper-ecad,reaper-ecad/GNewt/exp/gRep.H,clean,c,IssueFalse,13747,285,3101,1,1,7,1,3,9,6,7,7,7,10,9,9,8,8,8,9,9,9,7,7,7,10,9,9,10,9,9,7,7,7,7,7,7,7,7,7,10,10,10,8,8,9,5,4,3,10,7,5,4,5,2,8,9,6,5,5,4,5,5,4,3,5
sf,cvs,reaper-ecad,reaper-ecad/GNewt/exp/gRnd.H,clean,c,IssueFalse,13747,285,3101,1,1,6,1,2,9,6,7,7,7,7,6,7,7,7,7,10,10,10,6,6,7,7,6,7,10,9,9,7,7,7,7,7,7,8,7,7,9,9,9,8,8,9,2,2,2,2,2,3,1,3,1,8,9,6,5,5,5,7,6,4,3,5
sf,cvs,reaper-ecad,reaper-ecad/GNewt/exp/gShl.H,clean,c,IssueFalse,13747,285,3101,1,1,7,2,3,9,6,8,8,8,10,9,9,8,8,8,9,9,9,9,8,8,10,9,9,10,9,9,8,8,7,8,7,7,7,7,7,10,10,10,8,8,9,5,4,3,7,5,4,4,5,2,5,9,6,5,5,4,5,5,6,5,5
sf,cvs,reaper-ecad,reaper-ecad/GNewt/exp/gShr.H,clean,c,IssueFalse,13747,285,3101,1,1,7,2,3,9,6,8,8,8,10,9,9,8,8,8,9,9,9,9,8,8,10,9,9,10,9,9,8,8,8,8,8,7,7,7,7,10,10,10,8,8,9,5,4,3,8,6,4,4,5,2,5,9,6,5,5,4,5,5,6,5,5
sf,cvs,reaper-ecad,reaper-ecad/GNewt/exp/gSub.C,clean,c,IssueFalse,13747,285,3101,1,2,6,2,5,8,6,7,7,7,5,4,5,5,5,5,9,9,9,6,6,6,5,4,5,10,9,9,6,6,6,6,6,6,6,6,6,9,9,9,8,8,9,5,4,4,3,3,4,5,6,4,8,9,4,4,4,10,10,10,8,8,8
sf,cvs,reaper-ecad,reaper-ecad/GNewt/exp/gSub.H,clean,c,IssueFalse,13747,285,3101,1,1,7,2,3,9,6,7,7,7,10,9,9,8,8,8,10,10,10,7,7,7,10,9,9,10,9,9,7,7,7,7,7,7,7,7,7,10,10,10,8,8,9,5,4,3,10,8,5,4,5,2,8,9,6,5,5,6,8,7,4,3,5
sf,cvs,reaper-ecad,reaper-ecad/GNewt/exp/gSub2.H,clean,c,IssueFalse,13747,285,3101,1,1,7,2,3,9,6,7,7,7,10,10,9,9,8,8,9,9,9,7,7,7,10,10,9,10,9,9,7,7,7,7,7,7,7,7,7,10,10,10,8,8,9,5,4,3,7,5,4,4,5,2,5,9,6,5,5,4,5,5,4,3,4
sf,cvs,reaper-ecad,reaper-ecad/GNewt/exp/gSub4.H,clean,c,IssueFalse,13747,285,3101,1,1,7,2,3,9,6,7,7,7,10,10,9,9,8,8,9,9,9,7,7,7,10,10,9,10,9,9,7,7,7,7,7,7,7,7,7,10,10,10,8,8,9,5,4,3,7,5,4,4,5,2,5,9,6,5,5,4,5,5,4,3,4
sf,cvs,reaper-ecad,reaper-ecad/GNewt/exp/gSubR.H,clean,c,IssueFalse,13747,285,3101,1,1,7,2,3,9,6,7,7,7,10,10,9,9,8,8,9,9,9,7,7,7,10,10,9,10,9,9,7,7,7,7,7,7,7,7,7,10,10,10,8,8,9,5,4,3,7,5,4,4,5,2,5,9,6,5,5,4,5,5,4,3,4
sf,cvs,reaper-ecad,reaper-ecad/GNewt/exp/gSyf.H,clean,c,IssueFalse,13747,285,3101,1,1,6,2,3,9,6,7,7,7,10,9,9,9,9,9,9,9,9,7,7,7,10,9,9,10,9,9,7,7,7,7,7,7,6,6,7,10,10,10,8,8,9,5,4,3,5,4,4,4,5,2,5,9,6,5,5,4,5,5,4,3,4
sf,cvs,reaper-ecad,reaper-ecad/GNewt/exp/gText.C,clean,c,IssueFalse,13747,285,3101,1,2,6,2,5,8,6,7,7,7,5,4,5,5,5,5,9,9,9,6,6,6,5,4,5,10,9,9,6,6,6,6,6,6,6,6,6,9,9,9,8,8,9,5,4,4,3,4,4,3,5,3,5,9,9,7,7,4,5,5,4,3,4
sf,cvs,reaper-ecad,reaper-ecad/GNewt/exp/gText.H,clean,c,IssueFalse,13747,285,3101,1,2,8,3,5,9,6,8,7,7,7,6,7,7,7,7,9,9,9,7,7,7,7,6,7,10,9,9,8,8,7,8,7,7,8,8,8,9,9,9,8,8,9,5,4,4,4,4,5,5,6,4,5,9,8,6,6,4,5,5,4,3,4
sf,cvs,reaper-ecad,reaper-ecad/GNewt/exp/gTime.C,clean,c,IssueFalse,13747,285,3101,1,1,6,2,5,8,6,7,7,7,5,4,5,5,5,5,9,9,9,6,6,6,5,4,5,10,9,9,6,6,6,6,6,6,6,6,6,9,9,9,8,8,9,5,4,4,2,3,3,3,5,3,8,10,9,7,7,4,5,5,7,6,7
sf,cvs,reaper-ecad,reaper-ecad/GNewt/exp/gTime.H,clean,c,IssueFalse,13747,285,3101,1,2,8,2,5,9,6,8,7,7,7,6,7,7,7,7,9,9,9,7,7,7,7,6,7,10,9,9,8,8,7,8,7,7,8,8,8,9,9,9,8,8,9,5,4,4,10,10,8,4,6,3,8,10,8,6,7,6,8,7,4,3,5
sf,cvs,reaper-ecad,reaper-ecad/GNewt/exp/gTri.H,clean,c,IssueFalse,13747,285,3101,1,1,7,2,5,9,6,8,7,7,8,8,8,8,8,8,10,10,10,6,6,6,8,8,8,10,9,9,8,8,7,8,7,7,8,8,8,9,9,9,8,8,9,5,4,4,6,8,5,4,5,3,5,9,4,4,4,4,5,5,6,5,5
sf,cvs,reaper-ecad,reaper-ecad/GNewt/exp/gTwo.C,clean,c,IssueFalse,13747,285,3101,1,8,7,8,9,3,6,7,7,7,5,4,5,5,5,5,9,9,9,6,6,6,5,4,5,10,9,9,6,6,6,6,6,6,6,6,6,9,9,9,8,8,9,5,4,8,4,9,9,5,6,9,8,10,8,7,7,5,7,6,6,5,6
sf,cvs,reaper-ecad,reaper-ecad/GNewt/exp/gTwo.H,clean,c,IssueFalse,13747,285,3101,1,3,8,4,3,7,6,9,9,8,8,8,8,10,10,9,9,9,9,6,6,7,8,8,8,10,9,9,10,10,9,10,9,9,10,10,10,9,9,9,8,8,9,5,4,3,10,10,7,6,5,2,8,10,8,6,7,5,7,6,4,3,5
sf,cvs,reaper-ecad,reaper-ecad/GNewt/exp/gUni.H,clean,c,IssueFalse,13747,285,3101,1,1,6,1,3,9,6,7,7,7,8,8,8,8,8,8,10,10,10,6,6,6,8,8,8,10,9,9,7,7,7,7,7,7,8,7,7,9,9,9,8,8,9,5,4,3,2,2,3,4,5,2,5,9,4,4,4,4,5,5,6,5,5
sf,cvs,reaper-ecad,reaper-ecad/GNewt/exp/gVar.H,clean,c,IssueFalse,13747,285,3101,1,2,8,2,4,8,6,8,7,7,7,6,7,8,7,7,9,9,9,7,7,7,7,6,7,10,9,9,8,8,8,8,8,7,8,7,7,10,10,10,8,8,9,5,4,3,5,4,4,4,5,2,8,9,7,6,6,5,7,6,4,3,5
sf,cvs,reaper-ecad,reaper-ecad/GNewt/exp/gVecExp.C,clean,c,IssueFalse,13747,285,3101,1,5,8,6,7,6,9,7,7,7,5,4,5,5,5,5,9,9,9,6,6,6,5,4,5,10,9,9,6,6,6,6,6,6,6,6,6,9,9,9,8,8,9,8,7,7,10,10,9,6,6,7,9,10,7,7,7,9,10,9,5,5,7
sf,cvs,reaper-ecad,reaper-ecad/GNewt/exp/gVecExp.H,clean,c,IssueFalse,13747,285,3101,1,2,8,3,3,8,6,9,8,8,7,6,7,9,9,9,10,10,10,7,7,7,7,6,7,10,9,9,9,9,8,9,9,8,9,8,8,10,10,10,8,8,9,5,4,3,3,3,3,9,7,3,9,10,7,7,7,5,8,7,4,3,5
sf,cvs,reaper-ecad,reaper-ecad/GNewt/exp/gXor.H,clean,c,IssueFalse,13747,285,3101,1,1,7,2,4,9,6,8,8,8,8,8,8,9,9,9,10,10,10,8,8,8,8,8,8,10,9,9,8,8,8,8,8,8,8,8,8,10,10,10,8,8,9,5,4,3,6,5,5,4,5,2,8,9,5,5,5,6,8,7,5,5,5
sf,cvs,reaper-ecad,reaper-ecad/GNewt/name/gVariable.C,clean,c,IssueFalse,13747,285,3101,1,3,8,4,5,7,8,7,7,7,5,4,5,5,5,5,9,9,9,6,6,6,5,4,5,10,9,9,6,6,6,6,6,6,6,6,6,9,9,9,8,8,9,8,7,6,9,9,7,5,6,5,8,9,8,7,7,4,5,5,5,5,5
sf,cvs,reaper-ecad,reaper-ecad/GNewt/name/gVariable.H,clean,c,IssueFalse,13747,285,3101,1,4,9,6,9,8,6,7,8,8,7,8,10,6,6,9,10,10,10,6,7,9,7,8,10,10,10,10,7,9,9,7,9,9,7,9,9,9,9,9,8,8,9,5,4,7,6,6,8,4,6,8,8,9,6,5,5,6,8,7,7,6,7
sf,cvs,reaper-ecad,reaper-ecad/GNewt/number/.gConfig.h,clean,c,IssueFalse,13747,285,3101,1,2,7,1,2,8,6,7,7,7,5,4,5,5,5,5,9,9,9,6,6,6,5,4,5,10,9,9,6,6,6,6,6,6,6,6,6,9,9,9,8,8,9,2,2,2,2,2,3,1,3,1,5,9,10,8,8,7,8,7,10,9,9
sf,cvs,reaper-ecad,reaper-ecad/GNewt/number/Attic/gWord4.H,clean,c,IssueFalse,13747,285,3101,1,6,8,9,10,5,8,9,8,8,5,4,5,6,6,7,9,9,9,6,6,6,5,4,5,10,9,9,9,9,9,9,9,9,10,9,9,9,9,9,8,8,9,5,6,9,6,9,9,4,6,9,8,9,10,9,9,4,5,5,4,3,5
sf,cvs,reaper-ecad,reaper-ecad/GNewt/number/gDefines.C,clean,c,IssueFalse,13747,285,3101,1,9,9,10,7,3,10,7,7,7,5,4,5,5,5,5,9,9,9,6,6,6,5,4,5,10,9,9,6,6,6,6,6,6,6,6,6,9,9,9,8,8,9,10,10,10,5,7,6,10,9,9,9,9,7,6,6,6,8,7,10,9,10
sf,cvs,reaper-ecad,reaper-ecad/GNewt/number/gDefines.H,clean,c,IssueFalse,13747,285,3101,1,6,9,6,8,6,8,7,7,7,5,4,5,5,5,5,9,9,9,6,6,6,5,4,5,10,9,9,6,6,6,6,6,6,6,6,6,9,9,9,8,8,9,6,7,6,9,9,8,2,5,3,9,9,5,5,5,8,9,9,5,5,6
sf,cvs,reaper-ecad,reaper-ecad/GNewt/number/gNumber2.C,clean,c,IssueFalse,13747,285,3101,1,10,10,10,10,5,10,7,7,7,5,4,5,5,5,5,9,9,9,6,6,6,5,4,5,10,9,9,6,6,6,6,6,6,6,6,6,9,9,9,8,8,9,9,9,10,4,7,9,7,8,10,5,9,4,4,4,4,5,5,9,8,7
sf,cvs,reaper-ecad,reaper-ecad/GNewt/number/gNumber2.H,clean,c,IssueFalse,13747,285,3101,1,3,7,5,3,7,6,10,10,9,7,6,7,9,9,9,10,10,10,6,6,6,7,6,7,10,9,9,10,10,10,10,10,9,10,10,10,9,9,9,9,9,9,5,4,3,8,6,4,4,5,2,5,9,6,5,5,4,5,5,6,5,5
sf,cvs,reaper-ecad,reaper-ecad/GNewt/number/gNumber4.C,clean,c,IssueFalse,13747,285,3101,1,10,10,10,10,4,10,7,7,7,5,4,5,5,5,5,9,9,9,6,6,6,5,4,5,10,9,9,6,6,6,6,6,6,6,6,6,9,9,9,8,8,9,10,10,10,8,9,10,8,8,10,5,9,10,10,10,10,10,10,10,10,10
sf,cvs,reaper-ecad,reaper-ecad/GNewt/number/gNumber4.H,clean,c,IssueFalse,13747,285,3101,1,5,9,7,7,7,6,10,10,10,5,4,5,8,8,8,10,10,10,7,7,7,5,4,5,10,9,9,10,10,10,10,10,10,10,10,10,9,9,9,9,9,9,6,7,6,9,10,9,4,5,6,8,9,10,9,9,8,9,8,9,8,8
sf,cvs,reaper-ecad,reaper-ecad/GNewt/verilog/gVParser.H,clean,c,IssueFalse,13747,285,3101,1,9,10,10,10,7,8,9,10,10,5,6,9,6,9,9,9,9,9,8,10,10,5,6,9,10,10,10,9,10,10,9,10,10,10,10,10,9,9,9,9,9,9,5,6,10,5,10,10,3,5,10,5,9,4,4,4,4,5,5,9,7,7
sf,cvs,reaper-ecad,reaper-ecad/ReaperApps/converters/Attic/cif2gds.c,clean,c,IssueFalse,13747,285,3101,1,6,8,5,5,5,8,7,7,7,5,4,5,5,5,5,9,9,9,6,6,6,5,4,5,10,10,10,6,6,6,6,6,6,6,6,6,9,9,9,8,8,9,6,6,4,6,7,5,9,7,6,5,9,4,4,4,4,5,5,4,3,4
sf,cvs,reaper-ecad,reaper-ecad/reaper/base/capi/rCapi.h,clean,c,IssueFalse,13747,285,3101,1,1,5,1,2,10,6,7,7,7,5,4,5,5,5,5,9,9,9,6,6,6,5,4,5,10,9,9,6,6,6,6,6,6,6,6,6,9,9,9,8,8,9,2,2,2,2,2,3,1,3,1,5,9,4,4,4,4,5,5,4,3,4
sf,cvs,reaper-ecad,reaper-ecad/reaper/base/capi/rCapi_StringVec.C,buggy,c,IssueFalse,13747,285,3101,1,3,7,3,6,7,6,7,7,7,5,4,5,5,5,5,9,9,9,6,6,6,5,4,5,10,9,9,6,6,6,6,6,6,6,6,6,9,9,9,8,8,9,5,4,5,3,4,5,2,5,3,5,9,4,4,4,4,5,5,4,3,4
sf,cvs,reaper-ecad,reaper-ecad/reaper/base/capi/rCapi_StringVec.h,clean,c,IssueFalse,13747,285,3101,1,1,8,1,2,10,6,7,7,7,5,4,5,5,5,5,9,9,9,6,6,6,5,4,5,10,9,9,6,6,6,6,6,6,6,6,6,9,9,9,8,8,9,2,2,2,2,2,3,1,3,1,5,9,4,4,4,4,5,5,4,3,4
sf,cvs,reaper-ecad,reaper-ecad/reaper/base/perl/rCapi_perl.h,clean,c,IssueFalse,13747,285,3101,1,1,6,1,2,10,6,7,7,7,5,4,5,5,5,5,9,9,9,6,6,6,5,4,5,10,9,9,6,6,6,6,6,6,6,6,6,9,9,9,8,8,9,2,2,2,2,2,3,1,3,1,5,9,4,4,4,4,5,5,4,3,4
sf,cvs,reaper-ecad,reaper-ecad/reaper/base/test/util/File.C,clean,c,IssueFalse,13747,285,3101,1,6,9,7,5,6,9,7,7,7,5,4,5,5,5,5,9,9,9,6,6,6,5,4,5,10,9,9,6,6,6,6,6,6,6,6,6,9,9,9,8,8,9,10,9,7,5,6,5,8,8,6,10,10,4,4,4,7,10,9,5,6,8
sf,cvs,reaper-ecad,reaper-ecad/reaper/base/util/.rConfig.h,clean,c,IssueFalse,13747,285,3101,1,1,7,2,2,9,6,7,7,7,5,4,5,5,5,5,9,9,9,6,6,6,5,4,5,10,9,9,6,6,6,6,6,6,6,6,6,9,9,9,8,8,9,2,2,2,2,2,3,1,3,1,9,9,5,5,5,4,5,5,5,6,7
sf,cvs,reaper-ecad,reaper-ecad/reaper/base/util/Attic/rPool.C,clean,c,IssueFalse,13747,285,3101,1,7,10,8,7,6,10,7,7,7,5,4,5,5,5,5,9,9,9,6,6,6,5,4,5,10,9,9,6,6,6,6,6,6,6,6,6,9,9,9,8,8,9,9,8,8,9,8,8,10,10,10,8,9,4,4,4,9,9,8,7,7,7
sf,cvs,reaper-ecad,reaper-ecad/reaper/base/util/Attic/rPool.H,clean,c,IssueFalse,13747,285,3101,1,6,9,7,9,7,6,8,9,9,5,4,5,5,6,7,9,9,9,6,8,9,5,4,5,10,10,10,7,9,9,7,9,9,7,9,9,9,9,9,9,9,9,5,4,7,5,6,8,3,6,7,8,9,5,5,5,6,8,7,5,5,5
sf,cvs,reaper-ecad,reaper-ecad/reaper/base/util/rAlloc.H,clean,c,IssueFalse,13747,285,3101,1,6,10,8,7,7,10,7,7,7,5,4,5,5,5,5,9,9,9,6,6,6,5,4,5,10,9,9,6,6,6,6,6,6,6,6,6,9,9,9,8,8,9,9,8,8,6,8,7,8,9,9,9,9,4,4,4,5,8,7,9,9,9
sf,cvs,reaper-ecad,reaper-ecad/reaper/base/util/rFile.C,clean,c,IssueFalse,13747,285,3101,1,9,10,9,9,5,9,7,7,7,5,4,5,5,5,5,9,9,9,6,6,6,5,4,5,10,9,9,6,6,6,6,6,6,6,6,6,9,9,9,8,8,9,9,8,9,9,9,9,10,8,10,10,10,9,9,10,9,10,10,9,9,10
sf,cvs,reaper-ecad,reaper-ecad/reaper/base/util/rFile.H,clean,c,IssueFalse,13747,285,3101,1,5,9,7,9,7,6,9,9,9,5,4,5,6,7,8,9,9,9,7,7,8,5,4,5,10,10,10,9,10,10,9,10,9,9,10,10,9,9,9,10,10,10,5,4,8,4,5,8,3,5,7,10,10,7,7,8,8,10,9,9,10,10
sf,cvs,reaper-ecad,reaper-ecad/reaper/base/util/rGzFile.C,clean,c,IssueFalse,13747,285,3101,1,5,9,5,8,6,9,7,7,7,5,4,5,5,5,5,9,9,9,6,6,6,5,4,5,10,9,9,6,6,6,6,6,6,6,6,6,9,9,9,8,8,9,7,7,7,4,6,7,7,7,8,5,9,4,4,4,4,5,5,4,3,4
sf,cvs,reaper-ecad,reaper-ecad/reaper/base/util/rHashTable.H,buggy,c,IssueFalse,13747,285,3101,1,10,10,10,10,5,10,7,7,8,5,4,5,5,5,7,9,9,9,6,7,8,5,4,5,10,10,10,6,8,9,6,8,9,7,8,9,9,9,9,8,8,9,9,9,10,5,7,10,6,8,10,9,9,4,4,4,4,5,5,5,6,7
sf,cvs,reaper-ecad,reaper-ecad/reaper/base/util/rPage.C,clean,c,IssueFalse,13747,285,3101,1,7,9,7,7,6,9,7,7,7,5,4,5,5,5,5,9,9,9,6,6,6,5,4,5,10,9,9,6,6,6,6,6,6,6,6,6,9,9,9,8,8,9,9,7,8,9,8,9,9,9,9,10,9,9,10,9,6,8,8,8,9,10
sf,cvs,reaper-ecad,reaper-ecad/reaper/base/util/rPage.H,clean,c,IssueFalse,13747,285,3101,1,6,10,8,9,7,6,8,9,9,5,4,5,5,7,7,9,9,9,6,7,8,5,4,5,10,10,10,7,9,9,8,10,9,8,10,10,9,9,9,9,9,9,5,4,8,9,9,10,3,6,8,10,9,8,9,10,8,10,10,6,8,9
sf,cvs,reaper-ecad,reaper-ecad/reaper/base/util/rRegexp.C,clean,c,IssueFalse,13747,285,3101,1,5,8,5,7,6,8,7,7,7,5,4,5,5,5,5,9,9,9,6,6,6,5,4,5,10,9,9,6,6,6,6,6,6,6,6,6,9,9,9,8,8,9,6,7,6,7,8,8,7,6,7,5,9,4,4,4,4,5,5,4,3,4
sf,cvs,reaper-ecad,reaper-ecad/reaper/base/util/rRegexp.H,clean,c,IssueFalse,13747,285,3101,1,3,9,5,8,8,6,9,8,8,5,4,5,6,6,6,9,9,9,6,6,7,5,4,5,10,9,9,9,9,9,9,9,8,9,9,9,9,9,9,9,9,9,5,4,6,4,5,7,4,6,7,9,9,4,4,4,7,9,8,5,5,6
sf,cvs,reaper-ecad,reaper-ecad/reaper/base/util/rString.H,clean,c,IssueFalse,13747,285,3101,1,9,10,10,10,5,9,8,9,10,5,6,9,8,9,10,9,10,10,6,7,8,5,6,9,10,9,9,9,10,10,9,10,10,9,10,10,9,9,9,9,10,10,5,7,10,5,9,10,4,7,10,8,9,4,4,4,4,5,5,4,3,5
sf,cvs,reaper-ecad,reaper-ecad/reaper/base/util/rVector.H,buggy,c,IssueFalse,13747,285,3101,1,9,10,10,10,4,10,7,7,7,5,4,5,5,5,5,9,9,9,6,6,6,5,4,5,10,9,9,6,6,6,6,6,6,6,6,6,9,9,9,8,8,9,6,7,10,10,10,10,7,9,10,9,9,5,5,5,5,7,6,7,8,8
sf,cvs,reaper-ecad,reaper-ecad/reaper/circuit/database/Attic/rcAWE.C,clean,c,IssueFalse,13747,285,3101,1,8,10,9,7,5,10,7,7,7,5,4,5,5,5,5,9,9,9,6,6,6,5,4,5,10,9,9,6,6,6,6,6,6,6,6,6,9,9,9,8,8,9,10,9,8,4,6,6,8,8,8,8,10,4,4,4,4,5,5,4,3,5
sf,cvs,reaper-ecad,reaper-ecad/reaper/circuit/database/Attic/rcLckNameMapper.C,clean,c,IssueFalse,13747,285,3101,1,7,9,8,8,6,9,7,7,7,5,4,5,5,5,5,9,9,9,6,6,6,5,4,5,10,9,9,6,6,6,6,6,6,6,6,6,9,9,9,8,8,9,9,9,9,4,5,7,7,8,9,5,9,4,4,4,4,5,5,4,3,4
sf,cvs,reaper-ecad,reaper-ecad/reaper/circuit/database/Attic/rcNetwork.C,clean,c,IssueFalse,13747,285,3101,1,7,9,8,8,6,9,7,7,7,5,4,5,5,5,5,9,9,9,6,6,6,5,4,5,10,9,9,6,6,6,6,6,6,6,6,6,9,9,9,8,8,9,9,7,8,3,4,6,7,8,9,5,9,4,4,4,4,5,5,4,3,4
sf,cvs,reaper-ecad,reaper-ecad/reaper/circuit/database/Attic/rcPoleResidue.C,clean,c,IssueFalse,13747,285,3101,1,6,9,7,8,7,9,7,7,7,5,4,5,5,5,5,9,9,9,6,6,6,5,4,5,10,9,9,6,6,6,6,6,6,6,6,6,9,9,9,8,8,9,8,7,8,4,6,7,7,8,8,8,10,4,4,4,4,5,5,4,3,5
sf,cvs,reaper-ecad,reaper-ecad/reaper/circuit/database/Attic/rcSpiceOut.H,clean,c,IssueFalse,13747,285,3101,1,4,8,5,5,7,6,7,7,7,5,4,5,6,6,6,9,9,9,9,9,9,5,4,5,10,10,10,9,9,8,9,9,8,7,7,7,10,10,10,8,8,9,5,4,4,4,4,4,4,5,3,5,9,4,4,4,4,5,5,4,3,4
sf,cvs,reaper-ecad,reaper-ecad/reaper/physical/capi/rpCapi_Cell.C,clean,c,IssueFalse,13747,285,3101,1,1,4,1,2,10,6,7,7,7,5,4,5,5,5,5,9,9,9,6,6,6,5,4,5,10,9,9,6,6,6,6,6,6,6,6,6,9,9,9,8,8,9,2,2,2,2,2,3,1,3,1,9,9,9,9,9,5,7,6,7,7,7
sf,cvs,reaper-ecad,reaper-ecad/reaper/physical/capi/rpCapi_Library.C,clean,c,IssueFalse,13747,285,3101,1,7,9,8,9,6,8,7,7,7,5,4,5,5,5,5,9,9,9,6,6,7,5,4,5,10,9,9,6,6,6,6,6,6,6,6,7,9,9,9,8,8,9,5,7,8,5,6,8,4,6,8,10,10,9,9,9,4,5,5,5,6,8
sf,cvs,reaper-ecad,reaper-ecad/reaper/physical/capi/rpCapi_Shape.C,buggy,c,IssueFalse,13747,285,3101,1,1,5,3,4,8,6,7,7,7,5,4,5,5,5,5,9,9,9,6,6,6,5,4,5,10,9,9,6,6,6,6,6,6,6,6,6,9,9,9,8,8,9,5,4,3,4,4,4,8,6,4,5,9,4,4,4,4,5,5,4,3,4
sf,cvs,reaper-ecad,reaper-ecad/reaper/physical/capi/rpCapi_types.h,buggy,c,IssueFalse,13747,285,3101,1,4,8,5,2,7,6,7,7,7,5,4,5,5,5,5,9,9,9,6,6,6,5,4,5,10,9,9,6,6,6,6,6,6,6,6,6,9,9,9,8,8,9,2,2,2,2,2,3,1,3,1,8,9,5,5,5,4,5,5,4,3,5
sf,cvs,reaper-ecad,reaper-ecad/reaper/physical/db/rpArray.C,clean,c,IssueFalse,13747,285,3101,1,3,8,4,7,7,6,7,7,7,5,4,5,5,5,5,9,9,9,6,6,6,5,4,5,10,9,9,6,6,6,6,6,6,6,6,6,9,9,9,8,8,9,5,4,6,3,3,5,7,7,7,8,9,9,8,8,5,7,6,6,6,6
sf,cvs,reaper-ecad,reaper-ecad/reaper/physical/db/rpArray.H,clean,c,IssueFalse,13747,285,3101,1,3,9,6,9,8,6,8,8,8,7,8,9,6,7,7,10,10,10,8,8,8,7,8,9,10,10,10,9,9,9,9,9,9,9,10,10,9,9,9,8,8,9,5,4,7,4,8,8,3,6,7,9,10,8,7,7,8,10,9,10,9,9
sf,cvs,reaper-ecad,reaper-ecad/reaper/physical/db/rpBox.H,clean,c,IssueFalse,13747,285,3101,1,4,8,8,10,7,8,9,9,9,5,4,5,7,7,7,9,9,9,7,7,7,5,4,5,10,9,9,10,10,9,10,10,9,10,10,10,9,9,9,8,8,9,5,7,9,7,10,10,5,7,10,5,10,4,4,4,4,5,5,4,3,4
sf,cvs,reaper-ecad,reaper-ecad/reaper/physical/db/rpCell.C,buggy,c,IssueFalse,13747,285,3101,1,8,10,9,9,5,9,7,7,7,5,4,5,5,5,5,9,9,9,6,6,6,5,4,5,10,9,9,6,6,6,6,6,6,6,6,6,9,9,9,8,8,9,7,8,9,9,10,10,9,9,10,10,10,8,9,9,8,10,10,10,9,10
sf,cvs,reaper-ecad,reaper-ecad/reaper/physical/db/rpCell.H,buggy,c,IssueFalse,13747,285,3101,1,5,9,7,9,7,6,9,9,9,5,6,7,6,7,7,10,10,10,8,8,8,5,6,7,10,10,10,9,10,9,9,10,9,10,10,10,9,9,9,8,8,9,5,4,7,7,7,9,3,5,7,10,10,8,9,8,7,9,9,8,9,10
sf,cvs,reaper-ecad,reaper-ecad/reaper/physical/db/rpCif.C,buggy,c,IssueFalse,13747,285,3101,1,10,10,10,10,5,10,7,7,7,5,4,5,5,5,5,9,9,9,6,6,6,5,4,5,10,9,9,6,6,6,6,6,6,6,6,6,9,9,9,8,8,9,10,10,10,9,9,10,10,10,10,10,10,9,9,10,7,10,9,9,10,10
sf,cvs,reaper-ecad,reaper-ecad/reaper/physical/db/rpCif.H,buggy,c,IssueFalse,13747,285,3101,1,7,10,9,9,6,9,10,10,10,5,4,5,9,9,9,9,9,9,10,10,10,5,4,5,10,10,10,10,10,10,10,10,10,10,9,9,9,9,9,10,10,10,5,7,8,10,10,10,2,5,7,10,10,5,5,6,4,5,5,6,7,8
sf,cvs,reaper-ecad,reaper-ecad/reaper/physical/db/rpGds.C,clean,c,IssueFalse,13747,285,3101,1,10,10,10,10,4,10,7,7,7,5,4,5,5,5,5,9,9,9,6,6,6,5,4,5,10,9,9,6,6,6,6,6,6,6,6,6,9,9,9,8,8,9,10,10,10,8,10,10,10,10,10,10,10,8,8,8,5,7,6,10,10,10
sf,cvs,reaper-ecad,reaper-ecad/reaper/physical/db/rpGds.H,clean,c,IssueFalse,13747,285,3101,1,10,10,10,10,3,6,8,10,10,9,9,10,9,9,10,10,10,10,7,10,10,9,9,10,10,10,10,7,10,10,7,10,10,7,9,10,9,9,9,9,10,10,5,4,10,7,10,10,4,6,10,9,10,5,5,5,4,5,5,9,9,9
sf,cvs,reaper-ecad,reaper-ecad/reaper/physical/db/rpInstance.C,buggy,c,IssueFalse,13747,285,3101,1,5,8,6,7,6,8,7,7,7,5,4,5,5,5,5,9,9,9,6,6,6,5,4,5,10,9,9,6,6,6,6,6,6,6,6,6,9,9,9,8,8,9,7,7,7,9,9,9,9,7,9,9,10,7,7,7,5,8,7,5,6,7
sf,cvs,reaper-ecad,reaper-ecad/reaper/physical/db/rpInstance.H,clean,c,IssueFalse,13747,285,3101,1,4,9,6,8,8,6,8,8,8,5,6,7,5,6,7,10,10,10,7,8,9,5,6,7,10,10,10,8,9,9,8,9,9,8,10,9,9,9,9,8,8,9,5,4,6,6,9,8,3,5,6,10,9,5,5,6,5,8,7,5,6,8
sf,cvs,reaper-ecad,reaper-ecad/reaper/physical/db/rpLayer.C,buggy,c,IssueFalse,13747,285,3101,1,6,9,6,8,6,8,7,7,7,5,4,5,5,5,5,9,9,9,6,6,6,5,4,5,10,9,9,6,6,6,6,6,6,6,6,6,9,9,9,8,8,9,6,7,7,7,9,8,8,8,9,8,9,6,5,5,7,8,7,5,5,5
sf,cvs,reaper-ecad,reaper-ecad/reaper/physical/db/rpLayer.H,clean,c,IssueFalse,13747,285,3101,1,4,9,6,8,7,6,8,9,8,5,6,7,5,7,7,9,9,9,8,9,9,5,6,7,10,10,10,8,9,9,8,9,9,9,10,10,9,9,9,8,8,9,5,4,7,9,9,9,2,5,6,10,9,5,5,6,4,5,5,5,6,8
sf,cvs,reaper-ecad,reaper-ecad/reaper/physical/db/rpName.C,buggy,c,IssueFalse,13747,285,3101,1,1,6,1,4,8,6,7,7,7,5,4,5,5,5,5,9,9,9,6,6,6,5,4,5,10,9,9,6,6,6,6,6,6,6,6,6,9,9,9,8,8,9,5,4,3,8,7,6,5,6,3,10,10,8,8,9,9,10,10,9,9,10
sf,cvs,reaper-ecad,reaper-ecad/reaper/physical/db/rpName.H,clean,c,IssueFalse,13747,285,3101,1,2,7,3,5,8,6,8,7,7,5,4,5,5,5,6,9,9,9,7,7,7,5,4,5,10,9,9,8,8,7,8,7,7,8,8,8,9,9,9,8,8,9,5,4,4,6,6,6,2,5,2,10,9,5,5,6,9,10,10,8,9,9
sf,cvs,reaper-ecad,reaper-ecad/reaper/physical/db/rpNode.C,clean,c,IssueFalse,13747,285,3101,1,5,9,5,7,7,8,7,7,7,5,4,5,5,5,5,9,9,9,6,6,6,5,4,5,10,9,9,6,6,6,6,6,6,6,6,6,9,9,9,8,8,9,6,7,7,4,4,6,7,9,8,5,9,4,4,4,4,5,5,4,3,4
sf,cvs,reaper-ecad,reaper-ecad/reaper/physical/db/rpNode.H,clean,c,IssueFalse,13747,285,3101,1,4,7,6,7,7,6,7,8,8,5,4,5,5,5,6,9,9,9,7,8,9,5,4,5,10,9,10,7,9,9,6,8,8,7,8,9,9,9,9,8,8,9,5,4,6,3,4,5,2,5,4,10,9,8,8,8,9,10,10,8,9,9
sf,cvs,reaper-ecad,reaper-ecad/reaper/physical/db/rpPath.C,buggy,c,IssueFalse,13747,285,3101,1,5,9,6,7,6,9,7,7,7,5,4,5,5,5,5,9,9,9,6,6,6,5,4,5,10,9,9,6,6,6,6,6,6,6,6,6,9,9,9,8,8,9,6,7,6,5,6,7,9,8,9,9,10,7,7,7,4,5,5,5,5,6
sf,cvs,reaper-ecad,reaper-ecad/reaper/physical/db/rpPath.H,buggy,c,IssueFalse,13747,285,3101,1,5,9,7,9,7,6,8,8,9,5,8,9,5,6,7,10,10,10,7,8,9,5,8,9,10,10,10,8,9,9,7,9,9,8,9,10,9,9,9,8,8,9,5,4,8,5,7,9,3,6,8,9,10,7,7,7,5,7,6,6,6,7
sf,cvs,reaper-ecad,reaper-ecad/reaper/physical/db/rpPoint.H,clean,c,IssueFalse,13747,285,3101,1,4,8,8,10,6,6,9,9,8,5,4,5,7,7,7,9,9,9,6,6,6,5,4,5,10,9,9,10,10,9,10,10,9,10,10,10,9,9,9,8,8,9,5,4,9,9,10,10,4,6,9,5,10,4,4,4,4,5,5,4,3,4
sf,cvs,reaper-ecad,reaper-ecad/reaper/physical/db/rpPoly.C,buggy,c,IssueFalse,13747,285,3101,1,5,9,6,7,6,9,7,7,7,5,4,5,5,5,5,9,9,9,6,6,6,5,4,5,10,9,9,6,6,6,6,6,6,6,6,6,9,9,9,8,8,9,6,7,6,6,7,7,9,8,9,8,10,8,7,7,4,5,5,4,3,5
sf,cvs,reaper-ecad,reaper-ecad/reaper/physical/db/rpPoly.H,buggy,c,IssueFalse,13747,285,3101,1,4,9,7,9,7,6,8,8,8,5,8,9,5,6,7,10,10,10,7,8,9,5,8,9,10,9,10,7,9,9,7,9,9,8,9,10,9,9,9,8,8,9,5,4,8,5,6,8,3,6,7,9,10,7,7,7,5,7,6,5,6,6
sf,cvs,reaper-ecad,reaper-ecad/reaper/physical/db/rpRect.C,buggy,c,IssueFalse,13747,285,3101,1,3,7,4,6,7,6,7,7,7,5,4,5,5,5,5,9,9,9,6,6,6,5,4,5,10,9,9,6,6,6,6,6,6,6,6,6,9,9,9,8,8,9,5,4,5,5,6,6,7,6,7,5,9,4,4,4,4,5,5,4,3,4
sf,cvs,reaper-ecad,reaper-ecad/reaper/physical/db/rpRect.H,buggy,c,IssueFalse,13747,285,3101,1,2,8,4,7,8,6,8,8,8,7,6,7,6,6,6,9,9,9,9,8,8,7,6,7,10,9,9,9,9,8,9,9,8,9,9,9,9,9,9,8,8,9,5,4,6,5,6,7,3,6,5,9,9,7,6,7,4,5,5,4,5,7
sf,cvs,reaper-ecad,reaper-ecad/reaper/physical/db/rpSession.C,clean,c,IssueFalse,13747,285,3101,1,7,9,8,7,6,10,7,7,7,5,4,5,5,5,5,9,9,9,6,6,6,5,4,5,10,9,9,6,6,6,6,6,6,6,6,6,9,9,9,8,8,9,9,9,8,8,8,8,9,9,9,10,10,6,6,6,4,5,5,8,9,9
sf,cvs,reaper-ecad,reaper-ecad/reaper/physical/db/rpSession.H,buggy,c,IssueFalse,13747,285,3101,1,4,9,6,8,8,6,9,9,9,7,6,7,7,7,7,9,9,9,9,8,8,7,6,7,10,10,10,9,9,9,9,9,9,10,9,9,9,9,9,9,9,9,5,4,6,6,8,8,3,5,5,8,9,4,4,4,4,5,5,5,5,5
sf,cvs,reaper-ecad,reaper-ecad/reaper/physical/db/rpShape.C,clean,c,IssueFalse,13747,285,3101,1,1,6,2,3,8,8,7,7,7,5,4,5,5,5,5,9,9,9,6,6,6,5,4,5,10,9,9,6,6,6,6,6,6,6,6,6,9,9,9,8,8,9,8,6,3,3,3,3,7,6,2,9,9,4,4,4,10,10,10,7,6,8
sf,cvs,reaper-ecad,reaper-ecad/reaper/physical/db/rpShape.H,buggy,c,IssueFalse,13747,285,3101,1,2,8,3,6,8,6,8,7,7,5,4,5,6,5,6,9,9,9,7,7,7,5,4,5,10,9,9,9,9,8,9,8,8,9,8,8,9,9,9,8,8,9,5,4,5,10,10,9,3,5,4,10,10,5,6,6,9,10,10,7,8,9
sf,cvs,reaper-ecad,reaper-ecad/reaper/physical/db/rpText.C,buggy,c,IssueFalse,13747,285,3101,1,6,8,6,8,6,8,7,7,7,5,4,5,5,5,5,9,9,9,6,6,6,5,4,5,10,9,9,6,6,6,6,6,6,6,6,6,9,9,9,8,8,9,6,6,7,5,7,7,9,9,9,8,10,10,9,9,8,9,8,4,3,5
sf,cvs,reaper-ecad,reaper-ecad/reaper/physical/db/rpText.H,buggy,c,IssueFalse,13747,285,3101,1,4,8,7,9,7,6,8,9,8,7,8,9,6,7,7,10,10,10,8,9,9,7,8,9,10,10,10,9,9,9,9,9,9,9,10,10,9,9,9,8,8,9,5,4,7,5,6,8,3,6,7,10,10,6,5,6,4,5,5,6,6,8
sf,cvs,reaper-ecad,reaper-ecad/reaper/physical/db/rpTransform.C,buggy,c,IssueFalse,13747,285,3101,1,7,9,8,7,5,8,7,7,7,5,4,5,5,5,5,9,9,9,6,6,6,5,4,5,10,9,9,6,6,6,6,6,6,6,6,6,9,9,9,8,8,9,9,9,8,8,8,8,7,7,8,5,9,4,4,4,4,5,5,4,3,4
sf,cvs,reaper-ecad,reaper-ecad/reaper/physical/db/rpTransform.H,buggy,c,IssueFalse,13747,285,3101,1,3,9,5,8,8,6,9,9,9,5,4,5,6,6,6,9,9,9,8,7,8,5,4,5,10,9,9,9,9,9,9,9,9,10,9,9,9,9,9,9,9,9,5,4,6,8,9,8,5,6,7,8,10,5,5,5,4,5,5,4,3,5
sf,cvs,reaper-ecad,reaper-ecad/reaper/physical/test/db/Attic/ReadCif.C,clean,c,IssueFalse,13747,285,3101,1,1,6,2,3,9,6,7,7,7,5,4,5,5,5,5,9,9,9,6,6,6,5,4,5,10,9,9,6,6,6,6,6,6,6,6,6,9,9,9,8,8,9,5,4,3,2,2,3,10,7,3,5,10,4,4,4,7,8,7,7,6,5
