Host,Vcs,Project,File,Buggy,PL,IssueTracking,TLOC,TNF,TNC,TND,LOC,CL,NStmt,NFunc,RCC,MNL,avg_WMC,max_WMC,total_WMC,avg_DIT,max_DIT,total_DIT,avg_RFC,max_RFC,total_RFC,avg_NOC,max_NOC,total_NOC,avg_CBO,max_CBO,total_CBO,avg_DIT.1,max_DIT.1,total_DIT.1,avg_NIV,max_NIV,total_NIV,avg_NIM,max_NIM,total_NIM,avg_NOM,max_NOM,total_NOM,avg_NPBM,max_NPBM,total_NPBM,avg_NPM,max_NPM,total_NPM,avg_NPRM,max_NPRM,total_NPRM,avg_CC,max_CC,total_CC,avg_FANIN,max_FANIN,total_FANIN,avg_FANOUT,max_FANOUT,total_FANOUT,NRev,NFix,avg_AddedLOC,max_AddedLOC,total_AddedLOC,avg_DeletedLOC,max_DeletedLOC,total_DeletedLOC,avg_ModifiedLOC,max_ModifiedLOC,total_ModifiedLOC
gc,svn,rvdesignpattern,/trunk/DesignPattern/ColorFactory.cpp,buggy,cpp,IssueTrue,1198,35,454,2,2,4,2,3,9,7,7,7,7,8,9,8,8,9,3,9,10,10,6,6,6,8,9,8,6,6,6,6,6,6,6,6,6,6,6,6,9,9,9,8,8,9,7,5,3,2,2,3,8,5,3,2,8,3,3,3,7,6,6,10,8,8
gc,svn,rvdesignpattern,/trunk/DesignPattern/ColorFactory.h,buggy,cpp,IssueTrue,1198,35,454,2,1,3,1,2,9,4,7,7,7,10,10,10,9,9,4,9,10,10,6,6,7,10,10,10,6,6,6,6,7,6,6,7,7,6,6,7,9,9,9,8,8,9,2,1,2,2,2,3,3,2,2,2,8,3,3,3,4,4,4,7,6,5
gc,svn,rvdesignpattern,/trunk/DesignPattern/DesignPatternTest/DesignPatternTest.cpp,buggy,cpp,IssueTrue,1198,35,454,2,2,7,2,5,9,4,7,7,7,8,9,8,8,9,3,9,10,10,6,6,6,8,9,8,6,6,6,6,6,6,6,6,6,6,6,6,9,9,9,8,8,9,3,3,3,2,3,3,7,7,4,5,8,6,5,6,4,4,4,2,3,4
gc,svn,rvdesignpattern,/trunk/ExploringBoost/src/RegexMail.cpp,clean,cpp,IssueTrue,1198,35,454,2,6,6,5,7,6,8,7,7,7,8,9,8,8,9,3,9,10,10,6,6,6,8,9,8,6,6,6,6,6,6,6,6,6,6,6,6,9,9,9,8,8,9,6,7,5,4,5,6,7,7,5,2,5,9,7,6,4,4,4,9,8,7
gc,svn,rvdesignpattern,/trunk/GameModules/ResourceManager/src/MediaManager.h,clean,cpp,IssueTrue,1198,35,454,2,3,8,2,2,9,4,7,7,7,8,9,8,8,9,3,9,10,10,6,6,6,8,9,8,6,6,6,6,6,6,6,6,6,6,6,6,9,9,9,8,8,9,2,1,2,2,2,3,3,2,2,6,5,4,4,4,6,6,6,3,4,5
gc,svn,rvdesignpattern,/trunk/GameModules/ResourceManager/src/ResourceManager.cpp,clean,cpp,IssueTrue,1198,35,454,2,3,3,2,5,6,8,7,7,7,8,9,8,8,9,3,9,10,10,6,6,6,8,9,8,6,6,6,6,6,6,6,6,6,6,6,6,9,9,9,8,8,9,5,5,4,4,5,5,8,6,5,2,5,4,3,3,4,4,4,3,3,3
gc,svn,rvdesignpattern,/trunk/GameModules/ResourceManager/src/test/Loaders.h,clean,cpp,IssueTrue,1198,35,454,2,1,2,1,2,10,4,7,7,7,8,9,8,8,9,3,9,10,10,6,6,6,8,9,8,6,6,6,6,6,6,6,6,6,6,6,6,9,9,9,8,8,9,2,1,2,2,2,3,3,2,2,6,5,4,4,5,6,6,6,6,6,7
gc,svn,rvdesignpattern,/trunk/GameModules/ResourceManager/src/test/ResourceManagerTest.cpp,clean,cpp,IssueTrue,1198,35,454,2,2,2,2,3,4,7,7,7,7,8,9,8,8,9,3,9,10,10,6,6,6,8,9,8,6,6,6,6,6,6,6,6,6,6,6,6,9,9,9,8,8,9,7,5,3,3,3,3,10,8,4,6,5,6,6,6,5,5,5,9,7,8
