Host,Vcs,Project,File,Buggy,PL,IssueTracking,TLOC,TNF,TNC,TND,LOC,CL,NStmt,NFunc,RCC,MNL,avg_WMC,max_WMC,total_WMC,avg_DIT,max_DIT,total_DIT,avg_RFC,max_RFC,total_RFC,avg_NOC,max_NOC,total_NOC,avg_CBO,max_CBO,total_CBO,avg_DIT.1,max_DIT.1,total_DIT.1,avg_NIV,max_NIV,total_NIV,avg_NIM,max_NIM,total_NIM,avg_NOM,max_NOM,total_NOM,avg_NPBM,max_NPBM,total_NPBM,avg_NPM,max_NPM,total_NPM,avg_NPRM,max_NPRM,total_NPRM,avg_CC,max_CC,total_CC,avg_FANIN,max_FANIN,total_FANIN,avg_FANOUT,max_FANOUT,total_FANOUT,NRev,NFix,avg_AddedLOC,max_AddedLOC,total_AddedLOC,avg_DeletedLOC,max_DeletedLOC,total_DeletedLOC,avg_ModifiedLOC,max_ModifiedLOC,total_ModifiedLOC
sf,cvs,sdscsyslog,sdscsyslog/sdscsyslog/src/controller/controller.c,clean,c,IssueFalse,6466,27,1663,3,10,8,10,4,4,10,7,7,7,10,10,5,10,5,5,9,9,9,6,9,6,10,10,5,6,6,6,10,10,10,10,10,10,10,10,10,9,9,9,8,8,9,10,9,10,10,10,8,10,10,10,7,9,9,9,9,9,10,9,7,8,8
sf,cvs,sdscsyslog,sdscsyslog/sdscsyslog/src/include/error.h,buggy,c,IssueFalse,6466,27,1663,3,1,7,1,2,10,4,7,7,7,10,10,5,10,5,5,9,9,9,6,9,6,10,10,5,6,6,6,10,10,10,10,10,10,10,10,10,9,9,9,8,8,9,3,3,4,2,2,3,3,3,3,3,4,8,7,7,4,4,4,5,4,4
sf,cvs,sdscsyslog,sdscsyslog/sdscsyslog/src/inputmod/imod_beep.c,buggy,c,IssueFalse,6466,27,1663,3,9,7,9,4,4,10,7,7,7,10,10,5,10,5,5,9,9,9,6,9,6,10,10,5,6,6,6,10,10,10,10,10,10,10,10,10,9,9,9,8,8,9,8,8,9,10,9,9,9,10,9,7,9,9,10,10,10,10,9,7,7,7
sf,cvs,sdscsyslog,sdscsyslog/sdscsyslog/src/inputmod/imod_udp.c,buggy,c,IssueFalse,6466,27,1663,3,8,6,8,3,5,10,7,7,7,10,10,5,10,5,5,9,9,9,6,9,6,10,10,5,6,6,6,10,10,10,10,10,10,10,10,10,9,9,9,8,8,9,10,8,8,10,10,7,10,10,8,5,6,7,7,7,5,6,6,6,5,5
sf,cvs,sdscsyslog,sdscsyslog/sdscsyslog/src/message/message.c,buggy,c,IssueFalse,6466,27,1663,3,6,5,8,4,5,9,7,7,7,10,10,5,10,5,5,9,9,9,6,9,6,10,10,5,6,6,6,10,10,10,10,10,10,10,10,10,9,9,9,8,8,9,7,7,9,9,8,8,4,6,6,3,4,8,7,7,4,4,4,6,4,4
sf,cvs,sdscsyslog,sdscsyslog/sdscsyslog/src/message/message.h,buggy,c,IssueFalse,6466,27,1663,3,4,8,4,2,8,4,7,7,7,10,10,5,10,5,5,9,9,9,6,10,7,10,10,5,9,9,10,10,10,10,10,10,10,10,10,10,9,9,9,8,8,9,3,3,4,2,2,3,3,3,3,5,6,7,7,7,4,4,4,4,4,4
sf,cvs,sdscsyslog,sdscsyslog/sdscsyslog/src/message/msg_frmt.c,buggy,c,IssueFalse,6466,27,1663,3,8,6,7,4,5,8,7,7,7,10,10,5,10,5,5,9,9,9,6,9,6,10,10,5,8,8,9,10,10,10,10,10,10,10,10,10,9,9,9,8,8,9,5,4,7,10,9,9,4,7,6,3,4,8,7,7,4,4,4,6,4,4
sf,cvs,sdscsyslog,sdscsyslog/sdscsyslog/src/message/msg_frmt.h,buggy,c,IssueFalse,6466,27,1663,3,3,7,1,2,9,4,7,7,7,10,10,5,10,5,5,9,9,9,6,9,6,10,10,5,7,7,7,10,10,10,10,10,10,10,10,10,9,9,9,8,8,9,3,3,4,2,2,3,3,3,3,3,4,8,7,7,4,4,4,5,4,4
sf,cvs,sdscsyslog,sdscsyslog/sdscsyslog/src/message/msg_frmt_cooked.c,buggy,c,IssueFalse,6466,27,1663,3,8,5,9,3,4,9,7,7,7,10,10,5,10,5,5,9,9,9,6,9,6,10,10,5,6,6,6,10,10,10,10,10,10,10,10,10,9,9,9,8,8,9,10,7,9,10,10,8,7,7,6,3,4,8,7,7,4,4,4,6,4,4
sf,cvs,sdscsyslog,sdscsyslog/sdscsyslog/src/message/msg_frmt_read.c,buggy,c,IssueFalse,6466,27,1663,3,5,4,6,3,6,8,7,7,7,10,10,5,10,5,5,9,9,9,6,9,6,10,10,5,6,6,6,10,10,10,10,10,10,10,10,10,9,9,9,8,8,9,10,7,7,10,9,7,7,7,5,3,4,8,7,7,4,4,4,6,4,4
sf,cvs,sdscsyslog,sdscsyslog/sdscsyslog/src/message/msg_frmtll.h,buggy,c,IssueFalse,6466,27,1663,3,1,6,1,2,10,4,7,7,7,10,10,5,10,5,5,9,9,9,6,9,6,10,10,5,6,6,6,10,10,10,10,10,10,10,10,10,9,9,9,8,8,9,3,3,4,2,2,3,3,3,3,3,4,8,7,7,4,4,4,5,4,4
sf,cvs,sdscsyslog,sdscsyslog/sdscsyslog/src/message/msg_parse.c,buggy,c,IssueFalse,6466,27,1663,3,9,7,10,4,4,10,7,7,7,10,10,5,10,5,5,9,9,9,6,9,6,10,10,5,6,6,6,10,10,10,10,10,10,10,10,10,9,9,9,8,8,9,10,9,10,8,9,8,7,9,8,3,4,8,7,7,4,4,4,6,4,4
sf,cvs,sdscsyslog,sdscsyslog/sdscsyslog/src/message/msg_parse_rfc3164.c,buggy,c,IssueFalse,6466,27,1663,3,9,8,9,4,5,10,7,7,7,10,10,5,10,5,5,9,9,9,6,9,6,10,10,5,6,6,6,10,10,10,10,10,10,10,10,10,9,9,9,8,8,9,8,7,9,10,9,9,7,9,8,6,8,7,7,8,4,4,4,5,4,5
sf,cvs,sdscsyslog,sdscsyslog/sdscsyslog/src/message/msg_parse_rfc3164.h,buggy,c,IssueFalse,6466,27,1663,3,1,5,1,2,10,4,7,7,7,10,10,5,10,5,5,9,9,9,6,9,6,10,10,5,6,6,6,10,10,10,10,10,10,10,10,10,9,9,9,8,8,9,3,3,4,2,2,3,3,3,3,2,4,3,3,3,4,4,4,3,3,2
sf,cvs,sdscsyslog,sdscsyslog/sdscsyslog/src/message/syslog_cooked.c,clean,c,IssueFalse,6466,27,1663,3,10,9,10,7,3,10,7,7,7,10,10,5,10,5,5,9,9,9,6,9,6,10,10,5,9,9,9,10,10,10,10,10,10,10,10,10,9,9,9,8,8,9,9,10,10,10,10,10,6,10,10,6,6,3,3,3,4,4,4,2,1,1
sf,cvs,sdscsyslog,sdscsyslog/sdscsyslog/src/outputmod/omod_beep.c,buggy,c,IssueFalse,6466,27,1663,3,9,7,9,5,4,10,7,7,7,10,10,5,10,5,5,9,9,9,6,9,6,10,10,5,6,6,6,10,10,10,10,10,10,10,10,10,9,9,9,8,8,9,6,6,9,10,10,9,9,10,10,7,9,9,9,9,8,9,8,7,7,8
sf,cvs,sdscsyslog,sdscsyslog/sdscsyslog/src/test/tools/udpsend.c,buggy,c,IssueFalse,6466,27,1663,3,7,4,7,3,4,9,7,7,7,10,10,5,10,5,5,9,9,9,6,9,6,10,10,5,6,6,6,10,10,10,10,10,10,10,10,10,9,9,9,8,8,9,8,6,8,10,8,7,9,9,8,5,6,7,7,7,4,4,4,4,4,4
sf,cvs,sdscsyslog,sdscsyslog/sdscsyslog/src/test/unit/config_tests/ut_config_read.c,buggy,c,IssueFalse,6466,27,1663,3,9,6,9,4,4,9,7,7,7,10,10,5,10,5,5,9,9,9,6,9,6,10,10,5,6,6,6,10,10,10,10,10,10,10,10,10,9,9,9,8,8,9,7,6,8,9,9,8,9,10,9,3,4,8,7,7,4,4,4,5,4,4
sf,cvs,sdscsyslog,sdscsyslog/sdscsyslog/src/test/unit/imod_tests/ut_imod_beep.c,buggy,c,IssueFalse,6466,27,1663,3,9,6,9,4,4,10,7,7,7,10,10,5,10,5,5,9,9,9,6,9,6,10,10,5,6,6,6,10,10,10,10,10,10,10,10,10,9,9,9,8,8,9,6,6,8,5,8,7,9,10,9,5,6,7,7,7,7,7,7,5,4,5
sf,cvs,sdscsyslog,sdscsyslog/sdscsyslog/src/test/unit/imod_tests/ut_imod_beepck.c,buggy,c,IssueFalse,6466,27,1663,3,9,6,9,4,3,10,7,7,7,10,10,5,10,5,5,9,9,9,6,9,6,10,10,5,6,6,6,10,10,10,10,10,10,10,10,10,9,9,9,8,8,9,7,7,9,7,8,7,9,10,9,5,6,7,7,7,7,7,7,5,4,5
sf,cvs,sdscsyslog,sdscsyslog/sdscsyslog/src/test/unit/msg/ut_msg_parser_old.c,buggy,c,IssueFalse,6466,27,1663,3,6,5,5,4,6,8,7,7,7,10,10,5,10,5,5,9,9,9,6,9,6,10,10,5,6,6,6,10,10,10,10,10,10,10,10,10,9,9,9,8,8,9,4,4,6,6,8,6,4,7,6,4,6,7,7,7,4,4,4,5,4,4
sf,cvs,sdscsyslog,sdscsyslog/sdscsyslog/src/test/unit/omod/ut_omod_beep.c,buggy,c,IssueFalse,6466,27,1663,3,10,6,10,5,3,10,7,7,7,10,10,5,10,5,5,9,9,9,6,9,6,10,10,5,6,6,6,10,10,10,10,10,10,10,10,10,9,9,9,8,8,9,6,6,9,9,9,9,10,10,10,3,4,8,7,7,4,4,4,5,4,4
sf,cvs,sdscsyslog,sdscsyslog/sdscsyslog/src/test/unit/omod/ut_omod_fread.c,buggy,c,IssueFalse,6466,27,1663,3,5,5,5,3,6,9,7,7,7,10,10,5,10,5,5,9,9,9,6,9,6,10,10,5,6,6,6,10,10,10,10,10,10,10,10,10,9,9,9,8,8,9,5,4,5,4,4,4,9,10,7,3,4,8,7,7,4,4,4,5,4,4
sf,cvs,sdscsyslog,sdscsyslog/sdscsyslog/src/util/privs.c,buggy,c,IssueFalse,6466,27,1663,3,9,7,9,6,4,8,7,7,7,10,10,5,10,5,5,9,9,9,6,9,6,10,10,5,6,6,6,10,10,10,10,10,10,10,10,10,9,9,9,8,8,9,7,5,10,9,9,9,7,9,10,5,6,7,7,7,4,4,4,5,5,5
sf,cvs,sdscsyslog,sdscsyslog/sdscsyslog/src/util/profile-beep.c,buggy,c,IssueFalse,6466,27,1663,3,10,8,10,8,3,9,7,7,7,10,10,5,10,5,5,9,9,9,6,9,6,10,10,5,6,6,6,10,10,10,10,10,10,10,10,10,9,9,9,8,8,9,5,6,10,9,10,10,6,10,10,7,9,10,10,10,10,10,10,8,9,9
sf,cvs,sdscsyslog,sdscsyslog/sdscsyslog/src/util/profile-beep.h,buggy,c,IssueFalse,6466,27,1663,3,4,8,4,3,9,4,7,7,7,10,10,5,10,5,5,9,9,9,6,10,7,10,10,5,7,8,9,10,10,10,10,10,10,10,10,10,9,9,9,8,8,9,3,3,4,2,2,3,3,3,4,5,6,10,10,9,10,10,10,4,4,4
sf,cvs,sdscsyslog,sdscsyslog/sdscsyslog/src/util/tsqueue.c,buggy,c,IssueFalse,6466,27,1663,3,6,5,6,4,5,8,7,7,7,10,10,5,10,5,5,9,9,9,6,9,6,10,10,5,8,7,7,10,10,10,10,10,10,10,10,10,9,9,9,8,8,9,4,4,6,7,7,8,4,7,7,4,6,7,7,7,4,4,4,5,4,5
