Host,Vcs,Project,File,Buggy,PL,IssueTracking,TLOC,TNF,TNC,TND,LOC,CL,NStmt,NFunc,RCC,MNL,avg_WMC,max_WMC,total_WMC,avg_DIT,max_DIT,total_DIT,avg_RFC,max_RFC,total_RFC,avg_NOC,max_NOC,total_NOC,avg_CBO,max_CBO,total_CBO,avg_DIT.1,max_DIT.1,total_DIT.1,avg_NIV,max_NIV,total_NIV,avg_NIM,max_NIM,total_NIM,avg_NOM,max_NOM,total_NOM,avg_NPBM,max_NPBM,total_NPBM,avg_NPM,max_NPM,total_NPM,avg_NPRM,max_NPRM,total_NPRM,avg_CC,max_CC,total_CC,avg_FANIN,max_FANIN,total_FANIN,avg_FANOUT,max_FANOUT,total_FANOUT,NRev,NFix,avg_AddedLOC,max_AddedLOC,total_AddedLOC,avg_DeletedLOC,max_DeletedLOC,total_DeletedLOC,avg_ModifiedLOC,max_ModifiedLOC,total_ModifiedLOC
gc,svn,simulationcraft,/trunk/engine/sc_consumable.cpp,buggy,cpp,IssueTrue,44916,48,4357,30,6,3,6,8,2,5,8,8,10,8,7,10,10,8,10,9,9,9,8,8,10,8,7,10,6,7,9,7,7,9,6,7,9,7,7,10,9,9,9,8,8,9,5,7,7,6,4,7,4,5,7,3,8,6,5,4,6,5,5,2,2,1
gc,svn,simulationcraft,/trunk/engine/sc_druid.cpp,buggy,cpp,IssueTrue,44916,48,4357,30,10,7,10,10,2,8,8,10,10,9,10,10,10,10,10,10,10,10,9,10,10,9,10,10,9,10,10,7,10,10,7,10,10,7,10,10,9,9,9,8,8,9,5,9,10,10,10,10,6,8,10,8,8,3,3,3,4,4,4,2,2,1
gc,svn,simulationcraft,/trunk/engine/sc_shaman.cpp,buggy,cpp,IssueTrue,44916,48,4357,30,10,6,10,10,1,8,8,10,10,9,10,10,10,10,10,10,10,10,9,10,10,9,10,10,9,10,10,7,10,10,7,10,10,7,10,10,9,9,9,8,8,9,5,8,10,9,10,10,6,8,10,3,5,3,3,3,4,4,4,2,2,1
gc,svn,simulationcraft,/trunk/engine/sc_unique_gear.cpp,buggy,cpp,IssueTrue,44916,48,4357,30,5,2,6,6,2,6,8,8,8,8,9,9,9,9,9,9,9,9,8,8,9,8,9,9,9,9,9,7,7,8,6,7,8,7,7,8,9,9,9,8,8,9,8,9,7,10,7,7,5,5,6,3,5,8,6,5,4,4,4,7,6,4
gc,svn,simulationcraft,/trunk/engine/sc_util.cpp,buggy,cpp,IssueTrue,44916,48,4357,30,8,5,9,9,2,8,7,7,7,5,6,5,4,5,5,9,9,9,6,6,6,5,6,5,5,6,6,6,6,6,6,6,6,6,6,6,9,9,9,8,8,9,8,8,10,10,10,10,3,5,8,3,8,4,3,3,4,4,4,2,2,1
gc,svn,simulationcraft,/trunk/engine/sc_warlock.cpp,buggy,cpp,IssueTrue,44916,48,4357,30,10,7,10,10,1,8,8,10,10,9,10,10,10,10,10,10,10,10,9,10,10,9,10,10,9,10,10,7,10,10,7,9,10,7,10,10,9,9,9,8,8,9,5,8,10,9,10,10,5,8,10,3,5,3,3,3,4,4,4,2,2,1
gc,svn,simulationcraft,/trunk/engine/simcraft.h,buggy,cpp,IssueTrue,44916,48,4357,30,10,7,9,10,2,5,10,10,10,6,7,10,7,10,10,10,10,10,9,10,10,6,7,10,10,10,10,8,10,10,9,10,10,9,10,10,9,9,9,8,8,9,4,4,8,10,10,10,2,5,8,5,8,3,3,3,4,4,4,2,2,1
