Host,Vcs,Project,File,Buggy,PL,IssueTracking,TLOC,TNF,TNC,TND,LOC,CL,NStmt,NFunc,RCC,MNL,avg_WMC,max_WMC,total_WMC,avg_DIT,max_DIT,total_DIT,avg_RFC,max_RFC,total_RFC,avg_NOC,max_NOC,total_NOC,avg_CBO,max_CBO,total_CBO,avg_DIT.1,max_DIT.1,total_DIT.1,avg_NIV,max_NIV,total_NIV,avg_NIM,max_NIM,total_NIM,avg_NOM,max_NOM,total_NOM,avg_NPBM,max_NPBM,total_NPBM,avg_NPM,max_NPM,total_NPM,avg_NPRM,max_NPRM,total_NPRM,avg_CC,max_CC,total_CC,avg_FANIN,max_FANIN,total_FANIN,avg_FANOUT,max_FANOUT,total_FANOUT,NRev,NFix,avg_AddedLOC,max_AddedLOC,total_AddedLOC,avg_DeletedLOC,max_DeletedLOC,total_DeletedLOC,avg_ModifiedLOC,max_ModifiedLOC,total_ModifiedLOC
gc,svn,soar,/trunk/SoarSuite/Core/CLI/CommandLineInterface.cxx,buggy,java,IssueTrue,31942,69,10403,42,1,1,1,1,1,2,2,1,1,5,6,2,1,1,2,9,9,9,1,1,1,5,6,2,4,4,3,2,1,1,1,1,1,1,1,1,9,9,9,7,7,7,2,2,2,1,2,2,1,1,1,6,8,4,4,6,4,5,5,2,2,1
gc,svn,soar,/trunk/SoarSuite/Core/CLI/src/cli_CommandLineInterface.cpp,buggy,java,IssueTrue,31942,69,10403,42,9,9,10,8,5,10,2,1,1,5,6,2,1,1,2,9,9,9,1,1,1,5,6,2,4,4,3,2,1,1,1,1,1,1,1,1,9,9,9,7,7,7,6,8,9,9,10,9,6,6,8,10,10,8,10,10,9,10,10,5,8,9
gc,svn,soar,/trunk/SoarSuite/Core/CLI/src/cli_Commands.cpp,buggy,java,IssueTrue,31942,69,10403,42,4,1,5,1,3,2,2,1,1,5,6,2,1,1,2,9,9,9,1,1,1,5,6,2,4,4,3,2,1,1,1,1,1,1,1,1,9,9,9,7,7,7,2,2,2,1,2,2,1,1,1,6,8,4,4,6,4,5,5,2,2,1
gc,svn,soar,/trunk/SoarSuite/Core/CLI/src/cli_help.cpp,clean,java,IssueTrue,31942,69,10403,42,4,1,4,2,4,4,2,1,1,5,6,2,1,1,2,9,9,9,1,1,1,5,6,2,4,4,3,2,1,1,1,1,1,1,1,1,9,9,9,7,7,7,8,5,4,8,4,3,8,3,3,3,8,5,4,5,7,6,5,9,9,7
gc,svn,soar,/trunk/SoarSuite/Core/CLI/src/cli_multiattributes.cpp,clean,java,IssueTrue,31942,69,10403,42,3,1,4,1,5,6,2,1,1,5,6,2,1,1,2,9,9,9,1,1,1,5,6,2,4,4,3,2,1,1,1,1,1,1,1,1,9,9,9,7,7,7,9,6,4,10,6,3,9,5,2,6,8,3,3,4,5,6,5,3,4,4
gc,svn,soar,/trunk/SoarSuite/Core/CLI/src/cli_run.cpp,buggy,java,IssueTrue,31942,69,10403,42,6,3,7,2,4,6,2,1,1,5,6,2,1,1,2,9,9,9,1,1,1,5,6,2,4,4,3,2,1,1,1,1,1,1,1,1,9,9,9,7,7,7,10,9,6,9,5,3,9,5,2,7,9,5,5,7,8,8,8,4,4,5
gc,svn,soar,/trunk/SoarSuite/Core/CLI/src/cli_source.cpp,clean,java,IssueTrue,31942,69,10403,42,8,7,8,2,6,10,2,1,1,5,6,2,1,1,2,9,9,9,1,1,1,5,6,2,4,4,3,2,1,1,1,1,1,1,1,1,9,9,9,7,7,7,10,10,8,10,7,4,10,7,4,6,9,5,5,7,4,5,5,7,8,7
gc,svn,soar,/trunk/SoarSuite/Core/CLI/src/cli_stats.cpp,buggy,java,IssueTrue,31942,69,10403,42,8,3,8,3,3,4,2,1,1,5,6,2,1,1,2,9,9,9,1,1,1,5,6,2,4,4,3,2,1,1,1,1,1,1,1,1,9,9,9,7,7,7,8,6,6,10,10,7,6,4,3,8,9,9,9,9,9,9,9,9,10,10
gc,svn,soar,/trunk/SoarSuite/Core/CLI/src/cli_time.cpp,clean,java,IssueTrue,31942,69,10403,42,2,1,3,1,7,3,2,1,1,5,6,2,1,1,2,9,9,9,1,1,1,5,6,2,4,4,3,2,1,1,1,1,1,1,1,1,9,9,9,7,7,7,6,4,3,8,4,3,8,2,1,5,9,4,4,5,7,6,6,3,4,3
gc,svn,soar,/trunk/SoarSuite/Core/CLI/src/cli_watch.cpp,clean,java,IssueTrue,31942,69,10403,42,8,5,9,2,3,7,2,1,1,5,6,2,1,1,2,9,9,9,1,1,1,5,6,2,4,4,3,2,1,1,1,1,1,1,1,1,9,9,9,7,7,7,10,10,9,10,8,4,8,4,3,5,8,3,4,5,5,6,5,4,4,3
gc,svn,soar,/trunk/SoarSuite/Core/ClientSML/src/sml_ClientAgent.cpp,buggy,java,IssueTrue,31942,69,10403,42,10,10,10,10,8,6,2,2,5,6,7,10,1,1,5,9,9,9,1,1,2,6,7,10,6,7,10,2,4,8,2,3,7,3,4,9,9,9,9,7,7,7,4,5,9,5,4,9,5,5,10,10,10,9,10,10,7,8,8,6,8,9
gc,svn,soar,/trunk/SoarSuite/Core/ClientSML/src/sml_ClientIdentifier.cpp,buggy,java,IssueTrue,31942,69,10403,42,6,7,6,7,8,6,2,1,1,5,6,2,1,1,2,9,9,9,1,1,1,5,6,2,4,4,3,2,1,1,1,1,1,1,1,1,9,9,9,7,7,7,4,5,6,5,4,6,4,2,6,5,10,10,9,10,4,5,5,7,8,6
gc,svn,soar,/trunk/SoarSuite/Core/ClientSML/src/sml_ClientKernel.cpp,buggy,java,IssueTrue,31942,69,10403,42,10,10,10,10,9,9,2,2,4,8,7,10,1,1,5,9,9,9,1,1,1,8,7,10,7,8,10,3,4,8,2,3,7,3,4,8,9,9,9,7,7,7,5,6,10,6,6,9,6,6,10,8,10,3,3,4,4,5,5,2,2,1
gc,svn,soar,/trunk/SoarSuite/Core/ClientSML/src/sml_ClientWMElement.cpp,buggy,java,IssueTrue,31942,69,10403,42,2,2,2,3,8,3,2,1,1,5,6,2,1,1,2,9,9,9,1,1,1,5,6,2,4,4,3,2,1,1,1,1,1,1,1,1,9,9,9,7,7,7,4,4,3,2,3,3,3,2,2,3,9,6,5,6,4,5,5,2,2,1
gc,svn,soar,/trunk/SoarSuite/Core/ClientSML/src/sml_ClientWorkingMemory.cpp,buggy,java,IssueTrue,31942,69,10403,42,9,10,9,8,8,6,2,1,1,5,6,2,1,1,2,9,9,9,1,1,1,5,6,2,4,4,3,2,1,1,1,1,1,1,1,1,9,9,9,7,7,7,6,6,8,6,6,7,8,8,9,7,10,7,7,8,6,7,6,6,7,6
gc,svn,soar,/trunk/SoarSuite/Core/ClientSMLSWIG/Java/JavaCallbackByHand.h,clean,java,IssueTrue,31942,69,10403,42,9,10,9,8,9,3,4,3,2,5,6,2,1,1,2,9,9,9,1,1,1,5,6,2,10,9,8,4,4,3,3,3,2,4,4,3,9,9,9,7,7,7,5,5,8,10,7,9,7,4,9,5,9,3,3,4,4,5,5,8,8,7
gc,svn,soar,/trunk/SoarSuite/Core/ConnectionSML/include/sml_StringOps.h,buggy,java,IssueTrue,31942,69,10403,42,2,3,2,1,10,3,2,1,1,5,6,2,1,1,2,9,9,9,1,1,1,5,6,2,4,4,3,2,1,1,1,1,1,1,1,1,9,9,9,7,7,7,4,3,3,9,4,3,2,1,1,3,8,7,5,6,4,5,5,3,3,2
gc,svn,soar,/trunk/SoarSuite/Core/ConnectionSML/src/sml_EmbeddedConnection.cpp,clean,java,IssueTrue,31942,69,10403,42,5,7,5,4,9,4,2,1,1,5,6,2,1,1,2,9,9,9,1,1,1,5,6,2,4,4,3,2,1,1,1,1,1,1,1,1,9,9,9,7,7,7,5,5,4,2,3,3,3,3,2,9,10,8,9,9,8,8,8,7,8,8
gc,svn,soar,/trunk/SoarSuite/Core/ConnectionSML/src/sock_ListenerSocket.cpp,buggy,java,IssueTrue,31942,69,10403,42,4,4,4,2,9,3,2,1,1,5,6,2,1,1,2,9,9,9,1,1,1,5,6,2,4,4,3,2,1,1,1,1,1,1,1,1,9,9,9,7,7,7,5,4,3,2,3,2,7,6,2,5,5,4,4,5,4,5,5,3,3,3
gc,svn,soar,/trunk/SoarSuite/Core/KernelSML/src/KernelSMLInterface.cpp,buggy,java,IssueTrue,31942,69,10403,42,4,5,4,2,9,4,2,1,1,5,6,2,1,1,2,9,9,9,1,1,1,5,6,2,4,4,3,2,1,1,1,1,1,1,1,1,9,9,9,7,7,7,6,5,3,6,3,3,8,4,2,6,9,3,4,5,6,6,6,5,5,5
gc,svn,soar,/trunk/SoarSuite/Core/KernelSML/src/sml_AgentSML.cpp,buggy,java,IssueTrue,31942,69,10403,42,10,9,10,9,6,6,2,1,1,5,6,2,1,1,2,9,9,9,1,1,1,5,6,2,4,4,3,2,1,1,1,1,1,1,1,1,9,9,9,7,7,7,5,7,9,6,6,8,6,6,9,9,10,6,8,9,7,7,8,6,7,8
gc,svn,soar,/trunk/SoarSuite/Core/KernelSML/src/sml_ConnectionManager.cpp,buggy,java,IssueTrue,31942,69,10403,42,5,6,5,4,8,4,2,1,1,5,6,2,1,1,2,9,9,9,1,1,1,5,6,2,4,4,3,2,1,1,1,1,1,1,1,1,9,9,9,7,7,7,5,4,5,3,3,3,5,3,3,3,8,3,3,4,4,5,5,5,4,3
gc,svn,soar,/trunk/SoarSuite/Core/KernelSML/src/sml_InputListener.cpp,buggy,java,IssueTrue,31942,69,10403,42,5,3,5,2,5,7,2,1,1,5,6,2,1,1,2,9,9,9,1,1,1,5,6,2,4,4,3,2,1,1,1,1,1,1,1,1,9,9,9,7,7,7,8,7,5,9,8,4,8,8,3,8,10,7,8,8,4,5,5,3,4,4
gc,svn,soar,/trunk/SoarSuite/Core/KernelSML/src/sml_KernelCallback.cpp,buggy,java,IssueTrue,31942,69,10403,42,5,3,7,4,5,4,2,1,1,5,6,2,1,1,2,9,9,9,1,1,1,5,6,2,4,4,3,2,1,1,1,1,1,1,1,1,9,9,9,7,7,7,8,9,7,5,3,4,4,3,3,6,10,3,4,5,4,5,5,4,4,4
gc,svn,soar,/trunk/SoarSuite/Core/KernelSML/src/sml_KernelHelpers.cpp,buggy,java,IssueTrue,31942,69,10403,42,10,9,10,9,4,10,2,1,1,5,6,2,1,1,2,9,9,9,1,1,1,5,6,2,8,8,8,2,1,1,1,1,1,1,1,1,9,9,9,7,7,7,9,9,10,10,8,10,6,6,9,10,10,3,3,4,4,5,5,2,2,1
gc,svn,soar,/trunk/SoarSuite/Core/KernelSML/src/sml_KernelSML.cpp,buggy,java,IssueTrue,31942,69,10403,42,8,9,8,9,8,4,2,1,1,5,6,2,1,1,2,9,9,9,1,1,1,5,6,2,4,4,3,2,1,1,1,1,1,1,1,1,9,9,9,7,7,7,4,5,8,5,6,7,3,3,7,8,10,3,3,4,10,9,9,5,6,6
gc,svn,soar,/trunk/SoarSuite/Core/KernelSML/src/sml_KernelSMLHandlers.cpp,buggy,java,IssueTrue,31942,69,10403,42,9,9,9,7,6,7,2,1,1,5,6,2,1,1,2,9,9,9,1,1,1,5,6,2,4,4,3,2,1,1,1,1,1,1,1,1,9,9,9,7,7,7,7,9,8,10,10,8,8,9,8,8,10,7,7,8,4,6,5,2,4,3
gc,svn,soar,/trunk/SoarSuite/Core/KernelSML/src/sml_OutputListener.cpp,clean,java,IssueTrue,31942,69,10403,42,5,6,5,4,8,4,2,1,1,5,6,2,1,1,2,9,9,9,1,1,1,5,6,2,4,4,3,2,1,1,1,1,1,1,1,1,9,9,9,7,7,7,4,5,4,8,6,5,6,6,4,6,10,3,3,4,6,6,6,3,3,3
gc,svn,soar,/trunk/SoarSuite/Core/KernelSML/src/sml_RunScheduler.cpp,buggy,java,IssueTrue,31942,69,10403,42,8,9,8,7,8,9,2,1,1,5,6,2,1,1,2,9,9,9,1,1,1,5,6,2,4,4,3,2,1,1,1,1,1,1,1,1,9,9,9,7,7,7,7,8,8,5,4,6,7,8,7,3,8,6,4,6,4,5,5,2,2,1
gc,svn,soar,/trunk/SoarSuite/Core/SoarKernel/include/production.h,buggy,java,IssueTrue,31942,69,10403,42,5,9,5,1,10,3,2,1,1,5,6,2,1,1,2,9,9,9,2,3,2,5,6,2,10,10,10,2,1,1,1,1,1,1,1,1,9,9,9,7,7,7,3,3,2,6,3,3,2,1,1,6,9,4,4,6,6,6,6,6,6,5
gc,svn,soar,/trunk/SoarSuite/Core/SoarKernel/include/reinforcement_learning.h,clean,java,IssueTrue,31942,69,10403,42,3,6,4,1,10,2,2,2,2,6,7,9,1,1,2,9,9,9,2,3,4,6,7,9,9,9,10,2,3,3,2,2,2,2,3,4,9,9,9,7,7,7,2,2,2,1,2,2,1,1,1,6,9,8,7,8,9,8,8,10,10,10
gc,svn,soar,/trunk/SoarSuite/Core/SoarKernel/src/agent.cpp,buggy,java,IssueTrue,31942,69,10403,42,7,7,8,2,8,3,2,1,1,5,6,2,1,1,2,9,9,9,1,1,1,5,6,2,4,4,3,2,1,1,1,1,1,1,1,1,9,9,9,7,7,7,7,5,3,10,9,5,10,10,7,6,8,3,4,5,4,5,5,5,6,5
gc,svn,soar,/trunk/SoarSuite/Core/SoarKernel/src/callback.cpp,buggy,java,IssueTrue,31942,69,10403,42,8,6,8,6,4,6,2,1,1,5,6,2,1,1,2,9,9,9,1,1,1,5,6,2,4,4,3,2,1,1,1,1,1,1,1,1,9,9,9,7,7,7,8,9,8,9,7,7,3,2,3,7,10,4,5,6,4,5,5,6,7,6
gc,svn,soar,/trunk/SoarSuite/Core/SoarKernel/src/chunk.cpp,clean,java,IssueTrue,31942,69,10403,42,9,10,10,6,7,7,2,1,1,5,6,2,1,1,2,9,9,9,1,1,1,5,6,2,4,4,3,2,1,1,1,1,1,1,1,1,9,9,9,7,7,7,9,10,9,10,9,9,9,10,8,9,10,10,10,10,10,10,10,10,10,10
gc,svn,soar,/trunk/SoarSuite/Core/SoarKernel/src/consistency.cpp,clean,java,IssueTrue,31942,69,10403,42,8,9,8,5,9,9,2,1,1,5,6,2,1,1,2,9,9,9,1,1,1,5,6,2,4,4,3,2,1,1,1,1,1,1,1,1,9,9,9,7,7,7,9,8,8,10,6,7,6,5,4,3,9,9,7,7,9,7,7,10,10,9
gc,svn,soar,/trunk/SoarSuite/Core/SoarKernel/src/decide.cpp,buggy,java,IssueTrue,31942,69,10403,42,10,10,10,9,8,10,2,1,1,5,6,2,1,1,2,9,9,9,1,1,1,5,6,2,4,4,3,2,1,1,1,1,1,1,1,1,9,9,9,7,7,7,9,10,10,10,8,10,9,9,10,10,10,3,3,4,4,5,5,2,2,1
gc,svn,soar,/trunk/SoarSuite/Core/SoarKernel/src/decision_manipulation.cpp,buggy,java,IssueTrue,31942,69,10403,42,4,4,4,4,8,7,2,1,1,5,6,2,1,1,2,9,9,9,1,1,1,5,6,2,4,4,3,2,1,1,1,1,1,1,1,1,9,9,9,7,7,7,4,5,4,8,6,4,4,2,2,3,9,3,3,4,7,6,5,6,4,3
gc,svn,soar,/trunk/SoarSuite/Core/SoarKernel/src/exploration.cpp,buggy,java,IssueTrue,31942,69,10403,42,9,8,9,9,5,7,2,1,1,5,6,2,1,1,2,9,9,9,1,1,1,5,6,2,4,4,3,2,1,1,1,1,1,1,1,1,9,9,9,7,7,7,6,7,9,8,6,8,4,4,7,7,10,7,7,8,6,6,6,6,7,6
gc,svn,soar,/trunk/SoarSuite/Core/SoarKernel/src/init_soar.cpp,buggy,java,IssueTrue,31942,69,10403,42,9,10,10,6,8,7,2,1,1,5,6,2,1,1,2,9,9,9,1,1,1,5,6,2,4,4,3,2,1,1,1,1,1,1,1,1,9,9,9,7,7,7,8,10,8,10,9,8,9,10,8,10,10,7,9,10,10,10,10,9,10,10
gc,svn,soar,/trunk/SoarSuite/Core/SoarKernel/src/io.cpp,clean,java,IssueTrue,31942,69,10403,42,8,10,9,7,9,6,2,1,1,5,6,2,1,1,2,9,9,9,1,1,1,5,6,2,4,4,3,2,1,1,1,1,1,1,1,1,9,9,9,7,7,7,6,6,8,10,7,8,6,4,7,9,10,3,5,6,5,7,6,8,10,9
gc,svn,soar,/trunk/SoarSuite/Core/SoarKernel/src/lexer.cpp,clean,java,IssueTrue,31942,69,10403,42,9,10,10,8,7,9,2,1,1,5,6,2,1,1,2,9,9,9,1,1,1,5,6,2,4,4,3,2,1,1,1,1,1,1,1,1,9,9,9,7,7,7,7,9,9,9,7,8,7,5,9,8,10,3,3,4,10,9,10,6,7,7
gc,svn,soar,/trunk/SoarSuite/Core/SoarKernel/src/mem.cpp,clean,java,IssueTrue,31942,69,10403,42,8,9,8,7,8,6,2,1,1,5,6,2,1,1,2,9,9,9,1,1,1,5,6,2,4,4,3,2,1,1,1,1,1,1,1,1,9,9,9,7,7,7,5,5,7,8,5,7,4,4,6,9,10,3,5,7,8,9,9,9,10,10
gc,svn,soar,/trunk/SoarSuite/Core/SoarKernel/src/parser.cpp,clean,java,IssueTrue,31942,69,10403,42,10,10,10,8,7,6,2,1,1,5,6,2,1,1,2,9,9,9,1,1,1,5,6,2,4,4,3,2,1,1,1,1,1,1,1,1,9,9,9,7,7,7,9,8,10,10,6,9,9,8,9,7,10,3,3,4,4,5,5,2,2,1
gc,svn,soar,/trunk/SoarSuite/Core/SoarKernel/src/print.cpp,clean,java,IssueTrue,31942,69,10403,42,10,9,10,7,6,9,2,1,1,5,6,2,1,1,2,9,9,9,1,1,1,5,6,2,4,4,3,2,1,1,1,1,1,1,1,1,9,9,9,7,7,7,8,9,9,10,8,9,6,8,8,9,10,3,4,6,5,7,7,5,7,7
gc,svn,soar,/trunk/SoarSuite/Core/SoarKernel/src/production.cpp,clean,java,IssueTrue,31942,69,10403,42,10,10,10,9,7,7,2,1,1,5,6,2,1,1,2,9,9,9,1,1,1,5,6,2,4,4,3,2,1,1,1,1,1,1,1,1,9,9,9,7,7,7,7,7,10,10,8,10,6,9,9,8,10,9,9,10,10,10,10,9,10,10
gc,svn,soar,/trunk/SoarSuite/Core/SoarKernel/src/recmem.cpp,clean,java,IssueTrue,31942,69,10403,42,9,10,10,5,7,10,2,1,1,5,6,2,1,1,2,9,9,9,1,1,1,5,6,2,4,4,3,2,1,1,1,1,1,1,1,1,9,9,9,7,7,7,10,8,9,10,9,9,10,9,8,9,10,10,10,10,10,10,10,10,10,10
gc,svn,soar,/trunk/SoarSuite/Core/SoarKernel/src/reinforcement_learning.cpp,buggy,java,IssueTrue,31942,69,10403,42,9,8,10,10,4,7,4,3,9,6,7,10,1,5,10,9,9,9,2,5,9,6,7,10,6,9,10,6,6,10,5,6,10,6,7,10,9,9,9,7,8,8,3,5,9,7,8,10,3,8,9,9,10,10,10,10,10,10,10,10,10,10
gc,svn,soar,/trunk/SoarSuite/Core/SoarKernel/src/rete.cpp,clean,java,IssueTrue,31942,69,10403,42,10,10,10,10,7,10,2,1,1,5,6,2,1,1,2,9,9,9,2,5,9,5,6,2,8,10,10,2,1,1,1,1,1,1,1,1,9,9,9,7,7,7,7,9,10,10,10,10,7,10,10,10,10,3,3,4,4,5,5,2,2,1
gc,svn,soar,/trunk/SoarSuite/Core/SoarKernel/src/rhsfun.cpp,clean,java,IssueTrue,31942,69,10403,42,8,9,8,6,8,4,2,1,1,5,6,2,1,1,2,9,9,9,1,1,1,5,6,2,4,4,3,2,1,1,1,1,1,1,1,1,9,9,9,7,7,7,6,5,7,9,6,7,6,4,6,8,10,3,3,4,10,10,9,5,7,6
gc,svn,soar,/trunk/SoarSuite/Core/SoarKernel/src/rhsfun_math.cpp,buggy,java,IssueTrue,31942,69,10403,42,9,9,10,8,5,6,2,1,1,5,6,2,1,1,2,9,9,9,1,1,1,5,6,2,4,4,3,2,1,1,1,1,1,1,1,1,9,9,9,7,7,7,8,6,9,9,5,8,4,3,6,6,9,3,3,4,4,5,5,9,9,9
gc,svn,soar,/trunk/SoarSuite/Core/SoarKernel/src/symtab.cpp,clean,java,IssueTrue,31942,69,10403,42,9,8,9,8,6,6,2,1,1,5,6,2,1,1,2,9,9,9,1,1,1,5,6,2,4,4,3,2,1,1,1,1,1,1,1,1,9,9,9,7,7,7,4,5,7,9,10,9,7,10,8,9,10,8,8,10,9,9,9,7,9,9
gc,svn,soar,/trunk/SoarSuite/Core/SoarKernel/src/trace.cpp,clean,java,IssueTrue,31942,69,10403,42,10,9,10,8,5,9,2,1,1,5,6,2,1,1,2,9,9,9,2,2,3,5,6,2,8,8,9,2,1,1,1,1,1,1,1,1,9,9,9,7,7,7,9,9,10,10,8,9,7,5,8,7,9,3,3,4,4,5,5,6,6,6
gc,svn,soar,/trunk/SoarSuite/Core/SoarKernel/src/utilities.cpp,clean,java,IssueTrue,31942,69,10403,42,7,3,7,4,3,6,2,1,1,5,6,2,1,1,2,9,9,9,1,1,1,5,6,2,4,4,3,2,1,1,1,1,1,1,1,1,9,9,9,7,7,7,7,7,6,10,8,6,4,2,3,5,9,9,8,8,4,5,5,6,7,5
gc,svn,soar,/trunk/SoarSuite/Core/SoarKernel/src/wmem.cpp,clean,java,IssueTrue,31942,69,10403,42,6,6,6,3,7,7,2,1,1,5,6,2,1,1,2,9,9,9,1,1,1,5,6,2,4,4,3,2,1,1,1,1,1,1,1,1,9,9,9,7,7,7,7,6,5,10,6,5,8,7,4,3,8,3,3,4,4,5,5,3,3,2
gc,svn,soar,/trunk/SoarSuite/Core/shared/portability_posix.h,clean,java,IssueTrue,31942,69,10403,42,1,2,1,1,1,2,2,1,1,5,6,2,1,1,2,9,9,9,1,1,1,5,6,2,4,4,3,2,1,1,1,1,1,1,1,1,9,9,9,7,7,7,2,2,2,1,2,2,1,1,1,3,9,9,7,8,4,5,5,2,2,1
gc,svn,soar,/trunk/SoarSuite/Core/shared/portability_windows.h,buggy,java,IssueTrue,31942,69,10403,42,1,2,1,1,1,2,2,1,1,5,6,2,1,1,2,9,9,9,1,1,1,5,6,2,4,4,3,2,1,1,1,1,1,1,1,1,9,9,9,7,7,7,2,2,2,1,2,2,1,1,1,5,9,10,8,9,10,9,9,2,3,2
