Host,Vcs,Project,File,Buggy,PL,IssueTracking,TLOC,TNF,TNC,TND,LOC,CL,NStmt,NFunc,RCC,MNL,avg_WMC,max_WMC,total_WMC,avg_DIT,max_DIT,total_DIT,avg_RFC,max_RFC,total_RFC,avg_NOC,max_NOC,total_NOC,avg_CBO,max_CBO,total_CBO,avg_DIT.1,max_DIT.1,total_DIT.1,avg_NIV,max_NIV,total_NIV,avg_NIM,max_NIM,total_NIM,avg_NOM,max_NOM,total_NOM,avg_NPBM,max_NPBM,total_NPBM,avg_NPM,max_NPM,total_NPM,avg_NPRM,max_NPRM,total_NPRM,avg_CC,max_CC,total_CC,avg_FANIN,max_FANIN,total_FANIN,avg_FANOUT,max_FANOUT,total_FANOUT,NRev,NFix,avg_AddedLOC,max_AddedLOC,total_AddedLOC,avg_DeletedLOC,max_DeletedLOC,total_DeletedLOC,avg_ModifiedLOC,max_ModifiedLOC,total_ModifiedLOC
sf,cvs,sylpheed-claws,sylpheed-claws/plugins/acpi_notifier/src/Attic/acpi_notifier.c,buggy,c,IssueFalse,109540,372,19900,28,9,4,9,8,1,8,7,7,7,10,10,5,10,10,10,9,9,9,9,10,7,10,10,5,9,10,10,10,10,10,10,10,10,10,10,10,10,10,10,8,8,9,9,10,9,8,9,7,9,9,8,3,8,10,10,10,6,5,5,10,10,10
sf,cvs,sylpheed-claws,sylpheed-claws/plugins/maildir/src/maildir.c,clean,c,IssueFalse,109540,372,19900,28,10,4,10,10,1,8,7,7,7,10,10,5,10,10,10,9,9,9,9,10,7,10,10,5,7,7,8,10,10,10,10,10,10,10,10,10,10,10,10,8,8,9,9,9,10,9,8,9,9,7,10,2,6,10,7,8,9,7,7,9,8,7
sf,cvs,sylpheed-claws,sylpheed-claws/plugins/maildir/src/maildir_gtk.c,buggy,c,IssueFalse,109540,372,19900,28,7,2,8,6,1,7,7,7,7,10,10,5,10,10,10,9,9,9,9,9,6,10,10,5,6,6,6,10,10,10,10,10,10,10,10,10,10,10,10,8,8,9,9,8,8,8,7,6,10,7,8,3,4,7,5,6,6,5,5,6,6,6
sf,cvs,sylpheed-claws,sylpheed-claws/plugins/mailmbox/src/plugin_gtk.c,buggy,c,IssueFalse,109540,372,19900,28,8,3,8,7,2,7,7,7,7,10,10,5,10,10,10,9,9,9,9,9,6,10,10,5,6,6,6,10,10,10,10,10,10,10,10,10,10,10,10,8,8,9,9,8,8,7,7,6,9,7,8,3,4,7,5,6,6,5,5,6,6,6
sf,cvs,sylpheed-claws,sylpheed-claws/plugins/newmail/src/Attic/newmail.c,clean,c,IssueFalse,109540,372,19900,28,5,4,4,5,4,8,7,7,7,10,10,5,10,10,10,9,9,9,9,9,6,10,10,5,6,6,6,10,10,10,10,10,10,10,10,10,10,10,10,8,8,9,8,8,6,6,7,5,6,6,5,2,4,8,5,6,6,5,5,4,3,4
sf,cvs,sylpheed-claws,sylpheed-claws/plugins/perl/src/perl_gtk.c,clean,c,IssueFalse,109540,372,19900,28,3,3,3,3,5,7,7,7,7,10,10,5,10,10,10,9,9,9,9,9,6,10,10,5,6,6,6,10,10,10,10,10,10,10,10,10,10,10,10,8,8,9,5,5,3,7,5,4,7,4,3,3,4,7,4,5,9,7,7,2,2,2
sf,cvs,sylpheed-claws,sylpheed-claws/plugins/perl/src/perl_plugin.c,buggy,c,IssueFalse,109540,372,19900,28,10,10,10,10,2,10,7,7,7,10,10,5,10,10,10,9,9,9,9,9,6,10,10,5,6,6,6,10,10,10,10,10,10,10,10,10,10,10,10,8,8,9,10,10,10,7,10,9,8,7,10,4,4,4,3,4,6,5,5,2,2,2
sf,cvs,sylpheed-claws,sylpheed-claws/plugins/synce/src/synce_comp.c,buggy,c,IssueFalse,109540,372,19900,28,8,4,8,6,2,9,7,7,7,10,10,5,10,10,10,9,9,9,9,9,6,10,10,5,6,6,6,10,10,10,10,10,10,10,10,10,10,10,10,8,8,9,10,9,8,9,7,6,8,7,7,4,4,9,6,7,6,5,5,8,8,8
sf,cvs,sylpheed-claws,sylpheed-claws/plugins/synce/src/synce_gtk.c,clean,c,IssueFalse,109540,372,19900,28,3,3,2,3,6,3,7,7,7,10,10,5,10,10,10,9,9,9,9,9,6,10,10,5,6,6,6,10,10,10,10,10,10,10,10,10,10,10,10,8,8,9,3,3,3,6,5,4,4,3,3,3,4,6,4,5,9,7,7,2,2,2
sf,cvs,sylpheed-claws,sylpheed-claws/plugins/synce/src/synce_plugin.c,clean,c,IssueFalse,109540,372,19900,28,3,3,2,4,7,5,7,7,7,10,10,5,10,10,10,9,9,9,9,9,6,10,10,5,6,6,6,10,10,10,10,10,10,10,10,10,10,10,10,8,8,9,5,5,4,1,2,3,3,4,3,3,4,4,3,4,6,5,5,4,3,4
sf,cvs,sylpheed-claws,sylpheed-claws/plugins/vcalendar/src/vcal_manager.c,buggy,c,IssueFalse,109540,372,19900,28,9,4,9,9,1,9,7,7,7,10,10,5,10,10,10,9,9,9,9,9,6,10,10,5,8,8,7,10,10,10,10,10,10,10,10,10,10,10,10,8,8,9,9,9,10,10,9,10,8,9,9,2,6,4,3,4,6,5,5,4,3,4
sf,cvs,sylpheed-claws,sylpheed-claws/plugins/vcalendar/src/vcal_meeting_gtk.c,buggy,c,IssueFalse,109540,372,19900,28,9,3,10,8,1,9,7,7,7,10,10,5,10,10,10,9,9,9,9,10,7,10,10,5,10,10,10,10,10,10,10,10,10,10,10,10,10,10,10,8,8,9,9,10,9,10,10,9,10,10,9,3,6,9,7,8,6,5,5,10,8,9
sf,cvs,sylpheed-claws,sylpheed-claws/plugins/vcalendar/src/vcalendar.c,buggy,c,IssueFalse,109540,372,19900,28,10,3,10,9,1,8,7,7,7,10,10,5,10,10,10,9,9,9,10,10,7,10,10,5,10,10,9,10,10,10,10,10,10,10,10,10,10,10,10,8,8,9,9,10,10,9,9,9,9,9,10,4,6,8,7,8,6,5,5,6,6,7
sf,cvs,sylpheed-claws,sylpheed-claws/sylpheed-claws/src/Attic/image_viewer.c,buggy,c,IssueFalse,109540,372,19900,28,7,4,8,7,2,7,7,7,7,10,10,5,10,10,10,9,9,9,10,10,7,10,10,5,10,9,9,10,10,10,10,10,10,10,10,10,10,10,10,8,8,9,7,7,7,9,8,7,8,9,8,4,9,7,6,7,9,8,8,2,3,5
sf,cvs,sylpheed-claws,sylpheed-claws/sylpheed-claws/src/Attic/prefs_compose_writing.c,clean,c,IssueFalse,109540,372,19900,28,6,2,7,4,2,3,7,7,7,10,10,5,10,10,10,9,9,9,10,10,7,10,10,5,10,9,9,10,10,10,10,10,10,10,10,10,10,10,10,8,8,9,3,3,3,10,9,5,10,8,6,4,9,4,3,4,6,5,5,4,3,5
sf,cvs,sylpheed-claws,sylpheed-claws/sylpheed-claws/src/Attic/prefs_compose_writing.h,clean,c,IssueFalse,109540,372,19900,28,1,2,1,1,10,3,7,7,7,10,10,5,10,10,10,9,9,9,9,9,6,10,10,5,6,6,6,10,10,10,10,10,10,10,10,10,10,10,10,8,8,9,1,1,2,1,2,3,2,2,2,3,8,4,3,4,6,5,5,4,3,5
sf,cvs,sylpheed-claws,sylpheed-claws/sylpheed-claws/src/Attic/prefs_folder_column.c,clean,c,IssueFalse,109540,372,19900,28,9,6,9,8,2,8,7,7,7,10,10,5,10,10,10,9,9,9,9,9,6,10,10,5,10,9,9,10,10,10,10,10,10,10,10,10,10,10,10,8,8,9,8,8,8,7,8,7,9,9,9,3,8,6,4,5,10,9,8,9,9,9
sf,cvs,sylpheed-claws,sylpheed-claws/sylpheed-claws/src/Attic/prefs_folder_column.h,clean,c,IssueFalse,109540,372,19900,28,1,2,1,1,10,3,7,7,7,10,10,5,10,10,10,9,9,9,9,9,6,10,10,5,6,6,6,10,10,10,10,10,10,10,10,10,10,10,10,8,8,9,1,1,2,1,2,3,2,2,2,2,8,4,3,4,6,5,5,4,3,4
sf,cvs,sylpheed-claws,sylpheed-claws/sylpheed-claws/src/Attic/prefs_image_viewer.c,clean,c,IssueFalse,109540,372,19900,28,4,2,4,4,4,3,7,7,7,10,10,5,10,10,10,9,9,9,10,10,7,10,10,5,8,8,8,10,10,10,10,10,10,10,10,10,10,10,10,8,8,9,3,3,3,5,5,4,8,6,5,3,9,4,3,4,10,9,9,8,8,7
sf,cvs,sylpheed-claws,sylpheed-claws/sylpheed-claws/src/Attic/prefs_message.c,clean,c,IssueFalse,109540,372,19900,28,6,2,7,4,2,3,7,7,7,10,10,5,10,10,10,9,9,9,10,10,7,10,10,5,10,9,9,10,10,10,10,10,10,10,10,10,10,10,10,8,8,9,3,3,3,9,8,5,10,9,7,6,9,9,8,9,9,9,8,2,6,7
sf,cvs,sylpheed-claws,sylpheed-claws/sylpheed-claws/src/Attic/prefs_other.c,clean,c,IssueFalse,109540,372,19900,28,6,3,7,4,2,5,7,7,7,10,10,5,10,10,10,9,9,9,10,10,7,10,10,5,10,9,9,10,10,10,10,10,10,10,10,10,10,10,10,8,8,9,4,4,3,9,8,5,10,9,7,6,9,6,5,6,6,5,5,2,5,6
sf,cvs,sylpheed-claws,sylpheed-claws/sylpheed-claws/src/Attic/prefs_quote.c,clean,c,IssueFalse,109540,372,19900,28,6,3,7,4,2,3,7,7,7,10,10,5,10,10,10,9,9,9,10,10,7,10,10,5,10,9,9,10,10,10,10,10,10,10,10,10,10,10,10,8,8,9,5,6,4,9,8,5,10,9,6,6,9,5,4,5,8,7,7,2,3,6
sf,cvs,sylpheed-claws,sylpheed-claws/sylpheed-claws/src/Attic/prefs_receive.c,buggy,c,IssueFalse,109540,372,19900,28,7,3,8,5,2,5,7,7,7,10,10,5,10,10,10,9,9,9,10,10,7,10,10,5,10,10,9,10,10,10,10,10,10,10,10,10,10,10,10,8,8,9,6,7,5,9,8,6,10,10,8,3,9,4,3,4,6,5,5,4,3,5
sf,cvs,sylpheed-claws,sylpheed-claws/sylpheed-claws/src/Attic/prefs_send.c,clean,c,IssueFalse,109540,372,19900,28,7,3,10,6,2,5,7,7,7,10,10,5,10,10,10,9,9,9,10,10,7,10,10,5,9,8,8,10,10,10,10,10,10,10,10,10,10,10,10,8,8,9,10,10,9,6,6,5,9,9,7,6,9,7,6,7,6,5,5,5,7,8
sf,cvs,sylpheed-claws,sylpheed-claws/sylpheed-claws/src/Attic/prefs_summaries.c,buggy,c,IssueFalse,109540,372,19900,28,10,5,10,8,1,5,7,7,7,10,10,5,10,10,10,9,9,9,9,10,7,10,10,5,9,10,9,10,10,10,10,10,10,10,10,10,10,10,10,8,8,9,7,9,8,8,8,7,10,10,10,9,9,10,10,10,9,9,9,5,8,9
sf,cvs,sylpheed-claws,sylpheed-claws/sylpheed-claws/src/Attic/prefs_summaries.h,clean,c,IssueFalse,109540,372,19900,28,1,2,1,1,10,3,7,7,7,10,10,5,10,10,10,9,9,9,9,9,6,10,10,5,6,6,6,10,10,10,10,10,10,10,10,10,10,10,10,8,8,9,1,1,2,1,2,3,2,2,2,3,8,4,3,4,6,5,5,4,3,5
sf,cvs,sylpheed-claws,sylpheed-claws/sylpheed-claws/src/Attic/wizard.c,buggy,c,IssueFalse,109540,372,19900,28,9,5,9,8,1,9,7,7,7,10,10,5,10,10,10,9,9,9,9,9,6,10,10,5,6,6,6,10,10,10,10,10,10,10,10,10,10,10,10,8,8,9,9,9,9,10,8,8,10,9,10,9,10,10,10,10,10,10,10,8,9,10
sf,cvs,sylpheed-claws,sylpheed-claws/sylpheed-claws/src/account.c,buggy,c,IssueFalse,109540,372,19900,28,10,9,10,10,2,10,7,7,7,10,10,5,10,10,10,9,9,9,9,9,6,10,10,5,8,7,8,10,10,10,10,10,10,10,10,10,10,10,10,8,8,9,9,10,10,10,10,10,9,10,10,9,10,7,8,9,7,7,8,4,6,9
sf,cvs,sylpheed-claws,sylpheed-claws/sylpheed-claws/src/action.c,buggy,c,IssueFalse,109540,372,19900,28,10,6,10,9,1,10,7,7,7,10,10,5,10,10,10,9,9,9,9,10,7,10,10,5,10,10,10,10,10,10,10,10,10,10,10,10,10,10,10,8,8,9,10,10,10,9,9,9,9,10,10,5,9,7,6,7,6,5,5,4,5,7
sf,cvs,sylpheed-claws,sylpheed-claws/sylpheed-claws/src/addr_compl.c,clean,c,IssueFalse,109540,372,19900,28,10,10,10,10,6,9,7,7,7,10,10,5,10,10,10,9,9,9,9,9,6,10,10,5,9,8,8,10,10,10,10,10,10,10,10,10,10,10,10,8,8,9,8,9,10,8,8,9,8,8,10,6,9,6,4,6,10,10,10,2,5,6
sf,cvs,sylpheed-claws,sylpheed-claws/sylpheed-claws/src/addrbook.c,clean,c,IssueFalse,109540,372,19900,28,10,10,10,10,6,10,7,7,7,10,10,5,10,10,10,9,9,9,9,9,6,10,10,5,6,6,6,10,10,10,10,10,10,10,10,10,10,10,10,8,8,9,9,9,10,9,8,10,7,7,10,3,8,5,4,5,6,5,5,2,3,4
sf,cvs,sylpheed-claws,sylpheed-claws/sylpheed-claws/src/addrcache.c,clean,c,IssueFalse,109540,372,19900,28,10,10,10,10,5,9,7,7,7,10,10,5,10,10,10,9,9,9,9,9,6,10,10,5,6,6,6,10,10,10,10,10,10,10,10,10,10,10,10,8,8,9,7,8,10,9,8,10,6,6,10,4,9,5,4,5,6,5,5,5,5,6
sf,cvs,sylpheed-claws,sylpheed-claws/sylpheed-claws/src/addressadd.c,clean,c,IssueFalse,109540,372,19900,28,7,5,8,7,2,9,7,7,7,10,10,5,10,10,10,9,9,9,10,10,7,10,10,5,10,9,9,10,10,10,10,10,10,10,10,10,10,10,10,8,8,9,7,8,7,8,8,7,9,10,8,2,8,4,3,4,6,5,5,6,5,5
sf,cvs,sylpheed-claws,sylpheed-claws/sylpheed-claws/src/addressbook.c,buggy,c,IssueFalse,109540,372,19900,28,10,10,10,10,3,10,7,7,7,10,10,5,10,10,10,9,9,9,9,9,6,10,10,5,7,7,7,10,10,10,10,10,10,10,10,10,10,10,10,8,8,9,10,10,10,10,10,10,8,10,10,10,10,4,3,4,6,5,5,2,2,2
sf,cvs,sylpheed-claws,sylpheed-claws/sylpheed-claws/src/addrgather.c,clean,c,IssueFalse,109540,372,19900,28,8,8,9,6,3,8,7,7,7,10,10,5,10,10,10,9,9,9,9,9,6,10,10,5,10,10,9,10,10,10,10,10,10,10,10,10,10,10,10,8,8,9,8,8,7,9,9,7,10,9,9,2,8,4,3,4,6,5,5,4,3,4
sf,cvs,sylpheed-claws,sylpheed-claws/sylpheed-claws/src/addrharvest.c,clean,c,IssueFalse,109540,372,19900,28,9,10,9,9,6,10,7,7,7,10,10,5,10,10,10,9,9,9,10,10,7,10,10,5,8,8,7,10,10,10,10,10,10,10,10,10,10,10,10,8,8,9,9,8,9,9,8,8,8,6,9,4,9,4,3,4,8,7,7,2,3,5
sf,cvs,sylpheed-claws,sylpheed-claws/sylpheed-claws/src/addrindex.c,buggy,c,IssueFalse,109540,372,19900,28,10,10,10,10,5,10,7,7,7,10,10,5,10,10,10,9,9,9,9,9,6,10,10,5,8,8,9,10,10,10,10,10,10,10,10,10,10,10,10,8,8,9,9,9,10,9,8,10,7,8,10,6,9,4,3,4,6,5,5,2,2,2
sf,cvs,sylpheed-claws,sylpheed-claws/sylpheed-claws/src/addritem.c,clean,c,IssueFalse,109540,372,19900,28,10,10,10,10,6,8,7,7,7,10,10,5,10,10,10,9,9,9,9,9,6,10,10,5,6,6,6,10,10,10,10,10,10,10,10,10,10,10,10,8,8,9,8,9,10,9,9,10,7,6,10,2,6,10,9,9,6,5,5,8,6,6
sf,cvs,sylpheed-claws,sylpheed-claws/sylpheed-claws/src/alertpanel.c,clean,c,IssueFalse,109540,372,19900,28,8,4,7,7,2,7,7,7,7,10,10,5,10,10,10,9,9,9,9,9,6,10,10,5,6,6,6,10,10,10,10,10,10,10,10,10,10,10,10,8,8,9,8,9,8,10,10,9,8,9,8,7,9,10,9,10,10,10,10,10,10,10
sf,cvs,sylpheed-claws,sylpheed-claws/sylpheed-claws/src/alertpanel.h,clean,c,IssueFalse,109540,372,19900,28,3,2,2,1,6,3,7,7,7,10,10,5,10,10,10,9,9,9,9,9,6,10,10,5,6,6,6,10,10,10,10,10,10,10,10,10,10,10,10,8,8,9,1,1,2,1,2,3,2,2,2,4,9,8,6,7,10,9,9,4,3,5
sf,cvs,sylpheed-claws,sylpheed-claws/sylpheed-claws/src/browseldap.c,buggy,c,IssueFalse,109540,372,19900,28,1,4,1,1,1,3,7,7,7,10,10,5,10,10,10,9,9,9,9,9,6,10,10,5,6,6,6,10,10,10,10,10,10,10,10,10,10,10,10,8,8,9,1,1,2,1,2,3,2,2,2,2,8,4,3,4,6,5,5,4,3,4
sf,cvs,sylpheed-claws,sylpheed-claws/sylpheed-claws/src/codeconv.c,clean,c,IssueFalse,109540,372,19900,28,10,7,10,10,1,10,7,7,7,10,10,5,10,10,10,9,9,9,9,9,6,10,10,5,6,6,6,10,10,10,10,10,10,10,10,10,10,10,10,8,8,9,10,10,10,9,10,10,5,7,9,9,9,9,9,10,7,8,8,2,6,8
sf,cvs,sylpheed-claws,sylpheed-claws/sylpheed-claws/src/codeconv.h,clean,c,IssueFalse,109540,372,19900,28,5,3,3,1,3,3,7,7,7,10,10,5,10,10,10,9,9,9,9,9,6,10,10,5,8,7,7,10,10,10,10,10,10,10,10,10,10,10,10,8,8,9,1,1,2,1,2,3,2,2,2,6,9,6,5,7,6,5,5,2,3,5
sf,cvs,sylpheed-claws,sylpheed-claws/sylpheed-claws/src/common/Attic/timing.h,clean,c,IssueFalse,109540,372,19900,28,1,4,1,1,1,3,7,7,7,10,10,5,10,10,10,9,9,9,9,9,6,10,10,5,6,6,6,10,10,10,10,10,10,10,10,10,10,10,10,8,8,9,1,1,2,1,2,3,2,2,2,2,8,4,3,4,6,5,5,4,3,4
sf,cvs,sylpheed-claws,sylpheed-claws/sylpheed-claws/src/common/defs.h,clean,c,IssueFalse,109540,372,19900,28,1,4,1,1,1,3,7,7,7,10,10,5,10,10,10,9,9,9,9,9,6,10,10,5,6,6,6,10,10,10,10,10,10,10,10,10,10,10,10,8,8,9,1,1,2,1,2,3,2,2,2,7,9,7,6,8,8,7,7,2,6,7
sf,cvs,sylpheed-claws,sylpheed-claws/sylpheed-claws/src/common/hooks.c,clean,c,IssueFalse,109540,372,19900,28,4,2,4,4,4,5,7,7,7,10,10,5,10,10,10,9,9,9,9,9,6,10,10,5,7,7,7,10,10,10,10,10,10,10,10,10,10,10,10,8,8,9,5,5,4,10,10,7,7,4,4,2,8,4,3,4,6,5,5,4,3,4
sf,cvs,sylpheed-claws,sylpheed-claws/sylpheed-claws/src/common/log.c,clean,c,IssueFalse,109540,372,19900,28,5,2,6,5,3,7,7,7,7,10,10,5,10,10,10,9,9,9,9,9,6,10,10,5,6,6,6,10,10,10,10,10,10,10,10,10,10,10,10,8,8,9,7,6,6,10,10,7,10,6,7,5,9,4,3,4,6,5,5,6,6,7
sf,cvs,sylpheed-claws,sylpheed-claws/sylpheed-claws/src/common/log.h,clean,c,IssueFalse,109540,372,19900,28,2,3,2,1,8,3,7,7,7,10,10,5,10,10,10,9,9,9,9,9,6,10,10,5,7,7,7,10,10,10,10,10,10,10,10,10,10,10,10,8,8,9,1,1,2,1,2,3,2,2,2,2,8,4,3,4,6,5,5,4,3,4
sf,cvs,sylpheed-claws,sylpheed-claws/sylpheed-claws/src/common/nntp.c,clean,c,IssueFalse,109540,372,19900,28,8,2,8,8,1,8,7,7,7,10,10,5,10,10,10,9,9,9,9,9,6,10,10,5,6,6,6,10,10,10,10,10,10,10,10,10,10,10,10,8,8,9,8,8,9,8,8,8,6,7,8,3,9,6,4,5,8,6,7,5,5,5
sf,cvs,sylpheed-claws,sylpheed-claws/sylpheed-claws/src/common/passcrypt.c,buggy,c,IssueFalse,109540,372,19900,28,4,5,5,5,6,7,7,7,7,10,10,5,10,10,10,9,9,9,9,9,6,10,10,5,6,6,6,10,10,10,10,10,10,10,10,10,10,10,10,8,8,9,8,7,6,8,7,5,3,4,3,3,6,9,7,8,6,5,5,4,5,5
sf,cvs,sylpheed-claws,sylpheed-claws/sylpheed-claws/src/common/plugin.c,buggy,c,IssueFalse,109540,372,19900,28,7,6,7,7,3,8,7,7,7,10,10,5,10,10,10,9,9,9,9,9,6,10,10,5,9,8,8,10,10,10,10,10,10,10,10,10,10,10,10,8,8,9,8,8,8,8,6,7,8,7,8,4,9,4,3,4,6,5,5,8,8,8
sf,cvs,sylpheed-claws,sylpheed-claws/sylpheed-claws/src/common/plugin.h,buggy,c,IssueFalse,109540,372,19900,28,1,3,2,1,9,3,7,7,7,10,10,5,10,10,10,9,9,9,9,9,6,10,10,5,6,6,6,10,10,10,10,10,10,10,10,10,10,10,10,8,8,9,1,1,2,1,2,3,2,2,2,2,6,4,3,4,6,5,5,4,3,4
sf,cvs,sylpheed-claws,sylpheed-claws/sylpheed-claws/src/common/prefs.c,buggy,c,IssueFalse,109540,372,19900,28,6,7,7,5,5,10,7,7,7,10,10,5,10,10,10,9,9,9,9,9,6,10,10,5,6,6,6,10,10,10,10,10,10,10,10,10,10,10,10,8,8,9,10,9,8,10,10,8,10,6,7,3,9,4,3,4,6,5,5,8,8,7
sf,cvs,sylpheed-claws,sylpheed-claws/sylpheed-claws/src/common/quoted-printable.c,buggy,c,IssueFalse,109540,372,19900,28,5,3,6,4,3,9,7,7,7,10,10,5,10,10,10,9,9,9,9,9,6,10,10,5,6,6,6,10,10,10,10,10,10,10,10,10,10,10,10,8,8,9,10,9,7,6,5,4,3,3,3,2,6,4,3,4,6,5,5,4,3,4
sf,cvs,sylpheed-claws,sylpheed-claws/sylpheed-claws/src/common/session.c,clean,c,IssueFalse,109540,372,19900,28,9,8,9,9,2,8,7,7,7,10,10,5,10,10,10,9,9,9,9,9,6,10,10,5,6,6,6,10,10,10,10,10,10,10,10,10,10,10,10,8,8,9,8,9,9,10,9,9,9,8,9,2,8,4,3,4,6,5,5,4,3,4
sf,cvs,sylpheed-claws,sylpheed-claws/sylpheed-claws/src/common/session.h,clean,c,IssueFalse,109540,372,19900,28,5,3,4,1,3,3,7,7,7,10,10,5,10,10,10,9,9,9,10,10,7,10,10,5,10,10,10,10,10,10,10,10,10,10,10,10,10,10,10,8,8,9,1,1,2,1,2,3,2,2,2,3,9,4,3,4,6,5,5,4,3,5
sf,cvs,sylpheed-claws,sylpheed-claws/sylpheed-claws/src/common/smtp.c,buggy,c,IssueFalse,109540,372,19900,28,8,5,9,8,2,8,7,7,7,10,10,5,10,10,10,9,9,9,9,9,6,10,10,5,6,6,6,10,10,10,10,10,10,10,10,10,10,10,10,8,8,9,9,10,9,7,7,7,9,8,9,3,9,9,6,7,6,5,5,5,5,5
sf,cvs,sylpheed-claws,sylpheed-claws/sylpheed-claws/src/common/smtp.h,clean,c,IssueFalse,109540,372,19900,28,4,2,3,1,4,3,7,7,7,10,10,5,10,10,10,9,9,9,10,10,7,10,10,5,10,10,9,10,10,10,10,10,10,10,10,10,10,10,10,8,8,9,1,1,2,1,2,3,2,2,2,2,8,4,3,4,6,5,5,4,3,4
sf,cvs,sylpheed-claws,sylpheed-claws/sylpheed-claws/src/common/socket.c,buggy,c,IssueFalse,109540,372,19900,28,8,5,8,10,2,7,7,7,7,10,10,5,10,10,10,9,9,9,9,10,7,10,10,5,9,9,10,10,10,10,10,10,10,10,10,10,10,10,10,8,8,9,7,8,9,8,8,9,5,5,9,6,9,10,10,10,10,9,9,10,9,10
sf,cvs,sylpheed-claws,sylpheed-claws/sylpheed-claws/src/common/socket.h,buggy,c,IssueFalse,109540,372,19900,28,3,3,3,1,5,3,7,7,7,10,10,5,10,10,10,9,9,9,9,9,6,10,10,5,9,9,8,10,10,10,10,10,10,10,10,10,10,10,10,8,8,9,1,1,2,1,2,3,2,2,2,3,9,4,3,4,6,5,5,4,3,5
sf,cvs,sylpheed-claws,sylpheed-claws/sylpheed-claws/src/common/ssl.c,clean,c,IssueFalse,109540,372,19900,28,1,2,1,1,1,3,7,7,7,10,10,5,10,10,10,9,9,9,9,9,6,10,10,5,6,6,6,10,10,10,10,10,10,10,10,10,10,10,10,8,8,9,1,1,2,1,2,3,2,2,2,4,8,7,5,7,6,5,5,2,3,5
sf,cvs,sylpheed-claws,sylpheed-claws/sylpheed-claws/src/common/ssl.h,clean,c,IssueFalse,109540,372,19900,28,1,3,1,1,10,3,7,7,7,10,10,5,10,10,10,9,9,9,9,9,6,10,10,5,6,6,6,10,10,10,10,10,10,10,10,10,10,10,10,8,8,9,1,1,2,1,2,3,2,2,2,2,6,4,3,4,6,5,5,4,3,4
sf,cvs,sylpheed-claws,sylpheed-claws/sylpheed-claws/src/common/ssl_certificate.c,clean,c,IssueFalse,109540,372,19900,28,1,3,1,1,1,3,7,7,7,10,10,5,10,10,10,9,9,9,9,9,6,10,10,5,6,6,6,10,10,10,10,10,10,10,10,10,10,10,10,8,8,9,1,1,2,1,2,3,2,2,2,3,8,5,4,5,6,5,5,4,3,5
sf,cvs,sylpheed-claws,sylpheed-claws/sylpheed-claws/src/common/ssl_certificate.h,clean,c,IssueFalse,109540,372,19900,28,1,3,1,1,1,3,7,7,7,10,10,5,10,10,10,9,9,9,9,9,6,10,10,5,6,6,6,10,10,10,10,10,10,10,10,10,10,10,10,8,8,9,1,1,2,1,2,3,2,2,2,2,6,6,4,5,6,5,5,4,3,4
sf,cvs,sylpheed-claws,sylpheed-claws/sylpheed-claws/src/common/template.c,clean,c,IssueFalse,109540,372,19900,28,6,2,7,5,2,7,7,7,7,10,10,5,10,10,10,9,9,9,9,9,6,10,10,5,6,6,6,10,10,10,10,10,10,10,10,10,10,10,10,8,8,9,9,9,8,9,7,6,9,7,6,8,10,7,6,8,9,8,9,8,8,10
sf,cvs,sylpheed-claws,sylpheed-claws/sylpheed-claws/src/common/utils.c,buggy,c,IssueFalse,109540,372,19900,28,10,10,10,10,2,10,7,7,7,10,10,5,10,10,10,9,9,9,9,10,7,10,10,5,7,7,8,10,10,10,10,10,10,10,10,10,10,10,10,8,8,9,9,10,10,10,10,10,6,6,10,9,10,4,3,4,6,5,5,2,2,2
sf,cvs,sylpheed-claws,sylpheed-claws/sylpheed-claws/src/common/utils.h,buggy,c,IssueFalse,109540,372,19900,28,7,6,7,1,3,3,7,7,7,10,10,5,10,10,10,9,9,9,9,9,6,10,10,5,6,6,6,10,10,10,10,10,10,10,10,10,10,10,10,8,8,9,1,1,2,1,2,3,2,2,2,8,9,8,8,9,6,7,7,2,6,7
sf,cvs,sylpheed-claws,sylpheed-claws/sylpheed-claws/src/common/xml.c,clean,c,IssueFalse,109540,372,19900,28,9,4,9,9,1,7,7,7,7,10,10,5,10,10,10,9,9,9,9,9,6,10,10,5,6,6,6,10,10,10,10,10,10,10,10,10,10,10,10,8,8,9,8,9,10,10,10,10,7,7,9,6,9,5,4,6,7,7,7,5,6,8
sf,cvs,sylpheed-claws,sylpheed-claws/sylpheed-claws/src/compose.c,buggy,c,IssueFalse,109540,372,19900,28,10,10,10,10,1,10,7,7,7,10,10,5,10,10,10,9,9,9,9,9,6,10,10,5,8,8,9,10,10,10,10,10,10,10,10,10,10,10,10,8,8,9,10,10,10,10,10,10,10,10,10,10,10,4,3,4,6,5,5,2,2,2
sf,cvs,sylpheed-claws,sylpheed-claws/sylpheed-claws/src/compose.h,buggy,c,IssueFalse,109540,372,19900,28,6,6,6,1,4,3,7,7,7,10,10,5,10,10,10,9,9,9,10,10,8,10,10,5,10,10,10,10,10,10,10,10,10,10,10,10,10,10,10,8,8,9,1,1,2,1,2,3,2,2,2,6,9,5,4,6,6,5,5,5,6,7
sf,cvs,sylpheed-claws,sylpheed-claws/sylpheed-claws/src/crash.c,buggy,c,IssueFalse,109540,372,19900,28,1,2,1,1,1,3,7,7,7,10,10,5,10,10,10,9,9,9,9,9,6,10,10,5,6,6,6,10,10,10,10,10,10,10,10,10,10,10,10,8,8,9,1,1,2,1,2,3,2,2,2,6,10,6,5,7,6,5,5,6,6,8
sf,cvs,sylpheed-claws,sylpheed-claws/sylpheed-claws/src/editaddress.c,clean,c,IssueFalse,109540,372,19900,28,10,8,10,10,2,8,7,7,7,10,10,5,10,10,10,9,9,9,9,9,6,10,10,5,10,10,10,10,10,10,10,10,10,10,10,10,10,10,10,8,8,9,8,9,10,9,9,10,9,9,10,6,9,10,9,10,8,7,7,9,9,9
sf,cvs,sylpheed-claws,sylpheed-claws/sylpheed-claws/src/editgroup.c,clean,c,IssueFalse,109540,372,19900,28,8,7,9,8,3,7,7,7,7,10,10,5,10,10,10,9,9,9,9,9,6,10,10,5,9,9,8,10,10,10,10,10,10,10,10,10,10,10,10,8,8,9,8,7,9,8,8,7,9,10,9,2,6,4,3,4,6,5,5,4,3,4
sf,cvs,sylpheed-claws,sylpheed-claws/sylpheed-claws/src/editjpilot.c,clean,c,IssueFalse,109540,372,19900,28,1,4,1,1,1,3,7,7,7,10,10,5,10,10,10,9,9,9,9,9,6,10,10,5,6,6,6,10,10,10,10,10,10,10,10,10,10,10,10,8,8,9,1,1,2,1,2,3,2,2,2,4,9,4,3,4,6,5,5,4,3,5
sf,cvs,sylpheed-claws,sylpheed-claws/sylpheed-claws/src/editldap.c,buggy,c,IssueFalse,109540,372,19900,28,1,4,1,1,1,3,7,7,7,10,10,5,10,10,10,9,9,9,9,9,6,10,10,5,6,6,6,10,10,10,10,10,10,10,10,10,10,10,10,8,8,9,1,1,2,1,2,3,2,2,2,6,9,9,8,9,10,10,10,10,10,10
sf,cvs,sylpheed-claws,sylpheed-claws/sylpheed-claws/src/editvcard.c,clean,c,IssueFalse,109540,372,19900,28,6,5,7,6,3,7,7,7,7,10,10,5,10,10,10,9,9,9,9,9,6,10,10,5,9,8,8,10,10,10,10,10,10,10,10,10,10,10,10,8,8,9,8,8,7,6,8,5,10,9,7,3,8,4,3,4,6,5,5,4,3,5
sf,cvs,sylpheed-claws,sylpheed-claws/sylpheed-claws/src/etpan/Attic/imap-thread.c,buggy,c,IssueFalse,109540,372,19900,28,1,1,1,3,1,3,7,7,7,10,10,5,10,10,10,9,9,9,9,9,6,10,10,5,6,6,6,10,10,10,10,10,10,10,10,10,10,10,10,8,8,9,3,3,3,1,2,3,2,2,2,10,10,9,9,10,6,7,7,5,8,10
sf,cvs,sylpheed-claws,sylpheed-claws/sylpheed-claws/src/etpan/Attic/imap-thread.h,clean,c,IssueFalse,109540,372,19900,28,4,1,3,1,1,3,7,7,7,10,10,5,10,10,10,9,9,9,9,9,6,10,10,5,8,8,7,10,10,10,10,10,10,10,10,10,10,10,10,8,8,9,1,1,2,1,2,3,2,2,2,6,9,5,4,6,6,5,5,2,3,5
sf,cvs,sylpheed-claws,sylpheed-claws/sylpheed-claws/src/exphtmldlg.c,clean,c,IssueFalse,109540,372,19900,28,9,9,9,8,4,7,7,7,7,10,10,5,10,10,10,9,9,9,9,9,6,10,10,5,10,10,9,10,10,10,10,10,10,10,10,10,10,10,10,8,8,9,6,6,8,9,8,8,10,9,9,4,6,7,5,6,10,10,10,8,8,8
sf,cvs,sylpheed-claws,sylpheed-claws/sylpheed-claws/src/expldifdlg.c,buggy,c,IssueFalse,109540,372,19900,28,9,9,9,8,4,7,7,7,7,10,10,5,10,10,10,9,9,9,9,9,6,10,10,5,10,10,9,10,10,10,10,10,10,10,10,10,10,10,10,8,8,9,7,7,8,9,8,8,10,9,9,4,6,7,5,6,10,10,10,8,8,8
sf,cvs,sylpheed-claws,sylpheed-claws/sylpheed-claws/src/export.c,buggy,c,IssueFalse,109540,372,19900,28,6,2,6,5,2,8,7,7,7,10,10,5,10,10,10,9,9,9,9,9,6,10,10,5,6,6,6,10,10,10,10,10,10,10,10,10,10,10,10,8,8,9,8,8,6,5,6,5,9,9,7,7,9,7,6,8,9,9,9,6,8,9
sf,cvs,sylpheed-claws,sylpheed-claws/sylpheed-claws/src/exporthtml.c,buggy,c,IssueFalse,109540,372,19900,28,10,10,10,10,4,9,7,7,7,10,10,5,10,10,10,9,9,9,9,9,6,10,10,5,8,7,7,10,10,10,10,10,10,10,10,10,10,10,10,8,8,9,8,9,10,9,8,9,7,7,9,3,8,4,3,4,6,5,5,4,3,5
sf,cvs,sylpheed-claws,sylpheed-claws/sylpheed-claws/src/exportldif.c,clean,c,IssueFalse,109540,372,19900,28,8,10,8,9,6,10,7,7,7,10,10,5,10,10,10,9,9,9,9,9,6,10,10,5,6,6,6,10,10,10,10,10,10,10,10,10,10,10,10,8,8,9,7,9,9,9,8,8,7,6,9,2,8,4,3,4,6,5,5,4,3,4
sf,cvs,sylpheed-claws,sylpheed-claws/sylpheed-claws/src/filtering.c,buggy,c,IssueFalse,109540,372,19900,28,8,7,8,8,3,8,7,7,7,10,10,5,10,10,10,9,9,9,9,9,6,10,10,5,6,6,6,10,10,10,10,10,10,10,10,10,10,10,10,8,8,9,9,10,9,9,8,8,7,6,8,2,6,4,3,4,6,5,5,4,3,4
sf,cvs,sylpheed-claws,sylpheed-claws/sylpheed-claws/src/filtering.h,clean,c,IssueFalse,109540,372,19900,28,3,2,3,1,6,3,7,7,7,10,10,5,10,10,10,9,9,9,9,10,7,10,10,5,8,8,8,10,10,10,10,10,10,10,10,10,10,10,10,8,8,9,1,1,2,1,2,3,2,2,2,2,6,4,3,4,6,5,5,4,3,4
sf,cvs,sylpheed-claws,sylpheed-claws/sylpheed-claws/src/folder.c,buggy,c,IssueFalse,109540,372,19900,28,10,10,10,10,1,10,7,7,7,10,10,5,10,10,10,9,9,9,9,10,7,10,10,5,8,8,9,10,10,10,10,10,10,10,10,10,10,10,10,8,8,9,9,10,10,10,10,10,8,9,10,10,10,4,3,4,6,5,5,2,2,2
sf,cvs,sylpheed-claws,sylpheed-claws/sylpheed-claws/src/folder.h,buggy,c,IssueFalse,109540,372,19900,28,8,10,8,1,8,3,7,7,7,10,10,5,10,10,10,9,9,9,10,10,9,10,10,5,10,10,10,10,10,10,10,10,10,10,10,10,10,10,10,8,8,9,1,1,2,1,2,3,2,2,2,8,9,7,7,8,6,6,6,4,6,8
sf,cvs,sylpheed-claws,sylpheed-claws/sylpheed-claws/src/folder_item_prefs.c,clean,c,IssueFalse,109540,372,19900,28,6,5,6,6,3,5,7,7,7,10,10,5,10,10,10,9,9,9,9,9,6,10,10,5,6,6,6,10,10,10,10,10,10,10,10,10,10,10,10,8,8,9,7,8,6,10,10,7,9,8,7,4,9,6,5,6,6,5,5,2,3,5
sf,cvs,sylpheed-claws,sylpheed-claws/sylpheed-claws/src/folder_item_prefs.h,clean,c,IssueFalse,109540,372,19900,28,3,2,3,1,6,3,7,7,7,10,10,5,10,10,10,9,9,9,9,9,6,10,10,5,10,10,10,10,10,10,10,10,10,10,10,10,10,10,10,8,8,9,1,1,2,1,2,3,2,2,2,2,8,4,3,4,6,5,5,4,3,4
sf,cvs,sylpheed-claws,sylpheed-claws/sylpheed-claws/src/foldersel.c,clean,c,IssueFalse,109540,372,19900,28,9,5,9,8,2,8,7,7,7,10,10,5,10,10,10,9,9,9,10,10,7,10,10,5,8,7,7,10,10,10,10,10,10,10,10,10,10,10,10,8,8,9,9,10,9,10,10,8,9,10,9,6,9,9,8,9,8,8,7,8,8,9
sf,cvs,sylpheed-claws,sylpheed-claws/sylpheed-claws/src/folderutils.c,clean,c,IssueFalse,109540,372,19900,28,4,2,5,3,3,8,7,7,7,10,10,5,10,10,10,9,9,9,9,9,6,10,10,5,6,6,6,10,10,10,10,10,10,10,10,10,10,10,10,8,8,9,10,9,6,10,8,5,10,7,4,4,9,8,6,7,6,5,5,5,5,6
sf,cvs,sylpheed-claws,sylpheed-claws/sylpheed-claws/src/folderview.c,buggy,c,IssueFalse,109540,372,19900,28,10,8,10,10,1,9,7,7,7,10,10,5,10,10,10,9,9,9,9,9,6,10,10,5,6,6,6,10,10,10,10,10,10,10,10,10,10,10,10,8,8,9,9,10,10,10,10,10,8,9,10,10,10,4,3,4,6,5,5,2,2,2
sf,cvs,sylpheed-claws,sylpheed-claws/sylpheed-claws/src/folderview.h,clean,c,IssueFalse,109540,372,19900,28,4,3,4,1,5,3,7,7,7,10,10,5,10,10,10,9,9,9,10,10,8,10,10,5,9,10,10,10,10,10,10,10,10,10,10,10,10,10,10,8,8,9,1,1,2,1,2,3,2,2,2,5,9,8,7,8,6,5,5,2,3,5
sf,cvs,sylpheed-claws,sylpheed-claws/sylpheed-claws/src/grouplistdialog.c,clean,c,IssueFalse,109540,372,19900,28,8,3,9,8,1,8,7,7,7,10,10,5,10,10,10,9,9,9,9,9,6,10,10,5,6,6,6,10,10,10,10,10,10,10,10,10,10,10,10,8,8,9,8,8,9,8,8,8,9,9,9,4,9,5,4,5,6,5,5,5,6,6
sf,cvs,sylpheed-claws,sylpheed-claws/sylpheed-claws/src/gtk/Attic/authors.h,buggy,c,IssueFalse,109540,372,19900,28,7,1,1,1,1,3,7,7,7,10,10,5,10,10,10,9,9,9,9,9,6,10,10,5,6,6,6,10,10,10,10,10,10,10,10,10,10,10,10,8,8,9,1,1,2,1,2,3,2,2,2,4,8,9,8,8,6,5,5,10,10,10
sf,cvs,sylpheed-claws,sylpheed-claws/sylpheed-claws/src/gtk/Attic/gtksourceprintjob.c,clean,c,IssueFalse,109540,372,19900,28,1,4,1,1,1,3,7,7,7,10,10,5,10,10,10,9,9,9,9,9,6,10,10,5,6,6,6,10,10,10,10,10,10,10,10,10,10,10,10,8,8,9,1,1,2,1,2,3,2,2,2,2,6,4,3,4,6,5,5,2,2,2
sf,cvs,sylpheed-claws,sylpheed-claws/sylpheed-claws/src/gtk/about.c,buggy,c,IssueFalse,109540,372,19900,28,9,4,9,6,1,8,7,7,7,10,10,5,10,10,10,9,9,9,9,9,6,10,10,5,6,6,6,10,10,10,10,10,10,10,10,10,10,10,10,8,8,9,10,10,8,9,8,7,10,10,8,9,10,10,10,10,10,10,10,9,10,10
sf,cvs,sylpheed-claws,sylpheed-claws/sylpheed-claws/src/gtk/colorlabel.c,buggy,c,IssueFalse,109540,372,19900,28,6,6,7,7,4,7,7,7,7,10,10,5,10,10,10,9,9,9,9,9,6,10,10,5,6,6,6,10,10,10,10,10,10,10,10,10,10,10,10,8,8,9,5,5,6,8,6,7,7,7,7,2,8,10,7,8,9,7,7,6,5,5
sf,cvs,sylpheed-claws,sylpheed-claws/sylpheed-claws/src/gtk/colorsel.c,clean,c,IssueFalse,109540,372,19900,28,3,2,3,4,5,5,7,7,7,10,10,5,10,10,10,9,9,9,9,9,6,10,10,5,6,6,6,10,10,10,10,10,10,10,10,10,10,10,10,8,8,9,6,5,4,5,5,4,6,6,4,3,9,6,4,5,6,5,5,9,8,8
sf,cvs,sylpheed-claws,sylpheed-claws/sylpheed-claws/src/gtk/description_window.c,buggy,c,IssueFalse,109540,372,19900,28,5,4,5,4,3,9,7,7,7,10,10,5,10,10,10,9,9,9,9,9,6,10,10,5,6,6,6,10,10,10,10,10,10,10,10,10,10,10,10,8,8,9,8,7,5,7,6,5,10,9,6,6,9,9,9,9,6,6,6,8,8,9
sf,cvs,sylpheed-claws,sylpheed-claws/sylpheed-claws/src/gtk/description_window.h,clean,c,IssueFalse,109540,372,19900,28,1,3,1,1,10,3,7,7,7,10,10,5,10,10,10,9,9,9,9,9,6,10,10,5,8,8,8,10,10,10,10,10,10,10,10,10,10,10,10,8,8,9,1,1,2,1,2,3,2,2,2,2,6,4,3,4,6,5,5,4,3,4
sf,cvs,sylpheed-claws,sylpheed-claws/sylpheed-claws/src/gtk/filesel.c,buggy,c,IssueFalse,109540,372,19900,28,5,4,5,5,4,7,7,7,7,10,10,5,10,10,10,9,9,9,9,9,6,10,10,5,6,6,6,10,10,10,10,10,10,10,10,10,10,10,10,8,8,9,8,9,7,10,7,6,7,8,5,3,6,7,5,6,6,5,5,6,6,6
sf,cvs,sylpheed-claws,sylpheed-claws/sylpheed-claws/src/gtk/filesel.h,clean,c,IssueFalse,109540,372,19900,28,1,2,1,1,10,3,7,7,7,10,10,5,10,10,10,9,9,9,9,9,6,10,10,5,6,6,6,10,10,10,10,10,10,10,10,10,10,10,10,8,8,9,1,1,2,1,2,3,2,2,2,3,6,5,4,5,6,5,5,2,3,4
sf,cvs,sylpheed-claws,sylpheed-claws/sylpheed-claws/src/gtk/foldersort.c,clean,c,IssueFalse,109540,372,19900,28,6,3,7,6,2,5,7,7,7,10,10,5,10,10,10,9,9,9,9,9,6,10,10,5,9,8,8,10,10,10,10,10,10,10,10,10,10,10,10,8,8,9,6,6,6,6,6,5,8,10,7,3,6,4,3,4,10,9,8,7,6,7
sf,cvs,sylpheed-claws,sylpheed-claws/sylpheed-claws/src/gtk/gtkaspell.c,buggy,c,IssueFalse,109540,372,19900,28,1,4,1,1,1,3,7,7,7,10,10,5,10,10,10,9,9,9,9,9,6,10,10,5,6,6,6,10,10,10,10,10,10,10,10,10,10,10,10,8,8,9,1,1,2,1,2,3,2,2,2,9,10,4,3,4,6,5,5,2,2,2
sf,cvs,sylpheed-claws,sylpheed-claws/sylpheed-claws/src/gtk/gtksctree.c,buggy,c,IssueFalse,109540,372,19900,28,10,8,10,9,2,10,7,7,7,10,10,5,10,10,10,9,9,9,9,9,6,10,10,5,6,6,6,10,10,10,10,10,10,10,10,10,10,10,10,8,8,9,9,10,10,10,10,10,8,8,10,4,8,10,9,10,6,5,5,5,5,7
sf,cvs,sylpheed-claws,sylpheed-claws/sylpheed-claws/src/gtk/gtksctree.h,buggy,c,IssueFalse,109540,372,19900,28,3,2,3,1,4,3,7,7,7,10,10,5,10,10,10,9,9,9,9,9,6,10,10,5,9,9,9,10,10,10,10,10,10,10,10,10,10,10,10,8,8,9,1,1,2,1,2,3,2,2,2,2,6,10,8,8,6,5,5,2,2,2
sf,cvs,sylpheed-claws,sylpheed-claws/sylpheed-claws/src/gtk/gtkutils.c,buggy,c,IssueFalse,109540,372,19900,28,9,5,9,10,1,8,7,7,7,10,10,5,10,10,10,9,9,9,9,9,6,10,10,5,6,6,6,10,10,10,10,10,10,10,10,10,10,10,10,8,8,9,8,8,10,10,10,10,7,6,9,5,9,10,10,10,6,5,5,2,3,4
sf,cvs,sylpheed-claws,sylpheed-claws/sylpheed-claws/src/gtk/gtkutils.h,clean,c,IssueFalse,109540,372,19900,28,4,2,3,1,4,3,7,7,7,10,10,5,10,10,10,9,9,9,9,9,6,10,10,5,8,8,8,10,10,10,10,10,10,10,10,10,10,10,10,8,8,9,1,1,2,1,2,3,2,2,2,5,9,7,5,7,6,5,5,2,5,5
sf,cvs,sylpheed-claws,sylpheed-claws/sylpheed-claws/src/gtk/inputdialog.c,clean,c,IssueFalse,109540,372,19900,28,7,3,7,7,2,7,7,7,7,10,10,5,10,10,10,9,9,9,9,9,6,10,10,5,6,6,6,10,10,10,10,10,10,10,10,10,10,10,10,8,8,9,8,8,7,10,9,8,9,9,8,6,9,6,5,7,6,6,6,5,8,8
sf,cvs,sylpheed-claws,sylpheed-claws/sylpheed-claws/src/gtk/logwindow.c,clean,c,IssueFalse,109540,372,19900,28,7,3,7,6,2,7,7,7,7,10,10,5,10,10,10,9,9,9,9,9,6,10,10,5,6,6,6,10,10,10,10,10,10,10,10,10,10,10,10,8,8,9,7,7,6,8,7,6,9,8,7,5,6,10,9,10,6,6,6,7,8,8
sf,cvs,sylpheed-claws,sylpheed-claws/sylpheed-claws/src/gtk/menu.c,clean,c,IssueFalse,109540,372,19900,28,6,3,6,7,2,8,7,7,7,10,10,5,10,10,10,9,9,9,9,9,6,10,10,5,6,6,6,10,10,10,10,10,10,10,10,10,10,10,10,8,8,9,7,6,7,10,10,8,7,5,7,4,9,4,3,4,8,7,7,2,3,5
sf,cvs,sylpheed-claws,sylpheed-claws/sylpheed-claws/src/gtk/pluginwindow.c,buggy,c,IssueFalse,109540,372,19900,28,8,4,8,7,2,7,7,7,7,10,10,5,10,10,10,9,9,9,10,10,7,10,10,5,8,8,8,10,10,10,10,10,10,10,10,10,10,10,10,8,8,9,7,9,7,7,7,6,9,10,8,6,9,8,8,9,7,6,7,2,3,5
sf,cvs,sylpheed-claws,sylpheed-claws/sylpheed-claws/src/gtk/prefswindow.c,buggy,c,IssueFalse,109540,372,19900,28,8,6,8,8,2,8,7,7,7,10,10,5,10,10,10,9,9,9,9,10,7,10,10,5,9,10,10,10,10,10,10,10,10,10,10,10,10,10,10,8,8,9,8,8,8,9,10,8,9,10,9,6,9,10,9,9,8,8,8,5,6,7
sf,cvs,sylpheed-claws,sylpheed-claws/sylpheed-claws/src/gtk/prefswindow.h,clean,c,IssueFalse,109540,372,19900,28,2,2,2,1,7,3,7,7,7,10,10,5,10,10,10,9,9,9,9,9,6,10,10,5,9,9,8,10,10,10,10,10,10,10,10,10,10,10,10,8,8,9,1,1,2,1,2,3,2,2,2,2,6,7,4,5,6,5,5,6,5,5
sf,cvs,sylpheed-claws,sylpheed-claws/sylpheed-claws/src/gtk/progressdialog.c,clean,c,IssueFalse,109540,372,19900,28,6,5,6,6,3,5,7,7,7,10,10,5,10,10,10,9,9,9,9,9,6,10,10,5,6,6,6,10,10,10,10,10,10,10,10,10,10,10,10,8,8,9,5,7,6,9,7,7,8,10,7,6,8,10,10,10,10,10,10,10,10,10
sf,cvs,sylpheed-claws,sylpheed-claws/sylpheed-claws/src/gtk/progressdialog.h,clean,c,IssueFalse,109540,372,19900,28,2,3,2,1,7,3,7,7,7,10,10,5,10,10,10,9,9,9,9,9,6,10,10,5,9,8,8,10,10,10,10,10,10,10,10,10,10,10,10,8,8,9,1,1,2,1,2,3,2,2,2,4,6,8,6,7,10,9,9,9,8,9
sf,cvs,sylpheed-claws,sylpheed-claws/sylpheed-claws/src/gtk/quicksearch.c,buggy,c,IssueFalse,109540,372,19900,28,9,7,9,9,2,10,7,7,7,10,10,5,10,10,10,9,9,9,10,10,7,10,10,5,10,9,9,10,10,10,10,10,10,10,10,10,10,10,10,8,8,9,9,10,9,9,8,9,8,9,9,5,8,9,8,8,7,7,7,6,8,8
sf,cvs,sylpheed-claws,sylpheed-claws/sylpheed-claws/src/gtk/sslcertwindow.c,clean,c,IssueFalse,109540,372,19900,28,1,2,1,1,1,3,7,7,7,10,10,5,10,10,10,9,9,9,9,9,6,10,10,5,6,6,6,10,10,10,10,10,10,10,10,10,10,10,10,8,8,9,1,1,2,1,2,3,2,2,2,5,6,6,5,7,6,5,5,6,6,7
sf,cvs,sylpheed-claws,sylpheed-claws/sylpheed-claws/src/gtk/sslcertwindow.h,clean,c,IssueFalse,109540,372,19900,28,1,3,1,1,1,3,7,7,7,10,10,5,10,10,10,9,9,9,9,9,6,10,10,5,6,6,6,10,10,10,10,10,10,10,10,10,10,10,10,8,8,9,1,1,2,1,2,3,2,2,2,2,6,6,4,5,6,5,5,4,3,4
sf,cvs,sylpheed-claws,sylpheed-claws/sylpheed-claws/src/headerview.c,buggy,c,IssueFalse,109540,372,19900,28,5,2,6,5,2,5,7,7,7,10,10,5,10,10,10,9,9,9,9,9,6,10,10,5,6,6,6,10,10,10,10,10,10,10,10,10,10,10,10,8,8,9,8,6,6,10,8,6,8,8,5,6,9,8,7,8,10,10,10,5,6,7
sf,cvs,sylpheed-claws,sylpheed-claws/sylpheed-claws/src/html.c,buggy,c,IssueFalse,109540,372,19900,28,9,7,9,6,2,9,7,7,7,10,10,5,10,10,10,9,9,9,9,9,6,10,10,5,7,7,7,10,10,10,10,10,10,10,10,10,10,10,10,8,8,9,10,10,10,10,8,8,9,6,8,3,8,8,6,7,9,7,7,4,3,5
sf,cvs,sylpheed-claws,sylpheed-claws/sylpheed-claws/src/imap.c,buggy,c,IssueFalse,109540,372,19900,28,3,3,2,5,6,5,7,7,7,10,10,5,10,10,10,9,9,9,9,9,6,10,10,5,6,6,6,10,10,10,10,10,10,10,10,10,10,10,10,8,8,9,4,4,4,2,4,4,3,4,3,10,10,4,3,4,6,5,5,2,2,2
sf,cvs,sylpheed-claws,sylpheed-claws/sylpheed-claws/src/imap.h,clean,c,IssueFalse,109540,372,19900,28,1,2,1,1,10,3,7,7,7,10,10,5,10,10,10,9,9,9,9,9,6,10,10,5,6,6,6,10,10,10,10,10,10,10,10,10,10,10,10,8,8,9,1,1,2,1,2,3,2,2,2,2,6,4,3,4,6,5,5,4,3,4
sf,cvs,sylpheed-claws,sylpheed-claws/sylpheed-claws/src/imap_gtk.c,buggy,c,IssueFalse,109540,372,19900,28,7,4,8,6,2,5,7,7,7,10,10,5,10,10,10,9,9,9,9,9,6,10,10,5,6,6,6,10,10,10,10,10,10,10,10,10,10,10,10,8,8,9,9,8,8,8,7,6,9,7,8,9,10,7,7,9,10,10,10,7,8,10
sf,cvs,sylpheed-claws,sylpheed-claws/sylpheed-claws/src/imap_gtk.h,clean,c,IssueFalse,109540,372,19900,28,1,2,1,1,10,3,7,7,7,10,10,5,10,10,10,9,9,9,9,9,6,10,10,5,6,6,6,10,10,10,10,10,10,10,10,10,10,10,10,8,8,9,1,1,2,1,2,3,2,2,2,3,9,8,6,7,6,5,5,2,3,4
sf,cvs,sylpheed-claws,sylpheed-claws/sylpheed-claws/src/import.c,buggy,c,IssueFalse,109540,372,19900,28,6,2,7,5,2,8,7,7,7,10,10,5,10,10,10,9,9,9,9,9,6,10,10,5,6,6,6,10,10,10,10,10,10,10,10,10,10,10,10,8,8,9,8,8,6,5,6,5,9,9,7,6,9,8,6,8,9,9,8,8,9,9
sf,cvs,sylpheed-claws,sylpheed-claws/sylpheed-claws/src/importldif.c,buggy,c,IssueFalse,109540,372,19900,28,9,10,9,9,4,8,7,7,7,10,10,5,10,10,10,9,9,9,9,9,6,10,10,5,10,10,10,10,10,10,10,10,10,10,10,10,10,10,10,8,8,9,8,8,9,10,9,9,10,9,10,3,6,4,3,4,6,5,5,4,3,5
sf,cvs,sylpheed-claws,sylpheed-claws/sylpheed-claws/src/importmutt.c,buggy,c,IssueFalse,109540,372,19900,28,6,5,7,6,3,7,7,7,7,10,10,5,10,10,10,9,9,9,9,9,6,10,10,5,9,8,8,10,10,10,10,10,10,10,10,10,10,10,10,8,8,9,7,7,6,6,6,5,9,9,8,3,6,4,3,4,6,5,5,4,3,5
sf,cvs,sylpheed-claws,sylpheed-claws/sylpheed-claws/src/importpine.c,buggy,c,IssueFalse,109540,372,19900,28,7,5,7,6,3,7,7,7,7,10,10,5,10,10,10,9,9,9,9,9,6,10,10,5,9,8,8,10,10,10,10,10,10,10,10,10,10,10,10,8,8,9,7,7,6,6,6,5,9,9,8,3,6,4,3,4,6,5,5,4,3,5
sf,cvs,sylpheed-claws,sylpheed-claws/sylpheed-claws/src/inc.c,buggy,c,IssueFalse,109540,372,19900,28,10,7,10,10,1,9,7,7,7,10,10,5,10,10,10,9,9,9,9,9,6,10,10,5,6,6,6,10,10,10,10,10,10,10,10,10,10,10,10,8,8,9,10,10,10,10,10,10,8,9,10,9,9,9,9,10,9,9,10,10,10,10
sf,cvs,sylpheed-claws,sylpheed-claws/sylpheed-claws/src/inc.h,clean,c,IssueFalse,109540,372,19900,28,3,3,3,1,5,3,7,7,7,10,10,5,10,10,10,9,9,9,10,10,7,10,10,5,8,8,9,10,10,10,10,10,10,10,10,10,10,10,10,8,8,9,1,1,2,1,2,3,2,2,2,3,8,5,4,5,6,5,5,2,3,4
sf,cvs,sylpheed-claws,sylpheed-claws/sylpheed-claws/src/jpilot.c,buggy,c,IssueFalse,109540,372,19900,28,1,4,1,1,1,3,7,7,7,10,10,5,10,10,10,9,9,9,9,9,6,10,10,5,6,6,6,10,10,10,10,10,10,10,10,10,10,10,10,8,8,9,1,1,2,1,2,3,2,2,2,6,9,7,6,7,8,8,8,8,8,9
sf,cvs,sylpheed-claws,sylpheed-claws/sylpheed-claws/src/ldaplocate.c,clean,c,IssueFalse,109540,372,19900,28,1,4,1,1,1,3,7,7,7,10,10,5,10,10,10,9,9,9,9,9,6,10,10,5,6,6,6,10,10,10,10,10,10,10,10,10,10,10,10,8,8,9,1,1,2,1,2,3,2,2,2,2,8,4,3,4,6,5,5,4,3,4
sf,cvs,sylpheed-claws,sylpheed-claws/sylpheed-claws/src/ldapquery.c,buggy,c,IssueFalse,109540,372,19900,28,1,4,1,1,1,3,7,7,7,10,10,5,10,10,10,9,9,9,9,9,6,10,10,5,6,6,6,10,10,10,10,10,10,10,10,10,10,10,10,8,8,9,1,1,2,1,2,3,2,2,2,3,9,6,4,5,6,5,5,8,8,7
sf,cvs,sylpheed-claws,sylpheed-claws/sylpheed-claws/src/ldapquery.h,clean,c,IssueFalse,109540,372,19900,28,1,3,1,1,1,3,7,7,7,10,10,5,10,10,10,9,9,9,9,9,6,10,10,5,6,6,6,10,10,10,10,10,10,10,10,10,10,10,10,8,8,9,1,1,2,1,2,3,2,2,2,2,8,4,3,4,6,5,5,4,3,4
sf,cvs,sylpheed-claws,sylpheed-claws/sylpheed-claws/src/ldapserver.c,clean,c,IssueFalse,109540,372,19900,28,1,4,1,1,1,3,7,7,7,10,10,5,10,10,10,9,9,9,9,9,6,10,10,5,6,6,6,10,10,10,10,10,10,10,10,10,10,10,10,8,8,9,1,1,2,1,2,3,2,2,2,2,8,4,3,4,6,5,5,4,3,4
sf,cvs,sylpheed-claws,sylpheed-claws/sylpheed-claws/src/ldapserver.h,clean,c,IssueFalse,109540,372,19900,28,1,3,1,1,1,3,7,7,7,10,10,5,10,10,10,9,9,9,9,9,6,10,10,5,6,6,6,10,10,10,10,10,10,10,10,10,10,10,10,8,8,9,1,1,2,1,2,3,2,2,2,2,8,4,3,4,6,5,5,4,3,4
sf,cvs,sylpheed-claws,sylpheed-claws/sylpheed-claws/src/ldif.c,clean,c,IssueFalse,109540,372,19900,28,9,10,9,9,6,10,7,7,7,10,10,5,10,10,10,9,9,9,9,9,6,10,10,5,8,8,8,10,10,10,10,10,10,10,10,10,10,10,10,8,8,9,9,9,10,8,8,9,8,7,9,4,9,9,8,9,8,7,7,8,8,8
sf,cvs,sylpheed-claws,sylpheed-claws/sylpheed-claws/src/main.c,buggy,c,IssueFalse,109540,372,19900,28,9,7,10,9,2,9,7,7,7,10,10,5,10,10,10,9,9,9,9,9,6,10,10,5,10,9,9,10,10,10,10,10,10,10,10,10,10,10,10,8,8,9,10,10,10,8,9,8,10,10,10,10,10,8,8,10,8,9,10,7,10,10
sf,cvs,sylpheed-claws,sylpheed-claws/sylpheed-claws/src/mainwindow.c,buggy,c,IssueFalse,109540,372,19900,28,10,8,10,10,1,8,7,7,7,10,10,5,10,10,10,9,9,9,9,9,6,10,10,5,7,7,7,10,10,10,10,10,10,10,10,10,10,10,10,8,8,9,7,9,10,9,10,10,6,10,10,10,10,4,3,4,6,5,5,2,2,2
sf,cvs,sylpheed-claws,sylpheed-claws/sylpheed-claws/src/mainwindow.h,buggy,c,IssueFalse,109540,372,19900,28,5,3,5,1,3,3,7,7,7,10,10,5,10,10,10,9,9,9,10,10,8,10,10,5,10,10,10,10,10,10,10,10,10,10,10,10,10,10,10,8,8,9,1,1,2,1,2,3,2,2,2,6,10,5,4,5,6,6,6,2,3,6
sf,cvs,sylpheed-claws,sylpheed-claws/sylpheed-claws/src/manual.c,clean,c,IssueFalse,109540,372,19900,28,5,2,5,4,3,7,7,7,7,10,10,5,10,10,10,9,9,9,9,9,6,10,10,5,6,6,6,10,10,10,10,10,10,10,10,10,10,10,10,8,8,9,9,8,6,5,4,4,6,3,4,3,9,7,5,6,6,5,5,4,3,5
sf,cvs,sylpheed-claws,sylpheed-claws/sylpheed-claws/src/matcher.c,buggy,c,IssueFalse,109540,372,19900,28,10,10,10,9,4,9,7,7,7,10,10,5,10,10,10,9,9,9,9,9,6,10,10,5,7,7,7,10,10,10,10,10,10,10,10,10,10,10,10,8,8,9,10,10,10,9,9,9,7,6,9,4,9,10,9,9,6,5,5,7,6,7
sf,cvs,sylpheed-claws,sylpheed-claws/sylpheed-claws/src/mbox.c,buggy,c,IssueFalse,109540,372,19900,28,7,6,8,5,3,10,7,7,7,10,10,5,10,10,10,9,9,9,9,9,6,10,10,5,6,6,6,10,10,10,10,10,10,10,10,10,10,10,10,8,8,9,10,10,8,9,7,5,9,8,7,6,9,9,9,10,10,10,10,9,10,10
sf,cvs,sylpheed-claws,sylpheed-claws/sylpheed-claws/src/mbox.h,clean,c,IssueFalse,109540,372,19900,28,2,2,1,1,8,3,7,7,7,10,10,5,10,10,10,9,9,9,9,9,6,10,10,5,6,6,6,10,10,10,10,10,10,10,10,10,10,10,10,8,8,9,1,1,2,1,2,3,2,2,2,2,8,4,3,4,6,5,5,4,3,4
sf,cvs,sylpheed-claws,sylpheed-claws/sylpheed-claws/src/message_search.c,clean,c,IssueFalse,109540,372,19900,28,6,2,6,5,2,8,7,7,7,10,10,5,10,10,10,9,9,9,10,10,7,10,10,5,9,8,8,10,10,10,10,10,10,10,10,10,10,10,10,8,8,9,7,8,6,6,6,5,8,8,6,3,8,4,3,4,7,6,6,7,6,7
sf,cvs,sylpheed-claws,sylpheed-claws/sylpheed-claws/src/messageview.c,buggy,c,IssueFalse,109540,372,19900,28,10,7,10,10,1,8,7,7,7,10,10,5,10,10,10,9,9,9,9,9,6,10,10,5,6,6,6,10,10,10,10,10,10,10,10,10,10,10,10,8,8,9,8,10,10,9,9,10,7,9,10,9,10,7,7,9,7,7,8,8,9,10
sf,cvs,sylpheed-claws,sylpheed-claws/sylpheed-claws/src/mh.c,buggy,c,IssueFalse,109540,372,19900,28,9,6,10,9,1,9,7,7,7,10,10,5,10,10,10,9,9,9,9,9,6,10,10,5,6,6,6,10,10,10,10,10,10,10,10,10,10,10,10,8,8,9,9,10,10,9,9,9,9,8,10,7,10,8,8,9,8,8,8,8,9,10
sf,cvs,sylpheed-claws,sylpheed-claws/sylpheed-claws/src/mh_gtk.c,buggy,c,IssueFalse,109540,372,19900,28,7,3,8,5,2,5,7,7,7,10,10,5,10,10,10,9,9,9,9,9,6,10,10,5,6,6,6,10,10,10,10,10,10,10,10,10,10,10,10,8,8,9,9,8,7,8,7,5,10,7,7,7,9,7,6,7,6,5,5,7,8,9
sf,cvs,sylpheed-claws,sylpheed-claws/sylpheed-claws/src/mimeview.c,buggy,c,IssueFalse,109540,372,19900,28,10,7,10,10,1,8,7,7,7,10,10,5,10,10,10,9,9,9,9,9,6,10,10,5,6,6,6,10,10,10,10,10,10,10,10,10,10,10,10,8,8,9,10,10,10,10,8,10,9,10,10,9,10,10,10,10,6,7,7,7,9,10
sf,cvs,sylpheed-claws,sylpheed-claws/sylpheed-claws/src/mimeview.h,clean,c,IssueFalse,109540,372,19900,28,4,4,4,1,5,3,7,7,7,10,10,5,10,10,10,9,9,9,10,10,8,10,10,5,10,10,10,10,10,10,10,10,10,10,10,10,10,10,10,8,8,9,1,1,2,1,2,3,2,2,2,3,8,9,7,8,6,5,5,2,3,4
sf,cvs,sylpheed-claws,sylpheed-claws/sylpheed-claws/src/msgcache.c,clean,c,IssueFalse,109540,372,19900,28,8,5,10,9,2,8,7,7,7,10,10,5,10,10,10,9,9,9,9,10,7,10,10,5,7,8,9,10,10,10,10,10,10,10,10,10,10,10,10,8,8,9,10,10,10,10,9,9,8,9,9,8,10,8,9,9,8,8,8,8,9,10
sf,cvs,sylpheed-claws,sylpheed-claws/sylpheed-claws/src/mutt.c,clean,c,IssueFalse,109540,372,19900,28,8,9,8,8,6,9,7,7,7,10,10,5,10,10,10,9,9,9,9,9,6,10,10,5,7,7,7,10,10,10,10,10,10,10,10,10,10,10,10,8,8,9,9,9,9,7,7,7,8,5,8,5,9,6,5,7,8,7,7,7,8,8
sf,cvs,sylpheed-claws,sylpheed-claws/sylpheed-claws/src/news.c,buggy,c,IssueFalse,109540,372,19900,28,10,7,10,9,2,8,7,7,7,10,10,5,10,10,10,9,9,9,10,10,7,10,10,5,7,7,7,10,10,10,10,10,10,10,10,10,10,10,10,8,8,9,9,9,10,9,9,9,9,8,10,6,9,8,7,9,6,5,5,5,6,7
sf,cvs,sylpheed-claws,sylpheed-claws/sylpheed-claws/src/news_gtk.c,buggy,c,IssueFalse,109540,372,19900,28,6,3,7,5,2,7,7,7,7,10,10,5,10,10,10,9,9,9,9,9,6,10,10,5,6,6,6,10,10,10,10,10,10,10,10,10,10,10,10,8,8,9,8,8,6,9,8,6,9,7,7,6,9,9,8,9,10,10,10,7,7,9
sf,cvs,sylpheed-claws,sylpheed-claws/sylpheed-claws/src/news_gtk.h,clean,c,IssueFalse,109540,372,19900,28,1,2,1,1,10,3,7,7,7,10,10,5,10,10,10,9,9,9,9,9,6,10,10,5,6,6,6,10,10,10,10,10,10,10,10,10,10,10,10,8,8,9,1,1,2,1,2,3,2,2,2,4,9,7,5,6,7,6,6,2,3,5
sf,cvs,sylpheed-claws,sylpheed-claws/sylpheed-claws/src/noticeview.c,buggy,c,IssueFalse,109540,372,19900,28,7,3,6,8,2,5,7,7,7,10,10,5,10,10,10,9,9,9,9,9,6,10,10,5,6,6,6,10,10,10,10,10,10,10,10,10,10,10,10,8,8,9,5,4,7,8,7,8,5,8,7,5,8,10,9,10,9,9,9,4,6,7
sf,cvs,sylpheed-claws,sylpheed-claws/sylpheed-claws/src/partial_download.c,clean,c,IssueFalse,109540,372,19900,28,7,6,8,5,3,8,7,7,7,10,10,5,10,10,10,9,9,9,9,9,6,10,10,5,6,6,6,10,10,10,10,10,10,10,10,10,10,10,10,8,8,9,10,9,8,9,8,6,10,8,7,4,9,6,4,6,7,6,6,6,7,7
sf,cvs,sylpheed-claws,sylpheed-claws/sylpheed-claws/src/pine.c,clean,c,IssueFalse,109540,372,19900,28,8,10,9,8,5,9,7,7,7,10,10,5,10,10,10,9,9,9,9,9,6,10,10,5,9,9,8,10,10,10,10,10,10,10,10,10,10,10,10,8,8,9,9,9,9,8,8,7,8,6,8,4,9,6,5,6,8,7,7,8,8,8
sf,cvs,sylpheed-claws,sylpheed-claws/sylpheed-claws/src/plugins/clamav/clamav_plugin.c,buggy,c,IssueFalse,109540,372,19900,28,6,3,6,6,2,8,7,7,7,10,10,5,10,10,10,9,9,9,10,10,7,10,10,5,8,8,7,10,10,10,10,10,10,10,10,10,10,10,10,8,8,9,8,8,7,7,8,6,8,6,6,5,9,5,4,5,6,5,5,4,5,6
sf,cvs,sylpheed-claws,sylpheed-claws/sylpheed-claws/src/plugins/clamav/clamav_plugin_gtk.c,buggy,c,IssueFalse,109540,372,19900,28,7,2,7,6,2,5,7,7,7,10,10,5,10,10,10,9,9,9,10,10,7,10,10,5,9,8,8,10,10,10,10,10,10,10,10,10,10,10,10,8,8,9,5,5,5,3,6,5,9,9,7,5,6,5,4,5,6,5,5,4,5,6
sf,cvs,sylpheed-claws,sylpheed-claws/sylpheed-claws/src/plugins/demo/demo.c,buggy,c,IssueFalse,109540,372,19900,28,3,2,3,5,5,5,7,7,7,10,10,5,10,10,10,9,9,9,9,9,6,10,10,5,6,6,6,10,10,10,10,10,10,10,10,10,10,10,10,8,8,9,5,6,4,2,3,4,4,4,3,2,6,4,3,4,6,5,5,4,3,4
sf,cvs,sylpheed-claws,sylpheed-claws/sylpheed-claws/src/plugins/dillo_viewer/dillo_prefs.c,buggy,c,IssueFalse,109540,372,19900,28,5,3,5,4,4,5,7,7,7,10,10,5,10,10,10,9,9,9,10,10,7,10,10,5,8,7,7,10,10,10,10,10,10,10,10,10,10,10,10,8,8,9,5,5,4,6,5,4,9,6,5,2,6,4,3,4,6,5,5,4,3,4
sf,cvs,sylpheed-claws,sylpheed-claws/sylpheed-claws/src/plugins/dillo_viewer/dillo_viewer.c,buggy,c,IssueFalse,109540,372,19900,28,5,2,5,6,3,7,7,7,7,10,10,5,10,10,10,9,9,9,10,10,7,10,10,5,8,8,7,10,10,10,10,10,10,10,10,10,10,10,10,8,8,9,6,7,6,4,7,5,7,6,6,4,9,4,3,4,6,5,5,5,5,6
sf,cvs,sylpheed-claws,sylpheed-claws/sylpheed-claws/src/plugins/pgpcore/Attic/passphrase.c,buggy,c,IssueFalse,109540,372,19900,28,1,2,1,1,1,3,7,7,7,10,10,5,10,10,10,9,9,9,9,9,6,10,10,5,6,6,6,10,10,10,10,10,10,10,10,10,10,10,10,8,8,9,1,1,2,1,2,3,2,2,2,6,9,8,7,8,9,9,8,7,8,9
sf,cvs,sylpheed-claws,sylpheed-claws/sylpheed-claws/src/plugins/pgpcore/Attic/passphrase.h,clean,c,IssueFalse,109540,372,19900,28,1,2,1,1,10,3,7,7,7,10,10,5,10,10,10,9,9,9,9,9,6,10,10,5,7,7,7,10,10,10,10,10,10,10,10,10,10,10,10,8,8,9,1,1,2,1,2,3,2,2,2,2,6,4,3,4,6,5,5,4,3,4
sf,cvs,sylpheed-claws,sylpheed-claws/sylpheed-claws/src/plugins/pgpcore/Attic/plugin.c,buggy,c,IssueFalse,109540,372,19900,28,2,2,2,4,6,5,7,7,7,10,10,5,10,10,10,9,9,9,9,9,6,10,10,5,6,6,6,10,10,10,10,10,10,10,10,10,10,10,10,8,8,9,5,5,4,1,2,3,4,4,3,3,8,4,3,4,6,5,5,5,5,5
sf,cvs,sylpheed-claws,sylpheed-claws/sylpheed-claws/src/plugins/pgpcore/Attic/prefs_gpg.c,buggy,c,IssueFalse,109540,372,19900,28,8,4,8,7,2,8,7,7,7,10,10,5,10,10,10,9,9,9,10,10,7,10,10,5,9,8,9,10,10,10,10,10,10,10,10,10,10,10,10,8,8,9,7,7,7,7,6,6,10,9,9,4,8,9,7,8,10,10,9,7,8,8
sf,cvs,sylpheed-claws,sylpheed-claws/sylpheed-claws/src/plugins/pgpcore/Attic/select-keys.c,clean,c,IssueFalse,109540,372,19900,28,1,2,1,1,1,3,7,7,7,10,10,5,10,10,10,9,9,9,9,9,6,10,10,5,6,6,6,10,10,10,10,10,10,10,10,10,10,10,10,8,8,9,1,1,2,1,2,3,2,2,2,6,9,8,8,9,6,5,5,7,7,9
sf,cvs,sylpheed-claws,sylpheed-claws/sylpheed-claws/src/plugins/pgpcore/Attic/select-keys.h,clean,c,IssueFalse,109540,372,19900,28,1,2,1,1,10,3,7,7,7,10,10,5,10,10,10,9,9,9,9,9,6,10,10,5,6,6,6,10,10,10,10,10,10,10,10,10,10,10,10,8,8,9,1,1,2,1,2,3,2,2,2,4,9,6,5,6,6,5,5,5,5,6
sf,cvs,sylpheed-claws,sylpheed-claws/sylpheed-claws/src/plugins/pgpcore/Attic/sgpgme.c,buggy,c,IssueFalse,109540,372,19900,28,1,2,1,1,1,3,7,7,7,10,10,5,10,10,10,9,9,9,9,9,6,10,10,5,6,6,6,10,10,10,10,10,10,10,10,10,10,10,10,8,8,9,1,1,2,1,2,3,2,2,2,8,9,9,9,10,8,8,9,8,9,10
sf,cvs,sylpheed-claws,sylpheed-claws/sylpheed-claws/src/plugins/pgpcore/Attic/sgpgme.h,clean,c,IssueFalse,109540,372,19900,28,2,2,1,1,8,3,7,7,7,10,10,5,10,10,10,9,9,9,9,9,6,10,10,5,6,6,6,10,10,10,10,10,10,10,10,10,10,10,10,8,8,9,1,1,2,1,2,3,2,2,2,2,6,4,3,4,6,5,5,4,3,4
sf,cvs,sylpheed-claws,sylpheed-claws/sylpheed-claws/src/plugins/pgpinline/Attic/pgpinline.c,clean,c,IssueFalse,109540,372,19900,28,1,3,1,1,1,3,7,7,7,10,10,5,10,10,10,9,9,9,9,9,6,10,10,5,6,6,6,10,10,10,10,10,10,10,10,10,10,10,10,8,8,9,1,1,2,1,2,3,2,2,2,7,9,10,9,10,9,9,9,4,6,8
sf,cvs,sylpheed-claws,sylpheed-claws/sylpheed-claws/src/plugins/pgpinline/Attic/pgpinline.h,clean,c,IssueFalse,109540,372,19900,28,1,2,1,1,10,3,7,7,7,10,10,5,10,10,10,9,9,9,9,9,6,10,10,5,6,6,6,10,10,10,10,10,10,10,10,10,10,10,10,8,8,9,1,1,2,1,2,3,2,2,2,2,6,4,3,4,6,5,5,4,3,4
sf,cvs,sylpheed-claws,sylpheed-claws/sylpheed-claws/src/plugins/pgpinline/Attic/plugin.c,buggy,c,IssueFalse,109540,372,19900,28,2,2,2,4,6,5,7,7,7,10,10,5,10,10,10,9,9,9,9,9,6,10,10,5,6,6,6,10,10,10,10,10,10,10,10,10,10,10,10,8,8,9,5,5,4,1,2,3,3,4,3,4,8,5,4,5,6,5,5,4,5,5
sf,cvs,sylpheed-claws,sylpheed-claws/sylpheed-claws/src/plugins/pgpmime/pgpmime.c,clean,c,IssueFalse,109540,372,19900,28,1,2,1,1,1,3,7,7,7,10,10,5,10,10,10,9,9,9,9,9,6,10,10,5,6,6,6,10,10,10,10,10,10,10,10,10,10,10,10,8,8,9,1,1,2,1,2,3,2,2,2,9,9,9,9,10,10,10,10,9,10,10
sf,cvs,sylpheed-claws,sylpheed-claws/sylpheed-claws/src/plugins/pgpmime/plugin.c,buggy,c,IssueFalse,109540,372,19900,28,2,2,2,4,6,5,7,7,7,10,10,5,10,10,10,9,9,9,9,9,6,10,10,5,6,6,6,10,10,10,10,10,10,10,10,10,10,10,10,8,8,9,5,5,4,1,2,3,3,4,3,4,8,4,3,4,9,8,8,4,5,5
sf,cvs,sylpheed-claws,sylpheed-claws/sylpheed-claws/src/plugins/spamassassin/spamassassin.c,buggy,c,IssueFalse,109540,372,19900,28,7,2,7,6,2,9,7,7,7,10,10,5,10,10,10,9,9,9,9,9,6,10,10,5,6,6,6,10,10,10,10,10,10,10,10,10,10,10,10,8,8,9,9,9,8,7,8,6,8,6,7,4,9,4,3,4,6,5,5,5,5,6
sf,cvs,sylpheed-claws,sylpheed-claws/sylpheed-claws/src/plugins/spamassassin/spamassassin_gtk.c,buggy,c,IssueFalse,109540,372,19900,28,8,5,8,5,2,7,7,7,7,10,10,5,10,10,10,9,9,9,9,10,7,10,10,5,9,9,9,10,10,10,10,10,10,10,10,10,10,10,10,8,8,9,6,6,5,9,8,6,10,10,8,5,6,5,4,5,6,5,5,4,5,6
sf,cvs,sylpheed-claws,sylpheed-claws/sylpheed-claws/src/plugins/trayicon/trayicon.c,buggy,c,IssueFalse,109540,372,19900,28,7,3,7,8,2,7,7,7,7,10,10,5,10,10,10,9,9,9,9,9,6,10,10,5,6,6,6,10,10,10,10,10,10,10,10,10,10,10,10,8,8,9,7,7,8,6,9,7,6,8,7,7,9,8,8,8,6,7,7,9,10,10
sf,cvs,sylpheed-claws,sylpheed-claws/sylpheed-claws/src/pop.c,clean,c,IssueFalse,109540,372,19900,28,10,4,10,9,1,9,7,7,7,10,10,5,10,10,10,9,9,9,9,9,6,10,10,5,6,6,6,10,10,10,10,10,10,10,10,10,10,10,10,8,8,9,10,10,10,9,8,9,9,7,10,6,9,4,4,5,6,5,5,7,8,9
sf,cvs,sylpheed-claws,sylpheed-claws/sylpheed-claws/src/prefs_account.c,buggy,c,IssueFalse,109540,372,19900,28,10,7,10,10,1,8,7,7,7,10,10,5,10,10,10,9,9,9,9,10,7,10,10,5,10,10,10,10,10,10,10,10,10,10,10,10,10,10,10,8,8,9,8,9,10,9,10,10,10,10,10,9,10,4,3,4,6,5,5,2,2,2
sf,cvs,sylpheed-claws,sylpheed-claws/sylpheed-claws/src/prefs_account.h,clean,c,IssueFalse,109540,372,19900,28,5,6,6,1,5,3,7,7,7,10,10,5,10,10,10,9,9,9,10,10,7,10,10,5,10,10,10,10,10,10,10,10,10,10,10,10,10,10,10,8,8,9,1,1,2,1,2,3,2,2,2,5,8,4,3,4,7,7,7,4,3,6
sf,cvs,sylpheed-claws,sylpheed-claws/sylpheed-claws/src/prefs_actions.c,clean,c,IssueFalse,109540,372,19900,28,9,7,9,9,2,8,7,7,7,10,10,5,10,10,10,9,9,9,9,9,6,10,10,5,8,8,8,10,10,10,10,10,10,10,10,10,10,10,10,8,8,9,9,8,9,8,6,8,9,9,9,9,10,10,10,10,10,10,10,10,10,10
sf,cvs,sylpheed-claws,sylpheed-claws/sylpheed-claws/src/prefs_common.c,clean,c,IssueFalse,109540,372,19900,28,9,7,5,5,2,7,7,7,7,10,10,5,10,10,10,9,9,9,9,9,6,10,10,5,6,6,6,10,10,10,10,10,10,10,10,10,10,10,10,8,8,9,8,7,6,6,5,5,8,5,6,10,10,8,8,10,8,9,9,4,8,10
sf,cvs,sylpheed-claws,sylpheed-claws/sylpheed-claws/src/prefs_common.h,clean,c,IssueFalse,109540,372,19900,28,7,6,8,1,3,3,7,7,7,10,10,5,10,10,10,9,9,9,9,9,6,10,10,5,10,10,10,10,10,10,10,10,10,10,10,10,10,10,10,8,8,9,1,1,2,1,2,3,2,2,2,10,10,8,8,10,9,9,9,2,3,5
sf,cvs,sylpheed-claws,sylpheed-claws/sylpheed-claws/src/prefs_customheader.c,buggy,c,IssueFalse,109540,372,19900,28,9,4,9,8,1,9,7,7,7,10,10,5,10,10,10,9,9,9,9,9,6,10,10,5,9,8,8,10,10,10,10,10,10,10,10,10,10,10,10,8,8,9,8,9,9,8,7,8,9,9,9,6,9,5,4,5,7,7,7,6,6,8
sf,cvs,sylpheed-claws,sylpheed-claws/sylpheed-claws/src/prefs_display_header.c,clean,c,IssueFalse,109540,372,19900,28,9,5,9,9,1,7,7,7,7,10,10,5,10,10,10,9,9,9,9,9,6,10,10,5,9,9,8,10,10,10,10,10,10,10,10,10,10,10,10,8,8,9,7,7,8,7,8,7,9,9,9,6,9,5,4,5,6,5,5,6,6,8
sf,cvs,sylpheed-claws,sylpheed-claws/sylpheed-claws/src/prefs_filtering.c,clean,c,IssueFalse,109540,372,19900,28,10,7,10,10,1,10,7,7,7,10,10,5,10,10,10,9,9,9,9,9,6,10,10,5,9,8,8,10,10,10,10,10,10,10,10,10,10,10,10,8,8,9,8,8,10,8,8,9,8,9,10,7,9,10,10,10,8,8,8,8,10,10
sf,cvs,sylpheed-claws,sylpheed-claws/sylpheed-claws/src/prefs_filtering_action.c,clean,c,IssueFalse,109540,372,19900,28,10,9,10,9,2,8,7,7,7,10,10,5,10,10,10,9,9,9,9,9,6,10,10,5,10,10,9,10,10,10,10,10,10,10,10,10,10,10,10,8,8,9,10,10,10,8,8,8,9,10,9,7,9,8,8,8,7,7,7,5,6,8
sf,cvs,sylpheed-claws,sylpheed-claws/sylpheed-claws/src/prefs_folder_item.c,buggy,c,IssueFalse,109540,372,19900,28,9,7,9,8,2,7,7,7,7,10,10,5,10,10,10,9,9,9,10,10,8,10,10,5,10,10,10,10,10,10,10,10,10,10,10,10,10,10,10,8,8,9,8,8,8,10,9,8,10,10,9,6,9,10,9,10,9,9,9,10,10,10
sf,cvs,sylpheed-claws,sylpheed-claws/sylpheed-claws/src/prefs_fonts.c,clean,c,IssueFalse,109540,372,19900,28,5,3,5,4,3,3,7,7,7,10,10,5,10,10,10,9,9,9,10,10,7,10,10,5,8,8,7,10,10,10,10,10,10,10,10,10,10,10,10,8,8,9,3,3,3,6,6,4,9,7,5,4,9,5,4,5,10,9,9,2,3,4
sf,cvs,sylpheed-claws,sylpheed-claws/sylpheed-claws/src/prefs_gtk.c,buggy,c,IssueFalse,109540,372,19900,28,9,4,10,9,1,10,7,7,7,10,10,5,10,10,10,9,9,9,9,9,6,10,10,5,6,6,6,10,10,10,10,10,10,10,10,10,10,10,10,8,8,9,10,10,10,10,9,9,9,7,9,3,8,6,4,5,6,5,5,4,3,5
sf,cvs,sylpheed-claws,sylpheed-claws/sylpheed-claws/src/prefs_matcher.c,clean,c,IssueFalse,109540,372,19900,28,10,10,10,9,3,10,7,7,7,10,10,5,10,10,10,9,9,9,9,9,6,10,10,5,10,10,9,10,10,10,10,10,10,10,10,10,10,10,10,8,8,9,10,10,10,8,8,9,9,10,10,8,9,7,8,9,6,5,5,5,6,9
sf,cvs,sylpheed-claws,sylpheed-claws/sylpheed-claws/src/prefs_msg_colors.c,buggy,c,IssueFalse,109540,372,19900,28,8,3,8,6,2,7,7,7,7,10,10,5,10,10,10,9,9,9,9,10,7,10,10,5,8,8,9,10,10,10,10,10,10,10,10,10,10,10,10,8,8,9,8,7,7,9,9,7,9,9,7,2,8,4,3,4,6,5,5,4,3,4
sf,cvs,sylpheed-claws,sylpheed-claws/sylpheed-claws/src/prefs_spelling.c,buggy,c,IssueFalse,109540,372,19900,28,1,3,1,1,1,3,7,7,7,10,10,5,10,10,10,9,9,9,9,9,6,10,10,5,6,6,6,10,10,10,10,10,10,10,10,10,10,10,10,8,8,9,1,1,2,1,2,3,2,2,2,6,9,8,7,8,6,5,5,4,6,7
sf,cvs,sylpheed-claws,sylpheed-claws/sylpheed-claws/src/prefs_summary_column.c,clean,c,IssueFalse,109540,372,19900,28,9,7,9,8,2,8,7,7,7,10,10,5,10,10,10,9,9,9,9,9,6,10,10,5,10,9,9,10,10,10,10,10,10,10,10,10,10,10,10,8,8,9,8,8,8,7,8,7,9,9,9,5,9,6,4,6,9,9,9,8,9,9
sf,cvs,sylpheed-claws,sylpheed-claws/sylpheed-claws/src/prefs_template.c,clean,c,IssueFalse,109540,372,19900,28,9,6,9,8,2,7,7,7,7,10,10,5,10,10,10,9,9,9,9,9,6,10,10,5,9,9,8,10,10,10,10,10,10,10,10,10,10,10,10,8,8,9,8,8,8,8,8,8,10,10,9,7,10,10,10,10,10,10,10,10,10,10
sf,cvs,sylpheed-claws,sylpheed-claws/sylpheed-claws/src/prefs_themes.c,buggy,c,IssueFalse,109540,372,19900,28,10,5,10,9,1,9,7,7,7,10,10,5,10,10,10,9,9,9,9,10,7,10,10,5,8,10,10,10,10,10,10,10,10,10,10,10,10,10,10,8,8,9,9,9,9,9,9,9,10,10,10,9,10,7,8,9,6,6,7,5,6,9
sf,cvs,sylpheed-claws,sylpheed-claws/sylpheed-claws/src/prefs_toolbar.c,buggy,c,IssueFalse,109540,372,19900,28,10,7,10,8,2,8,7,7,7,10,10,5,10,10,10,9,9,9,10,10,7,10,10,5,10,10,9,10,10,10,10,10,10,10,10,10,10,10,10,8,8,9,8,8,9,9,8,8,10,10,10,6,9,6,5,7,7,7,7,5,6,8
sf,cvs,sylpheed-claws,sylpheed-claws/sylpheed-claws/src/prefs_wrapping.c,buggy,c,IssueFalse,109540,372,19900,28,5,2,5,4,3,3,7,7,7,10,10,5,10,10,10,9,9,9,10,10,7,10,10,5,9,8,8,10,10,10,10,10,10,10,10,10,10,10,10,8,8,9,3,3,3,7,6,5,9,8,6,4,8,8,7,7,6,5,5,5,5,6
sf,cvs,sylpheed-claws,sylpheed-claws/sylpheed-claws/src/privacy.c,clean,c,IssueFalse,109540,372,19900,28,7,7,7,8,4,7,7,7,7,10,10,5,10,10,10,9,9,9,9,9,6,10,10,5,6,6,6,10,10,10,10,10,10,10,10,10,10,10,10,8,8,9,8,7,9,9,8,8,5,4,7,2,8,4,3,4,6,5,5,4,3,4
sf,cvs,sylpheed-claws,sylpheed-claws/sylpheed-claws/src/privacy.h,clean,c,IssueFalse,109540,372,19900,28,3,3,3,1,5,3,7,7,7,10,10,5,10,10,10,9,9,9,10,10,7,10,10,5,9,10,9,10,10,10,10,10,10,10,10,10,10,10,10,8,8,9,1,1,2,1,2,3,2,2,2,3,8,5,4,5,6,5,5,4,3,5
sf,cvs,sylpheed-claws,sylpheed-claws/sylpheed-claws/src/procheader.c,buggy,c,IssueFalse,109540,372,19900,28,9,7,9,9,2,9,7,7,7,10,10,5,10,10,10,9,9,9,9,9,6,10,10,5,6,6,6,10,10,10,10,10,10,10,10,10,10,10,10,8,8,9,10,10,10,10,10,9,8,9,9,5,9,5,4,6,8,7,7,4,6,7
sf,cvs,sylpheed-claws,sylpheed-claws/sylpheed-claws/src/procmime.c,buggy,c,IssueFalse,109540,372,19900,28,10,7,10,10,1,10,7,7,7,10,10,5,10,10,10,9,9,9,9,9,6,10,10,5,7,7,8,10,10,10,10,10,10,10,10,10,10,10,10,8,8,9,10,10,10,10,9,10,9,8,10,10,10,9,10,10,9,10,10,9,10,10
sf,cvs,sylpheed-claws,sylpheed-claws/sylpheed-claws/src/procmime.h,buggy,c,IssueFalse,109540,372,19900,28,5,7,5,1,6,3,7,7,7,10,10,5,10,10,10,9,9,9,9,10,7,10,10,5,9,10,9,10,10,10,10,10,10,10,10,10,10,10,10,8,8,9,1,1,2,1,2,3,2,2,2,3,9,4,3,4,6,5,5,6,6,6
sf,cvs,sylpheed-claws,sylpheed-claws/sylpheed-claws/src/procmsg.c,buggy,c,IssueFalse,109540,372,19900,28,10,9,10,10,2,9,7,7,7,10,10,5,10,10,10,9,9,9,9,9,6,10,10,5,9,8,8,10,10,10,10,10,10,10,10,10,10,10,10,8,8,9,10,10,10,10,10,10,9,10,10,10,10,10,10,10,10,10,10,8,9,10
sf,cvs,sylpheed-claws,sylpheed-claws/sylpheed-claws/src/procmsg.h,buggy,c,IssueFalse,109540,372,19900,28,5,4,5,1,4,3,7,7,7,10,10,5,10,10,10,9,9,9,10,10,8,10,10,5,9,10,10,10,10,10,10,10,10,10,10,10,10,10,10,8,8,9,1,1,2,1,2,3,2,2,2,7,10,6,5,7,6,6,6,2,3,5
sf,cvs,sylpheed-claws,sylpheed-claws/sylpheed-claws/src/quote_fmt.c,clean,c,IssueFalse,109540,372,19900,28,3,6,1,2,8,3,7,7,7,10,10,5,10,10,10,9,9,9,9,9,6,10,10,5,6,6,6,10,10,10,10,10,10,10,10,10,10,10,10,8,8,9,3,3,2,4,3,4,4,3,2,2,6,4,3,4,6,5,5,4,3,4
sf,cvs,sylpheed-claws,sylpheed-claws/sylpheed-claws/src/recv.c,clean,c,IssueFalse,109540,372,19900,28,6,3,6,4,3,9,7,7,7,10,10,5,10,10,10,9,9,9,9,9,6,10,10,5,6,6,6,10,10,10,10,10,10,10,10,10,10,10,10,8,8,9,10,9,7,8,6,5,9,5,5,4,9,4,3,4,6,5,5,8,7,8
sf,cvs,sylpheed-claws,sylpheed-claws/sylpheed-claws/src/send_message.c,buggy,c,IssueFalse,109540,372,19900,28,8,4,8,6,2,10,7,7,7,10,10,5,10,10,10,9,9,9,10,10,7,10,10,5,8,7,7,10,10,10,10,10,10,10,10,10,10,10,10,8,8,9,10,10,9,10,10,7,10,10,8,8,10,8,8,9,8,8,9,8,8,10
sf,cvs,sylpheed-claws,sylpheed-claws/sylpheed-claws/src/send_message.h,clean,c,IssueFalse,109540,372,19900,28,1,2,1,1,9,3,7,7,7,10,10,5,10,10,10,9,9,9,9,9,6,10,10,5,6,6,6,10,10,10,10,10,10,10,10,10,10,10,10,8,8,9,1,1,2,1,2,3,2,2,2,2,8,4,3,4,6,5,5,4,3,4
sf,cvs,sylpheed-claws,sylpheed-claws/sylpheed-claws/src/setup.c,clean,c,IssueFalse,109540,372,19900,28,3,2,3,3,5,5,7,7,7,10,10,5,10,10,10,9,9,9,9,9,6,10,10,5,6,6,6,10,10,10,10,10,10,10,10,10,10,10,10,8,8,9,8,6,4,8,6,4,9,5,4,3,8,4,3,4,6,5,5,4,3,5
sf,cvs,sylpheed-claws,sylpheed-claws/sylpheed-claws/src/simple-gettext.c,clean,c,IssueFalse,109540,372,19900,28,1,4,1,1,1,3,7,7,7,10,10,5,10,10,10,9,9,9,9,9,6,10,10,5,6,6,6,10,10,10,10,10,10,10,10,10,10,10,10,8,8,9,1,1,2,1,2,3,2,2,2,2,8,4,3,4,6,5,5,4,3,4
sf,cvs,sylpheed-claws,sylpheed-claws/sylpheed-claws/src/sourcewindow.c,clean,c,IssueFalse,109540,372,19900,28,6,2,6,6,2,7,7,7,7,10,10,5,10,10,10,9,9,9,9,9,6,10,10,5,6,6,6,10,10,10,10,10,10,10,10,10,10,10,10,8,8,9,7,8,6,8,6,5,8,8,7,3,9,4,3,4,6,5,5,4,3,5
sf,cvs,sylpheed-claws,sylpheed-claws/sylpheed-claws/src/ssl_manager.c,clean,c,IssueFalse,109540,372,19900,28,1,2,1,1,1,3,7,7,7,10,10,5,10,10,10,9,9,9,9,9,6,10,10,5,6,6,6,10,10,10,10,10,10,10,10,10,10,10,10,8,8,9,1,1,2,1,2,3,2,2,2,7,8,5,4,6,8,8,8,7,9,9
sf,cvs,sylpheed-claws,sylpheed-claws/sylpheed-claws/src/ssl_manager.h,clean,c,IssueFalse,109540,372,19900,28,1,2,1,1,1,3,7,7,7,10,10,5,10,10,10,9,9,9,9,9,6,10,10,5,6,6,6,10,10,10,10,10,10,10,10,10,10,10,10,8,8,9,1,1,2,1,2,3,2,2,2,2,6,6,4,5,6,5,5,4,3,4
sf,cvs,sylpheed-claws,sylpheed-claws/sylpheed-claws/src/statusbar.c,clean,c,IssueFalse,109540,372,19900,28,5,2,5,6,3,5,7,7,7,10,10,5,10,10,10,9,9,9,9,9,6,10,10,5,6,6,6,10,10,10,10,10,10,10,10,10,10,10,10,8,8,9,6,5,6,9,8,6,6,4,5,3,6,6,4,5,8,7,7,2,3,4
sf,cvs,sylpheed-claws,sylpheed-claws/sylpheed-claws/src/statusbar.h,clean,c,IssueFalse,109540,372,19900,28,1,2,1,1,9,3,7,7,7,10,10,5,10,10,10,9,9,9,9,9,6,10,10,5,6,6,6,10,10,10,10,10,10,10,10,10,10,10,10,8,8,9,1,1,2,1,2,3,2,2,2,2,6,4,3,4,6,5,5,4,3,4
sf,cvs,sylpheed-claws,sylpheed-claws/sylpheed-claws/src/stock_pixmap.c,buggy,c,IssueFalse,109540,372,19900,28,8,6,8,6,2,10,7,7,7,10,10,5,10,10,10,9,9,9,9,9,6,10,10,5,9,9,9,10,10,10,10,10,10,10,10,10,10,10,10,8,8,9,10,9,9,10,10,8,9,7,8,7,9,10,10,10,10,10,10,9,9,10
sf,cvs,sylpheed-claws,sylpheed-claws/sylpheed-claws/src/stock_pixmap.h,buggy,c,IssueFalse,109540,372,19900,28,6,3,1,1,3,3,7,7,7,10,10,5,10,10,10,9,9,9,9,9,6,10,10,5,6,6,6,10,10,10,10,10,10,10,10,10,10,10,10,8,8,9,1,1,2,1,2,3,2,2,2,6,9,8,8,8,8,7,7,4,5,7
sf,cvs,sylpheed-claws,sylpheed-claws/sylpheed-claws/src/summary_search.c,buggy,c,IssueFalse,109540,372,19900,28,8,2,8,7,1,10,7,7,7,10,10,5,10,10,10,9,9,9,10,10,7,10,10,5,10,9,9,10,10,10,10,10,10,10,10,10,10,10,10,8,8,9,9,10,8,8,9,6,9,10,8,4,9,4,3,4,8,6,7,5,6,7
sf,cvs,sylpheed-claws,sylpheed-claws/sylpheed-claws/src/summaryview.c,buggy,c,IssueFalse,109540,372,19900,28,10,10,10,10,1,10,7,7,7,10,10,5,10,10,10,9,9,9,10,10,7,10,10,5,9,8,8,10,10,10,10,10,10,10,10,10,10,10,10,8,8,9,9,10,10,10,10,10,9,10,10,10,10,4,3,4,6,5,5,2,2,2
sf,cvs,sylpheed-claws,sylpheed-claws/sylpheed-claws/src/summaryview.h,buggy,c,IssueFalse,109540,372,19900,28,6,4,6,1,3,3,7,7,7,10,10,5,10,10,10,9,9,9,10,10,8,10,10,5,10,10,10,10,10,10,10,10,10,10,10,10,10,10,10,8,8,9,1,1,2,1,2,3,2,2,2,6,9,5,4,6,6,5,5,2,3,5
sf,cvs,sylpheed-claws,sylpheed-claws/sylpheed-claws/src/textview.c,buggy,c,IssueFalse,109540,372,19900,28,10,8,10,10,1,10,7,7,7,10,10,5,10,10,10,9,9,9,9,9,6,10,10,5,8,8,9,10,10,10,10,10,10,10,10,10,10,10,10,8,8,9,10,10,10,10,9,10,9,9,10,10,10,7,9,10,6,6,6,2,8,9
sf,cvs,sylpheed-claws,sylpheed-claws/sylpheed-claws/src/textview.h,clean,c,IssueFalse,109540,372,19900,28,3,2,3,1,5,3,7,7,7,10,10,5,10,10,10,9,9,9,10,10,7,10,10,5,10,10,9,10,10,10,10,10,10,10,10,10,10,10,10,8,8,9,1,1,2,1,2,3,2,2,2,4,6,5,4,5,7,6,6,2,3,4
sf,cvs,sylpheed-claws,sylpheed-claws/sylpheed-claws/src/toolbar.c,buggy,c,IssueFalse,109540,372,19900,28,10,9,10,10,2,9,7,7,7,10,10,5,10,10,10,9,9,9,9,9,6,10,10,5,8,7,7,10,10,10,10,10,10,10,10,10,10,10,10,8,8,9,9,10,10,10,10,10,7,10,10,9,9,9,9,10,8,8,8,6,8,10
sf,cvs,sylpheed-claws,sylpheed-claws/sylpheed-claws/src/toolbar.h,buggy,c,IssueFalse,109540,372,19900,28,5,4,5,1,3,3,7,7,7,10,10,5,10,10,10,9,9,9,9,10,7,10,10,5,10,10,10,10,10,10,10,10,10,10,10,10,10,10,10,8,8,9,1,1,2,1,2,3,2,2,2,3,6,6,4,5,6,5,5,4,3,5
sf,cvs,sylpheed-claws,sylpheed-claws/sylpheed-claws/src/undo.c,buggy,c,IssueFalse,109540,372,19900,28,8,9,8,8,4,8,7,7,7,10,10,5,10,10,10,9,9,9,9,9,6,10,10,5,9,8,8,10,10,10,10,10,10,10,10,10,10,10,10,8,8,9,9,9,9,10,8,8,8,7,8,2,8,4,3,4,6,5,5,4,3,4
sf,cvs,sylpheed-claws,sylpheed-claws/sylpheed-claws/src/undo.h,clean,c,IssueFalse,109540,372,19900,28,3,3,2,1,6,3,7,7,7,10,10,5,10,10,10,9,9,9,9,9,6,10,10,5,9,9,8,10,10,10,10,10,10,10,10,10,10,10,10,8,8,9,1,1,2,1,2,3,2,2,2,2,8,4,3,4,6,5,5,4,3,4
sf,cvs,sylpheed-claws,sylpheed-claws/sylpheed-claws/src/unmime.c,clean,c,IssueFalse,109540,372,19900,28,4,3,4,2,4,9,7,7,7,10,10,5,10,10,10,9,9,9,9,9,6,10,10,5,6,6,6,10,10,10,10,10,10,10,10,10,10,10,10,8,8,9,10,9,5,8,4,4,10,6,4,3,8,5,4,5,6,5,5,4,3,5
sf,cvs,sylpheed-claws,sylpheed-claws/sylpheed-claws/src/vcard.c,clean,c,IssueFalse,109540,372,19900,28,9,10,9,9,5,10,7,7,7,10,10,5,10,10,10,9,9,9,9,9,6,10,10,5,6,6,6,10,10,10,10,10,10,10,10,10,10,10,10,8,8,9,8,9,10,7,7,8,7,5,9,3,8,4,3,4,6,5,5,5,5,5
