Host,Vcs,Project,File,Buggy,PL,IssueTracking,TLOC,TNF,TNC,TND,LOC,CL,NStmt,NFunc,RCC,MNL,avg_WMC,max_WMC,total_WMC,avg_DIT,max_DIT,total_DIT,avg_RFC,max_RFC,total_RFC,avg_NOC,max_NOC,total_NOC,avg_CBO,max_CBO,total_CBO,avg_DIT.1,max_DIT.1,total_DIT.1,avg_NIV,max_NIV,total_NIV,avg_NIM,max_NIM,total_NIM,avg_NOM,max_NOM,total_NOM,avg_NPBM,max_NPBM,total_NPBM,avg_NPM,max_NPM,total_NPM,avg_NPRM,max_NPRM,total_NPRM,avg_CC,max_CC,total_CC,avg_FANIN,max_FANIN,total_FANIN,avg_FANOUT,max_FANOUT,total_FANOUT,NRev,NFix,avg_AddedLOC,max_AddedLOC,total_AddedLOC,avg_DeletedLOC,max_DeletedLOC,total_DeletedLOC,avg_ModifiedLOC,max_ModifiedLOC,total_ModifiedLOC
gc,hg,tart,trunk/compiler/include/tart/AST/ASTDecl.h,clean,cpp,IssueTrue,28879,97,90,3,7,8,8,10,8,2,8,8,10,9,10,10,9,9,10,10,10,10,6,7,9,9,10,10,8,10,10,9,9,10,9,9,10,9,10,10,9,9,9,8,8,9,3,3,7,5,8,9,3,4,7,5,5,5,6,5,6,6,6,5,6,4
gc,hg,tart,trunk/compiler/include/tart/CFG/CompositeType.h,clean,cpp,IssueTrue,28879,97,90,3,5,7,6,7,8,4,10,10,10,10,10,9,10,10,10,9,9,9,9,10,10,10,10,9,10,10,9,10,10,10,10,10,10,10,10,10,9,9,9,9,9,9,3,4,4,4,6,6,2,2,3,7,8,5,6,6,7,8,8,3,4,4
gc,hg,tart,trunk/compiler/include/tart/CFG/Constant.h,clean,cpp,IssueTrue,28879,97,90,3,6,5,6,8,6,2,7,7,9,10,10,10,10,9,10,10,10,10,7,7,9,10,10,10,6,7,8,8,9,10,9,9,10,9,10,10,9,9,9,8,8,9,3,3,5,5,9,8,2,3,5,4,5,4,4,5,5,5,5,2,4,3
gc,hg,tart,trunk/compiler/include/tart/CFG/Defn.h,clean,cpp,IssueTrue,28879,97,90,3,6,9,7,9,9,4,9,9,9,9,10,10,10,9,10,10,10,10,8,8,9,9,10,10,10,10,10,10,10,10,10,10,10,10,10,10,9,9,9,8,8,9,3,4,7,8,10,10,2,3,6,8,9,4,5,6,10,10,10,2,4,4
gc,hg,tart,trunk/compiler/include/tart/CFG/Expr.h,clean,cpp,IssueTrue,28879,97,90,3,9,9,9,10,7,2,8,9,10,10,10,10,10,9,10,10,10,10,7,8,10,10,10,10,9,10,10,9,9,10,9,9,10,9,10,10,9,10,10,8,8,9,3,3,9,8,10,10,3,4,8,9,8,8,9,9,8,9,9,5,7,7
gc,hg,tart,trunk/compiler/include/tart/CFG/FunctionDefn.h,clean,cpp,IssueTrue,28879,97,90,3,6,7,6,9,8,4,9,9,9,10,10,10,10,10,10,10,10,10,8,8,9,10,10,10,10,10,9,10,10,10,10,10,10,10,10,10,9,9,9,8,8,9,3,4,6,5,9,9,3,4,6,7,9,7,8,8,7,8,8,5,6,6
gc,hg,tart,trunk/compiler/include/tart/CFG/FunctionType.h,clean,cpp,IssueTrue,28879,97,90,3,4,3,5,7,7,2,10,10,10,10,10,9,10,10,10,9,9,9,10,9,10,10,10,9,10,10,9,10,10,10,10,10,10,10,10,10,9,9,9,8,8,9,3,3,4,6,7,7,2,4,4,6,5,5,5,6,5,6,6,3,6,4
gc,hg,tart,trunk/compiler/include/tart/CFG/Module.h,clean,cpp,IssueTrue,28879,97,90,3,4,5,5,7,9,2,10,10,9,10,10,8,10,10,9,9,9,9,9,9,9,10,10,8,10,10,9,10,10,10,10,10,10,10,10,10,9,9,9,8,8,9,3,3,5,4,5,6,2,2,4,6,8,5,5,6,4,4,4,2,4,3
gc,hg,tart,trunk/compiler/include/tart/CFG/NativeType.h,clean,cpp,IssueTrue,28879,97,90,3,4,2,4,6,7,2,9,9,9,10,10,10,10,10,10,9,9,9,10,9,10,10,10,10,7,8,7,10,10,10,10,10,10,10,10,10,10,10,10,10,9,9,3,3,4,3,5,4,2,2,3,6,8,6,7,6,9,9,9,6,7,6
gc,hg,tart,trunk/compiler/include/tart/CFG/TupleType.h,clean,cpp,IssueTrue,28879,97,90,3,3,2,4,6,7,2,10,10,9,10,10,9,10,10,9,9,9,9,9,9,9,10,10,9,7,7,6,10,10,10,10,10,10,10,10,10,10,9,9,8,8,9,3,3,4,8,8,7,3,3,4,6,8,5,5,6,6,7,7,5,7,5
gc,hg,tart,trunk/compiler/include/tart/CFG/Type.h,clean,cpp,IssueTrue,28879,97,90,3,7,9,7,9,9,4,9,10,10,9,10,10,10,10,10,10,10,10,8,10,10,9,10,10,9,10,10,9,10,10,9,10,10,9,10,10,9,10,10,8,9,9,3,4,6,7,10,9,3,3,6,10,9,9,10,10,10,10,10,7,8,9
gc,hg,tart,trunk/compiler/include/tart/CFG/TypeConstraint.h,clean,cpp,IssueTrue,28879,97,90,3,4,3,4,5,7,2,9,9,10,10,10,10,10,10,10,10,10,10,9,9,10,10,10,10,7,8,7,10,10,10,10,9,10,10,10,10,9,9,9,9,9,9,3,3,3,3,3,3,3,3,3,6,8,7,9,8,5,6,6,5,6,5
gc,hg,tart,trunk/compiler/include/tart/CFG/TypeOrdering.h,clean,cpp,IssueTrue,28879,97,90,3,3,5,4,3,9,4,9,9,9,7,9,7,8,8,9,9,10,10,9,9,10,7,9,7,6,6,6,9,10,10,9,10,10,8,9,9,9,9,9,10,10,10,3,3,2,2,1,2,2,2,2,7,9,7,9,8,6,6,7,5,7,5
gc,hg,tart,trunk/compiler/include/tart/CFG/UnionType.h,clean,cpp,IssueTrue,28879,97,90,3,3,4,4,5,9,2,10,10,10,10,10,9,10,10,9,9,9,9,10,9,9,10,10,9,10,9,8,10,10,10,10,10,10,10,10,10,10,10,10,8,8,9,3,3,3,6,6,5,2,2,3,9,8,5,7,7,6,6,7,3,6,5
gc,hg,tart,trunk/compiler/include/tart/CFG/VariableDefn.h,clean,cpp,IssueTrue,28879,97,90,3,3,3,4,7,9,2,9,9,9,10,10,9,10,10,9,10,10,10,9,8,8,10,10,9,10,10,8,10,10,10,10,10,10,10,10,10,9,9,9,8,8,9,3,3,4,8,10,8,2,2,3,4,5,5,6,5,8,8,8,5,5,4
gc,hg,tart,trunk/compiler/include/tart/Common/Diagnostics.h,clean,cpp,IssueTrue,28879,97,90,3,6,7,6,8,8,4,8,9,9,7,9,9,5,8,8,9,10,10,7,8,10,7,9,9,7,9,9,8,10,10,8,10,10,8,10,10,9,9,9,8,8,9,3,4,5,10,10,10,4,3,6,5,8,8,9,8,7,8,7,6,6,5
gc,hg,tart,trunk/compiler/include/tart/Common/SourceLocation.h,buggy,cpp,IssueTrue,28879,97,90,3,4,4,5,6,7,6,8,8,8,7,9,7,5,5,7,10,10,10,6,7,8,7,9,7,8,9,9,7,8,9,7,8,9,8,9,9,9,9,9,8,8,9,5,6,4,7,9,7,4,4,4,4,5,4,4,4,4,4,4,3,4,3
gc,hg,tart,trunk/compiler/include/tart/Gen/CodeGenerator.h,clean,cpp,IssueTrue,28879,97,90,3,7,8,8,4,7,2,10,10,10,7,7,5,10,10,10,9,9,9,10,10,10,7,7,5,10,10,10,10,10,10,10,10,10,10,10,10,9,9,9,10,10,10,3,3,3,8,8,4,2,2,2,10,9,6,8,9,6,8,9,4,8,7
gc,hg,tart,trunk/compiler/include/tart/Gen/Reflector.h,clean,cpp,IssueTrue,28879,97,90,3,5,4,5,3,6,2,10,10,10,7,7,5,9,9,8,9,9,9,10,10,10,7,7,5,10,9,9,10,10,10,10,10,10,10,10,10,9,9,9,10,10,10,3,3,2,5,4,3,2,2,2,8,8,5,7,7,5,6,7,2,4,4
gc,hg,tart,trunk/compiler/include/tart/Objects/Builtins.h,clean,cpp,IssueTrue,28879,97,90,3,5,3,5,5,6,4,9,9,9,7,7,5,6,5,7,9,9,9,10,10,10,7,7,5,7,8,7,8,9,9,9,9,9,9,9,9,9,9,9,10,10,10,4,4,3,5,8,4,4,3,3,8,5,4,5,6,6,7,7,6,8,6
gc,hg,tart,trunk/compiler/include/tart/Objects/Intrinsics.h,clean,cpp,IssueTrue,28879,97,90,3,7,8,7,9,8,2,7,7,10,9,9,10,5,4,10,9,9,9,9,9,10,9,9,10,6,7,7,6,7,10,6,7,10,6,6,9,9,9,9,10,9,10,3,3,6,2,2,3,2,2,4,6,9,8,8,8,6,7,7,2,5,4
gc,hg,tart,trunk/compiler/include/tart/Objects/TargetSelection.h,clean,cpp,IssueTrue,28879,97,90,3,2,1,2,3,9,2,7,7,7,7,7,5,5,4,6,9,9,9,6,6,7,7,7,5,9,9,7,7,7,7,7,7,7,8,8,8,9,9,9,8,8,9,3,3,2,3,3,2,4,3,3,2,5,7,6,5,4,4,4,3,3,2
gc,hg,tart,trunk/compiler/include/tart/Parse/Parser.h,clean,cpp,IssueTrue,28879,97,90,3,5,9,6,3,10,2,10,10,10,7,7,5,10,10,9,9,9,9,10,10,10,7,7,5,10,9,8,10,10,10,10,10,10,10,10,10,9,9,9,10,10,10,3,3,2,3,2,2,3,2,3,5,8,5,4,5,4,4,4,2,3,2
gc,hg,tart,trunk/compiler/include/tart/Sema/AnalyzerBase.h,clean,cpp,IssueTrue,28879,97,90,3,5,8,5,4,10,2,10,10,10,7,7,5,8,9,8,10,10,10,10,10,10,7,7,5,9,9,8,9,10,9,10,10,10,10,10,10,10,10,10,8,8,9,3,3,3,6,7,4,3,3,3,9,8,6,8,9,6,7,8,4,5,6
gc,hg,tart,trunk/compiler/include/tart/Sema/BindingEnv.h,clean,cpp,IssueTrue,28879,97,90,3,5,6,6,7,8,6,10,10,10,9,10,9,10,10,10,9,9,9,9,10,10,9,10,9,9,9,8,10,10,10,10,10,10,10,10,10,9,9,9,10,10,10,4,5,5,5,5,7,3,4,5,9,5,5,6,7,6,8,8,6,7,7
gc,hg,tart,trunk/compiler/include/tart/Sema/CFGPass.h,clean,cpp,IssueTrue,28879,97,90,3,3,1,4,5,5,2,10,10,10,7,7,5,9,8,8,10,10,10,10,10,10,7,7,5,6,6,6,10,10,10,10,10,10,10,10,10,10,9,9,8,8,9,3,3,3,3,2,3,2,2,3,6,5,4,4,5,5,5,5,2,3,2
gc,hg,tart,trunk/compiler/include/tart/Sema/CallCandidate.h,clean,cpp,IssueTrue,28879,97,90,3,4,5,5,6,9,4,10,10,10,9,9,7,9,8,8,9,9,9,10,10,10,9,9,7,10,10,9,10,10,10,10,10,9,10,10,10,9,9,9,8,8,9,4,4,4,5,6,6,2,2,3,6,9,4,5,5,6,7,6,4,6,4
gc,hg,tart,trunk/compiler/include/tart/Sema/EvalPass.h,clean,cpp,IssueTrue,28879,97,90,3,4,2,4,6,7,2,10,10,10,7,7,5,7,6,8,9,9,9,10,10,10,7,7,5,9,9,8,9,9,10,9,9,9,9,9,9,9,9,9,10,10,10,3,3,4,4,3,5,3,4,3,4,5,8,7,7,4,4,4,2,3,2
gc,hg,tart,trunk/compiler/include/tart/Sema/ExprAnalyzer.h,clean,cpp,IssueTrue,28879,97,90,3,4,7,4,3,9,2,10,10,10,9,9,7,10,10,10,10,10,10,10,10,10,9,9,7,6,6,6,10,10,10,10,10,10,10,10,10,9,9,9,8,8,9,3,3,2,6,3,2,5,3,2,9,8,5,6,7,5,6,7,6,8,7
gc,hg,tart,trunk/compiler/include/tart/Sema/StmtAnalyzer.h,clean,cpp,IssueTrue,28879,97,90,3,5,7,6,4,9,2,10,10,10,7,10,8,10,10,10,9,9,9,10,10,10,7,10,8,10,10,9,9,10,10,9,10,10,10,10,10,9,9,9,10,9,9,3,3,3,3,3,3,3,3,3,5,8,5,6,6,4,4,4,3,5,4
gc,hg,tart,trunk/compiler/include/tart/Sema/TypeInference.h,clean,cpp,IssueTrue,28879,97,90,3,6,7,6,7,8,2,9,10,10,8,10,10,8,9,10,10,10,10,9,9,10,8,10,10,9,10,10,9,9,10,9,9,10,9,10,10,9,9,9,10,10,10,3,3,4,3,3,4,3,3,4,4,9,10,10,9,9,8,8,9,8,6
gc,hg,tart,trunk/compiler/include/tart/Sema/TypeTransform.h,clean,cpp,IssueTrue,28879,97,90,3,3,2,3,4,7,2,9,9,9,9,10,10,9,9,10,10,10,10,9,10,10,9,10,10,6,7,7,9,10,10,9,10,10,9,10,10,9,9,9,8,8,9,3,3,3,4,4,3,4,3,3,7,8,5,6,6,5,6,6,6,8,6
gc,hg,tart,trunk/compiler/lib/AST/ASTDecl.cpp,clean,cpp,IssueTrue,28879,97,90,3,6,3,6,7,4,7,7,7,7,7,7,5,4,4,5,9,9,9,6,6,6,7,7,5,6,6,6,6,6,6,6,6,6,6,6,6,9,9,9,8,8,9,7,8,6,4,5,6,4,4,5,2,5,9,7,6,4,4,4,2,2,1
gc,hg,tart,trunk/compiler/lib/CFG/CompositeType.cpp,clean,cpp,IssueTrue,28879,97,90,3,8,7,9,8,4,9,7,7,7,7,7,5,4,4,5,9,9,9,6,6,6,7,7,5,6,6,6,6,6,6,6,6,6,6,6,6,9,9,9,8,8,9,9,9,9,5,6,7,8,8,8,9,9,9,10,10,5,6,7,5,6,6
gc,hg,tart,trunk/compiler/lib/CFG/EnumType.cpp,clean,cpp,IssueTrue,28879,97,90,3,3,2,3,4,7,7,7,7,7,7,7,5,4,4,5,9,9,9,6,6,6,7,7,5,6,6,6,6,6,6,6,6,6,6,6,6,9,9,9,8,8,9,9,8,4,4,4,3,6,6,3,6,5,6,6,6,4,4,4,2,3,3
gc,hg,tart,trunk/compiler/lib/CFG/Expr.cpp,clean,cpp,IssueTrue,28879,97,90,3,9,8,9,10,4,9,7,7,7,7,7,5,4,4,5,9,9,9,6,6,6,7,7,5,6,6,6,6,6,6,6,6,6,6,6,6,9,9,9,8,8,9,7,10,9,4,9,9,4,6,9,8,8,8,9,9,7,8,8,7,9,8
gc,hg,tart,trunk/compiler/lib/CFG/FunctionType.cpp,clean,cpp,IssueTrue,28879,97,90,3,8,4,8,8,3,10,7,7,7,7,7,5,4,4,5,9,9,9,6,6,6,7,7,5,6,6,6,6,6,6,6,6,6,6,6,6,9,9,9,8,8,9,8,8,8,4,4,7,6,7,7,8,9,6,8,8,6,7,7,6,8,7
gc,hg,tart,trunk/compiler/lib/CFG/Module.cpp,clean,cpp,IssueTrue,28879,97,90,3,6,1,6,6,2,9,7,7,7,7,7,5,4,4,5,9,9,9,6,6,6,7,7,5,6,6,6,6,6,6,6,6,6,6,6,6,9,9,9,8,8,9,8,8,6,6,6,6,8,6,6,6,5,6,7,7,5,6,6,3,5,4
gc,hg,tart,trunk/compiler/lib/CFG/NativeType.cpp,clean,cpp,IssueTrue,28879,97,90,3,6,4,6,7,5,7,7,7,7,7,7,5,4,4,5,9,9,9,6,6,6,7,7,5,6,6,6,6,6,6,6,6,6,6,6,6,9,9,9,8,8,9,6,8,6,4,4,6,6,6,6,9,8,6,9,8,9,10,10,7,9,8
gc,hg,tart,trunk/compiler/lib/CFG/PrimitiveType.cpp,clean,cpp,IssueTrue,28879,97,90,3,10,9,10,10,3,9,7,7,7,10,10,9,10,10,9,9,9,9,9,8,8,10,10,9,6,6,6,6,7,6,6,6,6,7,7,7,9,9,9,8,8,9,7,10,10,3,7,8,5,8,9,10,9,8,10,10,8,10,10,8,9,9
gc,hg,tart,trunk/compiler/lib/CFG/Template.cpp,clean,cpp,IssueTrue,28879,97,90,3,8,6,8,8,5,7,7,7,7,9,9,7,9,8,8,9,9,9,7,7,7,9,9,7,7,7,6,6,7,6,6,6,6,7,7,7,9,9,9,8,8,9,7,10,7,3,4,6,6,10,7,10,9,7,8,9,9,10,10,8,9,9
gc,hg,tart,trunk/compiler/lib/CFG/TupleType.cpp,clean,cpp,IssueTrue,28879,97,90,3,7,1,7,7,2,7,8,8,8,7,9,7,5,4,6,9,9,9,7,7,8,7,9,7,6,6,6,6,6,6,7,7,7,7,8,8,9,9,9,9,9,9,8,9,7,3,4,5,5,7,6,8,5,8,9,9,8,8,9,8,9,7
gc,hg,tart,trunk/compiler/lib/CFG/Type.cpp,clean,cpp,IssueTrue,28879,97,90,3,9,3,9,8,2,10,7,7,7,7,7,5,4,4,5,9,9,9,6,6,6,7,7,5,6,6,6,6,6,6,6,6,6,6,6,6,9,9,9,8,8,9,9,9,9,5,9,8,6,8,8,10,10,8,9,10,10,10,10,6,8,8
gc,hg,tart,trunk/compiler/lib/CFG/TypeConstraint.cpp,clean,cpp,IssueTrue,28879,97,90,3,8,2,8,8,2,7,7,7,7,7,7,5,4,4,5,9,9,9,6,6,6,7,7,5,6,6,6,6,6,6,6,6,6,6,6,6,9,9,9,8,8,9,8,7,8,4,4,7,6,6,7,7,9,9,10,10,4,4,4,7,8,7
gc,hg,tart,trunk/compiler/lib/CFG/TypeLiteral.cpp,clean,cpp,IssueTrue,28879,97,90,3,4,2,4,5,7,7,7,7,7,7,7,5,4,4,5,9,9,9,6,6,6,7,7,5,6,6,6,6,6,6,6,6,6,6,6,6,9,9,9,8,8,9,5,6,4,3,3,3,5,6,4,6,8,3,4,4,5,5,5,2,4,3
gc,hg,tart,trunk/compiler/lib/CFG/TypeOrdering.cpp,clean,cpp,IssueTrue,28879,97,90,3,7,2,7,7,3,9,7,7,7,7,7,5,4,4,5,9,9,9,6,6,6,7,7,5,6,6,6,6,6,6,6,6,6,6,6,6,9,9,9,8,8,9,9,10,8,5,8,6,3,7,5,8,9,9,10,10,9,9,9,6,9,7
gc,hg,tart,trunk/compiler/lib/CFG/UnionType.cpp,clean,cpp,IssueTrue,28879,97,90,3,8,6,8,7,4,7,7,7,7,7,7,5,4,4,5,9,9,9,6,6,6,7,7,5,6,6,6,6,6,6,6,6,6,6,6,6,9,9,9,8,8,9,9,9,8,5,8,7,7,9,7,9,8,8,9,10,8,9,9,7,8,8
gc,hg,tart,trunk/compiler/lib/CFG/VariableDefn.cpp,clean,cpp,IssueTrue,28879,97,90,3,3,3,3,4,8,6,7,7,7,7,7,5,4,4,5,9,9,9,6,6,6,7,7,5,6,6,6,6,6,6,6,6,6,6,6,6,9,9,9,8,8,9,8,7,4,6,4,4,8,5,4,3,5,8,7,7,4,4,4,4,5,3
gc,hg,tart,trunk/compiler/lib/Common/Diagnostics.cpp,clean,cpp,IssueTrue,28879,97,90,3,7,2,6,8,2,6,7,7,7,7,7,5,4,4,5,9,9,9,6,6,6,7,7,5,6,6,6,6,6,6,6,6,6,6,6,6,9,9,9,8,8,9,5,8,6,7,8,8,4,4,6,7,5,6,8,7,5,6,7,3,6,4
gc,hg,tart,trunk/compiler/lib/Common/SourceFile.cpp,buggy,cpp,IssueTrue,28879,97,90,3,3,1,3,4,2,6,7,7,7,7,7,5,4,4,5,9,9,9,6,6,6,7,7,5,6,6,6,6,6,6,6,6,6,6,6,6,9,9,9,8,8,9,6,5,4,5,4,4,6,5,4,3,5,4,4,4,4,4,4,2,3,2
gc,hg,tart,trunk/compiler/lib/Gen/CodeGenCFG.cpp,buggy,cpp,IssueTrue,28879,97,90,3,7,5,8,6,4,9,7,7,7,7,7,5,4,4,5,9,9,9,6,6,6,7,7,5,6,6,6,6,6,6,6,6,6,6,6,6,9,9,9,8,8,9,10,8,7,7,6,6,10,9,7,9,8,5,6,7,7,8,8,6,7,7
gc,hg,tart,trunk/compiler/lib/Gen/CodeGenCall.cpp,clean,cpp,IssueTrue,28879,97,90,3,7,4,8,5,4,7,7,7,7,7,7,5,4,4,5,9,9,9,6,6,6,7,7,5,6,6,6,6,6,6,6,6,6,6,6,6,9,9,9,8,8,9,10,9,7,8,5,6,10,10,7,7,10,6,8,8,7,8,8,2,5,4
gc,hg,tart,trunk/compiler/lib/Gen/CodeGenCast.cpp,clean,cpp,IssueTrue,28879,97,90,3,8,5,8,6,3,10,7,7,7,7,7,5,4,4,5,9,9,9,6,6,6,7,7,5,6,6,6,6,6,6,6,6,6,6,6,6,9,9,9,8,8,9,10,9,8,8,8,7,10,9,8,7,10,8,9,9,8,9,8,5,7,6
gc,hg,tart,trunk/compiler/lib/Gen/CodeGenDebug.cpp,clean,cpp,IssueTrue,28879,97,90,3,9,5,8,7,3,10,7,7,7,7,7,5,4,4,5,9,9,9,6,6,6,7,7,5,6,6,6,6,6,6,6,6,6,6,6,6,9,9,9,8,8,9,8,9,7,7,8,8,10,9,9,10,10,8,10,10,8,9,9,8,9,9
gc,hg,tart,trunk/compiler/lib/Gen/CodeGenDefn.cpp,clean,cpp,IssueTrue,28879,97,90,3,7,6,8,4,5,9,7,7,7,7,7,5,4,4,5,9,9,9,6,6,6,7,7,5,6,6,6,6,6,6,6,6,6,6,6,6,9,9,9,8,8,9,10,9,7,8,6,5,10,10,7,10,10,6,7,9,7,7,9,5,7,7
gc,hg,tart,trunk/compiler/lib/Gen/CodeGenExpr.cpp,buggy,cpp,IssueTrue,28879,97,90,3,10,7,10,8,3,9,7,7,7,7,7,5,4,4,5,9,9,9,6,6,6,7,7,5,6,6,6,6,6,6,6,6,6,6,6,6,9,9,9,8,8,9,10,10,10,7,10,9,10,10,10,10,10,9,10,10,10,10,10,8,9,10
gc,hg,tart,trunk/compiler/lib/Gen/CodeGenType.cpp,buggy,cpp,IssueTrue,28879,97,90,3,9,8,9,6,5,10,7,7,7,7,7,5,4,4,5,9,9,9,6,6,6,7,7,5,6,6,6,6,6,6,6,6,6,6,6,6,9,9,9,8,8,9,10,9,8,9,8,8,10,10,9,10,10,9,10,10,9,10,10,7,8,8
gc,hg,tart,trunk/compiler/lib/Gen/CodeGenerator.cpp,clean,cpp,IssueTrue,28879,97,90,3,8,3,8,8,2,7,7,7,7,7,7,5,4,4,5,9,9,9,6,6,6,7,7,5,6,6,6,6,6,6,6,6,6,6,6,6,9,9,9,8,8,9,8,9,7,8,9,9,9,10,8,10,10,7,9,9,8,9,10,5,7,7
gc,hg,tart,trunk/compiler/lib/Gen/Reflector.cpp,clean,cpp,IssueTrue,28879,97,90,3,9,6,9,8,3,9,7,7,7,7,7,5,4,4,5,9,9,9,6,6,6,7,7,5,6,6,6,6,6,6,6,6,6,6,6,6,9,9,9,8,8,9,10,9,9,9,9,9,10,10,9,10,10,8,10,10,8,9,10,8,9,9
gc,hg,tart,trunk/compiler/lib/Lex/Lexer.cpp,clean,cpp,IssueTrue,28879,97,90,3,9,5,10,5,2,10,7,7,7,7,7,5,4,4,5,9,9,9,6,6,6,7,7,5,6,6,6,6,6,6,6,6,6,6,6,6,9,9,9,8,8,9,10,10,10,3,2,3,5,7,4,9,5,6,8,8,6,8,8,4,7,6
gc,hg,tart,trunk/compiler/lib/Objects/Builtins.cpp,clean,cpp,IssueTrue,28879,97,90,3,6,2,6,6,3,6,7,7,7,7,7,5,4,4,5,9,9,9,6,6,7,7,7,5,8,8,7,6,6,6,6,6,6,6,6,6,9,9,9,8,8,9,6,6,5,8,9,7,6,4,5,9,5,6,8,8,8,9,9,6,8,7
gc,hg,tart,trunk/compiler/lib/Objects/Intrinsic.cpp,clean,cpp,IssueTrue,28879,97,90,3,9,9,9,9,5,7,7,7,7,7,7,5,4,4,5,9,9,9,6,6,6,7,7,5,6,6,6,6,6,6,6,6,6,6,6,6,9,9,9,8,8,9,7,7,8,5,5,8,9,8,9,10,10,9,10,10,8,10,10,6,8,8
gc,hg,tart,trunk/compiler/lib/Objects/Operators.cpp,clean,cpp,IssueTrue,28879,97,90,3,9,7,9,6,3,6,7,7,7,7,7,5,4,4,5,9,9,9,6,6,6,7,7,5,6,6,6,6,6,6,6,6,6,6,6,6,9,9,9,8,8,9,7,7,5,7,10,7,8,7,6,6,8,6,6,7,6,6,6,5,6,5
gc,hg,tart,trunk/compiler/lib/Parse/Parser.cpp,clean,cpp,IssueTrue,28879,97,90,3,10,10,10,10,3,10,7,7,7,7,7,5,4,4,5,9,9,9,6,6,6,7,7,5,6,6,6,6,6,6,6,6,6,6,6,6,9,9,9,8,8,9,10,10,10,9,10,10,8,9,10,10,8,3,3,3,4,4,4,2,2,1
gc,hg,tart,trunk/compiler/lib/Sema/AnalyzerBase.cpp,clean,cpp,IssueTrue,28879,97,90,3,9,7,10,8,3,10,7,7,7,7,7,5,4,4,5,9,9,9,6,6,6,7,7,5,6,6,6,6,6,6,6,6,6,6,6,6,9,9,9,8,8,9,10,10,9,8,9,9,9,9,9,10,10,7,9,10,8,9,10,7,8,9
gc,hg,tart,trunk/compiler/lib/Sema/BindingEnv.cpp,clean,cpp,IssueTrue,28879,97,90,3,9,8,9,8,5,9,7,7,7,7,7,5,4,4,5,9,9,9,6,6,6,7,7,5,6,6,6,6,6,6,6,6,6,6,6,6,9,9,9,8,8,9,9,10,9,4,5,7,7,8,7,10,9,8,9,10,10,10,10,7,9,9
gc,hg,tart,trunk/compiler/lib/Sema/CFGPass.cpp,clean,cpp,IssueTrue,28879,97,90,3,7,1,8,8,2,4,7,7,7,7,7,5,4,4,5,9,9,9,6,6,6,7,7,5,6,6,6,6,6,6,6,6,6,6,6,6,9,9,9,8,8,9,8,10,8,7,10,8,7,10,8,7,5,7,7,8,7,8,7,2,4,3
gc,hg,tart,trunk/compiler/lib/Sema/CallCandidate.cpp,clean,cpp,IssueTrue,28879,97,90,3,7,7,8,5,6,10,7,7,7,7,7,5,4,4,5,9,9,9,6,6,6,7,7,5,6,6,6,6,6,6,6,6,6,6,6,6,9,9,9,8,8,9,10,10,7,8,7,6,10,10,7,9,9,7,9,9,7,9,8,7,8,8
gc,hg,tart,trunk/compiler/lib/Sema/ClassAnalyzer.cpp,clean,cpp,IssueTrue,28879,97,90,3,10,9,10,8,4,10,7,7,7,7,7,5,4,4,5,9,9,9,6,6,6,7,7,5,6,6,6,6,6,6,6,6,6,6,6,6,9,9,9,8,8,9,10,10,10,5,8,8,10,10,10,10,10,8,10,10,9,10,10,7,8,8
gc,hg,tart,trunk/compiler/lib/Sema/ConstructorAnalyzer.cpp,clean,cpp,IssueTrue,28879,97,90,3,7,5,7,3,5,10,7,7,7,7,7,5,4,4,5,9,9,9,6,6,6,7,7,5,6,6,6,6,6,6,6,6,6,6,6,6,9,9,9,8,8,9,10,10,6,9,8,4,10,10,6,3,5,10,10,9,8,8,7,8,7,5
gc,hg,tart,trunk/compiler/lib/Sema/DefnAnalyzer.cpp,clean,cpp,IssueTrue,28879,97,90,3,9,5,9,7,3,10,8,8,8,9,9,7,5,5,6,9,9,9,9,9,9,9,9,7,7,7,6,6,7,6,6,6,6,7,7,7,9,9,9,8,8,9,10,10,9,6,8,7,10,9,9,10,10,9,10,10,8,9,9,7,8,8
gc,hg,tart,trunk/compiler/lib/Sema/EnumAnalyzer.cpp,clean,cpp,IssueTrue,28879,97,90,3,8,2,8,6,2,10,8,8,8,10,10,10,10,10,10,9,9,9,9,9,10,10,10,10,7,8,7,6,7,7,7,7,8,7,7,8,9,9,9,8,8,9,9,9,7,7,5,7,10,9,8,9,8,8,9,9,5,6,7,7,8,7
gc,hg,tart,trunk/compiler/lib/Sema/EvalPass.cpp,clean,cpp,IssueTrue,28879,97,90,3,8,2,9,7,2,9,7,7,7,7,7,5,4,4,5,9,9,9,6,6,6,7,7,5,6,6,6,6,6,6,6,6,6,6,6,6,9,9,9,8,8,9,10,10,9,8,10,8,9,9,8,9,8,9,10,10,6,8,8,4,6,6
gc,hg,tart,trunk/compiler/lib/Sema/ExprAnalyzer.cpp,clean,cpp,IssueTrue,28879,97,90,3,10,9,10,9,3,10,7,7,7,7,7,5,4,4,5,9,9,9,6,6,6,7,7,5,6,6,6,6,6,6,6,6,6,6,6,6,9,9,9,8,8,9,10,10,10,8,10,9,10,10,10,10,10,9,10,10,7,9,9,8,9,9
gc,hg,tart,trunk/compiler/lib/Sema/ExprAnalyzerCall.cpp,clean,cpp,IssueTrue,28879,97,90,3,9,6,9,6,3,10,7,7,7,7,7,5,4,4,5,9,9,9,6,6,6,7,7,5,6,6,6,6,6,6,6,6,6,6,6,6,9,9,9,8,8,9,10,10,9,8,7,7,10,10,8,9,8,8,9,9,8,9,9,7,9,8
gc,hg,tart,trunk/compiler/lib/Sema/FinalizeTypesPass.cpp,clean,cpp,IssueTrue,28879,97,90,3,9,8,9,7,5,10,7,7,7,7,7,5,4,4,5,9,9,9,6,6,6,7,7,5,6,6,6,6,6,6,6,6,6,6,6,6,9,9,9,8,8,9,10,10,9,5,6,6,10,10,9,10,10,7,9,9,6,7,8,6,8,8
gc,hg,tart,trunk/compiler/lib/Sema/FindExternalRefsPass.cpp,clean,cpp,IssueTrue,28879,97,90,3,5,1,5,6,2,10,7,7,7,7,7,5,4,4,5,9,9,9,6,6,6,7,7,5,6,6,6,6,6,6,6,6,6,6,6,6,9,9,9,8,8,9,8,9,6,3,4,4,7,8,6,6,9,7,8,8,6,7,7,2,5,4
gc,hg,tart,trunk/compiler/lib/Sema/FoldConstantsPass.cpp,clean,cpp,IssueTrue,28879,97,90,3,4,2,4,3,5,10,7,7,7,7,7,5,4,4,5,9,9,9,6,6,6,7,7,5,6,6,6,6,6,6,6,6,6,6,6,6,9,9,9,8,8,9,10,9,4,3,2,2,10,9,4,6,8,4,4,5,4,4,4,3,4,4
gc,hg,tart,trunk/compiler/lib/Sema/FunctionAnalyzer.cpp,clean,cpp,IssueTrue,28879,97,90,3,9,6,9,5,3,10,7,7,7,7,7,5,4,4,5,9,9,9,6,6,6,7,7,5,6,6,6,6,6,6,6,6,6,6,6,6,9,9,9,8,8,9,10,10,8,6,6,5,10,10,8,9,10,7,9,9,9,10,10,6,8,7
gc,hg,tart,trunk/compiler/lib/Sema/MacroExpansionPass.cpp,clean,cpp,IssueTrue,28879,97,90,3,4,1,4,3,5,7,7,7,7,7,7,5,4,4,5,9,9,9,6,6,6,7,7,5,6,6,6,6,6,6,6,6,6,6,6,6,9,9,9,8,8,9,10,8,3,4,3,2,10,10,5,4,5,4,4,4,4,4,4,4,5,4
gc,hg,tart,trunk/compiler/lib/Sema/NamespaceAnalyzer.cpp,clean,cpp,IssueTrue,28879,97,90,3,4,1,4,4,3,7,7,7,7,7,7,5,4,4,5,9,9,9,6,6,6,7,7,5,6,6,6,6,6,6,6,6,6,6,6,6,9,9,9,8,8,9,9,7,4,3,3,3,9,6,4,6,8,4,4,4,4,4,4,2,4,3
gc,hg,tart,trunk/compiler/lib/Sema/ScopeBuilder.cpp,clean,cpp,IssueTrue,28879,97,90,3,7,2,8,5,2,10,7,7,7,7,7,5,4,4,5,9,9,9,6,6,6,7,7,5,6,6,6,6,6,6,6,6,6,6,6,6,9,9,9,8,8,9,10,10,8,8,9,6,9,7,6,7,8,5,7,6,8,8,8,5,7,5
gc,hg,tart,trunk/compiler/lib/Sema/StmtAnalyzer.cpp,clean,cpp,IssueTrue,28879,97,90,3,10,10,10,9,5,10,7,7,7,9,9,7,5,4,6,9,9,9,8,8,8,9,9,7,8,8,7,7,7,7,7,7,7,7,7,7,9,9,9,8,8,9,10,10,10,9,9,10,10,10,10,10,10,8,10,10,8,9,9,7,9,9
gc,hg,tart,trunk/compiler/lib/Sema/TypeAnalyzer.cpp,clean,cpp,IssueTrue,28879,97,90,3,6,2,6,4,4,7,7,7,7,7,7,5,4,4,5,9,9,9,6,6,6,7,7,5,6,6,6,6,6,6,6,6,6,6,6,6,9,9,9,8,8,9,10,10,6,6,8,4,10,10,6,8,8,6,7,8,6,7,7,4,6,5
gc,hg,tart,trunk/compiler/lib/Sema/TypeInference.cpp,clean,cpp,IssueTrue,28879,97,90,3,9,6,9,8,3,10,7,7,7,7,7,5,4,4,5,9,9,9,6,6,6,7,7,5,6,6,6,6,6,6,6,6,6,6,6,6,9,9,9,8,8,9,9,9,9,6,8,8,9,8,9,8,10,9,10,10,9,10,10,8,9,8
gc,hg,tart,trunk/compiler/lib/Sema/TypeTransform.cpp,clean,cpp,IssueTrue,28879,97,90,3,6,2,7,7,3,7,7,7,7,7,7,5,4,4,5,9,9,9,6,6,6,7,7,5,6,6,6,6,6,6,6,6,6,6,6,6,9,9,9,8,8,9,8,10,7,4,9,6,6,8,6,8,8,6,7,8,8,9,9,8,9,8
gc,hg,tart,trunk/runtime/lib/CoreMemory.c,clean,cpp,IssueTrue,28879,97,90,3,1,1,1,3,3,2,7,7,7,7,7,5,4,4,5,9,9,9,6,6,6,7,7,5,6,6,6,6,6,6,6,6,6,6,6,6,9,9,9,8,8,9,3,3,2,3,2,2,2,2,2,5,8,7,8,7,5,6,6,2,3,2
gc,hg,tart,trunk/runtime/lib/StdFileStream.c,clean,cpp,IssueTrue,28879,97,90,3,4,1,4,5,2,4,7,7,7,7,7,5,4,4,5,9,9,9,6,6,6,7,7,5,6,6,6,6,6,6,6,6,6,6,6,6,9,9,9,8,8,9,7,7,5,3,4,4,3,3,4,2,5,10,9,7,8,7,7,6,5,3
gc,hg,tart,trunk/runtime/lib/tart_eh_personality.c,clean,cpp,IssueTrue,28879,97,90,3,1,1,1,2,1,2,7,7,7,7,7,5,4,4,5,9,9,9,6,6,6,7,7,5,6,6,6,6,6,6,6,6,6,6,6,6,9,9,9,8,8,9,1,1,2,2,1,2,2,1,2,6,8,9,9,9,8,8,8,7,7,6
gc,hg,tart,trunk/test/unit/PrimitiveTypeTest.cpp,clean,cpp,IssueTrue,28879,97,90,3,9,1,9,4,1,2,7,7,7,7,7,5,4,4,5,9,9,9,6,6,6,7,7,5,6,6,6,6,6,6,6,6,6,6,6,6,9,9,9,8,8,9,3,3,3,10,9,7,5,3,3,4,8,3,3,3,4,4,4,10,10,10
gc,hg,tart,trunk/test/unit/UnionTest.cpp,clean,cpp,IssueTrue,28879,97,90,3,4,1,5,5,2,2,7,7,7,9,9,7,4,4,5,9,9,9,9,8,8,9,9,7,9,9,7,6,6,6,6,6,6,6,6,6,10,9,9,8,8,9,3,3,3,4,3,4,10,7,6,2,8,3,3,3,4,4,4,9,7,5
gc,hg,tart,trunk/tools/tartln/ReflectionSizePass.h,clean,cpp,IssueTrue,28879,97,90,3,2,1,2,3,2,2,7,7,7,9,9,7,5,4,6,9,9,9,7,7,7,9,9,7,9,9,7,8,8,8,8,8,7,9,8,8,9,9,9,8,8,9,3,3,2,4,2,2,5,3,2,2,5,5,4,4,4,4,4,3,3,2
gc,hg,tart,trunk/tools/tartln/ReflectorPass.h,clean,cpp,IssueTrue,28879,97,90,3,3,1,3,5,5,2,7,7,7,7,9,7,5,4,6,9,9,9,7,7,8,7,9,7,10,9,9,8,8,8,8,8,8,8,8,9,9,9,9,8,8,9,3,3,3,3,2,3,2,3,3,2,5,9,8,7,4,4,4,7,6,4
gc,hg,tart,trunk/tools/tartln/tartln.cpp,clean,cpp,IssueTrue,28879,97,90,3,9,9,9,5,7,7,7,7,7,7,7,5,4,4,5,9,9,9,6,6,6,7,7,5,6,6,6,6,6,6,6,6,6,6,6,6,9,9,9,8,8,9,10,10,8,9,9,7,10,10,7,8,9,6,7,8,10,10,10,6,7,7
