Host,Vcs,Project,File,Buggy,PL,IssueTracking,TLOC,TNF,TNC,TND,LOC,CL,NStmt,NFunc,RCC,MNL,avg_WMC,max_WMC,total_WMC,avg_DIT,max_DIT,total_DIT,avg_RFC,max_RFC,total_RFC,avg_NOC,max_NOC,total_NOC,avg_CBO,max_CBO,total_CBO,avg_DIT.1,max_DIT.1,total_DIT.1,avg_NIV,max_NIV,total_NIV,avg_NIM,max_NIM,total_NIM,avg_NOM,max_NOM,total_NOM,avg_NPBM,max_NPBM,total_NPBM,avg_NPM,max_NPM,total_NPM,avg_NPRM,max_NPRM,total_NPRM,avg_CC,max_CC,total_CC,avg_FANIN,max_FANIN,total_FANIN,avg_FANOUT,max_FANOUT,total_FANOUT,NRev,NFix,avg_AddedLOC,max_AddedLOC,total_AddedLOC,avg_DeletedLOC,max_DeletedLOC,total_DeletedLOC,avg_ModifiedLOC,max_ModifiedLOC,total_ModifiedLOC
sf,cvs,taverna,taverna/RestfulSBS/src/main/java/uk/org/mygrid/sogsa/sbs/SemanticBindingService.java,buggy,java,IssueFalse,27419,175,25021,33,9,9,9,7,5,10,10,9,9,9,9,8,7,6,5,9,9,9,10,10,9,9,9,8,4,4,3,8,7,6,8,7,6,9,7,7,9,9,9,9,9,9,10,9,9,10,9,9,10,10,9,10,5,10,10,10,10,10,10,10,10,10
sf,cvs,taverna,taverna/RestfulSBS/src/main/java/uk/org/mygrid/sogsa/sbs/semanticAnnotation/OPMGraphAnnotator.java,buggy,java,IssueFalse,27419,175,25021,33,7,5,7,6,4,10,8,6,5,5,5,7,6,5,4,9,9,9,8,9,7,5,5,7,9,9,8,7,7,6,7,6,5,7,6,5,9,9,9,10,10,10,8,8,7,8,7,8,9,8,8,5,5,10,10,10,10,9,9,10,9,9
sf,cvs,taverna,taverna/RestfulSBS/src/main/java/uk/org/mygrid/sogsa/sbs/semanticAnnotation/SemanticServiceRegistry.java,buggy,java,IssueFalse,27419,175,25021,33,5,4,5,4,6,6,5,3,3,5,5,7,3,3,3,9,9,9,6,9,5,5,5,7,7,7,5,5,4,3,4,3,2,6,5,4,9,9,9,8,8,9,8,6,5,6,6,4,9,8,5,3,5,10,10,9,7,6,6,9,7,7
sf,cvs,taverna,taverna/RestfulSBS/src/main/java/uk/org/mygrid/sogsa/sbs/utils/Util.java,buggy,java,IssueFalse,27419,175,25021,33,5,1,5,5,2,6,7,4,4,5,5,7,5,4,4,9,9,9,10,10,8,5,5,7,4,4,3,1,1,1,6,5,4,7,6,5,9,9,9,9,9,9,7,6,6,9,9,7,7,5,6,5,5,10,10,9,4,4,4,2,1,2
sf,cvs,taverna,taverna/mysql-provenance/src/main/java/net/sf/taverna/t2/provenance/connector/MySQLProvenanceConnector.java,clean,java,IssueFalse,27419,175,25021,33,8,6,8,9,3,7,10,8,8,5,5,7,9,8,7,9,9,9,9,10,7,5,5,7,10,9,8,9,9,9,9,9,8,10,9,9,9,9,9,8,8,9,7,9,9,6,9,9,3,5,7,9,5,10,10,10,7,8,8,8,9,9
sf,cvs,taverna,taverna/mysql-provenance/src/main/java/net/sf/taverna/t2/provenance/lineageservice/mysql/MySQLProvenance.java,clean,java,IssueFalse,27419,175,25021,33,5,5,5,7,7,6,7,5,5,5,5,7,7,6,5,9,9,9,8,9,7,5,5,7,8,8,7,8,7,7,8,7,6,9,8,7,9,9,9,9,9,9,5,8,6,4,7,7,3,6,5,9,10,8,8,9,8,8,9,9,9,10
sf,cvs,taverna,taverna/mysql-provenance/src/main/java/net/sf/taverna/t2/provenance/lineageservice/mysql/MySQLProvenanceQuery.java,clean,java,IssueFalse,27419,175,25021,33,9,8,9,9,5,7,10,9,9,5,5,7,9,8,7,9,9,9,9,10,8,5,5,7,6,6,4,9,9,9,9,9,8,10,9,9,9,9,9,10,9,9,8,7,9,6,8,9,9,7,10,10,10,8,8,10,5,6,6,7,8,9
sf,cvs,taverna,taverna/mysql-provenance/src/main/java/net/sf/taverna/t2/provenance/lineageservice/mysql/MySQLProvenanceWriter.java,clean,java,IssueFalse,27419,175,25021,33,6,7,6,8,7,6,8,5,5,5,5,7,7,7,6,9,9,9,8,9,6,5,5,7,6,6,4,8,8,7,8,7,6,10,8,8,9,9,9,8,8,9,5,6,7,7,7,8,4,6,6,9,10,8,9,9,6,7,7,10,10,10
sf,cvs,taverna,taverna/mysql-provenance/src/main/java/net/sf/taverna/t2/provenance/lineageservice/mysql/ProvenanceAnalysis.java,clean,java,IssueFalse,27419,175,25021,33,7,9,8,9,7,10,8,6,7,5,5,8,7,8,8,9,9,9,6,10,8,5,5,8,10,10,10,8,9,9,8,9,8,10,9,9,9,9,9,9,9,9,5,9,8,4,8,9,3,8,7,9,10,7,7,8,7,8,8,8,9,9
sf,cvs,taverna,taverna/obesity-elab-rest-service/src/main/java/uk/org/mygrid/eobesity/obesity_server/Attic/GetSearchFields.java,buggy,java,IssueFalse,27419,175,25021,33,4,7,5,5,9,4,5,3,3,9,9,8,4,4,3,9,9,9,9,10,7,9,9,8,4,4,3,6,5,4,5,4,3,6,5,5,9,9,9,9,9,9,6,6,5,5,6,5,8,7,5,3,5,10,9,9,7,6,6,10,9,8
sf,cvs,taverna,taverna/obesity-elab-rest-service/src/main/java/uk/org/mygrid/eobesity/obesity_server/Attic/RTFSearcher.java,buggy,java,IssueFalse,27419,175,25021,33,7,8,7,6,7,10,8,6,5,5,5,7,5,5,4,9,9,9,10,10,8,5,5,7,7,7,5,6,6,5,6,5,4,8,7,6,9,9,9,8,8,9,9,8,7,5,7,6,7,8,6,3,5,8,6,5,7,6,6,10,9,9
sf,cvs,taverna,taverna/obesity-elab-rest-service/src/main/java/uk/org/mygrid/eobesity/obesity_server/ObesityRESTService.java,clean,java,IssueFalse,27419,175,25021,33,3,1,3,4,4,4,3,2,2,9,9,8,3,3,3,9,9,9,5,9,5,9,9,8,4,4,3,5,4,3,4,3,2,4,3,3,9,9,9,9,9,9,4,4,3,7,7,5,4,3,3,3,5,5,5,4,4,4,4,2,1,2
sf,cvs,taverna,taverna/provenance-testing/src/main/java/net/sf/taverna/t2/lineageService/analysis/test/ProvenanceAnalysisTest.java,clean,java,IssueFalse,27419,175,25021,33,6,5,7,6,5,9,6,5,6,5,5,8,3,4,6,9,9,9,5,10,7,5,5,8,6,7,6,5,5,5,4,4,4,6,6,6,9,9,9,8,8,9,9,10,7,4,7,5,6,10,5,7,9,9,9,8,5,6,6,5,6,7
sf,cvs,taverna,taverna/provenance-testing/src/main/java/net/sf/taverna/t2/lineageService/capture/test/ProvenanceCaptureTestHelper.java,clean,java,IssueFalse,27419,175,25021,33,6,4,6,7,4,7,6,5,5,5,5,8,5,6,7,9,9,9,6,10,8,5,5,8,9,10,9,6,7,7,6,6,6,6,6,7,10,10,10,8,8,9,5,6,7,4,7,7,4,6,6,8,8,7,7,8,9,9,8,8,8,9
sf,cvs,taverna,taverna/t2activities/beanshell-activity/src/main/java/net/sf/taverna/t2/activities/beanshell/BeanshellActivity.java,buggy,java,IssueFalse,27419,175,25021,33,5,5,5,5,6,7,5,3,5,6,9,9,3,4,6,9,9,9,5,9,7,6,9,9,4,6,4,5,5,5,4,4,4,5,5,5,9,9,9,9,9,9,8,8,6,4,7,5,7,9,6,6,8,9,8,8,9,8,8,9,9,9
sf,cvs,taverna,taverna/t2activities/biomoby-activity-ui/src/main/java/net/sf/taverna/t2/activities/biomoby/actions/AddBiomobyRegistryActionHandler.java,clean,java,IssueFalse,27419,175,25021,33,4,1,4,4,2,6,2,2,3,5,9,9,2,3,7,9,9,9,2,9,7,5,9,9,6,7,6,3,4,3,2,3,3,2,2,3,9,10,10,8,8,9,6,6,4,3,6,3,6,5,4,5,5,4,4,3,5,5,5,5,4,5
sf,cvs,taverna,taverna/t2activities/biomoby-activity-ui/src/main/java/net/sf/taverna/t2/activities/biomoby/actions/BiomobyActionHelper.java,clean,java,IssueFalse,27419,175,25021,33,9,7,9,9,3,7,4,6,8,5,5,10,2,5,10,9,9,9,4,10,10,5,5,10,4,7,5,3,6,8,2,6,7,4,6,8,9,9,9,9,9,9,8,9,9,4,8,8,8,10,9,7,8,9,9,8,10,10,10,10,10,10
sf,cvs,taverna,taverna/t2activities/biomoby-activity-ui/src/main/java/net/sf/taverna/t2/activities/biomoby/actions/BiomobyObjectActionHelper.java,clean,java,IssueFalse,27419,175,25021,33,9,6,9,9,3,10,6,5,9,5,9,10,7,10,10,9,9,9,7,10,10,5,9,10,6,9,8,5,7,9,4,6,8,5,7,8,9,9,9,9,10,10,8,10,9,5,8,9,8,9,9,6,8,5,5,5,9,9,9,9,9,9
sf,cvs,taverna,taverna/t2activities/biomoby-activity-ui/src/main/java/net/sf/taverna/t2/activities/biomoby/actions/MobyServiceDetailsAction.java,clean,java,IssueFalse,27419,175,25021,33,2,1,3,3,6,2,2,1,1,9,9,8,7,7,6,9,9,9,6,9,5,9,9,8,7,7,5,3,3,2,2,2,2,4,3,3,9,9,9,8,8,9,3,3,2,5,4,3,8,5,3,5,8,5,5,5,9,8,8,4,4,4
sf,cvs,taverna,taverna/t2activities/biomoby-activity-ui/src/main/java/net/sf/taverna/t2/activities/biomoby/edits/AddBiomobyConsumingServiceEdit.java,buggy,java,IssueFalse,27419,175,25021,33,5,4,5,4,5,4,5,3,3,9,9,8,4,4,3,9,9,9,6,9,6,9,9,8,9,9,8,5,5,3,5,4,3,2,2,2,10,10,10,9,9,9,7,5,5,9,7,6,9,9,6,3,5,4,4,3,4,4,4,5,4,4
sf,cvs,taverna,taverna/t2activities/biomoby-activity/src/main/java/net/sf/taverna/t2/activities/biomoby/BiomobyActivity.java,clean,java,IssueFalse,27419,175,25021,33,10,10,10,9,4,10,10,10,10,6,9,9,7,8,8,9,9,9,10,10,10,6,9,9,8,9,8,8,9,8,7,8,8,5,6,5,10,10,10,10,10,10,10,10,10,9,10,10,10,10,10,9,9,10,10,10,5,6,6,10,10,10
sf,cvs,taverna,taverna/t2activities/biomoby-activity/src/main/java/net/sf/taverna/t2/activities/biomoby/BiomobyObjectActivity.java,clean,java,IssueFalse,27419,175,25021,33,8,4,8,7,2,10,9,7,8,6,9,9,5,6,7,9,9,9,7,9,8,6,9,9,6,7,6,6,7,6,5,7,6,5,5,5,10,10,10,9,10,10,10,10,9,7,7,8,8,10,8,6,8,7,6,6,4,4,4,3,4,4
sf,cvs,taverna,taverna/t2activities/biomoby-activity/src/main/java/net/sf/taverna/t2/activities/biomoby/MobyParseDatatypeActivity.java,clean,java,IssueFalse,27419,175,25021,33,8,4,8,6,2,10,9,8,9,6,9,9,4,5,6,9,9,9,7,9,8,6,9,9,6,7,6,5,6,5,5,6,5,4,4,4,9,9,9,10,10,10,10,10,9,7,7,7,9,10,8,3,5,3,3,2,4,4,4,3,3,3
sf,cvs,taverna,taverna/t2core-extensions/activities/wsdl-activity/src/main/java/net/sf/taverna/t2/activities/wsdl/WSDLActivity.java,clean,java,IssueFalse,27419,175,25021,33,7,6,7,7,5,9,7,5,6,6,9,9,4,5,6,9,9,9,8,9,9,6,9,9,7,8,7,5,6,6,5,6,5,6,6,6,9,9,9,9,9,9,8,8,7,7,8,7,7,8,7,3,8,3,3,2,4,4,4,3,3,3
sf,cvs,taverna,taverna/t2core/platform-taverna-api/src/main/java/net/sf/taverna/t2/platform/taverna/Attic/Enactor.java,clean,java,IssueFalse,27419,175,25021,33,1,6,1,4,10,2,2,2,2,1,1,5,1,1,1,10,10,10,2,7,3,1,1,5,4,4,3,5,4,3,4,3,2,1,1,1,9,9,9,8,8,9,3,3,3,1,2,2,1,2,2,6,5,9,8,8,5,5,5,6,6,7
sf,cvs,taverna,taverna/t2core/platform-taverna-api/src/main/java/net/sf/taverna/t2/platform/taverna/Attic/TavernaBaseProfile.java,clean,java,IssueFalse,27419,175,25021,33,3,6,3,6,9,2,5,3,3,9,9,8,6,5,4,9,9,9,1,7,2,9,9,8,4,4,3,7,6,5,7,6,5,9,7,7,9,9,9,8,8,9,3,3,4,1,3,2,2,2,4,5,5,8,7,7,4,4,4,2,3,3
sf,cvs,taverna,taverna/t2core/platform-taverna-api/src/main/java/net/sf/taverna/t2/platform/taverna/Attic/WorkflowParser.java,clean,java,IssueFalse,27419,175,25021,33,1,3,1,3,10,2,2,2,1,1,1,5,1,1,1,10,10,10,2,7,3,1,1,5,4,4,3,4,4,3,3,3,2,1,1,1,9,9,9,8,8,9,3,3,3,1,2,2,1,2,2,5,5,8,6,7,4,4,4,2,1,2
sf,cvs,taverna,taverna/t2core/platform-taverna-impl/src/main/java/net/sf/taverna/t2/platform/taverna/impl/Attic/EnactorImpl.java,buggy,java,IssueFalse,27419,175,25021,33,5,1,5,5,2,6,3,4,4,5,5,9,2,4,7,9,9,9,4,9,8,5,5,9,7,8,8,4,5,5,2,5,4,4,6,6,9,9,9,8,8,9,7,7,6,6,7,6,5,4,5,6,5,10,9,9,7,7,7,4,5,5
sf,cvs,taverna,taverna/t2core/platform-taverna-impl/src/main/java/net/sf/taverna/t2/platform/taverna/impl/Attic/WorkflowParserImpl.java,clean,java,IssueFalse,27419,175,25021,33,4,1,4,4,2,7,5,3,3,5,5,7,3,3,3,9,9,9,7,9,6,5,5,7,6,6,4,5,4,3,4,3,2,6,5,4,9,9,9,8,8,9,7,6,4,6,7,5,5,3,3,7,5,8,8,8,5,6,6,2,4,4
sf,cvs,taverna,taverna/t2core/platform-taverna-impl/src/main/java/net/sf/taverna/t2/platform/taverna/impl/Attic/WorkflowXMLRendererImpl.java,clean,java,IssueFalse,27419,175,25021,33,3,1,3,4,3,4,3,2,2,5,5,7,3,3,3,9,9,9,6,9,6,5,5,7,6,6,4,5,4,3,4,3,2,6,5,4,9,9,9,8,8,9,4,4,3,3,4,3,4,5,3,3,5,3,3,2,7,6,6,2,1,2
sf,cvs,taverna,taverna/t2core/provenanceconnector-impl/src/main/java/net/sf/taverna/t2/provenance/connector/InMemoryProvenanceConnector.java,clean,java,IssueFalse,27419,175,25021,33,6,4,6,9,5,6,9,6,6,5,5,7,9,8,7,9,9,9,8,9,6,5,5,7,10,10,9,9,9,9,9,9,8,10,9,9,9,9,9,8,8,9,4,6,7,2,5,6,2,6,5,10,5,9,9,10,8,9,9,9,9,10
sf,cvs,taverna,taverna/t2core/provenanceconnector-impl/src/main/java/net/sf/taverna/t2/provenance/lineageservice/EventProcessor.java,clean,java,IssueFalse,27419,175,25021,33,9,10,9,8,7,9,10,9,9,5,5,7,7,7,6,9,9,9,10,10,8,5,5,7,10,9,8,8,8,7,8,7,6,9,7,7,9,9,9,10,10,10,10,10,9,9,9,9,10,10,9,10,10,10,10,10,10,10,10,10,10,10
sf,cvs,taverna,taverna/t2core/workflowmodel-api/src/main/java/net/sf/taverna/t2/facade/WorkflowInstanceFacade.java,buggy,java,IssueFalse,27419,175,25021,33,2,7,2,6,10,2,5,3,3,1,1,5,1,1,1,10,10,10,4,8,4,1,1,5,4,4,3,7,6,5,6,5,4,8,7,6,9,9,9,8,8,9,3,3,4,2,3,4,1,2,2,6,5,8,7,8,8,8,8,2,1,2
sf,cvs,taverna,taverna/t2core/workflowmodel-api/src/main/java/net/sf/taverna/t2/invocation/InvocationContext.java,buggy,java,IssueFalse,27419,175,25021,33,1,5,1,3,10,2,2,2,1,9,9,8,3,3,2,10,10,10,1,6,2,9,9,8,4,4,3,4,4,3,3,3,2,5,4,3,9,9,9,8,8,9,3,3,3,10,9,6,1,2,2,8,5,8,8,8,8,8,8,3,4,6
sf,cvs,taverna,taverna/t2core/workflowmodel-api/src/main/java/net/sf/taverna/t2/monitor/Attic/Monitor.java,clean,java,IssueFalse,27419,175,25021,33,1,4,1,1,10,2,1,1,1,5,5,7,3,3,2,10,10,10,1,6,1,5,5,7,4,4,3,1,1,1,1,1,1,1,1,1,9,9,9,8,8,9,1,1,2,1,2,2,1,1,2,5,5,7,6,6,10,10,10,8,7,7
sf,cvs,taverna,taverna/t2core/workflowmodel-api/src/main/java/net/sf/taverna/t2/workflowmodel/Edits.java,clean,java,IssueFalse,27419,175,25021,33,6,10,5,10,10,2,10,8,8,1,1,5,10,9,8,10,10,10,7,9,6,1,1,5,4,4,3,10,10,10,10,10,10,10,10,10,9,9,9,8,8,9,3,3,9,1,3,5,1,2,6,9,9,9,9,10,7,8,8,6,7,9
sf,cvs,taverna,taverna/t2core/workflowmodel-api/src/main/java/net/sf/taverna/t2/workflowmodel/processor/activity/AbstractActivity.java,clean,java,IssueFalse,27419,175,25021,33,4,7,4,7,9,7,7,4,4,9,9,8,6,6,5,9,9,9,7,9,6,9,9,8,8,8,7,8,7,6,7,6,5,7,6,5,10,10,10,8,8,9,5,6,6,4,7,6,3,7,5,7,5,8,7,8,7,6,7,9,9,9
sf,cvs,taverna,taverna/t2core/workflowmodel-api/src/main/java/net/sf/taverna/t2/workflowmodel/processor/activity/ActivityConfigurationException.java,clean,java,IssueFalse,27419,175,25021,33,1,3,1,3,10,2,2,2,1,9,9,8,3,3,2,9,9,9,1,7,2,9,9,8,4,4,3,4,4,3,3,3,2,5,4,3,9,9,9,8,8,9,3,3,3,7,6,4,1,2,2,3,5,4,4,3,4,4,4,6,4,4
sf,cvs,taverna,taverna/t2core/workflowmodel-api/src/main/java/net/sf/taverna/t2/workflowmodel/processor/activity/config/ActivityInputPortDefinitionBean.java,clean,java,IssueFalse,27419,175,25021,33,2,2,2,5,8,4,4,2,2,9,9,8,4,4,3,9,9,9,2,7,3,9,9,8,8,7,6,6,5,4,5,4,3,7,6,5,9,9,9,8,8,9,4,4,4,3,3,4,2,2,3,3,5,6,5,4,6,5,5,7,5,5
sf,cvs,taverna,taverna/t2core/workflowmodel-api/src/main/java/net/sf/taverna/t2/workflowmodel/processor/dispatch/AbstractDispatchLayer.java,buggy,java,IssueFalse,27419,175,25021,33,3,2,3,6,6,4,6,4,3,5,5,7,5,5,4,10,10,10,4,8,4,5,5,7,6,6,4,7,6,5,6,5,4,7,6,5,10,10,10,8,8,9,5,4,5,8,9,7,2,2,3,3,5,3,3,2,6,5,5,2,1,2
sf,cvs,taverna,taverna/t2core/workflowmodel-api/src/main/java/net/sf/taverna/t2/workflowmodel/processor/dispatch/AbstractErrorHandlerLayer.java,buggy,java,IssueFalse,27419,175,25021,33,5,8,5,7,9,7,6,5,5,6,9,9,6,8,7,10,10,10,4,9,7,6,9,9,6,6,5,6,7,6,6,7,6,5,5,5,10,10,10,9,9,9,6,6,7,5,5,7,4,4,5,6,8,7,7,6,7,7,7,4,5,5
sf,cvs,taverna,taverna/t2core/workflowmodel-api/src/main/java/net/sf/taverna/t2/workflowmodel/processor/dispatch/DispatchLayer.java,buggy,java,IssueFalse,27419,175,25021,33,1,6,2,5,10,2,4,2,2,9,9,8,5,4,4,10,10,10,4,8,4,9,9,8,4,4,3,6,5,4,5,5,4,7,6,5,9,9,9,8,8,9,3,3,4,8,7,6,1,1,2,3,5,4,3,3,9,8,7,5,4,4
sf,cvs,taverna,taverna/t2core/workflowmodel-api/src/main/java/net/sf/taverna/t2/workflowmodel/processor/iteration/CompletionHandlingAbstractIterationStrategyNode.java,clean,java,IssueFalse,27419,175,25021,33,4,5,4,6,8,6,4,3,4,6,9,9,3,4,6,10,10,10,2,8,4,6,9,9,6,7,6,5,5,5,4,5,4,2,3,3,10,10,10,9,9,9,6,5,6,5,7,6,4,4,4,3,8,9,7,6,4,4,4,2,1,2
sf,cvs,taverna,taverna/t2core/workflowmodel-api/src/main/java/net/sf/taverna/t2/workflowmodel/processor/iteration/CrossProduct.java,clean,java,IssueFalse,27419,175,25021,33,4,4,4,4,6,7,6,4,4,10,10,9,6,6,5,9,9,9,6,9,6,10,10,9,6,6,4,5,5,3,5,4,3,5,4,3,10,9,9,9,9,9,8,7,5,3,4,4,6,5,4,3,8,9,7,6,4,4,4,2,1,2
sf,cvs,taverna,taverna/t2core/workflowmodel-api/src/main/java/net/sf/taverna/t2/workflowmodel/processor/iteration/DotProduct.java,clean,java,IssueFalse,27419,175,25021,33,3,4,4,4,7,6,5,3,3,10,10,9,6,5,4,10,10,10,4,8,4,10,10,9,6,6,4,5,4,3,4,3,2,5,4,3,10,9,9,8,8,9,8,7,5,3,4,3,6,7,4,3,8,9,7,6,4,4,4,2,1,2
sf,cvs,taverna,taverna/t2core/workflowmodel-impl/src/main/java/net/sf/taverna/t2/facade/impl/WorkflowInstanceFacadeImpl.java,buggy,java,IssueFalse,27419,175,25021,33,7,3,7,7,3,7,7,6,7,5,5,8,4,5,7,9,9,9,9,10,9,5,5,8,9,10,9,6,7,6,5,6,5,6,7,7,9,9,9,9,9,9,9,8,8,8,8,8,8,8,7,10,5,10,10,10,10,10,10,10,10,10
sf,cvs,taverna,taverna/t2core/workflowmodel-impl/src/main/java/net/sf/taverna/t2/workflowmodel/impl/BasicEventForwardingOutputPort.java,buggy,java,IssueFalse,27419,175,25021,33,3,4,3,5,8,4,5,3,3,9,9,8,5,4,4,10,10,10,2,8,3,9,9,8,6,6,4,6,6,5,6,5,4,5,4,3,10,10,10,8,8,9,4,4,4,7,6,6,2,3,3,5,5,8,7,6,4,4,4,3,4,4
sf,cvs,taverna,taverna/t2core/workflowmodel-impl/src/main/java/net/sf/taverna/t2/workflowmodel/impl/DataflowImpl.java,buggy,java,IssueFalse,27419,175,25021,33,8,9,8,9,7,9,10,9,9,9,9,8,9,8,7,9,9,9,10,10,8,9,9,8,9,9,8,9,9,9,9,9,8,9,8,8,10,10,10,9,9,9,8,9,9,4,7,9,5,8,8,7,8,8,7,8,8,8,8,9,9,9
sf,cvs,taverna,taverna/t2core/workflowmodel-impl/src/main/java/net/sf/taverna/t2/workflowmodel/impl/DataflowInputPortImpl.java,buggy,java,IssueFalse,27419,175,25021,33,3,3,3,5,7,4,5,3,3,9,9,8,5,4,4,9,9,9,3,8,3,9,9,8,8,7,6,6,6,5,6,5,4,6,5,5,9,9,9,8,8,9,4,5,4,5,6,6,3,4,4,5,5,8,7,6,4,4,4,2,1,2
sf,cvs,taverna,taverna/t2core/workflowmodel-impl/src/main/java/net/sf/taverna/t2/workflowmodel/impl/DataflowOutputPortImpl.java,buggy,java,IssueFalse,27419,175,25021,33,3,3,3,6,7,4,3,2,3,9,10,9,5,6,7,9,9,9,2,8,5,9,10,9,6,7,6,5,5,5,4,5,4,5,5,5,9,9,9,8,8,9,4,5,5,5,5,6,3,4,4,5,5,7,7,6,4,4,4,2,3,3
sf,cvs,taverna,taverna/t2core/workflowmodel-impl/src/main/java/net/sf/taverna/t2/workflowmodel/impl/DefaultDispatchStackEdit.java,clean,java,IssueFalse,27419,175,25021,33,4,2,4,4,4,10,5,3,3,9,9,8,3,3,3,9,9,9,8,9,7,9,9,8,7,7,5,5,4,3,4,3,2,2,2,2,10,10,10,9,9,9,8,8,5,8,7,5,6,5,4,9,8,7,8,8,7,7,7,6,7,8
sf,cvs,taverna,taverna/t2core/workflowmodel-impl/src/main/java/net/sf/taverna/t2/workflowmodel/impl/EditsImpl.java,clean,java,IssueFalse,27419,175,25021,33,8,4,7,10,3,4,10,8,8,5,5,7,10,10,8,9,9,9,10,10,9,5,5,7,4,4,3,10,10,10,10,10,10,10,10,10,9,9,9,8,8,9,3,4,9,4,5,10,2,5,7,9,9,8,8,9,7,8,8,9,10,10
sf,cvs,taverna,taverna/t2core/workflowmodel-impl/src/main/java/net/sf/taverna/t2/workflowmodel/impl/MergeImpl.java,buggy,java,IssueFalse,27419,175,25021,33,5,5,5,6,6,6,8,5,5,5,5,7,6,5,4,9,9,9,7,9,6,5,5,7,8,8,7,7,6,5,7,6,5,8,6,6,10,9,9,9,9,9,7,8,7,5,5,6,5,8,5,6,8,10,9,9,7,7,7,4,5,5
sf,cvs,taverna,taverna/t2core/workflowmodel-impl/src/main/java/net/sf/taverna/t2/workflowmodel/impl/ProcessorCrystalizerImpl.java,buggy,java,IssueFalse,27419,175,25021,33,3,4,3,4,8,4,4,2,2,9,9,8,4,4,3,9,9,9,7,9,6,9,9,8,6,6,4,5,4,3,4,3,2,5,4,3,10,9,9,8,8,9,6,5,4,4,5,4,7,5,4,3,8,9,7,6,4,4,4,2,1,2
sf,cvs,taverna,taverna/t2core/workflowmodel-impl/src/main/java/net/sf/taverna/t2/workflowmodel/impl/ProcessorImpl.java,buggy,java,IssueFalse,27419,175,25021,33,7,7,7,9,6,7,6,6,7,5,9,9,5,6,8,9,9,9,8,10,10,5,9,9,8,10,9,6,7,8,6,7,7,6,7,7,10,10,10,8,8,9,6,8,8,5,6,8,4,7,7,7,5,6,7,6,4,4,4,4,4,5
sf,cvs,taverna,taverna/t2core/workflowmodel-impl/src/main/java/net/sf/taverna/t2/workflowmodel/impl/ProcessorOutputPortImpl.java,buggy,java,IssueFalse,27419,175,25021,33,2,3,2,3,10,2,2,2,1,10,10,9,6,5,4,9,9,9,2,7,3,10,10,9,6,6,4,4,4,3,3,3,2,2,2,2,10,10,10,8,8,9,3,3,3,5,5,4,2,3,2,3,5,3,3,2,4,4,4,3,3,3
sf,cvs,taverna,taverna/t2core/workflowmodel-impl/src/main/java/net/sf/taverna/t2/workflowmodel/processor/iteration/impl/IterationStrategyImpl.java,buggy,java,IssueFalse,27419,175,25021,33,7,6,7,8,5,7,8,7,7,6,9,9,6,7,7,9,9,9,8,10,9,6,9,9,7,8,7,7,8,8,7,7,7,8,7,8,10,10,10,9,9,10,7,7,8,5,6,8,5,7,7,5,8,8,7,6,4,4,4,2,1,2
sf,cvs,taverna,taverna/t2core/workflowmodel-impl/src/main/java/net/sf/taverna/t2/workflowmodel/serialization/xml/AbstractXMLDeserializer.java,clean,java,IssueFalse,27419,175,25021,33,5,3,5,4,5,9,6,4,4,5,5,7,3,3,3,10,10,10,5,9,5,5,5,7,6,6,4,5,4,3,4,3,2,1,1,1,10,10,10,8,8,9,9,6,5,9,7,6,9,6,5,9,8,9,9,10,9,9,9,9,10,10
sf,cvs,taverna,taverna/t2core/workflowmodel-impl/src/main/java/net/sf/taverna/t2/workflowmodel/serialization/xml/DispatchLayerXMLDeserializer.java,clean,java,IssueFalse,27419,175,25021,33,3,2,3,3,7,6,3,2,2,9,9,8,5,4,4,9,9,9,7,9,6,9,9,8,4,4,3,3,3,2,3,3,2,4,3,3,9,9,9,9,9,9,6,6,3,7,7,4,6,5,3,6,5,8,7,7,7,7,7,9,8,8
sf,cvs,taverna,taverna/t2core/workflowmodel-impl/src/main/java/net/sf/taverna/t2/workflowmodel/serialization/xml/DispatchLayerXMLSerializer.java,clean,java,IssueFalse,27419,175,25021,33,2,2,2,3,7,4,2,2,2,9,9,8,3,3,2,9,9,9,1,7,2,9,9,8,4,4,3,3,3,2,3,3,2,4,3,3,9,9,9,9,9,9,4,4,3,8,6,5,5,3,3,5,5,8,7,7,4,4,4,8,7,7
sf,cvs,taverna,taverna/t2core/workflowmodel-impl/src/main/java/net/sf/taverna/t2/workflowmodel/serialization/xml/DispatchStackXMLDeserializer.java,clean,java,IssueFalse,27419,175,25021,33,2,2,2,3,7,4,2,2,2,9,9,8,5,4,4,9,9,9,5,9,5,9,9,8,4,4,3,3,3,2,3,3,2,4,3,3,9,9,9,9,9,9,4,4,3,5,6,3,3,3,3,5,5,8,7,7,4,4,4,7,6,6
sf,cvs,taverna,taverna/t2core/workflowmodel-impl/src/main/java/net/sf/taverna/t2/workflowmodel/serialization/xml/DispatchStackXMLSerializer.java,clean,java,IssueFalse,27419,175,25021,33,2,2,2,3,8,4,2,2,2,9,9,8,3,3,2,9,9,9,2,7,3,9,9,8,4,4,3,3,3,2,3,3,2,4,3,3,10,9,9,8,8,9,4,4,3,5,5,4,3,3,3,5,5,8,7,6,4,4,4,6,6,6
sf,cvs,taverna,taverna/t2infrastructure/platform-core/src/main/java/net/sf/taverna/t2/platform/plugin/InstanceRegistry.java,buggy,java,IssueFalse,27419,175,25021,33,4,3,4,5,4,7,5,4,4,5,5,8,3,4,6,9,9,9,5,10,8,5,5,8,6,7,5,4,5,4,3,4,4,4,5,5,9,9,9,9,9,9,8,8,6,8,8,7,5,5,4,5,8,4,5,4,4,4,4,7,6,6
sf,cvs,taverna,taverna/t2infrastructure/platform-core/src/main/java/net/sf/taverna/t2/platform/plugin/generated/impl/PluginDescriptionImpl.java,clean,java,IssueFalse,27419,175,25021,33,6,1,6,9,1,4,8,6,6,5,5,7,8,8,6,9,9,9,2,8,3,5,5,7,10,10,10,9,9,8,9,8,7,10,9,9,9,9,9,8,8,9,4,4,7,2,2,6,2,3,5,6,9,3,3,3,7,7,7,10,10,10
sf,cvs,taverna,taverna/t2infrastructure/platform-core/src/main/java/net/sf/taverna/t2/platform/plugin/impl/PluginManagerImpl.java,clean,java,IssueFalse,27419,175,25021,33,8,5,8,8,3,7,7,8,8,9,10,10,9,10,10,9,9,9,6,10,9,9,10,10,8,9,9,6,8,8,5,7,7,6,8,8,9,9,9,9,9,9,8,8,9,7,9,9,7,8,8,8,9,6,6,7,5,5,6,4,5,6
sf,cvs,taverna,taverna/t2infrastructure/platform-core/src/main/java/net/sf/taverna/t2/platform/raven/impl/RavenImpl.java,clean,java,IssueFalse,27419,175,25021,33,7,5,7,6,4,10,7,7,6,5,5,8,4,5,6,9,9,9,3,9,6,5,5,8,8,9,8,5,6,6,5,6,5,6,6,6,9,9,9,9,9,9,9,9,8,7,8,7,7,9,7,9,10,9,9,9,5,5,5,4,6,7
sf,cvs,taverna,taverna/t2infrastructure/platform-core/src/main/java/net/sf/taverna/t2/platform/raven/ui/impl/DependencyGraphBuilderImpl.java,clean,java,IssueFalse,27419,175,25021,33,7,7,7,7,6,10,8,6,7,5,5,8,4,5,7,9,9,9,4,9,7,5,5,8,8,7,8,6,6,6,5,6,5,4,5,4,9,9,9,10,10,10,9,9,8,8,8,8,8,8,7,5,9,10,8,8,5,5,5,10,9,9
sf,cvs,taverna,taverna/t2infrastructure/platform-core/src/main/java/net/sf/taverna/t2/platform/ui/Attic/AbstractListComponent.java,clean,java,IssueFalse,27419,175,25021,33,8,8,7,9,6,9,3,6,7,5,10,10,10,10,10,9,9,9,2,10,10,5,10,10,6,9,9,4,7,8,2,7,8,2,4,7,10,10,10,9,9,9,6,8,8,5,8,8,4,9,7,6,5,9,9,8,6,6,6,6,6,7
sf,cvs,taverna,taverna/t2infrastructure/platform-core/src/main/java/net/sf/taverna/t2/platform/ui/UIBuilder.java,clean,java,IssueFalse,27419,175,25021,33,6,4,6,4,4,10,8,6,6,5,5,7,3,3,3,9,9,9,10,10,9,5,5,7,4,4,3,1,1,1,4,3,2,4,3,3,9,9,9,9,9,9,10,10,7,9,7,6,10,9,6,6,8,6,5,6,4,4,4,5,5,6
sf,cvs,taverna,taverna/t2infrastructure/platform-core/src/main/java/net/sf/taverna/t2/platform/util/download/impl/DownloadJob.java,buggy,java,IssueFalse,27419,175,25021,33,6,5,6,6,5,7,7,6,6,5,5,8,4,5,6,9,9,9,4,9,6,5,5,8,8,9,8,5,6,6,5,6,5,5,5,5,9,9,9,9,9,9,8,8,7,6,7,7,5,8,6,7,9,6,6,7,5,5,5,3,4,5
sf,cvs,taverna,taverna/t2infrastructure/platform-core/src/test/java/net/sf/taverna/t2/platform/ui/Attic/Application.java,clean,java,IssueFalse,27419,175,25021,33,2,1,2,2,4,2,1,1,1,5,5,7,2,2,2,9,9,9,8,9,7,5,5,7,4,4,3,1,1,1,2,2,1,2,2,2,9,9,9,8,8,9,3,3,2,2,2,2,10,5,3,3,5,4,4,3,4,4,4,7,5,5
sf,cvs,taverna,taverna/t2infrastructure/platform-spring/src/main/java/net/sf/taverna/t2/platform/spring/AbstractPlatformFactoryBean.java,clean,java,IssueFalse,27419,175,25021,33,3,1,3,5,2,7,5,3,3,5,5,7,4,4,3,10,10,10,6,9,5,5,5,7,6,6,4,6,5,4,5,4,3,6,5,4,10,10,10,8,8,9,6,6,5,3,5,4,4,4,3,3,8,3,3,2,8,6,6,2,1,2
sf,cvs,taverna,taverna/t2infrastructure/platform-spring/src/main/java/net/sf/taverna/t2/platform/spring/PluginManagerBeanDefinitionParser.java,clean,java,IssueFalse,27419,175,25021,33,3,3,3,3,6,7,4,3,2,9,9,8,2,2,2,9,9,9,4,8,4,9,9,8,4,4,3,3,3,2,2,2,2,1,1,1,10,10,10,8,8,9,9,7,4,2,3,2,6,5,3,5,8,4,4,4,9,8,8,9,8,7
sf,cvs,taverna,taverna/t2infrastructure/platform-spring/src/main/java/net/sf/taverna/t2/platform/spring/PluginManagerFactoryBean.java,clean,java,IssueFalse,27419,175,25021,33,5,3,5,7,5,6,7,5,4,9,9,8,8,7,6,9,9,9,8,9,6,9,9,8,10,9,8,8,7,6,7,7,5,9,8,7,9,9,9,8,8,9,5,6,6,3,7,6,3,6,5,9,9,6,6,7,6,6,7,4,4,7
sf,cvs,taverna,taverna/t2infrastructure/platform-spring/src/main/java/net/sf/taverna/t2/platform/spring/RavenAwareListableBeanFactory.java,clean,java,IssueFalse,27419,175,25021,33,5,6,4,4,7,9,7,4,4,9,9,8,3,3,3,9,9,9,4,8,4,9,9,8,6,6,4,5,4,3,4,3,2,2,2,2,10,10,10,8,8,9,9,9,6,8,7,5,9,8,5,7,8,9,9,9,9,8,8,7,6,8
sf,cvs,taverna,taverna/t2workbench/application/src/main/java/net/sf/taverna/t2/ui/application/Attic/Application.java,clean,java,IssueFalse,27419,175,25021,33,2,1,2,2,1,4,2,1,1,5,5,7,2,2,2,9,9,9,7,9,6,5,5,7,4,4,3,1,1,1,2,2,1,2,2,2,9,9,9,8,8,9,6,4,2,2,2,2,8,4,3,5,5,6,5,5,5,5,5,10,9,9
sf,cvs,taverna,taverna/t2workbench/net.sf.taverna.t2.ui.ui-impl/menu-impl/src/main/java/net/sf/taverna/t2/ui/menu/impl/Attic/MenuManagerImpl.java,clean,java,IssueFalse,27419,175,25021,33,8,9,8,9,7,9,8,9,9,5,5,9,6,8,8,9,9,9,6,10,9,5,5,9,8,10,9,7,9,9,7,9,8,6,8,8,10,10,10,9,10,10,8,9,9,6,7,9,6,8,9,5,5,8,7,7,9,8,8,9,9,8
sf,cvs,taverna,taverna/t2workbench/net.sf.taverna.t2.ui.ui-impl/workbench-impl/src/main/java/net/sf/taverna/t2/ui/workbench/impl/Attic/WorkbenchImpl.java,clean,java,IssueFalse,27419,175,25021,33,4,1,4,6,1,4,6,4,3,5,5,7,5,5,4,9,9,9,4,8,4,5,5,7,9,9,8,7,6,5,6,5,4,8,6,6,10,9,9,8,8,9,5,5,5,4,5,5,3,5,4,7,5,9,8,9,8,8,8,8,8,8
sf,cvs,taverna,taverna/taverna1.0/examples/workflowlauncher/src/main/java/net/sf/taverna/example/WorkflowLauncherWrapper.java,clean,java,IssueFalse,27419,175,25021,33,7,9,7,6,9,6,8,6,5,5,5,7,6,5,4,9,9,9,9,10,8,5,5,7,8,8,7,7,6,5,7,6,5,4,3,3,10,10,10,9,9,9,7,7,7,5,5,6,7,6,6,6,5,4,5,4,4,4,4,4,4,5
sf,cvs,taverna,taverna/taverna1.0/taverna-biomoby/src/main/java/org/biomoby/client/taverna/plugin/BiomobyTask.java,buggy,java,IssueFalse,27419,175,25021,33,10,10,10,7,5,10,10,10,10,5,5,7,7,6,5,9,9,9,10,10,10,5,5,7,8,7,6,8,7,6,7,7,5,4,3,3,9,9,9,10,10,10,10,10,10,10,9,9,10,10,10,3,9,3,3,2,4,4,4,2,1,2
