Host,Vcs,Project,File,Buggy,PL,IssueTracking,TLOC,TNF,TNC,TND,LOC,CL,NStmt,NFunc,RCC,MNL,avg_WMC,max_WMC,total_WMC,avg_DIT,max_DIT,total_DIT,avg_RFC,max_RFC,total_RFC,avg_NOC,max_NOC,total_NOC,avg_CBO,max_CBO,total_CBO,avg_DIT.1,max_DIT.1,total_DIT.1,avg_NIV,max_NIV,total_NIV,avg_NIM,max_NIM,total_NIM,avg_NOM,max_NOM,total_NOM,avg_NPBM,max_NPBM,total_NPBM,avg_NPM,max_NPM,total_NPM,avg_NPRM,max_NPRM,total_NPRM,avg_CC,max_CC,total_CC,avg_FANIN,max_FANIN,total_FANIN,avg_FANOUT,max_FANOUT,total_FANOUT,NRev,NFix,avg_AddedLOC,max_AddedLOC,total_AddedLOC,avg_DeletedLOC,max_DeletedLOC,total_DeletedLOC,avg_ModifiedLOC,max_ModifiedLOC,total_ModifiedLOC
gc,hg,textgrounder,java/opennlp/textgrounder/annealers/Annealer.java,buggy,java,IssueTrue,2615,36,470,9,6,8,5,5,10,9,5,6,5,6,5,4,4,4,3,10,10,10,5,5,4,6,5,4,10,10,10,6,6,5,6,5,5,6,6,5,9,9,9,7,7,7,6,6,5,8,7,6,7,8,6,9,5,8,10,9,6,7,7,3,7,6
gc,hg,textgrounder,java/opennlp/textgrounder/annealers/MaximumPosteriorDecoder.java,clean,java,IssueTrue,2615,36,470,9,4,3,3,4,8,9,5,6,5,9,9,7,6,5,4,9,9,9,3,3,3,9,9,7,6,6,7,5,4,4,4,3,4,6,5,4,8,8,8,7,7,7,7,7,4,4,3,3,3,2,3,6,5,7,7,7,7,7,7,2,5,4
gc,hg,textgrounder,java/opennlp/textgrounder/annealers/SimulatedAnnealer.java,clean,java,IssueTrue,2615,36,470,9,4,4,3,3,8,9,5,5,5,9,9,7,5,5,4,9,9,9,4,3,3,9,9,7,4,4,6,3,3,3,2,2,2,4,3,3,8,8,8,7,7,7,9,8,4,6,4,3,4,3,3,5,5,6,6,6,8,7,7,3,5,4
gc,hg,textgrounder,java/opennlp/textgrounder/gazetteers/Gazetteer.java,buggy,java,IssueTrue,2615,36,470,9,2,9,1,3,10,3,2,2,2,9,9,7,2,2,2,10,10,10,5,5,4,9,9,7,4,4,6,3,3,3,2,2,2,4,3,3,8,8,8,7,7,7,3,3,2,4,3,3,3,2,2,3,5,5,5,5,5,5,5,5,5,4
gc,hg,textgrounder,java/opennlp/textgrounder/gazetteers/TRGazetteer.java,buggy,java,IssueTrue,2615,36,470,9,8,10,8,4,10,9,8,8,8,10,10,8,5,4,4,9,9,9,9,9,8,10,10,8,7,7,7,6,5,5,5,4,4,5,4,3,9,9,9,9,8,8,10,9,7,7,6,5,9,9,7,9,9,10,10,10,6,6,6,8,9,9
gc,hg,textgrounder,java/opennlp/textgrounder/gazetteers/WGGazetteer.java,clean,java,IssueTrue,2615,36,470,9,9,8,8,5,7,9,8,9,8,10,10,8,6,5,4,9,9,9,10,10,9,10,10,8,7,7,7,7,6,6,7,6,6,7,6,5,9,9,9,9,8,8,9,9,7,6,6,5,9,10,8,6,8,7,7,7,6,6,6,5,5,6
gc,hg,textgrounder,java/opennlp/textgrounder/geo/BaseApp.java,buggy,java,IssueTrue,2615,36,470,9,3,4,3,2,9,3,1,1,1,6,5,4,2,2,2,10,10,10,1,1,1,6,5,4,4,4,6,1,1,1,1,1,1,1,1,1,9,9,9,7,7,7,3,3,2,7,4,3,2,2,2,9,5,5,6,7,5,5,5,2,3,3
gc,hg,textgrounder,java/opennlp/textgrounder/geo/CommandLineOptions.java,buggy,java,IssueTrue,2615,36,470,9,9,9,8,9,8,9,9,10,9,6,5,4,8,8,6,9,9,9,6,5,5,6,5,4,10,10,10,10,10,9,10,9,9,10,10,9,8,8,8,7,7,7,7,10,8,6,5,8,4,10,8,9,5,9,10,10,8,9,9,6,8,8
gc,hg,textgrounder,java/opennlp/textgrounder/geo/GeoReferencer.java,buggy,java,IssueTrue,2615,36,470,9,2,1,2,2,2,5,2,2,2,9,9,7,2,2,2,9,9,9,6,5,5,9,9,7,4,4,6,1,1,1,1,1,1,2,2,2,8,8,8,7,7,7,6,4,2,5,3,2,10,7,4,10,5,9,10,10,10,10,10,10,10,10
gc,hg,textgrounder,java/opennlp/textgrounder/geo/GeoReferencerLDA.java,clean,java,IssueTrue,2615,36,470,9,3,3,2,2,9,5,2,3,3,9,9,7,2,2,2,9,9,9,5,5,4,9,9,7,4,4,6,1,1,1,1,1,1,2,2,2,8,8,8,7,7,7,9,6,3,3,2,2,10,7,4,9,5,4,5,6,5,6,5,2,5,6
gc,hg,textgrounder,java/opennlp/textgrounder/models/BaselineModel.java,clean,java,IssueTrue,2615,36,470,9,9,7,8,7,5,10,9,9,9,9,9,7,8,7,6,9,9,9,10,10,9,9,9,7,8,7,8,9,8,8,8,8,7,9,8,7,9,9,9,7,7,7,9,8,8,9,9,8,8,10,9,10,8,6,9,10,9,10,10,9,10,10
gc,hg,textgrounder,java/opennlp/textgrounder/models/Model.java,buggy,java,IssueTrue,2615,36,470,9,9,9,7,5,8,9,7,8,7,6,5,4,5,4,4,10,10,10,10,10,9,6,5,4,10,10,10,7,6,6,6,5,5,6,5,4,10,10,10,7,7,7,8,7,6,10,9,7,6,7,6,10,9,9,10,10,8,9,10,8,10,10
gc,hg,textgrounder,java/opennlp/textgrounder/models/RegionModel.java,buggy,java,IssueTrue,2615,36,470,9,9,8,9,6,6,10,9,10,9,10,10,8,8,8,7,9,9,9,10,10,10,10,10,8,9,8,9,8,7,7,7,6,6,6,6,5,10,10,10,7,7,7,10,9,8,10,10,9,10,10,9,10,8,10,10,10,10,10,10,10,10,10
gc,hg,textgrounder,java/opennlp/textgrounder/models/TopicModel.java,buggy,java,IssueTrue,2615,36,470,9,9,9,9,6,9,10,8,9,8,9,9,7,7,7,6,10,10,10,10,10,9,9,9,7,10,10,10,8,8,7,8,7,7,7,7,5,10,10,10,7,7,7,8,7,7,10,9,9,8,9,9,10,5,9,9,10,8,8,9,7,9,9
gc,hg,textgrounder,java/opennlp/textgrounder/models/callbacks/NullRegionMapperCallback.java,clean,java,IssueTrue,2615,36,470,9,2,3,1,3,10,3,2,3,2,9,9,7,6,6,4,9,9,9,5,4,4,9,9,7,4,4,6,4,3,4,3,3,3,5,4,3,8,8,8,7,7,7,3,3,3,2,2,2,2,2,2,8,5,5,6,6,9,8,8,6,8,7
gc,hg,textgrounder,java/opennlp/textgrounder/models/callbacks/RegionMapperCallback.java,buggy,java,IssueTrue,2615,36,470,9,5,8,5,5,9,7,5,6,6,6,5,4,5,5,4,10,10,10,8,7,6,6,5,4,9,9,9,7,7,6,7,6,6,8,7,6,8,8,8,7,7,7,5,6,5,7,7,6,5,6,6,9,5,9,9,9,10,10,10,8,9,9
gc,hg,textgrounder,java/opennlp/textgrounder/textstructs/TextProcessor.java,buggy,java,IssueTrue,2615,36,470,9,7,9,7,4,9,9,7,7,7,6,5,4,3,3,3,9,9,9,10,9,8,6,5,4,8,7,8,5,4,4,4,3,4,6,5,4,8,8,8,7,7,7,9,8,6,10,8,6,9,7,6,3,8,3,3,3,5,5,5,5,5,4
gc,hg,textgrounder,java/opennlp/textgrounder/textstructs/TokenArrayBuffer.java,buggy,java,IssueTrue,2615,36,470,9,6,9,5,5,10,7,6,6,6,6,5,4,5,5,4,9,9,9,5,4,4,6,5,4,10,10,10,7,6,6,7,6,6,7,7,5,9,9,9,7,7,7,5,6,5,9,8,7,5,6,6,3,8,4,4,4,5,5,5,5,5,4
gc,hg,textgrounder,java/opennlp/textgrounder/topostructs/Coordinate.java,clean,java,IssueTrue,2615,36,470,9,3,1,3,4,1,5,3,4,4,6,5,4,3,3,3,9,9,9,3,3,3,6,5,4,7,7,7,5,4,4,4,3,4,6,5,4,8,8,8,7,7,7,5,4,3,10,7,6,5,5,4,3,5,3,3,3,5,5,5,3,3,3
gc,hg,textgrounder,java/opennlp/textgrounder/topostructs/Location.java,buggy,java,IssueTrue,2615,36,470,9,4,1,3,4,5,5,4,5,4,6,5,4,3,3,3,9,9,9,4,3,3,6,5,4,10,9,9,5,4,4,4,3,4,6,5,4,8,8,8,7,7,7,6,6,4,9,8,6,4,5,4,6,5,5,6,6,5,5,5,3,3,4
gc,hg,textgrounder,java/opennlp/textgrounder/util/Constants.java,clean,java,IssueTrue,2615,36,470,9,1,5,1,1,10,3,1,1,1,6,5,4,1,1,1,9,9,9,3,3,3,6,5,4,4,4,6,1,1,1,1,1,1,1,1,1,8,8,8,7,7,7,1,1,2,2,2,2,2,1,2,6,8,5,5,6,5,5,5,2,3,3
