Host,Vcs,Project,File,Buggy,PL,IssueTracking,TLOC,TNF,TNC,TND,LOC,CL,NStmt,NFunc,RCC,MNL,avg_WMC,max_WMC,total_WMC,avg_DIT,max_DIT,total_DIT,avg_RFC,max_RFC,total_RFC,avg_NOC,max_NOC,total_NOC,avg_CBO,max_CBO,total_CBO,avg_DIT.1,max_DIT.1,total_DIT.1,avg_NIV,max_NIV,total_NIV,avg_NIM,max_NIM,total_NIM,avg_NOM,max_NOM,total_NOM,avg_NPBM,max_NPBM,total_NPBM,avg_NPM,max_NPM,total_NPM,avg_NPRM,max_NPRM,total_NPRM,avg_CC,max_CC,total_CC,avg_FANIN,max_FANIN,total_FANIN,avg_FANOUT,max_FANOUT,total_FANOUT,NRev,NFix,avg_AddedLOC,max_AddedLOC,total_AddedLOC,avg_DeletedLOC,max_DeletedLOC,total_DeletedLOC,avg_ModifiedLOC,max_ModifiedLOC,total_ModifiedLOC
gc,svn,tinymux,/trunk/client/win/fidget.cpp,buggy,cpp,IssueTrue,27367,13,4974,7,8,5,8,8,3,10,7,7,7,7,8,8,8,4,3,9,9,9,6,6,8,7,8,8,6,6,6,6,6,6,6,6,6,9,6,8,9,9,9,8,8,9,6,6,9,7,6,8,5,6,7,2,6,3,3,3,9,7,7,3,3,2
gc,svn,tinymux,/trunk/mux/src/functions.cpp,buggy,cpp,IssueTrue,27367,13,4974,7,10,10,10,10,3,10,7,8,8,7,8,8,8,5,4,9,9,9,6,6,8,7,8,8,7,8,9,6,7,7,6,7,7,9,7,9,9,9,9,8,8,9,8,10,10,6,10,10,5,7,10,2,6,3,3,3,4,4,4,2,2,1
gc,svn,tinymux,/trunk/mux/src/stringutil.cpp,buggy,cpp,IssueTrue,27367,13,4974,7,10,10,10,10,4,10,7,7,7,7,8,8,8,4,3,9,9,9,6,6,8,7,8,8,6,6,6,6,6,6,6,6,6,9,6,8,9,9,9,8,8,9,8,10,10,8,9,10,3,5,10,2,4,3,3,3,4,4,4,2,2,1
gc,svn,tinymux,/trunk/mux/src/stringutil.h,clean,cpp,IssueTrue,27367,13,4974,7,10,8,10,10,3,9,8,9,9,7,8,8,10,10,10,9,9,9,6,7,9,7,8,8,8,9,10,9,10,10,9,10,10,10,10,10,9,9,9,9,9,9,5,5,10,6,6,9,2,4,8,2,4,4,4,3,4,4,4,5,4,3
