Host,Vcs,Project,File,Buggy,PL,IssueTracking,TLOC,TNF,TNC,TND,LOC,CL,NStmt,NFunc,RCC,MNL,avg_WMC,max_WMC,total_WMC,avg_DIT,max_DIT,total_DIT,avg_RFC,max_RFC,total_RFC,avg_NOC,max_NOC,total_NOC,avg_CBO,max_CBO,total_CBO,avg_DIT.1,max_DIT.1,total_DIT.1,avg_NIV,max_NIV,total_NIV,avg_NIM,max_NIM,total_NIM,avg_NOM,max_NOM,total_NOM,avg_NPBM,max_NPBM,total_NPBM,avg_NPM,max_NPM,total_NPM,avg_NPRM,max_NPRM,total_NPRM,avg_CC,max_CC,total_CC,avg_FANIN,max_FANIN,total_FANIN,avg_FANOUT,max_FANOUT,total_FANOUT,NRev,NFix,avg_AddedLOC,max_AddedLOC,total_AddedLOC,avg_DeletedLOC,max_DeletedLOC,total_DeletedLOC,avg_ModifiedLOC,max_ModifiedLOC,total_ModifiedLOC
sf,cvs,tolven,tolven/assemblerAppServerProperties/tpf/source/org/tolven/assembler/appserverproperties/AppServerProperties.java,clean,java,IssueTrue,43564,348,33732,14,6,3,6,7,4,5,7,6,6,10,10,9,10,9,10,9,9,9,8,7,7,10,10,9,6,6,7,6,6,7,7,7,6,1,1,1,10,10,10,10,10,10,6,8,6,5,5,5,8,7,7,3,7,2,2,2,6,5,5,1,1,1
sf,cvs,tolven,tolven/assemblerEJBModule/tpf/source/org/tolven/assembler/ejbmodule/EJBModuleAssembler.java,clean,java,IssueTrue,43564,348,33732,14,9,3,9,8,2,10,9,9,8,10,10,9,10,9,10,9,9,9,9,8,8,10,10,9,6,6,7,8,8,8,8,8,8,1,1,1,10,10,10,7,8,8,8,10,8,7,5,6,10,10,9,3,7,2,3,3,4,4,4,3,3,2
sf,cvs,tolven,tolven/assemblerFacesConfig/tpf/source/org/tolven/assembler/facesconfig/FacesConfigAssembler.java,buggy,java,IssueTrue,43564,348,33732,14,10,9,10,10,2,10,10,10,10,10,10,9,10,10,10,9,9,9,9,8,8,10,10,9,6,6,7,10,10,10,10,10,10,1,1,1,10,10,10,7,8,8,10,10,10,7,6,9,9,8,10,9,7,10,10,10,8,8,7,7,8,6
sf,cvs,tolven,tolven/assemblerJBoss/tpf/source/org/tolven/assembler/jboss/JBossAssembler.java,buggy,java,IssueTrue,43564,348,33732,14,10,3,10,10,1,10,10,10,10,10,10,9,10,10,10,9,9,9,10,9,9,10,10,9,6,6,7,10,10,10,10,10,10,1,1,1,10,10,10,9,9,9,9,10,10,7,7,8,10,10,10,5,9,10,10,10,4,4,4,10,9,8
sf,cvs,tolven,tolven/assemblerWAR/tpf/source/org/tolven/assembler/war/WARAssembler.java,clean,java,IssueTrue,43564,348,33732,14,10,4,10,9,2,10,10,10,10,10,10,9,10,10,10,9,9,9,10,9,9,10,10,9,6,6,7,9,9,9,9,9,9,1,1,1,10,10,10,9,9,9,9,10,10,8,7,8,10,10,10,10,9,8,9,10,6,7,7,10,10,10
sf,cvs,tolven,tolven/assemblerWebXML/tpf/source/org/tolven/assembler/webxml/WebXMLAssembler.java,buggy,java,IssueTrue,43564,348,33732,14,10,4,10,10,1,10,10,10,10,9,10,10,9,10,10,9,9,9,7,9,8,9,10,10,4,6,7,10,10,10,10,10,10,1,2,2,10,10,10,7,8,8,7,10,10,7,5,10,8,9,10,3,9,2,2,2,4,4,4,1,1,1
sf,cvs,tolven,tolven/pluginAdmin/tpf/source/org/tolven/assembler/admin/AdminAssembler.java,buggy,java,IssueTrue,43564,348,33732,14,10,3,10,10,1,10,10,10,10,10,10,9,10,10,10,9,9,9,10,9,8,10,10,9,9,9,9,10,10,10,10,10,10,1,1,1,10,10,10,10,10,10,10,10,10,7,7,9,9,10,10,5,9,2,2,2,4,4,4,1,1,1
sf,cvs,tolven,tolven/pluginApplication/tpf/source/org/tolven/component/application/Application.java,clean,java,IssueTrue,43564,348,33732,14,9,7,8,9,5,7,9,9,8,10,10,9,10,10,10,9,9,9,8,7,7,10,10,9,9,9,9,10,9,10,10,10,9,7,5,5,10,10,10,10,10,10,5,8,8,6,6,8,8,8,9,3,7,5,5,5,9,7,7,10,9,8
sf,cvs,tolven,tolven/pluginCommand/tpf/source/org/tolven/command/TolvenApplication.java,clean,java,IssueTrue,43564,348,33732,14,6,3,6,6,5,7,7,6,5,9,9,8,4,4,6,9,9,9,7,6,5,9,9,8,6,6,7,6,6,7,6,6,6,3,2,2,10,10,10,7,8,8,7,9,5,3,5,3,7,9,6,5,7,6,7,7,8,7,7,5,4,4
sf,cvs,tolven,tolven/pluginCommandGUICM/tpf/source/org/tolven/command/gui/cm/CM.java,clean,java,IssueTrue,43564,348,33732,14,4,3,3,5,6,7,6,5,4,9,9,8,3,3,6,9,9,9,5,4,4,9,9,8,6,6,7,5,5,6,5,6,5,3,2,2,10,10,10,9,9,9,6,7,4,4,4,3,6,4,5,5,7,3,4,4,4,4,4,4,4,3
sf,cvs,tolven,tolven/pluginConfigurationManager/tpf/source/org/tolven/configurationmgr/ConfigurationMgrPlugin.java,clean,java,IssueTrue,43564,348,33732,14,8,3,8,9,3,10,9,8,8,9,9,8,7,6,7,9,9,9,8,7,6,9,9,8,8,8,8,9,9,9,9,9,9,7,5,5,10,10,10,10,10,10,7,9,8,4,4,6,6,8,8,5,7,7,8,7,4,4,4,4,4,3
sf,cvs,tolven,tolven/pluginDeploySource/tpf/source/org/tolven/deploy/source/DeploySource.java,buggy,java,IssueTrue,43564,348,33732,14,4,4,4,5,7,7,6,5,4,10,10,9,9,9,9,9,9,9,5,4,4,10,10,9,6,6,7,5,5,6,5,6,5,3,2,2,10,10,10,9,9,9,6,7,4,4,4,3,7,4,5,7,7,3,5,6,10,10,9,8,8,8
sf,cvs,tolven,tolven/pluginDevelopmentMgr/tpf/source/org/tolven/developmentmgr/DevelopmentMgr.java,buggy,java,IssueTrue,43564,348,33732,14,8,3,7,8,3,7,7,8,8,6,9,9,3,4,8,9,9,9,6,7,8,6,9,9,4,5,6,5,7,8,5,8,8,3,2,3,10,10,10,9,10,10,8,10,8,4,4,5,7,9,8,6,9,8,8,8,7,7,7,9,9,8
sf,cvs,tolven,tolven/pluginFramework/tpf/source/org/tolven/assembler/pluginframework/PluginFrameworkAssembler.java,clean,java,IssueTrue,43564,348,33732,14,4,3,4,6,6,5,5,5,4,9,9,8,4,4,6,9,9,9,5,4,4,9,9,8,6,6,7,6,6,7,6,6,6,3,2,2,10,10,10,9,10,10,5,6,4,4,3,4,4,4,4,5,9,8,8,7,5,5,5,5,4,4
sf,cvs,tolven,tolven/pluginFramework/tpfboot/source/org/tolven/plugin/boot/TPFBoot.java,clean,java,IssueTrue,43564,348,33732,14,8,3,8,6,3,10,9,8,7,5,5,5,4,4,6,9,9,9,10,9,8,5,5,5,4,5,6,1,1,2,6,6,6,3,2,2,9,9,9,10,10,10,9,9,8,10,8,7,10,9,8,9,10,2,5,5,4,5,5,2,3,4
sf,cvs,tolven,tolven/pluginFramework/tpfboot/source/org/tolven/plugin/repository/ConfigPluginsWrapper.java,clean,java,IssueTrue,43564,348,33732,14,9,4,9,10,2,9,10,10,9,5,5,5,8,8,8,9,9,9,9,8,8,5,5,5,9,9,9,10,10,10,10,10,10,10,10,10,9,9,9,10,10,10,7,8,9,8,8,9,6,7,9,7,10,6,8,8,9,9,8,2,3,3
sf,cvs,tolven,tolven/pluginFramework/tpfboot/source/org/tolven/plugin/repository/RepositoryMetadata.java,clean,java,IssueTrue,43564,348,33732,14,10,6,10,10,2,10,10,10,10,5,5,8,7,9,9,9,9,9,9,9,10,5,5,8,6,8,8,7,9,9,9,10,10,9,10,10,9,9,9,10,10,10,8,10,10,8,9,10,8,9,10,7,10,9,9,9,10,9,9,10,9,9
sf,cvs,tolven,tolven/pluginFramework/tpfboot/source/org/tolven/plugin/repository/RepositoryUpgrade.java,clean,java,IssueTrue,43564,348,33732,14,10,3,10,10,1,10,10,10,10,5,5,8,7,8,9,9,9,9,9,10,10,5,5,8,6,7,7,9,10,10,9,10,10,6,6,7,9,9,9,10,10,10,9,10,10,7,7,9,9,10,10,9,10,8,9,9,9,10,9,9,10,9
sf,cvs,tolven,tolven/pluginFramework/tpfboot/source/org/tolven/plugin/standard/TolvenPluginLifecycleHandler.java,clean,java,IssueTrue,43564,348,33732,14,6,3,5,5,5,10,7,6,6,9,9,8,3,3,6,9,9,9,9,8,8,9,9,8,6,6,7,5,5,6,5,6,5,1,1,1,10,10,10,9,9,9,8,9,6,6,6,4,9,9,7,3,9,5,5,5,8,6,6,9,6,5
sf,cvs,tolven,tolven/pluginLDAPInit/tpf/source/org/tolven/component/ldap/init/LDAPInit.java,clean,java,IssueTrue,43564,348,33732,14,4,3,4,5,6,9,5,5,4,9,9,8,3,3,6,9,9,9,5,4,4,9,9,8,6,6,7,4,4,5,4,5,4,3,2,2,10,10,10,7,8,8,7,8,4,4,4,3,6,6,4,5,7,4,5,5,10,10,10,10,8,8
sf,cvs,tolven,tolven/pluginLDAPMgr/tpf/source/org/tolven/ldapmgr/LDAPMgrPlugin.java,buggy,java,IssueTrue,43564,348,33732,14,10,3,10,10,1,9,10,10,10,9,9,8,9,8,9,9,9,9,10,9,9,9,9,8,9,9,9,10,10,10,10,10,10,7,6,6,10,10,10,10,10,10,8,9,10,8,8,9,8,7,10,7,7,10,10,10,6,6,6,5,5,5
sf,cvs,tolven,tolven/pluginLibraryFramework/tpf/source/org/tolven/plugin/Attic/TolvenPlugin.java,clean,java,IssueTrue,43564,348,33732,14,10,4,10,10,1,10,9,10,10,5,9,10,7,9,10,10,10,10,9,10,10,5,9,10,4,7,7,8,10,10,9,10,10,7,9,9,10,10,10,7,9,9,6,9,10,9,10,10,6,7,10,5,9,2,3,3,4,4,4,5,4,3
sf,cvs,tolven,tolven/pluginLibraryFramework/tpf/source/org/tolven/tools/ant/Attic/TolvenCopy.java,clean,java,IssueTrue,43564,348,33732,14,5,3,5,5,5,7,5,5,4,5,5,5,3,3,6,9,9,9,5,4,4,5,5,5,4,5,6,1,1,2,4,5,4,6,4,4,9,9,9,7,8,8,7,7,4,9,7,5,9,6,6,5,7,3,4,4,6,5,5,7,5,4
sf,cvs,tolven,tolven/pluginLibraryFramework/tpf/source/org/tolven/tools/ant/Attic/TolvenJar.java,clean,java,IssueTrue,43564,348,33732,14,6,2,6,7,4,3,5,4,4,5,5,5,4,4,6,9,9,9,3,3,3,5,5,5,4,5,6,1,1,2,7,7,6,8,6,6,9,9,9,7,8,8,3,4,4,9,7,6,7,5,7,5,7,3,4,4,6,5,5,8,5,4
sf,cvs,tolven,tolven/pluginLibraryFramework/tpf/source/org/tolven/tools/ant/Attic/TolvenSQL.java,clean,java,IssueTrue,43564,348,33732,14,6,3,5,7,4,5,4,5,5,5,5,8,3,4,8,9,9,9,3,4,5,5,5,8,4,5,6,4,7,8,5,7,7,7,7,7,9,9,9,7,8,8,4,7,5,4,7,4,4,8,5,6,9,5,6,6,6,6,6,10,10,9
sf,cvs,tolven,tolven/pluginLibraryFramework/tpf/source/org/tolven/tools/ant/Attic/TolvenSync.java,clean,java,IssueTrue,43564,348,33732,14,6,1,6,5,1,7,6,5,5,5,5,5,3,3,6,9,9,9,7,6,5,5,5,5,4,5,6,1,1,2,4,5,4,6,4,4,9,9,9,7,8,8,8,9,5,7,5,4,9,8,6,5,7,3,4,4,6,5,5,9,6,5
sf,cvs,tolven,tolven/pluginLibraryFramework/tpf/source/org/tolven/tools/ant/Attic/TolvenZip.java,clean,java,IssueTrue,43564,348,33732,14,5,2,5,5,5,7,6,5,5,5,5,5,3,3,6,9,9,9,3,3,3,5,5,5,4,5,6,1,1,2,5,6,5,7,5,5,9,9,9,7,8,8,7,7,5,8,6,5,6,5,5,6,9,3,4,4,6,6,6,5,4,4
sf,cvs,tolven,tolven/pluginMDBUser/tpf/source/org/tolven/mdbuser/MDBUserPlugin.java,clean,java,IssueTrue,43564,348,33732,14,9,3,9,9,2,9,10,9,9,9,9,8,8,7,8,9,9,9,10,10,9,9,9,8,9,9,9,10,10,10,10,10,10,3,2,2,10,10,10,10,10,10,6,9,9,7,8,8,8,10,9,3,7,2,3,3,6,5,5,3,3,2
sf,cvs,tolven,tolven/pluginOracleMgr/tpf/source/org/tolven/oraclemgr/OracleMgrPlugin.java,buggy,java,IssueTrue,43564,348,33732,14,9,3,9,9,2,7,10,9,8,9,9,8,7,6,8,9,9,9,8,7,7,9,9,8,8,8,8,9,9,9,9,9,9,8,7,7,10,10,10,10,10,10,7,9,9,7,8,7,7,8,9,7,7,9,9,9,4,4,4,3,4,4
sf,cvs,tolven,tolven/pluginPasswordRecovery/tpf/source/org/tolven/passwordrecovery/model/LoadSecurityQuestions.java,clean,java,IssueTrue,43564,348,33732,14,10,1,10,10,1,10,9,10,10,5,9,10,6,8,10,9,9,9,5,9,8,5,9,10,6,9,9,8,10,10,8,10,10,7,8,9,9,9,9,10,10,10,6,9,10,7,7,9,7,8,10,5,7,8,8,8,9,8,8,10,7,8
sf,cvs,tolven,tolven/pluginPathology/web/source/org/tolven/config/PathologyWizardServlet.java,clean,java,IssueTrue,43564,348,33732,14,9,3,9,6,2,10,10,9,9,9,9,8,4,4,6,9,9,9,10,10,10,9,9,8,9,9,9,6,6,7,6,6,6,7,5,5,10,10,9,7,8,8,10,10,9,8,7,6,10,10,8,3,7,10,8,7,10,8,7,10,8,7
sf,cvs,tolven,tolven/pluginProcedures/src/org/tolven/deploy/procedures/Attic/LoaderProcedures.java,clean,java,IssueTrue,43564,348,33732,14,3,2,3,4,6,3,2,2,2,10,10,9,9,9,9,9,9,9,6,5,5,10,10,9,6,6,7,3,3,4,3,4,3,1,1,1,10,10,10,7,8,8,3,4,2,3,3,2,8,7,4,5,7,3,5,5,4,4,4,9,7,6
sf,cvs,tolven,tolven/tolvenClient/src/org/tolven/client/example/Attic/SubmitCCRMessage2.java,clean,java,IssueTrue,43564,348,33732,14,7,7,7,7,6,10,9,8,7,9,9,8,5,4,7,9,9,9,9,9,8,9,9,8,6,6,7,6,6,7,7,8,7,8,6,6,9,9,9,9,10,10,8,9,7,8,7,6,8,8,8,9,10,5,9,8,4,5,5,7,7,8
sf,cvs,tolven,tolven/tolvenCommon/src/org/tolven/security/auth/Password.java,clean,java,IssueTrue,43564,348,33732,14,7,6,6,4,6,10,8,7,7,5,5,5,2,2,5,9,9,9,9,8,7,5,5,5,4,5,6,1,1,2,3,4,3,3,2,2,9,9,9,9,9,9,10,10,7,9,5,4,10,6,5,5,7,3,4,4,8,7,6,10,7,6
sf,cvs,tolven,tolven/tolvenCommon/src/org/tolven/security/auth/PasswordStoreEntry.java,clean,java,IssueTrue,43564,348,33732,14,8,2,8,8,2,9,9,8,8,5,5,5,5,5,7,9,9,9,10,9,9,5,5,5,7,7,7,7,7,8,8,8,8,5,3,3,9,9,9,10,10,10,8,9,8,5,5,6,8,8,8,5,7,2,2,2,8,7,6,7,5,4
sf,cvs,tolven,tolven/tolvenCommon/src/org/tolven/security/auth/PasswordStoreImpl.java,clean,java,IssueTrue,43564,348,33732,14,8,7,8,10,5,9,7,8,8,1,5,8,3,7,9,9,10,10,8,10,10,1,5,8,6,8,9,7,9,10,7,9,10,7,8,9,9,9,9,9,10,10,4,7,8,5,5,8,4,7,9,5,7,2,2,2,4,4,4,5,4,3
sf,cvs,tolven,tolven/tolvenCommon/src/org/tolven/security/hash/SSHA.java,clean,java,IssueTrue,43564,348,33732,14,5,4,5,5,6,5,4,3,3,5,5,5,3,3,6,9,9,9,8,7,6,5,5,5,4,5,6,1,1,2,4,5,4,6,4,4,9,9,9,7,8,8,4,6,3,6,4,3,8,5,5,5,7,9,8,7,4,4,4,1,1,1
sf,cvs,tolven,tolven/tolvenEJB/src/org/tolven/app/AppEvalAdaptor.java,buggy,java,IssueTrue,43564,348,33732,14,10,9,10,10,5,9,9,10,9,5,5,8,7,8,9,10,10,10,10,10,10,5,5,8,10,10,10,9,10,10,9,10,10,9,10,10,10,10,10,7,8,8,6,8,9,9,9,9,8,10,10,9,9,10,10,10,10,10,10,10,10,10
sf,cvs,tolven,tolven/tolvenEJB/src/org/tolven/app/CreatorLocal.java,clean,java,IssueTrue,43564,348,33732,14,3,7,3,8,10,3,7,6,6,1,1,2,1,1,5,10,10,10,8,7,7,1,1,2,4,5,6,9,9,9,9,9,9,9,8,8,9,9,9,7,8,8,3,4,6,3,3,4,1,2,3,8,7,2,3,4,4,4,4,3,4,4
sf,cvs,tolven,tolven/tolvenEJB/src/org/tolven/app/MenuLocal.java,clean,java,IssueTrue,43564,348,33732,14,6,10,6,10,10,3,10,9,9,1,1,2,9,9,9,10,10,10,8,7,6,1,1,2,4,5,6,10,10,10,10,10,10,10,10,10,9,9,9,7,8,8,3,4,9,5,9,9,1,2,6,10,7,4,6,8,6,7,7,3,5,6
sf,cvs,tolven,tolven/tolvenEJB/src/org/tolven/app/MenuRemote.java,clean,java,IssueTrue,43564,348,33732,14,5,9,5,10,10,3,9,9,8,1,1,2,8,7,8,10,10,10,7,6,5,1,1,2,4,5,6,10,10,10,10,10,10,10,10,10,9,9,9,7,8,8,3,4,8,2,2,2,1,2,5,7,7,3,4,5,8,7,8,2,4,3
sf,cvs,tolven,tolven/tolvenEJB/src/org/tolven/app/bean/ApplicationMetadata.java,buggy,java,IssueTrue,43564,348,33732,14,10,10,10,10,5,10,10,10,10,5,5,9,7,9,10,9,9,9,10,10,10,5,5,9,6,9,9,9,10,10,9,10,10,9,10,10,9,9,9,7,8,8,10,10,10,9,9,10,10,10,10,5,7,4,5,5,9,8,8,10,9,8
sf,cvs,tolven,tolven/tolvenEJB/src/org/tolven/app/bean/CreatorBean.java,buggy,java,IssueTrue,43564,348,33732,14,10,9,10,10,5,7,10,10,10,5,5,5,8,8,9,9,9,9,10,10,10,5,5,5,10,10,10,10,10,10,10,10,10,10,10,10,10,10,9,7,8,8,7,9,10,9,8,10,10,10,10,10,9,4,8,9,7,8,8,4,5,8
sf,cvs,tolven,tolven/tolvenEJB/src/org/tolven/app/bean/MenuBean.java,buggy,java,IssueTrue,43564,348,33732,14,10,10,10,10,5,10,10,10,10,5,5,9,8,10,10,9,9,9,9,10,10,5,5,9,7,9,9,10,10,10,10,10,10,10,10,10,9,10,9,9,10,10,9,10,10,8,9,10,9,10,10,10,10,2,2,2,4,4,4,1,1,1
sf,cvs,tolven,tolven/tolvenEJB/src/org/tolven/app/bean/TrimBean.java,buggy,java,IssueTrue,43564,348,33732,14,10,10,10,10,7,10,10,10,10,5,5,8,8,9,10,9,9,9,10,10,10,5,5,8,9,10,9,10,10,10,10,10,10,9,10,10,9,10,9,7,9,9,7,10,10,7,8,9,8,9,10,10,10,4,8,8,5,6,6,5,6,7
sf,cvs,tolven,tolven/tolvenEJB/src/org/tolven/app/el/ELFunctions.java,clean,java,IssueTrue,43564,348,33732,14,7,5,7,8,5,7,9,8,8,5,5,5,6,6,7,9,9,9,10,9,8,5,5,5,4,5,6,1,1,2,9,9,9,9,8,8,9,9,9,7,8,8,7,7,8,5,6,6,4,4,7,10,10,7,10,10,10,10,10,9,9,10
sf,cvs,tolven,tolven/tolvenEJB/src/org/tolven/app/entity/AccountMenuStructure.java,clean,java,IssueTrue,43564,348,33732,14,10,9,10,10,5,10,10,10,10,6,9,9,10,10,10,9,9,9,9,10,9,6,9,9,10,10,10,10,10,10,10,10,10,10,10,10,10,10,10,7,9,9,4,9,10,8,9,10,2,7,10,3,9,6,6,5,4,4,4,5,4,3
sf,cvs,tolven,tolven/tolvenEJB/src/org/tolven/app/entity/MSColumn.java,buggy,java,IssueTrue,43564,348,33732,14,10,10,10,10,5,10,8,10,10,6,9,10,6,9,10,10,10,10,5,9,10,6,9,10,7,10,10,8,10,10,8,10,10,8,10,10,9,10,9,7,8,8,6,10,10,7,10,10,3,7,10,9,10,4,6,8,7,8,8,8,6,9
sf,cvs,tolven,tolven/tolvenEJB/src/org/tolven/app/entity/MenuData.java,buggy,java,IssueTrue,43564,348,33732,14,10,10,10,10,6,9,10,10,10,5,5,5,10,10,10,9,9,9,10,10,10,5,5,5,10,10,10,10,10,10,10,10,10,10,10,10,10,10,10,10,10,10,6,9,10,7,10,10,3,9,10,10,10,5,9,10,9,10,10,6,9,9
sf,cvs,tolven,tolven/tolvenEJB/src/org/tolven/app/entity/MenuDataVersionMessage.java,clean,java,IssueTrue,43564,348,33732,14,5,5,5,9,6,5,8,7,6,5,5,5,7,6,7,9,9,9,5,4,4,5,5,5,9,9,9,9,9,9,9,9,9,9,9,9,9,9,9,7,8,8,4,7,6,5,5,6,3,4,6,5,7,10,9,8,8,6,6,9,6,5
sf,cvs,tolven,tolven/tolvenEJB/src/org/tolven/app/entity/MenuStructure.java,clean,java,IssueTrue,43564,348,33732,14,9,9,9,10,7,10,10,10,10,5,5,8,9,10,10,10,10,10,7,9,9,5,5,8,4,5,6,10,10,10,10,10,10,10,10,10,9,9,9,7,8,8,4,9,10,4,10,10,1,7,9,5,7,2,3,3,4,4,4,6,4,3
sf,cvs,tolven,tolven/tolvenEJB/src/org/tolven/core/KeyUtility.java,clean,java,IssueTrue,43564,348,33732,14,5,5,5,5,7,7,7,6,5,5,5,5,3,3,6,9,9,9,9,8,8,5,5,5,4,5,6,1,1,2,4,5,4,6,4,4,9,9,9,7,8,8,9,9,5,7,5,4,8,5,5,3,7,2,2,2,4,4,4,3,3,2
sf,cvs,tolven,tolven/tolvenEJB/src/org/tolven/core/bean/AccountDAOBean.java,clean,java,IssueTrue,43564,348,33732,14,10,10,10,10,6,9,10,10,10,5,5,8,8,9,10,9,9,9,9,10,10,5,5,8,7,8,8,10,10,10,10,10,10,9,10,10,9,9,9,9,10,10,7,9,10,7,7,9,8,8,10,8,7,10,10,10,10,10,10,10,10,10
sf,cvs,tolven,tolven/tolvenEJB/src/org/tolven/core/bean/ActivationBean.java,clean,java,IssueTrue,43564,348,33732,14,8,9,8,9,8,7,9,8,8,5,5,5,7,7,8,9,9,9,9,8,8,5,5,5,8,8,8,9,9,10,10,10,9,9,9,9,9,9,9,7,8,8,5,7,8,5,5,7,5,5,9,6,7,6,6,5,4,4,4,1,1,1
sf,cvs,tolven,tolven/tolvenEJB/src/org/tolven/core/bean/InvitationBean.java,clean,java,IssueTrue,43564,348,33732,14,10,9,10,10,5,10,9,9,9,6,9,9,6,7,9,9,9,9,8,10,9,6,9,9,9,10,10,8,9,10,8,10,10,8,9,9,10,10,10,7,8,8,7,9,9,7,7,8,8,9,10,3,7,2,2,2,4,4,4,3,3,2
sf,cvs,tolven,tolven/tolvenEJB/src/org/tolven/core/entity/Account.java,clean,java,IssueTrue,43564,348,33732,14,10,8,9,10,4,7,10,10,10,5,5,8,9,9,10,9,9,9,6,7,8,5,5,8,10,10,10,10,10,10,10,10,10,10,10,10,9,9,9,7,8,8,4,7,10,8,10,10,2,5,9,5,7,3,4,4,4,4,4,1,1,1
sf,cvs,tolven,tolven/tolvenEJB/src/org/tolven/core/entity/AccountUser.java,buggy,java,IssueTrue,43564,348,33732,14,10,9,9,10,6,7,10,10,10,5,5,8,9,9,10,9,9,9,9,9,9,5,5,8,9,10,10,10,10,10,10,10,10,10,10,10,10,10,10,7,8,8,4,9,10,7,10,10,3,4,9,7,7,10,10,10,10,9,9,7,6,6
sf,cvs,tolven,tolven/tolvenEJB/src/org/tolven/doc/DocumentLocal.java,clean,java,IssueTrue,43564,348,33732,14,4,9,5,10,10,3,9,9,8,1,1,2,7,7,8,10,10,10,6,5,5,1,1,2,4,5,6,10,10,10,10,10,10,10,10,10,9,9,9,7,8,8,3,4,8,4,9,7,1,2,5,6,9,4,5,6,4,4,4,3,4,4
sf,cvs,tolven,tolven/tolvenEJB/src/org/tolven/doc/bean/DocumentBean.java,clean,java,IssueTrue,43564,348,33732,14,10,10,10,10,7,7,10,10,9,5,5,5,9,9,9,9,9,9,10,9,9,5,5,5,10,10,9,10,10,10,10,10,10,10,10,10,9,9,9,7,8,8,5,8,9,8,7,9,7,6,10,9,10,5,8,9,9,9,9,7,9,8
sf,cvs,tolven,tolven/tolvenEJB/src/org/tolven/doc/bean/Evaluator.java,clean,java,IssueTrue,43564,348,33732,14,6,4,6,5,5,7,6,5,5,5,5,5,3,3,6,9,9,9,7,6,5,5,5,5,9,9,9,4,4,5,4,5,4,6,4,4,9,9,9,7,8,8,8,7,5,8,5,4,9,5,6,10,9,5,8,9,10,10,10,9,8,10
sf,cvs,tolven,tolven/tolvenEJB/src/org/tolven/doc/bean/RulesBean.java,buggy,java,IssueTrue,43564,348,33732,14,8,7,8,7,5,9,9,8,7,5,5,5,5,4,7,9,9,9,9,8,7,5,5,5,8,8,8,7,7,8,7,7,7,8,7,7,9,9,9,7,8,8,8,8,7,8,6,6,9,7,8,7,9,4,6,6,5,6,6,4,4,5
sf,cvs,tolven,tolven/tolvenEJB/src/org/tolven/doc/entity/DocBase.java,clean,java,IssueTrue,43564,348,33732,14,9,8,8,10,6,7,10,9,9,5,5,5,9,8,9,9,9,9,8,7,7,5,5,5,10,10,10,10,10,10,10,10,10,10,10,10,9,9,9,7,8,8,4,7,9,7,10,9,2,4,7,5,7,6,6,7,4,4,4,1,1,1
sf,cvs,tolven,tolven/tolvenEJB/src/org/tolven/doctype/GenericDocumentType.java,clean,java,IssueTrue,43564,348,33732,14,3,3,3,7,7,3,5,4,4,9,9,8,4,4,6,9,9,9,3,3,3,9,9,8,4,5,6,6,6,7,7,7,6,8,6,6,9,9,9,7,8,8,3,4,4,2,2,2,2,4,4,6,7,4,5,6,7,7,7,5,5,5
sf,cvs,tolven,tolven/tolvenEJB/src/org/tolven/menuStructure/AccountProperty.java,clean,java,IssueTrue,43564,348,33732,14,5,9,4,8,9,3,7,6,5,5,5,5,6,5,7,9,9,9,2,2,2,5,5,5,9,9,9,8,8,8,8,8,8,9,8,8,9,9,9,7,8,8,3,4,5,4,3,5,1,2,3,6,7,9,9,8,4,4,4,3,3,3
sf,cvs,tolven,tolven/tolvenEJB/src/org/tolven/menuStructure/Action.java,clean,java,IssueTrue,43564,348,33732,14,3,7,2,5,9,5,4,3,3,9,9,8,7,7,8,9,9,9,4,3,3,9,9,8,7,7,7,4,4,5,4,5,4,6,4,4,9,9,9,7,8,8,4,6,3,4,3,3,2,3,3,5,7,2,2,2,4,4,4,3,3,3
sf,cvs,tolven,tolven/tolvenEJB/src/org/tolven/menuStructure/Alignment.java,clean,java,IssueTrue,43564,348,33732,14,3,3,2,5,7,7,1,1,1,1,1,2,1,1,3,9,9,9,1,1,1,1,1,2,4,5,6,1,1,2,1,1,1,1,1,1,9,9,9,7,8,8,5,7,4,3,3,3,2,3,3,5,7,2,2,2,4,4,4,3,3,3
sf,cvs,tolven,tolven/tolvenEJB/src/org/tolven/menuStructure/Application.java,clean,java,IssueTrue,43564,348,33732,14,8,10,7,10,10,5,9,9,8,5,5,5,8,8,8,9,9,9,7,6,6,5,5,5,10,10,10,10,10,10,10,10,10,10,10,10,9,9,9,7,8,8,4,6,8,5,7,8,2,3,6,7,7,10,9,9,6,6,6,8,7,6
sf,cvs,tolven,tolven/tolvenEJB/src/org/tolven/menuStructure/Band.java,clean,java,IssueTrue,43564,348,33732,14,6,9,4,8,10,5,7,6,6,9,9,8,8,8,8,9,9,9,5,5,4,9,9,8,9,9,9,8,8,8,8,8,8,9,8,8,9,9,9,7,8,8,4,6,6,4,3,5,2,3,4,5,7,2,2,2,4,4,4,3,3,3
sf,cvs,tolven,tolven/tolvenEJB/src/org/tolven/menuStructure/BandInterval.java,clean,java,IssueTrue,43564,348,33732,14,3,3,2,5,7,7,1,1,1,1,1,2,1,1,3,9,9,9,1,1,1,1,1,2,4,5,6,1,1,2,1,1,1,1,1,1,9,9,9,7,8,8,5,7,4,3,3,3,2,3,3,5,7,2,2,2,4,4,4,3,3,3
sf,cvs,tolven,tolven/tolvenEJB/src/org/tolven/menuStructure/Calendar.java,clean,java,IssueTrue,43564,348,33732,14,3,6,2,3,9,5,2,2,2,9,9,8,7,6,8,9,9,9,3,3,3,9,9,8,6,6,7,2,2,3,2,2,2,3,2,2,9,9,9,7,8,8,6,6,2,5,3,2,4,3,2,5,7,2,2,2,10,9,8,4,4,3
sf,cvs,tolven,tolven/tolvenEJB/src/org/tolven/menuStructure/Column.java,buggy,java,IssueTrue,43564,348,33732,14,8,10,7,10,9,5,9,8,8,5,5,5,8,8,8,9,9,9,6,5,5,5,5,5,10,10,10,10,10,10,10,10,10,10,10,10,9,9,9,7,8,8,4,6,8,4,4,7,2,3,5,5,7,2,2,2,4,4,4,3,3,3
sf,cvs,tolven,tolven/tolvenEJB/src/org/tolven/menuStructure/ColumnType.java,clean,java,IssueTrue,43564,348,33732,14,3,3,2,5,7,7,1,1,1,1,1,2,1,1,3,9,9,9,1,1,1,1,1,2,4,5,6,1,1,2,1,1,1,1,1,1,9,9,9,7,8,8,5,7,4,3,3,3,2,3,3,5,7,2,2,2,4,4,4,3,3,3
sf,cvs,tolven,tolven/tolvenEJB/src/org/tolven/menuStructure/Entry.java,clean,java,IssueTrue,43564,348,33732,14,5,9,4,7,10,5,7,6,5,9,9,8,8,8,8,9,9,9,5,4,4,9,9,8,9,9,9,7,7,8,7,8,7,8,7,7,9,9,9,7,8,8,4,6,5,4,3,4,2,3,4,5,7,7,8,7,4,4,4,4,4,3
sf,cvs,tolven,tolven/tolvenEJB/src/org/tolven/menuStructure/Extends.java,clean,java,IssueTrue,43564,348,33732,14,8,10,7,10,10,3,9,9,8,5,5,5,9,8,9,9,9,9,8,7,7,5,5,5,10,10,10,10,10,10,10,10,10,10,10,10,9,9,9,7,8,8,3,4,8,4,4,7,1,2,6,3,7,2,2,2,7,6,6,5,4,3
sf,cvs,tolven,tolven/tolvenEJB/src/org/tolven/menuStructure/Instance.java,clean,java,IssueTrue,43564,348,33732,14,2,6,2,4,9,3,2,2,2,9,9,8,7,7,8,9,9,9,2,1,1,9,9,8,6,6,7,3,3,4,3,4,3,5,3,3,9,9,9,7,8,8,3,4,2,4,3,3,1,2,2,5,7,2,2,2,4,4,4,3,3,3
sf,cvs,tolven,tolven/tolvenEJB/src/org/tolven/menuStructure/InvitationBody.java,clean,java,IssueTrue,43564,348,33732,14,4,8,3,7,10,3,5,4,4,5,5,5,4,4,6,9,9,9,2,1,1,5,5,5,8,8,8,6,6,7,7,7,6,8,6,6,9,9,9,7,8,8,3,4,4,3,2,3,1,2,3,3,7,2,2,2,4,4,4,3,3,2
sf,cvs,tolven,tolven/tolvenEJB/src/org/tolven/menuStructure/List.java,clean,java,IssueTrue,43564,348,33732,14,6,9,5,8,10,5,8,7,6,9,9,8,8,8,9,9,9,9,5,4,4,9,9,8,9,9,9,9,9,9,9,9,9,9,8,8,9,9,9,7,8,8,4,6,6,4,3,5,2,3,4,5,7,2,2,2,4,4,4,3,3,3
sf,cvs,tolven,tolven/tolvenEJB/src/org/tolven/menuStructure/Menu.java,clean,java,IssueTrue,43564,348,33732,14,3,7,2,3,9,5,2,2,2,9,9,8,7,6,8,9,9,9,7,6,6,9,9,8,6,6,7,2,2,3,2,2,2,3,2,2,9,9,9,7,8,8,6,6,2,5,3,2,4,3,2,5,7,4,5,6,9,7,7,6,4,5
sf,cvs,tolven,tolven/tolvenEJB/src/org/tolven/menuStructure/MenuBase.java,clean,java,IssueTrue,43564,348,33732,14,6,9,5,9,9,3,8,7,6,5,5,5,7,6,7,10,10,10,3,3,3,5,5,5,9,9,9,9,9,9,9,9,9,9,9,9,9,9,9,7,8,8,3,4,6,9,9,8,1,2,4,5,7,9,8,8,7,6,6,4,4,3
sf,cvs,tolven,tolven/tolvenEJB/src/org/tolven/menuStructure/MenuEventHandler.java,clean,java,IssueTrue,43564,348,33732,14,5,9,4,7,10,5,4,3,4,5,5,8,3,3,8,9,9,9,2,3,4,5,5,8,7,7,8,4,5,8,4,6,7,6,5,7,9,9,9,7,8,8,4,6,4,4,3,4,2,3,3,5,7,2,2,2,4,4,4,3,3,3
sf,cvs,tolven,tolven/tolvenEJB/src/org/tolven/menuStructure/Notice.java,clean,java,IssueTrue,43564,348,33732,14,5,9,3,7,10,5,6,5,4,5,5,5,5,4,7,9,9,9,4,3,3,5,5,5,8,8,8,7,7,8,7,7,7,8,7,7,9,9,9,7,8,8,4,6,4,3,2,3,2,3,3,3,7,2,2,2,4,4,4,3,3,2
sf,cvs,tolven,tolven/tolvenEJB/src/org/tolven/menuStructure/ObjectFactory.java,clean,java,IssueTrue,43564,348,33732,14,6,9,5,10,9,3,9,8,8,5,5,5,8,8,8,9,9,9,10,9,9,5,5,5,4,5,6,10,10,10,10,10,10,10,10,10,9,9,9,7,8,8,3,4,8,2,2,2,1,2,5,7,7,6,8,7,7,7,7,10,10,10
sf,cvs,tolven,tolven/tolvenEJB/src/org/tolven/menuStructure/Placeholder.java,clean,java,IssueTrue,43564,348,33732,14,6,9,4,7,10,5,7,6,5,9,9,8,8,7,8,9,9,9,8,7,7,9,9,8,9,9,9,7,7,8,7,7,7,8,7,7,9,9,9,7,8,8,5,6,5,5,4,5,2,3,4,5,7,4,4,5,8,7,7,7,5,5
sf,cvs,tolven,tolven/tolvenEJB/src/org/tolven/menuStructure/PlaceholderField.java,clean,java,IssueTrue,43564,348,33732,14,5,9,3,7,10,5,6,5,4,5,5,5,5,4,7,9,9,9,4,3,3,5,5,5,8,8,8,7,7,8,7,7,7,8,7,7,9,9,9,7,8,8,4,6,4,4,4,4,2,3,3,5,7,2,2,2,4,4,4,3,3,3
sf,cvs,tolven,tolven/tolvenEJB/src/org/tolven/menuStructure/Portal.java,clean,java,IssueTrue,43564,348,33732,14,3,7,2,3,9,5,2,2,2,9,9,8,7,6,8,9,9,9,3,3,3,9,9,8,6,6,7,2,2,3,2,2,2,3,2,2,9,9,9,7,8,8,6,6,2,5,3,2,4,3,2,5,7,2,2,2,4,4,4,3,3,3
sf,cvs,tolven,tolven/tolvenEJB/src/org/tolven/menuStructure/Portlet.java,clean,java,IssueTrue,43564,348,33732,14,6,9,5,8,10,5,8,7,6,9,9,8,8,8,9,9,9,9,5,5,4,9,9,8,9,9,9,9,9,9,9,9,9,9,8,8,9,9,9,7,8,8,4,6,6,4,3,5,2,3,4,6,7,10,9,9,4,4,4,3,4,4
sf,cvs,tolven,tolven/tolvenEJB/src/org/tolven/menuStructure/PortletColumn.java,clean,java,IssueTrue,43564,348,33732,14,2,6,2,3,9,5,2,2,2,5,5,5,2,2,5,9,9,9,3,3,3,5,5,5,6,6,7,2,2,3,2,2,2,3,2,2,9,9,9,7,8,8,6,6,2,5,3,2,4,3,2,5,7,2,2,2,4,4,4,3,3,3
sf,cvs,tolven,tolven/tolvenEJB/src/org/tolven/menuStructure/Timeline.java,clean,java,IssueTrue,43564,348,33732,14,3,6,2,3,9,5,2,2,2,9,9,8,7,6,8,9,9,9,3,3,3,9,9,8,6,6,7,2,2,3,2,2,2,3,2,2,9,9,9,7,8,8,6,6,2,5,3,2,4,3,2,5,7,2,2,2,4,4,4,3,3,3
sf,cvs,tolven,tolven/tolvenEJB/src/org/tolven/menuStructure/TrimList.java,buggy,java,IssueTrue,43564,348,33732,14,3,7,2,5,9,5,4,3,3,9,9,8,7,7,8,9,9,9,4,3,3,9,9,8,7,7,7,4,4,5,4,5,4,6,4,4,9,9,9,7,8,8,4,6,3,4,3,3,2,3,3,5,7,2,2,2,4,4,4,3,3,3
sf,cvs,tolven,tolven/tolvenEJB/src/org/tolven/menuStructure/package-info.java,clean,java,IssueTrue,43564,348,33732,14,1,1,1,2,10,3,1,1,1,1,1,2,1,1,3,9,9,9,1,1,1,1,1,2,4,5,6,1,1,2,1,1,1,1,1,1,9,9,9,7,8,8,1,2,1,2,2,2,1,1,2,5,7,2,2,2,4,4,4,3,3,3
sf,cvs,tolven,tolven/tolvenEJB/src/org/tolven/process/CardinalityValidator.java,buggy,java,IssueTrue,43564,348,33732,14,5,3,4,7,5,7,7,6,6,9,9,8,9,9,9,9,9,9,8,7,7,9,9,8,8,8,8,7,7,8,7,7,7,8,7,7,9,9,9,7,8,8,6,8,6,4,3,4,3,6,5,7,7,2,2,2,5,5,5,4,4,5
sf,cvs,tolven,tolven/tolvenEJB/src/org/tolven/process/ComputeBase.java,clean,java,IssueTrue,43564,348,33732,14,9,3,8,10,2,10,10,10,9,5,5,5,9,9,9,10,10,10,10,10,9,5,5,5,10,10,10,10,10,10,10,10,10,10,10,10,10,10,9,7,8,8,4,8,9,6,8,9,2,7,8,6,7,3,5,5,4,4,4,2,3,2
sf,cvs,tolven,tolven/tolvenEJB/src/org/tolven/process/DataTypeSelect.java,buggy,java,IssueTrue,43564,348,33732,14,6,1,5,7,1,9,8,7,6,9,9,8,9,9,9,9,9,9,9,8,8,9,9,8,8,8,8,7,7,8,7,7,7,8,7,7,9,9,9,7,8,8,6,9,6,4,3,4,4,8,6,5,7,6,6,5,8,6,6,1,1,1
sf,cvs,tolven,tolven/tolvenEJB/src/org/tolven/process/InsertAct.java,buggy,java,IssueTrue,43564,348,33732,14,8,1,8,9,1,10,9,9,8,9,9,8,10,10,10,9,9,9,10,10,9,9,9,8,10,10,9,9,9,9,10,10,9,9,9,9,9,9,9,7,8,8,6,9,8,4,5,6,5,9,8,7,10,3,4,5,5,5,5,3,4,4
sf,cvs,tolven,tolven/tolvenEJB/src/org/tolven/process/ShareSetup.java,buggy,java,IssueTrue,43564,348,33732,14,4,1,4,5,3,5,5,5,4,9,9,8,9,9,9,9,9,9,9,8,8,9,9,8,6,6,7,4,4,5,4,5,4,6,4,4,9,9,9,7,8,8,7,7,4,3,3,2,9,9,6,5,9,2,2,2,8,7,6,1,1,1
sf,cvs,tolven,tolven/tolvenEJB/src/org/tolven/security/CertificateHelper.java,clean,java,IssueTrue,43564,348,33732,14,9,5,9,9,2,7,9,9,9,5,5,8,5,6,9,9,9,9,10,10,10,5,5,8,6,7,8,7,7,9,8,9,9,8,7,9,9,9,9,10,10,10,7,7,9,9,8,9,7,7,9,7,7,10,9,8,6,6,6,10,9,9
sf,cvs,tolven,tolven/tolvenEJB/src/org/tolven/security/LDAPLocal.java,clean,java,IssueTrue,43564,348,33732,14,3,6,4,9,9,3,8,7,7,1,1,2,4,4,6,10,10,10,8,7,7,1,1,2,4,5,6,9,9,9,9,9,9,9,9,9,9,9,9,7,8,8,3,4,7,4,5,6,1,2,3,6,7,2,2,2,4,4,4,3,3,2
sf,cvs,tolven,tolven/tolvenEJB/src/org/tolven/security/LoginRemote.java,clean,java,IssueTrue,43564,348,33732,14,2,8,3,8,10,3,7,6,6,1,1,2,1,1,5,10,10,10,7,6,5,1,1,2,4,5,6,9,9,9,9,9,9,9,8,8,9,9,9,7,8,8,3,4,6,2,2,2,1,2,3,5,9,10,9,8,4,4,4,3,3,2
sf,cvs,tolven,tolven/tolvenEJB/src/org/tolven/security/TolvenPerson.java,clean,java,IssueTrue,43564,348,33732,14,10,8,9,10,4,10,10,10,10,5,5,5,10,10,10,9,9,9,10,9,9,5,5,5,10,10,9,10,10,10,10,10,10,10,10,10,9,9,9,7,8,8,5,9,10,8,9,10,4,7,10,8,7,10,10,9,10,10,10,10,10,10
sf,cvs,tolven,tolven/tolvenEJB/src/org/tolven/security/bean/LDAPBean.java,buggy,java,IssueTrue,43564,348,33732,14,10,8,10,10,4,7,10,10,9,5,5,5,8,8,8,9,9,9,10,10,10,5,5,5,8,8,8,10,10,10,10,10,10,10,9,9,9,9,9,9,9,9,7,8,10,9,9,9,9,8,10,8,9,2,4,4,9,8,8,8,8,6
sf,cvs,tolven,tolven/tolvenEJB/src/org/tolven/security/bean/LoginBean.java,buggy,java,IssueTrue,43564,348,33732,14,9,9,9,9,7,7,10,9,9,5,5,5,8,7,8,9,9,9,10,9,9,5,5,5,9,9,9,10,9,10,10,10,10,10,9,9,9,9,9,9,9,9,7,9,9,7,6,8,7,8,9,9,10,7,9,9,6,7,7,4,4,6
sf,cvs,tolven,tolven/tolvenEJB/src/org/tolven/trim/InfrastructureRoot.java,clean,java,IssueTrue,43564,348,33732,14,7,10,6,9,10,5,9,8,8,5,5,5,7,7,8,10,10,10,7,6,6,5,5,5,10,10,10,9,9,10,10,10,9,9,9,9,9,9,9,7,8,8,4,6,8,5,4,7,2,3,6,7,7,7,7,7,4,4,4,3,3,3
sf,cvs,tolven,tolven/tolvenEJB/src/org/tolven/trim/ValueSet.java,clean,java,IssueTrue,43564,348,33732,14,5,9,3,5,10,5,4,3,3,5,5,5,3,3,6,9,9,9,10,9,9,5,5,5,7,7,7,4,4,5,4,5,4,6,4,4,9,9,9,7,8,8,4,6,3,9,7,5,2,3,3,3,7,8,6,6,10,9,8,10,8,6
sf,cvs,tolven,tolven/tolvenEJB/src/org/tolven/trim/ex/ObservationValueSlotEx.java,clean,java,IssueTrue,43564,348,33732,14,9,1,8,8,1,9,10,9,9,10,10,9,10,10,10,9,9,9,10,9,9,10,10,9,4,5,6,8,8,8,8,8,8,8,8,8,9,9,9,7,8,8,10,10,9,2,3,3,7,7,8,9,10,3,5,6,7,7,7,6,5,6
sf,cvs,tolven,tolven/tolvenEJB/src/org/tolven/trim/ex/TrimFactory.java,buggy,java,IssueTrue,43564,348,33732,14,10,7,10,10,2,10,10,10,10,9,9,8,10,10,10,9,9,9,10,10,10,9,9,8,4,5,6,10,10,10,10,10,10,10,10,10,9,9,9,9,10,10,7,10,10,4,5,9,4,10,10,8,9,9,9,9,10,10,9,8,7,8
sf,cvs,tolven,tolven/tolvenEJB/src/org/tolven/trim/process/ProcessTrim.java,clean,java,IssueTrue,43564,348,33732,14,9,8,9,8,5,10,9,9,8,9,9,8,9,9,9,9,9,9,10,10,10,9,9,8,9,9,9,8,8,9,8,9,8,8,7,7,10,10,10,7,8,8,8,9,8,9,7,8,10,10,10,6,9,3,5,5,6,6,6,9,8,7
sf,cvs,tolven,tolven/tolvenEJB/src/org/tolven/trim/scan/ComputeScanner.java,clean,java,IssueTrue,43564,348,33732,14,8,4,8,9,3,10,9,9,8,9,9,8,8,7,8,9,9,9,10,10,10,9,9,8,10,10,9,10,9,10,10,10,10,9,9,9,10,10,10,7,8,8,5,9,8,5,7,7,4,10,8,6,7,2,4,4,7,7,6,10,8,8
sf,cvs,tolven,tolven/tolvenEJB/src/org/tolven/trim/scan/CreateScanner.java,clean,java,IssueTrue,43564,348,33732,14,8,7,8,8,5,9,10,9,9,9,9,8,6,5,7,9,9,9,10,10,9,9,9,8,7,7,7,8,8,8,8,8,8,8,6,6,10,10,10,7,8,8,9,10,9,6,5,6,9,10,9,9,7,2,4,5,6,6,7,6,6,7
sf,cvs,tolven,tolven/tolvenEJB/src/test/org/tolven/app/el/ExpressionTest.java,buggy,java,IssueTrue,43564,348,33732,14,9,7,9,10,4,3,9,9,8,9,9,8,9,8,9,9,9,9,10,9,9,9,9,8,6,6,7,10,10,10,10,10,10,10,10,10,10,10,10,7,8,8,3,4,8,3,5,7,6,7,10,3,7,2,2,2,4,4,4,6,4,3
sf,cvs,tolven,tolven/tolvenEJB/src/test/org/tolven/trim/scan/TestIncludeScanner.java,clean,java,IssueTrue,43564,348,33732,14,3,2,3,5,5,3,3,3,2,10,10,9,5,4,7,9,9,9,5,5,4,10,10,9,4,5,6,4,4,5,4,5,4,5,3,3,10,10,9,7,8,8,3,4,2,2,2,2,8,5,5,3,7,2,3,3,4,4,4,1,1,1
sf,cvs,tolven,tolven/tolvenServerConfig/src/org/tolven/config/model/TolvenConfigWrapper.java,buggy,java,IssueTrue,43564,348,33732,14,10,8,10,10,2,10,10,10,10,5,5,5,10,10,10,9,9,9,10,10,9,5,5,5,9,9,9,10,10,10,10,10,10,10,10,10,9,9,9,10,10,10,6,9,10,7,9,10,6,8,10,10,7,2,4,6,10,10,10,1,4,5
sf,cvs,tolven,tolven/tolvenWEB/src/org/tolven/ajax/AjaxServlet.java,buggy,java,IssueTrue,43564,348,33732,14,10,7,10,7,3,10,10,10,9,9,9,8,5,4,7,9,9,9,10,9,9,9,9,8,8,8,8,6,6,7,7,8,7,8,6,6,10,10,10,7,8,8,10,10,9,6,7,6,10,10,9,9,10,3,5,6,5,6,6,6,6,7
sf,cvs,tolven,tolven/tolvenWEB/src/org/tolven/ajax/DocServlet.java,clean,java,IssueTrue,43564,348,33732,14,9,8,9,9,5,10,9,9,9,9,9,10,6,6,9,9,9,9,9,10,9,9,9,10,7,8,9,7,9,9,7,9,9,6,5,6,10,10,10,7,8,8,8,9,9,8,7,8,8,9,9,9,9,6,8,8,5,6,6,7,7,8
sf,cvs,tolven,tolven/tolvenWEB/src/org/tolven/ajax/GenericServlet.java,buggy,java,IssueTrue,43564,348,33732,14,10,7,10,6,2,10,10,10,10,9,9,8,4,4,6,9,9,9,10,10,10,9,9,8,6,6,7,6,6,7,6,6,6,3,2,2,10,10,10,7,8,8,10,10,10,9,7,6,10,10,10,9,9,9,9,10,9,9,9,8,9,8
sf,cvs,tolven,tolven/tolvenWEB/src/org/tolven/ajax/GridBuilder.java,buggy,java,IssueTrue,43564,348,33732,14,9,8,9,10,5,9,10,10,9,5,5,5,9,8,9,9,9,9,9,8,8,5,5,5,10,10,10,10,10,10,10,10,10,10,10,10,9,9,9,7,8,8,5,8,9,7,8,9,5,7,9,9,9,4,6,7,6,7,7,6,6,6
sf,cvs,tolven,tolven/tolvenWEB/src/org/tolven/ajax/InstantiateServlet.java,buggy,java,IssueTrue,43564,348,33732,14,10,8,10,7,4,10,10,10,10,9,9,8,4,4,6,9,9,9,10,10,10,9,9,8,9,9,9,6,6,7,7,7,6,7,5,5,10,10,10,7,8,8,10,10,10,9,8,7,10,10,9,10,10,7,9,10,10,10,10,9,9,10
sf,cvs,tolven,tolven/tolvenWEB/src/org/tolven/web/AccountAction.java,buggy,java,IssueTrue,43564,348,33732,14,9,8,9,10,4,9,10,10,10,10,10,9,10,10,10,9,9,9,9,8,8,10,10,9,10,10,10,10,10,10,10,10,10,10,10,10,9,9,9,7,8,8,6,8,10,4,7,8,7,9,10,5,7,2,2,2,9,8,7,5,4,3
sf,cvs,tolven,tolven/tolvenWEB/src/org/tolven/web/MenuAction.java,clean,java,IssueTrue,43564,348,33732,14,10,10,10,10,4,10,10,10,10,9,10,10,10,10,10,9,10,10,9,10,10,9,10,10,10,10,10,10,10,10,10,10,10,10,10,10,9,10,9,7,9,9,7,9,10,5,10,10,8,10,10,10,9,7,9,10,9,9,10,9,10,10
sf,cvs,tolven,tolven/tolvenWEB/src/org/tolven/web/RegisterAction.java,buggy,java,IssueTrue,43564,348,33732,14,10,9,10,10,3,10,10,10,10,9,10,10,10,10,10,9,9,9,10,10,10,9,10,10,10,10,10,10,10,10,10,10,10,10,10,10,9,10,9,7,8,8,6,10,10,4,9,10,6,10,10,9,7,3,5,6,10,10,10,10,10,9
sf,cvs,tolven,tolven/tolvenWEB/src/org/tolven/web/TRIMAction.java,buggy,java,IssueTrue,43564,348,33732,14,10,9,10,10,3,10,10,10,10,9,10,10,10,10,10,9,9,9,9,10,10,9,10,10,9,10,10,9,10,10,9,10,10,9,10,10,9,9,9,7,9,9,7,10,10,5,9,9,8,10,10,9,9,4,6,7,9,9,9,8,9,8
sf,cvs,tolven,tolven/tolvenWEB/src/org/tolven/web/TolvenBean.java,clean,java,IssueTrue,43564,348,33732,14,10,4,9,10,2,9,10,10,10,5,5,5,8,8,8,10,10,10,10,9,9,5,5,5,10,10,10,10,10,10,10,10,10,3,2,2,10,10,10,7,8,8,8,8,10,10,10,10,6,5,9,8,7,8,9,8,5,6,6,10,10,9
sf,cvs,tolven,tolven/tolvenWEB/src/org/tolven/web/TopAction.java,clean,java,IssueTrue,43564,348,33732,14,9,9,9,10,6,7,9,10,10,10,10,10,10,10,10,9,9,9,8,9,9,10,10,10,8,10,9,10,10,10,10,10,10,10,10,10,9,9,9,7,8,8,5,8,10,5,10,9,4,5,9,6,7,2,2,2,8,7,6,9,6,5
sf,cvs,tolven,tolven/tolvenWEB/src/org/tolven/web/security/GeneralSecurityFilter.java,buggy,java,IssueTrue,43564,348,33732,14,7,6,7,5,6,9,8,7,7,9,9,8,3,3,6,9,9,9,9,8,8,9,9,8,8,8,8,5,5,6,5,6,5,7,5,5,9,9,9,7,8,8,9,9,7,9,8,5,9,9,7,9,7,2,5,5,8,8,8,6,6,6
sf,cvs,tolven,tolven/tolvenWEB/src/org/tolven/web/security/VestibuleSecurityFilter.java,clean,java,IssueTrue,43564,348,33732,14,8,8,8,5,7,9,9,8,8,9,9,8,3,3,6,9,9,9,9,8,8,9,9,8,8,8,8,4,4,5,4,5,4,6,4,4,9,9,9,7,8,8,10,10,8,10,9,6,10,9,7,9,7,2,3,3,9,9,9,7,6,6
sf,cvs,tolven,tolven/tolvenWEB/src/org/tolven/web/util/TSDateFormat.java,buggy,java,IssueTrue,43564,348,33732,14,9,7,8,9,5,9,9,8,7,5,5,5,7,6,7,9,9,9,9,8,8,5,5,5,10,10,9,9,9,9,9,9,9,8,8,8,9,9,9,10,10,10,5,8,7,5,6,7,5,8,8,5,7,2,2,2,4,4,4,6,5,4
sf,cvs,tolven,tolven/tolvenWiki/src/org/tolven/wiki/download/ActionQuery.java,clean,java,IssueTrue,43564,348,33732,14,9,6,9,9,3,9,9,9,9,6,9,9,5,6,9,9,9,9,8,9,9,6,9,9,6,7,8,7,9,9,7,9,9,7,8,8,10,10,10,9,10,10,8,8,9,9,8,9,8,7,9,6,7,10,9,9,7,7,7,8,6,7
sf,cvs,tolven,tolven/tolvenWiki/src/org/tolven/wiki/load/sct/Concept.java,clean,java,IssueTrue,43564,348,33732,14,8,4,8,9,3,9,9,9,8,5,5,5,7,7,8,9,9,9,8,7,7,5,5,5,10,10,9,9,9,9,9,9,9,9,9,9,9,9,9,7,8,8,6,8,8,6,6,7,5,7,8,6,7,5,5,7,7,7,7,9,8,7
