Host,Vcs,Project,File,Buggy,PL,IssueTracking,TLOC,TNF,TNC,TND,LOC,CL,NStmt,NFunc,RCC,MNL,avg_WMC,max_WMC,total_WMC,avg_DIT,max_DIT,total_DIT,avg_RFC,max_RFC,total_RFC,avg_NOC,max_NOC,total_NOC,avg_CBO,max_CBO,total_CBO,avg_DIT.1,max_DIT.1,total_DIT.1,avg_NIV,max_NIV,total_NIV,avg_NIM,max_NIM,total_NIM,avg_NOM,max_NOM,total_NOM,avg_NPBM,max_NPBM,total_NPBM,avg_NPM,max_NPM,total_NPM,avg_NPRM,max_NPRM,total_NPRM,avg_CC,max_CC,total_CC,avg_FANIN,max_FANIN,total_FANIN,avg_FANOUT,max_FANOUT,total_FANOUT,NRev,NFix,avg_AddedLOC,max_AddedLOC,total_AddedLOC,avg_DeletedLOC,max_DeletedLOC,total_DeletedLOC,avg_ModifiedLOC,max_ModifiedLOC,total_ModifiedLOC
sf,cvs,uml,uml/uml/uml/associationwidget.cpp,buggy,cpp,IssueFalse,10404,20,2008,7,10,10,10,10,4,10,7,7,7,5,4,5,5,5,5,9,9,9,6,6,6,5,4,5,6,6,6,6,6,6,6,6,6,6,6,6,9,9,9,8,8,9,10,10,10,7,10,10,9,10,10,9,8,4,6,6,6,8,7,10,10,10
sf,cvs,uml,uml/uml/uml/dialogs/classgenpage.cpp,buggy,cpp,IssueFalse,10404,20,2008,7,7,4,8,6,3,8,7,7,7,5,4,5,5,5,5,9,9,9,6,6,6,5,4,5,6,6,6,6,6,6,6,6,6,6,6,6,9,9,9,8,8,9,10,10,7,8,8,7,10,9,8,7,9,5,6,6,8,9,8,10,10,10
sf,cvs,uml,uml/uml/uml/dialogs/classoptionspage.cpp,buggy,cpp,IssueFalse,10404,20,2008,7,4,2,5,5,3,7,7,7,7,5,4,5,5,5,5,9,9,9,6,6,6,5,4,5,6,6,6,6,6,6,6,6,6,6,6,6,9,9,9,8,8,9,5,7,3,4,7,5,9,8,5,4,9,6,6,5,7,7,7,9,7,7
sf,cvs,uml,uml/uml/uml/dialogs/codegenerationwizard.cpp,buggy,cpp,IssueFalse,10404,20,2008,7,8,4,8,8,2,10,7,7,7,5,4,5,5,5,5,9,9,9,6,6,6,5,4,5,6,6,6,6,6,6,6,6,6,6,6,6,9,9,9,8,8,9,9,9,7,7,8,8,10,10,9,8,9,9,9,9,7,8,8,10,10,10
sf,cvs,uml,uml/uml/uml/dialogs/diagramprintpage.cpp,buggy,cpp,IssueFalse,10404,20,2008,7,7,3,8,7,2,9,7,7,7,5,4,5,5,5,5,9,9,9,6,6,6,5,4,5,6,6,6,6,6,6,6,6,6,6,6,6,9,9,9,8,8,9,9,9,7,5,7,7,9,9,8,4,8,6,6,5,9,9,8,10,8,9
sf,cvs,uml,uml/uml/uml/dialogs/parmpropdlg.cpp,buggy,cpp,IssueFalse,10404,20,2008,7,5,3,6,4,4,8,7,7,7,5,4,5,5,5,5,9,9,9,6,6,6,5,4,5,6,6,6,6,6,6,6,6,6,6,6,6,9,9,9,8,8,9,9,9,4,5,6,4,10,9,6,7,9,7,7,7,7,7,8,8,7,8
sf,cvs,uml,uml/uml/uml/dialogs/settingsdlg.cpp,buggy,cpp,IssueFalse,10404,20,2008,7,8,6,9,9,3,7,7,7,7,5,4,5,5,5,5,9,9,9,6,6,6,5,4,5,6,6,6,6,6,6,6,6,6,6,6,6,9,9,9,8,8,9,6,8,7,10,10,10,9,10,10,9,5,7,9,9,9,10,10,10,10,10
sf,cvs,uml,uml/uml/uml/dialogs/umlattributedialog.cpp,buggy,cpp,IssueFalse,10404,20,2008,7,6,3,7,7,2,8,7,7,7,5,4,5,5,5,5,9,9,9,6,6,6,5,4,5,6,6,6,6,6,6,6,6,6,6,6,6,9,9,9,8,8,9,8,9,6,4,7,6,9,9,7,9,9,6,8,8,7,8,8,9,8,9
sf,cvs,uml,uml/uml/uml/dialogs/umloperationdialog.cpp,buggy,cpp,IssueFalse,10404,20,2008,7,9,4,9,9,2,8,7,7,7,5,4,5,5,5,5,9,9,9,6,6,6,5,4,5,6,6,6,6,6,6,6,6,6,6,6,6,9,9,9,8,8,9,8,9,8,4,8,8,9,10,9,9,9,9,10,9,9,9,10,9,9,9
sf,cvs,uml,uml/uml/uml/dialogs/umlwidgetcolorpage.cpp,buggy,cpp,IssueFalse,10404,20,2008,7,3,2,4,6,4,4,7,7,7,5,4,5,5,5,5,9,9,9,6,6,6,5,4,5,6,6,6,6,6,6,6,6,6,6,6,6,9,9,9,8,8,9,3,4,3,3,4,5,8,8,6,4,5,5,5,5,9,8,8,7,6,6
sf,cvs,uml,uml/uml/uml/floatingtext.cpp,clean,cpp,IssueFalse,10404,20,2008,7,9,8,10,10,3,10,7,7,7,5,4,5,5,5,5,9,9,9,6,6,6,5,4,5,6,6,6,6,6,6,6,6,6,6,6,6,9,9,9,8,8,9,9,10,9,4,9,9,8,10,10,9,8,5,6,7,9,10,10,10,10,10
sf,cvs,uml,uml/uml/uml/linepath.cpp,buggy,cpp,IssueFalse,10404,20,2008,7,10,7,10,10,1,9,7,7,7,5,4,5,5,5,5,9,9,9,6,6,6,5,4,5,6,6,6,6,6,6,6,6,6,6,6,6,9,9,9,8,8,9,9,10,10,4,8,9,8,8,10,8,8,10,10,10,10,10,10,10,10,10
sf,cvs,uml,uml/uml/uml/listpopupmenu.cpp,buggy,cpp,IssueFalse,10404,20,2008,7,10,8,10,7,2,8,7,7,7,5,4,5,5,5,5,9,9,9,6,6,6,5,4,5,6,6,6,6,6,6,6,6,6,6,6,6,9,9,9,8,8,9,10,10,9,10,10,10,8,9,8,10,5,7,9,9,8,9,9,10,10,10
sf,cvs,uml,uml/uml/uml/messagewidget.cpp,clean,cpp,IssueFalse,10404,20,2008,7,9,7,9,10,3,9,7,7,7,5,4,5,5,5,5,9,9,9,6,6,6,5,4,5,6,6,6,6,6,6,6,6,6,6,6,6,9,9,9,8,8,9,9,10,9,4,7,8,8,9,9,9,10,5,6,7,9,10,10,10,10,10
sf,cvs,uml,uml/uml/uml/messagewidgetdata.cpp,clean,cpp,IssueFalse,10404,20,2008,7,7,7,7,9,4,7,7,7,7,5,4,5,5,5,5,9,9,9,6,6,6,5,4,5,6,6,6,6,6,6,6,6,6,6,6,6,9,9,9,8,8,9,5,9,7,6,8,9,5,6,7,6,5,4,6,5,9,9,9,10,10,10
sf,cvs,uml,uml/uml/uml/uml.cpp,buggy,cpp,IssueFalse,10404,20,2008,7,10,10,10,10,2,10,7,7,7,5,4,5,5,5,5,9,9,9,6,6,6,5,4,5,6,6,6,6,6,6,6,6,6,6,6,6,9,9,9,8,8,9,7,10,10,4,10,10,9,10,10,10,10,9,10,10,10,10,10,10,10,10
sf,cvs,uml,uml/uml/uml/umllistview.cpp,clean,cpp,IssueFalse,10404,20,2008,7,10,10,10,10,2,10,7,7,7,5,4,5,5,5,5,9,9,9,6,6,6,5,4,5,6,6,6,6,6,6,6,6,6,6,6,6,9,9,9,8,8,9,10,10,10,10,10,10,8,10,10,10,10,8,10,9,7,8,9,9,8,10
sf,cvs,uml,uml/uml/uml/umlview.cpp,buggy,cpp,IssueFalse,10404,20,2008,7,10,10,10,10,2,10,7,7,7,5,4,5,5,5,5,9,9,9,6,6,6,5,4,5,6,6,6,6,6,6,6,6,6,6,6,6,9,9,9,8,8,9,10,10,10,6,10,10,9,10,10,10,10,3,3,3,5,5,5,2,2,2
sf,cvs,uml,uml/uml/uml/umlwidget.cpp,buggy,cpp,IssueFalse,10404,20,2008,7,10,9,10,10,3,10,7,7,7,5,4,5,5,5,5,9,9,9,6,6,6,5,4,5,6,6,6,6,6,6,6,6,6,6,6,6,9,9,9,8,8,9,9,10,10,5,10,10,8,9,10,9,5,8,9,9,9,10,10,10,10,10
sf,cvs,uml,uml/uml/uml/worktoolbar.cpp,buggy,cpp,IssueFalse,10404,20,2008,7,8,4,8,7,2,7,7,7,7,5,4,5,5,5,5,9,9,9,6,6,6,5,4,5,6,6,6,6,6,6,6,6,6,6,6,6,9,9,9,8,8,9,8,9,6,10,10,10,7,6,7,9,10,7,9,9,8,9,9,10,10,10
