Host,Vcs,Project,File,Buggy,PL,IssueTracking,TLOC,TNF,TNC,TND,LOC,CL,NStmt,NFunc,RCC,MNL,avg_WMC,max_WMC,total_WMC,avg_DIT,max_DIT,total_DIT,avg_RFC,max_RFC,total_RFC,avg_NOC,max_NOC,total_NOC,avg_CBO,max_CBO,total_CBO,avg_DIT.1,max_DIT.1,total_DIT.1,avg_NIV,max_NIV,total_NIV,avg_NIM,max_NIM,total_NIM,avg_NOM,max_NOM,total_NOM,avg_NPBM,max_NPBM,total_NPBM,avg_NPM,max_NPM,total_NPM,avg_NPRM,max_NPRM,total_NPRM,avg_CC,max_CC,total_CC,avg_FANIN,max_FANIN,total_FANIN,avg_FANOUT,max_FANOUT,total_FANOUT,NRev,NFix,avg_AddedLOC,max_AddedLOC,total_AddedLOC,avg_DeletedLOC,max_DeletedLOC,total_DeletedLOC,avg_ModifiedLOC,max_ModifiedLOC,total_ModifiedLOC
sf,cvs,unigrok,unigrok/unigrok/src/com/unigrok/client/Connection.java,clean,java,IssueFalse,3997,46,322,2,2,1,3,3,1,4,2,2,2,9,9,8,6,6,6,9,9,9,3,3,3,9,9,8,7,6,7,6,7,6,3,2,6,7,7,3,8,8,8,7,7,7,3,4,3,5,5,3,3,3,2,5,7,3,4,4,7,7,7,6,5,5
sf,cvs,unigrok,unigrok/unigrok/src/com/unigrok/io/Trace.java,clean,java,IssueFalse,3997,46,322,2,6,1,7,6,1,9,9,8,7,5,5,7,7,7,7,9,9,9,6,5,5,5,5,7,6,4,6,6,6,6,8,7,8,9,9,8,8,8,8,9,8,8,7,8,8,10,10,9,5,5,6,6,7,3,5,5,6,7,7,2,3,3
sf,cvs,unigrok,unigrok/unigrok/src/com/unigrok/serv/CLIContext.java,clean,java,IssueFalse,3997,46,322,2,8,2,9,7,1,10,10,9,9,9,9,8,9,9,9,9,9,9,10,10,9,9,9,8,8,7,8,9,9,8,9,8,8,9,9,9,8,8,8,7,7,7,8,10,9,5,7,6,8,10,8,9,10,6,8,9,4,5,5,5,6,7
sf,cvs,unigrok,unigrok/unigrok/src/com/unigrok/serv/Dispatcher.java,clean,java,IssueFalse,3997,46,322,2,3,2,5,3,4,10,5,5,4,5,5,7,6,6,6,9,9,9,8,7,6,5,5,7,8,7,7,6,7,6,3,2,6,7,7,3,8,8,8,7,7,7,9,8,6,8,6,3,10,7,4,6,7,4,6,6,6,7,7,3,4,5
sf,cvs,unigrok,unigrok/unigrok/src/com/unigrok/serv/Entry.java,clean,java,IssueFalse,3997,46,322,2,3,3,5,4,6,7,5,4,4,5,5,7,6,6,7,9,9,9,6,5,5,5,5,7,8,7,8,7,7,7,6,5,7,8,8,6,8,8,8,7,7,7,4,6,5,5,6,4,5,6,4,5,7,5,7,6,6,7,7,3,3,4
sf,cvs,unigrok,unigrok/unigrok/src/com/unigrok/serv/Request.java,clean,java,IssueFalse,3997,46,322,2,8,4,9,8,3,9,10,9,9,5,5,7,8,7,7,9,9,9,9,8,8,5,5,7,10,9,9,9,9,9,9,9,9,10,9,9,8,8,8,7,7,7,7,9,9,7,8,8,6,9,8,8,7,5,7,8,7,8,8,5,6,7
sf,cvs,unigrok,unigrok/unigrok/src/com/unigrok/serv/Server.java,clean,java,IssueFalse,3997,46,322,2,6,1,8,4,1,9,8,7,6,10,10,9,9,9,9,9,9,9,10,9,8,10,10,9,9,8,9,7,7,7,6,5,7,8,8,6,8,8,8,7,7,7,8,8,8,8,7,5,10,8,7,5,7,6,7,6,4,5,5,7,6,6
sf,cvs,unigrok,unigrok/unigrok/src/com/unigrok/serv/Servlet.java,buggy,java,IssueFalse,3997,46,322,2,9,3,9,5,2,9,10,9,9,5,5,7,7,7,7,9,9,9,10,10,9,5,5,7,9,8,9,8,8,8,7,6,8,8,8,6,8,8,8,7,7,7,10,10,10,9,9,7,10,9,9,9,9,4,7,7,4,5,5,5,7,8
sf,cvs,unigrok,unigrok/unigrok/src/com/unigrok/serv/ServletContext.java,clean,java,IssueFalse,3997,46,322,2,8,2,8,8,1,8,10,9,9,9,9,8,9,9,9,9,9,9,10,9,8,9,9,8,9,8,8,10,9,9,10,9,9,10,10,9,8,8,8,7,7,7,6,9,9,7,8,8,5,6,8,7,9,5,7,7,7,8,8,5,6,6
sf,cvs,unigrok,unigrok/unigrok/src/com/unigrok/serv/VirtualServer.java,buggy,java,IssueFalse,3997,46,322,2,7,2,8,8,1,9,9,8,7,10,10,9,9,9,9,9,9,9,9,8,8,10,10,9,10,9,9,10,9,9,10,9,9,10,9,9,8,8,8,7,7,7,4,7,8,8,8,8,4,8,7,8,10,5,7,8,7,8,8,4,5,7
sf,cvs,unigrok,unigrok/unigrok/src/com/unigrok/tag/Editable.java,clean,java,IssueFalse,3997,46,322,2,5,3,7,7,5,8,8,7,7,5,5,7,7,7,7,10,10,10,8,7,6,5,5,7,8,7,8,9,9,8,9,8,8,9,9,8,8,8,8,7,7,7,5,7,8,6,7,7,4,4,6,8,7,6,8,8,6,8,8,3,4,5
sf,cvs,unigrok,unigrok/unigrok/src/com/unigrok/tag/Eval.java,buggy,java,IssueFalse,3997,46,322,2,3,1,4,2,2,7,4,3,3,9,9,8,6,6,6,9,9,9,5,4,4,9,9,8,6,4,6,6,6,6,2,1,6,6,6,2,8,8,8,7,7,7,9,7,4,9,7,3,7,4,3,5,7,6,7,6,7,7,7,3,3,3
sf,cvs,unigrok,unigrok/unigrok/src/com/unigrok/tag/ObjectTag.java,buggy,java,IssueFalse,3997,46,322,2,2,1,2,3,2,4,3,3,2,9,9,8,6,6,6,10,10,10,4,3,3,9,9,8,6,4,6,7,7,7,4,3,7,7,7,4,8,8,8,7,7,7,3,4,4,6,5,3,2,2,3,5,7,5,6,6,6,6,6,2,2,2
sf,cvs,unigrok,unigrok/unigrok/src/com/unigrok/tag/Post.java,buggy,java,IssueFalse,3997,46,322,2,6,2,7,2,2,10,8,7,7,9,9,8,6,6,6,9,9,9,8,7,7,9,9,8,7,6,7,6,6,6,2,1,6,6,6,2,8,8,8,7,7,7,10,10,8,10,9,4,10,9,6,6,7,5,6,7,7,7,7,4,4,4
sf,cvs,unigrok,unigrok/unigrok/src/com/unigrok/tag/Set.java,clean,java,IssueFalse,3997,46,322,2,6,2,6,2,2,10,7,6,6,9,9,8,6,6,6,9,9,9,8,7,6,9,9,8,7,6,7,6,6,6,2,1,6,6,6,2,8,8,8,7,7,7,10,10,7,10,9,4,10,9,5,7,7,6,7,8,7,8,8,3,5,5
sf,cvs,unigrok,unigrok/unigrok/src/com/unigrok/tag/StringTag.java,buggy,java,IssueFalse,3997,46,322,2,2,1,2,3,2,4,3,3,2,9,9,8,6,6,6,10,10,10,4,3,3,9,9,8,6,4,6,7,7,7,4,3,7,7,7,4,8,8,8,7,7,7,3,4,4,9,8,5,2,2,3,5,7,5,6,6,6,6,6,2,2,2
sf,cvs,unigrok,unigrok/unigrok/src/com/unigrok/tag/XSLT.java,clean,java,IssueFalse,3997,46,322,2,5,1,7,3,1,9,7,6,5,9,9,8,6,6,6,9,9,9,9,8,8,9,9,8,6,4,6,6,7,6,3,2,6,7,7,3,8,8,8,7,7,7,10,9,7,9,8,4,10,9,6,7,7,5,7,7,4,5,5,6,6,6
sf,cvs,unigrok,unigrok/unigrok/src/com/unigrok/tag/flow/CondTag.java,buggy,java,IssueFalse,3997,46,322,2,8,3,9,8,2,8,2,3,8,5,5,10,6,6,10,9,9,9,3,5,10,5,5,10,6,4,6,6,6,9,1,1,9,6,6,9,8,8,8,7,7,7,5,7,9,5,6,7,4,4,7,5,7,6,6,6,6,6,6,6,5,4
sf,cvs,unigrok,unigrok/unigrok/src/com/unigrok/tag/flow/Evaluate.java,buggy,java,IssueFalse,3997,46,322,2,6,2,7,3,1,9,7,6,6,9,9,8,6,6,6,9,9,9,8,7,7,9,9,8,6,4,6,6,6,6,3,2,6,7,7,3,8,8,8,7,7,7,10,9,7,9,8,4,10,9,6,6,7,7,7,8,6,7,7,6,6,6
sf,cvs,unigrok,unigrok/unigrok/src/com/unigrok/tag/flow/If.java,buggy,java,IssueFalse,3997,46,322,2,4,1,5,3,2,9,7,6,5,9,9,8,6,6,6,10,10,10,5,4,4,9,9,8,7,6,7,6,7,6,4,3,7,6,6,2,9,9,9,7,7,7,9,9,6,6,6,4,8,6,4,5,7,6,6,6,7,7,7,3,3,3
sf,cvs,unigrok,unigrok/unigrok/src/com/unigrok/tag/flow/IfOr.java,buggy,java,IssueFalse,3997,46,322,2,3,1,4,2,2,9,6,5,4,10,10,9,6,6,6,9,9,9,4,3,3,10,10,9,6,4,6,6,6,6,2,1,6,6,6,2,8,8,8,7,7,7,10,9,6,7,5,3,10,6,4,5,7,4,5,5,7,7,7,5,4,4
sf,cvs,unigrok,unigrok/unigrok/src/com/unigrok/tag/flow/Iter.java,buggy,java,IssueFalse,3997,46,322,2,7,4,9,5,3,8,9,9,8,9,9,8,7,7,7,9,9,9,8,7,7,9,9,8,10,9,9,8,8,8,7,6,8,9,8,7,8,8,8,7,7,7,9,10,9,9,10,7,8,9,7,8,7,6,8,8,8,9,9,2,3,4
sf,cvs,unigrok,unigrok/unigrok/src/com/unigrok/tag/flow/March.java,clean,java,IssueFalse,3997,46,322,2,5,2,7,4,2,8,8,7,6,9,9,8,6,6,6,9,9,9,6,5,5,9,9,8,8,7,8,7,7,7,5,4,7,8,7,5,8,8,8,7,7,7,9,9,8,5,6,4,7,7,5,6,7,7,9,8,7,7,7,3,4,5
sf,cvs,unigrok,unigrok/unigrok/src/com/unigrok/tag/form/Form.java,clean,java,IssueFalse,3997,46,322,2,5,1,7,6,1,7,8,7,7,9,9,8,7,7,7,9,9,9,6,5,5,9,9,8,10,9,9,9,8,8,8,7,8,9,9,8,8,8,8,7,7,7,5,7,8,7,9,7,5,8,6,5,7,6,7,6,7,7,7,3,3,3
sf,cvs,unigrok,unigrok/unigrok/src/com/unigrok/tag/form/FormTag.java,clean,java,IssueFalse,3997,46,322,2,4,1,5,4,1,7,6,5,4,9,9,8,6,6,6,9,9,9,5,5,4,9,9,8,9,8,8,7,7,7,5,4,7,8,7,5,8,8,8,7,7,7,6,7,6,9,8,6,8,7,5,5,7,6,6,6,7,7,7,3,3,3
sf,cvs,unigrok,unigrok/unigrok/src/com/unigrok/tag/form/HRef.java,clean,java,IssueFalse,3997,46,322,2,2,1,3,2,2,4,2,1,1,9,9,8,6,6,6,9,9,9,5,5,4,9,9,8,8,7,8,6,6,6,2,1,6,6,6,2,8,8,8,7,7,7,3,4,3,10,8,3,9,5,3,5,7,5,6,6,7,7,7,2,2,2
sf,cvs,unigrok,unigrok/unigrok/src/com/unigrok/tag/sql/DB.java,clean,java,IssueFalse,3997,46,322,2,6,2,7,5,2,8,7,6,6,9,9,8,7,7,7,9,9,9,9,8,8,9,9,8,8,7,7,8,8,8,7,6,8,9,8,7,8,8,8,7,7,7,5,7,7,7,8,6,7,6,7,5,7,7,7,7,4,5,5,7,6,6
sf,cvs,unigrok,unigrok/unigrok/src/com/unigrok/tag/sql/SetTag.java,clean,java,IssueFalse,3997,46,322,2,3,1,4,2,3,7,3,3,2,9,9,8,6,6,6,9,9,9,5,5,4,9,9,8,6,4,6,6,6,6,2,1,6,6,6,2,8,8,8,7,7,7,8,7,4,7,5,3,9,5,3,5,7,5,7,7,6,7,7,3,3,4
sf,cvs,unigrok,unigrok/unigrok/src/com/unigrok/xml/ArgBundle.java,buggy,java,IssueFalse,3997,46,322,2,5,5,6,7,6,7,8,7,7,10,10,9,9,8,8,9,9,9,6,5,5,10,10,9,8,7,7,9,9,8,9,8,8,9,9,9,8,8,8,7,7,7,4,6,8,9,8,8,4,4,7,6,7,4,6,6,6,7,7,2,2,2
sf,cvs,unigrok,unigrok/unigrok/src/com/unigrok/xml/ArgList.java,buggy,java,IssueFalse,3997,46,322,2,9,2,10,9,1,9,10,10,10,10,10,9,8,8,8,10,10,10,9,8,7,10,10,9,8,7,7,10,9,9,10,10,9,10,10,10,8,8,8,7,7,7,7,10,10,7,8,9,5,7,9,7,7,10,10,10,5,7,7,8,8,8
sf,cvs,unigrok,unigrok/unigrok/src/com/unigrok/xml/Attic/NSOutputMap.java,buggy,java,IssueFalse,3997,46,322,2,6,2,7,5,3,7,6,6,6,5,5,8,6,6,8,9,9,9,4,5,6,5,5,8,8,7,9,7,8,8,5,5,8,7,8,7,8,8,8,7,7,7,6,7,8,7,7,6,5,5,6,8,10,5,7,7,6,7,7,2,3,4
sf,cvs,unigrok,unigrok/unigrok/src/com/unigrok/xml/AttrList.java,buggy,java,IssueFalse,3997,46,322,2,5,7,7,5,7,8,8,7,6,9,9,8,7,7,7,9,9,9,6,5,5,9,9,8,8,7,8,8,8,8,7,6,8,9,8,7,8,8,8,7,7,7,6,8,8,9,9,7,5,6,6,7,7,6,8,8,8,8,8,3,4,4
sf,cvs,unigrok,unigrok/unigrok/src/com/unigrok/xml/AttrObj.java,clean,java,IssueFalse,3997,46,322,2,2,1,2,4,4,4,4,3,3,9,9,8,6,6,6,10,10,10,4,3,3,9,9,8,6,4,6,7,7,7,5,4,7,8,7,5,8,8,8,7,7,7,3,4,4,6,6,4,2,2,3,6,7,4,6,6,5,6,6,2,2,2
sf,cvs,unigrok,unigrok/unigrok/src/com/unigrok/xml/Bean.java,buggy,java,IssueFalse,3997,46,322,2,7,1,8,7,1,10,9,9,8,5,5,7,7,7,7,9,9,9,8,7,6,5,5,7,8,7,7,9,9,8,9,8,8,9,9,8,8,8,8,7,7,7,8,9,9,9,8,8,7,8,8,7,7,3,5,5,4,5,5,7,7,8
sf,cvs,unigrok,unigrok/unigrok/src/com/unigrok/xml/Call.java,clean,java,IssueFalse,3997,46,322,2,4,2,5,4,3,10,7,6,5,9,9,8,6,6,6,9,9,9,8,7,6,9,9,8,7,6,7,7,7,7,5,4,7,8,7,5,8,8,8,7,7,7,8,9,7,6,6,4,7,7,5,7,9,6,8,8,7,7,8,3,4,5
sf,cvs,unigrok,unigrok/unigrok/src/com/unigrok/xml/Context.java,buggy,java,IssueFalse,3997,46,322,2,10,9,10,10,4,9,10,10,10,5,5,7,9,9,9,10,10,10,10,10,10,5,5,7,10,9,9,10,10,10,10,10,10,10,10,10,8,8,8,7,7,7,7,9,10,7,9,10,5,8,10,9,10,7,7,9,6,7,8,6,6,8
sf,cvs,unigrok,unigrok/unigrok/src/com/unigrok/xml/Defun.java,clean,java,IssueFalse,3997,46,322,2,5,1,6,6,1,8,8,7,6,9,9,8,7,7,7,9,9,9,6,5,5,9,9,8,8,7,8,9,8,8,8,7,8,9,8,7,8,8,8,7,7,7,5,7,8,7,7,6,3,4,5,8,10,4,7,7,5,7,7,3,4,5
sf,cvs,unigrok,unigrok/unigrok/src/com/unigrok/xml/Dictionary.java,buggy,java,IssueFalse,3997,46,322,2,6,3,7,8,3,7,9,8,8,10,10,9,9,9,9,9,9,9,4,3,3,10,10,9,6,4,6,9,9,9,9,9,9,10,9,9,8,8,8,7,7,7,5,7,9,8,9,8,5,4,7,9,7,8,9,9,7,9,9,5,7,7
sf,cvs,unigrok,unigrok/unigrok/src/com/unigrok/xml/Fn.java,clean,java,IssueFalse,3997,46,322,2,8,1,8,9,1,8,10,9,9,5,5,7,8,8,8,9,9,9,9,8,8,5,5,7,7,6,7,10,10,9,10,10,9,10,10,10,8,8,8,7,7,7,5,7,10,6,7,8,4,4,8,6,7,4,5,5,5,6,6,2,2,2
sf,cvs,unigrok,unigrok/unigrok/src/com/unigrok/xml/NodeHandler.java,buggy,java,IssueFalse,3997,46,322,2,8,2,9,7,1,9,9,9,8,5,5,7,7,7,7,10,10,10,10,9,9,5,5,7,10,9,9,9,9,8,9,8,9,10,9,9,8,8,8,7,7,7,6,10,9,8,8,8,7,9,8,6,7,7,8,8,7,7,7,3,3,4
sf,cvs,unigrok,unigrok/unigrok/src/com/unigrok/xml/QuikHandler.java,buggy,java,IssueFalse,3997,46,322,2,5,2,6,5,2,8,4,5,5,6,9,9,7,7,8,9,9,9,5,5,7,6,9,9,7,7,7,7,8,8,4,5,7,7,8,7,8,8,8,7,7,7,5,7,7,5,8,5,6,8,6,6,7,8,8,8,6,7,7,3,3,4
sf,cvs,unigrok,unigrok/unigrok/src/com/unigrok/xml/StringOp.java,clean,java,IssueFalse,3997,46,322,2,8,3,9,7,2,9,10,9,9,5,5,7,7,7,7,9,9,9,9,8,7,5,5,7,6,4,6,6,6,6,9,8,9,10,9,9,8,8,8,7,7,7,8,8,10,9,10,9,6,6,8,6,9,8,9,8,5,6,6,2,2,2
sf,cvs,unigrok,unigrok/unigrok/src/com/unigrok/xml/Thing.java,buggy,java,IssueFalse,3997,46,322,2,1,1,1,2,8,4,2,1,1,9,9,8,6,6,6,10,10,10,1,1,1,9,9,8,6,4,6,6,6,6,2,1,6,6,6,2,8,8,8,7,7,7,3,4,3,3,3,2,1,1,2,5,7,3,4,4,7,7,7,2,2,2
sf,cvs,unigrok,unigrok/unigrok/src/com/unigrok/xml/TreeNode.java,buggy,java,IssueFalse,3997,46,322,2,10,8,10,10,3,9,10,10,10,6,10,10,8,9,9,10,10,10,7,10,9,6,10,10,8,8,9,9,10,10,10,10,10,10,10,10,8,8,8,7,7,7,6,8,10,7,9,10,5,7,10,10,10,7,9,10,8,9,10,5,7,9
