Host,Vcs,Project,File,Buggy,PL,IssueTracking,TLOC,TNF,TNC,TND,LOC,CL,NStmt,NFunc,RCC,MNL,avg_WMC,max_WMC,total_WMC,avg_DIT,max_DIT,total_DIT,avg_RFC,max_RFC,total_RFC,avg_NOC,max_NOC,total_NOC,avg_CBO,max_CBO,total_CBO,avg_DIT.1,max_DIT.1,total_DIT.1,avg_NIV,max_NIV,total_NIV,avg_NIM,max_NIM,total_NIM,avg_NOM,max_NOM,total_NOM,avg_NPBM,max_NPBM,total_NPBM,avg_NPM,max_NPM,total_NPM,avg_NPRM,max_NPRM,total_NPRM,avg_CC,max_CC,total_CC,avg_FANIN,max_FANIN,total_FANIN,avg_FANOUT,max_FANOUT,total_FANOUT,NRev,NFix,avg_AddedLOC,max_AddedLOC,total_AddedLOC,avg_DeletedLOC,max_DeletedLOC,total_DeletedLOC,avg_ModifiedLOC,max_ModifiedLOC,total_ModifiedLOC
sf,cvs,vapor,vapor/vapor/apps/flashamr2vdf/flashamr2vdf.cpp,clean,cpp,IssueTrue,57543,145,4579,9,5,5,5,3,4,10,7,7,7,5,8,8,5,5,5,9,9,9,7,7,7,5,8,8,9,8,8,6,6,6,6,6,6,6,6,6,9,9,9,8,8,9,10,9,5,10,6,3,10,10,5,6,4,10,10,10,10,9,9,10,10,9
sf,cvs,vapor,vapor/vapor/apps/flashamr2vdf/flashvdfcreate.cpp,clean,cpp,IssueTrue,57543,145,4579,9,5,4,5,4,3,10,7,7,7,5,8,8,5,5,5,9,9,9,7,7,7,5,8,8,9,8,8,6,6,6,6,6,6,6,6,6,9,9,9,8,8,9,10,8,5,7,6,4,8,7,4,3,4,3,3,3,4,4,4,5,5,3
sf,cvs,vapor,vapor/vapor/apps/tiff2geotiff/getopt.cpp,clean,cpp,IssueTrue,57543,145,4579,9,2,4,2,3,8,7,7,7,7,5,8,8,5,5,5,9,9,9,6,6,6,5,8,8,6,6,6,6,6,6,6,6,6,6,6,6,9,9,9,8,8,9,10,6,3,8,4,3,6,4,3,7,8,3,4,5,6,7,7,7,7,7
sf,cvs,vapor,vapor/vapor/apps/tiff2geotiff/tiff2geotiff.cpp,clean,cpp,IssueTrue,57543,145,4579,9,9,8,9,9,2,9,7,7,7,5,8,8,5,5,5,9,9,9,6,6,6,5,8,8,8,7,7,6,6,6,6,6,6,6,6,6,9,9,9,8,8,9,9,9,9,7,9,9,5,9,8,10,10,8,10,10,8,10,9,8,9,10
sf,cvs,vapor,vapor/vapor/apps/vaporgui/guis/Attic/qthumbwheel.cpp,clean,cpp,IssueTrue,57543,145,4579,9,4,6,4,7,5,6,7,7,7,5,8,8,5,5,5,9,9,9,6,6,6,5,8,8,6,6,6,6,6,6,6,6,6,6,6,6,9,9,9,8,8,9,4,6,5,3,4,4,4,8,6,3,4,5,4,4,4,4,4,8,7,4
sf,cvs,vapor,vapor/vapor/apps/vaporgui/guis/animationeventrouter.cpp,buggy,cpp,IssueTrue,57543,145,4579,9,7,6,7,8,3,6,7,7,7,5,8,8,5,5,5,9,9,9,6,6,6,5,8,8,6,6,6,6,6,6,6,6,6,6,6,6,9,9,9,8,8,9,5,6,7,4,6,6,7,9,9,8,6,6,7,7,7,7,7,6,8,7
sf,cvs,vapor,vapor/vapor/apps/vaporgui/guis/animationeventrouter.h,buggy,cpp,IssueTrue,57543,145,4579,9,2,2,2,2,6,2,10,10,10,8,10,10,9,9,9,9,9,9,10,9,9,8,10,10,8,7,7,10,10,10,10,10,10,8,8,8,10,10,10,10,10,10,2,3,2,2,2,2,1,2,2,4,4,4,4,4,7,6,6,2,3,2
sf,cvs,vapor,vapor/vapor/apps/vaporgui/guis/dvreventrouter.cpp,buggy,cpp,IssueTrue,57543,145,4579,9,8,8,8,9,3,7,7,7,7,5,8,8,5,5,5,9,9,9,6,6,6,5,8,8,6,6,6,6,6,6,6,6,6,6,6,6,9,9,9,8,8,9,5,6,8,5,6,8,8,10,10,6,6,8,8,7,7,7,7,6,6,5
sf,cvs,vapor,vapor/vapor/apps/vaporgui/guis/dvreventrouter.h,clean,cpp,IssueTrue,57543,145,4579,9,3,3,3,3,5,2,10,10,10,8,10,10,9,9,9,9,9,9,10,10,10,8,10,10,9,8,8,10,10,10,10,10,10,10,10,10,10,10,10,9,9,9,3,3,2,3,3,2,2,3,2,4,4,4,4,4,6,6,6,2,3,2
sf,cvs,vapor,vapor/vapor/apps/vaporgui/guis/eventrouter.cpp,clean,cpp,IssueTrue,57543,145,4579,9,5,5,5,6,3,6,7,7,7,5,8,8,5,5,5,9,9,9,6,6,6,5,8,8,6,6,6,6,6,6,6,6,6,6,6,6,9,9,9,8,8,9,6,6,5,7,6,7,8,8,7,6,6,3,4,4,4,4,4,3,5,4
sf,cvs,vapor,vapor/vapor/apps/vaporgui/guis/floweventrouter.cpp,buggy,cpp,IssueTrue,57543,145,4579,9,10,10,10,10,3,9,7,7,7,5,8,8,5,5,5,9,9,9,6,6,6,5,8,8,6,6,6,6,6,6,6,6,6,6,6,6,9,9,9,8,8,9,7,10,10,5,10,9,9,10,10,8,6,3,3,3,4,4,4,1,2,1
sf,cvs,vapor,vapor/vapor/apps/vaporgui/guis/glprobewindow.cpp,buggy,cpp,IssueTrue,57543,145,4579,9,5,6,5,5,4,9,7,7,7,5,8,8,5,5,5,9,9,9,6,6,6,5,8,8,6,6,6,6,6,6,6,6,6,6,6,6,9,9,9,8,8,9,7,7,5,7,6,5,9,9,7,8,9,9,9,9,7,8,8,6,8,7
sf,cvs,vapor,vapor/vapor/apps/vaporgui/guis/glprobewindow.h,clean,cpp,IssueTrue,57543,145,4579,9,2,2,2,4,7,4,10,9,9,8,10,10,7,7,6,9,9,9,10,9,9,8,10,10,10,10,9,9,9,9,9,9,9,9,9,9,10,10,10,8,8,9,3,3,3,3,3,3,2,3,3,6,4,3,4,4,4,4,4,2,3,3
sf,cvs,vapor,vapor/vapor/apps/vaporgui/guis/gltwoDwindow.cpp,clean,cpp,IssueTrue,57543,145,4579,9,4,5,4,5,5,6,7,7,7,5,8,8,5,5,5,9,9,9,6,6,6,5,8,8,6,6,6,6,6,6,6,6,6,6,6,6,9,9,9,8,8,9,7,6,4,5,4,4,8,8,6,8,9,5,6,6,5,6,6,3,6,5
sf,cvs,vapor,vapor/vapor/apps/vaporgui/guis/gltwoDwindow.h,clean,cpp,IssueTrue,57543,145,4579,9,1,2,1,3,8,4,9,9,9,8,10,10,6,6,6,9,9,9,9,9,9,8,10,10,9,8,8,9,9,8,9,9,8,8,8,8,10,10,10,8,8,9,3,3,3,3,3,2,2,3,2,3,4,4,4,4,4,4,4,5,5,3
sf,cvs,vapor,vapor/vapor/apps/vaporgui/guis/isoeventrouter.cpp,clean,cpp,IssueTrue,57543,145,4579,9,8,8,9,9,3,7,7,7,7,5,8,8,5,5,5,9,9,9,6,6,6,5,8,8,6,6,6,6,6,6,6,6,6,6,6,6,9,9,9,8,8,9,6,6,8,5,7,8,8,10,10,6,4,8,8,7,6,6,6,3,5,4
sf,cvs,vapor,vapor/vapor/apps/vaporgui/guis/isoeventrouter.h,clean,cpp,IssueTrue,57543,145,4579,9,2,2,2,2,5,2,10,10,10,8,10,10,9,9,9,9,9,9,10,10,10,8,10,10,8,8,8,10,10,10,10,10,10,6,6,7,10,10,10,10,10,10,2,3,2,2,2,2,1,2,2,3,4,4,4,4,4,4,4,1,2,1
sf,cvs,vapor,vapor/vapor/apps/vaporgui/guis/probeeventrouter.cpp,buggy,cpp,IssueTrue,57543,145,4579,9,10,10,10,10,3,10,7,7,7,5,8,8,5,5,5,9,9,9,6,6,6,5,8,8,6,6,6,6,6,6,6,6,6,6,6,6,9,9,9,8,8,9,7,8,10,5,10,9,9,10,10,10,10,3,3,3,4,4,4,1,2,1
sf,cvs,vapor,vapor/vapor/apps/vaporgui/guis/probeeventrouter.h,clean,cpp,IssueTrue,57543,145,4579,9,4,4,4,4,4,4,10,10,10,8,10,10,9,10,10,9,9,9,10,10,10,8,10,10,10,10,10,10,10,10,10,10,10,7,8,8,10,10,10,10,10,10,3,4,3,10,10,5,2,3,3,7,4,6,6,7,5,5,6,2,5,4
sf,cvs,vapor,vapor/vapor/apps/vaporgui/guis/regioneventrouter.cpp,clean,cpp,IssueTrue,57543,145,4579,9,8,7,8,8,2,7,7,7,7,5,8,8,5,5,5,9,9,9,6,6,6,5,8,8,6,6,6,6,6,6,6,6,6,6,6,6,9,9,9,8,8,9,6,8,7,5,7,7,8,8,9,8,6,10,10,10,10,10,10,10,10,10
sf,cvs,vapor,vapor/vapor/apps/vaporgui/guis/regioneventrouter.h,clean,cpp,IssueTrue,57543,145,4579,9,2,3,2,2,7,2,10,10,10,8,10,10,9,9,9,9,9,9,10,10,10,8,10,10,8,7,7,10,10,10,10,10,10,6,6,7,10,10,10,10,10,10,2,3,2,2,2,2,1,2,2,6,4,3,4,4,7,7,6,7,8,5
sf,cvs,vapor,vapor/vapor/apps/vaporgui/guis/twoDdataeventrouter.cpp,clean,cpp,IssueTrue,57543,145,4579,9,10,9,10,10,3,9,7,7,7,5,8,8,5,5,5,9,9,9,6,6,6,5,8,8,6,6,6,6,6,6,6,6,6,6,6,6,9,9,9,8,8,9,6,8,9,5,8,9,8,10,10,10,9,3,3,3,4,4,4,1,2,1
sf,cvs,vapor,vapor/vapor/apps/vaporgui/guis/twoDdataeventrouter.h,clean,cpp,IssueTrue,57543,145,4579,9,3,3,3,3,4,2,10,10,10,9,10,10,10,10,10,9,9,9,10,10,10,9,10,10,8,8,8,10,10,10,10,10,10,8,8,8,10,10,10,10,10,10,3,3,2,5,3,2,3,3,2,7,4,3,4,5,5,5,5,1,3,3
sf,cvs,vapor,vapor/vapor/apps/vaporgui/guis/twoDeventrouter.cpp,clean,cpp,IssueTrue,57543,145,4579,9,3,4,3,4,6,6,7,7,7,5,8,8,5,5,5,9,9,9,6,6,6,5,8,8,6,6,6,6,6,6,6,6,6,6,6,6,9,9,9,8,8,9,8,7,4,6,4,3,6,6,4,10,8,3,3,3,10,10,10,3,9,7
sf,cvs,vapor,vapor/vapor/apps/vaporgui/guis/twoDeventrouter.h,buggy,cpp,IssueTrue,57543,145,4579,9,2,2,2,3,7,2,9,9,8,8,10,10,9,9,8,10,10,10,9,9,9,8,10,10,10,9,9,9,9,9,9,9,9,10,9,9,10,9,9,8,8,9,3,3,2,10,9,5,2,3,2,8,6,3,4,5,10,10,10,6,9,7
sf,cvs,vapor,vapor/vapor/apps/vaporgui/guis/twoDimageeventrouter.cpp,clean,cpp,IssueTrue,57543,145,4579,9,9,9,9,9,3,7,7,7,7,5,8,8,5,5,5,9,9,9,6,6,6,5,8,8,6,6,6,6,6,6,6,6,6,6,6,6,9,9,9,8,8,9,6,7,9,5,8,8,8,10,10,10,10,8,9,10,7,8,9,7,10,10
sf,cvs,vapor,vapor/vapor/apps/vaporgui/guis/twoDimageeventrouter.h,clean,cpp,IssueTrue,57543,145,4579,9,3,2,3,3,5,2,10,10,10,9,10,10,10,10,9,9,9,9,10,10,10,9,10,10,8,8,7,10,10,10,10,10,10,6,6,7,10,10,10,10,10,10,3,3,2,5,3,2,1,2,2,7,6,3,4,4,6,7,6,2,3,3
sf,cvs,vapor,vapor/vapor/apps/vaporgui/guis/twodframe.cpp,clean,cpp,IssueTrue,57543,145,4579,9,2,3,2,4,6,4,7,7,7,5,8,8,5,5,5,9,9,9,6,6,6,5,8,8,6,6,6,6,6,6,6,6,6,6,6,6,9,9,9,8,8,9,5,4,3,4,3,3,6,6,4,3,4,3,3,3,4,4,4,3,3,2
sf,cvs,vapor,vapor/vapor/apps/vaporgui/guis/twodframe.h,clean,cpp,IssueTrue,57543,145,4579,9,2,2,2,4,7,2,9,9,8,8,10,10,6,6,6,9,9,9,9,9,9,8,10,10,9,9,8,9,9,8,9,9,8,8,8,8,9,9,9,10,10,10,3,3,3,3,3,3,2,3,3,3,4,4,4,4,4,4,4,1,2,1
sf,cvs,vapor,vapor/vapor/apps/vaporgui/guis/viewpointeventrouter.cpp,clean,cpp,IssueTrue,57543,145,4579,9,7,8,8,7,4,9,7,7,7,5,8,8,5,5,5,9,9,9,6,6,6,5,8,8,6,6,6,6,6,6,6,6,6,6,6,6,9,9,9,8,8,9,7,7,7,5,6,6,9,9,9,8,6,9,10,9,6,6,7,8,10,8
sf,cvs,vapor,vapor/vapor/apps/vaporgui/main/command.cpp,buggy,cpp,IssueTrue,57543,145,4579,9,5,2,5,7,2,4,7,7,7,5,8,8,5,5,5,9,9,9,6,6,6,5,8,8,6,6,6,6,6,6,6,6,6,6,6,6,9,9,9,8,8,9,7,6,7,5,5,6,4,5,6,4,6,3,3,3,4,4,4,6,6,5
sf,cvs,vapor,vapor/vapor/apps/vaporgui/main/mainform.cpp,buggy,cpp,IssueTrue,57543,145,4579,9,9,10,9,9,4,7,7,7,7,5,8,8,5,5,5,9,9,9,6,6,6,5,8,8,6,6,6,6,6,6,6,6,6,6,6,6,9,9,9,8,8,9,5,5,8,6,10,9,8,10,10,10,10,3,3,3,4,4,4,1,2,1
sf,cvs,vapor,vapor/vapor/apps/vaporgui/main/mainform.h,buggy,cpp,IssueTrue,57543,145,4579,9,4,4,5,6,4,4,10,10,10,8,10,10,9,9,9,9,9,9,10,10,10,8,10,10,10,10,10,10,10,10,10,10,10,10,10,10,10,10,10,10,10,10,3,4,3,7,10,6,2,3,3,6,4,8,7,8,7,7,7,9,9,8
sf,cvs,vapor,vapor/vapor/apps/vaporgui/main/session.cpp,buggy,cpp,IssueTrue,57543,145,4579,9,8,9,9,8,4,10,7,7,7,5,8,8,5,5,5,9,9,9,6,6,6,5,8,8,6,6,6,6,6,6,6,6,6,6,6,6,9,9,9,8,8,9,9,9,8,4,6,5,7,9,8,7,4,5,5,6,4,4,4,3,6,5
sf,cvs,vapor,vapor/vapor/apps/vaporgui/main/tabmanager.h,buggy,cpp,IssueTrue,57543,145,4579,9,2,4,1,4,9,2,9,9,9,8,10,10,7,7,6,9,9,9,10,9,9,8,10,10,9,8,8,10,9,9,10,9,9,7,7,7,9,9,9,10,10,10,3,3,3,7,7,4,2,3,3,3,4,3,3,3,4,4,4,3,3,2
sf,cvs,vapor,vapor/vapor/apps/vaporgui/main/vizwin.cpp,clean,cpp,IssueTrue,57543,145,4579,9,8,9,8,7,5,10,7,7,7,5,8,8,5,5,5,9,9,9,6,6,6,5,8,8,6,6,6,6,6,6,6,6,6,6,6,6,9,9,9,8,8,9,8,8,7,3,4,4,8,10,8,9,8,8,10,9,5,5,5,8,9,9
sf,cvs,vapor,vapor/vapor/apps/vaporgui/main/vizwinmgr.cpp,clean,cpp,IssueTrue,57543,145,4579,9,10,9,10,10,3,9,7,7,7,5,8,8,5,5,5,9,9,9,6,6,6,5,8,8,6,6,6,6,6,6,6,6,6,6,6,6,9,9,9,8,8,9,9,10,10,9,10,10,8,10,10,10,10,3,3,3,4,4,4,1,2,1
sf,cvs,vapor,vapor/vapor/apps/vaporgui/main/vizwinmgr.h,clean,cpp,IssueTrue,57543,145,4579,9,6,7,7,10,4,6,10,10,10,8,10,10,10,10,10,9,9,9,10,10,10,8,10,10,10,10,10,10,10,10,10,10,10,10,10,10,10,10,10,9,9,9,3,4,7,10,10,10,2,4,7,3,4,7,5,5,4,4,4,1,2,1
sf,cvs,vapor,vapor/vapor/apps/vaporgui/misc/animationcontroller.cpp,buggy,cpp,IssueTrue,57543,145,4579,9,3,5,3,5,6,6,7,7,7,5,8,8,5,5,5,9,9,9,6,6,6,5,8,8,6,6,6,6,6,6,6,6,6,6,6,6,9,9,9,8,8,9,6,6,4,2,3,3,6,7,5,3,4,6,5,5,4,4,4,1,2,1
sf,cvs,vapor,vapor/vapor/apps/vaporgui/misc/vizfeatureparams.cpp,buggy,cpp,IssueTrue,57543,145,4579,9,8,6,8,7,2,9,7,7,7,5,8,8,5,5,5,9,9,9,6,6,6,5,8,8,6,6,6,6,6,6,6,6,6,6,6,6,9,9,9,8,8,9,7,8,7,9,10,9,9,10,8,4,4,6,5,5,8,7,7,2,3,2
sf,cvs,vapor,vapor/vapor/apps/vdf2raw/vdf2raw.cpp,clean,cpp,IssueTrue,57543,145,4579,9,6,1,6,3,1,7,7,7,7,5,8,8,5,5,5,9,9,9,6,6,7,5,8,8,10,9,9,6,6,6,6,6,6,6,6,6,9,9,9,8,8,9,10,8,6,10,7,5,10,8,6,6,6,3,4,4,4,4,4,6,8,5
sf,cvs,vapor,vapor/vapor/apps/wrf2vdf/wrf2vdf.cpp,clean,cpp,IssueTrue,57543,145,4579,9,9,9,9,6,3,9,7,7,7,5,8,8,5,5,5,9,9,9,7,7,7,5,8,8,10,9,9,6,6,6,6,6,6,6,6,6,9,9,9,8,8,9,10,10,9,9,7,8,10,9,8,3,6,7,5,5,4,4,4,3,3,2
sf,cvs,vapor,vapor/vapor/apps/wrfvdfcreate/wrfvdfcreate.cpp,clean,cpp,IssueTrue,57543,145,4579,9,7,5,7,5,2,10,7,7,7,5,8,8,5,5,5,9,9,9,7,7,7,5,8,8,10,10,9,6,6,6,6,6,6,6,6,6,9,9,9,8,8,9,10,10,7,8,9,5,8,10,6,8,6,6,7,7,4,4,4,6,8,7
sf,cvs,vapor,vapor/vapor/include/vapor/AMRData.h,clean,cpp,IssueTrue,57543,145,4579,9,3,9,2,3,10,2,10,10,10,8,10,10,8,8,8,9,9,9,7,7,7,8,10,10,9,9,8,9,9,9,9,9,9,9,9,9,9,9,9,10,10,10,3,3,2,4,3,2,2,3,2,6,9,6,6,6,4,4,4,7,7,6
sf,cvs,vapor,vapor/vapor/include/vapor/AMRIO.h,clean,cpp,IssueTrue,57543,145,4579,9,2,9,2,3,10,2,10,9,9,9,10,10,9,9,9,9,9,9,8,7,8,9,10,10,10,9,9,10,9,9,10,9,9,10,9,9,9,9,9,10,9,9,3,3,2,3,2,2,2,3,2,3,6,3,3,3,4,4,4,5,5,3
sf,cvs,vapor,vapor/vapor/include/vapor/Attic/WaveletBlock2DRegionReader.h,clean,cpp,IssueTrue,57543,145,4579,9,2,7,1,3,10,2,7,7,7,8,10,10,6,6,6,9,9,9,6,6,7,8,10,10,8,7,7,9,9,9,9,9,8,9,9,8,9,9,9,10,10,10,3,3,2,2,2,2,2,3,2,3,6,3,3,3,4,4,4,9,7,5
sf,cvs,vapor,vapor/vapor/include/vapor/LayeredIO.h,clean,cpp,IssueTrue,57543,145,4579,9,3,10,2,3,10,2,10,10,10,9,10,10,9,9,8,9,9,9,8,7,8,9,10,10,10,9,9,10,10,10,10,10,9,10,10,10,9,9,9,10,10,10,3,3,2,4,3,2,2,3,2,3,4,8,6,5,4,4,4,6,6,3
sf,cvs,vapor,vapor/vapor/include/vapor/Metadata.h,clean,cpp,IssueTrue,57543,145,4579,9,7,10,7,10,9,4,10,10,10,8,10,10,10,10,10,9,9,9,8,7,8,8,10,10,10,10,10,10,10,10,10,10,10,10,10,10,10,10,10,8,8,9,4,4,7,6,9,9,3,4,8,6,6,9,9,9,4,4,4,7,7,6
sf,cvs,vapor,vapor/vapor/include/vapor/Version.h,clean,cpp,IssueTrue,57543,145,4579,9,1,4,1,4,10,2,7,7,7,8,10,10,7,7,7,9,9,9,6,6,6,8,10,10,6,6,6,6,6,6,8,8,7,9,8,8,9,9,9,8,8,9,3,3,3,3,2,2,2,3,3,7,6,3,3,3,4,4,4,7,6,7
sf,cvs,vapor,vapor/vapor/include/vapor/WaveletBlock3DRegionReader.h,clean,cpp,IssueTrue,57543,145,4579,9,2,7,1,3,10,2,7,7,7,8,10,10,8,7,7,10,10,10,6,6,7,8,10,10,8,7,7,10,9,9,10,9,9,9,8,8,9,9,9,10,10,10,3,3,2,2,2,2,2,3,2,3,6,3,3,3,4,4,4,9,7,5
sf,cvs,vapor,vapor/vapor/lib/flow/VaporFlow.cpp,clean,cpp,IssueTrue,57543,145,4579,9,9,9,9,8,4,10,7,7,7,5,8,8,5,5,5,9,9,9,6,6,6,5,8,8,6,6,6,6,6,6,6,6,6,6,6,6,9,9,9,8,8,9,9,8,9,5,4,6,6,8,8,6,6,4,5,5,6,6,6,9,9,8
sf,cvs,vapor,vapor/vapor/lib/params/animationparams.cpp,clean,cpp,IssueTrue,57543,145,4579,9,5,5,5,5,4,9,7,7,7,5,8,8,5,5,5,9,9,9,6,6,6,5,8,8,6,6,6,6,6,6,6,6,6,6,6,6,9,9,9,8,8,9,9,7,6,2,3,3,3,4,4,6,8,3,3,3,7,7,7,6,7,5
sf,cvs,vapor,vapor/vapor/lib/params/datastatus.cpp,buggy,cpp,IssueTrue,57543,145,4579,9,7,7,8,7,3,9,7,7,7,5,8,8,5,5,5,9,9,9,6,6,6,5,8,8,6,6,6,6,6,6,6,6,6,6,6,6,9,9,9,8,8,9,8,9,8,7,8,7,6,10,7,8,9,7,8,8,5,6,6,6,8,7
sf,cvs,vapor,vapor/vapor/lib/params/datastatus.h,clean,cpp,IssueTrue,57543,145,4579,9,6,6,7,10,4,6,10,10,10,8,10,10,10,10,10,9,9,9,9,9,9,8,10,10,10,10,10,10,10,10,10,10,10,10,10,10,9,9,9,9,9,9,3,5,8,9,10,10,2,3,7,6,8,6,6,7,4,4,4,2,3,3
sf,cvs,vapor,vapor/vapor/lib/params/dvrparams.cpp,clean,cpp,IssueTrue,57543,145,4579,9,7,7,7,7,4,10,7,7,7,5,8,8,5,5,5,9,9,9,6,6,6,5,8,8,6,6,6,6,6,6,6,6,6,6,6,6,9,9,9,8,8,9,8,8,7,3,3,4,3,6,6,4,6,3,4,4,4,4,4,3,5,3
sf,cvs,vapor,vapor/vapor/lib/params/flowparams.cpp,clean,cpp,IssueTrue,57543,145,4579,9,10,10,10,8,3,10,7,7,7,5,8,8,5,5,5,9,9,9,6,6,6,5,8,8,6,6,6,6,6,6,6,6,6,6,6,6,9,9,9,8,8,9,10,10,10,10,10,10,10,10,10,7,6,3,3,3,4,4,4,1,2,1
sf,cvs,vapor,vapor/vapor/lib/params/glutil.cpp,clean,cpp,IssueTrue,57543,145,4579,9,8,9,8,9,6,9,7,7,7,5,8,8,5,5,5,9,9,9,6,6,6,5,8,8,6,6,6,6,6,6,6,6,6,6,6,6,9,9,9,8,8,9,5,6,7,5,6,7,3,4,6,6,8,10,9,9,9,9,9,1,3,2
sf,cvs,vapor,vapor/vapor/lib/params/glutil.h,buggy,cpp,IssueTrue,57543,145,4579,9,3,5,3,7,7,4,8,8,8,5,8,8,5,5,5,9,9,9,6,6,6,5,8,8,6,6,6,8,8,8,8,8,7,9,8,8,9,9,9,8,8,9,3,3,4,8,8,8,2,3,4,7,8,4,4,5,5,5,5,2,3,3
sf,cvs,vapor,vapor/vapor/lib/params/params.cpp,buggy,cpp,IssueTrue,57543,145,4579,9,5,7,5,7,5,7,7,7,7,5,8,8,5,5,5,9,9,9,6,6,6,5,8,8,6,6,6,6,6,6,6,6,6,6,6,6,9,9,9,8,8,9,5,6,6,7,7,8,4,5,6,6,6,4,5,5,4,4,4,9,9,8
sf,cvs,vapor,vapor/vapor/lib/params/params.h,clean,cpp,IssueTrue,57543,145,4579,9,4,6,4,9,6,4,10,10,10,8,10,10,9,9,10,10,10,10,8,8,8,8,10,10,8,8,9,10,10,10,10,10,10,10,10,10,9,9,9,8,8,9,3,4,5,7,9,9,2,4,5,6,4,4,4,5,5,5,5,9,9,8
sf,cvs,vapor,vapor/vapor/lib/params/probeparams.cpp,clean,cpp,IssueTrue,57543,145,4579,9,9,10,10,8,4,10,7,7,7,5,8,8,5,5,5,9,9,9,6,6,6,5,8,8,6,6,6,6,6,6,6,6,6,6,6,6,9,9,9,8,8,9,10,9,9,8,10,9,8,9,9,9,9,10,10,10,7,9,8,6,9,8
sf,cvs,vapor,vapor/vapor/lib/params/probeparams.h,clean,cpp,IssueTrue,57543,145,4579,9,5,6,6,10,4,6,10,10,10,10,10,10,10,10,10,9,9,9,9,9,9,10,10,10,10,10,10,10,10,10,10,10,10,10,10,10,10,10,10,8,8,9,3,4,7,6,6,9,2,3,6,6,4,5,5,5,4,4,4,2,5,3
sf,cvs,vapor,vapor/vapor/lib/params/regionparams.cpp,clean,cpp,IssueTrue,57543,145,4579,9,7,7,8,7,3,10,7,7,7,5,8,8,5,5,5,9,9,9,6,6,6,5,8,8,6,6,6,6,6,6,6,6,6,6,6,6,9,9,9,8,8,9,9,8,8,8,8,8,6,7,7,7,4,10,10,9,10,10,10,10,10,10
sf,cvs,vapor,vapor/vapor/lib/params/regionparams.h,clean,cpp,IssueTrue,57543,145,4579,9,3,4,3,6,7,6,10,10,10,9,10,10,9,9,9,9,9,9,9,9,9,9,10,10,8,8,8,10,10,9,10,10,10,10,10,10,9,9,9,8,8,9,3,4,3,6,6,6,2,3,3,6,4,8,7,7,9,8,8,10,9,9
sf,cvs,vapor,vapor/vapor/lib/params/twoDdataparams.cpp,clean,cpp,IssueTrue,57543,145,4579,9,8,8,9,7,4,10,7,7,7,5,8,8,5,5,5,9,9,9,6,6,6,5,8,8,6,6,6,6,6,6,6,6,6,6,6,6,9,9,9,8,8,9,9,9,8,8,9,8,8,9,8,6,6,3,4,4,5,6,6,2,5,3
sf,cvs,vapor,vapor/vapor/lib/params/twoDdataparams.h,clean,cpp,IssueTrue,57543,145,4579,9,4,4,4,8,4,6,10,10,10,10,10,10,10,10,10,9,9,9,9,9,9,10,10,10,10,9,9,10,10,10,10,10,10,10,10,10,10,9,9,8,8,9,3,4,5,5,4,6,2,3,4,4,6,4,4,4,4,4,4,3,5,3
sf,cvs,vapor,vapor/vapor/lib/params/twoDimageparams.cpp,buggy,cpp,IssueTrue,57543,145,4579,9,7,8,8,6,4,9,7,7,7,5,8,8,5,5,5,9,9,9,6,6,6,5,8,8,6,6,6,6,6,6,6,6,6,6,6,6,9,9,9,8,8,9,10,8,8,8,9,7,9,8,8,10,10,9,9,10,8,9,9,6,9,9
sf,cvs,vapor,vapor/vapor/lib/params/twoDimageparams.h,clean,cpp,IssueTrue,57543,145,4579,9,3,4,4,8,5,6,10,10,10,10,10,10,10,10,10,9,9,9,9,9,9,10,10,10,10,9,9,10,10,10,10,10,10,10,10,10,10,10,10,8,8,9,3,5,5,4,5,6,2,3,4,6,9,6,5,6,4,4,4,8,9,8
sf,cvs,vapor,vapor/vapor/lib/params/twoDparams.cpp,clean,cpp,IssueTrue,57543,145,4579,9,4,5,4,5,6,7,7,7,7,5,8,8,5,5,5,9,9,9,6,6,6,5,8,8,6,6,6,6,6,6,6,6,6,6,6,6,9,9,9,8,8,9,6,5,4,5,5,4,3,4,3,10,9,10,10,10,10,10,10,9,10,10
sf,cvs,vapor,vapor/vapor/lib/params/twoDparams.h,clean,cpp,IssueTrue,57543,145,4579,9,3,4,4,8,5,4,10,9,9,10,10,10,10,10,10,10,10,10,8,7,8,10,10,10,10,10,9,10,10,10,10,10,10,10,10,10,10,10,10,8,8,9,3,3,4,8,8,8,2,3,4,10,9,7,9,9,10,10,10,7,9,9
sf,cvs,vapor,vapor/vapor/lib/params/viewpointparams.cpp,clean,cpp,IssueTrue,57543,145,4579,9,7,6,7,7,3,9,7,7,7,5,8,8,5,5,5,9,9,9,6,6,6,5,8,8,6,6,6,6,6,6,6,6,6,6,6,6,9,9,9,8,8,9,7,8,7,8,9,8,6,7,7,3,4,6,4,4,4,4,4,3,3,2
sf,cvs,vapor,vapor/vapor/lib/params/viewpointparams.h,clean,cpp,IssueTrue,57543,145,4579,9,4,4,5,9,5,4,10,10,10,9,10,10,10,10,10,9,9,9,9,8,8,9,10,10,10,9,9,10,10,10,10,10,10,10,10,10,9,9,9,8,8,9,3,3,6,5,6,8,2,3,5,3,4,3,3,3,4,4,4,3,3,2
sf,cvs,vapor,vapor/vapor/lib/render/DVRLookup.cpp,clean,cpp,IssueTrue,57543,145,4579,9,4,5,3,5,6,6,7,7,7,5,8,8,5,5,5,9,9,9,6,6,6,5,8,8,6,6,6,6,6,6,6,6,6,6,6,6,9,9,9,8,8,9,5,5,4,3,4,3,4,4,4,3,6,3,3,3,4,4,4,5,5,3
sf,cvs,vapor,vapor/vapor/lib/render/DVRShader.cpp,clean,cpp,IssueTrue,57543,145,4579,9,7,8,6,7,4,7,7,7,7,5,8,8,5,5,5,9,9,9,6,6,6,5,8,8,6,6,6,6,6,6,6,6,6,6,6,6,9,9,9,8,8,9,7,6,6,4,4,5,4,5,6,4,8,4,4,4,4,4,4,2,3,2
sf,cvs,vapor,vapor/vapor/lib/render/ShaderProgram.h,clean,cpp,IssueTrue,57543,145,4579,9,1,1,1,2,5,2,10,9,9,5,8,8,6,6,6,9,9,9,7,7,7,5,8,8,7,7,7,9,9,8,9,9,8,10,9,9,9,9,9,8,8,9,2,3,2,2,2,2,1,2,2,4,4,5,5,5,4,4,4,3,3,3
sf,cvs,vapor,vapor/vapor/lib/render/VolumeRenderer.cpp,clean,cpp,IssueTrue,57543,145,4579,9,7,8,6,6,4,7,7,7,7,5,8,8,5,5,5,9,9,9,6,6,6,5,8,8,6,6,6,6,6,6,6,6,6,6,6,6,9,9,9,8,8,9,8,8,6,4,5,4,9,10,7,8,8,5,5,6,7,7,7,6,7,7
sf,cvs,vapor,vapor/vapor/lib/render/customcontext.cpp,clean,cpp,IssueTrue,57543,145,4579,9,1,2,1,2,10,2,7,7,7,5,8,8,5,5,5,9,9,9,6,6,6,5,8,8,6,6,6,6,6,6,6,6,6,6,6,6,9,9,9,8,8,9,2,3,2,2,2,2,1,2,2,3,6,4,4,4,4,4,4,1,2,1
sf,cvs,vapor,vapor/vapor/lib/render/flowrenderer.cpp,buggy,cpp,IssueTrue,57543,145,4579,9,9,10,10,7,5,10,7,7,7,5,8,8,5,5,5,9,9,9,6,6,6,5,8,8,6,6,6,6,6,6,6,6,6,6,6,6,9,9,9,8,8,9,10,10,9,7,7,8,10,10,9,9,9,3,3,3,4,4,4,1,2,1
sf,cvs,vapor,vapor/vapor/lib/render/flowrenderer.h,clean,cpp,IssueTrue,57543,145,4579,9,2,6,3,5,9,4,10,10,10,9,10,10,9,9,9,9,9,9,10,9,9,9,10,10,10,10,10,10,10,10,10,10,10,10,10,10,10,10,10,8,8,9,3,3,3,5,4,4,2,3,3,4,6,3,3,3,7,6,6,1,2,1
sf,cvs,vapor,vapor/vapor/lib/render/glwindow.cpp,buggy,cpp,IssueTrue,57543,145,4579,9,10,10,10,9,4,10,7,7,7,5,8,8,5,5,5,9,9,9,6,6,6,5,8,8,6,6,6,6,6,6,6,6,6,6,6,6,9,9,9,8,8,9,8,8,9,6,7,9,9,10,10,10,10,3,3,3,4,4,4,1,2,1
sf,cvs,vapor,vapor/vapor/lib/render/glwindow.h,clean,cpp,IssueTrue,57543,145,4579,9,6,7,8,10,4,4,10,10,10,8,10,10,10,10,10,9,9,9,10,10,10,8,10,10,10,10,10,10,10,10,10,10,10,10,10,10,10,10,10,8,8,9,3,3,8,4,8,9,2,3,8,7,4,7,7,7,7,8,8,9,9,9
sf,cvs,vapor,vapor/vapor/lib/render/manip.cpp,clean,cpp,IssueTrue,57543,145,4579,9,8,10,8,7,6,9,7,7,7,5,8,8,5,5,5,9,9,9,6,6,6,5,8,8,6,6,6,6,6,6,6,6,6,6,6,6,9,9,9,8,8,9,9,8,8,7,5,7,7,5,7,7,4,7,7,7,8,8,8,9,9,9
sf,cvs,vapor,vapor/vapor/lib/render/proberenderer.cpp,buggy,cpp,IssueTrue,57543,145,4579,9,6,6,6,5,4,9,7,7,7,5,8,8,5,5,5,9,9,9,6,6,6,5,8,8,6,6,6,6,6,6,6,6,6,6,6,6,9,9,9,8,8,9,8,6,6,7,5,5,9,8,7,8,9,9,9,9,8,8,8,10,10,9
sf,cvs,vapor,vapor/vapor/lib/render/proberenderer.h,clean,cpp,IssueTrue,57543,145,4579,9,1,2,1,2,9,2,10,10,9,9,10,10,8,8,8,9,9,9,9,8,8,9,10,10,8,7,7,7,7,7,9,8,8,9,9,8,10,10,10,8,8,9,2,3,2,2,2,2,1,2,2,4,8,6,5,5,7,6,7,8,7,5
sf,cvs,vapor,vapor/vapor/lib/render/twoDdatarenderer.cpp,buggy,cpp,IssueTrue,57543,145,4579,9,5,5,5,4,4,9,7,7,7,5,8,8,5,5,5,9,9,9,6,6,6,5,8,8,6,6,6,6,6,6,6,6,6,6,6,6,9,9,9,8,8,9,10,8,5,5,4,3,10,9,6,6,9,5,6,6,5,6,6,5,6,5
sf,cvs,vapor,vapor/vapor/lib/render/twoDimagerenderer.cpp,buggy,cpp,IssueTrue,57543,145,4579,9,6,7,6,4,5,10,7,7,7,5,8,8,5,5,5,9,9,9,6,6,6,5,8,8,6,6,6,6,6,6,6,6,6,6,6,6,9,9,9,8,8,9,10,9,6,4,3,3,10,9,6,10,10,4,6,6,5,6,7,6,8,8
sf,cvs,vapor,vapor/vapor/lib/render/twoDrenderer.cpp,buggy,cpp,IssueTrue,57543,145,4579,9,5,5,5,4,4,9,7,7,7,5,8,8,5,5,5,9,9,9,6,6,6,5,8,8,6,6,6,6,6,6,6,6,6,6,6,6,9,9,9,8,8,9,8,7,5,7,6,5,7,8,5,10,9,10,10,10,10,10,10,9,10,10
sf,cvs,vapor,vapor/vapor/lib/render/twoDrenderer.h,buggy,cpp,IssueTrue,57543,145,4579,9,1,2,1,2,8,2,10,9,9,9,10,10,8,8,8,10,10,10,8,8,8,9,10,10,10,9,9,8,8,8,8,8,8,8,8,8,10,10,10,8,8,9,2,3,2,2,2,2,1,2,2,6,6,3,4,4,7,6,7,3,6,4
sf,cvs,vapor,vapor/vapor/lib/vdf/AMRData.cpp,clean,cpp,IssueTrue,57543,145,4579,9,8,7,8,6,3,10,7,7,7,5,8,8,5,5,5,9,9,9,6,6,6,5,8,8,6,6,6,6,6,6,6,6,6,6,6,6,9,9,9,8,8,9,9,8,7,8,7,7,6,6,7,6,9,9,9,8,7,7,7,10,9,8
sf,cvs,vapor,vapor/vapor/lib/vdf/AMRTree.cpp,clean,cpp,IssueTrue,57543,145,4579,9,8,6,8,8,2,9,7,7,7,5,8,8,5,5,5,9,9,9,6,6,6,5,8,8,6,6,6,6,6,6,6,6,6,6,6,6,9,9,9,8,8,9,6,5,8,4,4,7,4,5,8,6,9,9,8,8,10,10,10,8,8,6
sf,cvs,vapor,vapor/vapor/lib/vdf/DataMgr.cpp,clean,cpp,IssueTrue,57543,145,4579,9,8,6,8,7,2,9,7,7,7,5,8,8,5,5,5,9,9,9,6,6,6,5,8,8,6,6,6,6,6,6,6,6,6,6,6,6,9,9,9,8,8,9,9,8,8,9,8,9,8,8,8,4,8,8,7,6,4,4,4,2,3,2
sf,cvs,vapor,vapor/vapor/lib/vdf/LayeredIO.cpp,clean,cpp,IssueTrue,57543,145,4579,9,7,5,7,7,3,10,7,7,7,5,8,8,5,5,5,9,9,9,6,6,6,5,8,8,6,6,6,6,6,6,6,6,6,6,6,6,9,9,9,8,8,9,7,6,7,6,6,7,4,6,6,3,4,3,3,3,4,4,4,5,5,3
sf,cvs,vapor,vapor/vapor/lib/vdf/Metadata.cpp,clean,cpp,IssueTrue,57543,145,4579,9,9,8,9,9,2,10,7,7,7,5,8,8,5,5,5,9,9,9,6,6,6,5,8,8,6,6,6,6,6,6,6,6,6,6,6,6,9,9,9,8,8,9,8,9,9,8,9,9,8,8,9,6,8,6,7,7,7,8,7,6,8,6
sf,cvs,vapor,vapor/vapor/lib/vdf/VDFIOBase.cpp,clean,cpp,IssueTrue,57543,145,4579,9,5,1,5,6,2,7,7,7,7,5,8,8,5,5,5,9,9,9,6,6,6,5,8,8,6,6,6,6,6,6,6,6,6,6,6,6,9,9,9,8,8,9,7,5,6,8,8,7,4,6,6,3,4,3,3,3,4,4,4,5,5,3
sf,cvs,vapor,vapor/vapor/lib/vdf/WRF.cpp,clean,cpp,IssueTrue,57543,145,4579,9,7,8,8,5,4,9,7,7,7,5,8,8,5,5,5,9,9,9,6,6,6,5,8,8,6,6,6,6,6,6,6,6,6,6,6,6,9,9,9,8,8,9,10,10,7,9,8,7,7,8,6,9,8,9,8,9,6,7,7,8,9,9
sf,cvs,vapor,vapor/vapor/share/examples/VDC/amr_ex.cpp,clean,cpp,IssueTrue,57543,145,4579,9,5,7,5,4,6,9,7,7,7,5,8,8,5,5,5,9,9,9,6,6,7,5,8,8,7,7,7,6,6,6,6,6,6,6,6,6,9,9,9,8,8,9,9,8,5,8,6,5,8,8,5,3,4,3,3,3,4,4,4,5,5,3
