Host,Vcs,Project,File,Buggy,PL,IssueTracking,TLOC,TNF,TNC,TND,LOC,CL,NStmt,NFunc,RCC,MNL,avg_WMC,max_WMC,total_WMC,avg_DIT,max_DIT,total_DIT,avg_RFC,max_RFC,total_RFC,avg_NOC,max_NOC,total_NOC,avg_CBO,max_CBO,total_CBO,avg_DIT.1,max_DIT.1,total_DIT.1,avg_NIV,max_NIV,total_NIV,avg_NIM,max_NIM,total_NIM,avg_NOM,max_NOM,total_NOM,avg_NPBM,max_NPBM,total_NPBM,avg_NPM,max_NPM,total_NPM,avg_NPRM,max_NPRM,total_NPRM,avg_CC,max_CC,total_CC,avg_FANIN,max_FANIN,total_FANIN,avg_FANOUT,max_FANOUT,total_FANOUT,NRev,NFix,avg_AddedLOC,max_AddedLOC,total_AddedLOC,avg_DeletedLOC,max_DeletedLOC,total_DeletedLOC,avg_ModifiedLOC,max_ModifiedLOC,total_ModifiedLOC
sf,cvs,vrmoo,vrmoo/client/src/org/vrmoo/client/Client.java,clean,java,IssueFalse,8783,76,1783,2,10,10,10,9,7,10,10,10,9,8,8,8,8,8,8,9,9,9,10,10,10,8,8,8,10,9,9,10,10,9,10,10,9,10,10,10,8,8,8,10,10,10,6,8,9,7,10,9,6,8,9,10,9,9,10,10,10,10,10,7,9,10
sf,cvs,vrmoo,vrmoo/client/src/org/vrmoo/client/ClientCommandDispatcher.java,clean,java,IssueFalse,8783,76,1783,2,8,9,7,7,7,7,9,8,8,7,6,7,7,7,7,9,9,9,7,6,5,7,6,7,6,4,6,3,2,2,9,8,7,6,6,2,8,8,8,10,10,10,6,8,8,3,5,6,6,6,7,8,5,10,9,9,4,4,4,2,3,3
sf,cvs,vrmoo,vrmoo/client/src/org/vrmoo/client/command/GetNextIDCommand.java,clean,java,IssueFalse,8783,76,1783,2,8,10,8,7,9,9,5,7,7,7,8,9,6,7,8,9,9,9,3,4,6,7,8,9,7,8,8,5,6,7,5,6,7,7,7,7,8,8,8,9,10,10,5,7,7,5,7,6,5,6,7,3,8,3,4,2,4,4,4,4,3,3
sf,cvs,vrmoo,vrmoo/client/src/org/vrmoo/client/display/AppearancePanel.java,clean,java,IssueFalse,8783,76,1783,2,10,10,10,8,6,9,4,8,9,7,10,10,9,10,10,9,9,9,7,8,10,7,10,10,7,9,9,5,9,9,4,9,9,6,7,8,8,8,8,9,10,10,6,6,9,6,8,8,8,8,10,6,9,5,7,5,5,6,6,8,8,8
sf,cvs,vrmoo,vrmoo/client/src/org/vrmoo/client/display/ClientFrame.java,buggy,java,IssueFalse,8783,76,1783,2,8,10,8,6,8,7,4,6,6,9,10,10,10,10,10,9,9,9,7,9,9,9,10,10,9,10,10,5,7,7,4,7,7,7,7,6,8,8,8,9,10,10,4,5,6,8,9,8,7,9,7,9,10,9,9,9,10,10,10,9,10,10
sf,cvs,vrmoo,vrmoo/client/src/org/vrmoo/client/display/ClientHandler.java,clean,java,IssueFalse,8783,76,1783,2,4,9,5,5,9,7,6,5,4,7,6,7,7,6,7,9,9,9,5,4,4,7,6,7,8,7,7,7,6,5,7,5,5,8,8,6,8,8,8,9,8,8,4,4,4,6,5,5,4,4,4,3,8,3,4,2,4,4,4,4,3,3
sf,cvs,vrmoo,vrmoo/client/src/org/vrmoo/client/display/DesignPanel.java,buggy,java,IssueFalse,8783,76,1783,2,9,10,10,8,6,7,3,7,8,7,10,10,9,10,10,9,9,9,5,9,10,7,10,10,7,9,9,4,9,9,3,8,9,6,8,8,8,8,8,9,10,10,4,4,8,6,6,8,8,7,9,6,8,3,5,3,5,6,6,2,5,4
sf,cvs,vrmoo,vrmoo/client/src/org/vrmoo/client/display/EditPanel.java,buggy,java,IssueFalse,8783,76,1783,2,8,8,9,4,5,9,3,3,6,8,10,10,10,10,10,9,9,9,6,8,9,8,10,10,7,8,9,3,3,5,2,2,4,6,7,6,8,8,8,7,7,7,8,6,6,8,6,6,10,10,8,6,8,5,6,4,5,5,5,4,5,4
sf,cvs,vrmoo,vrmoo/client/src/org/vrmoo/client/display/InitDialog.java,clean,java,IssueFalse,8783,76,1783,2,8,10,9,7,8,7,6,7,7,10,10,10,10,10,10,9,9,9,8,8,9,10,10,10,9,10,10,8,8,8,7,8,8,8,8,7,8,8,8,10,10,10,4,6,7,5,7,7,7,7,8,7,8,10,10,10,7,8,8,10,10,9
sf,cvs,vrmoo,vrmoo/client/src/org/vrmoo/client/display/LightPanel.java,clean,java,IssueFalse,8783,76,1783,2,8,9,9,7,6,9,4,6,7,7,10,10,10,10,10,9,9,9,6,8,10,7,10,10,6,8,8,4,7,8,3,6,7,6,7,7,8,8,8,9,10,10,6,6,7,6,8,7,8,7,8,8,10,7,7,7,9,10,9,10,9,10
sf,cvs,vrmoo,vrmoo/client/src/org/vrmoo/client/display/NavigatePanel.java,buggy,java,IssueFalse,8783,76,1783,2,6,9,7,4,8,4,4,3,3,10,10,10,10,10,10,9,9,9,7,6,5,10,10,10,9,9,9,6,4,4,5,4,4,8,7,5,8,8,8,7,7,7,3,3,3,7,5,5,9,9,6,6,5,5,6,4,9,9,8,7,7,6
sf,cvs,vrmoo,vrmoo/client/src/org/vrmoo/client/display/ObjectPanel.java,buggy,java,IssueFalse,8783,76,1783,2,8,9,9,5,6,8,3,5,6,7,10,10,10,10,10,9,9,9,6,8,10,7,10,10,6,8,8,3,4,6,2,4,6,6,7,7,8,8,8,7,7,7,6,5,6,5,7,6,10,10,8,6,8,3,5,3,5,5,5,4,5,4
sf,cvs,vrmoo,vrmoo/client/src/org/vrmoo/client/display/Peer.java,clean,java,IssueFalse,8783,76,1783,2,6,9,7,4,8,7,5,4,4,7,6,7,6,6,7,9,9,9,6,5,5,7,6,7,9,8,8,7,5,5,6,5,4,8,8,6,8,8,8,7,7,7,4,4,4,6,5,5,8,7,6,3,5,3,4,2,4,4,4,4,3,3
sf,cvs,vrmoo,vrmoo/client/src/org/vrmoo/client/display/Pointer3D.java,buggy,java,IssueFalse,8783,76,1783,2,8,10,9,5,7,8,7,8,8,8,8,9,6,6,7,9,9,9,5,5,6,8,8,9,7,7,8,5,4,5,4,4,5,7,7,6,8,8,8,7,7,7,9,9,8,8,9,6,7,8,6,3,8,3,4,2,4,4,4,4,3,3
sf,cvs,vrmoo,vrmoo/client/src/org/vrmoo/client/display/PreviewPanel.java,clean,java,IssueFalse,8783,76,1783,2,4,8,5,3,8,4,3,3,2,10,10,10,10,10,10,9,9,9,4,3,3,10,10,10,7,6,7,5,3,4,4,3,3,7,7,4,8,8,8,7,7,7,3,3,2,5,4,4,9,8,5,6,8,3,5,3,5,5,5,4,5,4
sf,cvs,vrmoo,vrmoo/client/src/org/vrmoo/client/display/TexturePanel.java,clean,java,IssueFalse,8783,76,1783,2,9,10,9,8,7,8,4,6,8,9,10,10,10,10,10,9,9,9,6,8,10,9,10,10,7,7,9,4,6,8,3,5,8,7,8,9,8,8,8,7,8,8,6,7,8,7,8,8,8,7,9,3,8,3,4,2,4,4,4,4,3,3
sf,cvs,vrmoo,vrmoo/client/src/org/vrmoo/client/display/UserConfigPanel.java,clean,java,IssueFalse,8783,76,1783,2,7,8,8,5,6,8,2,3,5,7,10,10,10,10,10,9,9,9,6,7,10,7,10,10,6,8,8,3,3,6,2,2,5,6,7,6,8,8,8,7,8,8,5,5,5,6,7,6,10,9,8,6,9,3,5,3,8,8,8,5,7,6
sf,cvs,vrmoo,vrmoo/client/src/org/vrmoo/client/display/behavior/NavigatorBehavior.java,buggy,java,IssueFalse,8783,76,1783,2,8,10,9,5,7,8,6,8,8,7,8,9,6,6,8,9,10,10,4,6,7,7,8,9,8,9,9,4,5,6,3,5,5,6,7,6,8,10,10,7,7,7,8,9,8,9,9,7,7,5,6,3,8,10,10,9,8,6,6,10,10,9
sf,cvs,vrmoo,vrmoo/client/src/org/vrmoo/client/display/design/DesignBridge.java,buggy,java,IssueFalse,8783,76,1783,2,9,10,10,8,8,9,8,9,9,7,8,9,7,8,8,9,9,9,7,9,8,7,8,9,10,10,10,9,9,9,8,9,9,8,9,9,8,8,8,9,9,9,6,7,9,8,8,9,8,9,9,3,8,3,4,2,4,4,4,4,3,3
sf,cvs,vrmoo,vrmoo/client/src/org/vrmoo/client/display/design/DesignShape.java,buggy,java,IssueFalse,8783,76,1783,2,9,10,9,7,7,7,9,8,8,7,6,7,7,7,7,9,9,9,5,5,4,7,6,7,10,9,9,9,8,8,9,8,7,9,9,8,8,8,8,9,8,8,6,6,8,9,9,8,7,7,8,4,8,3,4,2,5,5,5,2,3,3
sf,cvs,vrmoo,vrmoo/client/src/org/vrmoo/client/util/AvatarManager.java,clean,java,IssueFalse,8783,76,1783,2,6,9,6,5,8,7,7,6,6,7,6,7,7,7,7,9,9,9,6,5,5,7,6,7,7,6,7,7,6,5,7,6,5,8,8,6,8,8,8,9,8,8,6,6,6,7,7,6,5,6,5,6,9,5,7,5,9,9,9,10,10,9
sf,cvs,vrmoo,vrmoo/client/src/org/vrmoo/client/util/IndirectVisibleObjectBridge.java,clean,java,IssueFalse,8783,76,1783,2,8,10,8,7,8,8,5,7,7,7,8,9,7,8,8,9,9,9,5,8,8,7,8,9,7,8,8,6,7,8,5,6,7,7,7,7,9,10,10,7,9,9,6,5,7,5,5,7,6,6,7,3,8,3,4,2,4,4,4,4,3,3
sf,cvs,vrmoo,vrmoo/client/src/org/vrmoo/client/util/LightDataBridge.java,clean,java,IssueFalse,8783,76,1783,2,5,8,6,5,8,7,6,5,5,7,6,7,7,6,7,9,9,9,7,6,5,7,6,7,8,7,7,7,6,5,7,5,5,8,8,6,8,8,8,9,8,8,5,4,5,6,6,5,6,7,5,3,8,3,4,2,4,4,4,4,3,3
sf,cvs,vrmoo,vrmoo/client/src/org/vrmoo/client/util/TextureManager.java,clean,java,IssueFalse,8783,76,1783,2,9,10,9,9,8,8,5,8,9,7,8,10,9,10,10,9,9,9,5,9,10,7,8,10,7,9,9,5,8,9,4,8,9,7,9,9,8,8,8,9,10,10,6,6,9,6,8,8,7,7,9,3,8,3,4,2,4,4,4,4,3,3
sf,cvs,vrmoo,vrmoo/client/src/org/vrmoo/client/util/World.java,clean,java,IssueFalse,8783,76,1783,2,9,10,9,7,8,8,5,6,8,7,8,10,6,7,9,9,9,9,7,9,10,7,8,10,7,9,9,5,6,8,4,6,8,7,8,9,8,8,8,7,8,8,6,6,8,7,7,8,8,8,8,8,9,3,5,4,6,6,7,8,9,8
sf,cvs,vrmoo,vrmoo/common/src/org/vrmoo/common/data/AppearanceData.java,clean,java,IssueFalse,8783,76,1783,2,6,10,6,6,9,4,6,5,5,8,8,8,7,7,7,9,9,9,2,2,2,8,8,8,9,9,9,8,7,7,8,7,6,9,9,8,8,8,8,7,7,7,3,3,5,10,9,8,5,8,6,3,8,3,4,2,4,4,4,4,3,3
sf,cvs,vrmoo,vrmoo/common/src/org/vrmoo/common/data/LightData.java,clean,java,IssueFalse,8783,76,1783,2,5,9,5,5,9,7,6,5,4,8,8,8,7,7,7,9,9,9,2,2,2,8,8,8,9,8,8,8,6,6,7,6,5,9,8,7,8,8,8,7,7,7,4,4,4,9,8,8,4,6,5,4,8,3,4,2,5,5,5,2,3,3
sf,cvs,vrmoo,vrmoo/common/src/org/vrmoo/common/data/Login.java,clean,java,IssueFalse,8783,76,1783,2,4,9,5,5,10,7,6,5,5,7,6,7,7,6,7,9,9,9,2,1,1,7,6,7,8,7,8,7,5,5,7,5,5,8,8,6,8,8,8,7,7,7,5,6,5,9,8,7,3,4,4,3,8,3,4,2,4,4,4,6,5,4
sf,cvs,vrmoo,vrmoo/common/src/org/vrmoo/common/data/VertexData.java,clean,java,IssueFalse,8783,76,1783,2,6,10,6,6,9,4,7,6,5,7,6,7,7,7,7,9,9,9,2,2,2,7,6,7,10,9,9,9,8,7,8,7,7,9,9,8,8,8,8,7,7,7,3,3,5,8,7,7,4,6,6,4,8,3,4,2,5,5,5,2,3,3
sf,cvs,vrmoo,vrmoo/common/src/org/vrmoo/common/data/VisibleObject.java,clean,java,IssueFalse,8783,76,1783,2,8,10,8,9,9,7,9,8,8,8,8,8,8,8,8,9,9,9,2,2,2,8,8,8,10,9,9,10,10,9,10,9,9,10,10,10,8,8,8,7,7,7,3,4,8,6,8,9,5,8,8,3,8,3,4,2,4,4,4,4,3,3
sf,cvs,vrmoo,vrmoo/common/src/org/vrmoo/common/objectbroker/AbstractObjectBroker.java,clean,java,IssueFalse,8783,76,1783,2,9,10,10,9,8,8,7,9,9,7,8,10,7,8,9,10,10,10,4,7,8,7,8,10,7,8,8,8,10,10,7,9,9,8,9,9,8,10,10,9,10,10,6,5,9,8,9,10,5,5,9,3,5,3,4,2,4,4,4,4,3,3
sf,cvs,vrmoo,vrmoo/common/src/org/vrmoo/common/objectbroker/AppearanceDataBroker.java,clean,java,IssueFalse,8783,76,1783,2,5,9,4,6,9,7,7,6,5,10,9,9,8,8,8,9,9,9,2,2,2,10,9,9,6,4,6,8,7,6,8,7,6,9,8,7,9,9,9,9,8,8,4,4,5,8,8,7,2,3,4,3,5,3,4,2,4,4,4,4,3,3
sf,cvs,vrmoo,vrmoo/common/src/org/vrmoo/common/objectbroker/LightDataBroker.java,clean,java,IssueFalse,8783,76,1783,2,5,9,4,6,9,7,7,6,5,10,9,9,8,8,8,9,9,9,2,2,2,10,9,9,6,4,6,8,7,6,8,7,6,9,8,7,9,9,9,9,8,8,4,4,5,8,8,7,2,3,4,3,5,3,4,2,4,4,4,4,3,3
sf,cvs,vrmoo,vrmoo/common/src/org/vrmoo/common/objectbroker/ObjectDataBroker.java,clean,java,IssueFalse,8783,76,1783,2,5,10,4,6,9,7,7,6,5,10,9,9,8,8,8,9,9,9,2,2,2,10,9,9,6,4,6,8,7,6,8,7,6,9,8,7,9,9,9,9,8,8,4,4,5,5,8,6,2,3,4,3,5,3,4,2,4,4,4,4,3,3
sf,cvs,vrmoo,vrmoo/common/src/org/vrmoo/common/objectbroker/VisibleObjectBroker.java,clean,java,IssueFalse,8783,76,1783,2,7,10,6,6,9,8,8,7,7,10,9,9,8,8,8,9,9,9,3,3,3,10,9,9,6,4,6,9,7,7,8,7,7,9,9,8,9,9,9,9,8,8,5,5,7,5,7,6,3,4,6,3,5,3,4,2,4,4,4,4,3,3
sf,cvs,vrmoo,vrmoo/common/src/org/vrmoo/common/protocol/SocketHandler.java,clean,java,IssueFalse,8783,76,1783,2,6,9,5,4,8,8,7,6,5,7,6,7,6,6,7,9,9,9,5,4,4,7,6,7,9,8,9,7,5,5,6,5,4,8,8,6,8,8,8,7,7,7,6,6,5,9,9,7,6,5,5,6,8,10,10,9,4,4,4,4,5,4
sf,cvs,vrmoo,vrmoo/common/src/org/vrmoo/common/protocol/commands/Command.java,clean,java,IssueFalse,8783,76,1783,2,5,10,5,4,10,10,6,5,5,7,6,7,6,6,7,9,9,9,2,1,1,7,6,7,6,4,6,7,5,5,6,5,4,7,7,4,10,10,10,7,7,7,6,6,5,2,2,3,2,4,3,9,8,9,10,9,6,8,7,2,2,2
sf,cvs,vrmoo,vrmoo/common/src/org/vrmoo/common/protocol/commands/CommandFactory.java,clean,java,IssueFalse,8783,76,1783,2,4,7,4,3,8,7,8,7,7,7,6,7,6,6,6,9,9,9,2,2,2,7,6,7,6,4,6,3,2,2,3,2,2,6,6,2,8,8,8,9,8,8,10,9,7,10,9,5,3,3,2,9,5,6,7,7,5,6,7,5,7,7
sf,cvs,vrmoo,vrmoo/common/src/org/vrmoo/common/util/DataUtility.java,clean,java,IssueFalse,8783,76,1783,2,8,10,8,7,8,7,9,8,8,7,6,7,7,7,7,9,9,9,5,5,4,7,6,7,6,4,6,3,2,2,9,8,8,9,9,9,8,8,8,9,8,8,6,6,8,4,7,6,6,5,7,7,8,10,10,10,4,4,4,2,3,4
sf,cvs,vrmoo,vrmoo/common/src/org/vrmoo/common/util/FileUtility.java,clean,java,IssueFalse,8783,76,1783,2,9,10,9,8,7,9,9,9,9,7,6,8,7,7,8,9,9,9,8,9,9,7,6,8,6,4,6,3,3,4,8,9,9,9,9,9,8,8,8,7,8,8,7,7,9,7,7,8,6,6,8,6,8,10,10,8,4,4,4,10,10,9
sf,cvs,vrmoo,vrmoo/common/src/org/vrmoo/common/util/ParserUtility.java,clean,java,IssueFalse,8783,76,1783,2,8,10,8,6,8,9,9,8,8,7,6,7,7,7,7,9,9,9,6,5,5,7,6,7,6,4,6,3,2,2,8,7,6,9,8,7,8,8,8,9,9,9,7,7,8,8,8,8,6,7,7,4,8,3,4,2,5,5,5,2,3,3
sf,cvs,vrmoo,vrmoo/server/src/org/vrmoo/server/Server.java,clean,java,IssueFalse,8783,76,1783,2,7,8,7,4,6,8,5,6,6,7,6,8,6,6,7,9,9,9,7,6,8,7,6,8,6,6,7,3,2,3,3,4,4,6,6,3,8,8,8,9,9,9,8,7,6,5,5,5,7,6,5,8,8,3,5,4,5,5,6,5,6,6
sf,cvs,vrmoo,vrmoo/server/src/org/vrmoo/server/ServerCommandDispatcher.java,clean,java,IssueFalse,8783,76,1783,2,7,9,6,5,7,7,8,7,6,7,6,7,7,7,7,9,9,9,5,4,4,7,6,7,6,4,6,3,2,2,7,6,6,6,6,2,8,8,8,10,10,10,6,7,6,5,5,6,6,5,6,9,5,9,9,9,8,9,9,2,5,6
sf,cvs,vrmoo,vrmoo/server/src/org/vrmoo/server/client/ClientHandler.java,clean,java,IssueFalse,8783,76,1783,2,7,9,7,6,8,9,8,7,7,8,8,8,7,7,7,9,9,9,8,7,7,8,8,8,8,7,8,8,7,7,8,7,6,9,9,8,8,8,8,7,7,7,6,7,7,8,7,7,5,6,6,9,9,8,9,9,9,10,10,9,10,10
sf,cvs,vrmoo,vrmoo/server/src/org/vrmoo/server/command/GetNextIDCommand.java,clean,java,IssueFalse,8783,76,1783,2,7,9,7,5,7,9,8,7,6,7,6,7,7,7,7,9,9,9,9,8,7,7,6,7,7,6,7,7,6,5,7,6,5,8,8,6,8,8,8,9,8,8,6,6,6,4,4,5,8,6,7,3,8,3,4,2,4,4,4,4,3,3
sf,cvs,vrmoo,vrmoo/server/src/org/vrmoo/server/data/update/Version2Update.java,buggy,java,IssueFalse,8783,76,1783,2,10,10,10,9,8,8,4,6,9,7,8,10,6,7,10,10,10,10,3,7,10,7,8,10,7,8,10,4,5,9,3,5,9,6,7,9,9,10,10,7,8,9,6,7,9,4,6,8,6,7,9,3,8,3,4,2,4,4,4,4,3,3
sf,cvs,vrmoo,vrmoo/server/src/org/vrmoo/server/world/World.java,clean,java,IssueFalse,8783,76,1783,2,10,10,10,8,7,8,8,9,9,7,8,9,7,7,8,9,9,9,8,10,10,7,8,9,9,10,10,8,9,9,7,9,9,8,9,9,8,8,8,9,10,10,6,6,9,8,7,9,8,9,9,9,9,9,10,10,9,10,10,7,8,9
sf,cvs,vrmoo,vrmoo/server/src/org/vrmoo/server/world/WorldPermissionManager.java,buggy,java,IssueFalse,8783,76,1783,2,7,10,8,5,8,9,9,8,7,7,6,7,7,7,7,9,9,9,9,8,8,7,6,7,8,7,7,8,6,6,7,6,5,9,8,7,8,8,8,7,7,7,8,8,8,10,10,8,9,9,7,8,8,10,10,10,5,6,6,9,10,9
sf,cvs,vrmoo,vrmoo/server/test/org/vrmoo/server/world/test/WorldPermissionManagerTest.java,clean,java,IssueFalse,8783,76,1783,2,7,10,8,8,8,7,8,7,7,8,8,8,8,7,7,9,9,9,8,7,6,8,8,8,8,7,7,10,9,8,9,9,8,10,9,9,8,8,8,7,7,7,3,4,7,4,5,7,6,5,8,4,8,3,4,2,4,4,4,6,6,5
