Host,Vcs,Project,File,Buggy,PL,IssueTracking,TLOC,TNF,TNC,TND,LOC,CL,NStmt,NFunc,RCC,MNL,avg_WMC,max_WMC,total_WMC,avg_DIT,max_DIT,total_DIT,avg_RFC,max_RFC,total_RFC,avg_NOC,max_NOC,total_NOC,avg_CBO,max_CBO,total_CBO,avg_DIT.1,max_DIT.1,total_DIT.1,avg_NIV,max_NIV,total_NIV,avg_NIM,max_NIM,total_NIM,avg_NOM,max_NOM,total_NOM,avg_NPBM,max_NPBM,total_NPBM,avg_NPM,max_NPM,total_NPM,avg_NPRM,max_NPRM,total_NPRM,avg_CC,max_CC,total_CC,avg_FANIN,max_FANIN,total_FANIN,avg_FANOUT,max_FANOUT,total_FANOUT,NRev,NFix,avg_AddedLOC,max_AddedLOC,total_AddedLOC,avg_DeletedLOC,max_DeletedLOC,total_DeletedLOC,avg_ModifiedLOC,max_ModifiedLOC,total_ModifiedLOC
sf,cvs,vxl,vxl/vxl/contrib/brl/b3p/expat/Attic/xmlrole.c,clean,cpp,IssueFalse,57063,306,52067,106,10,3,10,10,2,8,7,7,7,8,9,8,8,9,3,9,10,10,8,9,9,8,9,8,8,9,9,6,6,6,6,6,6,6,6,6,9,9,9,8,9,9,9,9,10,10,10,10,6,5,10,8,10,3,4,3,5,5,5,5,5,6
sf,cvs,vxl,vxl/vxl/contrib/brl/bbas/bgui/Attic/bgui_vsol_soview2D.cxx,clean,cpp,IssueFalse,57063,306,52067,106,8,7,9,10,3,7,7,7,7,8,9,8,8,9,3,9,10,10,8,9,9,8,9,8,8,9,9,6,6,6,6,6,6,6,6,6,9,9,9,8,9,9,5,6,9,6,7,10,6,7,10,6,7,3,4,3,5,5,5,5,5,4
sf,cvs,vxl,vxl/vxl/contrib/brl/bbas/bil/algo/Attic/bil_detect_ridges.cxx,clean,cpp,IssueFalse,57063,306,52067,106,4,2,5,2,2,8,7,7,7,8,9,8,8,9,3,9,10,10,8,9,9,8,9,8,8,9,9,6,6,6,6,6,6,6,6,6,9,9,9,8,9,9,10,9,5,10,8,5,10,8,4,6,7,3,4,3,5,5,5,3,3,3
sf,cvs,vxl,vxl/vxl/contrib/brl/bbas/bil/algo/Attic/bil_wshed2d.cxx,clean,cpp,IssueFalse,57063,306,52067,106,8,7,9,8,3,10,7,7,7,8,9,8,8,9,3,9,10,10,8,9,9,8,9,8,8,9,9,6,6,6,6,6,6,6,6,6,9,9,9,8,9,9,10,9,9,6,8,8,3,7,7,6,7,4,5,4,5,5,5,2,2,2
sf,cvs,vxl,vxl/vxl/contrib/brl/bbas/bmsh3d/Attic/bmsh3d_edge.cxx,buggy,cpp,IssueFalse,57063,306,52067,106,8,9,8,8,7,8,7,7,7,8,9,8,8,9,3,9,10,10,8,9,9,8,9,8,8,9,9,6,6,6,6,6,6,6,6,6,9,9,9,8,9,9,9,7,9,7,6,9,4,4,8,6,9,3,4,3,5,5,5,3,3,3
sf,cvs,vxl,vxl/vxl/contrib/brl/bbas/bvgl/Attic/bvgl_change_obj.cxx,clean,cpp,IssueFalse,57063,306,52067,106,2,3,2,4,9,5,7,7,7,8,9,8,8,9,3,9,10,10,8,9,9,8,9,8,8,9,9,6,6,6,6,6,6,6,6,6,9,9,9,8,9,9,4,4,3,8,5,6,2,3,3,6,7,5,5,4,5,5,5,2,2,2
sf,cvs,vxl,vxl/vxl/contrib/brl/bbas/bvgl/Attic/bvgl_changes.cxx,clean,cpp,IssueFalse,57063,306,52067,106,4,2,4,5,4,9,7,7,7,8,9,8,8,9,3,9,10,10,8,9,9,8,9,8,8,9,9,6,6,6,6,6,6,6,6,6,9,9,9,8,9,9,7,6,6,7,5,7,4,7,6,8,7,9,10,8,8,7,7,8,8,8
sf,cvs,vxl,vxl/vxl/contrib/brl/bbas/bvgl/Attic/bvgl_changes.h,clean,cpp,IssueFalse,57063,306,52067,106,2,3,2,3,10,3,9,8,8,10,10,10,9,9,4,9,10,10,9,10,10,10,10,10,10,9,9,9,8,8,9,8,8,9,9,9,9,9,9,8,9,9,3,3,3,4,4,4,2,2,3,7,7,6,7,5,7,7,6,8,8,7
sf,cvs,vxl,vxl/vxl/contrib/brl/bbas/bwm/Attic/bwm_menu.cxx,clean,cpp,IssueFalse,57063,306,52067,106,2,1,3,2,1,3,7,7,7,8,9,8,8,9,3,9,10,10,8,9,9,8,9,8,8,9,9,6,6,6,6,6,6,6,6,6,9,9,9,8,9,9,3,3,2,5,3,3,5,4,2,6,7,4,5,4,5,5,5,2,2,2
sf,cvs,vxl,vxl/vxl/contrib/brl/bbas/bwm/Attic/bwm_menu.h,clean,cpp,IssueFalse,57063,306,52067,106,2,1,3,8,2,3,9,8,8,8,9,8,10,10,7,9,10,10,10,10,10,8,9,8,8,9,9,7,7,7,10,9,9,10,10,9,9,9,9,8,9,9,3,3,6,3,2,3,2,2,6,6,7,5,5,4,5,5,5,2,2,2
sf,cvs,vxl,vxl/vxl/contrib/brl/bbas/bwm/Attic/bwm_observer_cam.cxx,clean,cpp,IssueFalse,57063,306,52067,106,10,10,10,10,4,10,7,7,7,8,9,8,8,9,3,9,10,10,8,9,9,8,9,8,8,9,9,6,6,6,6,6,6,6,6,6,9,9,9,8,9,9,9,10,10,8,9,10,9,10,10,9,7,10,10,10,8,9,9,10,10,10
sf,cvs,vxl,vxl/vxl/contrib/brl/bbas/bwm/Attic/bwm_observer_cam.h,clean,cpp,IssueFalse,57063,306,52067,106,5,3,6,9,3,5,10,10,10,10,10,10,10,10,10,10,10,10,10,10,10,10,10,10,10,10,10,10,10,10,10,10,10,10,10,10,10,10,10,8,9,9,3,4,6,6,7,9,2,5,7,8,7,7,8,7,5,5,5,3,5,5
sf,cvs,vxl,vxl/vxl/contrib/brl/bbas/bwm/Attic/bwm_observer_img.cxx,clean,cpp,IssueFalse,57063,306,52067,106,9,9,9,10,3,9,7,7,7,8,9,8,8,9,3,9,10,10,8,9,9,8,9,8,8,9,9,6,6,6,6,6,6,6,6,6,9,9,9,8,9,9,9,9,10,7,8,10,8,9,10,9,7,10,10,10,7,8,8,9,10,10
sf,cvs,vxl,vxl/vxl/contrib/brl/bbas/bwm/Attic/bwm_observer_proj_cam.cxx,clean,cpp,IssueFalse,57063,306,52067,106,4,2,3,5,3,5,7,7,7,8,9,8,8,9,3,9,10,10,8,9,9,8,9,8,8,9,9,6,6,6,6,6,6,6,6,6,9,9,9,8,9,9,4,5,4,8,7,7,6,7,6,6,7,8,7,5,7,6,5,8,8,7
sf,cvs,vxl,vxl/vxl/contrib/brl/bbas/bwm/Attic/bwm_observer_proj_cam.h,clean,cpp,IssueFalse,57063,306,52067,106,2,1,2,4,3,3,8,8,8,10,10,10,10,10,10,9,10,10,9,10,10,10,10,10,8,9,9,9,8,8,9,8,8,9,9,9,9,9,9,8,9,9,3,3,3,5,4,4,2,2,3,7,7,3,4,3,6,6,5,6,7,6
sf,cvs,vxl,vxl/vxl/contrib/brl/bbas/bwm/Attic/bwm_popup_menu.cxx,clean,cpp,IssueFalse,57063,306,52067,106,8,5,7,3,3,7,7,7,7,10,10,10,9,9,4,9,10,10,8,9,9,10,10,10,10,9,9,6,7,6,6,6,6,7,7,7,9,9,9,8,9,9,9,8,4,10,10,10,6,6,4,9,7,9,8,9,6,7,6,5,7,7
sf,cvs,vxl,vxl/vxl/contrib/brl/bbas/bwm/Attic/bwm_site_mgr.cxx,clean,cpp,IssueFalse,57063,306,52067,106,9,8,10,7,3,10,7,7,7,8,9,8,8,9,3,9,10,10,8,9,9,8,9,8,8,9,9,6,6,6,6,6,6,6,6,6,9,9,9,8,9,9,10,10,10,9,10,9,10,10,10,8,9,4,5,5,6,6,6,9,10,9
sf,cvs,vxl,vxl/vxl/contrib/brl/bbas/bwm/Attic/bwm_tableau_mgr.cxx,clean,cpp,IssueFalse,57063,306,52067,106,6,2,6,8,2,8,7,7,7,8,9,8,8,9,3,9,10,10,8,9,9,8,9,8,8,9,9,6,6,6,6,6,6,6,6,6,9,9,9,8,9,9,6,6,8,9,9,10,5,7,9,9,7,8,9,8,10,10,9,6,8,7
sf,cvs,vxl,vxl/vxl/contrib/brl/bbas/bwm/Attic/bwm_tableau_mgr.h,clean,cpp,IssueFalse,57063,306,52067,106,2,2,3,3,6,3,10,9,9,8,9,8,10,10,7,9,10,10,10,10,10,8,9,8,10,10,10,10,10,9,10,10,9,10,10,9,9,9,9,10,10,10,3,3,3,6,4,4,1,2,2,7,7,7,7,6,5,5,5,2,2,2
sf,cvs,vxl,vxl/vxl/contrib/brl/bbas/bwm/Attic/bwm_world.cxx,clean,cpp,IssueFalse,57063,306,52067,106,9,4,9,7,2,8,7,7,7,8,9,8,8,9,3,9,10,10,8,9,9,8,9,8,8,9,9,6,6,6,6,6,6,6,6,6,9,9,9,8,9,9,10,10,9,4,5,5,9,9,9,6,7,10,9,7,5,5,5,2,2,2
sf,cvs,vxl,vxl/vxl/contrib/brl/bbas/imesh/Attic/imesh_fileio.cxx,buggy,cpp,IssueFalse,57063,306,52067,106,7,4,7,6,3,10,7,7,7,8,9,8,8,9,3,9,10,10,8,9,9,8,9,8,8,9,9,6,6,6,6,6,6,6,6,6,9,9,9,8,9,9,9,9,8,8,6,8,7,8,8,6,9,3,4,3,5,5,5,3,3,3
sf,cvs,vxl,vxl/vxl/contrib/brl/bbas/imesh/algo/Attic/imesh_project.cxx,buggy,cpp,IssueFalse,57063,306,52067,106,9,9,9,9,4,9,7,7,7,8,9,8,8,9,3,9,10,10,8,9,9,8,9,8,8,9,9,6,6,6,6,6,6,6,6,6,9,9,9,8,9,9,9,10,10,10,8,10,9,10,10,6,7,7,7,5,5,5,5,6,6,4
sf,cvs,vxl,vxl/vxl/contrib/brl/bbas/vidl2/Attic/vidl2_istream.h,clean,cpp,IssueFalse,57063,306,52067,106,2,6,3,5,10,5,8,7,7,8,9,8,10,10,7,9,10,10,8,9,9,8,9,8,9,9,9,10,9,9,10,9,9,10,10,9,9,9,9,10,10,10,4,4,4,4,3,4,2,2,3,6,7,9,8,6,5,5,5,3,3,3
sf,cvs,vxl,vxl/vxl/contrib/brl/bbas/vidl2/examples/Attic/vidl2_player_manager.cxx,clean,cpp,IssueFalse,57063,306,52067,106,7,7,7,8,6,10,7,7,7,8,9,8,8,9,3,9,10,10,8,9,9,8,9,8,8,9,9,6,6,6,6,6,6,6,6,6,9,9,9,8,9,9,8,8,8,4,8,7,5,7,8,7,9,6,6,5,9,9,8,9,9,9
sf,cvs,vxl,vxl/vxl/contrib/brl/bbas/vidl2/examples/Attic/vidl2_transcode_video.cxx,clean,cpp,IssueFalse,57063,306,52067,106,2,1,2,2,4,7,7,7,7,8,9,8,8,9,3,9,10,10,8,9,9,8,9,8,8,9,9,6,6,6,6,6,6,6,6,6,9,9,9,8,9,9,10,6,3,7,4,4,9,6,3,7,9,3,4,3,7,6,5,2,2,2
sf,cvs,vxl,vxl/vxl/contrib/brl/bpro/bprb/Attic/bprb_parameters.h,clean,cpp,IssueFalse,57063,306,52067,106,6,10,7,9,9,5,8,9,9,9,10,10,10,10,10,9,10,10,9,10,10,9,10,10,10,10,10,9,10,10,9,9,10,9,10,10,9,9,9,9,10,10,4,4,7,7,7,9,2,4,7,6,9,3,4,3,5,5,5,3,3,3
sf,cvs,vxl,vxl/vxl/contrib/brl/bpro/bprb/Attic/bprb_process.cxx,clean,cpp,IssueFalse,57063,306,52067,106,4,2,4,7,4,7,7,7,7,8,9,8,8,9,3,9,10,10,8,9,9,8,9,8,8,9,9,6,6,6,6,6,6,6,6,6,9,9,9,8,9,9,6,6,6,7,7,8,4,6,7,6,7,3,4,3,5,5,5,5,5,4
sf,cvs,vxl,vxl/vxl/contrib/brl/bpro/core/vil_pro/Attic/vil_gaussian_process.cxx,buggy,cpp,IssueFalse,57063,306,52067,106,3,3,3,3,8,8,7,7,7,8,9,8,8,9,3,9,10,10,8,9,9,8,9,8,8,9,9,6,6,6,6,6,6,6,6,6,9,9,9,8,9,9,9,8,4,3,2,3,7,7,5,6,7,3,4,3,9,7,7,9,9,7
sf,cvs,vxl,vxl/vxl/contrib/brl/bpro/core/vil_pro/Attic/vil_save_image_view_process.cxx,clean,cpp,IssueFalse,57063,306,52067,106,2,3,2,3,8,5,7,7,7,8,9,8,8,9,3,9,10,10,8,9,9,8,9,8,8,9,9,6,6,6,6,6,6,6,6,6,9,9,9,8,9,9,5,5,3,3,2,3,4,4,3,7,7,3,4,3,10,9,8,2,3,3
sf,cvs,vxl,vxl/vxl/contrib/brl/bpro/core/vil_pro/tests/Attic/test_include.cxx,buggy,cpp,IssueFalse,57063,306,52067,106,1,1,1,2,1,3,7,7,7,8,9,8,8,9,3,9,10,10,8,9,9,8,9,8,8,9,9,6,6,6,6,6,6,6,6,6,9,9,9,8,9,9,3,3,2,3,2,3,1,2,2,7,7,8,8,6,5,5,5,2,3,3
sf,cvs,vxl,vxl/vxl/contrib/brl/bpro/core/vil_pro/tests/Attic/test_vil_convert_to_n_planes_process.cxx,buggy,cpp,IssueFalse,57063,306,52067,106,4,3,4,3,6,7,7,7,7,8,9,8,8,9,3,9,10,10,8,9,9,8,9,8,8,9,9,6,6,6,6,6,6,6,6,6,9,9,9,8,9,9,6,5,3,6,5,4,10,8,6,6,7,3,4,3,5,5,5,3,3,3
sf,cvs,vxl,vxl/vxl/contrib/brl/bpro/core/vpgl_pro/Attic/vpgl_load_rational_camera_nitf_process.cxx,clean,cpp,IssueFalse,57063,306,52067,106,3,3,3,3,7,5,7,7,7,8,9,8,8,9,3,9,10,10,8,9,9,8,9,8,8,9,9,6,6,6,6,6,6,6,6,6,9,9,9,8,9,9,7,6,4,3,2,3,5,6,4,8,7,3,5,4,5,6,5,8,9,8
sf,cvs,vxl,vxl/vxl/contrib/brl/bseg/bbgm/pro/Attic/bbgm_measure_process.cxx,clean,cpp,IssueFalse,57063,306,52067,106,4,3,4,3,6,7,7,7,7,8,9,8,8,9,3,9,10,10,8,9,9,8,9,8,8,9,9,6,6,6,6,6,6,6,6,6,9,9,9,8,9,9,9,8,5,3,2,3,5,6,4,6,9,9,8,6,10,9,8,9,9,8
sf,cvs,vxl,vxl/vxl/contrib/brl/bseg/bmdl/Attic/bmdl_classify.cxx,buggy,cpp,IssueFalse,57063,306,52067,106,9,9,9,6,4,10,7,7,7,8,9,8,8,9,3,9,10,10,8,9,9,8,9,8,8,9,9,6,6,6,6,6,6,6,6,6,9,9,9,8,9,9,10,10,10,10,8,9,10,9,9,8,7,10,10,9,9,9,8,10,10,10
sf,cvs,vxl,vxl/vxl/contrib/brl/bseg/bmdl/Attic/bmdl_classify.h,clean,cpp,IssueFalse,57063,306,52067,106,2,3,1,1,9,3,10,10,10,8,9,8,9,9,4,9,10,10,10,10,10,8,9,8,8,9,9,6,6,6,8,8,8,9,8,8,9,9,9,8,9,9,1,1,2,3,2,3,1,1,2,7,7,3,4,3,5,5,5,5,5,5
sf,cvs,vxl,vxl/vxl/contrib/brl/bseg/bmdl/Attic/bmdl_mesh.cxx,buggy,cpp,IssueFalse,57063,306,52067,106,6,3,7,4,3,9,7,7,7,8,9,8,8,9,3,9,10,10,8,9,9,8,9,8,8,9,9,6,6,6,6,6,6,6,6,6,9,9,9,8,9,9,10,9,8,9,9,8,10,9,8,8,7,8,8,7,9,9,8,10,10,10
sf,cvs,vxl,vxl/vxl/contrib/brl/bseg/bmdl/Attic/bmdl_mesh.h,buggy,cpp,IssueFalse,57063,306,52067,106,2,3,1,1,9,3,10,9,9,8,9,8,9,9,4,9,10,10,10,10,10,8,9,8,8,9,9,7,7,7,8,8,8,8,8,8,9,9,9,8,9,9,1,1,2,3,2,3,1,1,2,7,7,3,4,3,6,6,5,5,6,5
sf,cvs,vxl,vxl/vxl/contrib/brl/bseg/bmdl/pro/Attic/bmdl_classify_process.cxx,buggy,cpp,IssueFalse,57063,306,52067,106,4,3,4,3,7,5,7,7,7,8,9,8,8,9,3,9,10,10,8,9,9,8,9,8,8,9,9,6,6,6,6,6,6,6,6,6,9,9,9,8,9,9,9,7,5,7,7,5,8,6,5,9,10,7,8,8,9,9,9,7,8,9
sf,cvs,vxl,vxl/vxl/contrib/brl/bseg/bmdl/pro/Attic/bmdl_classify_process.h,clean,cpp,IssueFalse,57063,306,52067,106,2,4,2,5,10,3,9,8,8,10,10,10,10,10,8,9,10,10,9,9,9,10,10,10,8,9,9,9,8,8,9,8,8,9,8,8,9,9,9,10,10,10,3,3,3,3,3,3,2,2,3,6,7,3,4,3,7,6,5,3,3,3
sf,cvs,vxl,vxl/vxl/contrib/brl/bseg/bmdl/pro/Attic/bmdl_generate_mesh_process.cxx,buggy,cpp,IssueFalse,57063,306,52067,106,4,3,4,3,6,5,7,7,7,8,9,8,8,9,3,9,10,10,8,9,9,8,9,8,8,9,9,6,6,6,6,6,6,6,6,6,9,9,9,8,9,9,9,6,5,7,7,5,7,6,4,8,9,3,5,4,7,7,7,5,7,7
sf,cvs,vxl,vxl/vxl/contrib/brl/bseg/bmdl/pro/Attic/bmdl_generate_mesh_process.h,buggy,cpp,IssueFalse,57063,306,52067,106,2,5,2,5,10,3,9,8,8,10,10,10,10,10,8,9,10,10,10,10,10,10,10,10,8,9,9,9,8,8,9,8,8,9,8,8,9,9,9,10,10,10,3,3,3,3,3,3,2,2,3,7,9,4,5,4,7,7,6,5,6,5
sf,cvs,vxl,vxl/vxl/contrib/brl/bseg/bmdl/pro/Attic/bmdl_trace_boundaries_process.cxx,clean,cpp,IssueFalse,57063,306,52067,106,3,2,3,3,6,5,7,7,7,8,9,8,8,9,3,9,10,10,8,9,9,8,9,8,8,9,9,6,6,6,6,6,6,6,6,6,9,9,9,8,9,9,7,5,4,6,5,4,6,5,4,8,9,3,6,4,8,8,8,3,5,5
sf,cvs,vxl,vxl/vxl/contrib/brl/bseg/bmdl/pro/Attic/bmdl_trace_boundaries_process.h,clean,cpp,IssueFalse,57063,306,52067,106,1,4,2,5,10,3,8,8,8,10,10,10,10,10,8,9,10,10,9,10,10,10,10,10,8,9,9,9,8,8,9,8,8,9,8,8,9,9,9,10,10,10,3,3,3,3,3,3,2,2,3,7,7,3,4,3,7,7,6,2,3,3
sf,cvs,vxl,vxl/vxl/contrib/brl/bseg/bmdl/pro/tests/Attic/test_bmdl_classify_process.cxx,clean,cpp,IssueFalse,57063,306,52067,106,3,1,3,3,1,5,7,7,7,8,9,8,8,9,3,9,10,10,8,9,9,8,9,8,8,9,9,6,6,6,6,6,6,6,6,6,9,9,9,8,9,9,6,5,3,6,5,4,9,7,5,7,7,3,4,3,7,6,6,2,3,3
sf,cvs,vxl,vxl/vxl/contrib/brl/bseg/bmdl/pro/tests/Attic/test_bmdl_generate_mesh_process.cxx,clean,cpp,IssueFalse,57063,306,52067,106,2,1,3,2,2,3,7,7,7,8,9,8,8,9,3,9,10,10,8,9,9,8,9,8,8,9,9,6,6,6,6,6,6,6,6,6,9,9,9,8,9,9,3,3,2,3,2,3,10,6,4,7,7,3,4,3,9,8,7,2,3,3
sf,cvs,vxl,vxl/vxl/contrib/brl/bseg/bmdl/pro/tests/Attic/test_bmdl_trace_boundaries_process.cxx,clean,cpp,IssueFalse,57063,306,52067,106,2,1,3,2,4,5,7,7,7,8,9,8,8,9,3,9,10,10,8,9,9,8,9,8,8,9,9,6,6,6,6,6,6,6,6,6,9,9,9,8,9,9,6,4,2,3,2,3,10,7,4,6,7,3,4,3,9,7,7,2,2,2
sf,cvs,vxl,vxl/vxl/contrib/brl/bseg/bmdl_batch/Attic/reg_bmdl.cxx,clean,cpp,IssueFalse,57063,306,52067,106,2,1,3,3,3,3,7,7,7,8,9,8,8,9,3,9,10,10,8,9,9,8,9,8,8,9,9,6,6,6,6,6,6,6,6,6,9,9,9,8,9,9,3,3,2,3,2,3,4,3,3,6,7,8,7,6,7,6,5,2,2,2
sf,cvs,vxl,vxl/vxl/contrib/brl/bseg/brip/Attic/brip_vil_float_ops.cxx,buggy,cpp,IssueFalse,57063,306,52067,106,10,10,10,10,5,10,7,7,7,8,9,8,8,9,3,9,10,10,8,9,9,8,9,8,8,9,9,6,6,6,6,6,6,6,6,6,9,9,9,8,9,9,10,10,10,10,9,10,8,9,10,9,7,3,4,3,5,5,5,2,2,2
sf,cvs,vxl,vxl/vxl/contrib/brl/bseg/brip/Attic/brip_vil_float_ops.h,clean,cpp,IssueFalse,57063,306,52067,106,7,10,5,3,8,3,10,10,10,8,9,8,10,10,10,9,10,10,10,10,10,8,9,8,8,9,9,9,9,9,10,10,10,10,10,10,9,9,9,10,10,10,3,3,3,4,3,3,2,2,2,7,7,8,8,7,5,5,5,2,2,2
sf,cvs,vxl,vxl/vxl/contrib/brl/bseg/bvxm/Attic/bvxm_lidar_processor.cxx,clean,cpp,IssueFalse,57063,306,52067,106,3,3,4,3,7,9,7,7,7,8,9,8,8,9,3,9,10,10,8,9,9,8,9,8,8,9,9,6,6,6,6,6,6,6,6,6,9,9,9,8,9,9,10,8,5,9,7,5,9,7,5,9,9,9,10,9,8,8,8,8,9,9
sf,cvs,vxl,vxl/vxl/contrib/brl/bseg/bvxm/Attic/bvxm_memory_chunk.cxx,clean,cpp,IssueFalse,57063,306,52067,106,2,3,2,5,8,5,7,7,7,8,9,8,8,9,3,9,10,10,8,9,9,8,9,8,8,9,9,6,6,6,6,6,6,6,6,6,9,9,9,8,9,9,5,5,4,5,4,5,2,4,4,6,7,4,5,4,5,5,5,5,5,4
sf,cvs,vxl,vxl/vxl/contrib/brl/bseg/bvxm/Attic/bvxm_mog_mc_processor.h,buggy,cpp,IssueFalse,57063,306,52067,106,2,3,2,2,9,3,7,7,7,8,9,8,8,9,3,9,10,10,8,9,9,8,9,8,8,9,9,6,6,6,6,6,6,6,6,6,9,9,9,8,9,9,3,3,2,8,5,4,1,2,2,8,10,3,4,3,7,7,7,6,7,8
sf,cvs,vxl,vxl/vxl/contrib/brl/bseg/bvxm/Attic/bvxm_mog_rgb_processor.h,clean,cpp,IssueFalse,57063,306,52067,106,2,3,2,2,9,3,9,8,8,8,9,8,9,9,4,9,10,10,9,10,10,8,9,8,8,9,9,8,8,7,8,7,7,8,8,8,9,9,9,8,9,9,3,3,2,5,3,3,1,2,2,6,9,3,4,3,8,7,6,2,2,2
sf,cvs,vxl,vxl/vxl/contrib/brl/bseg/bvxm/Attic/bvxm_util.cxx,clean,cpp,IssueFalse,57063,306,52067,106,7,3,8,6,2,9,7,7,7,8,9,8,8,9,3,9,10,10,8,9,9,8,9,8,8,9,9,6,6,6,6,6,6,6,6,6,9,9,9,8,9,9,9,8,8,9,7,9,9,9,9,9,7,10,10,10,10,10,10,8,10,9
sf,cvs,vxl,vxl/vxl/contrib/brl/bseg/bvxm/Attic/bvxm_util.h,clean,cpp,IssueFalse,57063,306,52067,106,9,9,9,7,4,10,10,10,10,8,9,8,10,10,8,9,10,10,10,10,10,8,9,8,8,9,9,9,9,8,10,10,10,10,10,10,10,9,9,8,9,9,1,1,2,3,2,3,1,1,2,9,9,6,7,8,5,5,5,2,5,4
sf,cvs,vxl,vxl/vxl/contrib/brl/bseg/bvxm/Attic/bvxm_voxel_traits.h,clean,cpp,IssueFalse,57063,306,52067,106,4,7,4,8,8,3,7,7,7,8,9,8,8,9,3,9,10,10,8,9,9,8,9,8,8,9,9,6,6,6,6,6,6,6,6,6,9,9,9,8,9,9,3,3,6,4,6,5,1,2,5,8,9,9,9,8,8,8,7,5,6,6
sf,cvs,vxl,vxl/vxl/contrib/brl/bseg/bvxm/Attic/bvxm_voxel_world.cxx,buggy,cpp,IssueFalse,57063,306,52067,106,9,10,10,8,5,9,7,7,7,8,9,8,8,9,3,9,10,10,8,9,9,8,9,8,8,9,9,6,6,6,6,6,6,6,6,6,9,9,9,8,9,9,9,9,9,10,10,10,10,10,10,10,10,10,10,10,10,10,10,8,10,10
sf,cvs,vxl,vxl/vxl/contrib/brl/bseg/bvxm/Attic/bvxm_voxel_world.h,clean,cpp,IssueFalse,57063,306,52067,106,10,10,10,8,8,9,10,10,10,10,10,10,10,10,8,9,10,10,10,10,10,10,10,10,10,9,9,10,10,10,10,10,10,10,10,10,9,9,9,10,10,10,3,3,3,9,7,7,2,3,3,10,10,8,10,10,9,10,10,9,10,10
sf,cvs,vxl,vxl/vxl/contrib/brl/bseg/bvxm/Attic/bvxm_world_params.h,buggy,cpp,IssueFalse,57063,306,52067,106,4,4,4,8,7,3,9,8,8,10,10,10,10,10,7,9,10,10,8,9,9,10,10,10,10,10,10,10,10,9,10,10,9,10,10,10,9,9,9,8,9,9,3,3,6,6,4,8,2,4,6,9,9,5,8,6,6,7,7,8,10,9
sf,cvs,vxl,vxl/vxl/contrib/brl/bseg/bvxm/pro/Attic/bvxm_compare_rpc_process.h,buggy,cpp,IssueFalse,57063,306,52067,106,1,4,2,5,10,3,8,7,7,10,10,10,10,10,8,9,10,10,8,9,9,10,10,10,8,9,9,8,8,8,8,8,8,9,8,8,9,9,9,8,9,9,3,3,3,3,3,3,2,2,3,6,7,3,4,3,9,7,7,6,6,5
sf,cvs,vxl,vxl/vxl/contrib/brl/bseg/bvxm/pro/Attic/bvxm_detect_changes_process.cxx,clean,cpp,IssueFalse,57063,306,52067,106,4,4,4,3,7,7,7,7,7,8,9,8,8,9,3,9,10,10,8,9,9,8,9,8,8,9,9,6,6,6,6,6,6,6,6,6,9,9,9,8,9,9,10,8,5,4,3,3,7,6,4,9,9,8,9,8,5,5,5,6,8,8
sf,cvs,vxl,vxl/vxl/contrib/brl/bseg/bvxm/pro/Attic/bvxm_gen_synthetic_world_process.cxx,buggy,cpp,IssueFalse,57063,306,52067,106,9,7,9,7,3,10,7,7,7,8,9,8,8,9,3,9,10,10,8,9,9,8,9,8,8,9,9,6,6,6,6,6,6,6,6,6,9,9,9,8,9,9,9,9,9,10,10,10,9,8,10,6,7,4,5,4,5,5,5,8,8,7
sf,cvs,vxl,vxl/vxl/contrib/brl/bseg/bvxm/pro/Attic/bvxm_lidar_edge_detection_process.cxx,buggy,cpp,IssueFalse,57063,306,52067,106,4,3,4,3,7,8,7,7,7,8,9,8,8,9,3,9,10,10,8,9,9,8,9,8,8,9,9,6,6,6,6,6,6,6,6,6,9,9,9,8,9,9,10,8,5,4,3,3,8,6,4,9,9,5,7,7,6,7,7,3,6,7
sf,cvs,vxl,vxl/vxl/contrib/brl/bseg/bvxm/pro/Attic/bvxm_lidar_init_process.cxx,buggy,cpp,IssueFalse,57063,306,52067,106,6,7,6,4,7,10,7,7,7,8,9,8,8,9,3,9,10,10,8,9,9,8,9,8,8,9,9,6,6,6,6,6,6,6,6,6,9,9,9,8,9,9,9,8,6,7,7,6,8,7,6,6,7,4,5,4,5,5,5,2,2,2
sf,cvs,vxl,vxl/vxl/contrib/brl/bseg/bvxm/pro/Attic/bvxm_normalize_image_process.cxx,clean,cpp,IssueFalse,57063,306,52067,106,5,4,5,3,6,7,7,7,7,8,9,8,8,9,3,9,10,10,8,9,9,8,9,8,8,9,9,6,6,6,6,6,6,6,6,6,9,9,9,8,9,9,10,8,5,8,7,5,10,8,5,9,9,7,8,8,10,10,10,7,9,9
sf,cvs,vxl,vxl/vxl/contrib/brl/bseg/bvxm/pro/Attic/bvxm_normalize_image_process.h,clean,cpp,IssueFalse,57063,306,52067,106,6,7,6,6,7,10,9,9,9,10,10,10,10,10,8,9,10,10,10,10,10,10,10,10,10,10,10,9,8,8,9,8,8,9,8,8,10,9,9,8,9,9,7,7,6,7,8,7,3,5,5,9,10,8,10,9,10,10,10,6,9,8
sf,cvs,vxl,vxl/vxl/contrib/brl/bseg/bvxm/pro/Attic/bvxm_ocp_compare_process.h,buggy,cpp,IssueFalse,57063,306,52067,106,2,4,2,5,10,3,8,7,7,10,10,10,10,10,8,9,10,10,8,9,9,10,10,10,8,9,9,9,8,8,9,8,8,9,8,8,9,9,9,10,10,10,3,3,3,3,3,3,2,2,3,8,7,5,7,5,7,8,7,6,7,7
sf,cvs,vxl,vxl/vxl/contrib/brl/bseg/bvxm/pro/Attic/bvxm_render_expected_image_process.cxx,clean,cpp,IssueFalse,57063,306,52067,106,4,3,4,3,6,5,7,7,7,8,9,8,8,9,3,9,10,10,8,9,9,8,9,8,8,9,9,6,6,6,6,6,6,6,6,6,9,9,9,8,9,9,10,8,4,3,2,3,6,5,3,9,10,7,7,8,5,5,5,5,6,7
sf,cvs,vxl,vxl/vxl/contrib/brl/bseg/bvxm/pro/Attic/bvxm_render_virtual_view_process.cxx,clean,cpp,IssueFalse,57063,306,52067,106,5,3,5,3,5,7,7,7,7,8,9,8,8,9,3,9,10,10,8,9,9,8,9,8,8,9,9,6,6,6,6,6,6,6,6,6,9,9,9,8,9,9,10,9,5,3,2,3,7,6,4,8,9,8,9,7,6,7,6,9,10,9
sf,cvs,vxl,vxl/vxl/contrib/brl/bseg/bvxm/pro/Attic/bvxm_roi_init_process.cxx,clean,cpp,IssueFalse,57063,306,52067,106,6,7,7,4,6,10,7,7,7,8,9,8,8,9,3,9,10,10,8,9,9,8,9,8,8,9,9,6,6,6,6,6,6,6,6,6,9,9,9,8,9,9,10,8,6,9,8,7,10,10,8,9,9,6,7,7,8,8,8,7,8,9
sf,cvs,vxl,vxl/vxl/contrib/brl/bseg/bvxm/pro/Attic/bvxm_roi_init_process.h,buggy,cpp,IssueFalse,57063,306,52067,106,2,5,2,5,10,3,9,9,8,10,10,10,10,10,8,9,10,10,10,10,10,10,10,10,8,9,9,9,9,8,9,9,8,9,9,9,9,9,9,10,10,10,3,3,3,3,3,3,2,2,3,7,7,3,4,3,5,5,5,3,3,3
sf,cvs,vxl,vxl/vxl/contrib/brl/bseg/bvxm/pro/Attic/bvxm_rpc_prob_registration_process.cxx,clean,cpp,IssueFalse,57063,306,52067,106,6,8,7,3,7,10,7,7,7,8,9,8,8,9,3,9,10,10,8,9,9,8,9,8,8,9,9,6,6,6,6,6,6,6,6,6,9,9,9,8,9,9,10,10,6,3,2,3,10,10,7,8,7,4,6,4,10,10,10,9,10,9
sf,cvs,vxl,vxl/vxl/contrib/brl/bseg/bvxm/pro/Attic/bvxm_rpc_registration_process.cxx,clean,cpp,IssueFalse,57063,306,52067,106,6,7,7,3,6,10,7,7,7,8,9,8,8,9,3,9,10,10,8,9,9,8,9,8,8,9,9,6,6,6,6,6,6,6,6,6,9,9,9,8,9,9,10,10,7,3,2,3,10,9,6,10,10,9,10,10,10,10,10,9,10,10
sf,cvs,vxl,vxl/vxl/contrib/brl/bseg/bvxm/pro/tests/Attic/test_bvxm_normalize_image_process.cxx,clean,cpp,IssueFalse,57063,306,52067,106,7,7,8,4,6,8,7,7,7,8,9,8,8,9,3,9,10,10,8,9,9,8,9,8,8,9,9,6,6,6,6,6,6,6,6,6,9,9,9,8,9,9,8,8,5,8,7,6,10,10,8,6,7,6,6,4,5,5,5,6,6,4
sf,cvs,vxl,vxl/vxl/contrib/brl/bseg/bvxm/pro/tests/Attic/test_bvxm_roi_init_process.cxx,clean,cpp,IssueFalse,57063,306,52067,106,4,2,4,2,3,5,7,7,7,8,9,8,8,9,3,9,10,10,8,9,9,8,9,8,8,9,9,6,6,6,6,6,6,6,6,6,9,9,9,8,9,9,10,6,3,5,3,3,10,9,5,6,7,6,6,4,5,5,5,2,2,2
sf,cvs,vxl,vxl/vxl/contrib/brl/bseg/bvxm/pro/tests/Attic/test_bvxm_rpc_registration_process.cxx,clean,cpp,IssueFalse,57063,306,52067,106,4,2,5,2,3,5,7,7,7,8,9,8,8,9,3,9,10,10,8,9,9,8,9,8,8,9,9,6,6,6,6,6,6,6,6,6,9,9,9,8,9,9,10,7,4,5,3,3,10,9,5,9,10,6,9,8,6,7,7,5,9,8
sf,cvs,vxl,vxl/vxl/contrib/brl/bseg/bvxm/pro/tests/Attic/test_bvxm_update_lidar_process.cxx,clean,cpp,IssueFalse,57063,306,52067,106,6,4,6,2,5,5,7,7,7,8,9,8,8,9,3,9,10,10,8,9,9,8,9,8,8,9,9,6,6,6,6,6,6,6,6,6,9,9,9,8,9,9,10,8,4,5,3,3,10,9,5,6,9,5,5,4,5,5,5,3,3,3
sf,cvs,vxl,vxl/vxl/contrib/brl/bseg/bvxm/pro/tests/Attic/test_include.cxx,clean,cpp,IssueFalse,57063,306,52067,106,1,1,1,2,1,3,7,7,7,8,9,8,8,9,3,9,10,10,8,9,9,8,9,8,8,9,9,6,6,6,6,6,6,6,6,6,9,9,9,8,9,9,3,3,2,3,2,3,1,2,2,8,7,6,7,6,7,8,7,2,2,2
sf,cvs,vxl,vxl/vxl/contrib/brl/bseg/bvxm/tests/Attic/test_apm_processors.cxx,buggy,cpp,IssueFalse,57063,306,52067,106,6,2,7,5,2,8,7,7,7,8,9,8,8,9,3,9,10,10,8,9,9,8,9,8,8,9,9,6,6,6,6,6,6,6,6,6,9,9,9,8,9,9,6,6,5,5,4,6,8,5,8,8,10,10,10,9,5,5,5,5,7,6
sf,cvs,vxl,vxl/vxl/contrib/brl/bseg/bvxm/tests/Attic/test_driver.cxx,clean,cpp,IssueFalse,57063,306,52067,106,2,1,2,2,1,3,7,7,7,8,9,8,8,9,3,9,10,10,8,9,9,8,9,8,8,9,9,6,6,6,6,6,6,6,6,6,9,9,9,8,9,9,3,3,2,3,2,3,1,2,2,6,7,3,4,3,5,5,5,8,8,7
sf,cvs,vxl,vxl/vxl/contrib/brl/bseg/bvxm/tests/Attic/test_gen_synthetic_world.cxx,clean,cpp,IssueFalse,57063,306,52067,106,8,7,9,7,3,10,7,7,7,8,9,8,8,9,3,9,10,10,8,9,9,8,9,8,8,9,9,6,6,6,6,6,6,6,6,6,9,9,9,8,9,9,9,8,9,10,9,10,9,8,9,8,7,10,10,9,9,9,8,10,10,10
sf,cvs,vxl,vxl/vxl/contrib/brl/bseg/bvxm/tests/Attic/test_include.cxx,clean,cpp,IssueFalse,57063,306,52067,106,1,1,1,2,1,3,7,7,7,8,9,8,8,9,3,9,10,10,8,9,9,8,9,8,8,9,9,6,6,6,6,6,6,6,6,6,9,9,9,8,9,9,3,3,2,3,2,3,1,2,2,7,7,5,6,5,5,5,5,2,2,2
sf,cvs,vxl,vxl/vxl/contrib/brl/bseg/bvxm/tests/Attic/test_voxel_grid.cxx,clean,cpp,IssueFalse,57063,306,52067,106,4,3,5,2,5,9,7,7,7,8,9,8,8,9,3,9,10,10,8,9,9,8,9,8,8,9,9,6,6,6,6,6,6,6,6,6,9,9,9,8,9,9,10,8,5,9,6,4,10,8,4,6,7,9,8,6,5,5,5,7,7,5
sf,cvs,vxl,vxl/vxl/contrib/brl/bseg/bvxm/tests/Attic/test_voxel_world.cxx,clean,cpp,IssueFalse,57063,306,52067,106,2,2,2,2,8,3,7,7,7,8,9,8,8,9,3,9,10,10,8,9,9,8,9,8,8,9,9,6,6,6,6,6,6,6,6,6,9,9,9,8,9,9,3,3,2,3,2,3,8,5,3,6,7,5,5,4,5,5,5,2,2,2
sf,cvs,vxl,vxl/vxl/contrib/brl/bseg/bvxm/tests/Attic/test_voxel_world_mog_image.cxx,clean,cpp,IssueFalse,57063,306,52067,106,4,3,5,2,5,8,7,7,7,8,9,8,8,9,3,9,10,10,8,9,9,8,9,8,8,9,9,6,6,6,6,6,6,6,6,6,9,9,9,8,9,9,10,8,4,5,3,3,10,9,6,7,7,4,5,4,5,5,5,5,6,5
sf,cvs,vxl,vxl/vxl/contrib/brl/bseg/bvxm/tests/Attic/test_voxel_world_update.cxx,clean,cpp,IssueFalse,57063,306,52067,106,3,2,3,2,7,3,7,7,7,8,9,8,8,9,3,9,10,10,8,9,9,8,9,8,8,9,9,6,6,6,6,6,6,6,6,6,9,9,9,8,9,9,3,3,2,5,3,3,10,7,4,6,7,3,4,3,7,6,5,6,6,4
sf,cvs,vxl,vxl/vxl/contrib/brl/bseg/bvxm_batch/Attic/reg_bvxm.cxx,clean,cpp,IssueFalse,57063,306,52067,106,4,3,4,3,6,3,7,7,7,8,9,8,8,9,3,9,10,10,8,9,9,8,9,8,8,9,9,6,6,6,6,6,6,6,6,6,9,9,9,8,9,9,3,3,2,3,2,3,4,3,3,10,9,6,9,8,5,7,6,2,7,7
sf,cvs,vxl,vxl/vxl/contrib/brl/bseg/segv/Attic/segv_vil_segmentation_manager.cxx,clean,cpp,IssueFalse,57063,306,52067,106,10,9,10,10,2,8,7,7,7,8,9,8,8,9,3,9,10,10,8,9,9,8,9,8,8,9,9,6,6,6,6,6,6,6,6,6,9,9,9,8,9,9,9,10,10,8,10,10,8,10,10,8,7,10,10,10,5,6,5,6,8,7
sf,cvs,vxl,vxl/vxl/contrib/gel/mrc/vpgl/Attic/vpgl_rational_camera.h,clean,cpp,IssueFalse,57063,306,52067,106,5,10,5,9,10,5,7,7,7,8,9,8,8,9,3,9,10,10,8,9,9,8,9,8,8,9,9,6,6,6,6,6,6,6,6,6,9,9,9,8,9,9,3,4,6,6,5,9,2,3,6,6,7,3,4,3,5,5,5,3,3,3
sf,cvs,vxl,vxl/vxl/contrib/gel/mrc/vpgl/algo/Attic/vpgl_nitf_camera_coverage.cxx,clean,cpp,IssueFalse,57063,306,52067,106,3,2,3,3,4,7,7,7,7,8,9,8,8,9,3,9,10,10,8,9,9,8,9,8,8,9,9,6,6,6,6,6,6,6,6,6,9,9,9,8,9,9,9,7,4,6,5,4,8,7,4,7,9,3,4,3,8,7,7,8,8,7
sf,cvs,vxl,vxl/vxl/contrib/gel/mrc/vpgl/file_formats/Attic/vpgl_nitf_rational_camera.cxx,clean,cpp,IssueFalse,57063,306,52067,106,7,9,8,5,7,7,7,7,7,8,9,8,8,9,3,9,10,10,8,9,9,8,9,8,8,9,9,6,6,6,6,6,6,6,6,6,9,9,9,8,9,9,10,10,9,9,7,8,5,6,6,6,9,4,5,4,5,5,5,6,6,4
sf,cvs,vxl,vxl/vxl/contrib/gel/mrc/vpgl/tests/Attic/test_include.cxx,clean,cpp,IssueFalse,57063,306,52067,106,1,1,1,2,1,3,7,7,7,8,9,8,8,9,3,9,10,10,8,9,9,8,9,8,8,9,9,6,6,6,6,6,6,6,6,6,9,9,9,8,9,9,3,3,2,3,2,3,1,2,2,6,7,6,6,5,5,5,5,2,2,2
sf,cvs,vxl,vxl/vxl/contrib/gel/mrc/vpgl/tests/Attic/test_proj_camera.cxx,buggy,cpp,IssueFalse,57063,306,52067,106,5,3,7,2,4,7,7,7,7,8,9,8,8,9,3,9,10,10,8,9,9,8,9,8,8,9,9,6,6,6,6,6,6,6,6,6,9,9,9,8,9,9,8,5,3,3,2,3,10,10,8,6,7,10,9,8,5,5,5,2,2,2
sf,cvs,vxl,vxl/vxl/contrib/gel/octree/Attic/main.cxx,clean,cpp,IssueFalse,57063,306,52067,106,9,9,9,5,4,10,7,7,7,8,9,8,8,9,3,9,10,10,8,9,9,8,9,8,8,9,9,6,6,6,6,6,6,6,6,6,9,9,9,8,9,9,10,10,10,10,8,9,10,10,9,6,7,3,4,3,5,5,5,10,10,9
sf,cvs,vxl,vxl/vxl/contrib/mul/mbl/Attic/mbl_parse_int_list.h,buggy,cpp,IssueFalse,57063,306,52067,106,4,4,4,2,6,8,7,7,7,8,9,8,8,9,3,9,10,10,8,9,9,8,9,8,8,9,9,6,6,6,6,6,6,6,6,6,9,9,9,8,9,9,1,1,2,3,2,3,1,1,2,7,7,3,4,3,8,8,7,5,6,5
sf,cvs,vxl,vxl/vxl/contrib/mul/mbl/Attic/mbl_progress_time.cxx,clean,cpp,IssueFalse,57063,306,52067,106,2,5,2,5,10,3,7,7,7,8,9,8,8,9,3,9,10,10,8,9,9,8,9,8,8,9,9,6,6,6,6,6,6,6,6,6,9,9,9,8,9,9,3,3,3,4,3,4,2,3,3,7,9,4,5,4,7,7,6,7,8,7
sf,cvs,vxl,vxl/vxl/contrib/mul/mbl/tests/Attic/test_include.cxx,clean,cpp,IssueFalse,57063,306,52067,106,1,1,1,2,1,3,7,7,7,8,9,8,8,9,3,9,10,10,8,9,9,8,9,8,8,9,9,6,6,6,6,6,6,6,6,6,9,9,9,8,9,9,3,3,2,3,2,3,1,2,2,6,7,4,5,4,5,5,5,2,2,2
sf,cvs,vxl,vxl/vxl/contrib/mul/mfpf/Attic/mfpf_add_all_loaders.cxx,clean,cpp,IssueFalse,57063,306,52067,106,3,1,3,2,3,3,7,7,7,8,9,8,8,9,3,9,10,10,8,9,9,8,9,8,8,9,9,6,6,6,6,6,6,6,6,6,9,9,9,8,9,9,3,3,2,3,2,3,10,9,5,6,7,7,7,5,5,5,5,2,2,2
sf,cvs,vxl,vxl/vxl/contrib/mul/mfpf/Attic/mfpf_hog_box_finder_builder.cxx,clean,cpp,IssueFalse,57063,306,52067,106,7,8,8,8,5,7,7,7,7,8,9,8,8,9,3,9,10,10,8,9,9,8,9,8,8,9,9,6,6,6,6,6,6,6,6,6,9,9,9,8,9,9,6,8,8,6,7,9,4,8,9,9,7,9,10,9,7,7,7,9,9,10
sf,cvs,vxl,vxl/vxl/contrib/mul/mfpf/Attic/mfpf_mr_point_finder.cxx,clean,cpp,IssueFalse,57063,306,52067,106,6,9,7,8,8,7,7,7,7,8,9,8,8,9,3,9,10,10,8,9,9,8,9,8,8,9,9,6,6,6,6,6,6,6,6,6,9,9,9,8,9,9,7,8,7,8,8,9,6,8,9,6,7,3,4,3,5,5,5,6,6,4
sf,cvs,vxl,vxl/vxl/contrib/mul/mfpf/Attic/mfpf_mr_point_finder_builder.cxx,clean,cpp,IssueFalse,57063,306,52067,106,6,8,7,8,7,7,7,7,7,8,9,8,8,9,3,9,10,10,8,9,9,8,9,8,8,9,9,6,6,6,6,6,6,6,6,6,9,9,9,8,9,9,6,6,8,8,7,9,5,7,9,6,7,3,4,3,5,5,5,6,6,4
sf,cvs,vxl,vxl/vxl/contrib/mul/mfpf/Attic/mfpf_mr_point_finder_builder.h,clean,cpp,IssueFalse,57063,306,52067,106,3,8,3,3,10,3,10,9,9,8,9,8,10,10,7,9,10,10,10,10,10,8,9,8,9,9,9,10,9,9,10,9,9,10,10,9,10,9,9,8,9,9,3,3,3,10,8,7,3,3,3,6,7,3,4,3,7,6,5,2,2,2
sf,cvs,vxl,vxl/vxl/contrib/mul/mfpf/Attic/mfpf_norm_corr1d.cxx,clean,cpp,IssueFalse,57063,306,52067,106,6,8,6,8,7,7,7,7,7,8,9,8,8,9,3,9,10,10,8,9,9,8,9,8,8,9,9,6,6,6,6,6,6,6,6,6,9,9,9,8,9,9,5,6,7,9,8,9,4,7,8,7,7,3,5,4,8,8,7,2,3,3
sf,cvs,vxl,vxl/vxl/contrib/mul/mfpf/Attic/mfpf_norm_corr1d_builder.cxx,clean,cpp,IssueFalse,57063,306,52067,106,5,7,5,8,8,5,7,7,7,8,9,8,8,9,3,9,10,10,8,9,9,8,9,8,8,9,9,6,6,6,6,6,6,6,6,6,9,9,9,8,9,9,4,5,6,7,7,8,3,7,7,6,7,3,4,3,5,5,5,3,3,3
sf,cvs,vxl,vxl/vxl/contrib/mul/mfpf/Attic/mfpf_norm_corr2d.cxx,buggy,cpp,IssueFalse,57063,306,52067,106,7,9,8,8,6,8,7,7,7,8,9,8,8,9,3,9,10,10,8,9,9,8,9,8,8,9,9,6,6,6,6,6,6,6,6,6,9,9,9,8,9,9,7,8,8,9,8,10,6,8,9,6,7,5,5,4,5,5,5,2,2,2
sf,cvs,vxl,vxl/vxl/contrib/mul/mfpf/Attic/mfpf_norm_corr2d.h,clean,cpp,IssueFalse,57063,306,52067,106,3,8,3,2,10,3,10,9,9,10,10,10,10,10,9,9,10,10,10,10,10,10,10,10,10,10,10,10,10,9,10,9,9,10,10,9,9,9,9,10,10,10,3,3,2,5,3,3,1,2,2,6,7,4,5,4,7,6,5,7,7,5
sf,cvs,vxl,vxl/vxl/contrib/mul/mfpf/Attic/mfpf_norm_corr2d_builder.cxx,clean,cpp,IssueFalse,57063,306,52067,106,7,7,7,8,6,7,7,7,7,8,9,8,8,9,3,9,10,10,8,9,9,8,9,8,8,9,9,6,6,6,6,6,6,6,6,6,9,9,9,8,9,9,6,7,7,6,7,8,4,7,8,6,7,5,5,4,7,6,5,9,8,7
sf,cvs,vxl,vxl/vxl/contrib/mul/mfpf/Attic/mfpf_norm_corr2d_builder.h,clean,cpp,IssueFalse,57063,306,52067,106,3,7,3,3,10,3,9,9,9,10,10,10,10,10,7,9,10,10,10,10,10,10,10,10,10,10,10,10,9,9,10,9,9,10,10,9,9,9,9,8,9,9,3,3,2,5,3,4,1,2,2,6,7,4,5,4,5,5,5,3,3,3
sf,cvs,vxl,vxl/vxl/contrib/mul/mfpf/Attic/mfpf_point_finder.cxx,clean,cpp,IssueFalse,57063,306,52067,106,8,10,8,9,8,8,8,8,7,10,10,10,9,9,4,9,10,10,9,9,9,10,10,10,10,10,10,7,7,7,7,7,7,8,8,8,9,9,9,8,9,9,7,8,9,10,9,10,5,9,10,6,7,4,5,4,9,8,7,2,2,2
sf,cvs,vxl,vxl/vxl/contrib/mul/mfpf/Attic/mfpf_point_finder.h,clean,cpp,IssueFalse,57063,306,52067,106,4,10,4,3,10,3,10,10,9,8,9,8,10,10,8,10,10,10,10,10,10,8,9,8,10,10,10,10,10,10,10,10,10,10,10,10,10,9,9,8,9,9,3,3,3,6,4,4,1,2,2,6,7,4,5,4,5,5,5,9,9,8
sf,cvs,vxl,vxl/vxl/contrib/mul/mfpf/Attic/mfpf_region_finder.cxx,buggy,cpp,IssueFalse,57063,306,52067,106,8,9,8,8,6,8,7,7,7,8,9,8,8,9,3,9,10,10,8,9,9,8,9,8,8,9,9,6,6,6,6,6,6,6,6,6,9,9,9,8,9,9,8,8,9,10,9,10,7,9,9,7,7,5,6,5,6,6,5,9,9,8
sf,cvs,vxl,vxl/vxl/contrib/mul/mfpf/Attic/mfpf_region_finder.h,clean,cpp,IssueFalse,57063,306,52067,106,3,8,3,3,10,3,10,10,9,10,10,10,10,10,9,9,10,10,10,10,10,10,10,10,10,10,10,10,10,9,10,9,9,10,10,9,9,9,9,10,10,10,3,3,2,8,6,5,1,2,2,6,7,4,5,4,5,5,5,7,7,5
sf,cvs,vxl,vxl/vxl/contrib/mul/mfpf/Attic/mfpf_region_finder_builder.cxx,clean,cpp,IssueFalse,57063,306,52067,106,8,9,8,9,5,8,7,7,7,8,9,8,8,9,3,9,10,10,8,9,9,8,9,8,8,9,9,6,6,6,6,6,6,6,6,6,9,9,9,8,9,9,7,8,9,7,8,9,5,8,9,7,7,4,5,4,7,7,6,8,8,8
sf,cvs,vxl,vxl/vxl/contrib/mul/mfpf/Attic/mfpf_region_finder_builder.h,clean,cpp,IssueFalse,57063,306,52067,106,3,9,4,3,10,3,10,10,9,10,10,10,10,10,9,9,10,10,10,10,10,10,10,10,10,10,10,10,10,9,10,10,9,10,10,10,9,9,9,8,9,9,3,3,3,5,3,4,1,2,2,6,7,4,5,4,5,5,5,6,6,5
sf,cvs,vxl,vxl/vxl/contrib/mul/mfpf/Attic/mfpf_region_pdf.cxx,clean,cpp,IssueFalse,57063,306,52067,106,7,9,8,8,6,8,7,7,7,8,9,8,8,9,3,9,10,10,8,9,9,8,9,8,8,9,9,6,6,6,6,6,6,6,6,6,9,9,9,8,9,9,8,8,8,10,9,10,7,9,9,6,7,3,4,3,5,5,5,7,7,6
sf,cvs,vxl,vxl/vxl/contrib/mul/mfpf/Attic/mfpf_region_pdf_builder.cxx,clean,cpp,IssueFalse,57063,306,52067,106,8,9,8,9,6,8,7,7,7,8,9,8,8,9,3,9,10,10,8,9,9,8,9,8,8,9,9,6,6,6,6,6,6,6,6,6,9,9,9,8,9,9,7,8,8,7,8,9,5,8,9,6,7,3,4,3,5,5,5,8,8,6
sf,cvs,vxl,vxl/vxl/contrib/mul/mfpf/Attic/mfpf_sad_vec_cost.cxx,buggy,cpp,IssueFalse,57063,306,52067,106,4,6,3,6,9,5,7,7,7,8,9,8,8,9,3,9,10,10,8,9,9,8,9,8,8,9,9,6,6,6,6,6,6,6,6,6,9,9,9,8,9,9,4,5,5,4,4,6,2,3,5,6,7,4,5,4,9,8,7,2,2,2
sf,cvs,vxl,vxl/vxl/contrib/mul/mfpf/Attic/mfpf_ssd_vec_cost.cxx,clean,cpp,IssueFalse,57063,306,52067,106,3,6,3,6,9,5,7,7,7,8,9,8,8,9,3,9,10,10,8,9,9,8,9,8,8,9,9,6,6,6,6,6,6,6,6,6,9,9,9,8,9,9,4,5,5,6,6,7,2,4,5,7,7,3,5,4,9,8,7,2,2,2
sf,cvs,vxl,vxl/vxl/contrib/mul/mfpf/tests/Attic/test_driver.cxx,clean,cpp,IssueFalse,57063,306,52067,106,2,1,2,2,3,3,7,7,7,8,9,8,8,9,3,9,10,10,8,9,9,8,9,8,8,9,9,6,6,6,6,6,6,6,6,6,9,9,9,8,9,9,3,3,2,3,2,3,1,2,2,6,7,4,5,4,5,5,5,3,3,3
sf,cvs,vxl,vxl/vxl/contrib/mul/mfpf/tests/Attic/test_include.cxx,clean,cpp,IssueFalse,57063,306,52067,106,1,1,1,2,1,3,7,7,7,8,9,8,8,9,3,9,10,10,8,9,9,8,9,8,8,9,9,6,6,6,6,6,6,6,6,6,9,9,9,8,9,9,3,3,2,3,2,3,1,2,2,8,7,7,8,6,8,9,8,2,2,2
sf,cvs,vxl,vxl/vxl/contrib/mul/mipa/tests/Attic/test_sample_histo_boxes.cxx,clean,cpp,IssueFalse,57063,306,52067,106,4,2,5,3,4,8,7,7,7,8,9,8,8,9,3,9,10,10,8,9,9,8,9,8,8,9,9,6,6,6,6,6,6,6,6,6,9,9,9,8,9,9,10,8,6,9,7,6,3,4,3,7,9,9,9,8,8,8,7,2,3,3
sf,cvs,vxl,vxl/vxl/contrib/mul/mipa/tests/Attic/test_vector_normalisers.cxx,clean,cpp,IssueFalse,57063,306,52067,106,7,6,8,3,4,10,7,7,7,8,9,8,8,9,3,9,10,10,8,9,9,8,9,8,8,9,9,6,6,6,6,6,6,6,6,6,9,9,9,8,9,9,10,10,7,4,3,3,10,10,7,8,7,4,5,4,10,9,9,9,10,10
sf,cvs,vxl,vxl/vxl/contrib/mul/mmn/tests/Attic/test_driver.cxx,buggy,cpp,IssueFalse,57063,306,52067,106,1,1,2,2,1,3,7,7,7,8,9,8,8,9,3,9,10,10,8,9,9,8,9,8,8,9,9,6,6,6,6,6,6,6,6,6,9,9,9,8,9,9,3,3,2,3,2,3,1,2,2,7,7,6,6,5,6,6,5,2,3,3
sf,cvs,vxl,vxl/vxl/contrib/mul/mmn/tests/Attic/test_include.cxx,clean,cpp,IssueFalse,57063,306,52067,106,1,1,1,2,1,3,7,7,7,8,9,8,8,9,3,9,10,10,8,9,9,8,9,8,8,9,9,6,6,6,6,6,6,6,6,6,9,9,9,8,9,9,3,3,2,3,2,3,1,2,2,7,7,4,5,4,5,5,5,2,2,2
sf,cvs,vxl,vxl/vxl/contrib/mul/tools/Attic/image3d_math.cxx,buggy,cpp,IssueFalse,57063,306,52067,106,1,2,1,2,10,3,7,7,7,8,9,8,8,9,3,9,10,10,8,9,9,8,9,8,8,9,9,6,6,6,6,6,6,6,6,6,9,9,9,8,9,9,3,3,2,3,2,3,1,2,2,10,10,10,10,10,8,10,9,8,10,10
sf,cvs,vxl,vxl/vxl/contrib/mul/tools/Attic/print_image.cxx,clean,cpp,IssueFalse,57063,306,52067,106,5,3,5,5,4,7,7,7,7,8,9,8,8,9,3,9,10,10,8,9,9,8,9,8,8,9,9,6,6,6,6,6,6,6,6,6,9,9,9,8,9,9,9,7,6,9,6,8,9,8,8,9,7,9,10,10,8,9,8,6,8,9
sf,cvs,vxl,vxl/vxl/contrib/mul/vil3d/Attic/vil3d_trilin_interp.h,clean,cpp,IssueFalse,57063,306,52067,106,4,5,4,4,8,5,7,7,7,8,9,8,8,9,3,9,10,10,8,9,9,8,9,8,8,9,9,6,6,6,6,6,6,6,6,6,9,9,9,8,9,9,1,1,2,3,2,3,1,1,2,6,7,3,4,3,8,7,6,3,3,3
sf,cvs,vxl,vxl/vxl/contrib/mul/vil3d/tests/Attic/test_include.cxx,clean,cpp,IssueFalse,57063,306,52067,106,1,1,1,2,1,3,7,7,7,8,9,8,8,9,3,9,10,10,8,9,9,8,9,8,8,9,9,6,6,6,6,6,6,6,6,6,9,9,9,8,9,9,3,3,2,3,2,3,1,2,2,7,7,4,5,4,5,5,5,2,2,2
sf,cvs,vxl,vxl/vxl/contrib/mul/vil3d/tests/Attic/test_resample.cxx,clean,cpp,IssueFalse,57063,306,52067,106,5,3,7,4,5,8,7,7,7,8,9,8,8,9,3,9,10,10,8,9,9,8,9,8,8,9,9,6,6,6,6,6,6,6,6,6,9,9,9,8,9,9,10,7,7,4,3,4,8,5,6,6,7,3,4,3,5,5,5,6,6,4
sf,cvs,vxl,vxl/vxl/contrib/mul/vimt3d/Attic/vimt3d_add_all_loaders.cxx,clean,cpp,IssueFalse,57063,306,52067,106,1,2,1,2,9,3,7,7,7,8,9,8,8,9,3,9,10,10,8,9,9,8,9,8,8,9,9,6,6,6,6,6,6,6,6,6,9,9,9,8,9,9,3,3,2,3,2,3,5,4,2,6,7,3,4,3,8,7,6,6,6,4
sf,cvs,vxl,vxl/vxl/contrib/mul/vimt3d/Attic/vimt3d_resample_trilinear.h,clean,cpp,IssueFalse,57063,306,52067,106,5,9,3,4,9,5,7,7,7,8,9,8,8,9,3,9,10,10,8,9,9,8,9,8,8,9,9,6,6,6,6,6,6,6,6,6,9,9,9,8,9,9,1,1,2,3,2,3,1,1,2,6,7,10,10,9,5,5,5,2,2,2
sf,cvs,vxl,vxl/vxl/contrib/mul/vimt3d/Attic/vimt3d_transform_3d.cxx,buggy,cpp,IssueFalse,57063,306,52067,106,9,10,10,9,5,10,7,7,7,8,9,8,8,9,3,9,10,10,8,9,9,8,9,8,8,9,9,6,6,6,6,6,6,6,6,6,9,9,9,8,9,9,9,9,10,10,10,10,10,10,10,8,7,8,9,8,6,6,6,6,9,8
sf,cvs,vxl,vxl/vxl/contrib/mul/vimt3d/Attic/vimt3d_transform_3d.h,buggy,cpp,IssueFalse,57063,306,52067,106,5,10,4,6,10,5,10,10,10,8,9,8,10,10,9,9,10,10,9,10,10,8,9,8,10,10,10,10,10,10,10,10,10,10,10,10,10,10,10,8,9,9,6,6,6,10,10,9,4,8,6,8,9,6,7,6,8,7,7,5,6,6
sf,cvs,vxl,vxl/vxl/contrib/mul/vimt3d/Attic/vimt3d_vil3d_v3i.cxx,clean,cpp,IssueFalse,57063,306,52067,106,7,9,7,8,7,5,7,7,7,8,9,8,8,9,3,9,10,10,8,9,9,8,9,8,8,9,9,6,6,6,6,6,6,6,6,6,9,9,9,8,9,9,8,7,8,8,8,9,6,7,9,6,7,8,7,5,8,7,6,6,6,4
sf,cvs,vxl,vxl/vxl/contrib/mul/vimt3d/Attic/vimt3d_vil3d_v3i.h,clean,cpp,IssueFalse,57063,306,52067,106,3,9,3,4,10,3,9,9,9,10,10,10,9,10,7,9,10,10,9,10,10,10,10,10,10,10,10,9,9,9,9,9,9,9,9,9,9,9,9,10,10,10,3,3,3,3,2,3,1,2,2,6,7,7,6,5,7,6,5,2,2,2
sf,cvs,vxl,vxl/vxl/contrib/mul/vimt3d/tests/Attic/test_save.cxx,clean,cpp,IssueFalse,57063,306,52067,106,2,1,2,3,3,3,7,7,7,8,9,8,8,9,3,9,10,10,8,9,9,8,9,8,8,9,9,6,6,6,6,6,6,6,6,6,9,9,9,8,9,9,3,3,2,5,4,4,5,5,3,6,7,3,4,3,7,6,5,7,7,5
sf,cvs,vxl,vxl/vxl/contrib/mul/vimt3d/tests/Attic/test_transform_3d.cxx,buggy,cpp,IssueFalse,57063,306,52067,106,7,9,8,6,6,5,7,7,7,8,9,8,8,9,3,9,10,10,8,9,9,8,9,8,8,9,9,6,6,6,6,6,6,6,6,6,9,9,9,8,9,9,9,9,7,8,8,8,9,9,8,7,9,10,10,10,5,5,5,2,3,3
sf,cvs,vxl,vxl/vxl/contrib/mul/vpdfl/Attic/vpdfl_gaussian.cxx,clean,cpp,IssueFalse,57063,306,52067,106,7,9,7,9,8,7,7,7,7,8,9,8,8,9,3,9,10,10,8,9,9,8,9,8,8,9,9,6,6,6,6,6,6,6,6,6,9,9,9,8,9,9,6,6,8,6,6,9,5,7,9,6,7,3,4,3,5,5,5,5,5,4
sf,cvs,vxl,vxl/vxl/core/Attic/vxl_version.h,clean,cpp,IssueFalse,57063,306,52067,106,1,5,1,1,1,3,7,7,7,8,9,8,8,9,3,9,10,10,8,9,9,8,9,8,8,9,9,6,6,6,6,6,6,6,6,6,9,9,9,8,9,9,1,1,2,3,2,3,1,1,2,10,7,3,4,3,5,5,5,3,5,10
sf,cvs,vxl,vxl/vxl/core/vgl/tests/Attic/test_intersection.cxx,buggy,cpp,IssueFalse,57063,306,52067,106,5,2,5,4,3,3,7,7,7,8,9,8,8,9,3,9,10,10,8,9,9,8,9,8,8,9,9,6,6,6,6,6,6,6,6,6,9,9,9,8,9,9,3,3,3,4,3,4,8,6,7,7,10,3,5,4,5,5,5,5,6,5
sf,cvs,vxl,vxl/vxl/core/vgl/tests/Attic/test_triangle_3d_line_intersection.cxx,buggy,cpp,IssueFalse,57063,306,52067,106,4,4,4,3,8,3,7,7,7,8,9,8,8,9,3,9,10,10,8,9,9,8,9,8,8,9,9,6,6,6,6,6,6,6,6,6,9,9,9,8,9,9,3,3,3,5,4,4,8,6,5,6,7,10,9,8,7,6,5,6,6,5
sf,cvs,vxl,vxl/vxl/core/vgui/impl/wx/Attic/vgui_wx_dialog_impl.cxx,clean,cpp,IssueFalse,57063,306,52067,106,8,9,8,9,6,7,7,8,8,9,10,10,9,9,5,9,10,10,8,9,10,9,10,10,9,10,10,7,8,8,7,8,8,7,8,9,9,9,9,9,10,10,7,9,9,7,8,9,7,9,10,7,10,5,6,5,5,5,5,6,7,6
sf,cvs,vxl,vxl/vxl/core/vgui/impl/wx/Attic/vgui_wx_menu.cxx,clean,cpp,IssueFalse,57063,306,52067,106,6,7,5,6,7,8,7,7,7,8,9,8,8,9,3,9,10,10,8,9,9,8,9,8,8,9,9,6,6,6,6,6,6,6,6,6,9,9,9,8,9,9,8,6,7,7,8,8,7,7,8,6,10,3,4,3,7,6,5,3,3,3
sf,cvs,vxl,vxl/vxl/core/vgui/wx/Attic/vgui_wx.h,clean,cpp,IssueFalse,57063,306,52067,106,1,3,1,1,10,3,7,7,7,8,9,8,8,9,3,9,10,10,8,9,9,8,9,8,8,9,9,6,6,6,6,6,6,6,6,7,9,9,9,8,9,9,1,1,2,3,2,3,1,1,2,6,7,3,4,3,8,7,6,6,6,5
sf,cvs,vxl,vxl/vxl/core/vgui/wx/Attic/wxSliderPanel.cxx,clean,cpp,IssueFalse,57063,306,52067,106,7,4,6,8,4,5,7,7,7,8,9,8,8,9,3,9,10,10,8,9,9,8,9,8,8,9,9,6,6,6,6,6,6,6,6,6,9,9,9,8,9,9,5,5,7,8,8,9,5,6,8,9,10,9,10,9,8,8,8,8,10,10
sf,cvs,vxl,vxl/vxl/core/vil/Attic/vil_save.cxx,clean,cpp,IssueFalse,57063,306,52067,106,4,4,5,4,6,7,7,7,7,8,9,8,8,9,3,9,10,10,8,9,9,8,9,8,8,9,9,6,6,6,6,6,6,6,6,6,9,9,9,8,9,9,10,9,7,8,6,7,7,7,6,8,7,5,6,5,5,5,5,3,3,4
sf,cvs,vxl,vxl/vxl/core/vil/file_formats/Attic/vil_geotiff_header.cxx,clean,cpp,IssueFalse,57063,306,52067,106,5,3,5,6,4,7,7,7,7,8,9,8,8,9,3,9,10,10,8,9,9,8,9,8,8,9,9,6,6,6,6,6,6,6,6,6,9,9,9,8,9,9,7,6,6,5,7,6,5,4,7,7,9,4,5,4,5,5,5,2,2,2
sf,cvs,vxl,vxl/vxl/core/vil/file_formats/Attic/vil_tiff.cxx,clean,cpp,IssueFalse,57063,306,52067,106,10,10,10,10,5,9,7,7,7,8,9,8,9,9,4,9,10,10,8,9,9,8,9,8,10,10,10,6,7,6,6,6,6,7,7,7,9,9,9,8,9,9,9,9,10,9,9,10,5,9,10,6,9,3,4,3,5,5,5,3,3,3
sf,cvs,vxl,vxl/vxl/core/vnl/Attic/vnl_math.h,buggy,cpp,IssueFalse,57063,306,52067,106,5,9,8,10,9,3,7,7,7,8,9,8,8,9,3,9,10,10,8,9,9,8,9,8,10,10,10,6,6,6,6,6,6,6,6,7,9,9,9,8,9,9,5,5,10,4,4,10,2,3,9,7,7,3,4,3,5,5,5,7,7,7
sf,cvs,vxl,vxl/vxl/core/vnl/algo/Attic/vnl_powell.cxx,buggy,cpp,IssueFalse,57063,306,52067,106,5,2,5,4,3,9,8,7,7,10,10,10,9,9,4,9,10,10,8,9,9,10,10,10,10,10,10,7,7,7,7,7,7,8,7,7,9,9,9,8,9,9,9,9,6,9,7,7,7,7,6,6,9,3,4,3,5,5,5,5,5,4
sf,cvs,vxl,vxl/vxl/vcl/internal/Attic/vcl_interlocked.h,clean,cpp,IssueFalse,57063,306,52067,106,1,4,1,1,1,3,7,7,7,8,9,8,8,9,3,9,10,10,8,9,9,8,9,8,8,9,9,6,6,6,6,6,6,6,6,6,9,9,9,8,9,9,1,1,2,3,2,3,1,1,2,8,9,7,7,7,8,9,8,3,5,4
