Host,Vcs,Project,File,Buggy,PL,IssueTracking,TLOC,TNF,TNC,TND,LOC,CL,NStmt,NFunc,RCC,MNL,avg_WMC,max_WMC,total_WMC,avg_DIT,max_DIT,total_DIT,avg_RFC,max_RFC,total_RFC,avg_NOC,max_NOC,total_NOC,avg_CBO,max_CBO,total_CBO,avg_DIT.1,max_DIT.1,total_DIT.1,avg_NIV,max_NIV,total_NIV,avg_NIM,max_NIM,total_NIM,avg_NOM,max_NOM,total_NOM,avg_NPBM,max_NPBM,total_NPBM,avg_NPM,max_NPM,total_NPM,avg_NPRM,max_NPRM,total_NPRM,avg_CC,max_CC,total_CC,avg_FANIN,max_FANIN,total_FANIN,avg_FANOUT,max_FANOUT,total_FANOUT,NRev,NFix,avg_AddedLOC,max_AddedLOC,total_AddedLOC,avg_DeletedLOC,max_DeletedLOC,total_DeletedLOC,avg_ModifiedLOC,max_ModifiedLOC,total_ModifiedLOC
sf,cvs,wc-mdx-editor,wc-mdx-editor/Ateliers_Prog_Library/src/org/aprog/util/AbstractContract.java,clean,java,IssueFalse,4641,103,216,2,3,8,5,3,9,10,6,5,5,5,5,7,6,6,6,9,9,9,8,7,7,5,5,7,7,6,7,7,7,7,4,3,7,7,7,4,8,8,8,7,7,7,8,8,6,8,7,4,7,6,4,3,7,5,6,6,4,5,5,2,2,2
sf,cvs,wc-mdx-editor,wc-mdx-editor/Ateliers_Prog_Library/src/org/aprog/util/AbstractValueHolder.java,clean,java,IssueFalse,4641,103,216,2,2,2,2,3,5,7,3,3,2,5,5,7,6,6,6,10,10,10,2,2,2,5,5,7,6,4,6,6,7,6,3,2,6,7,7,3,8,8,8,7,7,7,5,6,4,2,3,2,4,3,3,3,7,6,6,6,4,5,5,2,2,2
sf,cvs,wc-mdx-editor,wc-mdx-editor/Ateliers_Prog_Library/src/org/aprog/util/Attic/Debug.java,clean,java,IssueFalse,4641,103,216,2,6,7,6,6,7,8,9,8,7,5,5,7,7,7,7,9,9,9,8,7,7,5,5,7,6,4,6,6,6,6,8,7,8,9,9,8,8,8,8,9,8,8,6,7,8,5,6,6,4,4,5,5,7,10,9,10,7,7,7,9,8,8
sf,cvs,wc-mdx-editor,wc-mdx-editor/Ateliers_Prog_Library/src/org/aprog/util/IValueHolder.java,clean,java,IssueFalse,4641,103,216,2,1,2,1,2,10,4,2,1,1,1,1,5,5,5,5,10,10,10,1,1,1,1,1,5,6,4,6,6,6,6,2,1,6,6,6,2,8,8,8,7,7,7,3,4,3,5,4,2,2,2,2,3,7,7,7,7,4,5,5,2,2,2
sf,cvs,wc-mdx-editor,wc-mdx-editor/Ateliers_Prog_Library/src/org/aprog/util/MutableValueHolder.java,clean,java,IssueFalse,4641,103,216,2,1,2,2,3,5,4,3,3,2,9,9,8,6,6,7,9,9,9,1,1,1,9,9,8,7,6,7,7,7,7,4,3,7,7,7,4,8,8,8,7,7,7,3,4,4,3,3,3,2,2,2,3,7,6,6,6,4,5,5,2,2,2
sf,cvs,wc-mdx-editor,wc-mdx-editor/Ateliers_Prog_Library/src/org/aprog/util/Util.java,clean,java,IssueFalse,4641,103,216,2,6,9,8,8,9,8,9,9,8,5,5,7,8,7,7,9,9,9,9,8,8,5,5,7,6,4,6,6,6,6,9,9,9,10,9,9,8,8,8,9,8,8,6,7,9,5,7,7,4,5,7,5,7,10,10,10,4,5,5,7,7,7
sf,cvs,wc-mdx-editor,wc-mdx-editor/Ateliers_Prog_Library/src/org/aprog/util/ValueHolder.java,clean,java,IssueFalse,4641,103,216,2,1,2,2,3,8,4,2,2,2,9,9,8,6,6,6,9,9,9,1,1,1,9,9,8,7,6,7,6,7,6,3,2,6,7,7,3,8,8,8,7,7,7,3,4,3,3,3,2,2,2,2,3,7,7,7,7,4,5,5,2,2,2
sf,cvs,wc-mdx-editor,wc-mdx-editor/Ateliers_Prog_Library/src/org/aprog/util/i18n/Attic/AbstractLocalizedAction.java,clean,java,IssueFalse,4641,103,216,2,4,7,5,4,8,8,5,5,4,9,9,8,8,8,8,10,10,10,7,6,6,9,9,8,6,4,6,7,7,7,6,5,7,8,8,6,8,8,8,7,7,7,5,7,6,10,10,8,2,4,3,5,7,9,9,9,6,7,7,5,4,5
sf,cvs,wc-mdx-editor,wc-mdx-editor/Ateliers_Prog_Library/src/org/aprog/util/i18n/Attic/I18N.java,clean,java,IssueFalse,4641,103,216,2,5,8,6,6,8,8,5,6,6,5,5,8,6,7,8,9,9,9,7,8,8,5,5,8,7,7,8,6,6,6,5,6,8,7,8,6,8,8,8,9,9,9,5,7,7,10,10,8,5,4,6,3,7,9,8,8,8,8,8,7,6,5
sf,cvs,wc-mdx-editor,wc-mdx-editor/Ateliers_Prog_Library/src/org/aprog/util/i18n/Attic/LocalizedSwingFactory.java,clean,java,IssueFalse,4641,103,216,2,6,10,7,8,9,7,7,7,7,5,5,8,7,7,8,9,9,9,7,8,8,5,5,8,7,7,7,6,7,7,7,8,9,9,9,9,8,8,8,7,8,8,4,7,8,6,8,7,5,4,8,5,7,10,10,10,7,7,7,2,2,2
sf,cvs,wc-mdx-editor,wc-mdx-editor/GeometryEditor/src/org/aprog/geometryeditor/application/Application.java,buggy,java,IssueFalse,4641,103,216,2,8,2,9,3,2,8,4,4,3,5,5,7,6,6,6,9,9,9,10,10,10,5,5,7,6,4,6,6,6,6,3,2,6,6,6,2,8,8,8,9,8,8,7,7,5,2,3,2,9,7,4,7,7,10,10,10,5,7,7,5,6,6
sf,cvs,wc-mdx-editor,wc-mdx-editor/GeometryEditor/src/org/aprog/geometryeditor/application/TranslationKeys.java,clean,java,IssueFalse,4641,103,216,2,6,1,8,2,1,4,2,1,1,5,5,7,6,6,6,9,9,9,2,1,1,5,5,7,6,4,6,6,6,6,2,1,6,6,6,1,8,8,8,9,8,8,3,4,3,2,2,2,2,2,2,10,7,6,8,9,5,6,6,2,5,7
sf,cvs,wc-mdx-editor,wc-mdx-editor/GeometryEditor/src/org/aprog/geometryeditor/controller/ColorsController.java,clean,java,IssueFalse,4641,103,216,2,3,1,4,3,1,7,3,3,2,5,5,7,6,6,6,9,9,9,8,7,6,5,5,7,7,6,7,6,7,6,3,2,6,7,7,3,8,8,8,7,7,7,5,6,4,5,4,3,9,7,4,3,7,5,6,6,9,9,8,5,4,4
sf,cvs,wc-mdx-editor,wc-mdx-editor/GeometryEditor/src/org/aprog/geometryeditor/controller/IDocumentController.java,clean,java,IssueFalse,4641,103,216,2,1,1,2,5,1,4,5,4,4,1,1,5,5,5,6,10,10,10,2,2,2,1,1,5,6,4,6,8,8,7,7,5,7,8,8,6,8,8,8,7,7,7,3,4,5,2,2,2,1,2,2,3,7,5,6,6,4,5,5,2,2,2
sf,cvs,wc-mdx-editor,wc-mdx-editor/GeometryEditor/src/org/aprog/geometryeditor/controller/IModel3DDocumentController.java,clean,java,IssueFalse,4641,103,216,2,2,1,3,4,1,4,4,4,3,5,5,7,6,6,7,10,10,10,4,3,3,5,5,7,6,4,6,7,7,7,6,5,7,8,8,6,8,8,8,7,7,7,3,4,5,7,9,5,2,2,3,7,7,4,5,6,5,7,7,2,3,3
sf,cvs,wc-mdx-editor,wc-mdx-editor/GeometryEditor/src/org/aprog/geometryeditor/controller/IModel3DDocumentControllerGL.java,clean,java,IssueFalse,4641,103,216,2,1,1,1,3,7,4,2,2,2,9,9,8,8,8,8,10,10,10,1,1,1,9,9,8,6,4,6,6,7,6,3,2,6,7,7,3,8,8,8,7,7,7,3,4,3,2,2,2,1,2,2,5,7,3,4,4,4,5,5,3,3,3
sf,cvs,wc-mdx-editor,wc-mdx-editor/GeometryEditor/src/org/aprog/geometryeditor/controller/MainFrameRightPaneChangeListener.java,clean,java,IssueFalse,4641,103,216,2,3,1,4,3,1,7,3,3,2,5,5,7,6,6,6,9,9,9,2,2,2,5,5,7,7,6,7,6,7,6,3,2,6,7,7,3,8,8,8,7,7,7,5,6,4,4,4,3,9,6,4,5,7,4,6,6,5,6,6,3,4,4
sf,cvs,wc-mdx-editor,wc-mdx-editor/GeometryEditor/src/org/aprog/geometryeditor/controller/Model3DDocumentControllerGL.java,buggy,java,IssueFalse,4641,103,216,2,9,3,10,9,2,8,10,9,9,5,5,7,8,8,8,9,9,9,10,9,9,5,5,7,10,10,10,10,10,9,10,10,9,10,10,10,9,9,9,10,9,9,5,8,10,6,9,9,6,9,9,9,7,8,9,10,6,9,8,3,6,7
sf,cvs,wc-mdx-editor,wc-mdx-editor/GeometryEditor/src/org/aprog/geometryeditor/controller/Model3DDocumentMouseController.java,buggy,java,IssueFalse,4641,103,216,2,9,2,9,8,1,10,10,9,9,5,5,7,8,7,7,9,9,9,10,10,9,5,5,7,10,9,9,9,9,8,9,9,9,10,9,9,8,8,8,7,7,7,7,9,9,8,9,8,6,9,8,9,7,9,10,10,7,9,9,9,9,10
sf,cvs,wc-mdx-editor,wc-mdx-editor/GeometryEditor/src/org/aprog/geometryeditor/controller/ToolManager.java,clean,java,IssueFalse,4641,103,216,2,2,1,3,3,1,7,4,3,3,5,5,7,6,6,6,9,9,9,1,1,1,5,5,7,8,7,7,7,7,7,4,3,7,7,7,4,8,8,8,7,7,7,4,6,4,4,5,3,3,3,3,7,7,5,8,7,5,6,7,2,3,4
sf,cvs,wc-mdx-editor,wc-mdx-editor/GeometryEditor/src/org/aprog/geometryeditor/controller/actions/AboutAction.java,clean,java,IssueFalse,4641,103,216,2,2,1,3,3,1,4,2,2,2,10,10,9,8,8,8,9,9,9,6,5,5,10,10,9,6,4,6,6,7,6,3,2,6,7,7,3,8,8,8,7,7,7,3,4,3,6,5,3,5,4,3,3,7,3,4,4,6,6,6,3,3,3
sf,cvs,wc-mdx-editor,wc-mdx-editor/GeometryEditor/src/org/aprog/geometryeditor/controller/actions/CreateBasicShape2DAction.java,clean,java,IssueFalse,4641,103,216,2,2,1,2,3,1,4,2,2,2,10,10,9,8,8,8,9,9,9,5,4,4,10,10,9,6,4,6,6,7,6,3,2,6,7,7,3,8,8,8,7,7,7,3,4,3,3,4,2,4,3,3,3,7,4,5,5,6,6,6,3,3,3
sf,cvs,wc-mdx-editor,wc-mdx-editor/GeometryEditor/src/org/aprog/geometryeditor/controller/actions/CreateBasicShape3DAction.java,clean,java,IssueFalse,4641,103,216,2,2,1,2,3,1,4,2,2,2,10,10,9,8,8,8,9,9,9,5,4,4,10,10,9,6,4,6,6,7,6,3,2,6,7,7,3,8,8,8,7,7,7,3,4,3,3,4,2,4,3,3,3,7,4,5,5,6,6,6,3,3,3
sf,cvs,wc-mdx-editor,wc-mdx-editor/GeometryEditor/src/org/aprog/geometryeditor/controller/actions/CreateDiscShapeAction.java,clean,java,IssueFalse,4641,103,216,2,3,1,4,3,1,4,2,2,2,10,10,9,8,8,8,9,9,9,8,7,7,10,10,9,7,6,7,6,7,6,3,2,6,7,7,3,8,8,8,7,7,7,3,4,3,9,7,4,9,6,4,3,7,3,4,4,4,5,5,3,3,3
sf,cvs,wc-mdx-editor,wc-mdx-editor/GeometryEditor/src/org/aprog/geometryeditor/controller/actions/CreateRectangleShapeAction.java,clean,java,IssueFalse,4641,103,216,2,3,1,4,3,1,4,2,2,2,10,10,9,8,8,8,9,9,9,8,7,7,10,10,9,7,6,7,6,7,6,3,2,6,7,7,3,8,8,8,7,7,7,3,4,3,9,7,4,8,5,4,3,7,3,4,4,4,5,5,5,4,4
sf,cvs,wc-mdx-editor,wc-mdx-editor/GeometryEditor/src/org/aprog/geometryeditor/controller/actions/CreateTriangleShapeAction.java,clean,java,IssueFalse,4641,103,216,2,3,1,4,3,1,4,2,2,2,10,10,9,8,8,8,9,9,9,8,7,7,10,10,9,7,6,7,6,7,6,3,2,6,7,7,3,8,8,8,7,7,7,3,4,3,9,7,4,8,5,4,3,7,3,4,4,4,5,5,3,3,3
sf,cvs,wc-mdx-editor,wc-mdx-editor/GeometryEditor/src/org/aprog/geometryeditor/controller/actions/FreeViewAction.java,clean,java,IssueFalse,4641,103,216,2,1,1,2,3,1,4,2,2,2,10,10,9,8,8,8,9,9,9,3,3,3,10,10,9,6,4,6,6,7,6,3,2,6,7,7,3,8,8,8,7,7,7,3,4,3,2,3,2,2,2,2,3,7,3,4,4,7,7,7,2,2,2
sf,cvs,wc-mdx-editor,wc-mdx-editor/GeometryEditor/src/org/aprog/geometryeditor/controller/actions/NewAction.java,clean,java,IssueFalse,4641,103,216,2,3,1,4,3,1,7,3,3,2,10,10,9,8,8,8,9,9,9,7,6,5,10,10,9,6,4,6,6,7,6,3,2,6,7,7,3,8,8,8,7,7,7,5,6,4,6,6,3,9,7,4,7,7,4,7,7,10,10,10,5,4,6
sf,cvs,wc-mdx-editor,wc-mdx-editor/GeometryEditor/src/org/aprog/geometryeditor/model/Attic/Operations.java,clean,java,IssueFalse,4641,103,216,2,3,1,5,3,1,8,6,5,4,5,5,7,6,6,6,9,9,9,5,5,4,5,5,7,6,4,6,6,6,6,4,3,7,7,7,3,8,8,8,9,8,8,8,8,6,6,7,4,5,5,3,3,9,6,7,6,4,5,5,2,2,2
sf,cvs,wc-mdx-editor,wc-mdx-editor/GeometryEditor/src/org/aprog/geometryeditor/model/Basic2DModels.java,clean,java,IssueFalse,4641,103,216,2,5,1,5,3,1,8,1,3,2,5,5,9,6,6,8,9,9,9,2,3,7,5,5,9,6,7,8,6,6,6,1,3,7,6,7,4,8,8,8,7,7,7,3,4,4,3,3,3,2,2,2,8,9,6,8,8,10,10,10,9,9,10
sf,cvs,wc-mdx-editor,wc-mdx-editor/GeometryEditor/src/org/aprog/geometryeditor/model/Basic3DModels.java,buggy,java,IssueFalse,4641,103,216,2,9,1,10,5,1,10,2,5,5,5,5,10,6,7,9,9,9,9,3,5,10,5,5,10,7,8,10,6,6,6,2,6,8,6,8,7,8,8,8,7,7,7,4,6,6,5,8,5,3,6,4,9,7,10,10,10,10,10,10,10,10,10
sf,cvs,wc-mdx-editor,wc-mdx-editor/GeometryEditor/src/org/aprog/geometryeditor/model/Camera.java,clean,java,IssueFalse,4641,103,216,2,8,3,8,8,2,7,9,8,7,5,5,7,8,8,8,9,9,9,3,3,3,5,5,7,10,9,9,9,9,9,10,9,9,10,9,9,8,8,8,10,10,10,3,6,8,8,8,8,5,6,8,3,7,8,8,7,4,5,5,7,6,6
sf,cvs,wc-mdx-editor,wc-mdx-editor/GeometryEditor/src/org/aprog/geometryeditor/model/Geoset.java,buggy,java,IssueFalse,4641,103,216,2,1,1,1,1,1,4,1,1,1,9,9,8,7,6,7,9,9,9,1,1,1,9,9,8,6,4,6,6,6,6,1,1,6,6,6,1,8,8,8,7,7,7,1,2,2,2,2,2,1,1,2,3,7,3,4,4,10,9,9,3,3,3
sf,cvs,wc-mdx-editor,wc-mdx-editor/GeometryEditor/src/org/aprog/geometryeditor/model/IGeoset.java,buggy,java,IssueFalse,4641,103,216,2,1,2,2,4,6,4,4,4,3,1,1,5,5,5,6,10,10,10,3,3,3,1,1,5,6,4,6,7,7,7,6,5,7,8,8,6,8,8,8,7,7,7,3,4,5,4,8,4,2,2,3,5,7,6,8,7,10,10,10,2,3,3
sf,cvs,wc-mdx-editor,wc-mdx-editor/GeometryEditor/src/org/aprog/geometryeditor/model/IModel3D.java,buggy,java,IssueFalse,4641,103,216,2,1,1,2,5,1,4,6,5,4,1,1,5,5,5,6,10,10,10,3,3,3,1,1,5,6,4,6,8,8,8,7,6,8,9,8,7,8,8,8,7,7,7,3,4,6,4,9,4,1,2,2,6,7,6,8,7,4,5,5,2,3,3
sf,cvs,wc-mdx-editor,wc-mdx-editor/GeometryEditor/src/org/aprog/geometryeditor/model/Model.java,buggy,java,IssueFalse,4641,103,216,2,3,2,4,6,3,4,6,5,5,5,5,7,7,7,7,9,9,9,5,4,4,5,5,7,8,7,7,9,8,8,8,7,8,9,9,8,8,8,8,7,7,7,3,4,6,2,4,3,1,4,3,5,7,9,9,9,5,6,6,2,3,3
sf,cvs,wc-mdx-editor,wc-mdx-editor/GeometryEditor/src/org/aprog/geometryeditor/model/Triangle.java,buggy,java,IssueFalse,4641,103,216,2,5,1,6,7,1,7,7,6,6,5,5,7,7,7,7,9,9,9,5,4,4,5,5,7,9,8,8,9,9,8,9,8,8,9,9,8,8,8,8,7,7,7,3,6,7,7,7,7,4,6,6,3,9,4,5,5,4,5,5,2,2,2
sf,cvs,wc-mdx-editor,wc-mdx-editor/GeometryEditor/src/org/aprog/geometryeditor/model/VisualOptions.java,buggy,java,IssueFalse,4641,103,216,2,5,1,6,5,1,4,3,5,4,5,5,8,6,7,8,9,9,9,3,5,5,5,5,8,7,7,8,7,8,8,4,6,7,7,8,6,8,8,8,7,8,8,3,4,6,9,10,7,3,5,4,5,7,8,8,9,10,10,10,6,6,6
sf,cvs,wc-mdx-editor,wc-mdx-editor/GeometryEditor/src/org/aprog/geometryeditor/util/LocalizedSwingMenuBuilder.java,clean,java,IssueFalse,4641,103,216,2,4,1,5,5,1,4,5,5,4,5,5,7,7,7,7,9,9,9,5,4,4,5,5,7,8,7,7,8,8,8,7,6,7,9,8,7,8,8,8,7,7,7,3,4,6,8,7,6,5,4,5,3,7,3,4,4,6,6,6,6,5,4
sf,cvs,wc-mdx-editor,wc-mdx-editor/GeometryEditor/src/org/aprog/geometryeditor/view/AbstractSelectableVisualComponent.java,clean,java,IssueFalse,4641,103,216,2,3,1,3,4,1,4,4,4,3,9,9,8,6,6,7,10,10,10,1,1,1,9,9,8,8,7,7,7,7,7,6,5,7,8,7,5,9,9,9,7,7,7,3,4,5,7,6,5,2,3,3,3,7,4,5,5,4,5,5,2,2,2
sf,cvs,wc-mdx-editor,wc-mdx-editor/GeometryEditor/src/org/aprog/geometryeditor/view/CreateBasicShape2DDialog.java,buggy,java,IssueFalse,4641,103,216,2,7,1,8,4,1,4,2,1,3,9,10,10,10,10,10,9,9,9,6,9,10,9,10,10,6,4,6,6,6,7,2,1,7,6,6,5,8,8,8,7,7,7,3,4,4,10,10,7,10,10,6,7,7,10,10,10,10,10,10,9,9,10
sf,cvs,wc-mdx-editor,wc-mdx-editor/GeometryEditor/src/org/aprog/geometryeditor/view/CreateBasicShape3DDialog.java,buggy,java,IssueFalse,4641,103,216,2,9,2,10,5,1,4,2,1,4,6,10,10,9,10,10,9,9,9,5,10,10,6,10,10,6,4,6,6,6,8,2,1,8,6,6,7,8,8,8,7,7,7,3,4,6,10,10,8,8,10,7,8,7,10,10,10,5,6,6,9,8,9
sf,cvs,wc-mdx-editor,wc-mdx-editor/GeometryEditor/src/org/aprog/geometryeditor/view/MainFrame.java,buggy,java,IssueFalse,4641,103,216,2,8,7,8,4,4,4,4,4,3,10,10,10,10,10,10,9,9,9,10,10,10,10,10,10,9,9,9,7,7,7,6,5,7,8,7,5,8,8,8,9,8,8,3,4,5,10,10,6,10,9,7,7,7,8,10,9,9,10,9,6,7,7
sf,cvs,wc-mdx-editor,wc-mdx-editor/GeometryEditor/src/org/aprog/geometryeditor/view/PreferencesDialog.java,buggy,java,IssueFalse,4641,103,216,2,8,1,9,6,1,9,2,3,6,10,10,10,10,10,10,9,9,9,7,9,10,10,10,10,6,6,7,6,7,8,2,3,8,6,7,7,8,8,8,7,9,9,4,7,7,8,9,7,9,8,8,8,7,9,10,10,10,10,10,6,6,8
sf,cvs,wc-mdx-editor,wc-mdx-editor/GeometryEditor/src/org/aprog/geometryeditor/view/RotateDialog.java,buggy,java,IssueFalse,4641,103,216,2,2,1,4,2,1,4,2,1,1,10,10,10,10,10,10,9,9,9,6,5,5,10,10,10,6,4,6,6,6,6,2,1,6,6,6,2,8,8,8,7,7,7,3,4,3,10,8,3,10,6,4,7,7,8,9,9,9,10,10,7,7,8
sf,cvs,wc-mdx-editor,wc-mdx-editor/GeometryEditor/src/org/aprog/geometryeditor/view/ScaleDialog.java,buggy,java,IssueFalse,4641,103,216,2,2,1,4,2,1,4,2,1,1,10,10,10,10,10,10,9,9,9,6,5,5,10,10,10,6,4,6,6,6,6,2,1,6,6,6,2,8,8,8,7,7,7,3,4,3,10,8,3,10,6,4,7,7,8,9,9,9,10,10,7,7,8
sf,cvs,wc-mdx-editor,wc-mdx-editor/GeometryEditor/src/org/aprog/geometryeditor/view/TranslateDialog.java,buggy,java,IssueFalse,4641,103,216,2,2,1,4,2,1,4,2,1,1,10,10,10,10,10,10,9,9,9,6,5,5,10,10,10,6,4,6,6,6,6,2,1,6,6,6,2,8,8,8,7,7,7,3,4,3,10,8,3,10,6,4,7,7,6,8,8,9,10,10,7,6,8
sf,cvs,wc-mdx-editor,wc-mdx-editor/GeometryEditor/src/org/aprog/geometryeditor/view/TriangleVisualComponent.java,buggy,java,IssueFalse,4641,103,216,2,6,2,7,5,2,4,6,5,4,10,10,9,7,7,7,9,9,9,7,6,5,10,10,9,8,7,7,8,8,7,7,5,7,8,7,5,10,10,10,7,7,7,4,7,6,9,9,6,9,8,7,7,9,5,8,8,5,7,7,6,7,8
sf,cvs,wc-mdx-editor,wc-mdx-editor/GeometryEditor/src/org/aprog/geometryeditor/view/VertexVisualComponent.java,clean,java,IssueFalse,4641,103,216,2,5,2,5,5,2,4,6,5,4,10,10,9,7,7,7,9,9,9,5,5,4,10,10,9,8,7,7,8,8,7,7,5,7,8,7,5,10,10,10,7,7,7,4,7,6,8,8,6,7,7,6,6,9,5,7,7,5,7,7,5,5,6
