Host,Vcs,Project,File,Buggy,PL,IssueTracking,TLOC,TNF,TNC,TND,LOC,CL,NStmt,NFunc,RCC,MNL,avg_WMC,max_WMC,total_WMC,avg_DIT,max_DIT,total_DIT,avg_RFC,max_RFC,total_RFC,avg_NOC,max_NOC,total_NOC,avg_CBO,max_CBO,total_CBO,avg_DIT.1,max_DIT.1,total_DIT.1,avg_NIV,max_NIV,total_NIV,avg_NIM,max_NIM,total_NIM,avg_NOM,max_NOM,total_NOM,avg_NPBM,max_NPBM,total_NPBM,avg_NPM,max_NPM,total_NPM,avg_NPRM,max_NPRM,total_NPRM,avg_CC,max_CC,total_CC,avg_FANIN,max_FANIN,total_FANIN,avg_FANOUT,max_FANOUT,total_FANOUT,NRev,NFix,avg_AddedLOC,max_AddedLOC,total_AddedLOC,avg_DeletedLOC,max_DeletedLOC,total_DeletedLOC,avg_ModifiedLOC,max_ModifiedLOC,total_ModifiedLOC
gc,svn,welly,/trunk/CommonType.h,clean,c,IssueTrue,8868,20,765,5,4,1,3,2,2,3,7,7,7,8,10,5,8,9,5,9,9,9,9,9,6,8,10,5,6,6,6,10,6,6,10,6,6,10,6,6,9,9,9,8,8,9,2,1,2,2,2,2,3,2,2,8,10,6,8,8,4,4,4,2,4,4
gc,svn,welly,/trunk/WLAnsiColorOperationManager.h,clean,c,IssueTrue,8868,20,765,5,1,1,2,3,6,3,7,7,7,8,10,5,8,9,5,9,9,9,9,9,6,8,10,5,6,6,6,10,6,6,10,6,6,10,6,6,9,9,9,8,8,9,3,3,2,2,2,2,4,3,2,4,8,5,4,5,4,4,4,2,3,2
gc,svn,welly,/trunk/WLButtonAreaHotspotHandler.h,clean,c,IssueTrue,8868,20,765,5,2,1,2,3,4,3,7,7,7,8,10,5,8,9,5,9,9,9,9,9,6,8,10,5,6,6,6,10,6,6,10,6,6,10,6,6,9,9,9,8,8,9,3,3,2,2,2,2,4,3,2,3,8,4,3,3,4,4,4,2,1,1
gc,svn,welly,/trunk/WLComposeDelegate.h,clean,c,IssueTrue,8868,20,765,5,1,1,3,3,7,3,7,7,7,8,10,5,8,9,5,9,9,9,9,9,6,8,10,5,6,6,6,10,6,6,10,6,6,10,6,6,9,9,9,8,8,9,3,3,2,2,2,2,4,3,2,3,5,7,6,6,4,4,4,2,3,2
gc,svn,welly,/trunk/WLFullScreenController.h,clean,c,IssueTrue,8868,20,765,5,2,2,2,3,7,3,7,7,7,8,10,5,8,9,5,9,9,9,9,9,6,8,10,5,6,6,6,10,6,6,10,6,6,10,6,6,9,9,9,8,8,9,3,3,2,2,2,2,4,3,2,2,8,3,3,3,4,4,4,3,3,2
gc,svn,welly,/trunk/YLController.h,buggy,c,IssueTrue,8868,20,765,5,5,4,8,3,4,3,7,7,7,8,10,5,8,9,5,9,9,9,9,9,6,8,10,5,6,6,6,10,6,6,10,6,6,10,6,6,9,9,9,8,8,9,3,3,2,2,2,2,4,3,2,8,10,6,6,7,6,7,7,5,7,7
gc,svn,welly,/trunk/YLEmoticon.h,clean,c,IssueTrue,8868,20,765,5,1,1,2,3,8,3,7,7,7,8,10,5,8,9,5,9,9,9,9,9,6,8,10,5,6,6,6,10,6,6,10,6,6,10,6,6,9,9,9,8,8,9,3,3,2,2,2,2,4,3,2,2,8,3,3,3,8,6,6,4,3,3
gc,svn,welly,/trunk/YLLGlobalConfig.h,buggy,c,IssueTrue,8868,20,765,5,5,1,7,3,2,3,7,7,7,8,10,5,8,9,5,9,9,9,9,9,6,8,10,5,6,6,6,10,6,6,10,6,6,10,6,6,9,9,9,8,8,9,3,3,2,2,2,2,4,3,2,2,5,9,7,7,10,9,9,7,5,4
gc,svn,welly,/trunk/YLSite.h,clean,c,IssueTrue,8868,20,765,5,2,1,3,3,4,3,7,7,7,8,10,5,8,9,5,9,9,9,9,9,6,8,10,5,6,6,6,10,6,6,10,6,6,10,6,6,9,9,9,8,8,9,3,3,2,2,2,2,4,3,2,3,8,7,5,6,9,9,8,4,4,3
gc,svn,welly,/trunk/YLView.h,buggy,c,IssueTrue,8868,20,765,5,4,1,7,3,2,3,7,7,7,8,10,5,8,9,5,9,9,9,9,9,6,8,10,5,6,6,6,10,6,6,10,6,6,10,6,6,9,9,9,8,8,9,3,3,2,2,2,2,4,3,2,10,10,5,7,9,7,9,9,4,6,8
gc,svn,welly,/trunk/encoding.c,buggy,c,IssueTrue,8868,20,765,5,10,10,2,3,8,5,7,7,7,8,10,5,8,9,5,9,9,9,9,9,6,8,10,5,6,6,6,10,6,6,10,6,6,10,6,6,9,9,9,8,8,9,7,5,3,5,4,2,5,3,2,2,5,3,3,3,4,4,4,2,1,1
