Host,Vcs,Project,File,Buggy,PL,IssueTracking,TLOC,TNF,TNC,TND,LOC,CL,NStmt,NFunc,RCC,MNL,avg_WMC,max_WMC,total_WMC,avg_DIT,max_DIT,total_DIT,avg_RFC,max_RFC,total_RFC,avg_NOC,max_NOC,total_NOC,avg_CBO,max_CBO,total_CBO,avg_DIT.1,max_DIT.1,total_DIT.1,avg_NIV,max_NIV,total_NIV,avg_NIM,max_NIM,total_NIM,avg_NOM,max_NOM,total_NOM,avg_NPBM,max_NPBM,total_NPBM,avg_NPM,max_NPM,total_NPM,avg_NPRM,max_NPRM,total_NPRM,avg_CC,max_CC,total_CC,avg_FANIN,max_FANIN,total_FANIN,avg_FANOUT,max_FANOUT,total_FANOUT,NRev,NFix,avg_AddedLOC,max_AddedLOC,total_AddedLOC,avg_DeletedLOC,max_DeletedLOC,total_DeletedLOC,avg_ModifiedLOC,max_ModifiedLOC,total_ModifiedLOC
sf,cvs,werx,werx/werx/demo/src/org/werx/demo/Demo.java,buggy,java,IssueTrue,9236,266,1134,14,8,10,8,7,9,8,5,7,8,10,10,10,10,10,10,9,9,9,9,9,8,10,10,10,7,7,7,8,7,7,8,7,6,9,8,8,9,10,10,8,9,9,7,6,6,3,4,5,8,9,8,10,7,10,10,10,10,10,10,10,10,10
sf,cvs,werx,werx/werx/demo/src/org/werx/demo/commands/CalendarCommand.java,buggy,java,IssueTrue,9236,266,1134,14,5,3,4,3,7,6,2,3,5,5,4,5,2,2,3,9,9,9,4,4,3,5,4,5,6,6,6,3,3,3,3,2,2,4,4,4,9,10,10,8,9,9,6,4,3,2,2,3,9,7,4,8,7,4,4,4,9,9,8,8,8,8
sf,cvs,werx,werx/werx/demo/src/org/werx/demo/commands/CreateBusObservationWindowCommand.java,buggy,java,IssueTrue,9236,266,1134,14,5,4,5,3,7,6,2,3,5,5,4,5,2,2,3,9,9,9,7,8,6,5,4,5,6,6,6,3,3,3,3,2,2,4,4,4,9,10,10,8,9,9,6,4,3,3,3,3,10,7,5,8,7,4,4,4,7,8,7,8,8,8
sf,cvs,werx,werx/werx/demo/src/org/werx/demo/commands/CreateDemoFrameCommand.java,buggy,java,IssueTrue,9236,266,1134,14,4,4,4,4,8,6,2,4,6,9,9,8,4,3,4,9,9,9,3,4,3,9,9,8,6,6,6,5,5,4,4,4,3,6,5,5,9,10,10,8,9,9,6,4,3,4,4,4,6,6,4,9,7,4,4,4,7,8,7,5,6,7
sf,cvs,werx,werx/werx/demo/src/org/werx/demo/commands/CreateDemoMenuCommand.java,buggy,java,IssueTrue,9236,266,1134,14,8,8,8,5,6,6,3,5,6,5,4,5,3,3,3,9,9,9,9,9,8,5,4,5,6,6,6,6,5,5,6,5,4,4,4,4,9,10,10,10,10,10,6,4,4,4,5,5,10,8,8,8,7,7,6,6,5,5,5,8,8,8
sf,cvs,werx,werx/werx/demo/src/org/werx/demo/commands/CreateDemoPaletteCommand.java,buggy,java,IssueTrue,9236,266,1134,14,6,3,5,3,5,6,2,3,5,5,4,5,2,2,3,9,9,9,8,8,7,5,4,5,6,6,6,3,3,3,3,2,2,4,4,4,9,10,10,8,9,9,6,4,3,3,3,3,10,8,6,8,7,4,4,4,7,8,7,9,8,8
sf,cvs,werx,werx/werx/demo/src/org/werx/demo/commands/CreateDemoTreeFrameCommand.java,buggy,java,IssueTrue,9236,266,1134,14,8,9,8,5,7,6,2,3,6,9,10,10,8,9,9,9,9,9,6,10,9,9,10,10,6,6,6,3,3,5,3,2,4,4,4,6,9,10,10,8,9,9,6,4,4,6,5,5,10,10,8,8,7,9,8,8,6,7,6,6,7,7
sf,cvs,werx,werx/werx/demo/src/org/werx/demo/controlpanel/DemoControlPanel.java,buggy,java,IssueTrue,9236,266,1134,14,6,3,7,3,5,6,2,3,5,10,10,10,10,10,10,9,9,9,5,6,4,10,10,10,6,6,6,3,3,3,3,2,2,4,4,4,9,10,10,8,9,9,6,4,3,3,3,3,10,7,5,8,7,6,5,5,8,8,7,10,9,9
sf,cvs,werx,werx/werx/demo/src/org/werx/demo/panel/FilePanel.java,buggy,java,IssueTrue,9236,266,1134,14,4,4,4,3,7,8,2,4,6,10,10,10,10,10,10,9,9,9,5,5,4,10,10,10,6,6,6,3,3,3,3,2,2,4,4,4,9,10,10,8,9,9,9,6,3,7,5,4,10,8,6,9,7,5,5,5,7,8,7,7,8,8
sf,cvs,werx,werx/werx/demo/src/org/werx/demo/panel/MenuPanel.java,buggy,java,IssueTrue,9236,266,1134,14,7,9,7,6,8,6,2,5,7,10,10,10,10,10,10,9,9,9,3,4,5,10,10,10,7,8,8,5,5,7,4,5,6,6,6,7,9,10,10,8,9,9,6,4,5,4,5,6,5,6,6,8,7,5,5,5,7,8,7,7,7,7
sf,cvs,werx,werx/werx/demo/src/org/werx/demo/panel/PrintPanel.java,buggy,java,IssueTrue,9236,266,1134,14,7,8,7,3,7,6,2,3,5,10,10,10,10,10,10,9,9,9,9,9,8,10,10,10,6,6,6,3,3,3,3,2,2,4,4,4,9,10,10,8,9,9,6,4,3,7,5,4,10,9,6,5,7,9,7,7,8,8,7,9,7,7
sf,cvs,werx,werx/werx/demo/src/org/werx/demo/panel/SocketPanel.java,buggy,java,IssueTrue,9236,266,1134,14,9,6,10,5,3,6,4,6,7,10,10,10,10,10,10,9,9,9,9,9,7,10,10,10,10,10,10,7,6,6,7,6,5,4,4,4,9,10,10,10,10,10,6,4,4,8,10,7,10,10,8,5,7,4,4,4,5,5,5,3,3,4
sf,cvs,werx,werx/werx/demo/src/org/werx/demo/sqlpanel/ConnectPanel.java,buggy,java,IssueTrue,9236,266,1134,14,7,8,7,4,6,6,2,4,6,10,10,10,10,10,10,9,9,9,8,8,6,10,10,10,10,10,9,5,5,4,4,4,3,4,4,4,9,10,10,10,10,10,6,4,3,10,10,8,10,8,7,5,7,7,6,6,5,5,5,1,2,2
sf,cvs,werx,werx/werx/demo/src/org/werx/demo/sqlpanel/ConnectedPanel.java,buggy,java,IssueTrue,9236,266,1134,14,7,10,7,7,8,6,5,7,8,10,10,10,10,10,10,9,9,9,8,8,6,10,10,10,9,9,8,8,7,7,8,7,6,9,8,8,9,10,10,8,9,9,6,4,5,8,8,8,7,8,8,5,7,9,7,7,10,9,9,7,6,6
sf,cvs,werx,werx/werx/demo/src/org/werx/demo/sqlpanel/SQLControlPanel.java,buggy,java,IssueTrue,9236,266,1134,14,5,3,5,3,6,8,2,4,6,10,10,10,10,10,10,9,9,9,5,6,4,10,10,10,6,6,6,3,3,3,3,2,2,4,4,4,9,10,10,8,9,9,9,6,3,8,6,4,10,8,6,10,7,5,6,6,6,8,7,7,8,9
sf,cvs,werx,werx/werx/demo/src/org/werx/demo/sqlpanel/commands/CloseCommand.java,buggy,java,IssueTrue,9236,266,1134,14,4,4,2,5,8,6,3,5,6,9,9,8,4,4,4,9,9,9,2,2,1,9,9,8,6,6,6,6,5,5,6,5,4,7,6,6,9,10,10,8,9,9,6,4,4,2,3,3,2,3,3,5,7,4,4,4,10,9,8,3,3,4
sf,cvs,werx,werx/werx/demo/src/org/werx/demo/sqlpanel/commands/ConnectCommand.java,buggy,java,IssueTrue,9236,266,1134,14,8,8,8,5,5,9,5,7,8,9,9,8,5,4,4,9,9,9,10,10,8,9,9,8,9,8,8,7,6,6,7,6,5,7,6,6,9,10,10,10,10,10,9,7,6,5,5,6,9,9,7,8,7,8,7,7,9,9,8,6,6,7
sf,cvs,werx,werx/werx/demo/src/org/werx/demo/sqlpanel/commands/DeleteCommand.java,buggy,java,IssueTrue,9236,266,1134,14,5,9,4,5,9,6,3,5,6,9,9,8,4,4,4,9,9,9,4,4,3,9,9,8,7,7,7,6,5,5,6,5,4,7,6,6,9,10,10,8,9,9,6,4,4,3,4,4,4,5,4,8,7,8,7,7,9,9,8,6,6,7
sf,cvs,werx,werx/werx/demo/src/org/werx/demo/sqlpanel/commands/InsertCommand.java,buggy,java,IssueTrue,9236,266,1134,14,5,9,4,5,9,6,3,5,6,9,9,8,4,4,4,9,9,9,4,4,3,9,9,8,7,7,7,6,5,5,6,5,4,7,6,6,9,10,10,8,9,9,6,4,4,3,4,4,4,5,4,8,7,8,7,7,9,9,8,6,6,7
sf,cvs,werx,werx/werx/demo/src/org/werx/demo/sqlpanel/commands/QueryCommand.java,buggy,java,IssueTrue,9236,266,1134,14,5,10,4,5,9,6,3,5,6,9,9,8,4,4,4,9,9,9,4,4,3,9,9,8,7,7,7,6,5,5,6,5,4,7,6,6,9,10,10,8,9,9,6,4,4,3,4,4,4,5,4,8,7,8,7,7,9,9,8,6,6,7
sf,cvs,werx,werx/werx/demo/src/org/werx/demo/sqlpanel/commands/UpdateCommand.java,buggy,java,IssueTrue,9236,266,1134,14,5,9,4,5,9,6,3,5,6,9,9,8,4,4,4,9,9,9,4,4,3,9,9,8,7,7,7,6,5,5,6,5,4,7,6,6,9,10,10,8,9,9,6,4,4,3,4,4,4,5,4,8,7,8,7,7,9,9,8,6,6,7
sf,cvs,werx,werx/werx/demo/src/org/werx/demo/sqlpanel/handlers/ConnectHandler.java,clean,java,IssueTrue,9236,266,1134,14,6,3,6,4,5,8,3,5,6,5,4,5,2,2,3,9,9,9,8,8,6,5,4,5,7,7,7,5,5,4,4,4,3,6,5,5,9,10,10,8,9,9,8,6,4,4,4,4,9,8,6,10,7,8,8,8,9,9,9,8,8,9
sf,cvs,werx,werx/werx/demo/src/org/werx/demo/sqlpanel/handlers/ConnectedHandler.java,clean,java,IssueTrue,9236,266,1134,14,6,10,5,5,9,6,4,6,7,5,4,5,4,3,4,9,9,9,5,6,4,5,4,5,7,7,7,7,6,6,7,6,5,8,7,7,9,10,10,8,9,9,6,4,4,5,4,6,4,5,5,8,7,8,7,7,9,9,9,7,7,7
sf,cvs,werx,werx/werx/extensions/sax/src/org/werx/extensions/sax/SAXController.java,buggy,java,IssueTrue,9236,266,1134,14,6,7,5,4,7,8,4,6,7,5,4,5,2,2,3,9,9,9,6,7,5,5,4,5,9,8,8,5,5,4,4,4,3,6,5,5,9,10,10,8,9,9,9,6,4,6,6,5,8,6,5,8,7,5,5,5,8,8,7,6,7,7
sf,cvs,werx,werx/werx/extensions/sax/src/org/werx/extensions/sax/handlers/AbstractSAXExceptionLoggingHandler.java,buggy,java,IssueTrue,9236,266,1134,14,5,4,4,3,8,8,2,4,6,9,9,8,2,2,3,10,10,10,4,4,3,9,9,8,6,6,6,3,3,3,3,2,2,3,2,1,10,10,10,8,9,9,9,6,3,5,4,4,10,7,5,5,7,4,4,4,9,8,7,3,3,4
sf,cvs,werx,werx/werx/extensions/sax/src/org/werx/extensions/sax/handlers/AbstractSAXHandler.java,buggy,java,IssueTrue,9236,266,1134,14,3,3,2,3,8,6,2,3,5,5,4,5,2,2,3,10,10,10,1,1,1,5,4,5,6,6,6,3,3,3,3,2,2,4,4,4,9,10,10,8,9,9,6,4,3,2,2,3,4,5,3,8,7,4,4,4,8,8,7,3,3,5
sf,cvs,werx,werx/werx/extensions/sax/src/org/werx/extensions/sax/handlers/GarbageCollectionHandler.java,buggy,java,IssueTrue,9236,266,1134,14,3,4,2,3,9,6,2,3,5,9,9,8,2,2,3,9,9,9,2,2,1,9,9,8,6,6,6,3,3,3,3,2,2,4,4,4,9,10,10,8,9,9,6,4,3,2,2,3,2,3,3,5,7,4,4,4,9,8,7,1,2,2
sf,cvs,werx,werx/werx/extensions/sax/src/org/werx/extensions/sax/handlers/SAXErrorLoggingHandler.java,buggy,java,IssueTrue,9236,266,1134,14,2,7,1,3,10,6,2,3,5,10,10,9,3,3,3,9,9,9,1,1,1,10,10,9,6,6,6,3,3,3,3,2,2,4,4,4,9,10,10,8,9,9,6,4,3,2,2,3,1,3,2,8,7,4,4,4,8,8,7,2,3,4
sf,cvs,werx,werx/werx/extensions/sax/src/org/werx/extensions/sax/handlers/SAXFatalErrorLoggingHandler.java,buggy,java,IssueTrue,9236,266,1134,14,2,7,1,3,10,6,2,3,5,10,10,9,3,3,3,9,9,9,1,1,1,10,10,9,6,6,6,3,3,3,3,2,2,4,4,4,9,10,10,8,9,9,6,4,3,2,2,3,1,3,2,8,7,4,4,4,8,8,7,2,3,4
sf,cvs,werx,werx/werx/extensions/sax/src/org/werx/extensions/sax/handlers/SAXWarningLoggingHandler.java,buggy,java,IssueTrue,9236,266,1134,14,2,7,1,3,10,6,2,3,5,10,10,9,3,3,3,9,9,9,1,1,1,10,10,9,6,6,6,3,3,3,3,2,2,4,4,4,9,10,10,8,9,9,6,4,3,2,2,3,1,3,2,8,7,4,4,4,8,8,7,2,3,4
sf,cvs,werx,werx/werx/framework/src/org/werx/framework/FrameworkJFrame.java,buggy,java,IssueTrue,9236,266,1134,14,6,8,5,5,8,6,3,5,6,10,10,10,10,10,10,9,9,9,4,4,3,10,10,10,6,6,6,6,5,5,6,5,4,7,6,6,9,10,10,8,9,9,6,4,4,4,5,4,6,7,5,9,7,8,8,7,7,8,7,6,8,8
sf,cvs,werx,werx/werx/framework/src/org/werx/framework/bus/Attic/AbstractReflectionBus.java,clean,java,IssueTrue,9236,266,1134,14,9,10,7,7,7,10,7,9,9,5,4,5,5,4,4,9,9,9,8,8,7,5,4,5,10,9,9,9,8,8,8,7,7,9,8,8,10,10,10,8,9,9,9,9,7,5,7,7,6,8,8,9,9,4,4,4,10,10,10,6,7,8
sf,cvs,werx,werx/werx/framework/src/org/werx/framework/bus/Channel.java,buggy,java,IssueTrue,9236,266,1134,14,9,10,8,7,6,10,7,9,9,5,4,5,5,4,4,9,9,9,8,8,7,5,4,5,8,8,7,9,8,8,8,7,7,9,8,8,9,10,10,8,9,9,8,8,7,6,6,7,7,9,8,8,7,5,5,5,7,8,7,6,6,7
sf,cvs,werx,werx/werx/framework/src/org/werx/framework/bus/ChannelMap.java,buggy,java,IssueTrue,9236,266,1134,14,10,10,9,7,6,10,8,9,9,5,4,5,5,5,5,9,9,9,9,9,8,5,4,5,9,9,8,9,8,8,9,8,7,8,8,7,9,10,10,10,10,10,9,7,8,9,7,9,9,8,9,10,7,10,10,10,9,10,9,10,10,10
sf,cvs,werx,werx/werx/framework/src/org/werx/framework/bus/ReflectionBus.java,clean,java,IssueTrue,9236,266,1134,14,9,10,8,7,9,10,7,9,9,5,4,5,4,4,4,9,9,9,8,8,6,5,4,5,7,7,7,3,3,3,8,7,6,9,8,8,9,10,10,8,9,9,9,9,7,10,10,10,5,7,7,10,7,10,10,10,9,9,9,10,10,10
sf,cvs,werx,werx/werx/framework/src/org/werx/framework/commands/CreateJInternalFrameCommand.java,buggy,java,IssueTrue,9236,266,1134,14,5,7,5,4,8,6,2,4,6,5,4,5,2,2,3,10,10,10,5,6,4,5,4,5,9,8,8,5,5,4,4,4,3,6,5,5,9,10,10,8,9,9,6,4,3,8,6,6,8,7,6,8,7,4,4,4,8,8,7,6,6,7
sf,cvs,werx,werx/werx/framework/src/org/werx/framework/commands/CreateNewUserFrameCommand.java,buggy,java,IssueTrue,9236,266,1134,14,5,9,5,5,9,6,3,5,6,9,9,8,4,4,4,9,9,9,5,5,4,9,9,8,8,8,7,6,5,5,6,5,4,7,6,6,9,10,10,8,9,9,6,4,4,9,7,7,6,6,5,8,7,10,9,8,6,7,6,10,10,10
sf,cvs,werx,werx/werx/framework/src/org/werx/framework/commands/CreateStandardApplicationCommand.java,buggy,java,IssueTrue,9236,266,1134,14,5,7,4,4,8,6,2,4,6,5,4,5,2,2,3,10,10,10,5,5,4,5,4,5,7,7,7,5,5,4,4,4,3,6,5,5,9,10,10,8,9,9,6,4,3,5,4,4,6,5,4,10,7,5,5,6,7,9,8,4,6,8
sf,cvs,werx,werx/werx/framework/src/org/werx/framework/commands/CreateStandardJAppletCommand.java,buggy,java,IssueTrue,9236,266,1134,14,4,7,3,4,9,6,2,4,6,5,4,5,2,2,3,9,9,9,2,3,2,5,4,5,7,7,7,5,5,4,4,4,3,6,5,5,9,10,10,8,9,9,6,4,3,5,4,4,4,5,4,5,7,4,4,4,9,9,8,5,5,5
sf,cvs,werx,werx/werx/framework/src/org/werx/framework/commands/JMenuActionCommand.java,buggy,java,IssueTrue,9236,266,1134,14,4,4,2,4,9,6,2,4,6,5,4,5,2,2,3,9,9,9,2,2,1,5,4,5,7,7,7,5,5,4,4,4,3,6,5,5,9,10,10,8,9,9,6,4,3,2,3,3,2,5,3,5,7,4,4,4,9,9,8,3,3,4
sf,cvs,werx,werx/werx/framework/src/org/werx/framework/commands/LookAndFeelCommand.java,buggy,java,IssueTrue,9236,266,1134,14,4,7,3,4,9,6,2,4,6,5,4,5,2,2,3,9,9,9,3,4,3,5,4,5,7,7,7,5,5,4,4,4,3,6,5,5,9,10,10,8,9,9,6,4,3,5,4,4,4,5,4,8,7,4,4,4,6,7,6,2,3,4
sf,cvs,werx,werx/werx/framework/src/org/werx/framework/commands/SetUILookAndFeelCommand.java,buggy,java,IssueTrue,9236,266,1134,14,7,7,6,5,7,8,4,6,7,5,4,5,3,3,3,9,9,9,8,8,6,5,4,5,8,8,7,6,5,5,6,5,4,6,5,5,9,10,10,10,10,10,7,6,4,6,5,5,9,8,7,9,7,5,5,5,10,10,9,6,7,8
sf,cvs,werx,werx/werx/framework/src/org/werx/framework/decorators/BoundingDecorator.java,buggy,java,IssueTrue,9236,266,1134,14,8,10,7,7,7,8,7,8,9,9,9,8,6,6,5,9,9,9,5,6,4,9,9,8,8,8,7,9,8,8,9,8,7,9,8,8,9,10,10,10,10,10,7,7,7,4,8,6,4,7,7,5,7,7,5,5,5,5,5,9,8,7
sf,cvs,werx,werx/werx/framework/src/org/werx/framework/decorators/DNDDecorator.java,buggy,java,IssueTrue,9236,266,1134,14,7,10,6,7,8,8,7,8,9,5,4,5,5,5,5,9,9,9,5,5,4,5,4,5,9,8,8,9,8,8,9,8,7,9,9,8,9,10,10,8,9,9,7,6,6,3,7,6,4,7,7,5,7,4,4,4,8,8,7,8,7,7
sf,cvs,werx,werx/werx/framework/src/org/werx/framework/decorators/KeepVisibleDecorator.java,buggy,java,IssueTrue,9236,266,1134,14,8,9,7,7,7,8,7,8,9,9,9,8,6,6,5,9,9,9,5,5,4,9,9,8,7,7,7,9,8,8,8,7,7,9,8,8,9,10,10,10,10,10,8,8,7,4,8,6,3,6,6,5,7,6,5,5,5,5,5,9,8,7
sf,cvs,werx,werx/werx/framework/src/org/werx/framework/decorators/StartUpLocationDecorator.java,buggy,java,IssueTrue,9236,266,1134,14,5,8,4,4,9,6,2,4,6,9,9,8,5,5,5,9,9,9,5,5,4,9,9,8,7,7,7,5,5,4,4,4,3,6,5,5,9,10,10,8,9,9,6,4,3,6,5,5,7,6,5,5,7,4,4,4,7,7,6,7,6,6
sf,cvs,werx,werx/werx/framework/src/org/werx/framework/decorators/StayVisibleLocationDecorator.java,buggy,java,IssueTrue,9236,266,1134,14,6,8,5,4,8,8,5,7,8,5,4,5,2,2,3,9,9,9,5,6,4,5,4,5,7,7,7,5,5,4,4,4,3,6,5,5,9,10,10,8,9,9,10,8,5,7,6,5,9,7,6,8,7,4,4,4,7,8,7,6,7,7
sf,cvs,werx,werx/werx/framework/src/org/werx/framework/dialog/AbstractDialogCommand.java,buggy,java,IssueTrue,9236,266,1134,14,3,7,2,5,9,6,3,5,6,5,4,5,3,3,3,10,10,10,2,3,2,5,4,5,7,7,7,6,5,5,6,5,4,7,6,6,9,10,10,8,9,9,6,4,4,2,3,3,2,3,3,5,7,4,4,4,9,8,7,1,2,2
sf,cvs,werx,werx/werx/framework/src/org/werx/framework/dialog/CancelDialogCommand.java,buggy,java,IssueTrue,9236,266,1134,14,4,7,3,4,9,6,2,4,6,9,9,8,4,4,4,9,9,9,3,4,3,9,9,8,6,6,6,5,5,4,4,4,3,6,5,5,9,10,10,8,9,9,6,4,3,2,2,3,2,3,3,8,7,4,4,4,7,8,7,4,5,5
sf,cvs,werx,werx/werx/framework/src/org/werx/framework/dialog/CreateDialogCommand.java,buggy,java,IssueTrue,9236,266,1134,14,5,6,5,4,7,6,2,4,6,5,4,5,2,2,3,9,9,9,8,8,6,5,4,5,7,7,7,5,5,4,4,4,3,6,5,5,9,10,10,8,9,9,6,4,3,6,5,5,8,7,5,9,7,5,5,5,6,8,7,5,7,7
sf,cvs,werx,werx/werx/framework/src/org/werx/framework/dialog/CurrentControlPanelHandler.java,buggy,java,IssueTrue,9236,266,1134,14,5,8,4,5,9,6,3,5,6,9,9,8,3,3,3,9,9,9,4,4,3,9,9,8,6,6,6,6,5,5,6,5,4,7,6,6,9,10,10,8,9,9,6,4,4,4,4,4,3,5,4,5,7,4,4,4,10,9,8,7,6,6
sf,cvs,werx,werx/werx/framework/src/org/werx/framework/dialog/FrameworkDialog.java,buggy,java,IssueTrue,9236,266,1134,14,8,9,8,6,6,8,5,7,8,10,10,10,10,10,10,9,9,9,8,8,6,10,10,10,9,8,8,8,7,7,7,6,6,8,8,7,9,10,10,8,9,9,8,6,6,7,7,7,9,8,8,8,7,6,6,6,9,9,8,8,8,8
sf,cvs,werx,werx/werx/framework/src/org/werx/framework/dialog/FrameworkDialogHandler.java,buggy,java,IssueTrue,9236,266,1134,14,7,9,7,5,8,8,4,7,7,5,4,5,4,3,4,9,9,9,7,7,5,5,4,5,9,8,8,7,6,6,7,6,5,8,7,7,9,10,10,8,9,9,7,6,5,6,6,6,9,9,8,9,7,4,4,4,9,9,9,9,8,9
sf,cvs,werx,werx/werx/framework/src/org/werx/framework/dialog/IDialogCommand.java,buggy,java,IssueTrue,9236,266,1134,14,2,7,2,4,10,6,2,4,6,9,9,8,2,2,3,10,10,10,2,3,2,9,9,8,6,6,6,5,5,4,4,4,3,6,5,5,9,10,10,8,9,9,6,4,3,3,3,4,1,3,3,5,7,4,4,4,5,5,5,3,3,4
sf,cvs,werx,werx/werx/framework/src/org/werx/framework/dialog/MasterControlPanelHandler.java,buggy,java,IssueTrue,9236,266,1134,14,5,8,4,5,9,6,3,5,6,9,9,8,3,3,3,9,9,9,4,4,3,9,9,8,6,6,6,6,5,5,6,5,4,7,6,6,9,10,10,8,9,9,6,4,4,4,4,4,3,5,4,5,7,4,4,4,10,9,8,7,6,6
sf,cvs,werx,werx/werx/framework/src/org/werx/framework/errorhandler/ErrorPanel.java,buggy,java,IssueTrue,9236,266,1134,14,6,4,5,4,6,8,3,5,6,10,10,10,10,10,10,9,9,9,6,7,5,10,10,10,7,7,7,5,5,4,4,4,3,6,5,5,9,10,10,8,9,9,8,6,4,6,5,5,9,7,6,9,10,6,7,7,8,9,8,7,8,9
sf,cvs,werx,werx/werx/framework/src/org/werx/framework/errorhandler/handlers/ErrorHandler.java,buggy,java,IssueTrue,9236,266,1134,14,5,10,4,4,10,8,3,5,6,5,4,5,2,2,3,9,9,9,4,4,3,5,4,5,6,6,6,5,5,4,4,4,3,6,5,5,9,10,10,8,9,9,8,6,4,4,4,4,3,5,3,8,9,8,7,7,9,9,8,6,6,7
sf,cvs,werx,werx/werx/framework/src/org/werx/framework/file/FileController.java,buggy,java,IssueTrue,9236,266,1134,14,8,10,8,7,9,8,7,9,9,5,4,5,5,4,4,9,9,9,9,9,7,5,4,5,7,7,7,8,7,7,8,7,7,9,8,8,9,10,10,10,10,10,8,6,7,6,7,7,7,8,8,10,9,10,10,10,10,10,10,9,9,10
sf,cvs,werx,werx/werx/framework/src/org/werx/framework/file/commands/GetFileNameCommand.java,buggy,java,IssueTrue,9236,266,1134,14,5,8,5,5,8,6,3,5,6,9,9,8,4,4,4,9,9,9,4,4,3,9,9,8,8,8,7,6,5,5,6,5,4,7,6,6,9,10,10,8,9,9,6,4,4,5,5,5,5,6,5,10,7,5,6,6,8,9,9,7,8,9
sf,cvs,werx,werx/werx/framework/src/org/werx/framework/file/commands/PropertiesFileReadCommand.java,buggy,java,IssueTrue,9236,266,1134,14,5,4,5,4,7,6,2,4,6,9,9,8,4,4,4,9,9,9,5,6,4,9,9,8,6,6,6,5,5,4,4,4,3,6,5,5,9,10,10,8,9,9,6,4,3,2,2,3,7,7,5,9,7,4,4,4,8,9,8,6,7,7
sf,cvs,werx,werx/werx/framework/src/org/werx/framework/file/filestate/ExceptionState.java,buggy,java,IssueTrue,9236,266,1134,14,6,9,5,5,9,6,4,6,7,5,4,5,4,3,4,10,10,10,5,6,4,5,4,5,6,6,6,7,6,6,7,6,5,8,7,7,9,10,10,8,9,9,6,4,4,3,3,4,2,3,4,9,7,6,6,6,9,9,9,6,7,8
sf,cvs,werx,werx/werx/framework/src/org/werx/framework/file/filestate/IFileState.java,buggy,java,IssueTrue,9236,266,1134,14,3,9,3,5,10,6,4,6,7,1,1,2,1,1,2,10,10,10,4,4,3,1,1,2,6,6,6,7,6,6,7,6,5,8,7,7,9,10,10,8,9,9,6,4,4,9,7,7,1,3,2,5,7,4,4,4,10,9,8,7,6,6
sf,cvs,werx,werx/werx/framework/src/org/werx/framework/file/filestate/PropertiesFileState.java,buggy,java,IssueTrue,9236,266,1134,14,10,10,9,9,7,10,3,7,9,6,9,10,4,5,9,9,9,9,7,9,10,6,9,10,6,7,8,5,6,9,4,6,9,6,7,9,9,10,10,8,9,9,8,8,8,5,7,8,7,9,9,10,10,9,10,9,10,10,10,9,10,10
sf,cvs,werx,werx/werx/framework/src/org/werx/framework/file/filestate/StringFileState.java,buggy,java,IssueTrue,9236,266,1134,14,9,10,9,9,9,9,3,7,10,6,9,10,4,4,9,10,10,10,5,9,10,6,9,10,6,7,7,5,6,9,4,6,9,6,7,10,9,10,10,8,9,9,7,7,8,4,5,8,4,7,9,9,7,5,5,6,10,10,10,10,10,10
sf,cvs,werx,werx/werx/framework/src/org/werx/framework/file/filestate/ThreadedFileState.java,buggy,java,IssueTrue,9236,266,1134,14,9,10,8,8,6,10,3,9,9,5,4,10,2,4,8,9,9,9,4,9,9,5,4,10,7,9,9,5,7,8,4,7,8,6,8,9,9,10,10,8,9,9,8,9,8,5,5,7,6,8,8,10,7,6,6,7,8,10,9,6,8,9
sf,cvs,werx,werx/werx/framework/src/org/werx/framework/file/handlers/FilePropertiesHandler.java,buggy,java,IssueTrue,9236,266,1134,14,6,4,6,4,7,8,3,5,6,5,4,5,2,2,3,9,9,9,6,7,5,5,4,5,6,6,6,5,5,4,4,4,3,6,5,5,9,10,10,8,9,9,8,6,4,4,4,4,9,8,6,9,7,6,5,6,7,8,7,8,8,9
sf,cvs,werx,werx/werx/framework/src/org/werx/framework/file/signals/FileReadSignal.java,buggy,java,IssueTrue,9236,266,1134,14,5,8,4,5,9,6,3,5,6,9,9,8,7,6,6,9,9,9,2,2,1,9,9,8,8,8,7,6,5,5,6,5,4,7,6,6,9,10,10,8,9,9,6,4,4,8,8,6,4,6,5,5,7,9,7,7,8,8,7,10,8,8
sf,cvs,werx,werx/werx/framework/src/org/werx/framework/handlers/ActionBusHandler.java,buggy,java,IssueTrue,9236,266,1134,14,9,10,8,6,7,10,7,9,9,5,4,5,4,4,4,9,9,9,9,9,8,5,4,5,9,8,8,8,7,7,7,6,6,8,7,7,9,10,10,10,10,10,10,7,7,7,6,7,9,7,8,9,7,4,4,4,6,7,6,9,8,8
sf,cvs,werx,werx/werx/framework/src/org/werx/framework/handlers/Attic/ObservationWindowHandler.java,buggy,java,IssueTrue,9236,266,1134,14,7,8,7,4,7,8,3,5,6,5,4,5,2,2,3,9,9,9,9,9,7,5,4,5,9,8,8,5,5,4,4,4,3,6,5,5,9,10,10,8,9,9,8,6,4,10,8,6,10,8,7,8,7,8,7,7,5,5,5,3,3,5
sf,cvs,werx,werx/werx/framework/src/org/werx/framework/handlers/CommandExecutionHandler.java,buggy,java,IssueTrue,9236,266,1134,14,5,9,4,5,9,6,3,5,6,5,4,5,3,3,3,9,9,9,3,4,3,5,4,5,6,6,6,6,5,5,6,5,4,6,5,5,9,10,10,10,10,10,6,4,4,3,4,4,2,5,4,8,7,4,4,4,9,9,8,5,6,6
sf,cvs,werx,werx/werx/framework/src/org/werx/framework/handlers/LookAndFeelHandler.java,buggy,java,IssueTrue,9236,266,1134,14,7,8,6,4,7,9,4,7,7,5,4,5,2,2,3,9,9,9,7,8,6,5,4,5,7,7,7,5,5,4,4,4,3,6,5,5,9,10,10,8,9,9,10,7,5,8,7,5,8,7,6,9,7,8,7,7,9,9,9,2,3,5
sf,cvs,werx,werx/werx/framework/src/org/werx/framework/handlers/StandardInternalFrameAndControlPanelHandler.java,buggy,java,IssueTrue,9236,266,1134,14,6,8,6,5,8,6,3,5,6,9,9,8,6,6,5,9,9,9,7,7,5,9,9,8,8,8,7,6,5,5,6,5,4,7,6,6,9,10,10,8,9,9,6,4,4,6,6,6,7,7,6,9,7,6,6,6,5,7,6,10,10,10
sf,cvs,werx,werx/werx/framework/src/org/werx/framework/handlers/StandardInternalFrameHandler.java,buggy,java,IssueTrue,9236,266,1134,14,7,10,7,8,9,6,6,8,8,5,4,5,5,5,5,10,10,10,7,8,6,5,4,5,8,8,7,9,9,8,9,8,8,9,9,9,9,10,10,8,9,9,6,4,6,3,7,6,2,7,6,8,7,4,4,4,7,8,7,8,8,8
sf,cvs,werx,werx/werx/framework/src/org/werx/framework/handlers/StartUpExecutionHandler.java,buggy,java,IssueTrue,9236,266,1134,14,5,8,4,4,9,6,2,4,6,5,4,5,2,2,3,9,9,9,2,3,2,5,4,5,7,7,7,5,5,4,4,4,3,6,5,5,9,10,10,8,9,9,6,4,3,4,4,4,5,5,4,8,7,4,4,4,5,5,5,6,6,7
sf,cvs,werx,werx/werx/framework/src/org/werx/framework/imagelibrary/ImageLibrary.java,buggy,java,IssueTrue,9236,266,1134,14,9,9,8,5,5,10,8,9,9,5,4,5,4,3,4,9,9,9,10,10,9,5,4,5,6,6,6,3,3,3,7,6,5,7,6,6,9,10,10,10,10,10,10,9,8,9,9,7,10,10,8,8,7,10,10,10,10,10,9,10,9,9
sf,cvs,werx,werx/werx/framework/src/org/werx/framework/logger/LogController.java,buggy,java,IssueTrue,9236,266,1134,14,9,10,9,8,9,8,2,7,9,1,4,10,1,3,9,10,10,10,4,9,10,1,4,10,6,6,6,3,5,8,3,5,8,4,5,8,9,10,10,8,10,10,7,6,7,6,9,8,6,7,8,10,7,8,8,8,8,9,9,9,10,10
sf,cvs,werx,werx/werx/framework/src/org/werx/framework/logger/loggers/AbstractLogger.java,buggy,java,IssueTrue,9236,266,1134,14,7,7,6,5,6,8,4,7,7,5,4,5,3,3,3,10,10,10,8,8,7,5,4,5,8,8,7,6,5,5,6,5,4,6,5,5,10,10,10,8,9,9,8,6,5,10,10,8,9,8,7,5,7,7,6,6,10,9,8,6,6,5
sf,cvs,werx,werx/werx/framework/src/org/werx/framework/logger/loggers/DebugLogger.java,buggy,java,IssueTrue,9236,266,1134,14,6,9,5,7,8,6,5,7,8,9,9,8,5,5,5,9,9,9,2,3,2,9,9,8,6,6,6,8,7,7,8,7,6,9,8,8,9,10,10,8,9,9,6,4,5,4,5,6,2,5,5,5,7,4,4,4,10,9,8,5,5,5
sf,cvs,werx,werx/werx/framework/src/org/werx/framework/logger/loggers/ErrorLogger.java,buggy,java,IssueTrue,9236,266,1134,14,6,8,4,6,8,6,4,7,7,9,9,8,5,5,5,9,9,9,2,3,2,9,9,8,6,6,6,8,7,7,7,6,6,8,8,7,9,10,10,8,9,9,6,4,5,3,4,5,2,5,4,5,7,4,4,4,10,9,8,5,5,5
sf,cvs,werx,werx/werx/framework/src/org/werx/framework/logger/loggers/FatalLogger.java,buggy,java,IssueTrue,9236,266,1134,14,4,4,3,4,9,6,2,4,6,9,9,8,4,4,4,9,9,9,2,3,2,9,9,8,6,6,6,5,5,4,4,4,3,6,5,5,9,10,10,8,9,9,6,4,3,4,4,4,3,5,3,5,7,4,4,4,10,9,8,5,5,5
sf,cvs,werx,werx/werx/framework/src/org/werx/framework/logger/loggers/InfoLogger.java,buggy,java,IssueTrue,9236,266,1134,14,5,7,3,5,8,6,3,5,6,9,9,8,4,4,4,9,9,9,2,3,2,9,9,8,6,6,6,6,5,5,6,5,4,7,6,6,9,10,10,8,9,9,6,4,4,3,3,4,2,5,4,5,7,4,4,4,10,9,8,5,5,5
sf,cvs,werx,werx/werx/framework/src/org/werx/framework/logger/loggers/WarnLogger.java,buggy,java,IssueTrue,9236,266,1134,14,5,8,4,5,8,6,4,6,7,9,9,8,5,4,4,9,9,9,2,3,2,9,9,8,6,6,6,7,6,6,7,6,5,8,7,7,9,10,10,8,9,9,6,4,4,4,4,5,2,5,4,5,7,4,4,4,10,9,8,5,5,5
sf,cvs,werx,werx/werx/framework/src/org/werx/framework/logger/signals/AbstractLogSignal.java,buggy,java,IssueTrue,9236,266,1134,14,6,9,5,6,9,6,4,7,7,9,9,8,7,7,6,10,10,10,2,2,1,9,9,8,8,8,7,8,7,7,7,6,6,8,8,7,9,10,10,8,9,9,6,4,5,7,8,7,3,5,5,5,7,4,4,4,8,8,7,3,3,4
sf,cvs,werx,werx/werx/framework/src/org/werx/framework/logger/signals/DebugSignal.java,buggy,java,IssueTrue,9236,266,1134,14,4,7,3,4,9,8,3,5,6,10,10,9,7,7,6,9,9,9,3,4,3,10,10,9,6,6,6,5,5,4,4,4,3,6,5,5,9,10,10,8,9,9,8,6,4,10,10,9,7,7,5,5,7,4,4,4,9,8,7,1,2,2
sf,cvs,werx,werx/werx/framework/src/org/werx/framework/logger/signals/ErrorSignal.java,buggy,java,IssueTrue,9236,266,1134,14,4,7,3,4,9,8,3,5,6,10,10,9,7,7,6,9,9,9,3,4,3,10,10,9,6,6,6,5,5,4,4,4,3,6,5,5,9,10,10,8,9,9,8,6,4,10,10,8,7,7,5,5,7,4,4,4,9,8,7,1,2,2
sf,cvs,werx,werx/werx/framework/src/org/werx/framework/logger/signals/FatalSignal.java,buggy,java,IssueTrue,9236,266,1134,14,2,4,1,3,9,6,2,3,5,10,10,9,7,7,6,9,9,9,2,2,1,10,10,9,6,6,6,3,3,3,3,2,2,4,4,4,9,10,10,8,9,9,6,4,3,5,4,4,4,5,3,5,7,4,4,4,9,8,7,1,2,2
sf,cvs,werx,werx/werx/framework/src/org/werx/framework/logger/signals/ILogSignal.java,buggy,java,IssueTrue,9236,266,1134,14,2,7,1,4,10,6,2,4,6,1,1,2,1,1,2,10,10,10,2,2,1,1,1,2,6,6,6,5,5,4,4,4,3,6,5,5,9,10,10,8,9,9,6,4,3,3,3,4,2,3,3,5,7,4,4,4,9,8,7,1,2,2
sf,cvs,werx,werx/werx/framework/src/org/werx/framework/logger/signals/InfoSignal.java,buggy,java,IssueTrue,9236,266,1134,14,2,4,1,3,9,6,2,3,5,10,10,9,7,7,6,9,9,9,2,2,1,10,10,9,6,6,6,3,3,3,3,2,2,4,4,4,9,10,10,8,9,9,6,4,3,7,5,4,4,5,3,5,7,4,4,4,9,8,7,1,2,2
sf,cvs,werx,werx/werx/framework/src/org/werx/framework/logger/signals/WarnSignal.java,buggy,java,IssueTrue,9236,266,1134,14,2,4,1,3,9,6,2,3,5,10,10,9,7,7,6,9,9,9,2,2,1,10,10,9,6,6,6,3,3,3,3,2,2,4,4,4,9,10,10,8,9,9,6,4,3,5,4,4,4,5,3,5,7,4,4,4,9,8,7,1,2,2
sf,cvs,werx,werx/werx/framework/src/org/werx/framework/palette/AddCurrentControlPanelSignal.java,buggy,java,IssueTrue,9236,266,1134,14,5,8,3,5,9,6,3,5,6,9,9,8,7,6,6,9,9,9,2,3,2,9,9,8,7,7,7,6,5,5,6,5,4,7,6,6,9,10,10,8,9,9,6,4,4,4,4,5,4,5,4,5,7,4,4,4,5,5,5,5,5,5
sf,cvs,werx,werx/werx/framework/src/org/werx/framework/palette/AddMasterControlPanelSignal.java,buggy,java,IssueTrue,9236,266,1134,14,5,8,3,5,9,6,3,5,6,9,9,8,7,6,6,9,9,9,2,3,2,9,9,8,7,7,7,6,5,5,6,5,4,7,6,6,9,10,10,8,9,9,6,4,4,4,4,5,4,5,4,5,7,4,4,4,5,5,5,5,5,5
sf,cvs,werx,werx/werx/framework/src/org/werx/framework/palette/AddPaletteSignal.java,buggy,java,IssueTrue,9236,266,1134,14,4,7,3,4,9,6,2,4,6,9,9,8,6,6,6,9,9,9,2,2,1,9,9,8,7,7,7,5,5,4,4,4,3,6,5,5,9,10,10,8,9,9,6,4,3,6,5,5,3,5,3,5,7,4,4,4,5,5,5,5,5,5
sf,cvs,werx,werx/werx/framework/src/org/werx/framework/palette/Palette.java,buggy,java,IssueTrue,9236,266,1134,14,9,9,9,8,6,8,7,9,9,10,10,10,10,10,10,9,9,9,7,8,6,10,10,10,10,9,9,9,9,9,9,9,8,10,9,9,9,10,10,10,10,10,7,6,7,6,8,8,5,8,8,5,7,8,6,6,10,9,8,10,10,10
sf,cvs,werx,werx/werx/framework/src/org/werx/framework/palette/RemoveCurrentControlPanelSignal.java,buggy,java,IssueTrue,9236,266,1134,14,5,8,3,5,9,6,3,5,6,9,9,8,7,6,6,9,9,9,2,3,2,9,9,8,7,7,7,6,5,5,6,5,4,7,6,6,9,10,10,8,9,9,6,4,4,4,4,5,4,5,4,5,7,4,4,4,5,5,5,5,5,5
sf,cvs,werx,werx/werx/framework/src/org/werx/framework/palette/RemoveMasterControlPanelSignal.java,buggy,java,IssueTrue,9236,266,1134,14,5,8,3,5,9,6,3,5,6,9,9,8,7,6,6,9,9,9,2,3,2,9,9,8,7,7,7,6,5,5,6,5,4,7,6,6,9,10,10,8,9,9,6,4,4,4,4,4,4,5,4,5,7,4,4,4,5,5,5,5,5,5
sf,cvs,werx,werx/werx/framework/src/org/werx/framework/printer/PrinterAttributeClass.java,buggy,java,IssueTrue,9236,266,1134,14,10,10,10,7,5,10,9,10,10,5,4,5,5,5,5,9,9,9,10,10,9,5,4,5,10,9,9,9,8,8,9,8,7,9,9,8,9,10,10,8,9,9,10,10,9,8,8,8,10,10,10,5,7,9,7,7,5,5,5,9,8,7
sf,cvs,werx,werx/werx/framework/src/org/werx/framework/printer/PrinterController.java,buggy,java,IssueTrue,9236,266,1134,14,10,10,10,8,5,10,9,10,10,5,4,5,6,6,5,9,9,9,10,10,10,5,4,5,6,6,6,9,9,9,10,9,9,10,9,9,9,10,10,10,10,10,8,7,8,4,4,7,9,10,10,9,7,8,7,8,10,10,9,9,9,10
sf,cvs,werx,werx/werx/framework/src/org/werx/framework/printer/PrinterDialogPanel.java,buggy,java,IssueTrue,9236,266,1134,14,8,10,7,7,8,6,2,5,8,10,10,10,10,10,10,9,9,9,3,4,6,10,10,10,6,7,7,5,5,8,4,5,7,6,6,8,9,10,10,8,9,9,6,4,6,3,5,5,5,7,7,8,7,4,4,4,8,8,7,9,8,8
sf,cvs,werx,werx/werx/framework/src/org/werx/framework/printer/commands/ComboBoxCommand.java,buggy,java,IssueTrue,9236,266,1134,14,7,9,6,7,7,6,5,7,8,5,4,5,5,4,4,9,9,9,3,4,3,5,4,5,9,8,8,9,8,8,8,7,7,9,8,8,9,10,10,8,9,9,6,4,6,5,5,7,3,6,6,8,7,4,4,4,7,8,7,6,6,7
sf,cvs,werx,werx/werx/framework/src/org/werx/framework/printer/commands/CreatePrintControllerCommand.java,buggy,java,IssueTrue,9236,266,1134,14,3,3,2,3,8,6,2,3,5,5,4,5,2,2,3,9,9,9,2,2,1,5,4,5,6,6,6,3,3,3,3,2,2,4,4,4,9,10,10,8,9,9,6,4,3,3,3,3,2,3,3,8,7,4,4,4,6,7,6,4,5,5
sf,cvs,werx,werx/werx/framework/src/org/werx/framework/printer/commands/PrintServiceAttributeDiscoveryCommand.java,buggy,java,IssueTrue,9236,266,1134,14,5,6,5,4,7,6,2,4,6,5,4,5,2,2,3,9,9,9,5,5,4,5,4,5,9,8,8,5,5,4,4,4,3,6,5,5,9,10,10,8,9,9,6,4,3,8,6,5,6,6,4,8,7,4,4,4,5,5,5,7,8,7
sf,cvs,werx,werx/werx/framework/src/org/werx/framework/printer/commands/PrintServiceSupportedDocFlavorCommand.java,buggy,java,IssueTrue,9236,266,1134,14,5,4,4,4,8,6,2,4,6,5,4,5,2,2,3,9,9,9,3,4,3,5,4,5,7,7,7,5,5,4,4,4,3,6,5,5,9,10,10,8,9,9,6,4,3,4,4,4,4,5,4,8,7,4,4,4,6,7,6,6,6,7
sf,cvs,werx,werx/werx/framework/src/org/werx/framework/printer/commands/PrinterDiscoveryCommand.java,buggy,java,IssueTrue,9236,266,1134,14,5,4,4,4,8,6,2,4,6,5,4,5,2,2,3,9,9,9,3,4,3,5,4,5,7,7,7,5,5,4,4,4,3,6,5,5,9,10,10,8,9,9,6,4,3,3,3,4,4,5,4,9,7,4,4,4,6,7,7,4,6,7
sf,cvs,werx,werx/werx/framework/src/org/werx/framework/printer/commands/PrinterInfoCommand.java,buggy,java,IssueTrue,9236,266,1134,14,5,4,4,4,8,6,2,4,6,5,4,5,2,2,3,9,9,9,5,5,4,5,4,5,7,7,7,5,5,4,4,4,3,6,5,5,9,10,10,8,9,9,6,4,3,4,4,4,5,5,4,8,7,4,4,4,6,7,6,6,6,7
sf,cvs,werx,werx/werx/framework/src/org/werx/framework/printer/commands/PrinterJobInfoCommand.java,buggy,java,IssueTrue,9236,266,1134,14,4,7,2,4,9,6,2,4,6,5,4,5,2,2,3,9,9,9,2,2,1,5,4,5,7,7,7,5,5,4,4,4,3,6,5,5,9,10,10,8,9,9,6,4,3,2,3,3,2,5,3,8,7,4,4,4,8,8,7,3,3,5
sf,cvs,werx,werx/werx/framework/src/org/werx/framework/printer/commands/SetAttributesCommand.java,buggy,java,IssueTrue,9236,266,1134,14,4,7,2,4,9,6,2,4,6,5,4,5,2,2,3,9,9,9,2,2,1,5,4,5,7,7,7,5,5,4,4,4,3,6,5,5,9,10,10,8,9,9,6,4,3,2,3,3,2,5,3,8,7,4,4,4,8,8,7,3,3,5
sf,cvs,werx,werx/werx/framework/src/org/werx/framework/printer/commands/SetFileFilterCommand.java,buggy,java,IssueTrue,9236,266,1134,14,5,7,4,4,8,6,2,4,6,5,4,5,2,2,3,9,9,9,4,4,3,5,4,5,7,7,7,5,5,4,4,4,3,6,5,5,9,10,10,8,9,9,6,4,3,4,4,4,4,5,4,8,7,5,5,5,7,8,7,6,6,7
sf,cvs,werx,werx/werx/framework/src/org/werx/framework/printer/handlers/PrinterHandler.java,buggy,java,IssueTrue,9236,266,1134,14,9,10,9,7,8,8,7,8,9,5,4,5,5,4,4,9,9,9,9,9,8,5,4,5,6,6,6,9,8,8,8,7,7,9,8,8,9,10,10,8,9,9,8,7,6,3,4,5,8,9,8,9,7,6,6,6,9,9,9,8,8,9
sf,cvs,werx,werx/werx/framework/src/org/werx/framework/printer/signals/ChooseFileFilterSignal.java,buggy,java,IssueTrue,9236,266,1134,14,2,3,1,3,9,6,2,3,5,9,9,8,6,6,5,9,9,9,1,1,1,9,9,8,6,6,6,3,3,3,3,2,2,4,4,4,9,10,10,8,9,9,6,4,3,2,2,3,2,3,3,5,7,4,4,4,9,8,7,3,3,4
sf,cvs,werx,werx/werx/framework/src/org/werx/framework/printer/signals/ComboBoxSignal.java,buggy,java,IssueTrue,9236,266,1134,14,6,9,5,7,9,6,5,7,8,9,9,8,7,7,6,9,9,9,2,2,1,9,9,8,9,8,8,8,7,7,8,7,6,9,8,8,9,10,10,8,9,9,6,4,5,5,4,6,2,5,5,5,7,4,4,4,8,8,7,5,5,5
sf,cvs,werx,werx/werx/framework/src/org/werx/framework/printer/signals/FileFilterInfoSignal.java,buggy,java,IssueTrue,9236,266,1134,14,4,7,3,4,9,6,2,4,6,9,9,8,6,6,6,9,9,9,2,3,2,9,9,8,7,7,7,5,5,4,4,4,3,6,5,5,9,10,10,8,9,9,6,4,3,5,4,4,3,5,3,5,7,6,5,5,8,8,7,5,5,5
sf,cvs,werx,werx/werx/framework/src/org/werx/framework/printer/signals/PrintDocumentSignal.java,buggy,java,IssueTrue,9236,266,1134,14,3,4,2,3,9,6,2,3,5,9,9,8,6,6,5,9,9,9,1,1,1,9,9,8,6,6,6,3,3,3,3,2,2,4,4,4,9,10,10,8,9,9,6,4,3,3,3,3,4,5,3,5,7,4,4,4,8,8,7,3,3,4
sf,cvs,werx,werx/werx/framework/src/org/werx/framework/printer/signals/PrintServiceAttributeDiscoverySignal.java,buggy,java,IssueTrue,9236,266,1134,14,6,9,5,5,8,6,4,6,7,9,9,8,7,7,6,9,9,9,3,4,3,9,9,8,9,8,8,7,6,6,7,6,5,8,7,7,9,10,10,8,9,9,6,4,4,6,6,6,3,6,5,5,7,6,5,5,8,8,7,6,6,5
sf,cvs,werx,werx/werx/framework/src/org/werx/framework/printer/signals/PrintServiceAttributeInfoSignal.java,buggy,java,IssueTrue,9236,266,1134,14,8,10,7,8,9,6,7,8,9,9,9,8,7,7,7,9,9,9,2,3,2,9,9,8,10,9,9,9,9,8,9,8,8,10,9,9,9,10,10,8,9,9,6,4,6,4,4,7,2,5,6,5,7,7,5,5,8,8,7,5,5,5
sf,cvs,werx,werx/werx/framework/src/org/werx/framework/printer/signals/PrintServiceDocFlavorListSignal.java,buggy,java,IssueTrue,9236,266,1134,14,7,10,6,7,8,6,5,7,8,9,9,8,7,7,6,9,9,9,3,4,3,9,9,8,9,8,8,9,8,8,8,7,7,9,8,8,9,10,10,8,9,9,6,4,6,4,4,6,2,3,5,5,7,6,5,5,7,7,6,6,6,5
sf,cvs,werx,werx/werx/framework/src/org/werx/framework/printer/signals/PrintServiceSignal.java,buggy,java,IssueTrue,9236,266,1134,14,6,9,5,6,8,6,4,7,7,9,9,8,7,7,6,9,9,9,3,4,3,9,9,8,9,8,8,8,7,7,7,6,6,8,8,7,9,10,10,8,9,9,6,4,5,4,4,6,2,5,4,5,7,7,5,5,8,8,7,5,5,5
sf,cvs,werx,werx/werx/framework/src/org/werx/framework/printer/signals/PrintServiceSupportedDocFlavorSignal.java,buggy,java,IssueTrue,9236,266,1134,14,4,7,3,4,9,6,2,4,6,9,9,8,6,6,6,9,9,9,2,2,1,9,9,8,7,7,7,5,5,4,4,4,3,6,5,5,9,10,10,8,9,9,6,4,3,5,4,4,3,5,3,5,7,4,4,4,8,8,7,5,5,5
sf,cvs,werx,werx/werx/framework/src/org/werx/framework/printer/signals/PrinterDiscoverySignal.java,buggy,java,IssueTrue,9236,266,1134,14,4,7,3,4,9,6,2,4,6,9,9,8,6,6,6,9,9,9,2,2,1,9,9,8,7,7,7,5,5,4,4,4,3,6,5,5,9,10,10,8,9,9,6,4,3,5,4,4,3,5,3,5,7,4,4,4,8,8,7,5,5,5
sf,cvs,werx,werx/werx/framework/src/org/werx/framework/printer/signals/PrinterDocFlavorDiscoverySignal.java,buggy,java,IssueTrue,9236,266,1134,14,2,4,1,3,9,6,2,3,5,9,9,8,6,6,5,9,9,9,1,1,1,9,9,8,6,6,6,3,3,3,3,2,2,4,4,4,9,10,10,8,9,9,6,4,3,2,2,3,2,3,3,5,7,4,4,4,9,8,7,3,3,4
sf,cvs,werx,werx/werx/framework/src/org/werx/framework/printer/signals/PrinterDocFlavorListSignal.java,buggy,java,IssueTrue,9236,266,1134,14,4,7,3,4,9,6,2,4,6,9,9,8,6,6,6,9,9,9,2,2,1,9,9,8,7,7,7,5,5,4,4,4,3,6,5,5,9,10,10,8,9,9,6,4,3,4,4,4,3,5,3,5,7,4,4,4,8,8,7,5,5,5
sf,cvs,werx,werx/werx/framework/src/org/werx/framework/printer/signals/PrinterInfoSignal.java,buggy,java,IssueTrue,9236,266,1134,14,4,7,3,4,9,6,2,4,6,9,9,8,6,6,6,9,9,9,3,4,3,9,9,8,7,7,7,5,5,4,4,4,3,6,5,5,9,10,10,8,9,9,6,4,3,6,5,5,4,5,4,5,7,4,4,4,8,8,7,5,5,5
sf,cvs,werx,werx/werx/framework/src/org/werx/framework/printer/signals/SetFileFilterSignal.java,buggy,java,IssueTrue,9236,266,1134,14,4,7,3,4,9,6,2,4,6,9,9,8,6,6,6,9,9,9,2,3,2,9,9,8,7,7,7,5,5,4,4,4,3,6,5,5,9,10,10,8,9,9,6,4,3,5,4,4,3,5,3,5,7,6,5,5,8,8,7,5,5,5
sf,cvs,werx,werx/werx/framework/src/org/werx/framework/printer/signals/ShowFileFilterSignal.java,buggy,java,IssueTrue,9236,266,1134,14,2,3,1,3,9,6,2,3,5,9,9,8,6,6,5,9,9,9,1,1,1,9,9,8,6,6,6,3,3,3,3,2,2,4,4,4,9,10,10,8,9,9,6,4,3,3,3,3,2,3,3,5,7,4,4,4,9,8,7,3,3,4
sf,cvs,werx,werx/werx/framework/src/org/werx/framework/printer/widgets/FileFilterPanel.java,buggy,java,IssueTrue,9236,266,1134,14,9,10,9,5,7,9,4,6,8,10,10,10,10,10,10,9,9,9,8,9,9,10,10,10,8,9,8,3,5,5,3,4,4,4,5,6,9,10,10,8,9,9,10,7,6,9,8,7,10,10,9,5,7,9,7,6,5,5,5,9,8,8
sf,cvs,werx,werx/werx/framework/src/org/werx/framework/printer/widgets/PrinterInfoPanel.java,buggy,java,IssueTrue,9236,266,1134,14,8,10,8,6,7,8,3,6,8,10,10,10,10,10,10,9,9,9,6,9,8,10,10,10,8,9,8,5,6,7,4,6,6,6,7,7,9,10,10,8,9,9,8,7,6,6,6,6,9,10,8,5,7,4,4,4,5,5,5,10,8,8
sf,cvs,werx,werx/werx/framework/src/org/werx/framework/printer/widgets/PrinterServicePanel.java,buggy,java,IssueTrue,9236,266,1134,14,7,10,7,3,9,8,2,4,6,10,10,10,10,10,10,9,9,9,8,9,7,10,10,10,9,9,8,3,3,3,3,2,2,4,4,4,9,10,10,8,9,9,9,6,3,10,9,6,10,9,7,5,7,4,4,4,5,5,5,10,8,8
sf,cvs,werx,werx/werx/framework/src/org/werx/framework/rdbmscontroller/RdbmsController.java,buggy,java,IssueTrue,9236,266,1134,14,8,10,7,8,9,8,7,9,9,5,4,5,5,5,5,9,9,9,7,8,6,5,4,5,7,7,7,9,8,8,9,8,8,9,8,8,9,10,10,10,10,10,7,6,7,5,5,7,6,7,8,10,7,9,9,10,8,9,9,9,10,10
sf,cvs,werx,werx/werx/framework/src/org/werx/framework/rdbmscontroller/manager/DBConnectionMgr.java,buggy,java,IssueTrue,9236,266,1134,14,10,10,10,9,8,10,9,10,10,5,4,8,5,5,7,9,9,9,9,10,10,5,4,8,9,9,9,9,9,9,9,9,9,8,8,9,9,10,10,10,10,10,10,8,10,7,8,9,8,9,10,8,7,9,7,8,5,5,5,10,9,9
sf,cvs,werx,werx/werx/framework/src/org/werx/framework/rdbmscontroller/manager/ISQLManager.java,buggy,java,IssueTrue,9236,266,1134,14,2,10,2,4,10,6,2,4,6,1,1,2,1,1,2,10,10,10,4,4,3,1,1,2,6,6,6,5,5,4,4,4,3,6,5,5,9,10,10,8,9,9,6,4,3,2,2,3,2,3,3,5,7,7,6,6,10,10,9,6,6,5
sf,cvs,werx,werx/werx/framework/src/org/werx/framework/rdbmscontroller/manager/SQLManager.java,buggy,java,IssueTrue,9236,266,1134,14,9,10,8,5,8,10,8,9,9,5,4,5,3,3,3,9,9,9,9,9,8,5,4,5,6,6,6,6,5,5,6,5,4,6,5,5,9,10,10,8,9,9,10,9,8,9,8,7,9,9,7,8,7,9,7,8,9,9,8,6,6,7
sf,cvs,werx,werx/werx/framework/src/org/werx/framework/rdbmscontroller/manager/SQLResultSet.java,buggy,java,IssueTrue,9236,266,1134,14,10,10,10,9,8,10,9,10,10,5,4,5,7,7,6,9,9,9,7,7,5,5,4,5,10,10,9,10,10,9,10,9,9,10,10,9,9,10,10,10,10,10,9,8,9,7,7,9,6,9,9,10,7,8,7,8,8,9,8,8,8,9
sf,cvs,werx,werx/werx/framework/src/org/werx/framework/rdbmscontroller/signals/DeleteReturnSignal.java,buggy,java,IssueTrue,9236,266,1134,14,3,7,3,4,9,6,2,4,6,9,9,8,6,6,6,9,9,9,2,2,1,9,9,8,7,7,7,5,5,4,4,4,3,6,5,5,9,10,10,8,9,9,6,4,3,5,4,4,4,5,4,5,7,4,4,4,8,8,7,3,3,4
sf,cvs,werx,werx/werx/framework/src/org/werx/framework/rdbmscontroller/signals/InsertReturnSignal.java,buggy,java,IssueTrue,9236,266,1134,14,3,7,3,4,9,6,2,4,6,9,9,8,6,6,6,9,9,9,2,2,1,9,9,8,7,7,7,5,5,4,4,4,3,6,5,5,9,10,10,8,9,9,6,4,3,5,4,4,4,5,4,5,7,4,4,4,8,8,7,3,3,4
sf,cvs,werx,werx/werx/framework/src/org/werx/framework/rdbmscontroller/signals/QueryReturnSignal.java,buggy,java,IssueTrue,9236,266,1134,14,3,7,3,4,9,6,2,4,6,9,9,8,6,6,6,9,9,9,2,2,1,9,9,8,7,7,7,5,5,4,4,4,3,6,5,5,9,10,10,8,9,9,6,4,3,7,6,5,4,5,4,5,7,4,4,4,8,8,7,3,3,4
sf,cvs,werx,werx/werx/framework/src/org/werx/framework/rdbmscontroller/signals/RdbmsCloseSignal.java,buggy,java,IssueTrue,9236,266,1134,14,1,8,1,3,10,6,2,3,5,9,9,8,6,6,5,9,9,9,1,1,1,9,9,8,6,6,6,3,3,3,3,2,2,4,4,4,9,10,10,8,9,9,6,4,3,2,2,3,2,3,3,5,7,7,6,6,8,8,7,3,3,4
sf,cvs,werx,werx/werx/framework/src/org/werx/framework/rdbmscontroller/signals/RdbmsOpenSignal.java,buggy,java,IssueTrue,9236,266,1134,14,7,10,6,7,9,6,5,7,8,9,9,8,7,7,6,9,9,9,2,3,2,9,9,8,7,7,7,8,7,7,8,7,6,9,8,8,9,10,10,8,9,9,6,4,5,7,5,7,4,5,6,8,7,9,8,8,9,9,8,10,10,10
sf,cvs,werx,werx/werx/framework/src/org/werx/framework/rdbmscontroller/signals/SQLDeleteSignal.java,buggy,java,IssueTrue,9236,266,1134,14,4,10,3,4,10,6,2,4,6,9,9,8,6,6,6,9,9,9,2,2,1,9,9,8,7,7,7,5,5,4,4,4,3,6,5,5,9,10,10,8,9,9,6,4,3,7,6,5,5,6,4,5,7,7,6,6,8,8,7,3,3,4
sf,cvs,werx,werx/werx/framework/src/org/werx/framework/rdbmscontroller/signals/SQLErrorSignal.java,buggy,java,IssueTrue,9236,266,1134,14,4,9,3,4,10,6,2,4,6,9,9,8,6,6,6,9,9,9,2,2,1,9,9,8,8,8,7,5,5,4,4,4,3,6,5,5,9,10,10,8,9,9,6,4,3,10,9,7,4,5,4,9,9,9,8,8,8,9,8,10,9,10
sf,cvs,werx,werx/werx/framework/src/org/werx/framework/rdbmscontroller/signals/SQLInsertSignal.java,buggy,java,IssueTrue,9236,266,1134,14,4,10,3,4,10,6,2,4,6,9,9,8,6,6,6,9,9,9,2,2,1,9,9,8,7,7,7,5,5,4,4,4,3,6,5,5,9,10,10,8,9,9,6,4,3,7,6,5,5,6,4,5,7,7,6,6,8,8,7,3,3,4
sf,cvs,werx,werx/werx/framework/src/org/werx/framework/rdbmscontroller/signals/SQLQuerySignal.java,buggy,java,IssueTrue,9236,266,1134,14,4,10,4,4,10,6,2,4,6,9,9,8,6,6,6,9,9,9,3,4,3,9,9,8,7,7,7,5,5,4,4,4,3,6,5,5,9,10,10,8,9,9,6,4,3,7,6,5,7,6,5,8,7,8,7,7,7,8,7,5,6,6
sf,cvs,werx,werx/werx/framework/src/org/werx/framework/rdbmscontroller/signals/SQLUpdateSignal.java,buggy,java,IssueTrue,9236,266,1134,14,4,10,3,4,10,6,2,4,6,9,9,8,6,6,6,9,9,9,2,2,1,9,9,8,7,7,7,5,5,4,4,4,3,6,5,5,9,10,10,8,9,9,6,4,3,7,6,5,5,6,4,5,7,7,6,6,8,8,7,3,3,4
sf,cvs,werx,werx/werx/framework/src/org/werx/framework/rdbmscontroller/state/ExceptionState.java,buggy,java,IssueTrue,9236,266,1134,14,6,9,5,7,9,6,5,7,8,5,4,5,4,4,4,10,10,10,3,4,3,5,4,5,6,6,6,8,7,7,8,7,6,9,8,8,9,10,10,8,9,9,6,4,5,3,3,5,4,5,6,5,7,4,4,4,5,5,5,9,7,7
sf,cvs,werx,werx/werx/framework/src/org/werx/framework/rdbmscontroller/state/OracleSimulatorState.java,buggy,java,IssueTrue,9236,266,1134,14,10,10,9,9,9,6,3,7,10,6,9,10,5,5,9,10,10,10,5,8,10,6,9,10,6,7,7,6,7,10,6,7,10,7,8,10,9,10,10,8,9,9,6,4,8,4,5,8,4,7,9,9,7,4,4,4,8,8,8,8,8,9
sf,cvs,werx,werx/werx/framework/src/org/werx/framework/rdbmscontroller/state/RdbmsState.java,buggy,java,IssueTrue,9236,266,1134,14,10,10,10,9,8,9,5,9,10,6,9,10,5,6,9,9,9,9,8,10,10,6,9,10,7,9,9,6,7,9,6,7,9,7,8,10,9,10,10,8,9,9,9,7,9,7,7,9,9,10,10,10,10,10,10,10,10,10,10,10,10,10
sf,cvs,werx,werx/werx/framework/src/org/werx/framework/rdbmscontroller/state/ThreadedRdbmsState.java,buggy,java,IssueTrue,9236,266,1134,14,9,10,8,9,6,10,3,9,10,5,4,10,2,5,9,9,9,9,2,7,9,5,4,10,6,9,9,5,8,9,4,8,9,6,9,9,9,10,10,8,9,9,8,9,8,4,5,8,4,7,8,9,7,5,5,5,7,8,7,7,8,9
sf,cvs,werx,werx/werx/framework/src/org/werx/framework/signals/BusSignal.java,buggy,java,IssueTrue,9236,266,1134,14,8,10,7,8,9,8,7,9,9,5,4,5,6,6,5,10,10,10,3,4,3,5,4,5,9,8,8,10,9,9,10,9,9,9,9,8,10,10,10,8,9,9,6,6,7,8,9,9,4,6,8,5,7,4,4,4,9,8,7,1,2,2
sf,cvs,werx,werx/werx/framework/src/org/werx/framework/signals/IErrorSignal.java,buggy,java,IssueTrue,9236,266,1134,14,1,4,1,3,10,6,2,3,5,1,1,2,1,1,2,10,10,10,2,2,1,1,1,2,6,6,6,3,3,3,3,2,2,4,4,4,9,10,10,8,9,9,6,4,3,3,3,3,2,3,3,5,9,4,4,4,5,5,5,3,3,4
sf,cvs,werx,werx/werx/framework/src/org/werx/framework/signals/actionsignals/JButtonActionSignal.java,buggy,java,IssueTrue,9236,266,1134,14,5,8,3,5,9,6,3,5,6,9,9,8,7,6,6,9,9,9,2,2,1,9,9,8,7,7,7,6,5,5,6,5,4,7,6,6,9,10,10,8,9,9,6,4,4,3,3,4,2,5,4,5,7,4,4,4,8,8,7,5,5,5
sf,cvs,werx,werx/werx/framework/src/org/werx/framework/socketcontroller/SocketController.java,buggy,java,IssueTrue,9236,266,1134,14,10,10,9,7,6,9,8,9,9,5,4,5,5,5,5,9,9,9,9,10,8,5,4,5,7,7,7,9,8,8,9,8,7,8,8,7,9,10,10,10,10,10,9,7,8,6,7,8,8,8,9,9,7,7,7,7,8,9,8,7,7,9
sf,cvs,werx,werx/werx/framework/src/org/werx/framework/socketcontroller/TcpSocket.java,buggy,java,IssueTrue,9236,266,1134,14,9,9,8,6,6,9,7,8,9,9,9,8,7,7,6,9,9,9,8,8,7,9,9,8,7,7,7,8,7,7,7,6,6,8,8,7,9,10,10,8,9,9,9,7,6,6,6,6,10,8,9,8,7,7,6,6,5,5,5,9,8,9
sf,cvs,werx,werx/werx/framework/src/org/werx/framework/socketcontroller/UdpSocket.java,buggy,java,IssueTrue,9236,266,1134,14,9,10,9,7,6,8,9,10,10,9,9,8,7,7,6,9,9,9,9,10,8,9,9,8,9,8,8,9,8,8,8,7,7,9,8,8,9,10,10,10,10,10,10,8,8,7,7,8,9,8,9,9,7,6,6,6,7,8,7,9,9,9
sf,cvs,werx,werx/werx/framework/src/org/werx/framework/socketcontroller/commands/CreateSocketControllerCommand.java,buggy,java,IssueTrue,9236,266,1134,14,4,4,3,3,9,6,2,3,5,5,4,5,2,2,3,9,9,9,2,3,2,5,4,5,9,9,8,3,3,3,3,2,2,4,4,4,9,10,10,8,9,9,6,4,3,3,3,3,2,3,3,8,7,4,4,4,5,5,5,4,5,5
sf,cvs,werx,werx/werx/framework/src/org/werx/framework/socketcontroller/signals/SocketCloseSignal.java,buggy,java,IssueTrue,9236,266,1134,14,5,8,3,5,9,6,4,6,7,9,9,8,7,7,6,9,9,9,2,2,1,9,9,8,7,7,7,7,6,6,7,6,5,8,7,7,9,10,10,8,9,9,6,4,4,4,5,5,2,5,4,8,7,4,4,4,7,8,7,2,3,4
sf,cvs,werx,werx/werx/framework/src/org/werx/framework/socketcontroller/signals/SocketOpenSignal.java,buggy,java,IssueTrue,9236,266,1134,14,7,10,7,8,9,6,7,8,9,9,9,8,7,7,7,9,9,9,2,2,1,9,9,8,9,9,8,9,9,8,9,8,8,10,9,9,9,10,10,8,9,9,6,4,6,5,7,7,3,7,7,5,7,4,4,4,5,5,5,3,3,4
sf,cvs,werx,werx/werx/framework/src/org/werx/framework/socketcontroller/signals/SocketReadReturnSignal.java,buggy,java,IssueTrue,9236,266,1134,14,4,8,4,5,9,6,3,5,6,9,9,8,7,6,6,9,9,9,2,2,1,9,9,8,8,8,7,6,5,5,6,5,4,7,6,6,9,10,10,8,9,9,6,4,4,5,5,5,3,5,4,5,7,4,4,4,5,5,5,3,3,4
sf,cvs,werx,werx/werx/framework/src/org/werx/framework/socketcontroller/signals/SocketReadSignal.java,buggy,java,IssueTrue,9236,266,1134,14,4,9,3,5,9,6,4,6,7,9,9,8,7,7,6,9,9,9,2,2,1,9,9,8,7,7,7,7,6,6,7,6,5,8,7,7,9,10,10,8,9,9,6,4,4,4,4,5,2,5,4,5,7,4,4,4,5,5,5,3,3,4
sf,cvs,werx,werx/werx/framework/src/org/werx/framework/socketcontroller/signals/SocketWriteSignal.java,buggy,java,IssueTrue,9236,266,1134,14,6,9,5,7,9,6,5,7,8,9,9,8,7,7,6,9,9,9,2,2,1,9,9,8,8,8,7,8,7,7,8,7,6,9,8,8,9,10,10,8,9,9,6,4,5,4,4,6,2,5,5,8,7,4,4,4,7,8,7,2,3,4
sf,cvs,werx,werx/werx/framework/src/org/werx/framework/socketcontroller/states/AbstractSocketState.java,buggy,java,IssueTrue,9236,266,1134,14,6,9,4,6,9,6,4,7,7,5,4,5,4,4,4,10,10,10,5,5,4,5,4,5,7,7,7,8,7,7,7,6,6,8,8,7,9,10,10,8,9,9,6,4,5,3,7,5,1,5,3,5,7,7,6,6,5,5,5,5,5,5
sf,cvs,werx,werx/werx/framework/src/org/werx/framework/socketcontroller/states/ClosedSocketState.java,buggy,java,IssueTrue,9236,266,1134,14,5,8,3,5,9,6,3,5,6,9,9,8,5,5,5,9,9,9,4,4,3,9,9,8,6,6,6,6,5,5,6,5,4,7,6,6,9,10,10,8,9,9,6,4,4,4,4,4,2,5,4,5,7,6,5,5,5,5,5,5,5,5
sf,cvs,werx,werx/werx/framework/src/org/werx/framework/socketcontroller/states/ClosingSocketState.java,buggy,java,IssueTrue,9236,266,1134,14,4,8,3,4,9,6,2,4,6,9,9,8,5,4,4,9,9,9,3,4,3,9,9,8,6,6,6,5,5,4,4,4,3,6,5,5,9,10,10,8,9,9,6,4,3,5,4,4,4,5,4,5,7,4,4,4,5,5,5,5,5,5
sf,cvs,werx,werx/werx/framework/src/org/werx/framework/socketcontroller/states/ISocketState.java,buggy,java,IssueTrue,9236,266,1134,14,3,3,3,5,7,6,4,6,7,1,1,2,1,1,2,10,10,10,4,4,3,1,1,2,6,6,6,7,6,6,7,6,5,8,7,7,9,10,10,8,9,9,6,4,4,3,4,4,1,3,2,5,7,7,6,6,5,5,5,3,3,4
sf,cvs,werx,werx/werx/framework/src/org/werx/framework/socketcontroller/states/OpenedSocketState.java,buggy,java,IssueTrue,9236,266,1134,14,5,9,4,5,9,6,4,6,7,9,9,8,5,5,5,9,9,9,5,5,4,9,9,8,6,6,6,7,6,6,7,6,5,8,7,7,9,10,10,8,9,9,6,4,4,3,4,4,2,5,4,5,7,7,5,5,5,5,5,5,5,5
sf,cvs,werx,werx/werx/framework/src/org/werx/framework/socketcontroller/states/OpeningSocketState.java,buggy,java,IssueTrue,9236,266,1134,14,3,8,2,4,10,6,2,4,6,9,9,8,5,4,4,9,9,9,2,3,2,9,9,8,6,6,6,5,5,4,4,4,3,6,5,5,9,10,10,8,9,9,6,4,3,3,4,4,2,5,3,5,7,4,4,4,5,5,5,5,5,5
sf,cvs,werx,werx/werx/framework/src/org/werx/framework/socketcontroller/unittest/UDPEchoClient.java,buggy,java,IssueTrue,9236,266,1134,14,7,1,6,3,1,10,5,7,8,5,4,5,2,2,3,9,9,9,8,8,7,5,4,5,6,6,6,2,2,2,3,2,2,4,4,4,9,10,10,8,9,9,10,8,5,10,7,5,10,8,5,5,7,7,5,5,5,5,5,3,3,4
sf,cvs,werx,werx/werx/framework/src/org/werx/framework/threadedcontroller/Attic/ControllerMap.java,buggy,java,IssueTrue,9236,266,1134,14,6,8,6,5,7,10,5,7,8,5,4,5,3,3,3,9,9,9,6,7,5,5,4,5,8,8,7,6,5,5,6,5,4,6,5,5,9,10,10,10,10,10,10,7,6,6,6,6,7,7,6,8,7,5,5,5,9,9,8,9,8,9
sf,cvs,werx,werx/werx/framework/src/org/werx/framework/widgets/IconWidget.java,buggy,java,IssueTrue,9236,266,1134,14,1,3,1,3,10,6,2,3,5,1,1,2,1,1,2,10,10,10,2,2,1,1,1,2,6,6,6,3,3,3,3,2,2,4,4,4,9,10,10,8,9,9,6,4,3,2,2,3,1,3,2,5,7,8,6,6,9,8,7,8,7,7
sf,cvs,werx,werx/werx/framework/src/org/werx/framework/widgets/desktop/DesktopWidget.java,buggy,java,IssueTrue,9236,266,1134,14,7,10,6,7,9,8,6,8,8,10,10,10,10,10,10,9,9,9,3,4,3,10,10,10,7,7,7,9,8,8,9,8,7,9,9,8,9,10,10,8,9,9,6,6,6,4,6,6,3,6,6,10,7,7,7,7,10,10,10,10,10,10
sf,cvs,werx,werx/werx/framework/src/org/werx/framework/widgets/desktop/StandardDesktop.java,buggy,java,IssueTrue,9236,266,1134,14,3,3,2,3,7,6,2,3,5,10,10,10,10,10,10,9,9,9,2,2,1,10,10,10,6,6,6,3,3,3,3,2,2,4,4,4,9,10,10,8,9,9,6,4,3,3,3,3,4,5,3,10,7,5,5,5,8,9,9,3,6,7
sf,cvs,werx,werx/werx/framework/src/org/werx/framework/widgets/desktop/commands/CreateDesktopWidgetCommand.java,buggy,java,IssueTrue,9236,266,1134,14,5,6,5,4,7,6,2,4,6,5,4,5,2,2,3,9,9,9,4,4,3,5,4,5,9,8,8,5,5,4,4,4,3,6,5,5,9,10,10,8,9,9,6,4,3,7,5,5,7,6,5,9,7,6,6,6,5,7,6,4,6,7
sf,cvs,werx,werx/werx/framework/src/org/werx/framework/widgets/desktop/handlers/DesktopHandler.java,buggy,java,IssueTrue,9236,266,1134,14,9,10,9,8,7,8,5,8,9,10,10,10,10,10,10,9,9,9,8,10,9,10,10,10,8,8,8,8,9,9,7,8,8,8,8,9,9,10,10,10,10,10,6,6,7,5,7,8,7,7,9,9,9,5,5,5,5,5,5,9,9,9
sf,cvs,werx,werx/werx/framework/src/org/werx/framework/widgets/desktop/handlers/ILayerManager.java,buggy,java,IssueTrue,9236,266,1134,14,2,7,2,4,10,6,2,4,6,1,1,2,1,1,2,10,10,10,2,2,1,1,1,2,6,6,6,5,5,4,4,4,3,6,5,5,9,10,10,8,9,9,6,4,3,2,2,3,1,3,2,5,7,4,4,4,10,9,9,3,3,4
sf,cvs,werx,werx/werx/framework/src/org/werx/framework/widgets/desktop/handlers/LayerManager.java,buggy,java,IssueTrue,9236,266,1134,14,8,9,8,7,7,8,7,8,9,5,4,5,5,4,4,9,9,9,6,7,5,5,4,5,10,10,9,9,8,8,8,7,7,7,6,6,9,10,10,10,10,10,8,6,6,9,7,8,5,7,7,5,7,4,4,4,10,9,8,5,5,5
sf,cvs,werx,werx/werx/framework/src/org/werx/framework/widgets/desktop/signals/AddDesktopWidgetSignal.java,buggy,java,IssueTrue,9236,266,1134,14,4,7,3,4,9,6,2,4,6,9,9,8,6,6,6,9,9,9,2,2,1,9,9,8,7,7,7,5,5,4,4,4,3,6,5,5,9,10,10,8,9,9,6,4,3,5,4,4,3,5,3,8,7,4,4,4,5,5,5,4,5,5
sf,cvs,werx,werx/werx/framework/src/org/werx/framework/widgets/desktop/signals/RevalidateDesktopSignal.java,buggy,java,IssueTrue,9236,266,1134,14,1,3,1,2,9,6,1,1,4,9,9,8,6,6,5,9,9,9,1,1,1,9,9,8,6,6,6,2,2,2,2,1,1,3,2,1,9,10,10,8,9,9,2,2,2,2,2,3,1,3,2,5,7,4,4,4,7,7,6,3,3,4
sf,cvs,werx,werx/werx/framework/src/org/werx/framework/widgets/tree/actions/CommandAction.java,buggy,java,IssueTrue,9236,266,1134,14,4,7,4,4,8,8,3,5,6,9,9,8,7,7,6,10,10,10,2,3,2,9,9,8,7,7,7,5,5,4,4,4,3,6,5,5,9,10,10,8,9,9,8,6,4,5,5,4,5,6,4,5,7,6,5,5,5,5,5,5,5,5
sf,cvs,werx,werx/werx/framework/src/org/werx/framework/widgets/tree/actions/CreateNodeAction.java,buggy,java,IssueTrue,9236,266,1134,14,7,8,7,5,7,9,5,7,8,9,9,8,7,7,6,9,9,9,7,7,5,9,9,8,10,9,9,6,5,5,6,5,4,6,5,5,9,10,10,10,10,10,9,7,5,8,7,6,10,7,7,8,7,7,6,6,8,8,7,6,6,7
sf,cvs,werx,werx/werx/framework/src/org/werx/framework/widgets/tree/actions/EditAction.java,buggy,java,IssueTrue,9236,266,1134,14,4,4,4,4,8,6,2,4,6,9,9,8,7,7,6,9,9,9,3,4,3,9,9,8,8,8,7,5,5,4,4,4,3,6,5,5,9,10,10,8,9,9,6,4,3,3,4,4,4,6,4,8,7,5,5,5,8,8,7,5,5,6
sf,cvs,werx,werx/werx/framework/src/org/werx/framework/widgets/tree/actions/TreeCommandAction.java,buggy,java,IssueTrue,9236,266,1134,14,2,4,2,3,9,6,2,3,5,10,10,9,7,7,6,9,9,9,2,2,1,10,10,9,6,6,6,3,3,3,3,2,2,4,4,4,9,10,10,8,9,9,6,4,3,5,4,4,4,5,3,8,7,4,4,4,9,9,8,2,3,4
sf,cvs,werx,werx/werx/framework/src/org/werx/framework/widgets/tree/commands/AbstractTreeCommand.java,buggy,java,IssueTrue,9236,266,1134,14,3,7,3,3,9,6,2,3,5,5,4,5,2,2,3,9,9,9,2,3,2,5,4,5,9,8,8,3,3,3,3,2,2,4,4,4,9,10,10,8,9,9,6,4,3,2,2,3,1,3,2,8,7,4,4,4,7,8,7,5,5,6
sf,cvs,werx,werx/werx/framework/src/org/werx/framework/widgets/tree/commands/ExecuteChildNodeCommand.java,buggy,java,IssueTrue,9236,266,1134,14,5,6,5,4,7,10,4,7,7,5,4,5,2,2,3,9,9,9,3,4,3,5,4,5,8,8,7,5,5,4,4,4,3,6,5,5,9,10,10,8,9,9,10,7,5,5,4,4,8,7,5,8,7,4,4,4,7,8,7,6,6,7
sf,cvs,werx,werx/werx/framework/src/org/werx/framework/widgets/tree/interfaces/INodeModel.java,buggy,java,IssueTrue,9236,266,1134,14,2,9,2,5,10,6,4,6,7,1,1,2,1,1,2,10,10,10,2,2,1,1,1,2,6,6,6,7,6,6,7,6,5,8,7,7,9,10,10,8,9,9,6,4,4,3,4,4,1,3,3,5,7,4,4,4,5,5,5,3,3,4
sf,cvs,werx,werx/werx/framework/src/org/werx/framework/widgets/tree/interfaces/ITreeNode.java,buggy,java,IssueTrue,9236,266,1134,14,4,9,4,7,10,6,5,7,8,1,1,2,1,1,2,10,10,10,3,4,3,1,1,2,6,6,6,9,8,8,8,7,7,9,8,8,9,10,10,8,9,9,6,4,6,3,4,5,1,3,3,8,7,4,4,4,5,5,5,4,5,5
sf,cvs,werx,werx/werx/framework/src/org/werx/framework/widgets/tree/interfaces/ITreeRenderer.java,buggy,java,IssueTrue,9236,266,1134,14,1,4,1,3,10,6,2,3,5,1,1,2,1,1,2,10,10,10,2,3,2,1,1,2,6,6,6,3,3,3,3,2,2,4,4,4,9,10,10,8,9,9,6,4,3,5,4,4,1,3,2,5,7,4,4,4,5,5,5,3,3,4
sf,cvs,werx,werx/werx/framework/src/org/werx/framework/widgets/tree/listeners/DragAndDropListener.java,buggy,java,IssueTrue,9236,266,1134,14,9,9,8,7,5,10,7,8,9,9,9,8,6,5,5,9,9,9,8,9,7,9,9,8,10,10,9,8,7,7,8,7,6,8,8,7,9,10,10,10,10,10,9,7,7,7,7,7,9,9,9,10,9,9,8,9,8,8,9,9,9,10
sf,cvs,werx,werx/werx/framework/src/org/werx/framework/widgets/tree/listeners/StandardTreeListener.java,buggy,java,IssueTrue,9236,266,1134,14,7,4,7,4,5,10,5,7,8,9,9,8,5,4,4,9,9,9,6,7,5,9,9,8,6,6,6,5,5,4,4,4,3,6,5,5,9,10,10,8,9,9,10,7,6,5,4,4,10,8,7,8,7,6,5,5,6,7,6,6,6,7
sf,cvs,werx,werx/werx/framework/src/org/werx/framework/widgets/tree/renderers/AbstractTreeRenderer.java,buggy,java,IssueTrue,9236,266,1134,14,4,7,4,4,9,6,2,4,6,5,4,5,2,2,3,10,10,10,5,6,4,5,4,5,8,8,7,5,5,4,4,4,3,6,5,5,9,10,10,8,9,9,6,4,3,7,5,5,5,5,4,8,7,5,5,5,5,5,5,5,6,6
sf,cvs,werx,werx/werx/framework/src/org/werx/framework/widgets/tree/renderers/IndividualNodeRenderer.java,buggy,java,IssueTrue,9236,266,1134,14,2,4,2,3,9,6,2,3,5,9,9,8,3,3,3,9,9,9,2,3,2,9,9,8,6,6,6,3,3,3,3,2,2,4,4,4,9,10,10,8,9,9,6,4,3,5,4,4,6,5,3,8,7,4,4,4,6,7,6,2,3,4
sf,cvs,werx,werx/werx/framework/src/org/werx/framework/widgets/tree/renderers/StandardTreeCellRenderer.java,buggy,java,IssueTrue,9236,266,1134,14,6,7,4,3,7,8,2,4,6,10,10,10,10,10,10,9,9,9,4,4,3,10,10,10,6,6,6,3,3,3,3,2,2,4,4,4,9,10,10,8,9,9,9,6,3,10,8,5,6,5,3,8,7,5,5,5,8,8,7,4,5,5
sf,cvs,werx,werx/werx/framework/src/org/werx/framework/widgets/tree/treenodes/AbstractNodeModel.java,buggy,java,IssueTrue,9236,266,1134,14,5,9,4,5,9,6,4,6,7,5,4,5,4,3,4,10,10,10,2,3,2,5,4,5,8,8,7,7,6,6,7,6,5,8,7,7,9,10,10,8,9,9,6,4,4,5,5,6,2,5,4,8,7,4,4,4,8,8,7,3,5,5
sf,cvs,werx,werx/werx/framework/src/org/werx/framework/widgets/tree/treenodes/AbstractTreeNode.java,buggy,java,IssueTrue,9236,266,1134,14,8,10,8,9,9,8,8,9,9,9,9,8,9,9,9,10,10,10,7,8,6,9,9,8,9,9,8,10,9,9,10,9,9,10,9,9,10,10,10,8,9,9,7,6,8,4,5,7,4,6,8,8,7,7,6,6,5,5,5,8,8,8
sf,cvs,werx,werx/werx/framework/src/org/werx/framework/widgets/tree/treenodes/NodeModel.java,buggy,java,IssueTrue,9236,266,1134,14,2,4,2,4,9,6,2,4,6,9,9,8,4,4,4,9,9,9,2,2,1,9,9,8,6,6,6,5,5,4,4,4,3,6,5,5,9,10,10,8,9,9,6,4,3,3,4,4,3,5,3,8,7,4,4,4,9,9,8,2,3,4
sf,cvs,werx,werx/werx/testsuite/src/org/werx/junit/testing/Attic/AllTests.java,buggy,java,IssueTrue,9236,266,1134,14,5,3,5,4,5,6,2,4,6,5,4,5,2,2,3,9,9,9,7,8,6,5,4,5,6,6,6,2,2,2,4,4,3,6,5,5,9,10,10,8,9,9,6,4,3,2,2,3,3,5,3,5,7,4,4,4,7,7,6,1,2,2
sf,cvs,werx,werx/werx/testsuite/src/org/werx/junit/testing/Attic/PropertiesFileTest.java,buggy,java,IssueTrue,9236,266,1134,14,8,10,8,7,7,8,6,8,8,10,10,9,7,6,6,9,9,9,9,9,8,10,10,9,9,8,8,8,7,7,8,7,7,8,8,7,10,10,10,8,9,9,7,6,6,5,6,7,8,9,9,5,7,4,4,4,5,5,5,9,7,7
sf,cvs,werx,werx/werx/testsuite/src/org/werx/junit/testing/Attic/ReadPropertiesTest.java,buggy,java,IssueTrue,9236,266,1134,14,8,10,8,7,7,8,6,8,8,10,10,9,7,6,6,9,9,9,9,9,8,10,10,9,9,8,8,8,7,7,8,7,7,8,8,7,10,10,10,8,9,9,7,6,6,5,7,7,8,9,9,10,10,6,6,7,6,8,8,8,9,10
sf,cvs,werx,werx/werx/testsuite/src/org/werx/junit/testing/Attic/ReflectionBusTestAsync.java,buggy,java,IssueTrue,9236,266,1134,14,6,7,6,5,7,8,4,7,7,10,10,9,6,6,5,9,9,9,5,6,4,10,10,9,7,7,7,6,5,5,7,6,5,8,7,7,9,10,10,8,9,9,7,6,5,2,3,3,5,7,6,8,7,4,4,4,8,8,7,8,7,8
sf,cvs,werx,werx/werx/testsuite/src/org/werx/junit/testing/Attic/ReflectionBusTestSync.java,buggy,java,IssueTrue,9236,266,1134,14,6,9,6,5,8,6,4,6,7,10,10,9,6,6,5,9,9,9,5,6,4,10,10,9,6,6,6,6,5,5,7,6,5,8,7,7,9,10,10,8,9,9,6,4,4,2,3,3,5,7,6,9,7,9,9,8,8,9,8,9,9,10
sf,cvs,werx,werx/werx/testsuite/src/org/werx/junit/testing/Attic/SignalDeliveryTest.java,buggy,java,IssueTrue,9236,266,1134,14,6,6,6,7,7,6,5,7,8,10,10,9,6,6,6,9,9,9,7,7,5,10,10,9,6,6,6,8,7,7,8,7,6,8,7,7,10,10,10,8,9,9,6,4,5,2,3,4,4,6,6,5,7,4,4,4,5,5,5,6,6,5
sf,cvs,werx,werx/werx/testsuite/src/org/werx/junit/testing/Attic/SocketIOTest.java,buggy,java,IssueTrue,9236,266,1134,14,8,7,8,7,5,6,5,7,8,10,10,9,7,6,6,9,9,9,8,8,7,10,10,9,7,7,7,8,7,7,8,7,7,9,8,8,9,10,10,8,9,9,6,4,6,3,5,5,7,9,8,8,7,4,4,4,5,5,5,6,7,7
sf,cvs,werx,werx/werx/testsuite/src/org/werx/junit/testing/Attic/SocketOpenCloseTest.java,buggy,java,IssueTrue,9236,266,1134,14,7,3,7,6,5,6,4,7,7,10,10,9,6,6,5,9,9,9,7,7,5,10,10,9,6,6,6,7,6,6,7,6,6,8,8,7,9,10,10,8,9,9,6,4,5,2,3,3,6,9,7,5,7,4,4,4,5,5,5,6,6,5
sf,cvs,werx,werx/werx/testsuite/src/org/werx/junit/testing/Attic/WerxTest.java,buggy,java,IssueTrue,9236,266,1134,14,8,10,6,7,8,8,7,8,9,9,9,8,5,5,5,10,10,10,5,5,4,9,9,8,6,6,6,9,8,8,9,8,7,9,8,8,10,10,10,8,9,9,7,6,6,9,9,9,2,5,5,9,7,10,10,9,8,8,8,10,10,10
sf,cvs,werx,werx/werx/testsuite/src/org/werx/junit/testing/Attic/WritePropertiesTest.java,buggy,java,IssueTrue,9236,266,1134,14,8,10,8,7,8,8,7,8,9,10,10,9,7,6,6,9,9,9,7,8,6,10,10,9,6,6,6,8,7,7,8,7,7,9,8,8,10,10,10,8,9,9,8,6,6,2,3,4,8,8,8,9,9,4,4,4,6,8,7,7,7,9
