Host,Vcs,Project,File,Buggy,PL,IssueTracking,TLOC,TNF,TNC,TND,LOC,CL,NStmt,NFunc,RCC,MNL,avg_WMC,max_WMC,total_WMC,avg_DIT,max_DIT,total_DIT,avg_RFC,max_RFC,total_RFC,avg_NOC,max_NOC,total_NOC,avg_CBO,max_CBO,total_CBO,avg_DIT.1,max_DIT.1,total_DIT.1,avg_NIV,max_NIV,total_NIV,avg_NIM,max_NIM,total_NIM,avg_NOM,max_NOM,total_NOM,avg_NPBM,max_NPBM,total_NPBM,avg_NPM,max_NPM,total_NPM,avg_NPRM,max_NPRM,total_NPRM,avg_CC,max_CC,total_CC,avg_FANIN,max_FANIN,total_FANIN,avg_FANOUT,max_FANOUT,total_FANOUT,NRev,NFix,avg_AddedLOC,max_AddedLOC,total_AddedLOC,avg_DeletedLOC,max_DeletedLOC,total_DeletedLOC,avg_ModifiedLOC,max_ModifiedLOC,total_ModifiedLOC
sf,cvs,wxlua,wxlua/wxLua/apps/wxlua/src/editor.h,clean,cpp,IssueTrue,50665,104,2330,4,10,1,1,2,1,3,7,7,7,7,8,5,4,6,3,9,9,9,8,8,8,7,8,5,6,6,8,6,6,6,6,6,6,5,6,6,9,9,9,8,9,9,1,1,3,2,2,2,2,2,2,6,8,3,3,3,6,4,4,2,2,2
sf,cvs,wxlua,wxlua/wxLua/apps/wxlua/src/wxlua.cpp,buggy,cpp,IssueTrue,50665,104,2330,4,7,5,8,4,4,8,7,7,7,7,8,5,4,6,3,9,9,9,8,8,8,7,8,5,6,6,8,6,6,6,6,6,6,5,6,6,9,9,9,8,9,9,9,7,7,5,4,5,8,6,4,4,5,5,4,5,8,6,6,8,8,7
sf,cvs,wxlua,wxlua/wxLua/apps/wxluacan/src/Attic/wxluacan.cpp,buggy,cpp,IssueTrue,50665,104,2330,4,7,7,7,7,6,3,7,7,7,7,8,5,4,6,3,9,9,9,8,8,8,7,8,5,6,6,8,6,6,6,6,6,6,5,6,6,9,9,9,8,9,9,4,6,7,4,3,6,7,5,7,7,9,5,5,5,10,10,9,10,10,10
sf,cvs,wxlua,wxlua/wxLua/apps/wxluacan/src/Attic/wxluacan.h,buggy,cpp,IssueTrue,50665,104,2330,4,2,3,3,3,7,3,7,7,7,10,10,9,10,10,10,9,9,9,9,8,8,10,10,9,6,6,8,7,7,7,7,7,7,8,7,7,10,10,10,8,9,9,3,3,4,2,2,2,3,3,2,8,9,3,3,3,8,8,7,8,9,8
sf,cvs,wxlua,wxlua/wxLua/apps/wxluacan/src/canlua.cpp,clean,cpp,IssueTrue,50665,104,2330,4,8,5,8,8,3,8,7,7,7,7,8,5,4,6,3,9,9,9,8,8,8,7,8,5,6,6,8,6,6,6,6,6,6,5,6,6,9,9,9,8,9,9,6,7,8,4,6,7,6,8,7,2,5,3,3,3,6,4,4,9,8,5
sf,cvs,wxlua,wxlua/wxLua/apps/wxluacan/src/cansim.cpp,buggy,cpp,IssueTrue,50665,104,2330,4,6,3,7,6,3,7,7,7,7,7,8,5,4,6,3,9,9,9,8,8,8,7,8,5,6,6,8,6,6,6,6,6,6,5,6,6,9,9,9,8,9,9,6,9,8,4,6,5,7,9,6,4,5,8,7,7,10,8,8,9,8,7
sf,cvs,wxlua,wxlua/wxLua/apps/wxluacan/src/wxluacan_bind.cpp,buggy,cpp,IssueTrue,50665,104,2330,4,5,4,5,6,5,5,7,7,7,7,8,5,4,6,3,9,9,9,8,8,8,7,8,5,6,6,8,6,6,6,6,6,6,5,6,6,9,9,9,8,9,9,4,4,6,4,8,5,4,6,4,7,9,3,3,3,7,6,6,9,10,9
sf,cvs,wxlua,wxlua/wxLua/apps/wxluaedit/src/wxledit.cpp,clean,cpp,IssueTrue,50665,104,2330,4,9,6,8,8,3,9,7,7,7,7,8,5,4,6,3,9,9,9,8,8,8,7,8,5,6,6,8,6,6,6,6,6,6,5,6,6,9,9,9,8,9,9,8,10,9,4,5,7,9,10,9,2,5,3,3,3,6,4,4,4,3,3
sf,cvs,wxlua,wxlua/wxLua/apps/wxluafreeze/src/wxluafreeze.cpp,buggy,cpp,IssueTrue,50665,104,2330,4,6,5,6,4,5,7,9,8,8,10,10,8,8,9,7,9,9,9,10,9,9,10,10,8,8,7,9,8,8,8,8,8,7,10,8,8,9,9,9,10,10,9,9,8,7,5,3,4,9,8,5,5,5,8,7,7,8,6,6,8,8,7
sf,cvs,wxlua,wxlua/wxLua/bindings/wxlua/override.hpp,buggy,cpp,IssueTrue,50665,104,2330,4,9,6,9,4,3,9,7,7,7,7,8,5,4,6,3,9,9,9,8,8,8,7,8,5,6,6,8,6,6,6,6,6,6,5,6,6,9,9,9,8,9,9,10,10,8,8,6,6,10,9,6,7,8,10,10,10,9,8,8,7,8,7
sf,cvs,wxlua,wxlua/wxLua/bindings/wxwidgets/wxbase_override.hpp,buggy,cpp,IssueTrue,50665,104,2330,4,8,9,9,2,6,3,7,7,7,7,8,5,4,6,3,9,9,9,8,8,8,7,8,5,6,6,8,6,6,6,6,6,6,5,6,6,9,9,9,8,9,9,1,1,3,2,2,2,2,2,2,5,5,3,3,3,6,5,5,6,7,6
sf,cvs,wxlua,wxlua/wxLua/bindings/wxwidgets/wxcore_override.hpp,buggy,cpp,IssueTrue,50665,104,2330,4,10,10,10,3,5,5,7,7,7,7,8,5,4,6,3,9,9,9,8,8,8,7,8,5,6,6,8,6,6,6,6,6,6,5,6,6,9,9,9,8,9,9,5,4,4,6,4,3,10,6,3,5,5,3,3,3,6,4,4,2,2,2
sf,cvs,wxlua,wxlua/wxLua/bindings/wxwidgets/wxhtml_override.hpp,buggy,cpp,IssueTrue,50665,104,2330,4,6,5,7,2,5,3,7,7,7,7,8,5,4,6,3,9,9,9,8,8,8,7,8,5,6,6,8,6,6,6,6,6,6,5,6,6,9,9,9,8,9,9,1,1,3,2,2,2,2,2,2,2,5,3,3,3,6,4,4,4,3,3
sf,cvs,wxlua,wxlua/wxLua/bindings/wxwidgets/wxxml_override.hpp,buggy,cpp,IssueTrue,50665,104,2330,4,3,3,4,2,7,3,7,7,7,7,8,5,4,6,3,9,9,9,8,8,8,7,8,5,6,6,8,6,6,6,6,6,6,5,6,6,9,9,9,8,9,9,1,1,3,2,2,2,2,2,2,2,8,10,9,8,6,4,4,2,2,2
sf,cvs,wxlua,wxlua/wxLua/modules/luamodule/src/luamodule.cpp,buggy,cpp,IssueTrue,50665,104,2330,4,4,3,5,4,5,7,8,7,7,10,10,8,8,9,7,9,9,9,9,8,8,10,10,8,6,6,8,8,8,8,8,8,7,10,8,8,9,9,9,10,10,9,5,6,5,2,3,3,6,7,4,2,5,3,3,3,6,4,4,4,3,3
sf,cvs,wxlua,wxlua/wxLua/modules/wxbind/include/Attic/wxcore_wxlprint.h,clean,cpp,IssueTrue,50665,104,2330,4,2,2,2,3,7,3,7,7,7,10,10,8,6,8,5,9,9,9,10,9,9,10,10,8,10,8,9,9,9,8,9,9,8,10,9,9,9,9,9,10,10,9,3,3,4,3,2,2,2,2,2,2,5,5,4,4,6,4,4,2,2,2
sf,cvs,wxlua,wxlua/wxLua/modules/wxbind/include/wxadv_bind.h,buggy,cpp,IssueTrue,50665,104,2330,4,1,5,2,3,10,3,7,7,7,10,10,9,10,10,10,9,9,9,9,8,8,10,10,9,6,6,8,7,7,7,7,7,7,8,7,7,10,10,10,8,9,9,3,3,4,2,2,2,3,3,2,5,5,3,3,3,6,4,4,6,6,6
sf,cvs,wxlua,wxlua/wxLua/modules/wxbind/include/wxaui_bind.h,buggy,cpp,IssueTrue,50665,104,2330,4,1,3,1,3,10,3,7,7,7,10,10,9,10,10,10,9,9,9,9,8,8,10,10,9,6,6,8,7,7,7,7,7,7,8,7,7,10,10,10,8,9,9,3,3,4,2,2,2,3,3,2,5,5,3,3,3,6,4,4,6,6,6
sf,cvs,wxlua,wxlua/wxLua/modules/wxbind/include/wxbase_bind.h,buggy,cpp,IssueTrue,50665,104,2330,4,5,6,7,6,8,3,7,7,8,10,10,10,6,10,10,9,9,9,8,8,9,10,10,10,6,6,10,7,7,10,7,7,10,8,7,10,9,10,10,8,9,9,3,3,6,4,4,6,3,3,4,5,5,3,3,3,6,4,4,6,6,6
sf,cvs,wxlua,wxlua/wxLua/modules/wxbind/include/wxbinddefs.h,clean,cpp,IssueTrue,50665,104,2330,4,1,5,1,2,1,3,7,7,7,7,8,5,4,6,3,9,9,9,8,8,8,7,8,5,6,6,8,6,6,6,6,6,6,5,6,6,9,9,9,8,9,9,1,1,3,2,2,2,2,2,2,5,5,8,7,7,10,9,9,10,9,8
sf,cvs,wxlua,wxlua/wxLua/modules/wxbind/include/wxcore_bind.h,buggy,cpp,IssueTrue,50665,104,2330,4,7,9,8,7,8,3,7,7,8,10,10,10,6,10,10,9,9,9,8,8,9,10,10,10,6,6,10,7,7,10,7,7,10,8,7,10,9,10,10,8,9,9,3,3,7,6,8,8,3,3,4,5,5,3,3,3,6,4,4,2,2,2
sf,cvs,wxlua,wxlua/wxLua/modules/wxbind/include/wxgl_bind.h,buggy,cpp,IssueTrue,50665,104,2330,4,1,3,1,3,10,3,7,7,7,10,10,9,10,10,10,9,9,9,9,8,8,10,10,9,6,6,8,7,7,7,7,7,7,8,7,7,10,10,10,8,9,9,3,3,4,2,2,2,3,3,2,5,5,3,3,3,6,4,4,6,6,6
sf,cvs,wxlua,wxlua/wxLua/modules/wxbind/include/wxhtml_bind.h,buggy,cpp,IssueTrue,50665,104,2330,4,1,3,1,3,10,3,7,7,7,10,10,9,10,10,10,9,9,9,9,8,8,10,10,9,6,6,8,7,7,7,7,7,7,8,7,7,10,10,10,8,9,9,3,3,4,2,2,2,3,3,2,5,5,3,3,3,6,4,4,6,6,6
sf,cvs,wxlua,wxlua/wxLua/modules/wxbind/include/wxmedia_bind.h,buggy,cpp,IssueTrue,50665,104,2330,4,1,3,1,3,10,3,7,7,7,10,10,9,10,10,10,9,9,9,9,8,8,10,10,9,6,6,8,7,7,7,7,7,7,8,7,7,10,10,10,8,9,9,3,3,4,2,2,2,3,3,2,5,5,3,3,3,6,4,4,6,6,6
sf,cvs,wxlua,wxlua/wxLua/modules/wxbind/include/wxnet_bind.h,buggy,cpp,IssueTrue,50665,104,2330,4,1,3,1,3,10,3,7,7,7,10,10,9,10,10,10,9,9,9,9,8,8,10,10,9,6,6,8,7,7,7,7,7,7,8,7,7,10,10,10,8,9,9,3,3,4,2,2,2,3,3,2,5,5,3,3,3,6,4,4,6,6,6
sf,cvs,wxlua,wxlua/wxLua/modules/wxbind/include/wxrichtext_bind.h,buggy,cpp,IssueTrue,50665,104,2330,4,1,3,1,3,10,3,7,7,7,10,10,9,10,10,10,9,9,9,9,8,8,10,10,9,6,6,8,7,7,7,7,7,7,8,7,7,10,10,10,8,9,9,3,3,4,2,2,2,3,3,2,5,5,3,3,3,6,4,4,6,6,6
sf,cvs,wxlua,wxlua/wxLua/modules/wxbind/include/wxstc_bind.h,buggy,cpp,IssueTrue,50665,104,2330,4,1,3,2,3,9,3,7,7,7,10,10,9,10,10,10,9,9,9,9,8,8,10,10,9,6,6,8,7,7,7,7,7,7,8,7,7,10,10,10,8,9,9,3,3,4,2,2,2,3,3,2,5,5,3,3,3,6,4,4,6,6,6
sf,cvs,wxlua,wxlua/wxLua/modules/wxbind/include/wxxml_bind.h,buggy,cpp,IssueTrue,50665,104,2330,4,1,3,1,3,10,3,7,7,7,10,10,9,10,10,10,9,9,9,9,8,8,10,10,9,6,6,8,7,7,7,7,7,7,8,7,7,10,10,10,8,9,9,3,3,4,2,2,2,3,3,2,5,5,3,3,3,6,4,4,6,6,6
sf,cvs,wxlua,wxlua/wxLua/modules/wxbind/include/wxxrc_bind.h,buggy,cpp,IssueTrue,50665,104,2330,4,1,3,1,3,10,3,7,7,7,10,10,9,10,10,10,9,9,9,9,8,8,10,10,9,6,6,8,7,7,7,7,7,7,8,7,7,10,10,10,8,9,9,3,3,4,2,2,2,3,3,2,5,5,3,3,3,6,4,4,6,6,6
sf,cvs,wxlua,wxlua/wxLua/modules/wxbind/setup/wxluasetup.h,clean,cpp,IssueTrue,50665,104,2330,4,1,1,1,2,1,3,7,7,7,7,8,5,4,6,3,9,9,9,8,8,8,7,8,5,6,6,8,6,6,6,6,6,6,5,6,6,9,9,9,8,9,9,1,1,3,2,2,2,2,2,2,7,8,5,5,6,6,5,5,2,6,5
sf,cvs,wxlua,wxlua/wxLua/modules/wxbind/src/Attic/wxadv_adv.cpp,buggy,cpp,IssueTrue,50665,104,2330,4,4,6,5,4,8,3,7,7,7,7,8,5,4,6,3,9,9,9,8,8,8,7,8,5,6,6,8,6,6,6,6,6,6,5,6,6,9,9,9,8,9,9,5,6,5,5,4,4,7,5,4,3,5,3,3,3,6,4,4,2,2,2
sf,cvs,wxlua,wxlua/wxLua/modules/wxbind/src/Attic/wxadv_grid.cpp,buggy,cpp,IssueTrue,50665,104,2330,4,1,3,1,2,1,3,7,7,7,7,8,5,4,6,3,9,9,9,8,8,8,7,8,5,6,6,8,6,6,6,6,6,6,5,6,6,9,9,9,8,9,9,1,1,3,2,2,2,2,2,2,3,5,3,3,3,6,4,4,2,2,2
sf,cvs,wxlua,wxlua/wxLua/modules/wxbind/src/Attic/wxaui_aui.cpp,buggy,cpp,IssueTrue,50665,104,2330,4,1,2,1,2,1,3,7,7,7,7,8,5,4,6,3,9,9,9,8,8,8,7,8,5,6,6,8,6,6,6,6,6,6,5,6,6,9,9,9,8,9,9,1,1,3,2,2,2,2,2,2,5,5,3,3,3,6,4,4,2,2,2
sf,cvs,wxlua,wxlua/wxLua/modules/wxbind/src/Attic/wxcore_wxlprint.cpp,buggy,cpp,IssueTrue,50665,104,2330,4,1,1,1,2,1,3,7,7,7,7,8,5,4,6,3,9,9,9,8,8,8,7,8,5,6,6,8,6,6,6,6,6,6,5,6,6,9,9,9,8,9,9,1,1,3,2,2,2,2,2,2,3,8,3,3,3,6,4,4,10,8,7
sf,cvs,wxlua,wxlua/wxLua/modules/wxbind/src/Attic/wxhtml_html.cpp,buggy,cpp,IssueTrue,50665,104,2330,4,1,3,1,2,1,3,7,7,7,7,8,5,4,6,3,9,9,9,8,8,8,7,8,5,6,6,8,6,6,6,6,6,6,5,6,6,9,9,9,8,9,9,1,1,3,2,2,2,2,2,2,4,5,3,3,3,6,4,4,2,2,2
sf,cvs,wxlua,wxlua/wxLua/modules/wxbind/src/Attic/wxhtml_wxlhtmlwin.cpp,buggy,cpp,IssueTrue,50665,104,2330,4,5,2,5,6,3,7,7,7,7,10,10,9,4,7,4,9,9,9,8,8,8,10,10,9,6,6,8,6,7,7,6,7,7,6,7,7,9,9,9,10,10,9,5,5,7,4,4,5,6,6,5,4,8,3,4,4,9,7,7,9,8,7
sf,cvs,wxlua,wxlua/wxLua/modules/wxbind/src/Attic/wxmedia_media.cpp,buggy,cpp,IssueTrue,50665,104,2330,4,1,1,1,2,1,3,7,7,7,7,8,5,4,6,3,9,9,9,8,8,8,7,8,5,6,6,8,6,6,6,6,6,6,5,6,6,9,9,9,8,9,9,1,1,3,2,2,2,2,2,2,3,5,3,3,3,6,4,4,4,3,4
sf,cvs,wxlua,wxlua/wxLua/modules/wxbind/src/Attic/wxnet_net.cpp,buggy,cpp,IssueTrue,50665,104,2330,4,1,2,1,2,1,3,7,7,7,7,8,5,4,6,3,9,9,9,8,8,8,7,8,5,6,6,8,6,6,6,6,6,6,5,6,6,9,9,9,8,9,9,1,1,3,2,2,2,2,2,2,3,5,3,3,3,6,4,4,2,2,2
sf,cvs,wxlua,wxlua/wxLua/modules/wxbind/src/Attic/wxstc_stc.cpp,buggy,cpp,IssueTrue,50665,104,2330,4,10,10,10,10,5,5,7,7,7,7,8,5,4,6,3,9,9,9,8,8,8,7,8,5,6,6,8,6,6,6,6,6,6,5,6,6,9,9,9,8,9,9,3,6,10,4,3,10,7,6,10,4,5,3,3,3,6,4,4,2,2,2
sf,cvs,wxlua,wxlua/wxLua/modules/wxbind/src/Attic/wxxml_xml.cpp,buggy,cpp,IssueTrue,50665,104,2330,4,1,1,1,2,1,3,7,7,7,7,8,5,4,6,3,9,9,9,8,8,8,7,8,5,6,6,8,6,6,6,6,6,6,5,6,6,9,9,9,8,9,9,1,1,3,2,2,2,2,2,2,4,8,7,6,6,6,4,4,9,8,7
sf,cvs,wxlua,wxlua/wxLua/modules/wxbind/src/Attic/wxxrc_xrc.cpp,buggy,cpp,IssueTrue,50665,104,2330,4,1,1,1,2,1,3,7,7,7,7,8,5,4,6,3,9,9,9,8,8,8,7,8,5,6,6,8,6,6,6,6,6,6,5,6,6,9,9,9,8,9,9,1,1,3,2,2,2,2,2,2,3,5,3,3,3,6,4,4,6,5,5
sf,cvs,wxlua,wxlua/wxLua/modules/wxbind/src/wxadv_bind.cpp,buggy,cpp,IssueTrue,50665,104,2330,4,5,6,4,5,7,5,7,7,7,7,8,5,4,6,3,9,9,9,8,8,8,7,8,5,6,6,8,6,6,6,6,6,6,5,6,6,9,9,9,8,9,9,4,4,6,3,4,4,4,6,4,2,5,3,3,3,6,4,4,6,5,4
sf,cvs,wxlua,wxlua/wxLua/modules/wxbind/src/wxaui_bind.cpp,buggy,cpp,IssueTrue,50665,104,2330,4,4,4,4,5,5,5,7,7,7,7,8,5,4,6,3,9,9,9,8,8,8,7,8,5,6,6,8,6,6,6,6,6,6,5,6,6,9,9,9,8,9,9,4,4,6,2,3,2,4,6,4,2,5,3,3,3,6,4,4,6,5,4
sf,cvs,wxlua,wxlua/wxLua/modules/wxbind/src/wxbase_base.cpp,buggy,cpp,IssueTrue,50665,104,2330,4,9,9,9,9,5,5,7,7,7,7,8,5,4,6,3,9,9,9,8,8,8,7,8,5,6,6,8,6,6,6,6,6,6,5,6,6,9,9,9,8,9,9,4,4,8,3,3,8,7,5,9,3,5,3,3,3,6,4,4,2,2,2
sf,cvs,wxlua,wxlua/wxLua/modules/wxbind/src/wxbase_bind.cpp,buggy,cpp,IssueTrue,50665,104,2330,4,9,9,9,9,6,5,7,7,7,7,8,5,4,6,3,9,9,9,8,8,8,7,8,5,6,6,8,6,6,6,6,6,6,5,6,6,9,9,9,8,9,9,4,4,8,5,10,9,7,6,9,3,8,3,3,3,6,4,4,2,2,2
sf,cvs,wxlua,wxlua/wxLua/modules/wxbind/src/wxbase_config.cpp,buggy,cpp,IssueTrue,50665,104,2330,4,1,1,1,2,1,3,7,7,7,7,8,5,4,6,3,9,9,9,8,8,8,7,8,5,6,6,8,6,6,6,6,6,6,5,6,6,9,9,9,8,9,9,1,1,3,2,2,2,2,2,2,3,5,3,3,3,6,4,4,9,7,6
sf,cvs,wxlua,wxlua/wxLua/modules/wxbind/src/wxbase_data.cpp,buggy,cpp,IssueTrue,50665,104,2330,4,10,10,10,10,5,8,7,7,7,7,8,5,4,6,3,9,9,9,8,8,8,7,8,5,6,6,8,6,6,6,6,6,6,5,6,6,9,9,9,8,9,9,4,6,9,4,3,9,7,6,10,5,5,3,3,3,6,4,4,2,2,2
sf,cvs,wxlua,wxlua/wxLua/modules/wxbind/src/wxbase_datetime.cpp,buggy,cpp,IssueTrue,50665,104,2330,4,1,2,1,2,1,3,7,7,7,7,8,5,4,6,3,9,9,9,8,8,8,7,8,5,6,6,8,6,6,6,6,6,6,5,6,6,9,9,9,8,9,9,1,1,3,2,2,2,2,2,2,3,5,3,3,3,6,4,4,2,2,2
sf,cvs,wxlua,wxlua/wxLua/modules/wxbind/src/wxbase_file.cpp,buggy,cpp,IssueTrue,50665,104,2330,4,10,10,10,10,6,5,7,7,7,7,8,5,4,6,3,9,9,9,8,8,8,7,8,5,6,6,8,6,6,6,6,6,6,5,6,6,9,9,9,8,9,9,4,6,9,4,3,10,8,6,10,3,5,3,3,3,6,4,4,2,2,2
sf,cvs,wxlua,wxlua/wxLua/modules/wxbind/src/wxcore_bind.cpp,buggy,cpp,IssueTrue,50665,104,2330,4,10,10,9,9,6,5,7,7,7,7,8,5,4,6,3,9,9,9,8,8,8,7,8,5,6,6,8,6,6,6,6,6,6,5,6,6,9,9,9,8,9,9,5,8,8,9,10,10,7,9,9,5,8,3,3,3,6,4,4,2,2,2
sf,cvs,wxlua,wxlua/wxLua/modules/wxbind/src/wxcore_clipdrag.cpp,buggy,cpp,IssueTrue,50665,104,2330,4,1,2,1,2,1,3,7,7,7,7,8,5,4,6,3,9,9,9,8,8,8,7,8,5,6,6,8,6,6,6,6,6,6,5,6,6,9,9,9,8,9,9,1,1,3,2,2,2,2,2,2,3,5,3,3,3,6,4,4,2,2,2
sf,cvs,wxlua,wxlua/wxLua/modules/wxbind/src/wxcore_controls.cpp,buggy,cpp,IssueTrue,50665,104,2330,4,1,3,1,2,1,3,7,7,7,7,8,5,4,6,3,9,9,9,8,8,8,7,8,5,6,6,8,6,6,6,6,6,6,5,6,6,9,9,9,8,9,9,1,1,3,2,2,2,2,2,2,4,5,3,3,3,6,4,4,2,2,2
sf,cvs,wxlua,wxlua/wxLua/modules/wxbind/src/wxcore_core.cpp,buggy,cpp,IssueTrue,50665,104,2330,4,4,4,4,4,7,3,7,7,7,7,8,5,4,6,3,9,9,9,8,8,8,7,8,5,6,6,8,6,6,6,6,6,6,5,6,6,9,9,9,8,9,9,4,4,5,3,3,3,7,5,4,3,5,3,3,3,6,4,4,9,7,6
sf,cvs,wxlua,wxlua/wxLua/modules/wxbind/src/wxcore_defsutils.cpp,buggy,cpp,IssueTrue,50665,104,2330,4,6,6,6,5,6,5,7,7,7,7,8,5,4,6,3,9,9,9,8,8,8,7,8,5,6,6,8,6,6,6,6,6,6,5,6,6,9,9,9,8,9,9,6,5,7,4,3,4,8,5,5,3,5,3,3,3,6,4,4,9,7,6
sf,cvs,wxlua,wxlua/wxLua/modules/wxbind/src/wxcore_dialogs.cpp,buggy,cpp,IssueTrue,50665,104,2330,4,5,6,6,5,7,3,7,7,7,7,8,5,4,6,3,9,9,9,8,8,8,7,8,5,6,6,8,6,6,6,6,6,6,5,6,6,9,9,9,8,9,9,6,6,6,4,3,5,8,6,5,3,5,3,3,3,6,4,4,2,2,2
sf,cvs,wxlua,wxlua/wxLua/modules/wxbind/src/wxcore_event.cpp,buggy,cpp,IssueTrue,50665,104,2330,4,10,10,10,10,5,7,7,7,7,7,8,5,4,6,3,9,9,9,8,8,8,7,8,5,6,6,8,6,6,6,6,6,6,5,6,6,9,9,9,8,9,9,5,8,10,4,3,10,8,7,10,4,5,3,3,3,6,4,4,2,2,2
sf,cvs,wxlua,wxlua/wxLua/modules/wxbind/src/wxcore_gdi.cpp,buggy,cpp,IssueTrue,50665,104,2330,4,10,10,10,10,6,7,7,7,7,7,8,5,4,6,3,9,9,9,8,8,8,7,8,5,6,6,8,6,6,6,6,6,6,5,6,6,9,9,9,8,9,9,4,6,10,4,4,10,7,5,10,5,5,3,3,3,6,4,4,2,2,2
sf,cvs,wxlua,wxlua/wxLua/modules/wxbind/src/wxcore_geometry.cpp,buggy,cpp,IssueTrue,50665,104,2330,4,1,1,1,2,1,3,7,7,7,7,8,5,4,6,3,9,9,9,8,8,8,7,8,5,6,6,8,6,6,6,6,6,6,5,6,6,9,9,9,8,9,9,1,1,3,2,2,2,2,2,2,3,5,3,3,3,6,4,4,2,2,2
sf,cvs,wxlua,wxlua/wxLua/modules/wxbind/src/wxcore_help.cpp,buggy,cpp,IssueTrue,50665,104,2330,4,1,2,1,2,1,3,7,7,7,7,8,5,4,6,3,9,9,9,8,8,8,7,8,5,6,6,8,6,6,6,6,6,6,5,6,6,9,9,9,8,9,9,1,1,3,2,2,2,2,2,2,3,5,3,3,3,6,4,4,10,8,7
sf,cvs,wxlua,wxlua/wxLua/modules/wxbind/src/wxcore_image.cpp,buggy,cpp,IssueTrue,50665,104,2330,4,3,5,4,3,9,3,7,7,7,7,8,5,4,6,3,9,9,9,8,8,8,7,8,5,6,6,8,6,6,6,6,6,6,5,6,6,9,9,9,8,9,9,8,5,5,4,3,3,9,5,4,4,5,3,3,3,6,4,4,2,2,2
sf,cvs,wxlua,wxlua/wxLua/modules/wxbind/src/wxcore_mdi.cpp,buggy,cpp,IssueTrue,50665,104,2330,4,7,7,7,7,6,3,7,7,7,7,8,5,4,6,3,9,9,9,8,8,8,7,8,5,6,6,8,6,6,6,6,6,6,5,6,6,9,9,9,8,9,9,3,4,7,4,3,6,7,5,7,3,5,3,3,3,6,4,4,2,2,2
sf,cvs,wxlua,wxlua/wxLua/modules/wxbind/src/wxcore_menutool.cpp,buggy,cpp,IssueTrue,50665,104,2330,4,9,9,10,10,6,3,7,7,7,7,8,5,4,6,3,9,9,9,8,8,8,7,8,5,6,6,8,6,6,6,6,6,6,5,6,6,9,9,9,8,9,9,4,7,9,4,3,9,8,6,10,3,5,3,3,3,6,4,4,2,2,2
sf,cvs,wxlua,wxlua/wxLua/modules/wxbind/src/wxcore_picker.cpp,buggy,cpp,IssueTrue,50665,104,2330,4,1,2,1,2,1,3,7,7,7,7,8,5,4,6,3,9,9,9,8,8,8,7,8,5,6,6,8,6,6,6,6,6,6,5,6,6,9,9,9,8,9,9,1,1,3,2,2,2,2,2,2,3,5,3,3,3,6,4,4,2,2,2
sf,cvs,wxlua,wxlua/wxLua/modules/wxbind/src/wxcore_print.cpp,buggy,cpp,IssueTrue,50665,104,2330,4,1,2,1,2,1,3,7,7,7,7,8,5,4,6,3,9,9,9,8,8,8,7,8,5,6,6,8,6,6,6,6,6,6,5,6,6,9,9,9,8,9,9,1,1,3,2,2,2,2,2,2,3,5,3,3,3,6,4,4,2,2,2
sf,cvs,wxlua,wxlua/wxLua/modules/wxbind/src/wxcore_sizer.cpp,buggy,cpp,IssueTrue,50665,104,2330,4,1,2,1,2,1,3,7,7,7,7,8,5,4,6,3,9,9,9,8,8,8,7,8,5,6,6,8,6,6,6,6,6,6,5,6,6,9,9,9,8,9,9,1,1,3,2,2,2,2,2,2,4,5,3,3,3,6,4,4,2,2,2
sf,cvs,wxlua,wxlua/wxLua/modules/wxbind/src/wxcore_windows.cpp,buggy,cpp,IssueTrue,50665,104,2330,4,10,10,10,10,6,5,7,7,7,7,8,5,4,6,3,9,9,9,8,8,8,7,8,5,6,6,8,6,6,6,6,6,6,5,6,6,9,9,9,8,9,9,4,7,10,4,3,10,7,6,10,4,5,3,3,3,6,4,4,2,2,2
sf,cvs,wxlua,wxlua/wxLua/modules/wxbind/src/wxgl_bind.cpp,buggy,cpp,IssueTrue,50665,104,2330,4,4,3,4,5,5,5,7,7,7,7,8,5,4,6,3,9,9,9,8,8,8,7,8,5,6,6,8,6,6,6,6,6,6,5,6,6,9,9,9,8,9,9,4,4,6,2,3,2,4,6,4,2,5,3,3,3,6,4,4,6,5,4
sf,cvs,wxlua,wxlua/wxLua/modules/wxbind/src/wxhtml_bind.cpp,buggy,cpp,IssueTrue,50665,104,2330,4,4,4,4,5,6,5,7,7,7,7,8,5,4,6,3,9,9,9,8,8,8,7,8,5,6,6,8,6,6,6,6,6,6,5,6,6,9,9,9,8,9,9,4,4,6,2,3,2,4,6,4,2,5,3,3,3,6,4,4,6,5,4
sf,cvs,wxlua,wxlua/wxLua/modules/wxbind/src/wxmedia_bind.cpp,buggy,cpp,IssueTrue,50665,104,2330,4,4,4,4,5,6,5,7,7,7,7,8,5,4,6,3,9,9,9,8,8,8,7,8,5,6,6,8,6,6,6,6,6,6,5,6,6,9,9,9,8,9,9,4,4,6,2,3,2,4,6,4,2,5,3,3,3,6,4,4,6,5,4
sf,cvs,wxlua,wxlua/wxLua/modules/wxbind/src/wxnet_bind.cpp,buggy,cpp,IssueTrue,50665,104,2330,4,4,4,4,5,6,5,7,7,7,7,8,5,4,6,3,9,9,9,8,8,8,7,8,5,6,6,8,6,6,6,6,6,6,5,6,6,9,9,9,8,9,9,4,4,6,2,3,3,4,6,4,2,5,3,3,3,6,4,4,6,5,4
sf,cvs,wxlua,wxlua/wxLua/modules/wxbind/src/wxrichtext_bind.cpp,buggy,cpp,IssueTrue,50665,104,2330,4,4,3,4,5,5,5,7,7,7,7,8,5,4,6,3,9,9,9,8,8,8,7,8,5,6,6,8,6,6,6,6,6,6,5,6,6,9,9,9,8,9,9,4,4,6,2,3,2,4,6,4,2,5,3,3,3,6,4,4,6,5,4
sf,cvs,wxlua,wxlua/wxLua/modules/wxbind/src/wxstc_bind.cpp,buggy,cpp,IssueTrue,50665,104,2330,4,10,5,4,5,1,5,7,7,7,7,8,5,4,6,3,9,9,9,8,8,8,7,8,5,6,6,8,6,6,6,6,6,6,5,6,6,9,9,9,8,9,9,4,4,6,3,4,4,4,6,4,2,5,3,3,3,6,4,4,2,2,2
sf,cvs,wxlua,wxlua/wxLua/modules/wxbind/src/wxxml_bind.cpp,buggy,cpp,IssueTrue,50665,104,2330,4,4,4,4,5,5,5,7,7,7,7,8,5,4,6,3,9,9,9,8,8,8,7,8,5,6,6,8,6,6,6,6,6,6,5,6,6,9,9,9,8,9,9,4,4,6,2,3,2,4,6,4,2,5,3,3,3,6,4,4,6,5,4
sf,cvs,wxlua,wxlua/wxLua/modules/wxbind/src/wxxrc_bind.cpp,buggy,cpp,IssueTrue,50665,104,2330,4,4,3,4,5,5,5,7,7,7,7,8,5,4,6,3,9,9,9,8,8,8,7,8,5,6,6,8,6,6,6,6,6,6,5,6,6,9,9,9,8,9,9,4,4,6,2,3,2,4,6,4,2,5,3,3,3,6,4,4,6,5,4
sf,cvs,wxlua,wxlua/wxLua/modules/wxlua/include/wxlbind.h,buggy,cpp,IssueTrue,50665,104,2330,4,6,8,7,8,9,3,8,10,10,8,10,9,5,10,10,10,10,10,9,10,10,8,10,9,9,10,10,8,10,10,8,10,10,9,10,10,9,10,10,8,10,9,3,3,8,4,7,7,2,3,4,10,10,8,8,9,9,9,9,10,10,10
sf,cvs,wxlua,wxlua/wxLua/modules/wxlua/include/wxlcallb.h,buggy,cpp,IssueTrue,50665,104,2330,4,3,5,3,5,9,3,9,8,9,10,10,9,7,8,8,9,9,9,10,9,9,10,10,9,9,8,9,9,9,9,9,9,9,10,9,9,9,9,9,10,10,9,3,4,6,4,3,5,2,2,3,6,8,5,5,5,8,6,6,10,9,8
sf,cvs,wxlua,wxlua/wxLua/modules/wxlua/include/wxldefs.h,buggy,cpp,IssueTrue,50665,104,2330,4,1,5,1,2,10,3,7,7,7,7,8,5,4,6,3,9,9,9,8,8,8,7,8,5,6,6,8,6,6,6,6,6,6,5,6,6,9,9,9,8,9,9,1,1,3,2,2,2,2,2,2,9,10,5,7,7,6,4,4,5,6,7
sf,cvs,wxlua,wxlua/wxLua/modules/wxlua/include/wxlstate.h,buggy,cpp,IssueTrue,50665,104,2330,4,8,10,8,8,9,5,10,10,10,8,10,10,10,10,10,9,9,9,10,10,10,8,10,10,10,10,10,10,10,10,10,10,10,10,10,10,9,9,9,9,10,9,4,5,8,10,10,10,3,4,5,10,10,8,9,10,9,9,10,10,10,10
sf,cvs,wxlua,wxlua/wxLua/modules/wxlua/include/wxlua_bind.h,buggy,cpp,IssueTrue,50665,104,2330,4,1,3,2,3,9,3,7,7,7,10,10,9,10,10,10,9,9,9,9,8,8,10,10,9,6,6,8,7,7,7,7,7,7,8,7,7,10,10,10,8,9,9,3,3,4,2,2,2,3,3,2,6,5,3,3,3,6,4,4,7,6,6
sf,cvs,wxlua,wxlua/wxLua/modules/wxlua/src/Attic/wxlua.cpp,buggy,cpp,IssueTrue,50665,104,2330,4,4,4,4,4,5,5,7,7,7,7,8,5,4,6,3,9,9,9,8,8,8,7,8,5,6,6,8,6,6,6,6,6,6,5,6,6,9,9,9,8,9,9,5,4,5,4,3,4,7,4,4,4,5,3,3,3,10,8,8,8,8,6
sf,cvs,wxlua,wxlua/wxLua/modules/wxlua/src/wxlbind.cpp,buggy,cpp,IssueTrue,50665,104,2330,4,9,8,9,8,4,10,7,7,7,7,8,5,4,6,3,9,9,9,8,8,8,7,8,5,6,6,8,6,6,6,6,6,6,5,6,6,9,9,9,8,9,9,8,9,9,9,10,10,8,9,9,10,10,10,10,10,10,10,10,10,10,10
sf,cvs,wxlua,wxlua/wxLua/modules/wxlua/src/wxlcallb.cpp,buggy,cpp,IssueTrue,50665,104,2330,4,5,5,5,5,5,8,7,7,7,7,8,5,4,6,3,9,9,9,8,8,8,7,8,5,6,6,8,6,6,6,6,6,6,5,6,6,9,9,9,8,9,9,8,7,7,4,5,5,9,7,5,9,9,7,8,8,10,9,9,9,10,9
sf,cvs,wxlua,wxlua/wxLua/modules/wxlua/src/wxlstate.cpp,buggy,cpp,IssueTrue,50665,104,2330,4,10,9,10,10,3,10,7,7,7,7,8,5,4,6,3,9,9,9,8,8,8,7,8,5,6,6,8,6,6,6,6,6,6,5,6,6,9,9,9,8,9,9,7,10,10,10,10,10,7,9,10,10,10,3,3,3,6,4,4,2,2,2
sf,cvs,wxlua,wxlua/wxLua/modules/wxlua/src/wxlua_bind.cpp,buggy,cpp,IssueTrue,50665,104,2330,4,9,7,9,7,3,9,7,7,7,7,8,5,4,6,3,9,9,9,8,8,8,7,8,5,6,6,8,6,6,6,6,6,6,5,6,6,9,9,9,8,9,9,9,10,9,5,6,7,9,9,8,7,8,10,10,10,9,8,8,8,9,8
sf,cvs,wxlua,wxlua/wxLua/modules/wxluadebug/include/wxldebug.h,buggy,cpp,IssueTrue,50665,104,2330,4,4,5,5,7,7,5,9,10,10,8,10,8,7,9,9,9,9,9,10,9,9,8,10,8,9,9,9,9,9,10,9,9,10,10,10,10,9,9,9,8,9,9,3,4,7,5,6,7,2,4,4,7,5,8,8,8,9,9,8,10,10,9
sf,cvs,wxlua,wxlua/wxLua/modules/wxluadebug/include/wxlstack.h,buggy,cpp,IssueTrue,50665,104,2330,4,5,4,4,4,5,3,10,10,10,8,10,9,6,9,9,9,10,10,10,10,10,8,10,9,10,9,10,9,10,10,9,10,10,10,10,10,9,10,10,9,10,9,3,3,5,5,4,4,5,4,3,7,5,8,8,8,7,6,6,8,9,7
sf,cvs,wxlua,wxlua/wxLua/modules/wxluadebug/src/wxldebug.cpp,buggy,cpp,IssueTrue,50665,104,2330,4,8,4,8,8,2,10,7,7,7,10,10,8,5,7,4,9,9,9,10,9,9,10,10,8,7,6,8,6,7,6,6,6,6,8,7,7,9,9,9,8,9,9,8,9,8,7,7,8,8,8,8,9,8,9,9,9,10,9,10,10,10,10
sf,cvs,wxlua,wxlua/wxLua/modules/wxluadebug/src/wxlstack.cpp,buggy,cpp,IssueTrue,50665,104,2330,4,9,7,9,8,3,10,7,7,7,7,8,5,4,6,3,9,9,9,8,8,8,7,8,5,6,6,8,6,6,6,6,6,6,5,6,6,9,9,9,8,9,9,10,9,9,6,6,8,10,9,9,9,9,10,10,10,10,10,10,10,10,10
sf,cvs,wxlua,wxlua/wxLua/modules/wxluasocket/include/wxldserv.h,clean,cpp,IssueTrue,50665,104,2330,4,6,7,6,7,7,3,9,10,10,10,10,10,9,10,10,9,10,10,10,10,10,10,10,10,9,8,10,9,10,10,9,10,10,10,10,10,9,9,9,9,10,10,3,3,7,4,3,6,2,3,4,6,5,3,4,5,9,7,7,8,8,7
sf,cvs,wxlua,wxlua/wxLua/modules/wxluasocket/include/wxldtarg.h,clean,cpp,IssueTrue,50665,104,2330,4,4,2,5,4,4,3,10,10,10,10,10,9,9,9,9,9,9,9,10,9,9,10,10,9,10,10,10,10,10,10,10,10,10,9,8,8,10,10,10,10,10,10,3,3,5,5,4,4,2,3,3,3,5,3,3,3,6,4,4,6,5,5
sf,cvs,wxlua,wxlua/wxLua/modules/wxluasocket/include/wxluasocket_bind.h,buggy,cpp,IssueTrue,50665,104,2330,4,1,3,2,3,9,3,7,7,7,10,10,9,10,10,10,9,9,9,9,8,8,10,10,9,6,6,8,7,7,7,7,7,7,8,7,7,10,10,10,8,9,9,3,3,4,2,2,2,3,3,2,8,9,3,3,3,8,7,7,7,7,8
sf,cvs,wxlua,wxlua/wxLua/modules/wxluasocket/src/Attic/wxluasocket.cpp,buggy,cpp,IssueTrue,50665,104,2330,4,7,7,7,8,5,5,7,7,7,7,8,5,4,6,3,9,9,9,8,8,8,7,8,5,6,6,8,6,6,6,6,6,6,5,6,6,9,9,9,8,9,9,4,4,7,3,3,6,7,5,7,8,10,7,8,8,10,9,9,10,10,10
sf,cvs,wxlua,wxlua/wxLua/modules/wxluasocket/src/wxldserv.cpp,buggy,cpp,IssueTrue,50665,104,2330,4,9,6,8,9,2,9,7,7,7,7,8,5,4,6,3,9,9,9,8,8,8,7,8,5,6,6,8,6,6,6,6,6,6,5,6,6,9,9,9,8,9,9,6,9,9,5,7,8,7,7,9,6,5,5,5,5,10,9,9,9,9,8
sf,cvs,wxlua,wxlua/wxLua/modules/wxluasocket/src/wxldtarg.cpp,buggy,cpp,IssueTrue,50665,104,2330,4,9,5,8,8,2,10,7,7,7,7,8,5,4,6,3,9,9,9,8,8,8,7,8,5,6,6,8,6,6,6,6,6,6,5,6,6,9,9,9,8,9,9,9,10,9,6,5,8,8,10,9,5,5,3,3,3,6,4,4,8,8,7
sf,cvs,wxlua,wxlua/wxLua/modules/wxluasocket/src/wxlsock.cpp,buggy,cpp,IssueTrue,50665,104,2330,4,8,4,8,8,2,8,7,7,7,7,8,5,4,6,3,9,9,9,8,8,8,7,8,5,6,6,8,6,6,6,6,6,6,5,6,6,9,9,9,8,9,9,9,9,8,3,4,5,7,7,7,6,5,5,5,5,9,6,7,9,9,8
sf,cvs,wxlua,wxlua/wxLua/modules/wxluasocket/src/wxluasocket_bind.cpp,buggy,cpp,IssueTrue,50665,104,2330,4,5,4,5,5,5,5,7,7,7,7,8,5,4,6,3,9,9,9,8,8,8,7,8,5,6,6,8,6,6,6,6,6,6,5,6,6,9,9,9,8,9,9,4,4,6,3,4,4,4,6,4,7,8,5,6,6,6,6,6,9,10,8
