Host,Vcs,Project,File,Buggy,PL,IssueTracking,TLOC,TNF,TNC,TND,LOC,CL,NStmt,NFunc,RCC,MNL,avg_WMC,max_WMC,total_WMC,avg_DIT,max_DIT,total_DIT,avg_RFC,max_RFC,total_RFC,avg_NOC,max_NOC,total_NOC,avg_CBO,max_CBO,total_CBO,avg_DIT.1,max_DIT.1,total_DIT.1,avg_NIV,max_NIV,total_NIV,avg_NIM,max_NIM,total_NIM,avg_NOM,max_NOM,total_NOM,avg_NPBM,max_NPBM,total_NPBM,avg_NPM,max_NPM,total_NPM,avg_NPRM,max_NPRM,total_NPRM,avg_CC,max_CC,total_CC,avg_FANIN,max_FANIN,total_FANIN,avg_FANOUT,max_FANOUT,total_FANOUT,NRev,NFix,avg_AddedLOC,max_AddedLOC,total_AddedLOC,avg_DeletedLOC,max_DeletedLOC,total_DeletedLOC,avg_ModifiedLOC,max_ModifiedLOC,total_ModifiedLOC
sf,cvs,wxstudio,wxstudio/wxIDE/include/cddef.h,buggy,cpp,IssueFalse,37788,98,1444,8,1,4,1,2,1,2,7,7,7,7,8,5,5,5,5,9,9,9,8,6,6,7,8,5,6,6,6,6,6,6,6,6,6,6,6,6,9,9,9,8,8,9,1,1,2,2,2,2,1,1,2,6,6,8,7,8,6,7,7,3,3,5
sf,cvs,wxstudio,wxstudio/wxIDE/parts/cdlua/include/cdlua/wxLuaInternals.h,clean,cpp,IssueFalse,37788,98,1444,8,7,8,8,8,7,4,8,9,10,8,10,8,5,6,9,9,9,9,8,8,9,8,10,8,10,10,10,7,9,10,7,9,10,8,9,10,9,10,10,9,10,10,4,4,5,6,9,6,2,3,4,5,6,9,9,9,8,8,7,10,9,8
sf,cvs,wxstudio,wxstudio/wxIDE/parts/cdlua/include/cdlua/wxLuaInterpreter.h,clean,cpp,IssueFalse,37788,98,1444,8,4,5,5,7,7,2,9,9,9,10,10,8,7,8,8,9,9,9,9,7,8,10,10,8,10,9,9,10,10,10,10,10,10,10,10,10,9,9,9,8,8,9,3,3,4,4,6,5,2,2,3,3,6,5,5,4,4,4,4,9,8,6
sf,cvs,wxstudio,wxstudio/wxIDE/parts/cdlua/src/Attic/wxLuaDebuggerService.cpp,clean,cpp,IssueFalse,37788,98,1444,8,10,9,10,10,2,10,7,7,7,7,8,5,5,5,5,9,9,9,8,6,6,7,8,5,6,6,6,6,6,6,6,6,6,6,6,6,9,9,9,8,8,9,8,10,10,5,8,10,7,10,10,5,6,3,3,3,4,4,4,1,1,2
sf,cvs,wxstudio,wxstudio/wxIDE/parts/cdlua/src/wxLuaInternals.cpp,clean,cpp,IssueFalse,37788,98,1444,8,10,9,10,10,3,10,7,7,7,7,8,5,5,5,5,9,9,9,8,6,6,7,8,5,6,6,6,6,6,6,6,6,6,6,6,6,9,9,9,8,8,9,9,9,10,9,10,10,9,9,10,5,9,3,3,3,4,4,4,1,1,2
sf,cvs,wxstudio,wxstudio/wxIDE/parts/cdlua/src/wxLuaInterpreter.cpp,buggy,cpp,IssueFalse,37788,98,1444,8,9,9,9,8,6,9,7,7,7,7,8,5,5,5,5,9,9,9,8,6,6,7,8,5,6,6,6,6,6,6,6,6,6,6,6,6,9,9,9,8,8,9,8,9,8,9,9,8,9,9,8,5,6,5,6,5,4,4,4,3,4,5
sf,cvs,wxstudio,wxstudio/wxIDE/parts/cdlua/wxbind/_wx_appframe.cpp,buggy,cpp,IssueFalse,37788,98,1444,8,1,1,1,2,1,2,7,7,7,7,8,5,5,5,5,9,9,9,8,6,6,7,8,5,6,6,6,6,6,6,6,6,6,6,6,6,9,9,9,8,8,9,1,1,2,2,2,2,1,1,2,2,6,3,3,3,4,4,4,1,1,2
sf,cvs,wxstudio,wxstudio/wxIDE/parts/cdlua/wxbind/_wx_data.cpp,clean,cpp,IssueFalse,37788,98,1444,8,1,1,1,2,1,2,7,7,7,7,8,5,5,5,5,9,9,9,8,6,6,7,8,5,6,6,6,6,6,6,6,6,6,6,6,6,9,9,9,8,8,9,1,1,2,2,2,2,1,1,2,2,6,3,3,3,4,4,4,1,1,2
sf,cvs,wxstudio,wxstudio/wxIDE/parts/cdlua/wxbind/_wx_datetime.cpp,buggy,cpp,IssueFalse,37788,98,1444,8,1,1,1,2,1,2,7,7,7,7,8,5,5,5,5,9,9,9,8,6,6,7,8,5,6,6,6,6,6,6,6,6,6,6,6,6,9,9,9,8,8,9,1,1,2,2,2,2,1,1,2,2,6,3,3,3,4,4,4,1,1,2
sf,cvs,wxstudio,wxstudio/wxIDE/parts/cdlua/wxbind/_wx_event.cpp,buggy,cpp,IssueFalse,37788,98,1444,8,10,10,10,10,6,6,7,7,7,7,8,5,5,5,5,9,9,9,8,6,6,7,8,5,6,6,6,6,6,6,6,6,6,6,6,6,9,9,9,8,8,9,5,6,10,5,3,10,6,4,10,2,6,3,3,3,4,4,4,1,1,2
sf,cvs,wxstudio,wxstudio/wxIDE/parts/cdlua/wxbind/_wx_gdi.cpp,buggy,cpp,IssueFalse,37788,98,1444,8,3,3,3,4,6,6,7,7,7,7,8,5,5,5,5,9,9,9,8,6,6,7,8,5,6,6,6,6,6,6,6,6,6,6,6,6,9,9,9,8,8,9,5,5,3,5,3,3,6,3,3,2,6,3,3,3,4,4,4,1,1,2
sf,cvs,wxstudio,wxstudio/wxIDE/parts/cdlua/wxbind/_wx_html.cpp,buggy,cpp,IssueFalse,37788,98,1444,8,1,1,1,2,1,2,7,7,7,7,8,5,5,5,5,9,9,9,8,6,6,7,8,5,6,6,6,6,6,6,6,6,6,6,6,6,9,9,9,8,8,9,1,1,2,2,2,2,1,1,2,3,6,3,3,3,4,4,4,1,1,2
sf,cvs,wxstudio,wxstudio/wxIDE/parts/cdlua/wxbind/wx_event.cpp,buggy,cpp,IssueFalse,37788,98,1444,8,5,1,1,3,2,2,7,7,7,7,8,5,5,5,5,9,9,9,8,6,6,7,8,5,6,6,6,6,6,6,6,6,6,6,6,6,9,9,9,8,8,9,3,3,2,2,2,2,3,2,2,3,6,3,3,3,6,6,6,1,1,2
sf,cvs,wxstudio,wxstudio/wxIDE/parts/component/include/component/cdlua_component.h,clean,cpp,IssueFalse,37788,98,1444,8,1,1,1,2,1,2,7,7,7,7,8,5,5,5,5,9,9,9,8,6,6,7,8,5,6,6,6,6,6,6,6,6,6,6,6,6,9,9,9,8,8,9,1,1,2,2,2,2,1,1,2,4,9,7,6,6,4,4,4,6,6,6
sf,cvs,wxstudio,wxstudio/wxIDE/parts/component/include/component/treedata.h,clean,cpp,IssueFalse,37788,98,1444,8,4,5,5,6,7,2,9,9,9,10,10,9,7,7,8,10,10,10,9,7,8,10,10,9,10,8,9,9,10,10,9,10,10,10,10,10,9,9,9,9,9,9,3,3,4,8,6,6,2,2,3,8,9,6,6,7,5,6,6,6,8,8
sf,cvs,wxstudio,wxstudio/wxIDE/parts/component/src/cdlua_component.cpp,clean,cpp,IssueFalse,37788,98,1444,8,2,1,2,4,3,2,7,7,7,7,8,5,5,5,5,9,9,9,8,6,6,7,8,5,6,6,6,6,6,6,6,6,6,6,6,6,9,9,9,8,8,9,3,3,3,2,2,2,3,2,3,8,9,3,3,3,4,4,4,1,1,2
sf,cvs,wxstudio,wxstudio/wxIDE/parts/component/src/treedata.cpp,clean,cpp,IssueFalse,37788,98,1444,8,8,4,7,8,3,6,7,7,7,7,8,5,5,5,5,9,9,9,8,6,6,7,8,5,6,6,6,6,6,6,6,6,6,6,6,6,9,9,9,8,8,9,6,8,7,9,8,8,6,6,7,8,9,7,7,9,6,7,7,7,8,8
sf,cvs,wxstudio,wxstudio/wxIDE/parts/component/src/treedialog.cpp,clean,cpp,IssueFalse,37788,98,1444,8,8,5,7,7,4,10,7,7,7,7,8,5,5,5,5,9,9,9,8,6,6,7,8,5,6,6,6,6,6,6,6,6,6,6,6,6,9,9,9,8,8,9,7,8,6,3,5,4,7,5,6,5,9,4,4,5,4,4,4,4,4,5
sf,cvs,wxstudio,wxstudio/wxIDE/parts/component/src/treelistctrl.cpp,buggy,cpp,IssueFalse,37788,98,1444,8,10,10,10,10,3,10,10,10,10,8,10,9,8,10,10,9,9,9,9,7,9,8,10,9,10,10,10,10,10,10,10,10,10,10,10,10,10,10,10,9,9,10,7,10,10,8,9,10,7,10,10,4,9,3,3,3,4,4,4,1,1,2
sf,cvs,wxstudio,wxstudio/wxIDE/parts/debugger/include/debugger/callstack.h,clean,cpp,IssueFalse,37788,98,1444,8,7,4,7,8,4,4,9,10,10,10,10,10,7,8,9,9,10,10,10,9,9,10,10,10,9,9,9,9,10,10,9,10,10,8,10,10,10,10,10,10,10,10,3,4,5,7,8,7,4,4,6,7,6,9,10,9,8,8,9,8,8,8
sf,cvs,wxstudio,wxstudio/wxIDE/parts/debugger/include/debugger/callstackdata.h,clean,cpp,IssueFalse,37788,98,1444,8,6,4,6,8,5,2,9,9,9,10,10,9,8,8,9,10,10,10,10,7,8,10,10,9,10,10,9,10,10,10,10,10,10,10,10,10,9,9,9,9,9,9,3,3,5,7,6,8,2,3,4,5,6,9,8,8,10,10,10,10,9,9
sf,cvs,wxstudio,wxstudio/wxIDE/parts/debugger/include/debugger/cdlua_debugger.h,clean,cpp,IssueFalse,37788,98,1444,8,1,1,1,2,1,2,7,7,7,7,8,5,5,5,5,9,9,9,8,6,6,7,8,5,6,6,6,6,6,6,6,6,6,6,6,6,9,9,9,8,8,9,1,1,2,2,2,2,1,1,2,6,9,8,7,8,9,9,9,10,9,8
sf,cvs,wxstudio,wxstudio/wxIDE/parts/debugger/include/debugger/debugger.h,clean,cpp,IssueFalse,37788,98,1444,8,8,8,8,9,6,2,9,10,10,10,10,10,7,9,10,9,10,10,10,10,10,10,10,10,9,9,10,10,10,10,10,10,10,8,9,10,10,10,10,10,10,10,3,3,6,7,9,8,2,3,5,8,6,7,7,8,7,8,8,9,9,9
sf,cvs,wxstudio,wxstudio/wxIDE/parts/debugger/include/debugger/debuggersymbols.h,clean,cpp,IssueFalse,37788,98,1444,8,1,1,1,2,1,2,7,7,7,7,8,5,5,5,5,9,9,9,8,6,6,7,8,5,6,6,6,6,6,6,6,6,6,6,6,6,9,9,9,8,8,9,1,1,2,2,2,2,1,1,2,3,9,4,3,4,4,4,4,3,3,4
sf,cvs,wxstudio,wxstudio/wxIDE/parts/debugger/src/callstack.cpp,clean,cpp,IssueFalse,37788,98,1444,8,9,8,9,9,3,10,7,7,7,7,8,5,5,5,5,9,9,9,8,6,6,7,8,5,6,6,6,6,6,6,6,6,6,6,6,6,9,9,9,8,8,9,9,9,9,7,7,8,9,9,9,9,10,10,10,10,10,10,10,10,10,10
sf,cvs,wxstudio,wxstudio/wxIDE/parts/debugger/src/callstackdata.cpp,clean,cpp,IssueFalse,37788,98,1444,8,6,3,5,6,3,7,7,7,7,7,8,5,5,5,5,9,9,9,8,6,6,7,8,5,6,6,6,6,6,6,6,6,6,6,6,6,9,9,9,8,8,9,6,6,5,8,8,6,7,6,5,4,6,10,9,9,10,10,9,9,6,7
sf,cvs,wxstudio,wxstudio/wxIDE/parts/debugger/src/callstackloader.cpp,clean,cpp,IssueFalse,37788,98,1444,8,3,2,3,4,6,4,7,7,7,7,8,5,5,5,5,9,9,9,8,6,6,7,8,5,6,6,6,6,6,6,6,6,6,6,6,6,9,9,9,8,8,9,6,6,3,2,2,2,8,6,4,5,6,3,4,4,4,4,4,5,4,6
sf,cvs,wxstudio,wxstudio/wxIDE/parts/debugger/src/cdlua_debugger.cpp,clean,cpp,IssueFalse,37788,98,1444,8,2,1,2,4,3,2,7,7,7,7,8,5,5,5,5,9,9,9,8,6,6,7,8,5,6,6,6,6,6,6,6,6,6,6,6,6,9,9,9,8,8,9,3,3,3,2,2,2,3,2,3,7,9,3,3,3,4,4,4,1,1,2
sf,cvs,wxstudio,wxstudio/wxIDE/parts/debugger/src/connectdialog.cpp,clean,cpp,IssueFalse,37788,98,1444,8,7,4,7,6,3,7,7,7,7,7,8,5,5,5,5,9,9,9,8,6,6,7,8,5,6,6,6,6,6,6,6,6,6,6,6,6,9,9,9,8,8,9,6,6,5,3,6,3,8,7,6,2,9,5,4,4,4,4,4,3,3,3
sf,cvs,wxstudio,wxstudio/wxIDE/parts/debugger/src/debugger.cpp,clean,cpp,IssueFalse,37788,98,1444,8,10,9,10,10,3,10,7,7,7,7,8,5,5,5,5,9,9,9,8,6,6,7,8,5,6,6,6,6,6,6,6,6,6,6,6,6,9,9,9,8,8,9,7,9,10,7,8,10,8,9,10,9,9,8,9,10,7,9,9,10,10,10
sf,cvs,wxstudio,wxstudio/wxIDE/parts/debugger/src/debugmanager.cpp,clean,cpp,IssueFalse,37788,98,1444,8,9,8,8,8,4,10,7,7,7,7,8,5,5,5,5,9,9,9,8,6,6,7,8,5,6,6,6,6,6,6,6,6,6,6,6,6,9,9,9,8,8,9,8,8,7,7,5,7,9,9,8,4,6,4,4,4,5,5,5,9,8,8
sf,cvs,wxstudio,wxstudio/wxIDE/parts/debugger/src/docdebugstc.cpp,clean,cpp,IssueFalse,37788,98,1444,8,7,3,6,7,3,7,7,7,7,7,8,5,5,5,5,9,9,9,8,6,6,7,8,5,6,6,6,6,6,6,6,6,6,6,6,6,9,9,9,8,8,9,7,6,6,4,7,5,8,6,6,3,6,3,3,3,5,5,5,3,3,4
sf,cvs,wxstudio,wxstudio/wxIDE/parts/debuggermsw/include/debuggermsw/cdlua_debuggermsw.h,clean,cpp,IssueFalse,37788,98,1444,8,1,1,1,2,1,2,7,7,7,7,8,5,5,5,5,9,9,9,8,6,6,7,8,5,6,6,6,6,6,6,6,6,6,6,6,6,9,9,9,8,8,9,1,1,2,2,2,2,1,1,2,3,9,7,5,6,4,4,4,3,3,4
sf,cvs,wxstudio,wxstudio/wxIDE/parts/debuggermsw/include/debuggermsw/debuggermsw.h,clean,cpp,IssueFalse,37788,98,1444,8,1,1,1,2,1,2,7,7,7,7,8,5,5,5,5,9,9,9,8,6,6,7,8,5,6,6,6,6,6,6,6,6,6,6,6,6,9,9,9,8,8,9,1,1,2,2,2,2,1,1,2,2,6,3,3,3,4,4,4,9,7,6
sf,cvs,wxstudio,wxstudio/wxIDE/parts/debuggermsw/src/cdlua_debuggermsw.cpp,clean,cpp,IssueFalse,37788,98,1444,8,2,1,2,4,3,2,7,7,7,7,8,5,5,5,5,9,9,9,8,6,6,7,8,5,6,6,6,6,6,6,6,6,6,6,6,6,9,9,9,8,8,9,3,3,3,2,2,2,3,2,3,6,9,10,10,10,10,10,10,10,10,9
sf,cvs,wxstudio,wxstudio/wxIDE/parts/debuggermsw/src/debuggermsw.cpp,clean,cpp,IssueFalse,37788,98,1444,8,1,1,1,2,1,2,7,7,7,7,8,5,5,5,5,9,9,9,8,6,6,7,8,5,6,6,6,6,6,6,6,6,6,6,6,6,9,9,9,8,8,9,1,1,2,2,2,2,1,1,2,6,9,6,7,6,6,7,7,7,6,7
sf,cvs,wxstudio,wxstudio/wxIDE/parts/exec/include/exec/cdlua_exec.h,clean,cpp,IssueFalse,37788,98,1444,8,1,1,1,2,1,2,7,7,7,7,8,5,5,5,5,9,9,9,8,6,6,7,8,5,6,6,6,6,6,6,6,6,6,6,6,6,9,9,9,8,8,9,1,1,2,2,2,2,1,1,2,4,9,6,5,6,8,8,8,3,3,4
sf,cvs,wxstudio,wxstudio/wxIDE/parts/exec/src/cdlua_exec.cpp,clean,cpp,IssueFalse,37788,98,1444,8,2,1,2,4,3,2,7,7,7,7,8,5,5,5,5,9,9,9,8,6,6,7,8,5,6,6,6,6,6,6,6,6,6,6,6,6,9,9,9,8,8,9,3,3,3,2,2,2,3,2,3,5,9,8,8,8,10,10,10,10,10,9
sf,cvs,wxstudio,wxstudio/wxIDE/parts/exec/src/execmodule.cpp,buggy,cpp,IssueFalse,37788,98,1444,8,4,2,4,5,4,6,7,7,7,7,8,5,5,5,5,9,9,9,8,6,6,7,8,5,6,6,6,6,6,6,6,6,6,6,6,6,9,9,9,8,8,9,5,5,4,3,3,3,4,4,4,3,6,3,3,3,4,4,4,7,5,6
sf,cvs,wxstudio,wxstudio/wxIDE/parts/guidelib/include/guide/cdlua_guide.h,clean,cpp,IssueFalse,37788,98,1444,8,1,1,1,2,1,2,7,7,7,7,8,5,5,5,5,9,9,9,8,6,6,7,8,5,6,6,6,6,6,6,6,6,6,6,6,6,9,9,9,8,8,9,1,1,2,2,2,2,1,1,2,5,9,7,7,7,8,8,8,9,9,8
sf,cvs,wxstudio,wxstudio/wxIDE/parts/guidelib/include/guide/pmdef.h,clean,cpp,IssueFalse,37788,98,1444,8,1,1,1,2,1,2,7,7,7,7,8,5,5,5,5,9,9,9,8,6,6,7,8,5,6,6,6,6,6,6,6,6,6,6,6,6,9,9,9,8,8,9,1,1,2,2,2,2,1,1,2,5,6,6,5,6,4,4,4,3,4,5
sf,cvs,wxstudio,wxstudio/wxIDE/parts/guidelib/include/guide/pmprojman.h,clean,cpp,IssueFalse,37788,98,1444,8,8,10,9,9,8,2,10,10,10,10,10,7,10,10,10,10,10,10,10,10,10,10,10,7,10,10,10,10,10,10,10,10,10,10,10,10,10,10,10,9,9,9,3,3,7,7,9,9,2,3,5,9,9,9,10,10,9,10,10,8,8,9
sf,cvs,wxstudio,wxstudio/wxIDE/parts/guidelib/include/guide/pmsettings.h,clean,cpp,IssueFalse,37788,98,1444,8,7,6,7,8,6,2,9,10,10,10,10,10,6,8,10,10,10,10,10,9,10,10,10,10,8,9,10,9,9,10,9,9,10,9,10,10,9,9,9,9,9,10,3,3,5,7,6,7,2,3,4,7,9,9,10,9,5,6,6,5,5,7
sf,cvs,wxstudio,wxstudio/wxIDE/parts/guidelib/include/guide/pmtabctrl.h,clean,cpp,IssueFalse,37788,98,1444,8,6,7,6,7,7,2,8,8,8,10,10,8,8,9,9,9,9,9,8,6,7,10,10,8,10,9,9,10,10,10,10,10,10,10,10,10,10,10,10,9,9,9,3,4,4,4,5,4,2,3,4,3,6,3,3,3,4,4,4,6,5,5
sf,cvs,wxstudio,wxstudio/wxIDE/parts/guidelib/src/cdlua_guide.cpp,clean,cpp,IssueFalse,37788,98,1444,8,2,1,2,4,3,2,7,7,7,7,8,5,5,5,5,9,9,9,8,6,6,7,8,5,6,6,6,6,6,6,6,6,6,6,6,6,9,9,9,8,8,9,3,3,3,2,2,2,3,2,3,6,9,3,3,3,4,4,4,1,1,2
sf,cvs,wxstudio,wxstudio/wxIDE/parts/guidelib/src/pmcontain.cpp,buggy,cpp,IssueFalse,37788,98,1444,8,10,7,10,9,2,9,7,7,7,7,8,5,5,5,5,9,9,9,8,6,6,7,8,5,6,6,6,6,6,6,6,6,6,6,6,6,9,9,9,8,8,9,8,8,9,5,6,7,9,9,9,7,6,9,10,9,9,9,9,9,10,9
sf,cvs,wxstudio,wxstudio/wxIDE/parts/guidelib/src/pmdocview.cpp,buggy,cpp,IssueFalse,37788,98,1444,8,10,8,10,9,3,9,7,7,7,7,8,5,5,5,5,9,9,9,8,6,6,7,8,5,6,6,6,6,6,6,6,6,6,6,6,6,9,9,9,8,8,9,8,8,9,3,6,6,9,9,9,10,6,9,9,10,9,9,10,8,9,9
sf,cvs,wxstudio,wxstudio/wxIDE/parts/guidelib/src/pmimage.cpp,buggy,cpp,IssueFalse,37788,98,1444,8,10,8,10,9,2,10,7,7,7,7,8,5,5,5,5,9,9,9,8,6,6,7,8,5,6,6,6,6,6,6,6,6,6,6,6,6,9,9,9,8,8,9,8,10,9,5,8,8,9,10,9,7,6,9,10,9,10,10,10,5,6,7
sf,cvs,wxstudio,wxstudio/wxIDE/parts/guidelib/src/pmoutputtextctrl.cpp,buggy,cpp,IssueFalse,37788,98,1444,8,6,4,6,6,4,10,7,7,7,7,8,5,5,5,5,9,9,9,8,6,6,7,8,5,6,6,6,6,6,6,6,6,6,6,6,6,9,9,9,8,8,9,7,9,6,6,7,5,7,9,5,2,6,4,3,3,4,4,4,3,3,3
sf,cvs,wxstudio,wxstudio/wxIDE/parts/guidelib/src/pmprojman.cpp,buggy,cpp,IssueFalse,37788,98,1444,8,10,10,10,10,3,10,7,7,7,7,8,5,5,5,5,9,9,9,8,6,6,7,8,5,6,6,6,6,6,6,6,6,6,6,6,6,9,9,9,8,8,9,9,10,10,8,10,10,9,10,10,10,9,3,3,3,4,4,4,1,1,2
sf,cvs,wxstudio,wxstudio/wxIDE/parts/guidelib/src/pmsearchpathsettingspage.cpp,buggy,cpp,IssueFalse,37788,98,1444,8,6,1,6,5,2,6,7,7,7,7,8,5,5,5,5,9,9,9,8,6,6,7,8,5,6,6,6,6,6,6,6,6,6,6,6,6,9,9,9,8,8,9,8,6,5,2,2,2,9,7,5,4,6,7,7,7,6,6,6,9,8,8
sf,cvs,wxstudio,wxstudio/wxIDE/parts/guidelib/src/pmsearchtab.cpp,clean,cpp,IssueFalse,37788,98,1444,8,3,2,3,4,6,4,7,7,7,7,8,5,5,5,5,9,9,9,8,6,6,7,8,5,6,6,6,6,6,6,6,6,6,6,6,6,9,9,9,8,8,9,5,5,3,2,2,2,8,6,4,4,9,6,6,6,8,8,8,4,4,5
sf,cvs,wxstudio,wxstudio/wxIDE/parts/guidelib/src/pmsettings.cpp,clean,cpp,IssueFalse,37788,98,1444,8,9,6,9,8,2,9,7,7,7,7,8,5,5,5,5,9,9,9,8,6,6,7,8,5,6,6,6,6,6,6,6,6,6,6,6,6,9,9,9,8,8,9,9,8,8,7,7,8,10,10,9,8,6,10,10,10,8,9,9,7,8,8
sf,cvs,wxstudio,wxstudio/wxIDE/parts/guidelib/src/pmtexteditorsettings.cpp,buggy,cpp,IssueFalse,37788,98,1444,8,7,3,7,6,2,9,7,7,7,7,8,5,5,5,5,9,9,9,8,6,6,7,8,5,6,6,6,6,6,6,6,6,6,6,6,6,9,9,9,8,8,9,8,7,5,4,4,4,8,8,6,2,6,3,3,3,4,4,4,6,4,4
sf,cvs,wxstudio,wxstudio/wxIDE/parts/guidelib/src/pmtexteditorsettingspage.cpp,clean,cpp,IssueFalse,37788,98,1444,8,10,8,10,8,3,9,7,8,8,10,10,10,6,6,9,9,9,9,8,6,8,10,10,10,6,8,8,7,9,9,7,9,9,7,8,9,9,9,9,9,9,10,9,10,9,6,7,8,9,9,9,4,6,3,3,3,4,4,4,1,1,2
sf,cvs,wxstudio,wxstudio/wxIDE/parts/guidelib/src/pmtextnote.cpp,buggy,cpp,IssueFalse,37788,98,1444,8,9,8,9,8,5,7,7,7,7,7,8,5,5,5,5,9,9,9,8,6,6,7,8,5,6,6,6,6,6,6,6,6,6,6,6,6,9,9,9,8,8,9,7,7,7,4,5,6,9,8,8,6,6,5,6,6,4,4,4,5,5,6
sf,cvs,wxstudio,wxstudio/wxIDE/parts/guidelib/src/pmurl.cpp,buggy,cpp,IssueFalse,37788,98,1444,8,9,8,9,8,4,7,7,7,7,7,8,5,5,5,5,9,9,9,8,6,6,7,8,5,6,6,6,6,6,6,6,6,6,6,6,6,9,9,9,8,8,9,7,8,7,4,5,5,9,8,8,6,9,4,5,5,5,6,6,7,7,7
sf,cvs,wxstudio,wxstudio/wxIDE/parts/guidelib/src/pmutils.cpp,buggy,cpp,IssueFalse,37788,98,1444,8,10,7,9,9,3,10,7,7,7,7,8,5,5,5,5,9,9,9,8,6,6,7,8,5,6,6,6,6,6,6,6,6,6,6,6,6,9,9,9,8,8,9,8,8,9,5,5,8,6,6,8,6,9,6,7,7,6,7,7,6,6,7
sf,cvs,wxstudio,wxstudio/wxIDE/parts/guidelib/src/pmworkspace.cpp,clean,cpp,IssueFalse,37788,98,1444,8,10,9,10,10,4,10,7,7,7,7,8,5,5,5,5,9,9,9,8,6,6,7,8,5,6,6,6,6,6,6,6,6,6,6,6,6,9,9,9,8,8,9,9,10,10,5,6,8,8,8,10,8,9,3,3,3,4,4,4,1,1,2
sf,cvs,wxstudio,wxstudio/wxIDE/parts/ide/include/ide/cdlua_ide.h,clean,cpp,IssueFalse,37788,98,1444,8,1,1,1,2,1,2,7,7,7,7,8,5,5,5,5,9,9,9,8,6,6,7,8,5,6,6,6,6,6,6,6,6,6,6,6,6,9,9,9,8,8,9,1,1,2,2,2,2,1,1,2,2,6,7,5,5,4,4,4,10,9,8
sf,cvs,wxstudio,wxstudio/wxIDE/parts/ide/include/ide/cdprojman.h,clean,cpp,IssueFalse,37788,98,1444,8,1,2,1,2,9,2,7,7,7,10,10,8,10,10,10,9,9,9,9,7,7,10,10,8,6,6,6,8,8,7,8,7,7,8,8,8,9,9,9,9,9,9,1,1,2,2,2,2,1,1,2,7,6,7,7,8,10,10,10,7,6,8
sf,cvs,wxstudio,wxstudio/wxIDE/parts/ide/include/ide/ide.h,clean,cpp,IssueFalse,37788,98,1444,8,5,6,5,4,7,2,9,10,10,10,10,9,7,9,9,9,9,9,10,10,10,10,10,9,7,8,8,10,10,10,10,10,10,9,9,10,9,10,10,10,10,10,3,3,3,4,7,3,2,2,3,8,6,6,6,7,7,7,8,5,7,8
sf,cvs,wxstudio,wxstudio/wxIDE/parts/ide/src/cdprojman.cpp,clean,cpp,IssueFalse,37788,98,1444,8,2,7,2,4,10,2,7,7,7,7,8,5,5,5,5,9,9,9,8,6,6,7,8,5,6,6,6,6,6,6,6,6,6,6,6,6,9,9,9,8,8,9,3,3,3,10,10,6,3,3,3,8,6,10,10,10,10,10,10,10,10,10
sf,cvs,wxstudio,wxstudio/wxIDE/parts/ide/src/cdworkspacedoc.cpp,buggy,cpp,IssueFalse,37788,98,1444,8,4,3,5,5,5,4,7,7,7,7,8,5,5,5,5,9,9,9,8,6,6,7,8,5,6,6,6,6,6,6,6,6,6,6,6,6,9,9,9,8,8,9,5,5,4,3,3,3,6,6,4,9,6,8,10,10,9,10,10,8,9,9
sf,cvs,wxstudio,wxstudio/wxIDE/parts/ide/src/ide.cpp,buggy,cpp,IssueFalse,37788,98,1444,8,9,8,9,9,4,7,7,7,7,7,8,5,5,5,5,9,9,9,8,6,6,7,8,5,6,6,6,6,6,6,6,6,6,6,6,6,9,9,9,8,8,9,5,7,7,3,6,6,7,10,8,10,6,8,9,10,9,10,10,9,10,10
sf,cvs,wxstudio,wxstudio/wxIDE/parts/process/src/ps.cpp,clean,cpp,IssueFalse,37788,98,1444,8,6,4,6,5,3,7,7,7,7,7,8,5,5,5,5,9,9,9,8,6,6,7,8,5,6,6,6,6,6,6,6,6,6,6,6,6,9,9,9,8,8,9,6,6,4,3,5,3,10,8,6,5,6,4,4,4,5,6,6,9,9,8
sf,cvs,wxstudio,wxstudio/wxIDE/parts/property/include/property/propertyadapter.h,buggy,cpp,IssueFalse,37788,98,1444,8,2,2,3,5,7,2,8,8,8,10,10,7,7,7,7,9,9,9,8,6,6,10,10,7,10,8,8,10,9,9,10,9,9,10,10,9,9,9,9,8,8,9,3,3,3,4,3,4,2,2,3,4,6,7,7,7,4,4,4,7,7,6
sf,cvs,wxstudio,wxstudio/wxIDE/parts/property/include/property/propertygrid.h,clean,cpp,IssueFalse,37788,98,1444,8,10,8,10,10,3,4,9,10,10,10,10,10,7,9,10,10,10,10,9,9,10,10,10,10,8,9,10,9,10,10,9,10,10,10,10,10,9,10,10,9,9,10,3,4,10,4,10,10,3,4,9,4,6,9,9,8,4,4,4,5,5,5
sf,cvs,wxstudio,wxstudio/wxIDE/parts/property/include/property/propertymember.h,buggy,cpp,IssueFalse,37788,98,1444,8,5,3,6,8,4,2,8,9,9,10,10,10,8,8,10,10,10,10,9,7,9,10,10,10,7,9,9,9,10,10,8,10,10,9,10,10,10,9,10,9,9,10,3,3,5,5,5,6,2,2,4,6,6,6,6,7,6,7,7,8,7,8
sf,cvs,wxstudio,wxstudio/wxIDE/parts/property/include/property/propertypanel.h,buggy,cpp,IssueFalse,37788,98,1444,8,2,1,2,3,6,2,9,9,8,10,10,7,6,6,6,9,9,9,10,8,8,10,10,7,8,7,7,9,9,9,9,9,9,9,9,9,10,10,10,9,9,9,3,3,2,3,2,2,2,2,2,5,6,5,5,5,9,9,8,5,5,6
sf,cvs,wxstudio,wxstudio/wxIDE/parts/property/include/property/propertysheet.h,buggy,cpp,IssueFalse,37788,98,1444,8,2,1,2,2,6,2,10,9,9,10,10,8,8,8,8,9,9,9,10,7,8,10,10,8,9,8,7,9,9,9,9,9,9,10,9,9,9,9,9,8,8,9,1,1,2,2,2,2,1,1,2,2,6,4,3,3,4,4,4,3,3,3
sf,cvs,wxstudio,wxstudio/wxIDE/parts/property/include/property/propertytreectrl.h,buggy,cpp,IssueFalse,37788,98,1444,8,3,1,3,4,5,2,9,9,9,10,10,8,6,6,7,9,9,9,9,8,8,10,10,8,9,8,8,9,9,9,9,9,9,8,8,9,9,9,9,10,10,10,3,3,3,4,3,3,2,2,3,3,6,6,5,5,7,7,7,5,4,5
sf,cvs,wxstudio,wxstudio/wxIDE/parts/property/src/propertydata.cpp,buggy,cpp,IssueFalse,37788,98,1444,8,9,6,9,9,2,10,7,7,7,7,8,5,5,5,5,9,9,9,8,6,6,7,8,5,6,6,6,6,6,6,6,6,6,6,6,6,9,9,9,8,8,9,9,10,9,6,6,8,8,8,8,7,6,10,10,10,9,9,9,10,9,9
sf,cvs,wxstudio,wxstudio/wxIDE/parts/property/src/propertygrid.cpp,buggy,cpp,IssueFalse,37788,98,1444,8,10,9,10,10,2,10,7,7,8,8,10,10,6,7,9,9,10,10,9,7,9,8,10,10,7,7,9,8,9,10,8,9,10,7,8,10,9,9,9,10,10,10,8,10,10,8,9,10,8,10,10,8,6,3,3,3,4,4,4,1,1,2
sf,cvs,wxstudio,wxstudio/wxIDE/parts/property/src/propertymember.cpp,buggy,cpp,IssueFalse,37788,98,1444,8,7,3,7,7,3,6,7,7,7,7,8,5,5,5,5,9,9,9,8,6,6,7,8,5,6,6,6,6,6,6,6,6,6,6,6,6,9,9,9,8,8,9,6,7,6,5,7,6,7,8,6,6,6,7,8,8,6,7,7,9,9,8
sf,cvs,wxstudio,wxstudio/wxIDE/parts/property/src/propertypanel.cpp,buggy,cpp,IssueFalse,37788,98,1444,8,5,3,5,6,4,7,7,7,7,7,8,5,5,5,5,9,9,9,8,6,6,7,8,5,6,6,6,6,6,6,6,6,6,6,6,6,9,9,9,8,8,9,6,8,5,6,5,5,7,7,5,6,6,9,9,9,10,10,9,5,6,6
sf,cvs,wxstudio,wxstudio/wxIDE/parts/property/src/propertyschema.cpp,buggy,cpp,IssueFalse,37788,98,1444,8,9,7,9,8,3,10,7,7,7,7,8,5,5,5,5,9,9,9,8,6,6,7,8,5,6,6,6,6,6,6,6,6,6,6,6,6,9,9,9,8,8,9,10,10,9,6,7,6,10,10,8,6,6,9,9,9,5,6,6,7,8,8
sf,cvs,wxstudio,wxstudio/wxIDE/parts/property/src/propertysheet.cpp,buggy,cpp,IssueFalse,37788,98,1444,8,7,3,7,6,2,10,7,7,7,7,8,5,5,5,5,9,9,9,8,6,6,7,8,5,6,6,6,6,6,6,6,6,6,6,6,6,9,9,9,8,8,9,8,9,6,4,5,4,8,9,6,6,6,9,9,9,10,9,9,10,9,9
sf,cvs,wxstudio,wxstudio/wxIDE/parts/property/src/propertytreectrl.cpp,buggy,cpp,IssueFalse,37788,98,1444,8,7,8,6,6,7,9,7,7,7,7,8,5,5,5,5,9,9,9,8,6,6,7,8,5,6,6,6,6,6,6,6,6,6,6,6,6,9,9,9,8,8,9,8,8,6,5,5,4,8,8,6,7,6,9,10,9,6,7,7,9,9,9
sf,cvs,wxstudio,wxstudio/wxIDE/parts/scripteng/include/script/scriptenglua.h,clean,cpp,IssueFalse,37788,98,1444,8,6,7,7,8,6,2,9,10,10,10,10,10,8,9,10,9,9,9,10,10,10,10,10,10,8,8,9,9,10,10,9,10,10,8,10,10,10,10,10,10,10,10,3,3,5,4,4,6,2,3,4,8,9,5,7,7,8,9,9,9,9,9
sf,cvs,wxstudio,wxstudio/wxIDE/parts/scripteng/src/scripteng.cpp,clean,cpp,IssueFalse,37788,98,1444,8,3,2,3,5,5,4,7,7,7,7,8,5,5,5,5,9,9,9,8,6,6,7,8,5,6,6,6,6,6,6,6,6,6,6,6,6,9,9,9,8,8,9,4,4,3,5,4,4,4,4,3,2,6,4,3,3,4,4,4,3,3,3
sf,cvs,wxstudio,wxstudio/wxIDE/parts/scripteng/src/scriptenglua.cpp,buggy,cpp,IssueFalse,37788,98,1444,8,10,9,10,9,4,10,7,7,7,7,8,5,5,5,5,9,9,9,8,6,6,7,8,5,6,6,6,6,6,6,6,6,6,6,6,6,9,9,9,8,8,9,7,9,9,5,6,8,9,10,9,9,9,9,10,10,9,10,10,10,10,10
sf,cvs,wxstudio,wxstudio/wxIDE/parts/wizard/include/wiz/cdlua_wizard.h,clean,cpp,IssueFalse,37788,98,1444,8,1,1,1,2,1,2,7,7,7,7,8,5,5,5,5,9,9,9,8,6,6,7,8,5,6,6,6,6,6,6,6,6,6,6,6,6,9,9,9,8,8,9,1,1,2,2,2,2,1,1,2,3,9,6,5,5,4,4,4,3,3,4
sf,cvs,wxstudio,wxstudio/wxIDE/parts/wizard/src/cdlua_wizard.cpp,clean,cpp,IssueFalse,37788,98,1444,8,2,1,2,4,3,2,7,7,7,7,8,5,5,5,5,9,9,9,8,6,6,7,8,5,6,6,6,6,6,6,6,6,6,6,6,6,9,9,9,8,8,9,3,3,3,2,2,2,3,2,3,5,9,10,10,9,10,10,10,4,4,5
sf,cvs,wxstudio,wxstudio/wxIDE/parts/wizard/src/wiztree.cpp,buggy,cpp,IssueFalse,37788,98,1444,8,9,8,9,8,4,10,7,7,7,7,8,5,5,5,5,9,9,9,8,6,6,7,8,5,6,6,6,6,6,6,6,6,6,6,6,6,9,9,9,8,8,9,7,9,8,6,9,7,9,9,8,6,9,9,9,9,10,10,10,10,10,9
sf,cvs,wxstudio,wxstudio/wxIDE/src/cdapp.cpp,buggy,cpp,IssueFalse,37788,98,1444,8,1,1,1,2,10,2,7,7,7,7,8,5,5,5,5,9,9,9,8,6,6,7,8,5,6,6,6,6,6,6,6,6,6,6,6,6,9,9,9,8,8,9,1,1,2,2,2,2,1,1,2,4,6,4,4,4,9,9,8,7,6,6
