Host,Vcs,Project,File,Buggy,PL,IssueTracking,TLOC,TNF,TNC,TND,LOC,CL,NStmt,NFunc,RCC,MNL,avg_WMC,max_WMC,total_WMC,avg_DIT,max_DIT,total_DIT,avg_RFC,max_RFC,total_RFC,avg_NOC,max_NOC,total_NOC,avg_CBO,max_CBO,total_CBO,avg_DIT.1,max_DIT.1,total_DIT.1,avg_NIV,max_NIV,total_NIV,avg_NIM,max_NIM,total_NIM,avg_NOM,max_NOM,total_NOM,avg_NPBM,max_NPBM,total_NPBM,avg_NPM,max_NPM,total_NPM,avg_NPRM,max_NPRM,total_NPRM,avg_CC,max_CC,total_CC,avg_FANIN,max_FANIN,total_FANIN,avg_FANOUT,max_FANOUT,total_FANOUT,NRev,NFix,avg_AddedLOC,max_AddedLOC,total_AddedLOC,avg_DeletedLOC,max_DeletedLOC,total_DeletedLOC,avg_ModifiedLOC,max_ModifiedLOC,total_ModifiedLOC
sf,cvs,x10,x10/x10.compiler/src/polyglot/ext/x10/visit/X10LocalClassRemover.java,clean,java,IssueFalse,4318,17,12938,52,2,1,2,3,5,7,3,7,2,9,9,8,2,2,2,9,9,9,2,1,1,9,9,8,6,4,3,6,7,6,6,6,6,6,6,7,10,9,9,8,8,9,8,6,3,6,4,3,4,2,3,3,7,4,4,4,4,4,4,3,3,2
sf,cvs,x10,x10/x10.compiler/src/polyglot/ext/x10/visit/X10PrettyPrinterVisitor.java,buggy,java,IssueFalse,4318,17,12938,52,10,9,10,10,7,8,7,10,10,7,10,10,7,9,10,10,10,10,4,9,10,7,10,10,6,7,9,9,10,10,9,10,10,9,10,10,9,9,9,9,10,10,7,10,10,8,9,10,7,7,10,9,7,3,3,3,4,4,4,3,4,4
sf,cvs,x10,x10/x10.runtime.cws/src/x10/runtime/cws/Cache.java,clean,java,IssueFalse,4318,17,12938,52,6,4,6,9,8,7,8,9,7,6,7,5,8,8,7,9,9,9,7,6,5,6,7,5,8,8,7,10,10,9,10,10,9,10,9,9,10,10,10,9,9,9,5,7,8,8,8,9,2,2,6,8,7,4,4,4,8,8,7,3,4,3
sf,cvs,x10,x10/x10.runtime.cws/src/x10/runtime/cws/Worker.java,clean,java,IssueFalse,4318,17,12938,52,9,10,9,10,9,10,9,10,10,7,10,10,9,10,10,9,9,9,5,8,8,7,10,10,10,10,10,9,10,10,9,10,10,9,10,10,10,10,10,9,10,10,8,9,10,9,9,10,5,7,9,5,7,7,5,5,4,4,4,1,1,1
sf,cvs,x10,x10/x10.runtime/src/x10/runtime/clock/ClockManagerImpl.java,clean,java,IssueFalse,4318,17,12938,52,5,5,5,6,9,8,8,9,6,6,7,5,6,6,5,9,9,9,4,3,3,6,7,5,8,7,6,9,9,8,9,8,8,9,9,9,9,9,9,9,9,9,8,7,7,6,5,6,6,3,6,5,7,3,3,3,7,6,6,9,6,5
