Host,Vcs,Project,File,Buggy,PL,IssueTracking,TLOC,TNF,TNC,TND,LOC,CL,NStmt,NFunc,RCC,MNL,avg_WMC,max_WMC,total_WMC,avg_DIT,max_DIT,total_DIT,avg_RFC,max_RFC,total_RFC,avg_NOC,max_NOC,total_NOC,avg_CBO,max_CBO,total_CBO,avg_DIT.1,max_DIT.1,total_DIT.1,avg_NIV,max_NIV,total_NIV,avg_NIM,max_NIM,total_NIM,avg_NOM,max_NOM,total_NOM,avg_NPBM,max_NPBM,total_NPBM,avg_NPM,max_NPM,total_NPM,avg_NPRM,max_NPRM,total_NPRM,avg_CC,max_CC,total_CC,avg_FANIN,max_FANIN,total_FANIN,avg_FANOUT,max_FANOUT,total_FANOUT,NRev,NFix,avg_AddedLOC,max_AddedLOC,total_AddedLOC,avg_DeletedLOC,max_DeletedLOC,total_DeletedLOC,avg_ModifiedLOC,max_ModifiedLOC,total_ModifiedLOC
sf,cvs,xharbour,xharbour/xharbour/contrib/png/png.c,buggy,c,IssueTrue,194043,262,19575,58,9,10,9,9,5,8,7,7,7,8,9,5,8,9,9,9,9,9,8,6,6,8,9,5,6,6,6,6,6,6,6,6,6,6,6,9,9,9,9,8,8,9,6,9,8,6,10,8,4,7,6,7,10,8,9,8,10,9,9,10,10,10
sf,cvs,xharbour,xharbour/xharbour/contrib/png/png.h,buggy,c,IssueTrue,194043,262,19575,58,10,10,10,1,9,3,7,7,7,8,9,5,8,9,9,9,9,9,9,7,8,8,9,5,10,10,10,6,6,6,6,6,6,6,6,9,9,9,9,8,8,9,2,2,2,2,2,2,2,2,2,7,10,3,3,3,5,5,5,2,2,2
sf,cvs,xharbour,xharbour/xharbour/contrib/png/pngconf.h,buggy,c,IssueTrue,194043,262,19575,58,2,10,3,1,10,3,7,7,7,8,9,5,8,9,9,9,9,9,8,6,6,8,9,5,6,6,6,6,6,6,6,6,6,6,6,9,9,9,9,8,8,9,2,2,2,2,2,2,2,2,2,7,10,8,8,8,9,9,9,8,8,8
sf,cvs,xharbour,xharbour/xharbour/contrib/png/pngerror.c,buggy,c,IssueTrue,194043,262,19575,58,7,8,6,6,5,9,7,7,7,8,9,5,8,9,9,9,9,9,8,6,6,8,9,5,6,6,6,6,6,6,6,6,6,6,6,9,9,9,9,8,8,9,7,6,6,10,10,9,3,3,4,7,10,6,7,7,5,6,5,7,7,7
sf,cvs,xharbour,xharbour/xharbour/contrib/png/pngget.c,buggy,c,IssueTrue,194043,262,19575,58,9,6,9,10,2,6,7,7,7,8,9,5,8,9,9,9,9,9,8,6,6,8,9,5,6,6,6,6,6,6,6,6,6,6,6,9,9,9,9,8,8,9,5,6,9,7,8,9,3,4,7,7,10,8,9,9,8,8,7,9,9,8
sf,cvs,xharbour,xharbour/xharbour/contrib/png/pngmem.c,buggy,c,IssueTrue,194043,262,19575,58,6,7,5,7,6,5,7,7,7,8,9,5,8,9,9,9,9,9,8,6,6,8,9,5,6,6,6,6,6,6,6,6,6,6,6,9,9,9,9,8,8,9,5,5,5,10,10,8,3,3,4,7,10,5,6,6,5,6,5,9,9,8
sf,cvs,xharbour,xharbour/xharbour/contrib/png/pngpread.c,buggy,c,IssueTrue,194043,262,19575,58,10,8,10,9,2,9,7,7,7,8,9,5,8,9,9,9,9,9,8,6,6,8,9,5,6,6,6,6,6,6,6,6,6,6,6,9,9,9,9,8,8,9,10,10,9,9,9,9,9,9,8,7,10,10,10,10,5,6,5,9,9,8
sf,cvs,xharbour,xharbour/xharbour/contrib/png/pngread.c,buggy,c,IssueTrue,194043,262,19575,58,9,10,10,8,4,8,7,7,7,8,9,5,8,9,9,9,9,9,8,6,6,8,9,5,6,6,6,6,6,6,6,6,6,6,6,9,9,9,9,8,8,9,10,10,9,10,10,9,10,8,8,7,10,6,6,7,6,6,6,9,9,9
sf,cvs,xharbour,xharbour/xharbour/contrib/png/pngrio.c,buggy,c,IssueTrue,194043,262,19575,58,3,7,2,3,9,4,7,7,7,8,9,5,8,9,9,9,9,9,8,6,6,8,9,5,6,6,6,6,6,6,6,6,6,6,6,9,9,9,9,8,8,9,6,4,3,8,5,4,4,3,3,7,10,5,5,6,5,6,5,8,8,8
sf,cvs,xharbour,xharbour/xharbour/contrib/png/pngrtran.c,buggy,c,IssueTrue,194043,262,19575,58,10,10,10,9,2,10,7,7,7,8,9,5,8,9,9,9,9,9,8,6,6,8,9,5,8,7,7,6,6,6,6,6,6,6,6,9,9,9,9,8,8,9,10,10,10,9,10,10,6,8,8,7,10,3,3,3,5,5,5,2,2,2
sf,cvs,xharbour,xharbour/xharbour/contrib/png/pngrutil.c,buggy,c,IssueTrue,194043,262,19575,58,10,10,10,9,2,9,7,7,7,8,9,5,8,9,9,9,9,9,8,6,6,8,9,5,6,6,6,6,6,6,6,6,6,6,6,9,9,9,9,8,8,9,10,9,10,10,9,10,9,7,9,7,10,3,3,3,5,5,5,2,2,2
sf,cvs,xharbour,xharbour/xharbour/contrib/png/pngset.c,buggy,c,IssueTrue,194043,262,19575,58,10,9,9,9,2,6,7,7,7,8,9,5,8,9,9,9,9,9,8,6,6,8,9,5,6,6,6,6,6,6,6,6,6,6,6,9,9,9,9,8,8,9,7,8,9,8,8,9,7,6,8,7,10,7,7,7,9,9,9,10,10,10
sf,cvs,xharbour,xharbour/xharbour/contrib/png/pngtrans.c,buggy,c,IssueTrue,194043,262,19575,58,9,8,8,8,3,8,7,7,7,8,9,5,8,9,9,9,9,9,8,6,6,8,9,5,6,6,6,6,6,6,6,6,6,6,6,9,9,9,9,8,8,9,7,7,7,6,5,7,2,3,4,7,10,6,6,6,5,6,5,8,8,8
sf,cvs,xharbour,xharbour/xharbour/contrib/png/pngwio.c,buggy,c,IssueTrue,194043,262,19575,58,3,8,3,4,9,4,7,7,7,8,9,5,8,9,9,9,9,9,8,6,6,8,9,5,6,6,6,6,6,6,6,6,6,6,6,9,9,9,9,8,8,9,5,4,4,6,5,4,3,3,3,7,10,7,7,7,7,7,7,9,9,9
sf,cvs,xharbour,xharbour/xharbour/contrib/png/pngwrite.c,buggy,c,IssueTrue,194043,262,19575,58,10,10,10,9,4,9,7,7,7,8,9,5,8,9,9,9,9,9,8,6,6,8,9,5,6,6,6,6,6,6,6,6,6,6,6,9,9,9,9,8,8,9,9,8,9,9,10,9,8,7,8,7,10,6,7,7,6,6,6,10,10,10
sf,cvs,xharbour,xharbour/xharbour/contrib/png/pngwtran.c,buggy,c,IssueTrue,194043,262,19575,58,8,8,9,5,3,9,7,7,7,8,9,5,8,9,9,9,9,9,8,6,6,8,9,5,6,6,6,6,6,6,6,6,6,6,6,9,9,9,9,8,8,9,10,7,7,9,7,6,3,4,4,7,10,4,5,5,7,7,7,6,7,6
sf,cvs,xharbour,xharbour/xharbour/contrib/png/pngwutil.c,buggy,c,IssueTrue,194043,262,19575,58,10,10,10,10,3,9,7,7,7,8,9,5,8,9,9,9,9,9,8,6,6,8,9,5,6,6,6,6,6,6,6,6,6,6,6,9,9,9,9,8,8,9,9,10,10,10,9,10,7,8,9,7,10,3,3,3,5,5,5,2,2,2
sf,cvs,xharbour,xharbour/xharbour/contrib/rdd_ads/ads1.c,buggy,c,IssueTrue,194043,262,19575,58,10,10,10,10,3,10,7,7,7,8,9,5,8,9,9,9,9,9,8,6,6,8,9,5,6,6,6,6,6,6,6,6,6,6,6,9,9,9,9,8,8,9,9,10,10,8,9,10,9,10,10,9,10,3,3,3,5,5,5,2,2,2
sf,cvs,xharbour,xharbour/xharbour/contrib/rdd_ads/rddads.h,buggy,c,IssueTrue,194043,262,19575,58,3,9,4,1,9,3,7,7,7,8,9,5,8,9,9,9,9,9,10,8,8,8,9,5,10,10,10,6,6,6,6,6,6,6,6,9,9,9,9,8,8,9,2,2,2,2,2,2,2,2,2,3,9,4,4,4,5,5,5,3,3,3
sf,cvs,xharbour,xharbour/xharbour/include/classes.h,buggy,c,IssueTrue,194043,262,19575,58,4,8,5,1,8,3,7,7,7,8,9,5,8,9,9,9,9,9,10,7,8,8,9,5,9,9,9,6,6,6,6,6,6,6,6,9,9,9,9,8,8,9,2,2,2,2,2,2,2,2,2,5,9,3,4,4,5,5,5,5,4,5
sf,cvs,xharbour,xharbour/xharbour/include/hbapi.h,buggy,c,IssueTrue,194043,262,19575,58,8,10,9,1,8,3,7,7,7,8,9,5,8,9,9,9,9,9,9,7,8,8,9,5,9,9,10,6,6,6,6,6,6,6,6,9,9,9,9,8,8,9,2,2,2,2,2,2,2,2,2,9,10,3,3,3,5,5,5,2,2,2
sf,cvs,xharbour,xharbour/xharbour/include/hbapicdp.h,buggy,c,IssueTrue,194043,262,19575,58,5,7,6,1,6,3,7,7,7,8,9,5,8,9,9,9,9,9,9,7,7,8,9,5,9,10,10,6,6,6,6,6,6,6,6,9,9,9,9,8,8,9,2,2,2,2,2,2,2,2,2,3,8,5,4,4,5,5,5,3,3,3
sf,cvs,xharbour,xharbour/xharbour/include/hbapifs.h,buggy,c,IssueTrue,194043,262,19575,58,6,10,7,1,8,3,7,7,7,8,9,5,8,9,9,9,9,9,8,6,6,8,9,5,8,7,7,6,6,6,6,6,6,6,6,9,9,9,9,8,8,9,2,2,2,2,2,2,2,2,2,7,10,8,9,9,5,5,5,4,5,5
sf,cvs,xharbour,xharbour/xharbour/include/hbapirdd.h,buggy,c,IssueTrue,194043,262,19575,58,8,10,9,1,8,3,7,7,7,8,9,5,8,9,9,9,9,9,9,8,9,8,9,5,10,10,10,6,6,6,6,6,6,6,6,9,9,9,9,8,8,9,2,2,2,2,2,2,2,2,2,9,10,4,4,5,5,6,6,9,9,9
sf,cvs,xharbour,xharbour/xharbour/include/hbdefs.h,buggy,c,IssueTrue,194043,262,19575,58,2,10,3,1,10,3,7,7,7,8,9,5,8,9,9,9,9,9,8,6,6,8,9,5,6,6,6,6,6,6,6,6,6,6,6,9,9,9,9,8,8,9,2,2,2,2,2,2,2,2,2,3,8,3,3,3,9,7,7,5,4,4
sf,cvs,xharbour,xharbour/xharbour/include/hbipapi.h,buggy,c,IssueTrue,194043,262,19575,58,1,6,2,1,10,3,7,7,7,8,9,5,8,9,9,9,9,9,8,6,6,8,9,5,6,6,6,6,6,6,6,6,6,6,6,9,9,9,9,8,8,9,2,2,2,2,2,2,2,2,2,3,9,3,3,3,5,5,5,5,4,4
sf,cvs,xharbour,xharbour/xharbour/include/hbrddbmc.h,buggy,c,IssueTrue,194043,262,19575,58,8,10,8,1,8,3,7,7,7,8,9,5,8,9,9,9,9,9,9,8,9,8,9,5,10,10,10,6,6,6,6,6,6,6,6,9,9,9,9,8,8,9,2,2,2,2,2,2,2,2,2,7,10,4,5,5,5,5,5,8,9,8
sf,cvs,xharbour,xharbour/xharbour/include/hbrddcdx.h,buggy,c,IssueTrue,194043,262,19575,58,8,10,8,1,8,3,7,7,7,8,9,5,8,9,9,9,9,9,9,8,9,8,9,5,10,10,10,6,6,6,6,6,6,6,6,9,9,9,9,8,8,9,2,2,2,2,2,2,2,2,2,7,10,4,5,5,5,5,5,8,8,8
sf,cvs,xharbour,xharbour/xharbour/include/hbrdddbf.h,buggy,c,IssueTrue,194043,262,19575,58,5,9,6,1,9,3,7,7,7,8,9,5,8,9,9,9,9,9,10,8,8,8,9,5,10,10,10,6,6,6,6,6,6,6,6,9,9,9,9,8,8,9,2,2,2,2,2,2,2,2,2,9,10,4,5,6,5,5,5,9,9,9
sf,cvs,xharbour,xharbour/xharbour/include/hbrdddbt.h,buggy,c,IssueTrue,194043,262,19575,58,1,7,1,1,10,3,7,7,7,8,9,5,8,9,9,9,9,9,8,6,6,8,9,5,6,6,6,6,6,6,6,6,6,6,6,9,9,9,9,8,8,9,2,2,2,2,2,2,2,2,2,3,8,3,3,3,5,5,5,5,4,4
sf,cvs,xharbour,xharbour/xharbour/include/hbrddfpt.h,buggy,c,IssueTrue,194043,262,19575,58,3,10,4,1,10,3,7,7,7,8,9,5,8,9,9,9,9,9,8,6,7,8,9,5,9,9,10,6,6,6,6,6,6,6,6,9,9,9,9,8,8,9,2,2,2,2,2,2,2,2,2,3,8,3,3,3,5,5,5,5,4,4
sf,cvs,xharbour,xharbour/xharbour/include/hbrddmdx.h,buggy,c,IssueTrue,194043,262,19575,58,8,10,8,1,8,3,7,7,7,8,9,5,8,9,9,9,9,9,9,8,9,8,9,5,10,10,10,6,6,6,6,6,6,6,6,9,9,9,9,8,8,9,2,2,2,2,2,2,2,2,2,5,9,4,4,4,5,5,5,5,5,5
sf,cvs,xharbour,xharbour/xharbour/include/hbrddnsx.h,buggy,c,IssueTrue,194043,262,19575,58,7,10,8,1,9,3,7,7,7,8,9,5,8,9,9,9,9,9,9,8,9,8,9,5,10,10,10,6,6,6,6,6,6,6,6,9,9,9,9,8,8,9,2,2,2,2,2,2,2,2,2,7,10,5,5,6,5,6,5,3,4,5
sf,cvs,xharbour,xharbour/xharbour/include/hbrddntx.h,buggy,c,IssueTrue,194043,262,19575,58,8,10,8,1,7,3,7,7,7,8,9,5,8,9,9,9,9,9,9,8,9,8,9,5,10,10,10,6,6,6,6,6,6,6,6,9,9,9,9,8,8,9,2,2,2,2,2,2,2,2,2,6,10,4,4,4,5,5,5,8,8,8
sf,cvs,xharbour,xharbour/xharbour/include/hbset.h,buggy,c,IssueTrue,194043,262,19575,58,7,7,7,1,4,3,7,7,7,8,9,5,8,9,9,9,9,9,8,6,6,8,9,5,6,6,6,6,6,6,6,6,6,6,6,9,9,9,9,8,8,9,2,2,2,2,2,2,2,2,2,5,9,4,4,4,5,5,5,5,5,5
sf,cvs,xharbour,xharbour/xharbour/include/hbxml.h,buggy,c,IssueTrue,194043,262,19575,58,4,9,3,1,9,3,7,7,7,8,9,5,8,9,9,9,9,9,8,6,7,8,9,5,8,9,9,6,6,6,6,6,6,6,6,9,9,9,9,8,8,9,2,2,2,2,2,2,2,2,2,3,5,3,3,3,5,5,5,8,6,5
sf,cvs,xharbour,xharbour/xharbour/source/codepage/cppl852.c,clean,c,IssueTrue,194043,262,19575,58,1,8,1,2,10,3,7,7,7,8,9,5,8,9,9,9,9,9,8,6,6,8,9,5,6,6,6,6,6,6,6,6,6,6,6,9,9,9,9,8,8,9,3,3,2,2,2,2,2,2,2,3,5,3,3,3,7,6,5,3,3,3
sf,cvs,xharbour,xharbour/xharbour/source/codepage/cpua1125.c,clean,c,IssueTrue,194043,262,19575,58,1,7,1,2,10,3,7,7,7,8,9,5,8,9,9,9,9,9,8,6,6,8,9,5,6,6,6,6,6,6,6,6,6,6,6,9,9,9,9,8,8,9,3,3,2,2,2,2,2,2,2,3,5,3,3,3,5,5,5,6,5,5
sf,cvs,xharbour,xharbour/xharbour/source/codepage/cpua866.c,clean,c,IssueTrue,194043,262,19575,58,1,7,1,2,10,3,7,7,7,8,9,5,8,9,9,9,9,9,8,6,6,8,9,5,6,6,6,6,6,6,6,6,6,6,6,9,9,9,9,8,8,9,3,3,2,2,2,2,2,2,2,3,5,3,3,3,5,5,5,6,5,5
sf,cvs,xharbour,xharbour/xharbour/source/codepage/cpuakoi.c,clean,c,IssueTrue,194043,262,19575,58,1,7,1,2,10,3,7,7,7,8,9,5,8,9,9,9,9,9,8,6,6,8,9,5,6,6,6,6,6,6,6,6,6,6,6,9,9,9,9,8,8,9,3,3,2,2,2,2,2,2,2,3,5,3,3,3,5,5,5,6,5,5
sf,cvs,xharbour,xharbour/xharbour/source/codepage/cpuawin.c,clean,c,IssueTrue,194043,262,19575,58,1,7,1,2,10,3,7,7,7,8,9,5,8,9,9,9,9,9,8,6,6,8,9,5,6,6,6,6,6,6,6,6,6,6,6,9,9,9,9,8,8,9,3,3,2,2,2,2,2,2,2,3,5,3,3,3,5,5,5,6,5,5
sf,cvs,xharbour,xharbour/xharbour/source/common/hbdate.c,buggy,c,IssueTrue,194043,262,19575,58,10,9,9,10,3,10,7,7,7,8,9,5,8,9,9,9,9,9,8,6,6,8,9,5,6,6,6,6,6,6,6,6,6,6,6,9,9,9,9,8,8,9,7,10,9,7,8,9,5,4,7,5,10,9,9,8,5,5,5,6,6,6
sf,cvs,xharbour,xharbour/xharbour/source/common/hbstr.c,buggy,c,IssueTrue,194043,262,19575,58,9,10,9,9,4,10,7,7,7,8,9,5,8,9,9,9,9,9,8,6,6,8,9,5,6,6,6,6,6,6,6,6,6,6,6,9,9,9,9,8,8,9,8,9,9,10,10,10,4,4,7,9,9,6,7,7,8,9,9,7,8,8
sf,cvs,xharbour,xharbour/xharbour/source/compiler/genc.c,buggy,c,IssueTrue,194043,262,19575,58,10,10,10,10,2,10,7,7,7,8,9,5,8,9,9,9,9,9,8,6,6,8,9,5,8,8,8,6,6,6,6,6,6,6,6,9,9,9,9,8,8,9,6,10,10,4,9,10,4,9,10,9,10,3,3,3,5,5,5,2,2,2
sf,cvs,xharbour,xharbour/xharbour/source/compiler/harbour.c,buggy,c,IssueTrue,194043,262,19575,58,10,10,10,10,3,10,7,7,7,8,9,5,8,9,9,9,9,9,8,6,6,8,9,5,6,6,6,6,6,6,6,6,6,6,6,9,9,9,9,8,8,9,8,10,10,8,10,10,7,10,10,8,10,3,3,3,5,5,5,2,2,2
sf,cvs,xharbour,xharbour/xharbour/source/ct/dattime3.c,buggy,c,IssueTrue,194043,262,19575,58,4,10,4,4,10,6,7,7,7,8,9,5,8,9,9,9,9,9,8,6,6,8,9,5,6,6,6,6,6,6,6,6,6,6,6,9,9,9,9,8,8,9,6,5,4,2,4,3,5,4,4,3,5,5,4,4,8,7,6,3,3,3
sf,cvs,xharbour,xharbour/xharbour/source/ct/files.c,buggy,c,IssueTrue,194043,262,19575,58,5,8,4,6,7,8,7,7,7,8,9,5,8,9,9,9,9,9,8,6,6,8,9,5,6,6,6,6,6,6,6,6,6,6,6,9,9,9,9,8,8,9,5,5,5,2,3,2,5,5,5,6,9,5,6,5,7,7,7,7,7,7
sf,cvs,xharbour,xharbour/xharbour/source/ct/print.c,buggy,c,IssueTrue,194043,262,19575,58,2,7,2,3,10,3,7,7,7,8,9,5,8,9,9,9,9,9,8,6,6,8,9,5,6,6,6,6,6,6,6,6,6,6,6,9,9,9,9,8,8,9,4,3,3,2,2,2,3,3,3,3,8,3,3,3,5,5,5,6,5,4
sf,cvs,xharbour,xharbour/xharbour/source/ct/token1.c,clean,c,IssueTrue,194043,262,19575,58,8,8,8,6,4,10,7,7,7,8,9,5,8,9,9,9,9,9,8,6,6,8,9,5,6,6,6,6,6,6,6,6,6,6,6,9,9,9,9,8,8,9,10,10,8,3,6,4,5,7,5,3,9,3,3,3,5,5,5,9,7,6
sf,cvs,xharbour,xharbour/xharbour/source/lang/msgua866.c,clean,c,IssueTrue,194043,262,19575,58,5,8,1,1,6,3,7,7,7,8,9,5,8,9,9,9,9,9,8,6,6,8,9,5,6,6,6,6,6,6,6,6,6,6,6,9,9,9,9,8,8,9,2,2,2,2,2,2,2,2,2,3,8,3,3,3,5,5,5,10,9,8
sf,cvs,xharbour,xharbour/xharbour/source/lang/msguados.c,clean,c,IssueTrue,194043,262,19575,58,5,8,1,1,6,3,7,7,7,8,9,5,8,9,9,9,9,9,8,6,6,8,9,5,6,6,6,6,6,6,6,6,6,6,6,9,9,9,9,8,8,9,2,2,2,2,2,2,2,2,2,3,8,3,3,3,5,5,5,10,9,8
sf,cvs,xharbour,xharbour/xharbour/source/lang/msguakoi.c,clean,c,IssueTrue,194043,262,19575,58,5,8,1,1,6,3,7,7,7,8,9,5,8,9,9,9,9,9,8,6,6,8,9,5,6,6,6,6,6,6,6,6,6,6,6,9,9,9,9,8,8,9,2,2,2,2,2,2,2,2,2,3,8,3,3,3,5,5,5,10,9,8
sf,cvs,xharbour,xharbour/xharbour/source/lang/msguawin.c,clean,c,IssueTrue,194043,262,19575,58,5,8,1,1,6,3,7,7,7,8,9,5,8,9,9,9,9,9,8,6,6,8,9,5,6,6,6,6,6,6,6,6,6,6,6,9,9,9,9,8,8,9,2,2,2,2,2,2,2,2,2,3,8,3,3,3,5,5,5,10,9,8
sf,cvs,xharbour,xharbour/xharbour/source/rdd/bmdbfcdx/bmdbfcdx1.c,buggy,c,IssueTrue,194043,262,19575,58,10,10,10,10,2,10,7,7,7,8,9,5,8,9,9,9,9,9,8,6,6,8,9,5,6,6,6,6,6,6,6,6,6,6,6,9,9,9,9,8,8,9,10,10,10,10,10,10,9,10,10,10,10,3,3,3,5,5,5,2,2,2
sf,cvs,xharbour,xharbour/xharbour/source/rdd/bmdbfcdx/redbfcdx1.c,buggy,c,IssueTrue,194043,262,19575,58,10,10,10,10,2,10,7,7,7,8,9,5,8,9,9,9,9,9,8,6,6,8,9,5,6,6,6,6,6,6,6,6,6,6,6,9,9,9,9,8,8,9,10,10,10,10,10,10,9,10,10,6,10,3,3,3,5,5,5,2,2,2
sf,cvs,xharbour,xharbour/xharbour/source/rdd/dbcmd.c,buggy,c,IssueTrue,194043,262,19575,58,10,10,10,10,2,9,7,7,7,8,9,5,8,9,9,9,9,9,8,6,6,8,9,5,6,6,6,6,6,6,6,6,6,6,6,9,9,9,9,8,8,9,6,8,10,3,8,9,8,9,10,7,10,6,7,6,5,5,5,9,9,8
sf,cvs,xharbour,xharbour/xharbour/source/rdd/dbcmd53.c,clean,c,IssueTrue,194043,262,19575,58,1,7,1,1,1,3,7,7,7,8,9,5,8,9,9,9,9,9,8,6,6,8,9,5,6,6,6,6,6,6,6,6,6,6,6,9,9,9,9,8,8,9,2,2,2,2,2,2,2,2,2,3,8,3,3,3,5,5,5,7,6,5
sf,cvs,xharbour,xharbour/xharbour/source/rdd/dbf1.c,buggy,c,IssueTrue,194043,262,19575,58,10,10,10,10,2,10,7,7,7,8,9,5,8,9,9,9,9,9,8,6,6,8,9,5,6,6,6,6,6,6,6,6,6,6,6,9,9,9,9,8,8,9,10,10,10,9,10,10,10,10,10,10,10,3,3,3,5,5,5,2,2,2
sf,cvs,xharbour,xharbour/xharbour/source/rdd/dbf1net.c,buggy,c,IssueTrue,194043,262,19575,58,10,10,10,10,2,10,7,7,7,8,9,5,8,9,9,9,9,9,8,6,6,8,9,5,6,6,6,6,6,6,6,6,6,6,6,9,9,9,9,8,8,9,10,10,10,9,10,10,10,10,10,3,9,3,3,3,5,5,5,2,2,2
sf,cvs,xharbour,xharbour/xharbour/source/rdd/dbfcdx/dbfcdx1.c,buggy,c,IssueTrue,194043,262,19575,58,10,10,10,10,2,10,7,7,7,8,9,5,8,9,9,9,9,9,8,6,6,8,9,5,6,6,6,6,6,6,6,6,6,6,6,9,9,9,9,8,8,9,10,10,10,10,10,10,9,10,10,10,10,3,3,3,5,5,5,2,2,2
sf,cvs,xharbour,xharbour/xharbour/source/rdd/dbfdbt/dbfdbt1.c,clean,c,IssueTrue,194043,262,19575,58,9,9,8,8,4,8,7,7,7,8,9,5,8,9,9,9,9,9,8,6,6,8,9,5,6,6,6,6,6,6,6,6,6,6,6,9,9,9,9,8,8,9,7,6,8,7,7,8,8,6,7,3,9,3,3,3,5,5,5,10,9,8
sf,cvs,xharbour,xharbour/xharbour/source/rdd/dbffpt/dbffpt1.c,buggy,c,IssueTrue,194043,262,19575,58,10,10,10,10,2,10,7,7,7,8,9,5,8,9,9,9,9,9,8,6,6,8,9,5,6,6,6,6,6,6,6,6,6,6,6,9,9,9,9,8,8,9,10,10,10,9,9,10,9,9,10,9,10,3,3,3,5,5,5,2,2,2
sf,cvs,xharbour,xharbour/xharbour/source/rdd/dbfmdx/dbfmdx1.c,buggy,c,IssueTrue,194043,262,19575,58,10,10,10,10,2,10,7,7,7,8,9,5,8,9,9,9,9,9,8,6,6,8,9,5,6,6,6,6,6,6,6,6,6,6,6,9,9,9,9,8,8,9,10,10,10,10,10,10,9,10,10,8,10,3,3,3,5,5,5,2,2,2
sf,cvs,xharbour,xharbour/xharbour/source/rdd/dbfnsx/dbfnsx1.c,buggy,c,IssueTrue,194043,262,19575,58,10,10,10,10,2,10,7,7,7,8,9,5,8,9,9,9,9,9,8,6,6,8,9,5,6,6,6,6,6,6,6,6,6,6,6,9,9,9,9,8,8,9,10,10,10,10,10,10,9,10,10,9,10,3,3,3,5,5,5,2,2,2
sf,cvs,xharbour,xharbour/xharbour/source/rdd/dbfntx/dbfntx1.c,buggy,c,IssueTrue,194043,262,19575,58,10,10,10,10,2,10,7,7,7,8,9,5,8,9,9,9,9,9,8,6,6,8,9,5,6,6,6,6,6,6,6,6,6,6,6,9,9,9,9,8,8,9,9,10,10,10,10,10,9,10,10,5,10,3,3,3,5,5,5,2,2,2
sf,cvs,xharbour,xharbour/xharbour/source/rdd/delim1.c,buggy,c,IssueTrue,194043,262,19575,58,10,10,10,9,4,9,7,7,7,8,9,5,8,9,9,9,9,9,8,6,6,8,9,5,6,6,6,6,6,6,6,6,6,6,6,9,9,9,9,8,8,9,8,8,9,8,8,9,9,8,9,5,10,3,3,3,5,5,5,10,10,9
sf,cvs,xharbour,xharbour/xharbour/source/rdd/hbdbsort.c,buggy,c,IssueTrue,194043,262,19575,58,6,8,6,5,6,6,7,7,7,8,9,5,8,9,9,9,9,9,8,6,6,8,9,5,6,6,6,6,6,6,6,6,6,6,6,9,9,9,9,8,8,9,7,5,5,10,8,7,7,5,5,5,9,7,7,6,5,5,5,5,5,5
sf,cvs,xharbour,xharbour/xharbour/source/rdd/hsx/hsx.c,buggy,c,IssueTrue,194043,262,19575,58,10,10,10,10,4,9,7,7,7,8,9,5,8,9,9,9,9,9,9,6,7,8,9,5,10,10,10,6,6,6,6,6,6,6,6,9,9,9,9,8,8,9,9,9,10,8,9,10,8,8,9,5,10,3,3,3,5,5,5,2,2,2
sf,cvs,xharbour,xharbour/xharbour/source/rdd/sdf1.c,buggy,c,IssueTrue,194043,262,19575,58,10,10,10,9,4,9,7,7,7,8,9,5,8,9,9,9,9,9,8,6,6,8,9,5,6,6,6,6,6,6,6,6,6,6,6,9,9,9,9,8,8,9,8,8,9,7,7,9,9,8,9,6,10,4,4,4,5,6,5,10,10,9
sf,cvs,xharbour,xharbour/xharbour/source/rdd/wafunc.c,buggy,c,IssueTrue,194043,262,19575,58,10,9,10,9,3,10,7,7,7,8,9,5,8,9,9,9,9,9,8,6,6,8,9,5,6,6,6,6,6,6,6,6,6,6,6,9,9,9,9,8,8,9,9,9,9,8,9,9,9,8,9,7,10,6,6,7,9,9,9,10,10,10
sf,cvs,xharbour,xharbour/xharbour/source/rdd/workarea.c,buggy,c,IssueTrue,194043,262,19575,58,10,10,10,10,4,9,7,7,7,8,9,5,8,9,9,9,9,9,8,6,6,8,9,5,6,6,6,6,6,6,6,6,6,6,6,9,9,9,9,8,8,9,9,10,10,9,10,10,8,7,10,6,10,3,3,3,5,5,5,2,2,2
sf,cvs,xharbour,xharbour/xharbour/source/rtl/cdpapi.c,buggy,c,IssueTrue,194043,262,19575,58,10,9,10,10,2,10,7,7,7,8,9,5,8,9,9,9,9,9,8,6,6,8,9,5,6,6,6,6,6,6,6,6,6,6,6,9,9,9,9,8,8,9,8,9,10,9,10,10,5,7,8,3,9,3,3,3,5,5,5,6,5,4
sf,cvs,xharbour,xharbour/xharbour/source/rtl/dateshb.c,buggy,c,IssueTrue,194043,262,19575,58,9,9,8,8,3,9,7,7,7,8,9,5,8,9,9,9,9,9,8,6,6,8,9,5,6,6,6,6,6,6,6,6,6,6,6,9,9,9,9,8,8,9,8,9,8,3,4,5,7,5,7,3,9,8,6,6,10,9,9,3,3,3
sf,cvs,xharbour,xharbour/xharbour/source/rtl/file.c,buggy,c,IssueTrue,194043,262,19575,58,3,7,3,3,8,8,7,7,7,8,9,5,8,9,9,9,9,9,8,6,6,8,9,5,6,6,6,6,6,6,6,6,6,6,6,9,9,9,9,8,8,9,9,5,4,7,5,3,9,4,4,5,9,8,7,7,6,6,5,8,7,7
sf,cvs,xharbour,xharbour/xharbour/source/rtl/filebuf.c,buggy,c,IssueTrue,194043,262,19575,58,8,8,7,8,4,8,7,7,7,8,9,5,8,9,9,9,9,9,9,6,7,8,9,5,10,9,9,6,6,6,6,6,6,6,6,9,9,9,9,8,8,9,5,6,7,10,10,10,5,5,6,5,10,7,7,6,5,5,5,5,5,5
sf,cvs,xharbour,xharbour/xharbour/source/rtl/filehb.c,buggy,c,IssueTrue,194043,262,19575,58,1,7,1,3,10,3,7,7,7,8,9,5,8,9,9,9,9,9,8,6,6,8,9,5,6,6,6,6,6,6,6,6,6,6,6,9,9,9,9,8,8,9,4,3,3,5,3,3,4,3,3,3,9,5,4,4,5,5,5,5,4,4
sf,cvs,xharbour,xharbour/xharbour/source/rtl/filenet.c,buggy,c,IssueTrue,194043,262,19575,58,10,9,10,10,2,9,7,7,7,8,9,5,8,9,9,9,9,9,9,6,7,8,9,5,10,9,9,6,6,6,6,6,6,6,6,9,9,9,9,8,8,9,7,7,10,8,9,10,7,6,10,6,10,9,9,9,10,9,9,9,8,8
sf,cvs,xharbour,xharbour/xharbour/source/rtl/filesys.c,buggy,c,IssueTrue,194043,262,19575,58,10,10,9,10,4,8,7,7,7,8,9,5,8,9,9,9,9,9,8,6,6,8,9,5,6,6,6,6,6,6,6,6,6,6,6,9,9,9,9,8,8,9,5,8,9,8,9,10,5,6,8,7,10,3,3,3,5,5,5,2,2,2
sf,cvs,xharbour,xharbour/xharbour/source/rtl/fstemp.c,buggy,c,IssueTrue,194043,262,19575,58,5,7,5,5,6,8,7,7,7,8,9,5,8,9,9,9,9,9,8,6,6,8,9,5,6,6,6,6,6,6,6,6,6,6,6,9,9,9,9,8,8,9,7,7,5,7,7,5,7,5,5,3,9,3,3,3,5,5,5,9,8,7
sf,cvs,xharbour,xharbour/xharbour/source/rtl/gtcgi/gtcgi.c,clean,c,IssueTrue,194043,262,19575,58,7,8,7,7,5,6,7,7,7,8,9,5,8,9,9,9,9,9,9,6,7,8,9,5,10,9,9,6,6,6,6,6,6,6,6,9,9,9,9,8,8,9,5,5,6,6,6,6,7,5,6,3,8,3,3,3,5,5,5,5,4,4
sf,cvs,xharbour,xharbour/xharbour/source/rtl/gtcrs/gtcrs.c,clean,c,IssueTrue,194043,262,19575,58,10,10,10,10,3,10,7,7,7,8,9,5,8,9,9,9,9,9,9,7,8,8,9,5,10,10,10,6,6,6,6,6,6,6,6,9,9,9,9,8,8,9,7,9,10,6,9,10,7,10,10,3,8,3,3,3,5,5,5,2,2,2
sf,cvs,xharbour,xharbour/xharbour/source/rtl/gtpca/gtpca.c,buggy,c,IssueTrue,194043,262,19575,58,9,8,9,9,3,8,7,7,7,8,9,5,8,9,9,9,9,9,8,6,6,8,9,5,6,6,6,6,6,6,6,6,6,6,6,9,9,9,9,8,8,9,6,7,7,6,7,8,7,7,8,5,9,3,3,3,5,5,5,5,5,5
sf,cvs,xharbour,xharbour/xharbour/source/rtl/gtwin/gtwin.c,buggy,c,IssueTrue,194043,262,19575,58,10,10,10,9,5,10,7,7,7,8,9,5,8,9,9,9,9,9,8,6,6,8,9,5,8,8,8,6,6,6,6,6,6,6,6,9,9,9,9,8,8,9,9,10,10,9,10,9,9,9,9,3,9,3,3,3,5,5,5,2,2,2
sf,cvs,xharbour,xharbour/xharbour/source/rtl/hbffind.c,buggy,c,IssueTrue,194043,262,19575,58,5,8,6,5,7,5,7,7,7,8,9,5,8,9,9,9,9,9,8,6,6,8,9,5,6,6,6,6,6,6,6,6,6,6,6,9,9,9,9,8,8,9,6,5,5,6,5,5,4,4,4,6,9,3,3,3,5,6,5,7,7,7
sf,cvs,xharbour,xharbour/xharbour/source/rtl/hbgtcore.c,buggy,c,IssueTrue,194043,262,19575,58,10,10,10,10,2,10,7,7,7,8,9,5,8,9,9,9,9,9,8,6,6,8,9,5,6,6,6,6,6,6,6,6,6,6,6,9,9,9,9,8,8,9,7,10,10,6,10,10,5,9,10,3,9,3,3,3,5,5,5,2,2,2
sf,cvs,xharbour,xharbour/xharbour/source/rtl/hbip.c,buggy,c,IssueTrue,194043,262,19575,58,9,8,9,10,3,9,7,7,7,8,9,5,8,9,9,9,9,9,8,6,6,8,9,5,6,6,6,6,6,6,6,6,6,6,6,9,9,9,9,8,8,9,6,6,9,4,6,8,6,6,8,5,9,3,3,3,5,5,5,6,6,6
sf,cvs,xharbour,xharbour/xharbour/source/rtl/hbxml.c,buggy,c,IssueTrue,194043,262,19575,58,10,10,10,10,4,9,7,7,7,8,9,5,8,9,9,9,9,9,8,6,6,8,9,5,6,6,6,6,6,6,6,6,6,6,6,9,9,9,9,8,8,9,8,10,10,7,8,10,7,7,9,5,8,3,3,3,5,5,5,2,2,2
sf,cvs,xharbour,xharbour/xharbour/source/rtl/is.c,clean,c,IssueTrue,194043,262,19575,58,5,8,5,7,7,5,7,7,7,8,9,5,8,9,9,9,9,9,8,6,6,8,9,5,6,6,6,6,6,6,6,6,6,6,6,9,9,9,9,8,8,9,5,4,5,2,3,3,4,3,5,3,9,3,3,3,5,5,5,7,6,5
sf,cvs,xharbour,xharbour/xharbour/source/rtl/pcre/pcre_maketables.c,clean,c,IssueTrue,194043,262,19575,58,3,8,4,2,9,5,7,7,7,8,9,5,8,9,9,9,9,9,8,6,6,8,9,5,6,6,6,6,6,6,6,6,6,6,6,9,9,9,9,8,8,9,10,8,5,2,2,2,7,4,3,5,8,3,3,3,5,5,5,7,7,6
sf,cvs,xharbour,xharbour/xharbour/source/rtl/philes.c,buggy,c,IssueTrue,194043,262,19575,58,8,8,7,9,3,5,7,7,7,8,9,5,8,9,9,9,9,9,8,6,6,8,9,5,6,6,6,6,6,6,6,6,6,6,6,9,9,9,9,8,8,9,5,7,7,2,3,3,7,5,7,5,9,3,3,3,5,5,5,6,6,6
sf,cvs,xharbour,xharbour/xharbour/source/rtl/philesx.c,buggy,c,IssueTrue,194043,262,19575,58,1,7,1,1,1,3,7,7,7,8,9,5,8,9,9,9,9,9,8,6,6,8,9,5,6,6,6,6,6,6,6,6,6,6,6,9,9,9,9,8,8,9,2,2,2,2,2,2,2,2,2,3,8,3,3,3,5,5,5,5,4,4
sf,cvs,xharbour,xharbour/xharbour/source/rtl/regex.c,buggy,c,IssueTrue,194043,262,19575,58,9,9,9,8,4,10,7,7,7,8,9,5,8,9,9,9,9,9,8,6,6,8,9,5,6,6,6,6,6,6,6,6,6,6,6,9,9,9,9,8,8,9,8,9,8,7,8,8,6,7,7,3,9,3,3,3,5,5,5,5,4,4
sf,cvs,xharbour,xharbour/xharbour/source/rtl/session.c,buggy,c,IssueTrue,194043,262,19575,58,4,7,4,6,7,8,7,7,7,8,9,5,8,9,9,9,9,9,8,6,6,8,9,5,6,6,6,6,6,6,6,6,6,6,6,9,9,9,9,8,8,9,4,4,5,3,3,4,4,4,5,5,9,3,3,3,5,5,5,5,4,5
sf,cvs,xharbour,xharbour/xharbour/source/rtl/set.c,buggy,c,IssueTrue,194043,262,19575,58,10,10,10,10,2,10,7,7,7,8,9,5,8,9,9,9,9,9,8,6,6,8,9,5,8,7,7,6,6,6,6,6,6,6,6,9,9,9,9,8,8,9,9,10,10,7,10,10,6,10,10,8,10,3,3,3,5,5,5,2,2,2
sf,cvs,xharbour,xharbour/xharbour/source/rtl/spfiles.c,buggy,c,IssueTrue,194043,262,19575,58,5,7,5,4,6,6,7,7,7,8,9,5,8,9,9,9,9,9,8,6,6,8,9,5,6,6,6,6,6,6,6,6,6,6,6,9,9,9,9,8,8,9,7,5,5,7,6,5,9,5,5,3,8,10,9,9,9,7,7,9,7,6
sf,cvs,xharbour,xharbour/xharbour/source/rtl/transfrm.c,buggy,c,IssueTrue,194043,262,19575,58,10,10,9,2,4,10,7,7,7,8,9,5,8,9,9,9,9,9,8,6,6,8,9,5,6,6,6,6,6,6,6,6,6,6,6,9,9,9,9,8,8,9,10,10,9,10,7,3,10,8,5,7,10,5,6,5,8,8,7,8,8,8
sf,cvs,xharbour,xharbour/xharbour/source/tip/utils.c,buggy,c,IssueTrue,194043,262,19575,58,8,10,7,5,6,8,7,7,7,8,9,5,8,9,9,9,9,9,8,6,6,8,9,5,8,8,8,6,6,6,6,6,6,6,6,9,9,9,9,8,8,9,9,7,6,5,6,5,8,5,5,6,9,7,8,7,5,5,5,7,7,7
sf,cvs,xharbour,xharbour/xharbour/source/vm/arrays.c,clean,c,IssueTrue,194043,262,19575,58,10,10,10,10,3,9,7,7,7,8,9,5,8,9,9,9,9,9,8,6,6,8,9,5,6,6,6,6,6,6,6,6,6,6,6,9,9,9,9,8,8,9,7,9,10,10,10,10,6,6,9,3,8,3,3,3,5,5,5,2,2,2
sf,cvs,xharbour,xharbour/xharbour/source/vm/classes.c,buggy,c,IssueTrue,194043,262,19575,58,10,10,10,10,4,10,7,7,7,8,9,5,8,9,9,9,9,9,8,6,6,8,9,5,6,6,6,6,6,6,6,6,6,6,6,9,9,9,9,8,8,9,8,10,10,8,10,10,7,10,10,6,9,3,3,3,5,5,5,2,2,2
sf,cvs,xharbour,xharbour/xharbour/source/vm/dbgentry.c,clean,c,IssueTrue,194043,262,19575,58,10,7,10,10,1,9,7,7,7,8,9,5,8,9,9,9,9,9,8,6,6,8,9,5,6,6,6,6,6,6,6,6,6,6,6,9,9,9,9,8,8,9,7,9,10,7,9,10,8,9,10,5,8,5,5,5,5,5,5,5,5,5
sf,cvs,xharbour,xharbour/xharbour/source/vm/errorapi.c,buggy,c,IssueTrue,194043,262,19575,58,10,10,10,10,3,8,7,7,7,8,9,5,8,9,9,9,9,9,8,6,6,8,9,5,6,6,6,6,6,6,6,6,6,6,6,9,9,9,9,8,8,9,4,7,9,10,10,10,6,6,10,7,10,5,6,6,7,7,7,9,9,9
sf,cvs,xharbour,xharbour/xharbour/source/vm/extend.c,clean,c,IssueTrue,194043,262,19575,58,10,9,10,10,2,8,7,7,7,8,9,5,8,9,9,9,9,9,8,6,6,8,9,5,6,6,6,6,6,6,6,6,6,6,6,9,9,9,9,8,8,9,7,7,10,10,10,10,8,5,10,3,8,7,5,5,5,5,5,5,4,4
sf,cvs,xharbour,xharbour/xharbour/source/vm/hvm.c,buggy,c,IssueTrue,194043,262,19575,58,10,10,10,10,3,10,7,7,7,8,9,5,8,9,9,9,9,9,8,6,6,8,9,5,6,6,6,6,6,6,6,6,6,6,6,9,9,9,9,8,8,9,7,10,10,8,10,10,8,10,10,10,10,3,3,3,5,5,5,2,2,2
sf,cvs,xharbour,xharbour/xharbour/source/vm/itemapi.c,buggy,c,IssueTrue,194043,262,19575,58,10,10,10,10,2,10,7,7,7,8,9,5,8,9,9,9,9,9,8,6,6,8,9,5,6,6,6,6,6,6,6,6,6,6,6,9,9,9,9,8,8,9,8,10,10,10,10,10,6,6,10,6,9,8,8,8,10,10,10,9,9,9
sf,cvs,xharbour,xharbour/xharbour/source/vm/memvars.c,buggy,c,IssueTrue,194043,262,19575,58,10,10,10,10,4,9,7,7,7,8,9,5,8,9,9,9,9,9,9,6,7,8,9,5,8,7,7,6,6,6,6,6,6,6,6,9,9,9,9,8,8,9,7,9,9,7,8,10,7,9,9,8,10,3,3,3,5,5,5,2,2,2
sf,cvs,xharbour,xharbour/xharbour/utils/hbfilere/hbfilere.c,buggy,c,IssueTrue,194043,262,19575,58,10,9,10,10,2,10,7,7,7,8,9,5,8,9,9,9,9,9,8,6,6,8,9,5,6,6,6,6,6,6,6,6,6,6,6,9,9,9,9,8,8,9,8,8,10,8,9,10,9,7,10,3,8,3,3,3,5,5,5,6,5,4
