Host,Vcs,Project,File,Buggy,PL,IssueTracking,TLOC,TNF,TNC,TND,LOC,CL,NStmt,NFunc,RCC,MNL,avg_WMC,max_WMC,total_WMC,avg_DIT,max_DIT,total_DIT,avg_RFC,max_RFC,total_RFC,avg_NOC,max_NOC,total_NOC,avg_CBO,max_CBO,total_CBO,avg_DIT.1,max_DIT.1,total_DIT.1,avg_NIV,max_NIV,total_NIV,avg_NIM,max_NIM,total_NIM,avg_NOM,max_NOM,total_NOM,avg_NPBM,max_NPBM,total_NPBM,avg_NPM,max_NPM,total_NPM,avg_NPRM,max_NPRM,total_NPRM,avg_CC,max_CC,total_CC,avg_FANIN,max_FANIN,total_FANIN,avg_FANOUT,max_FANOUT,total_FANOUT,NRev,NFix,avg_AddedLOC,max_AddedLOC,total_AddedLOC,avg_DeletedLOC,max_DeletedLOC,total_DeletedLOC,avg_ModifiedLOC,max_ModifiedLOC,total_ModifiedLOC
sf,svn,xradar,/trunk/maven-xradar-plugin/src/main/java/net/sf/xradar/XRadarDynamicMojo.java,buggy,java,IssueTrue,2979,32,1245,12,9,7,8,6,3,10,10,9,9,9,9,7,8,5,5,9,9,9,8,7,7,9,9,7,9,8,9,8,8,7,8,7,7,8,7,7,9,9,9,10,9,9,9,8,9,7,8,7,9,10,9,4,8,3,3,3,5,5,5,3,3,4
sf,svn,xradar,/trunk/maven-xradar-plugin/src/main/java/net/sf/xradar/XRadarMojo.java,buggy,java,IssueTrue,2979,32,1245,12,10,10,10,7,5,10,10,10,10,9,9,7,9,6,6,9,9,9,10,9,9,9,9,7,10,10,10,9,9,8,9,8,8,9,9,9,8,8,8,9,9,9,9,10,10,10,10,10,10,10,10,3,5,4,4,3,4,4,4,2,2,2
sf,svn,xradar,/trunk/xradar/src/main/java/org/sourceforge/xradar/AbstractProcess.java,clean,java,IssueTrue,2979,32,1245,12,7,7,7,7,5,7,8,7,7,6,5,4,8,6,6,10,10,10,9,8,8,6,5,4,9,8,8,9,8,8,9,8,7,8,8,7,10,10,10,7,7,7,4,5,7,8,9,8,4,4,6,9,9,4,7,7,10,10,10,5,7,8
sf,svn,xradar,/trunk/xradar/src/main/java/org/sourceforge/xradar/XRadar.java,clean,java,IssueTrue,2979,32,1245,12,8,7,8,5,4,10,10,9,9,6,5,4,7,4,4,9,9,9,9,9,8,6,5,4,6,4,6,1,1,1,7,5,5,3,2,2,8,8,8,10,10,10,10,10,9,5,5,5,10,9,8,8,5,6,7,7,5,5,6,6,7,7
sf,svn,xradar,/trunk/xradar/src/main/java/org/sourceforge/xradar/XRadarException.java,clean,java,IssueTrue,2979,32,1245,12,1,3,1,3,8,3,3,3,2,10,10,8,9,8,8,9,9,9,2,1,1,10,10,8,6,4,6,4,3,4,4,3,3,6,4,4,8,8,8,7,7,7,3,3,2,10,9,6,3,2,3,4,5,7,6,6,7,7,6,4,4,4
sf,svn,xradar,/trunk/xradar/src/main/java/org/sourceforge/xradar/XRadarStaticsCmdLine.java,clean,java,IssueTrue,2979,32,1245,12,8,7,8,5,4,10,10,9,9,6,5,4,7,4,4,9,9,9,9,8,8,6,5,4,6,4,6,1,1,1,7,5,5,3,2,2,8,8,8,10,10,10,10,10,9,5,5,5,10,9,8,8,8,5,7,7,6,7,7,4,7,6
sf,svn,xradar,/trunk/xradar/src/main/java/org/sourceforge/xradar/ant/LoaderHelper.java,clean,java,IssueTrue,2979,32,1245,12,2,4,2,3,7,5,3,3,2,9,9,7,9,6,6,9,9,9,4,3,3,9,9,7,6,4,6,3,3,3,3,2,2,3,2,2,8,8,8,7,7,7,5,4,2,4,4,3,3,2,2,6,5,4,5,5,6,6,6,3,4,4
sf,svn,xradar,/trunk/xradar/src/main/java/org/sourceforge/xradar/ant/StaticsTask.java,buggy,java,IssueTrue,2979,32,1245,12,8,9,8,8,6,9,9,9,8,9,9,7,9,7,7,9,9,9,9,8,8,9,9,7,10,9,9,10,9,9,10,9,9,10,10,9,8,8,8,9,8,8,5,8,8,5,8,8,4,7,7,6,5,3,3,3,8,8,8,3,4,5
sf,svn,xradar,/trunk/xradar/src/main/java/org/sourceforge/xradar/dynamics/Dynamics.java,buggy,java,IssueTrue,2979,32,1245,12,8,8,8,8,5,5,9,8,8,9,9,7,9,8,8,9,9,9,8,7,7,9,9,7,10,9,9,9,9,8,9,9,8,10,9,9,8,8,8,7,7,7,5,5,8,7,9,8,6,8,8,8,5,5,6,6,7,8,7,10,10,10
sf,svn,xradar,/trunk/xradar/src/main/java/org/sourceforge/xradar/results/AnalysingProcess.java,clean,java,IssueTrue,2979,32,1245,12,8,4,7,6,3,10,9,9,8,6,5,4,8,5,5,9,9,9,10,10,9,6,5,4,8,7,8,8,7,7,8,7,6,6,4,4,8,8,8,10,10,10,8,7,8,6,6,7,8,7,8,7,8,8,9,8,6,7,7,6,7,7
sf,svn,xradar,/trunk/xradar/src/main/java/org/sourceforge/xradar/statics/MergeProduct.java,clean,java,IssueTrue,2979,32,1245,12,7,6,5,7,5,9,8,8,7,6,5,4,9,6,6,9,9,9,5,4,4,6,5,4,9,9,9,9,8,8,9,8,8,9,9,8,8,8,8,9,9,9,4,6,7,5,6,7,3,4,5,4,5,3,3,2,5,5,5,3,3,4
sf,svn,xradar,/trunk/xradar/src/main/java/org/sourceforge/xradar/statics/MergeReportEngine.java,buggy,java,IssueTrue,2979,32,1245,12,8,8,8,8,5,7,10,9,9,9,9,7,9,8,8,10,10,10,10,9,9,9,9,7,9,8,9,9,9,8,9,9,8,9,9,9,9,9,9,9,9,9,7,8,9,5,7,7,7,8,9,8,5,7,7,8,8,8,9,6,6,8
sf,svn,xradar,/trunk/xradar/src/main/java/org/sourceforge/xradar/statics/Report.java,clean,java,IssueTrue,2979,32,1245,12,6,8,5,8,6,7,9,8,7,6,5,4,9,7,6,9,9,9,4,3,3,6,5,4,9,8,9,9,9,8,9,9,8,10,9,9,8,8,8,7,7,7,4,5,7,5,6,7,2,3,5,6,8,4,5,5,7,7,7,4,5,5
sf,svn,xradar,/trunk/xradar/src/main/java/org/sourceforge/xradar/statics/Statics.java,buggy,java,IssueTrue,2979,32,1245,12,8,7,8,6,4,7,8,8,7,10,10,8,10,9,9,10,10,10,10,10,9,10,10,8,8,7,8,8,7,7,8,7,6,8,7,6,9,9,9,10,9,9,6,6,7,9,9,8,8,8,8,10,5,5,8,8,10,10,10,6,7,8
sf,svn,xradar,/trunk/xradar/src/main/java/org/sourceforge/xradar/statics/renderers/XslHtmlWebsite.java,clean,java,IssueTrue,2979,32,1245,12,7,5,7,4,4,9,7,6,5,10,10,9,10,9,9,9,9,9,10,9,9,10,10,9,8,7,7,5,4,4,5,4,4,4,3,3,8,8,8,9,9,9,8,7,5,10,10,7,10,8,7,4,5,6,6,5,6,5,6,3,4,4
sf,svn,xradar,/trunk/xradar/src/main/java/org/sourceforge/xradar/util/FileUtils.java,buggy,java,IssueTrue,2979,32,1245,12,7,8,6,6,6,9,9,8,7,6,5,4,8,5,5,9,9,9,8,7,6,6,5,4,6,4,6,2,2,2,8,7,6,8,8,7,8,8,8,9,8,8,7,6,8,5,5,6,6,6,7,8,8,4,5,5,5,6,6,6,8,8
sf,svn,xradar,/trunk/xradar/src/main/java/org/sourceforge/xradar/util/StreamUtils.java,clean,java,IssueTrue,2979,32,1245,12,8,8,7,7,5,9,9,9,8,6,5,4,8,6,6,9,9,9,9,9,8,6,5,4,6,4,6,2,2,2,9,8,7,9,9,8,8,8,8,9,8,8,7,6,8,8,7,8,5,4,7,8,5,7,8,8,5,6,6,3,5,5
sf,svn,xradar,/trunk/xradar/src/main/java/org/sourceforge/xradar/util/URLUtils.java,clean,java,IssueTrue,2979,32,1245,12,3,5,2,3,6,5,5,4,4,6,5,4,7,3,3,9,9,9,6,5,5,6,5,4,6,4,6,1,1,1,4,3,3,6,4,4,8,8,8,7,7,7,6,4,4,7,5,4,5,3,4,3,5,10,8,7,6,5,5,6,5,4
sf,svn,xradar,/trunk/xradar/src/main/java/org/sourceforge/xradar/util/XRadarUtils.java,clean,java,IssueTrue,2979,32,1245,12,3,5,3,3,6,9,5,5,4,6,5,4,7,3,3,9,9,9,4,3,3,6,5,4,6,4,6,2,2,2,4,3,3,4,3,3,8,8,8,9,8,8,7,6,4,6,5,4,5,4,4,6,8,3,3,3,4,4,4,9,9,8
sf,svn,xradar,/trunk/xradar/src/test/java/org/sourceforge/xradar/AbstractTestForCommandLine.java,clean,java,IssueTrue,2979,32,1245,12,3,3,3,3,5,5,5,5,4,6,5,4,7,3,3,9,9,9,6,5,5,6,5,4,8,7,8,4,3,4,4,3,3,4,3,3,9,9,9,7,7,7,7,5,4,5,5,3,5,3,4,4,8,4,4,4,7,7,6,3,4,4
sf,svn,xradar,/trunk/xradar/src/test/java/org/sourceforge/xradar/results/XPathQueryAnalyserTest.java,buggy,java,IssueTrue,2979,32,1245,12,3,2,3,4,3,5,4,4,3,6,5,4,7,3,3,9,9,9,8,7,6,6,5,4,8,7,7,5,4,4,5,4,4,6,4,4,8,8,8,9,8,8,4,4,3,3,5,3,5,4,4,4,5,5,5,4,6,6,6,3,4,4
