Host,Vcs,Project,File,Buggy,PL,IssueTracking,TLOC,TNF,TNC,TND,LOC,CL,NStmt,NFunc,RCC,MNL,avg_WMC,max_WMC,total_WMC,avg_DIT,max_DIT,total_DIT,avg_RFC,max_RFC,total_RFC,avg_NOC,max_NOC,total_NOC,avg_CBO,max_CBO,total_CBO,avg_DIT.1,max_DIT.1,total_DIT.1,avg_NIV,max_NIV,total_NIV,avg_NIM,max_NIM,total_NIM,avg_NOM,max_NOM,total_NOM,avg_NPBM,max_NPBM,total_NPBM,avg_NPM,max_NPM,total_NPM,avg_NPRM,max_NPRM,total_NPRM,avg_CC,max_CC,total_CC,avg_FANIN,max_FANIN,total_FANIN,avg_FANOUT,max_FANOUT,total_FANOUT,NRev,NFix,avg_AddedLOC,max_AddedLOC,total_AddedLOC,avg_DeletedLOC,max_DeletedLOC,total_DeletedLOC,avg_ModifiedLOC,max_ModifiedLOC,total_ModifiedLOC
sf,svn,yafdotnet,/trunk/yaf_dnn/DotNetNukeModule.ascx.cs,buggy,cs,IssueFalse,39327,311,3033,17,9,7,9,9,2,9,10,9,9,8,8,8,7,5,6,9,9,9,10,10,9,8,8,8,9,9,9,9,8,8,8,8,8,3,2,3,10,10,10,10,10,10,9,9,9,5,5,6,8,9,8,7,9,10,10,10,9,8,8,10,10,10
sf,svn,yafdotnet,/trunk/yaf_dnn/DotNetNukeModuleEdit.ascx.cs,clean,cs,IssueFalse,39327,311,3033,17,6,2,7,7,1,9,7,6,6,8,8,8,6,5,5,9,9,9,9,6,6,8,8,8,7,7,7,9,8,8,7,8,7,3,2,3,10,10,10,10,10,10,5,6,6,3,6,4,3,4,4,4,8,7,6,6,9,8,8,10,9,9
sf,svn,yafdotnet,/trunk/yaf_dnn/DotNetNukeUrlBuilder.cs,buggy,cs,IssueFalse,39327,311,3033,17,2,1,3,4,1,2,3,3,2,7,6,7,5,5,4,9,9,9,7,2,2,7,6,7,7,7,7,5,5,4,3,4,3,6,5,5,9,9,9,8,7,7,5,4,2,3,2,2,4,3,3,8,9,8,8,8,7,8,8,6,7,7
sf,svn,yafdotnet,/trunk/yafsrc/YAF.Classes/YAF.Classes.Config/Config.cs,buggy,cs,IssueFalse,39327,311,3033,17,9,8,9,10,2,6,4,4,3,7,6,7,5,5,4,9,9,9,9,5,4,7,6,7,7,7,7,2,2,2,3,4,3,6,5,5,9,9,9,8,7,7,5,8,9,6,10,9,4,6,9,10,10,9,9,10,8,10,10,9,10,10
sf,svn,yafdotnet,/trunk/yafsrc/YAF.Classes/YAF.Classes.Config/Constants/Constants.cs,buggy,cs,IssueFalse,39327,311,3033,17,4,5,5,2,8,2,1,1,1,7,8,10,5,4,7,9,9,9,6,1,2,7,8,10,7,7,7,2,2,2,1,1,1,3,2,3,9,9,9,8,7,7,1,1,1,2,2,2,1,1,2,8,5,5,6,6,4,5,5,2,2,2
sf,svn,yafdotnet,/trunk/yafsrc/YAF.Classes/YAF.Classes.Config/Constants/ForumPages.cs,buggy,cs,IssueFalse,39327,311,3033,17,7,4,1,2,4,2,1,1,1,5,4,5,4,4,3,9,9,9,6,1,1,5,4,5,7,7,7,2,2,2,1,1,1,3,2,3,9,9,9,8,7,7,1,1,1,2,2,2,1,1,2,8,8,4,5,6,4,5,5,2,3,4
sf,svn,yafdotnet,/trunk/yafsrc/YAF.Classes/YAF.Classes.Config/IUrlBuilder.cs,clean,cs,IssueFalse,39327,311,3033,17,1,6,1,2,10,2,1,1,1,5,4,5,4,4,3,10,10,10,6,1,1,5,4,5,7,7,7,2,2,2,1,1,1,3,2,3,9,9,9,8,7,7,1,1,1,2,2,2,1,1,2,4,5,8,7,7,4,5,5,3,3,3
sf,svn,yafdotnet,/trunk/yafsrc/YAF.Classes/YAF.Classes.Config/Pattern/PageSingleton.cs,clean,cs,IssueFalse,39327,311,3033,17,3,4,4,5,8,6,4,3,3,7,6,7,5,5,4,9,9,9,6,1,1,7,6,7,7,7,7,2,2,2,3,4,3,3,2,3,9,9,9,9,8,8,5,5,4,6,6,4,3,4,3,8,8,7,8,8,7,7,8,3,3,4
sf,svn,yafdotnet,/trunk/yafsrc/YAF.Classes/YAF.Classes.Config/Pattern/SingleClassInstanceFactory.cs,clean,cs,IssueFalse,39327,311,3033,17,2,3,3,4,9,4,3,3,2,7,6,7,5,5,4,9,9,9,7,2,2,7,6,7,8,8,8,5,5,4,3,4,3,6,5,5,9,9,9,8,7,7,5,4,2,5,3,3,7,4,3,7,5,8,8,8,4,5,5,5,5,5
sf,svn,yafdotnet,/trunk/yafsrc/YAF.Classes/YAF.Classes.Config/Pattern/TypeDictionary.cs,clean,cs,IssueFalse,39327,311,3033,17,3,4,4,6,8,4,6,5,5,8,8,8,6,5,4,9,9,9,7,2,2,8,8,8,7,7,7,8,7,7,6,6,6,8,8,7,9,9,9,8,7,7,6,4,5,6,5,4,4,3,4,4,5,8,7,7,4,5,5,5,4,4
sf,svn,yafdotnet,/trunk/yafsrc/YAF.Classes/YAF.Classes.Config/Properties/AssemblyInfo.cs,clean,cs,IssueFalse,39327,311,3033,17,2,3,1,2,9,2,1,1,1,5,4,5,4,4,3,9,9,9,6,1,1,5,4,5,7,7,7,2,2,2,1,1,1,3,2,3,9,9,9,8,7,7,1,1,1,2,2,2,1,1,2,7,5,6,7,7,4,5,5,5,5,5
sf,svn,yafdotnet,/trunk/yafsrc/YAF.Classes/YAF.Classes.Config/UrlBuilder.cs,buggy,cs,IssueFalse,39327,311,3033,17,7,7,8,8,5,10,8,7,7,7,6,7,6,5,4,10,10,10,9,5,5,7,6,7,7,7,7,5,5,4,6,6,6,7,6,6,10,10,10,8,7,7,8,8,8,6,5,6,7,6,7,8,9,10,10,10,10,10,10,9,9,9
sf,svn,yafdotnet,/trunk/yafsrc/YAF.Classes/YAF.Classes.Config/YafBoardSettings.cs,buggy,cs,IssueFalse,39327,311,3033,17,10,8,10,10,1,2,2,2,2,7,6,8,5,5,6,10,10,10,9,7,7,7,6,8,9,10,10,3,5,5,2,4,4,4,5,6,9,9,9,8,7,7,3,3,10,6,10,10,2,5,10,7,5,7,7,7,4,5,5,2,2,2
sf,svn,yafdotnet,/trunk/yafsrc/YAF.Classes/YAF.Classes.Config/YafControlSettings.cs,clean,cs,IssueFalse,39327,311,3033,17,5,4,5,8,5,4,3,3,2,7,6,7,5,4,4,9,9,9,8,3,3,7,6,7,10,10,10,3,3,3,2,2,2,4,4,4,9,9,9,8,7,7,4,5,6,9,9,7,3,4,5,7,5,7,8,7,4,5,5,2,3,3
sf,svn,yafdotnet,/trunk/yafsrc/YAF.Classes/YAF.Classes.Core/BaseModules/BaseForumEditorModule.cs,clean,cs,IssueFalse,39327,311,3033,17,7,5,8,9,4,7,4,5,6,7,9,10,6,6,8,10,10,10,8,3,7,7,9,10,7,9,9,3,5,7,2,5,6,4,6,7,9,9,9,8,7,7,5,5,8,9,8,8,3,5,6,7,5,5,6,6,4,5,5,4,4,4
sf,svn,yafdotnet,/trunk/yafsrc/YAF.Classes/YAF.Classes.Core/BaseModules/IBaseModule.cs,buggy,cs,IssueFalse,39327,311,3033,17,6,4,6,8,5,4,2,3,3,7,8,10,5,6,7,10,10,10,7,3,4,7,8,10,8,9,9,3,5,5,2,4,4,4,5,6,9,9,9,8,7,7,4,4,5,3,4,4,3,4,5,9,5,8,9,9,8,9,9,7,7,8
sf,svn,yafdotnet,/trunk/yafsrc/YAF.Classes/YAF.Classes.Core/BaseModules/MobileThemeModule.cs,clean,cs,IssueFalse,39327,311,3033,17,3,4,3,6,8,4,4,3,3,7,6,7,5,5,4,9,9,9,8,4,4,7,6,7,8,8,8,6,5,5,4,5,4,6,5,5,9,9,9,9,8,8,4,4,4,2,2,3,1,2,2,4,8,3,4,4,7,6,7,6,5,4
sf,svn,yafdotnet,/trunk/yafsrc/YAF.Classes/YAF.Classes.Core/BasePages/AdminPage.cs,clean,cs,IssueFalse,39327,311,3033,17,2,5,2,5,10,4,4,3,3,10,9,9,9,7,8,10,10,10,8,4,4,10,9,9,7,7,7,6,5,5,4,5,4,6,5,5,9,9,9,9,8,8,4,4,3,3,3,2,3,3,3,4,8,3,4,4,4,5,5,5,4,4
sf,svn,yafdotnet,/trunk/yafsrc/YAF.Classes/YAF.Classes.Core/BasePages/ForumPage.cs,buggy,cs,IssueFalse,39327,311,3033,17,9,10,10,10,6,4,8,9,8,8,8,9,7,7,8,10,10,10,10,10,10,8,8,9,10,10,10,9,10,10,8,10,10,9,9,9,10,10,10,10,10,10,4,5,10,10,10,10,4,5,9,10,10,6,8,9,9,10,10,3,6,7
sf,svn,yafdotnet,/trunk/yafsrc/YAF.Classes/YAF.Classes.Core/Context/UserPageBase.cs,buggy,cs,IssueFalse,39327,311,3033,17,10,10,10,10,6,10,9,8,8,7,6,7,6,5,5,10,10,10,10,9,9,7,6,7,9,9,9,8,7,7,7,7,6,4,4,4,10,9,9,10,10,10,6,9,10,10,10,10,4,8,9,9,5,6,8,8,4,5,5,3,4,5
sf,svn,yafdotnet,/trunk/yafsrc/YAF.Classes/YAF.Classes.Core/Context/YafContext.cs,buggy,cs,IssueFalse,39327,311,3033,17,9,10,9,10,7,4,7,6,6,8,8,8,8,6,7,9,9,9,10,10,10,8,8,8,10,10,10,9,8,8,7,7,7,7,6,6,10,10,10,8,7,7,5,5,9,10,10,10,3,4,8,9,8,10,10,10,4,5,5,4,6,6
sf,svn,yafdotnet,/trunk/yafsrc/YAF.Classes/YAF.Classes.Core/Helpers/DynamicConnectionManager.cs,clean,cs,IssueFalse,39327,311,3033,17,2,1,2,3,1,2,1,1,1,8,8,8,6,5,4,9,9,9,7,3,3,8,8,8,7,7,7,2,2,2,1,1,1,3,2,3,9,9,9,8,7,7,6,4,2,2,2,2,7,4,3,4,5,3,4,4,4,5,5,3,3,3
sf,svn,yafdotnet,/trunk/yafsrc/YAF.Classes/YAF.Classes.Core/Helpers/RoleMembershipHelper.cs,clean,cs,IssueFalse,39327,311,3033,17,9,10,9,9,7,10,10,10,10,7,6,7,8,7,7,9,9,9,10,8,8,7,6,7,7,7,7,2,2,2,10,10,9,10,10,9,9,9,9,9,9,9,8,10,10,8,7,9,7,10,9,4,8,9,8,8,4,5,5,2,2,2
sf,svn,yafdotnet,/trunk/yafsrc/YAF.Classes/YAF.Classes.Core/Helpers/UserDataHelper.cs,clean,cs,IssueFalse,39327,311,3033,17,9,2,9,10,1,6,6,5,4,7,6,7,6,5,4,9,9,9,10,8,7,7,6,7,10,10,10,8,7,7,6,6,6,8,7,7,9,9,9,9,8,8,5,6,9,6,9,8,5,5,9,8,8,9,10,9,9,9,9,9,8,9
sf,svn,yafdotnet,/trunk/yafsrc/YAF.Classes/YAF.Classes.Core/Properties/AssemblyInfo.cs,clean,cs,IssueFalse,39327,311,3033,17,2,3,1,2,9,2,1,1,1,5,4,5,4,4,3,9,9,9,6,1,1,5,4,5,7,7,7,2,2,2,1,1,1,3,2,3,9,9,9,8,7,7,1,1,1,2,2,2,1,1,2,4,5,3,4,4,4,5,5,5,4,4
sf,svn,yafdotnet,/trunk/yafsrc/YAF.Classes/YAF.Classes.Core/Services/CreateMail.cs,clean,cs,IssueFalse,39327,311,3033,17,8,8,9,5,5,7,9,8,8,7,6,7,5,5,4,9,9,9,10,9,9,7,6,7,7,7,7,2,2,2,5,6,5,8,7,7,9,9,9,8,7,7,10,9,8,7,5,4,10,9,7,9,8,9,10,10,10,10,10,7,7,8
sf,svn,yafdotnet,/trunk/yafsrc/YAF.Classes/YAF.Classes.Core/Services/PageElementRegister.cs,clean,cs,IssueFalse,39327,311,3033,17,8,10,8,9,8,7,9,9,8,7,6,7,8,7,7,9,9,9,9,7,6,7,6,7,8,8,8,10,10,10,10,10,9,10,10,10,9,9,9,8,7,7,5,7,9,8,8,9,5,4,8,9,8,10,10,10,4,5,5,5,7,7
sf,svn,yafdotnet,/trunk/yafsrc/YAF.Classes/YAF.Classes.Core/Services/YafSendMail.cs,buggy,cs,IssueFalse,39327,311,3033,17,7,9,7,7,8,10,6,5,6,7,8,9,6,5,7,10,10,10,9,6,8,7,8,9,7,7,7,6,7,7,4,6,6,7,8,8,9,9,9,8,7,7,7,8,6,9,7,7,5,7,5,4,5,6,6,6,4,5,5,2,2,2
sf,svn,yafdotnet,/trunk/yafsrc/YAF.Classes/YAF.Classes.Core/Tasks/CleanUpTask.cs,clean,cs,IssueFalse,39327,311,3033,17,4,4,4,5,7,10,5,5,4,10,9,9,7,5,6,9,9,9,7,2,2,10,9,9,8,8,8,5,5,4,3,4,3,6,5,5,9,9,9,8,7,7,7,7,5,4,3,3,4,4,3,4,8,7,6,6,4,5,5,6,5,4
sf,svn,yafdotnet,/trunk/yafsrc/YAF.Classes/YAF.Classes.Core/Tasks/ForumDeleteTask.cs,clean,cs,IssueFalse,39327,311,3033,17,4,3,5,7,6,4,5,4,4,10,10,9,7,6,6,9,9,9,9,5,4,10,10,9,8,8,8,5,5,4,4,5,4,7,6,6,9,9,9,8,7,7,5,5,5,5,5,4,5,5,5,4,5,6,6,6,4,5,5,3,3,3
sf,svn,yafdotnet,/trunk/yafsrc/YAF.Classes/YAF.Classes.Core/Tasks/IBackgroundTask.cs,clean,cs,IssueFalse,39327,311,3033,17,8,4,8,9,2,6,2,4,5,7,9,10,5,5,8,10,10,10,8,5,8,7,9,10,9,10,10,5,6,8,3,6,8,4,6,8,9,9,10,8,7,7,4,4,8,5,7,7,3,5,7,7,9,9,8,8,4,5,5,2,3,3
sf,svn,yafdotnet,/trunk/yafsrc/YAF.Classes/YAF.Classes.Core/Tasks/MailSendTask.cs,clean,cs,IssueFalse,39327,311,3033,17,4,5,5,7,7,4,3,3,4,8,9,9,6,5,7,9,9,9,8,5,6,8,9,9,8,9,9,5,5,7,3,5,6,6,5,7,9,9,9,9,8,8,4,4,4,3,3,3,3,4,4,7,8,3,4,4,4,5,5,3,3,4
sf,svn,yafdotnet,/trunk/yafsrc/YAF.Classes/YAF.Classes.Core/Tasks/MigrateUsersTask.cs,clean,cs,IssueFalse,39327,311,3033,17,3,4,4,5,8,4,5,4,4,10,10,9,7,6,6,9,9,9,9,5,5,10,10,9,7,7,7,5,5,4,4,5,4,7,6,6,9,9,9,8,7,7,6,5,4,4,5,3,5,5,4,7,8,5,6,6,5,6,6,4,4,4
sf,svn,yafdotnet,/trunk/yafsrc/YAF.Classes/YAF.Classes.Core/Tasks/PruneTopicTask.cs,clean,cs,IssueFalse,39327,311,3033,17,5,4,6,8,5,4,5,4,4,10,10,9,7,6,6,9,9,9,9,5,4,10,10,9,9,9,9,5,5,4,4,5,4,7,6,6,9,9,9,8,7,7,4,5,6,5,5,6,4,6,6,7,8,6,6,6,4,5,5,6,6,6
sf,svn,yafdotnet,/trunk/yafsrc/YAF.Classes/YAF.Classes.Core/YAFTaskModule.cs,clean,cs,IssueFalse,39327,311,3033,17,5,7,6,6,8,7,5,5,4,8,8,8,5,5,4,9,9,9,9,5,5,8,8,8,7,7,7,6,5,5,4,5,4,4,4,4,9,9,9,9,9,9,6,5,5,10,8,7,4,4,4,7,9,3,5,5,4,5,5,4,4,4
sf,svn,yafdotnet,/trunk/yafsrc/YAF.Classes/YAF.Classes.Data/DB.cs,buggy,cs,IssueFalse,39327,311,3033,17,10,10,10,10,3,10,10,10,10,7,6,7,10,10,10,9,9,9,10,10,10,7,6,7,7,7,7,2,2,2,10,10,10,10,10,10,9,9,9,10,10,10,4,10,10,8,9,10,5,8,10,10,10,3,4,4,4,5,5,2,2,2
sf,svn,yafdotnet,/trunk/yafsrc/YAF.Classes/YAF.Classes.Data/Flags/FlagsBase.cs,buggy,cs,IssueFalse,39327,311,3033,17,5,9,7,9,10,4,8,7,6,8,8,8,7,5,6,10,10,10,9,5,5,8,8,8,8,8,8,8,7,7,8,8,8,9,9,9,9,9,9,8,7,7,5,5,7,7,8,7,3,3,6,4,5,8,7,7,4,5,5,2,2,2
sf,svn,yafdotnet,/trunk/yafsrc/YAF.Classes/YAF.Classes.Data/Flags/TopicFlags.cs,buggy,cs,IssueFalse,39327,311,3033,17,4,8,5,9,9,2,5,5,4,10,9,9,8,7,7,10,10,10,7,2,2,10,9,9,7,7,7,8,7,7,7,7,7,9,8,8,9,9,9,8,7,7,3,3,6,6,8,7,2,2,5,4,5,8,7,7,6,6,6,5,4,4
sf,svn,yafdotnet,/trunk/yafsrc/YAF.Classes/YAF.Classes.Data/Properties/AssemblyInfo.cs,clean,cs,IssueFalse,39327,311,3033,17,2,3,1,2,9,2,1,1,1,5,4,5,4,4,3,9,9,9,6,1,1,5,4,5,7,7,7,2,2,2,1,1,1,3,2,3,9,9,9,8,7,7,1,1,1,2,2,2,1,1,2,7,5,6,7,7,4,5,5,5,5,5
sf,svn,yafdotnet,/trunk/yafsrc/YAF.Classes/YAF.Classes.Data/YafDBAccess.cs,clean,cs,IssueFalse,39327,311,3033,17,10,10,10,10,5,10,7,9,9,7,8,10,6,7,10,10,10,10,8,8,10,7,8,10,7,8,10,8,9,10,7,10,10,9,10,10,9,9,9,8,7,7,5,6,10,10,10,10,4,5,9,10,8,10,10,10,9,10,10,6,8,8
sf,svn,yafdotnet,/trunk/yafsrc/YAF.Classes/YAF.Classes.UI/BBCode/YafBBCode.cs,buggy,cs,IssueFalse,39327,311,3033,17,9,10,10,8,6,9,10,9,9,7,6,7,7,6,6,9,9,9,10,10,10,7,6,7,7,7,7,3,3,3,9,9,9,10,9,9,10,9,9,9,8,8,8,8,9,10,10,8,8,8,8,4,5,3,4,4,4,5,5,6,5,5
sf,svn,yafdotnet,/trunk/yafsrc/YAF.Classes/YAF.Classes.UI/ClientSide/SmartScroller.cs,buggy,cs,IssueFalse,39327,311,3033,17,6,4,5,6,5,2,4,4,3,8,8,8,6,5,4,9,9,9,9,5,5,8,8,8,9,9,9,8,7,7,6,6,6,7,6,6,10,10,10,8,7,7,3,3,3,3,3,3,5,5,4,4,5,7,6,6,10,10,10,9,7,7
sf,svn,yafdotnet,/trunk/yafsrc/YAF.Classes/YAF.Classes.UI/FormatMsg.cs,buggy,cs,IssueFalse,39327,311,3033,17,8,9,8,7,6,7,8,7,7,7,6,7,6,5,5,9,9,9,10,10,10,7,6,7,7,7,7,2,2,2,7,8,7,9,9,8,9,9,9,8,7,7,7,7,7,8,5,7,9,8,8,7,5,4,5,5,10,10,10,6,6,6
sf,svn,yafdotnet,/trunk/yafsrc/YAF.Classes/YAF.Classes.UI/Properties/AssemblyInfo.cs,clean,cs,IssueFalse,39327,311,3033,17,2,3,1,2,9,2,1,1,1,5,4,5,4,4,3,9,9,9,6,1,1,5,4,5,7,7,7,2,2,2,1,1,1,3,2,3,9,9,9,8,7,7,1,1,1,2,2,2,1,1,2,7,5,6,7,7,4,5,5,5,5,5
sf,svn,yafdotnet,/trunk/yafsrc/YAF.Classes/YAF.Classes.UnitTests/Properties/AssemblyInfo.cs,clean,cs,IssueFalse,39327,311,3033,17,1,3,1,2,10,2,1,1,1,5,4,5,4,4,3,9,9,9,6,1,1,5,4,5,7,7,7,2,2,2,1,1,1,3,2,3,9,9,9,8,7,7,1,1,1,2,2,2,1,1,2,4,5,3,4,4,4,5,5,5,4,4
sf,svn,yafdotnet,/trunk/yafsrc/YAF.Classes/YAF.Classes.UnitTests/ProviderTests.cs,clean,cs,IssueFalse,39327,311,3033,17,4,1,5,6,1,2,4,4,3,7,6,7,6,5,4,9,9,9,7,3,3,7,6,7,7,7,7,8,7,7,6,6,6,8,8,7,9,9,9,8,7,7,3,3,3,3,2,3,3,2,3,8,5,3,4,4,5,6,6,2,3,4
sf,svn,yafdotnet,/trunk/yafsrc/YAF.Classes/YAF.Classes.UnitTests/UtilTests.cs,clean,cs,IssueFalse,39327,311,3033,17,3,1,4,4,1,2,2,2,2,7,6,7,5,5,4,9,9,9,8,3,3,7,6,7,7,7,7,5,5,4,3,4,3,6,5,5,9,9,9,8,7,7,3,3,2,3,2,2,7,5,3,8,5,7,8,8,5,6,6,2,2,2
sf,svn,yafdotnet,/trunk/yafsrc/YAF.Classes/YAF.Classes.Utils/General.cs,buggy,cs,IssueFalse,39327,311,3033,17,6,8,7,8,7,6,8,7,6,7,6,7,7,5,6,9,9,9,9,7,7,7,6,7,7,7,7,2,2,2,8,8,8,9,9,9,9,9,9,8,7,7,5,5,6,6,7,6,3,4,5,10,9,8,9,9,10,10,10,4,6,7
sf,svn,yafdotnet,/trunk/yafsrc/YAF.Classes/YAF.Classes.Utils/Helpers/ControlHelper.cs,clean,cs,IssueFalse,39327,311,3033,17,7,6,8,9,4,9,9,9,8,7,6,7,8,7,7,9,9,9,9,6,5,7,6,7,7,7,7,2,2,2,9,9,9,10,10,9,9,9,9,8,7,7,6,6,8,8,7,8,3,3,6,7,5,10,9,9,4,5,5,5,5,5
sf,svn,yafdotnet,/trunk/yafsrc/YAF.Classes/YAF.Classes.Utils/Helpers/JsAndCssHelper.cs,clean,cs,IssueFalse,39327,311,3033,17,2,5,2,4,10,2,2,2,2,7,6,7,5,5,4,9,9,9,6,1,1,7,6,7,7,7,7,2,2,2,3,4,3,6,5,5,9,9,9,8,7,7,3,3,2,6,4,3,2,2,2,4,8,8,7,7,6,6,6,5,4,4
sf,svn,yafdotnet,/trunk/yafsrc/YAF.Classes/YAF.Classes.Utils/Helpers/StringHelper.cs,clean,cs,IssueFalse,39327,311,3033,17,7,9,8,8,8,7,9,8,7,7,6,7,7,6,6,9,9,9,9,7,7,7,6,7,7,7,7,2,2,2,8,9,8,10,9,9,9,9,9,8,7,7,6,6,8,6,5,6,5,5,6,9,8,9,9,10,4,5,5,7,8,9
sf,svn,yafdotnet,/trunk/yafsrc/YAF.Classes/YAF.Classes.Utils/Helpers/TypeHelper.cs,buggy,cs,IssueFalse,39327,311,3033,17,7,6,7,8,5,6,9,8,8,7,6,7,7,6,6,9,9,9,9,7,7,7,6,7,7,7,7,2,2,2,8,8,8,10,9,9,9,9,9,8,7,7,7,7,8,6,6,6,4,5,6,9,5,9,9,10,4,5,5,2,4,4
sf,svn,yafdotnet,/trunk/yafsrc/YAF.Classes/YAF.Classes.Utils/Helpers/UserAgentHelper.cs,clean,cs,IssueFalse,39327,311,3033,17,4,7,4,5,8,4,5,4,4,7,6,7,5,5,4,9,9,9,7,2,2,7,6,7,7,7,7,2,2,2,4,5,4,7,6,6,9,9,9,8,7,7,6,4,4,4,3,3,5,4,4,7,8,9,8,9,8,8,8,7,7,7
sf,svn,yafdotnet,/trunk/yafsrc/YAF.Classes/YAF.Classes.Utils/Helpers/ValidationHelper.cs,clean,cs,IssueFalse,39327,311,3033,17,2,3,3,5,9,2,3,3,2,7,6,7,5,5,4,9,9,9,7,3,3,7,6,7,7,7,7,2,2,2,4,5,4,7,6,6,9,9,9,8,7,7,3,3,2,6,4,4,2,2,3,4,5,10,9,9,4,5,5,5,4,4
sf,svn,yafdotnet,/trunk/yafsrc/YAF.Classes/YAF.Classes.Utils/Properties/AssemblyInfo.cs,clean,cs,IssueFalse,39327,311,3033,17,2,3,1,2,9,2,1,1,1,5,4,5,4,4,3,9,9,9,6,1,1,5,4,5,7,7,7,2,2,2,1,1,1,3,2,3,9,9,9,8,7,7,1,1,1,2,2,2,1,1,2,8,5,5,7,7,4,5,5,5,5,6
sf,svn,yafdotnet,/trunk/yafsrc/YAF.Classes/YAF.Classes.Utils/Security.cs,clean,cs,IssueFalse,39327,311,3033,17,3,6,4,5,9,4,5,4,4,7,6,7,5,5,4,9,9,9,9,5,4,7,6,7,7,7,7,2,2,2,4,5,4,7,6,6,9,9,9,8,7,7,6,4,4,10,9,5,3,3,3,4,5,4,5,5,4,5,5,3,3,3
sf,svn,yafdotnet,/trunk/yafsrc/YAF.Classes/YAF.Classes.Utils/URLBuilder/RewriteUrlBuilder.cs,buggy,cs,IssueFalse,39327,311,3033,17,9,8,10,9,3,9,10,9,9,7,6,7,8,6,7,9,9,9,10,8,8,7,6,7,8,8,8,10,9,9,9,9,9,6,5,5,10,10,10,10,10,10,8,9,9,8,7,8,9,9,9,4,8,7,7,6,4,5,5,5,4,4
sf,svn,yafdotnet,/trunk/yafsrc/YAF.Classes/YAF.Classes.Utils/YafBuildLink.cs,buggy,cs,IssueFalse,39327,311,3033,17,5,10,5,9,10,2,8,7,6,7,6,7,8,6,7,9,9,9,9,5,4,7,6,7,7,7,7,2,2,2,9,9,9,10,10,9,9,9,9,8,7,7,4,4,6,10,10,10,4,4,6,7,5,10,10,9,4,5,5,7,6,7
sf,svn,yafdotnet,/trunk/yafsrc/YAF.Classes/YAF.Classes.Utils/YafForumInfo.cs,clean,cs,IssueFalse,39327,311,3033,17,7,9,6,8,8,7,5,4,4,7,6,7,5,5,4,9,9,9,9,5,5,7,6,7,7,7,7,2,2,2,3,4,3,6,5,5,9,9,9,8,7,7,4,6,6,10,10,9,3,4,5,7,5,9,9,8,10,10,10,8,7,7
sf,svn,yafdotnet,/trunk/yafsrc/YAF.Controls/ActiveUsers.cs,buggy,cs,IssueFalse,39327,311,3033,17,6,4,7,7,4,9,7,6,6,10,9,9,7,6,6,9,9,9,10,8,8,10,9,9,8,8,8,6,5,5,4,5,4,4,4,4,10,9,9,9,8,8,8,7,7,4,4,4,7,9,6,4,5,4,5,5,4,5,5,3,3,3
sf,svn,yafdotnet,/trunk/yafsrc/YAF.Controls/AlphaSort.cs,buggy,cs,IssueFalse,39327,311,3033,17,5,5,6,5,6,6,5,4,4,10,9,9,7,6,6,9,9,9,10,7,7,10,9,9,7,7,7,6,5,5,4,5,4,4,4,4,10,9,9,9,8,8,7,6,5,3,2,3,3,5,3,4,5,4,5,5,4,5,5,3,3,3
sf,svn,yafdotnet,/trunk/yafsrc/YAF.Controls/CollapsibleImage.cs,clean,cs,IssueFalse,39327,311,3033,17,6,4,7,9,4,4,5,5,4,8,8,8,6,5,4,9,9,9,9,6,5,8,8,8,7,7,7,8,7,7,6,6,6,4,4,4,10,10,10,8,7,7,5,5,7,4,5,5,3,4,6,4,5,5,5,5,4,5,5,2,2,2
sf,svn,yafdotnet,/trunk/yafsrc/YAF.Controls/DataPanel.cs,clean,cs,IssueFalse,39327,311,3033,17,10,10,10,10,9,7,10,10,10,8,8,8,8,7,7,9,9,9,10,9,9,8,8,8,10,10,10,10,10,9,9,9,9,7,6,6,10,10,10,10,10,10,7,10,10,6,8,9,4,8,9,4,5,3,4,4,4,5,5,3,3,3
sf,svn,yafdotnet,/trunk/yafsrc/YAF.Controls/Footer.cs,buggy,cs,IssueFalse,39327,311,3033,17,6,5,7,6,5,10,7,6,6,10,9,9,7,6,6,9,9,9,10,8,8,10,9,9,8,8,8,5,5,4,3,4,3,3,2,3,10,10,10,8,7,7,8,8,7,3,3,3,8,9,6,8,9,8,8,8,8,9,9,5,6,6
sf,svn,yafdotnet,/trunk/yafsrc/YAF.Controls/ForumJump.cs,buggy,cs,IssueFalse,39327,311,3033,17,5,4,6,7,5,4,7,6,6,10,9,9,8,6,7,9,9,9,10,8,8,10,9,9,7,7,7,8,7,7,6,6,6,6,5,5,10,10,10,9,8,8,7,7,6,4,4,4,5,7,5,7,5,4,5,5,4,5,5,5,5,5
sf,svn,yafdotnet,/trunk/yafsrc/YAF.Controls/GotoPageForm.cs,buggy,cs,IssueFalse,39327,311,3033,17,7,2,8,9,1,6,4,5,5,9,9,10,6,6,8,9,9,9,9,8,8,9,9,10,10,10,10,6,7,8,4,7,7,4,4,5,10,10,10,9,9,9,4,5,7,4,7,6,4,5,6,4,8,9,8,8,4,5,5,7,6,5
sf,svn,yafdotnet,/trunk/yafsrc/YAF.Controls/Header.cs,buggy,cs,IssueFalse,39327,311,3033,17,7,6,8,8,4,7,9,8,8,10,9,9,8,6,7,9,9,9,10,9,8,10,9,9,9,9,9,7,6,6,5,6,5,4,4,4,10,10,10,8,7,7,8,9,8,3,3,5,7,10,7,7,5,8,8,8,4,5,5,6,6,6
sf,svn,yafdotnet,/trunk/yafsrc/YAF.Controls/HelpMenu.cs,clean,cs,IssueFalse,39327,311,3033,17,3,7,4,4,10,4,4,3,3,10,9,9,7,6,6,9,9,9,7,3,3,10,9,9,7,7,7,5,5,4,3,4,3,4,4,4,10,9,9,8,7,7,6,5,3,2,2,2,5,4,3,4,5,4,5,5,4,5,5,8,7,7
sf,svn,yafdotnet,/trunk/yafsrc/YAF.Controls/LocalizedLabel.cs,clean,cs,IssueFalse,39327,311,3033,17,5,5,7,9,6,7,5,5,4,10,9,9,7,6,6,9,9,9,9,5,4,10,9,9,10,10,10,6,5,5,4,5,4,4,4,4,10,10,10,8,7,7,4,6,7,5,5,7,3,6,6,4,5,3,4,4,4,5,5,5,4,4
sf,svn,yafdotnet,/trunk/yafsrc/YAF.Controls/MessageAttached.cs,clean,cs,IssueFalse,39327,311,3033,17,7,6,8,7,4,10,8,7,7,10,9,9,7,6,6,9,9,9,10,8,7,10,9,9,9,9,9,6,5,5,4,5,4,4,4,4,10,10,10,8,7,7,8,9,7,5,4,5,8,9,7,8,5,8,8,8,7,7,7,9,9,9
sf,svn,yafdotnet,/trunk/yafsrc/YAF.Controls/MessageBase.cs,clean,cs,IssueFalse,39327,311,3033,17,4,6,6,5,7,4,4,4,3,10,9,9,7,6,6,10,10,10,9,7,7,10,9,9,7,7,7,6,5,5,4,5,4,4,4,4,10,10,10,8,7,7,5,4,3,8,7,4,6,6,4,4,5,3,4,4,4,5,5,5,4,4
sf,svn,yafdotnet,/trunk/yafsrc/YAF.Controls/MessagePostData.cs,buggy,cs,IssueFalse,39327,311,3033,17,8,6,8,9,3,10,8,7,7,8,8,8,5,5,4,9,9,9,10,8,7,8,8,8,9,9,9,6,5,5,5,6,5,6,5,5,10,10,10,8,7,7,7,8,9,4,7,6,6,6,7,9,9,7,8,8,8,9,9,8,9,9
sf,svn,yafdotnet,/trunk/yafsrc/YAF.Controls/PageLinks.cs,clean,cs,IssueFalse,39327,311,3033,17,7,5,7,8,4,7,8,7,7,10,9,9,8,6,7,9,9,9,9,6,5,10,9,9,7,7,7,8,7,7,7,7,6,8,8,7,10,9,9,8,7,7,7,7,8,9,9,7,4,6,6,4,5,4,5,5,4,5,5,3,3,3
sf,svn,yafdotnet,/trunk/yafsrc/YAF.Controls/Pager.cs,buggy,cs,IssueFalse,39327,311,3033,17,9,7,10,9,2,6,9,9,8,10,9,9,8,7,7,9,9,9,10,9,9,10,9,9,10,10,10,9,9,8,8,8,8,6,5,5,10,10,10,10,10,10,7,8,9,7,6,8,6,8,9,9,9,9,10,9,7,8,8,4,6,7
sf,svn,yafdotnet,/trunk/yafsrc/YAF.Controls/PopMenu.cs,clean,cs,IssueFalse,39327,311,3033,17,7,4,8,9,3,6,4,6,6,8,9,10,6,7,8,9,9,9,8,7,8,8,9,10,9,9,10,6,8,8,4,8,8,6,8,8,9,9,9,9,8,8,4,6,8,5,5,7,3,6,7,7,5,3,4,4,4,5,5,3,3,4
sf,svn,yafdotnet,/trunk/yafsrc/YAF.Controls/ProfileMenu.cs,buggy,cs,IssueFalse,39327,311,3033,17,3,4,5,3,8,4,4,3,3,10,9,9,7,6,6,9,9,9,9,5,4,10,9,9,7,7,7,3,3,3,2,2,2,3,2,3,10,9,9,8,7,7,9,6,3,3,2,2,10,7,4,8,5,3,5,5,4,5,5,6,7,7
sf,svn,yafdotnet,/trunk/yafsrc/YAF.Controls/Properties/AssemblyInfo.cs,clean,cs,IssueFalse,39327,311,3033,17,2,3,1,2,9,2,1,1,1,5,4,5,4,4,3,9,9,9,6,1,1,5,4,5,7,7,7,2,2,2,1,1,1,3,2,3,9,9,9,8,7,7,1,1,1,2,2,2,1,1,2,8,5,5,7,6,4,5,5,3,4,5
sf,svn,yafdotnet,/trunk/yafsrc/YAF.Controls/Statistics/ActiveDiscussions.cs,buggy,cs,IssueFalse,39327,311,3033,17,4,5,5,5,7,4,4,3,3,10,9,9,7,6,6,9,9,9,10,9,8,10,9,9,8,8,8,5,5,4,3,4,3,4,4,4,10,9,9,8,7,7,5,5,4,4,4,3,8,8,5,7,5,3,4,4,6,7,7,6,5,6
sf,svn,yafdotnet,/trunk/yafsrc/YAF.Controls/Statistics/MostActiveUser.cs,buggy,cs,IssueFalse,39327,311,3033,17,4,5,6,7,7,4,4,3,3,10,9,9,7,6,6,9,9,9,10,7,7,10,9,9,9,9,9,5,5,4,3,4,3,4,4,4,10,9,9,8,7,7,4,5,4,4,3,4,5,7,5,7,5,4,6,6,4,5,5,7,6,7
sf,svn,yafdotnet,/trunk/yafsrc/YAF.Controls/ThemeButton.cs,clean,cs,IssueFalse,39327,311,3033,17,8,9,9,10,5,9,9,8,8,10,9,9,8,7,7,9,9,9,10,7,7,10,9,9,9,9,9,9,8,8,7,7,7,4,4,4,10,10,10,9,9,9,5,8,10,4,4,8,3,8,8,7,5,3,5,5,4,5,5,5,5,5
sf,svn,yafdotnet,/trunk/yafsrc/YAF.Controls/TopicLine.cs,clean,cs,IssueFalse,39327,311,3033,17,9,8,10,9,2,10,10,10,9,10,9,9,9,7,8,9,9,9,10,10,10,10,9,9,9,9,9,10,9,9,9,9,9,3,2,3,10,10,10,10,10,10,8,9,10,5,5,7,9,10,9,9,8,9,9,9,7,8,8,10,10,10
sf,svn,yafdotnet,/trunk/yafsrc/YAF.Controls/UserBox.cs,buggy,cs,IssueFalse,39327,311,3033,17,9,9,10,10,3,9,10,9,8,10,9,9,9,7,8,9,9,9,10,10,10,10,9,9,10,10,10,10,9,9,9,9,9,4,4,4,10,10,10,10,10,10,7,8,9,7,8,8,9,8,10,10,5,8,9,9,9,10,10,10,10,10
sf,svn,yafdotnet,/trunk/yafsrc/YAF.Controls/UserLink.cs,buggy,cs,IssueFalse,39327,311,3033,17,8,7,8,9,5,7,7,6,5,10,9,9,7,6,6,9,9,9,9,5,4,10,9,9,7,7,7,5,5,4,3,4,3,4,4,4,10,9,9,8,7,7,6,8,8,5,5,7,4,8,7,7,5,9,9,9,8,8,8,9,8,8
sf,svn,yafdotnet,/trunk/yafsrc/YAF.Providers/Membership/DB.cs,buggy,cs,IssueFalse,39327,311,3033,17,9,7,9,9,2,7,6,7,7,7,8,9,7,7,8,9,9,9,9,7,8,7,8,9,7,8,8,9,10,9,7,9,9,9,10,9,9,9,9,8,7,7,4,4,7,10,9,9,4,4,7,9,8,9,9,9,8,9,9,9,9,10
sf,svn,yafdotnet,/trunk/yafsrc/YAF.Providers/Membership/UserPasswordInfo.cs,buggy,cs,IssueFalse,39327,311,3033,17,7,8,8,9,7,4,4,4,3,7,6,7,5,5,4,9,9,9,9,6,6,7,6,7,10,10,10,6,5,5,5,6,5,8,7,7,9,9,9,8,7,7,3,4,7,8,9,9,5,8,8,4,5,3,4,4,4,5,5,10,9,9
sf,svn,yafdotnet,/trunk/yafsrc/YAF.Providers/Membership/YafMembershipProvider.cs,buggy,cs,IssueFalse,39327,311,3033,17,10,10,10,10,7,7,10,10,10,8,8,8,9,8,8,9,9,9,10,9,9,8,8,8,10,10,10,10,10,10,10,10,10,10,10,10,9,9,9,10,10,10,8,8,10,8,9,10,8,9,10,10,10,6,9,8,4,5,5,10,10,10
sf,svn,yafdotnet,/trunk/yafsrc/YAF.Providers/Profile/DB.cs,buggy,cs,IssueFalse,39327,311,3033,17,8,6,9,8,3,10,6,7,6,7,8,9,6,5,7,9,9,9,9,8,8,7,8,9,7,8,8,7,9,8,5,8,8,8,9,9,9,9,9,8,7,7,5,6,7,9,7,8,5,4,7,8,8,9,9,9,7,8,8,9,8,9
sf,svn,yafdotnet,/trunk/yafsrc/YAF.Providers/Profile/YafProfileProvider.cs,buggy,cs,IssueFalse,39327,311,3033,17,9,9,10,10,4,9,9,10,10,7,8,9,7,7,8,9,9,9,10,10,10,7,8,9,10,10,10,9,10,10,8,10,10,9,9,9,10,10,10,10,10,10,8,8,10,8,7,9,8,7,9,8,8,8,9,8,8,8,8,9,9,9
sf,svn,yafdotnet,/trunk/yafsrc/YAF.Providers/Properties/AssemblyInfo.cs,buggy,cs,IssueFalse,39327,311,3033,17,2,3,1,2,9,2,1,1,1,5,4,5,4,4,3,9,9,9,6,1,1,5,4,5,7,7,7,2,2,2,1,1,1,3,2,3,9,9,9,8,7,7,1,1,1,2,2,2,1,1,2,8,5,5,6,6,5,6,7,5,5,6
sf,svn,yafdotnet,/trunk/yafsrc/YAF.Providers/Roles/DB.cs,buggy,cs,IssueFalse,39327,311,3033,17,7,9,8,8,7,4,4,5,5,7,8,9,6,5,7,9,9,9,8,5,7,7,8,9,7,8,8,7,9,8,5,8,8,8,9,9,9,9,9,8,7,7,3,4,6,9,8,8,4,4,6,8,8,10,10,10,10,10,10,10,9,10
sf,svn,yafdotnet,/trunk/yafsrc/YAF.Providers/Roles/YafRoleProvider.cs,buggy,cs,IssueFalse,39327,311,3033,17,8,10,9,9,8,6,10,9,9,8,8,8,8,6,7,9,9,9,10,8,8,8,8,8,9,9,9,10,9,9,9,9,9,10,9,9,9,9,9,10,9,9,7,6,9,6,8,7,8,7,9,8,8,8,9,8,8,9,9,7,7,8
sf,svn,yafdotnet,/trunk/yafsrc/YAF.Providers/Utils/ExceptionReporter.cs,buggy,cs,IssueFalse,39327,311,3033,17,4,7,5,7,9,4,6,5,5,7,6,7,6,5,5,9,9,9,9,7,6,7,6,7,7,7,7,2,2,2,7,7,7,9,8,8,9,9,9,9,8,8,4,4,5,10,10,8,5,5,6,4,5,4,5,5,8,7,7,2,2,2
sf,svn,yafdotnet,/trunk/yafsrc/YetAnotherForum.NET/App_Code/YAF/Editors/FCKEditor.cs,clean,cs,IssueFalse,39327,311,3033,17,7,4,8,9,2,4,4,4,5,10,10,10,8,7,9,9,9,9,9,5,8,10,10,10,7,7,7,6,6,8,4,6,7,4,4,5,10,10,10,8,7,7,5,4,8,5,5,7,5,5,7,4,8,3,4,4,7,7,7,8,6,6
sf,svn,yafdotnet,/trunk/yafsrc/YetAnotherForum.NET/App_Code/YAF/Editors/FreeTextBoxEditor.cs,clean,cs,IssueFalse,39327,311,3033,17,7,4,7,8,3,4,4,4,4,10,10,10,9,7,9,10,10,10,9,6,7,10,10,10,7,7,7,6,6,7,4,6,6,4,4,5,10,10,10,8,7,7,4,4,7,4,5,5,4,4,6,4,8,3,4,4,8,7,8,7,6,6
sf,svn,yafdotnet,/trunk/yafsrc/YetAnotherForum.NET/App_Code/YAF/Editors/TelerikRadEditor.cs,clean,cs,IssueFalse,39327,311,3033,17,6,4,6,7,4,6,5,5,4,10,10,10,8,7,7,9,9,9,9,6,5,10,10,10,7,7,7,7,6,6,5,6,5,4,4,4,10,10,10,8,7,7,5,5,6,5,5,5,4,6,5,4,8,3,4,4,6,6,6,7,6,5
sf,svn,yafdotnet,/trunk/yafsrc/YetAnotherForum.NET/App_Code/YAF/Editors/TinyMce.cs,clean,cs,IssueFalse,39327,311,3033,17,7,3,7,9,2,2,2,2,4,10,10,10,8,7,10,10,10,10,8,4,7,10,10,10,7,7,7,5,5,8,3,5,7,3,2,3,10,10,10,8,7,7,1,3,7,2,4,3,3,4,6,4,8,3,4,4,6,6,6,7,6,5
sf,svn,yafdotnet,/trunk/yafsrc/YetAnotherForum.NET/App_Code/YAF/Editors/YafBBCodeEditor.cs,clean,cs,IssueFalse,39327,311,3033,17,7,6,8,7,4,7,6,5,5,10,10,10,8,7,7,9,9,9,10,7,7,10,10,10,8,8,8,7,6,6,5,6,5,3,2,3,10,10,10,9,8,8,6,7,6,5,6,5,7,8,6,4,8,5,5,5,4,5,5,3,3,3
sf,svn,yafdotnet,/trunk/yafsrc/YetAnotherForum.NET/App_Code/YAF/Editors/YafTextEditor.cs,clean,cs,IssueFalse,39327,311,3033,17,6,4,6,8,5,2,3,3,2,10,10,9,8,6,7,10,10,10,9,6,5,10,10,9,8,8,8,6,5,5,4,5,4,3,2,3,10,10,10,8,7,7,3,3,5,4,6,5,3,5,5,4,8,4,5,5,7,7,7,8,6,6
sf,svn,yafdotnet,/trunk/yafsrc/YetAnotherForum.NET/App_Code/YAF/Forum.cs,clean,cs,IssueFalse,39327,311,3033,17,9,9,9,10,5,6,6,8,8,8,8,10,5,5,8,9,9,9,9,10,9,8,8,10,8,10,10,5,8,9,3,8,8,4,5,7,9,9,9,9,10,10,6,8,9,4,5,7,5,8,9,10,9,9,10,10,8,9,10,7,8,9
sf,svn,yafdotnet,/trunk/yafsrc/YetAnotherForum.NET/App_Code/YAF/Modules/PageBBCodeRegistration.cs,clean,cs,IssueFalse,39327,311,3033,17,3,4,3,4,8,4,5,5,4,8,8,8,7,5,6,9,9,9,7,2,2,8,8,8,7,7,7,5,5,4,3,4,3,6,5,5,9,9,9,8,7,7,9,7,4,2,2,2,4,4,3,4,5,4,5,5,4,5,5,2,2,2
sf,svn,yafdotnet,/trunk/yafsrc/YetAnotherForum.NET/App_Code/YAF/Modules/PagePermissionModule.cs,clean,cs,IssueFalse,39327,311,3033,17,3,4,4,5,8,4,5,5,4,8,8,8,7,6,6,9,9,9,9,5,4,8,8,8,7,7,7,6,5,5,4,5,4,6,5,5,9,9,9,9,8,8,7,6,4,2,2,2,5,6,3,7,5,7,8,7,9,9,9,3,4,4
sf,svn,yafdotnet,/trunk/yafsrc/YetAnotherForum.NET/App_Code/YAF/Modules/PagePopupModule.cs,buggy,cs,IssueFalse,39327,311,3033,17,7,6,8,9,5,6,4,5,6,8,8,10,6,6,8,9,9,9,8,6,8,8,8,10,8,9,10,7,8,9,5,7,9,4,6,7,10,10,10,9,9,9,4,5,7,4,4,6,4,7,7,9,5,10,10,10,5,6,6,7,7,8
sf,svn,yafdotnet,/trunk/yafsrc/YetAnotherForum.NET/App_Code/YAF/Modules/PageSecurityModule.cs,clean,cs,IssueFalse,39327,311,3033,17,4,5,4,5,8,6,7,6,5,8,8,8,7,6,6,9,9,9,9,5,5,8,8,8,7,7,7,6,5,5,4,5,4,6,5,5,9,9,9,9,8,8,9,8,5,2,2,2,8,8,4,10,10,6,8,9,5,7,7,5,6,8
sf,svn,yafdotnet,/trunk/yafsrc/YetAnotherForum.NET/App_Code/YAF/Modules/PageTitleModule.cs,buggy,cs,IssueFalse,39327,311,3033,17,6,6,6,7,6,6,8,7,6,8,8,8,8,6,7,9,9,9,10,8,8,8,8,8,8,8,8,8,7,7,7,7,6,7,6,6,9,9,9,10,9,9,7,7,6,3,3,3,7,9,6,10,5,7,9,9,5,6,6,4,5,7
sf,svn,yafdotnet,/trunk/yafsrc/YetAnotherForum.NET/App_Code/YAF/Modules/SimpleBaseModule.cs,clean,cs,IssueFalse,39327,311,3033,17,5,4,6,9,5,2,5,5,4,7,6,7,6,5,5,10,10,10,9,5,4,7,6,7,9,9,9,9,8,8,7,7,7,8,8,7,9,9,9,9,9,9,3,3,6,6,9,7,2,3,4,8,5,9,9,9,10,9,10,5,6,6
sf,svn,yafdotnet,/trunk/yafsrc/YetAnotherForum.NET/App_Code/YAF/RssFeed.cs,clean,cs,IssueFalse,39327,311,3033,17,4,8,5,7,9,2,5,4,4,7,6,7,6,5,5,9,9,9,8,4,4,7,6,7,8,8,8,8,7,7,7,7,6,8,8,7,9,9,9,9,8,8,3,3,4,7,6,6,5,5,5,8,5,3,5,5,6,7,7,5,6,6
sf,svn,yafdotnet,/trunk/yafsrc/YetAnotherForum.NET/App_Code/YAF/Utilities/JavaScriptBlocks.cs,buggy,cs,IssueFalse,39327,311,3033,17,5,4,3,5,5,2,2,1,1,7,6,7,5,4,4,9,9,9,7,3,3,7,6,7,7,7,7,2,2,2,2,2,2,4,4,4,9,9,9,8,7,7,3,3,3,4,4,3,2,4,3,8,8,6,8,7,4,5,5,3,4,4
sf,svn,yafdotnet,/trunk/yafsrc/YetAnotherForum.NET/controls/DisplayAd.ascx.cs,clean,cs,IssueFalse,39327,311,3033,17,3,4,4,5,8,4,3,3,2,10,9,9,5,5,4,9,9,9,9,5,4,10,9,9,8,8,8,5,5,4,3,4,3,3,2,3,10,10,10,8,7,7,4,4,3,3,3,3,4,4,3,4,5,3,4,4,4,5,5,3,3,3
sf,svn,yafdotnet,/trunk/yafsrc/YetAnotherForum.NET/controls/DisplayPost.ascx.cs,buggy,cs,IssueFalse,39327,311,3033,17,10,9,10,10,3,7,10,9,9,10,9,9,8,7,7,9,9,9,10,10,10,10,9,9,10,10,10,10,10,9,9,9,9,3,2,3,10,10,10,10,10,10,7,8,10,6,7,9,8,10,10,10,8,9,10,10,10,10,10,9,10,10
sf,svn,yafdotnet,/trunk/yafsrc/YetAnotherForum.NET/controls/EditUsersAvatar.ascx.cs,clean,cs,IssueFalse,39327,311,3033,17,8,4,9,7,2,10,9,8,8,10,9,9,6,5,5,9,9,9,10,10,9,10,9,9,9,9,9,8,7,7,7,7,6,3,2,3,10,10,10,9,8,8,9,8,8,4,6,5,9,9,8,7,5,9,9,8,4,5,5,5,5,5
sf,svn,yafdotnet,/trunk/yafsrc/YetAnotherForum.NET/controls/EditUsersGroups.ascx.cs,buggy,cs,IssueFalse,39327,311,3033,17,5,8,7,7,9,9,7,6,5,10,9,9,6,5,5,9,9,9,10,9,9,10,9,9,7,7,7,8,7,7,6,6,6,3,2,3,10,10,10,9,8,8,6,7,6,3,3,3,7,8,6,7,5,4,6,6,4,5,5,6,6,6
sf,svn,yafdotnet,/trunk/yafsrc/YetAnotherForum.NET/controls/EditUsersInfo.ascx.cs,clean,cs,IssueFalse,39327,311,3033,17,6,4,7,5,5,6,5,5,4,10,9,9,5,5,4,9,9,9,10,8,8,10,9,9,7,7,7,6,5,5,4,5,4,3,2,3,10,10,10,9,8,8,6,5,4,3,3,3,10,8,6,7,5,4,5,5,4,5,5,10,10,10
sf,svn,yafdotnet,/trunk/yafsrc/YetAnotherForum.NET/controls/EditUsersPoints.ascx.cs,clean,cs,IssueFalse,39327,311,3033,17,4,4,4,7,7,4,6,5,5,10,9,9,6,5,5,9,9,9,8,4,4,10,9,9,7,7,7,8,7,7,6,6,6,3,2,3,10,10,10,9,8,8,5,4,5,4,5,4,5,3,5,4,5,3,4,4,9,8,8,9,7,7
sf,svn,yafdotnet,/trunk/yafsrc/YetAnotherForum.NET/controls/EditUsersProfile.ascx.cs,buggy,cs,IssueFalse,39327,311,3033,17,8,6,9,8,2,6,9,8,8,10,9,9,6,5,5,9,9,9,10,9,9,10,9,9,9,9,9,8,7,7,6,6,6,3,2,3,10,10,10,9,8,8,8,8,8,4,4,4,10,10,9,8,8,4,6,6,4,5,5,7,7,8
sf,svn,yafdotnet,/trunk/yafsrc/YetAnotherForum.NET/controls/EditUsersResetPass.ascx.cs,clean,cs,IssueFalse,39327,311,3033,17,7,5,8,7,4,7,8,7,6,10,9,9,6,5,5,9,9,9,10,8,8,10,9,9,7,7,7,8,7,7,7,7,6,3,2,3,10,10,10,9,8,8,7,6,7,3,3,3,8,8,7,9,9,9,10,9,4,5,5,8,8,9
sf,svn,yafdotnet,/trunk/yafsrc/YetAnotherForum.NET/controls/EditUsersSignature.ascx.cs,buggy,cs,IssueFalse,39327,311,3033,17,7,5,7,9,3,4,7,6,6,10,9,9,7,5,6,9,9,9,10,8,8,10,9,9,9,9,9,9,8,8,7,8,7,3,2,3,10,10,10,10,10,10,5,5,8,4,5,6,5,7,7,4,5,4,5,5,9,8,8,8,6,6
sf,svn,yafdotnet,/trunk/yafsrc/YetAnotherForum.NET/controls/EditUsersSuspend.ascx.cs,buggy,cs,IssueFalse,39327,311,3033,17,7,9,8,8,8,7,8,7,7,10,9,9,6,5,5,9,9,9,10,9,8,10,9,9,7,7,7,8,7,7,7,7,6,3,2,3,10,10,10,9,8,8,7,8,7,3,4,4,7,7,7,7,8,5,6,6,4,5,5,5,5,5
sf,svn,yafdotnet,/trunk/yafsrc/YetAnotherForum.NET/controls/ForumActiveDiscussion.ascx.cs,buggy,cs,IssueFalse,39327,311,3033,17,5,5,6,5,6,6,7,6,5,10,9,9,5,5,4,9,9,9,10,9,9,10,9,9,7,7,7,6,5,5,4,5,4,4,4,4,10,10,10,8,7,7,9,6,5,3,2,2,10,7,6,8,8,4,5,6,8,8,8,7,6,7
sf,svn,yafdotnet,/trunk/yafsrc/YetAnotherForum.NET/controls/ForumCategoryList.ascx.cs,buggy,cs,IssueFalse,39327,311,3033,17,2,1,3,4,1,2,2,2,2,10,9,9,5,5,4,9,9,9,9,5,5,10,9,9,7,7,7,5,5,4,3,4,3,3,2,3,10,10,10,8,7,7,3,3,2,2,2,2,7,5,3,7,8,4,5,5,4,5,5,4,4,4
sf,svn,yafdotnet,/trunk/yafsrc/YetAnotherForum.NET/controls/ForumIconLegend.ascx.cs,clean,cs,IssueFalse,39327,311,3033,17,2,3,3,4,9,2,2,2,2,10,9,9,5,5,4,9,9,9,7,2,2,10,9,9,7,7,7,5,5,4,3,4,3,4,4,4,9,9,9,9,8,8,3,3,2,2,2,2,1,2,2,4,5,5,5,5,4,5,5,3,3,3
sf,svn,yafdotnet,/trunk/yafsrc/YetAnotherForum.NET/controls/ForumLastPost.ascx.cs,buggy,cs,IssueFalse,39327,311,3033,17,5,4,6,5,6,6,5,4,4,10,9,9,5,5,4,9,9,9,10,7,7,10,9,9,8,8,8,5,5,4,3,4,3,4,4,4,9,9,9,9,8,8,6,6,4,3,3,3,7,7,5,4,5,5,5,5,4,5,5,7,6,5
sf,svn,yafdotnet,/trunk/yafsrc/YetAnotherForum.NET/controls/ForumList.ascx.cs,buggy,cs,IssueFalse,39327,311,3033,17,8,7,8,8,4,9,9,8,8,10,9,9,7,6,6,9,9,9,10,10,9,10,9,9,7,7,7,9,9,9,8,9,8,4,4,4,10,10,10,8,7,7,7,7,8,3,3,4,5,6,7,7,8,4,5,5,4,5,5,4,4,4
sf,svn,yafdotnet,/trunk/yafsrc/YetAnotherForum.NET/controls/ForumModeratorList.ascx.cs,clean,cs,IssueFalse,39327,311,3033,17,3,3,4,5,8,4,3,3,2,10,9,9,5,5,4,9,9,9,8,4,4,10,9,9,7,7,7,5,5,4,3,4,3,4,4,4,9,9,9,9,8,8,4,4,3,3,2,2,2,2,2,4,5,3,4,4,4,5,5,3,3,3
sf,svn,yafdotnet,/trunk/yafsrc/YetAnotherForum.NET/controls/ForumProfileAccess.ascx.cs,clean,cs,IssueFalse,39327,311,3033,17,4,3,5,3,6,10,5,4,4,10,9,9,5,5,4,9,9,9,9,6,5,10,9,9,7,7,7,3,3,3,2,2,2,3,2,3,10,9,9,8,7,7,10,7,4,2,2,2,10,6,3,4,5,3,4,4,4,5,5,3,3,3
sf,svn,yafdotnet,/trunk/yafsrc/YetAnotherForum.NET/controls/ForumStatistics.ascx.cs,buggy,cs,IssueFalse,39327,311,3033,17,6,6,6,5,6,4,8,7,6,10,9,9,5,5,4,9,9,9,10,9,9,10,9,9,7,7,7,6,5,5,4,5,4,4,4,4,10,9,9,9,8,8,10,8,6,4,3,3,10,9,6,9,9,3,4,4,9,9,9,8,8,9
sf,svn,yafdotnet,/trunk/yafsrc/YetAnotherForum.NET/controls/ForumSubForumList.ascx.cs,clean,cs,IssueFalse,39327,311,3033,17,5,5,5,5,7,9,6,5,5,10,9,9,5,5,4,9,9,9,9,7,7,10,9,9,7,7,7,6,5,5,4,5,4,6,5,5,10,9,9,8,7,7,7,7,5,3,2,3,6,5,4,4,5,8,7,7,9,8,8,8,7,7
sf,svn,yafdotnet,/trunk/yafsrc/YetAnotherForum.NET/controls/ForumWelcome.ascx.cs,buggy,cs,IssueFalse,39327,311,3033,17,3,3,4,4,7,6,4,3,3,10,9,9,5,5,4,9,9,9,9,6,6,10,9,9,7,7,7,5,5,4,3,4,3,4,4,4,9,9,9,9,8,8,6,5,3,2,2,2,7,6,3,7,8,4,5,5,4,5,5,6,5,6
sf,svn,yafdotnet,/trunk/yafsrc/YetAnotherForum.NET/controls/LastPosts.ascx.cs,clean,cs,IssueFalse,39327,311,3033,17,4,1,4,6,1,4,4,3,3,10,9,9,5,5,4,9,9,9,8,4,4,10,9,9,7,7,7,6,5,5,4,5,4,3,2,3,10,10,10,9,8,8,5,4,4,3,3,3,4,4,4,7,9,8,9,8,4,5,5,5,5,5
sf,svn,yafdotnet,/trunk/yafsrc/YetAnotherForum.NET/controls/PMList.ascx.cs,buggy,cs,IssueFalse,39327,311,3033,17,9,7,10,10,2,9,10,10,10,8,9,9,7,7,8,9,9,9,10,10,9,8,9,9,7,7,7,9,10,10,9,10,10,4,5,5,10,10,10,9,9,9,8,8,10,4,8,7,6,6,9,9,9,10,10,10,5,6,7,10,10,10
sf,svn,yafdotnet,/trunk/yafsrc/YetAnotherForum.NET/controls/ProfileYourAccount.ascx.cs,buggy,cs,IssueFalse,39327,311,3033,17,3,4,3,4,8,4,4,3,3,10,9,9,5,5,4,9,9,9,9,6,6,10,9,9,7,7,7,5,5,4,3,4,3,3,2,3,10,9,9,9,8,8,6,4,3,2,2,2,9,8,4,7,5,4,5,5,9,8,9,7,6,7
sf,svn,yafdotnet,/trunk/yafsrc/YetAnotherForum.NET/controls/ShoutBox.ascx.cs,buggy,cs,IssueFalse,39327,311,3033,17,7,3,8,8,2,9,9,8,7,10,9,9,7,6,6,9,9,9,10,9,8,10,9,9,7,7,7,9,8,8,8,8,8,6,5,5,10,10,10,9,9,9,7,6,8,4,5,5,8,7,7,10,10,5,7,7,6,8,8,2,3,4
sf,svn,yafdotnet,/trunk/yafsrc/YetAnotherForum.NET/controls/smileys.ascx.cs,buggy,cs,IssueFalse,39327,311,3033,17,6,4,7,5,4,7,6,5,5,10,9,9,5,5,4,9,9,9,10,8,7,10,9,9,10,10,10,5,5,4,3,4,3,3,2,3,10,9,9,9,8,8,9,7,5,7,5,4,10,8,6,4,5,5,5,5,4,5,5,3,3,3
sf,svn,yafdotnet,/trunk/yafsrc/YetAnotherForum.NET/install/default.aspx.cs,buggy,cs,IssueFalse,39327,311,3033,17,10,10,10,10,2,9,10,10,10,8,8,8,9,8,8,9,9,9,10,10,10,8,8,8,9,9,9,10,10,10,10,10,10,4,4,4,10,10,10,10,10,10,9,10,10,5,5,8,9,10,10,10,10,10,10,10,9,10,10,10,10,10
sf,svn,yafdotnet,/trunk/yafsrc/YetAnotherForum.NET/pages/active.ascx.cs,buggy,cs,IssueFalse,39327,311,3033,17,7,4,8,7,3,7,8,7,7,10,9,9,9,8,8,9,9,9,10,9,9,10,9,9,8,8,8,8,7,7,7,7,6,4,4,4,10,10,10,9,8,8,8,7,7,3,4,3,9,9,7,10,8,5,7,8,6,8,8,7,8,8
sf,svn,yafdotnet,/trunk/yafsrc/YetAnotherForum.NET/pages/activeusers.ascx.cs,buggy,cs,IssueFalse,39327,311,3033,17,3,4,4,4,8,7,4,4,3,10,9,9,9,7,8,9,9,9,9,6,5,10,9,9,7,7,7,5,5,4,3,4,3,4,4,4,10,9,9,8,7,7,7,6,3,2,2,2,10,8,4,8,5,3,5,5,6,7,7,3,5,5
sf,svn,yafdotnet,/trunk/yafsrc/YetAnotherForum.NET/pages/admin/accessmasks.ascx.cs,buggy,cs,IssueFalse,39327,311,3033,17,5,6,6,8,6,6,8,7,6,10,10,9,9,8,9,9,9,9,10,8,8,10,10,9,7,7,7,9,9,8,8,8,8,3,2,3,10,10,10,10,9,9,5,6,6,3,3,4,3,5,5,7,5,4,6,6,5,6,6,6,6,6
sf,svn,yafdotnet,/trunk/yafsrc/YetAnotherForum.NET/pages/admin/admin.ascx.cs,buggy,cs,IssueFalse,39327,311,3033,17,7,7,8,8,5,6,9,8,8,10,10,9,9,8,9,9,9,9,10,9,8,10,10,9,7,7,7,10,9,9,9,9,9,6,5,5,10,10,10,10,9,9,6,7,8,3,4,5,6,7,7,7,5,4,5,5,4,5,5,6,6,6
sf,svn,yafdotnet,/trunk/yafsrc/YetAnotherForum.NET/pages/admin/attachments.ascx.cs,clean,cs,IssueFalse,39327,311,3033,17,4,6,5,7,7,4,6,5,4,10,10,9,9,8,8,9,9,9,9,6,6,10,10,9,7,7,7,8,7,7,7,7,6,3,2,3,10,10,10,10,9,9,4,4,4,3,3,3,3,4,4,4,5,5,5,5,4,5,5,6,5,4
sf,svn,yafdotnet,/trunk/yafsrc/YetAnotherForum.NET/pages/admin/bannedip.ascx.cs,clean,cs,IssueFalse,39327,311,3033,17,4,4,5,5,7,7,5,5,4,10,10,9,9,8,8,9,9,9,9,7,6,10,10,9,7,7,7,6,5,5,4,5,4,3,2,3,10,10,10,9,8,8,7,6,4,4,3,3,8,5,5,7,5,4,6,6,5,6,6,6,6,6
sf,svn,yafdotnet,/trunk/yafsrc/YetAnotherForum.NET/pages/admin/bannedip_edit.ascx.cs,clean,cs,IssueFalse,39327,311,3033,17,6,5,6,5,6,9,7,6,6,10,10,9,9,8,8,9,9,9,10,7,7,10,10,9,7,7,7,7,6,6,5,6,5,3,2,3,10,10,10,9,8,8,8,8,6,2,2,2,8,7,5,7,5,4,6,6,5,6,6,7,6,7
sf,svn,yafdotnet,/trunk/yafsrc/YetAnotherForum.NET/pages/admin/bbcode.ascx.cs,clean,cs,IssueFalse,39327,311,3033,17,6,4,7,6,4,10,8,7,7,10,10,9,9,8,8,9,9,9,10,9,8,10,10,9,7,7,7,8,7,7,6,6,6,3,2,3,10,10,10,9,8,8,8,8,7,3,3,3,9,8,6,7,5,8,8,8,8,8,8,2,3,3
sf,svn,yafdotnet,/trunk/yafsrc/YetAnotherForum.NET/pages/admin/bbcode_edit.ascx.cs,clean,cs,IssueFalse,39327,311,3033,17,6,3,7,6,3,4,6,5,4,10,10,9,9,8,8,9,9,9,10,8,8,10,10,9,8,8,8,7,6,6,5,6,5,3,2,3,10,10,10,8,7,7,7,6,6,3,5,3,8,6,6,8,5,4,6,6,7,8,8,5,6,6
sf,svn,yafdotnet,/trunk/yafsrc/YetAnotherForum.NET/pages/admin/bbcode_import.ascx.cs,clean,cs,IssueFalse,39327,311,3033,17,4,3,5,5,6,7,5,5,4,10,10,9,9,8,8,9,9,9,9,6,6,10,10,9,7,7,7,6,5,5,4,5,4,3,2,3,10,10,10,8,7,7,7,6,4,2,2,2,7,6,4,4,5,5,5,5,4,5,5,8,6,6
sf,svn,yafdotnet,/trunk/yafsrc/YetAnotherForum.NET/pages/admin/boards.ascx.cs,clean,cs,IssueFalse,39327,311,3033,17,5,5,6,7,7,4,7,6,5,10,10,9,9,8,8,9,9,9,9,7,6,10,10,9,7,7,7,8,7,7,7,7,6,3,2,3,10,10,10,10,9,9,5,5,5,3,4,3,3,5,4,4,5,5,5,5,4,5,5,7,6,5
sf,svn,yafdotnet,/trunk/yafsrc/YetAnotherForum.NET/pages/admin/boardsettings.ascx.cs,buggy,cs,IssueFalse,39327,311,3033,17,5,5,7,5,6,6,6,5,5,10,10,9,9,8,8,9,9,9,10,8,8,10,10,9,7,7,7,7,6,6,5,6,5,3,2,3,10,10,10,9,9,9,7,5,5,3,4,3,10,8,7,8,8,4,5,6,7,8,8,6,7,7
sf,svn,yafdotnet,/trunk/yafsrc/YetAnotherForum.NET/pages/admin/editaccessmask.ascx.cs,buggy,cs,IssueFalse,39327,311,3033,17,5,4,6,5,5,7,5,5,4,10,10,9,9,8,8,9,9,9,10,8,7,10,10,9,7,7,7,7,6,6,5,6,5,3,2,3,10,10,10,9,8,8,6,5,4,2,2,2,9,8,6,8,5,4,6,6,7,8,8,5,6,6
sf,svn,yafdotnet,/trunk/yafsrc/YetAnotherForum.NET/pages/admin/editboard.ascx.cs,clean,cs,IssueFalse,39327,311,3033,17,8,7,9,8,3,7,9,9,8,10,10,9,9,8,9,9,9,9,10,9,9,10,10,9,7,7,7,9,9,8,8,8,8,3,2,3,10,10,10,9,8,8,9,8,9,4,8,5,6,7,7,8,5,5,6,6,7,8,8,7,7,8
sf,svn,yafdotnet,/trunk/yafsrc/YetAnotherForum.NET/pages/admin/editcategory.ascx.cs,clean,cs,IssueFalse,39327,311,3033,17,7,7,8,7,5,9,8,7,7,10,10,9,9,8,8,9,9,9,10,9,8,10,10,9,7,7,7,9,8,8,7,7,7,3,2,3,10,10,10,9,9,9,7,6,7,3,3,3,7,6,6,7,5,4,6,6,4,5,5,6,6,6
sf,svn,yafdotnet,/trunk/yafsrc/YetAnotherForum.NET/pages/admin/editforum.ascx.cs,clean,cs,IssueFalse,39327,311,3033,17,8,6,9,8,2,9,9,9,8,10,10,9,9,8,9,9,9,9,10,9,9,10,10,9,7,7,7,9,9,9,8,9,8,4,4,4,10,10,10,10,10,10,8,9,8,3,5,5,7,8,7,7,5,4,6,6,4,5,5,7,6,7
sf,svn,yafdotnet,/trunk/yafsrc/YetAnotherForum.NET/pages/admin/editgroup.ascx.cs,buggy,cs,IssueFalse,39327,311,3033,17,6,9,8,7,9,9,8,8,7,10,10,9,9,8,8,9,9,9,10,9,9,10,10,9,7,7,7,9,8,8,7,7,7,3,2,3,10,10,10,9,8,8,8,8,7,3,2,3,8,9,7,8,8,6,7,7,7,7,8,7,7,8
sf,svn,yafdotnet,/trunk/yafsrc/YetAnotherForum.NET/pages/admin/editmedal.ascx.cs,buggy,cs,IssueFalse,39327,311,3033,17,10,10,10,10,7,10,10,9,9,10,10,9,10,9,9,9,9,9,10,10,9,10,10,9,7,7,7,10,10,10,10,10,10,4,4,4,10,10,10,10,10,10,6,7,9,4,5,7,6,9,9,4,5,5,5,5,4,5,5,3,3,3
sf,svn,yafdotnet,/trunk/yafsrc/YetAnotherForum.NET/pages/admin/editnntpforum.ascx.cs,buggy,cs,IssueFalse,39327,311,3033,17,5,4,6,5,6,7,5,5,4,10,10,9,9,8,8,9,9,9,9,6,6,10,10,9,7,7,7,7,6,6,5,6,5,3,2,3,10,10,10,9,8,8,6,5,4,2,2,2,7,6,5,4,5,5,5,5,4,5,5,7,6,5
sf,svn,yafdotnet,/trunk/yafsrc/YetAnotherForum.NET/pages/admin/editnntpserver.ascx.cs,clean,cs,IssueFalse,39327,311,3033,17,5,4,6,5,5,7,7,6,6,10,10,9,9,8,8,9,9,9,9,6,5,10,10,9,7,7,7,7,6,6,5,6,5,3,2,3,10,10,10,9,8,8,8,7,6,2,2,2,6,6,4,4,5,5,5,5,4,5,5,7,6,5
sf,svn,yafdotnet,/trunk/yafsrc/YetAnotherForum.NET/pages/admin/editrank.ascx.cs,buggy,cs,IssueFalse,39327,311,3033,17,7,6,8,7,5,9,7,6,6,10,10,9,9,8,8,9,9,9,10,8,8,10,10,9,7,7,7,8,7,7,7,7,6,3,2,3,10,10,10,9,9,9,7,6,6,2,2,3,7,8,6,4,5,5,5,5,4,5,5,7,6,5
sf,svn,yafdotnet,/trunk/yafsrc/YetAnotherForum.NET/pages/admin/edituser.ascx.cs,clean,cs,IssueFalse,39327,311,3033,17,4,6,5,5,8,7,5,4,4,10,10,9,9,8,8,9,9,9,10,8,8,10,10,9,7,7,7,5,5,4,3,4,3,3,2,3,10,10,10,8,7,7,7,6,4,3,3,3,9,8,5,9,8,5,6,7,7,8,8,6,7,7
sf,svn,yafdotnet,/trunk/yafsrc/YetAnotherForum.NET/pages/admin/eventlog.ascx.cs,clean,cs,IssueFalse,39327,311,3033,17,6,9,7,8,9,4,8,7,7,10,10,9,9,8,9,9,9,9,10,9,8,10,10,9,7,7,7,9,9,8,8,8,8,3,2,3,10,10,10,10,9,9,6,6,7,3,5,4,3,4,5,7,8,4,5,6,8,8,8,6,5,6
sf,svn,yafdotnet,/trunk/yafsrc/YetAnotherForum.NET/pages/admin/extensions.ascx.cs,clean,cs,IssueFalse,39327,311,3033,17,6,6,7,7,6,10,8,7,6,10,10,9,9,8,8,9,9,9,9,7,7,10,10,9,7,7,7,9,8,8,7,7,7,3,2,3,10,10,10,10,9,9,6,7,6,3,3,4,5,6,5,4,5,5,5,5,4,5,5,7,6,5
sf,svn,yafdotnet,/trunk/yafsrc/YetAnotherForum.NET/pages/admin/extensions_edit.ascx.cs,clean,cs,IssueFalse,39327,311,3033,17,6,6,6,7,6,4,7,6,6,10,10,9,9,8,8,9,9,9,9,7,7,10,10,9,7,7,7,9,8,8,7,7,7,3,2,3,10,10,10,10,10,10,6,5,6,3,4,4,5,5,5,4,5,5,5,5,4,5,5,7,6,5
sf,svn,yafdotnet,/trunk/yafsrc/YetAnotherForum.NET/pages/admin/extensions_import.ascx.cs,clean,cs,IssueFalse,39327,311,3033,17,4,3,5,5,6,7,5,5,4,10,10,9,9,8,8,9,9,9,9,6,6,10,10,9,7,7,7,6,5,5,4,5,4,3,2,3,10,10,10,8,7,7,7,6,4,2,2,2,7,6,4,4,5,5,5,5,4,5,5,7,6,6
sf,svn,yafdotnet,/trunk/yafsrc/YetAnotherForum.NET/pages/admin/forums.ascx.cs,clean,cs,IssueFalse,39327,311,3033,17,7,7,7,8,6,6,8,8,7,10,10,9,9,8,9,9,9,9,10,9,9,10,10,9,7,7,7,10,9,9,9,9,9,3,2,3,10,10,10,10,10,10,5,6,7,4,5,5,5,6,7,10,8,7,9,9,6,8,8,5,6,8
sf,svn,yafdotnet,/trunk/yafsrc/YetAnotherForum.NET/pages/admin/groups.ascx.cs,buggy,cs,IssueFalse,39327,311,3033,17,6,9,7,7,9,6,8,7,7,10,10,9,9,8,8,9,9,9,10,9,9,10,10,9,8,8,8,9,8,8,7,8,7,3,2,3,10,10,10,9,8,8,7,6,7,4,5,4,7,6,6,8,5,4,6,6,4,5,5,4,5,5
sf,svn,yafdotnet,/trunk/yafsrc/YetAnotherForum.NET/pages/admin/hostsettings.ascx.cs,clean,cs,IssueFalse,39327,311,3033,17,8,7,9,8,4,9,10,9,9,10,10,9,9,8,9,9,9,9,10,10,9,10,10,9,7,7,7,10,9,9,9,9,9,3,2,3,10,10,10,10,10,10,8,9,9,5,7,6,8,9,8,10,10,7,10,10,10,10,10,9,9,10
sf,svn,yafdotnet,/trunk/yafsrc/YetAnotherForum.NET/pages/admin/mail.ascx.cs,clean,cs,IssueFalse,39327,311,3033,17,5,4,6,5,6,7,5,5,4,10,10,9,9,8,8,9,9,9,10,7,7,10,10,9,7,7,7,6,5,5,4,5,4,3,2,3,10,10,10,9,8,8,7,6,4,2,2,2,9,6,5,4,5,5,5,5,4,5,5,6,5,5
sf,svn,yafdotnet,/trunk/yafsrc/YetAnotherForum.NET/pages/admin/medals.ascx.cs,buggy,cs,IssueFalse,39327,311,3033,17,6,7,7,7,7,4,8,7,6,10,10,9,9,8,8,9,9,9,10,7,7,10,10,9,7,7,7,9,8,8,7,8,7,4,4,4,10,10,10,9,8,8,6,6,6,3,3,3,4,4,5,4,5,5,5,5,4,5,5,3,3,3
sf,svn,yafdotnet,/trunk/yafsrc/YetAnotherForum.NET/pages/admin/nntpforums.ascx.cs,clean,cs,IssueFalse,39327,311,3033,17,5,6,6,7,7,4,7,6,5,10,10,9,9,8,8,9,9,9,9,6,6,10,10,9,7,7,7,9,8,8,7,7,7,3,2,3,10,10,10,10,9,9,5,5,5,3,3,3,3,4,4,4,5,5,5,5,4,5,5,7,6,5
sf,svn,yafdotnet,/trunk/yafsrc/YetAnotherForum.NET/pages/admin/nntpretrieve.ascx.cs,clean,cs,IssueFalse,39327,311,3033,17,4,4,5,5,7,4,5,4,4,10,10,9,9,8,8,9,9,9,9,7,7,10,10,9,7,7,7,7,6,6,5,6,5,3,2,3,10,10,10,9,8,8,5,4,4,3,3,3,7,5,5,4,5,5,5,5,4,5,5,6,5,5
sf,svn,yafdotnet,/trunk/yafsrc/YetAnotherForum.NET/pages/admin/nntpservers.ascx.cs,clean,cs,IssueFalse,39327,311,3033,17,5,6,6,7,7,4,7,6,5,10,10,9,9,8,8,9,9,9,9,6,6,10,10,9,7,7,7,9,8,8,7,7,7,3,2,3,10,10,10,10,9,9,5,5,5,3,3,3,3,4,4,4,5,5,5,5,4,5,5,7,6,5
sf,svn,yafdotnet,/trunk/yafsrc/YetAnotherForum.NET/pages/admin/pm.ascx.cs,clean,cs,IssueFalse,39327,311,3033,17,4,6,5,7,8,4,5,5,4,10,10,9,9,8,8,9,9,9,9,6,6,10,10,9,7,7,7,8,7,7,7,7,6,3,2,3,10,10,10,10,9,9,4,4,4,3,3,3,3,4,4,4,5,5,5,5,4,5,5,6,5,4
sf,svn,yafdotnet,/trunk/yafsrc/YetAnotherForum.NET/pages/admin/prune.ascx.cs,clean,cs,IssueFalse,39327,311,3033,17,5,6,6,7,7,4,6,5,4,10,10,9,9,8,8,9,9,9,10,7,7,10,10,9,7,7,7,8,7,7,7,7,6,3,2,3,10,10,10,10,9,9,4,5,4,3,3,3,6,6,5,8,5,6,7,7,5,6,6,8,8,8
sf,svn,yafdotnet,/trunk/yafsrc/YetAnotherForum.NET/pages/admin/ranks.ascx.cs,clean,cs,IssueFalse,39327,311,3033,17,5,4,6,7,6,4,7,6,5,10,10,9,9,8,8,9,9,9,10,8,8,10,10,9,7,7,7,9,8,8,7,7,7,3,2,3,10,10,10,9,8,8,5,5,5,3,3,3,4,4,5,7,5,4,5,5,4,5,5,6,6,6
sf,svn,yafdotnet,/trunk/yafsrc/YetAnotherForum.NET/pages/admin/reguser.ascx.cs,buggy,cs,IssueFalse,39327,311,3033,17,5,6,7,5,7,6,6,5,5,10,10,9,9,8,8,9,9,9,10,9,9,10,10,9,7,7,7,6,5,5,4,5,4,3,2,3,10,10,10,8,7,7,8,7,5,2,2,2,10,10,7,9,8,3,5,5,6,7,7,7,7,8
sf,svn,yafdotnet,/trunk/yafsrc/YetAnotherForum.NET/pages/admin/reindex.ascx.cs,buggy,cs,IssueFalse,39327,311,3033,17,5,3,6,6,5,4,5,5,4,10,10,9,9,8,8,9,9,9,9,6,5,10,10,9,7,7,7,8,7,7,6,6,6,3,2,3,10,10,10,9,9,9,5,5,4,3,2,3,6,6,5,8,5,5,6,7,6,7,7,7,6,7
sf,svn,yafdotnet,/trunk/yafsrc/YetAnotherForum.NET/pages/admin/replacewords.ascx.cs,clean,cs,IssueFalse,39327,311,3033,17,6,6,7,7,6,10,7,6,6,10,10,9,9,8,8,9,9,9,10,8,7,10,10,9,7,7,7,8,7,7,7,7,6,3,2,3,10,10,10,10,9,9,6,7,6,4,3,4,6,7,5,7,5,4,6,6,4,5,5,6,6,6
sf,svn,yafdotnet,/trunk/yafsrc/YetAnotherForum.NET/pages/admin/replacewords_edit.ascx.cs,clean,cs,IssueFalse,39327,311,3033,17,5,6,6,7,7,4,6,5,5,10,10,9,9,8,8,9,9,9,10,8,7,10,10,9,7,7,7,8,7,7,7,7,6,3,2,3,10,10,10,10,10,10,5,5,5,3,4,3,5,5,5,7,5,4,6,6,5,6,6,6,6,6
sf,svn,yafdotnet,/trunk/yafsrc/YetAnotherForum.NET/pages/admin/replacewords_import.ascx.cs,clean,cs,IssueFalse,39327,311,3033,17,5,4,6,5,5,10,7,6,5,10,10,9,9,8,8,9,9,9,10,8,7,10,10,9,7,7,7,6,5,5,4,5,4,3,2,3,10,10,10,8,7,7,9,7,5,2,2,2,8,7,5,4,5,6,6,6,4,5,5,7,6,6
sf,svn,yafdotnet,/trunk/yafsrc/YetAnotherForum.NET/pages/admin/runsql.ascx.cs,buggy,cs,IssueFalse,39327,311,3033,17,4,3,5,5,6,4,4,4,3,10,10,9,9,8,8,9,9,9,9,6,6,10,10,9,7,7,7,7,6,6,5,6,5,3,2,3,10,10,10,9,9,9,4,4,3,3,2,3,5,4,4,8,5,3,5,5,4,5,5,5,5,6
sf,svn,yafdotnet,/trunk/yafsrc/YetAnotherForum.NET/pages/admin/smilies.ascx.cs,clean,cs,IssueFalse,39327,311,3033,17,6,6,7,7,6,4,8,7,6,10,10,9,9,8,8,9,9,9,10,8,8,10,10,9,7,7,7,9,8,8,7,7,7,3,2,3,10,10,10,10,10,10,6,7,6,4,4,4,5,6,5,7,5,4,6,6,5,6,6,7,6,7
sf,svn,yafdotnet,/trunk/yafsrc/YetAnotherForum.NET/pages/admin/smilies_edit.ascx.cs,clean,cs,IssueFalse,39327,311,3033,17,7,6,8,7,4,9,8,7,7,10,10,9,9,8,8,9,9,9,10,9,9,10,10,9,7,7,7,8,7,7,7,7,6,3,2,3,10,10,10,10,10,10,8,7,7,3,4,3,8,7,6,7,5,4,6,6,5,6,6,6,6,6
sf,svn,yafdotnet,/trunk/yafsrc/YetAnotherForum.NET/pages/admin/smilies_import.ascx.cs,clean,cs,IssueFalse,39327,311,3033,17,7,6,8,7,5,10,8,7,7,10,10,9,9,8,8,9,9,9,10,9,9,10,10,9,7,7,7,8,7,7,7,7,6,3,2,3,10,10,10,10,10,10,8,8,7,3,4,3,8,9,6,8,5,8,9,8,5,6,6,7,6,7
sf,svn,yafdotnet,/trunk/yafsrc/YetAnotherForum.NET/pages/admin/test_data.ascx.cs,buggy,cs,IssueFalse,39327,311,3033,17,10,8,10,10,1,10,10,10,10,10,10,9,10,9,9,9,9,9,10,10,9,10,10,9,10,10,10,10,10,10,10,10,10,3,2,3,10,10,10,10,10,10,10,10,10,5,8,8,9,9,10,7,8,10,10,10,10,10,10,10,10,10
sf,svn,yafdotnet,/trunk/yafsrc/YetAnotherForum.NET/pages/admin/users.ascx.cs,buggy,cs,IssueFalse,39327,311,3033,17,8,6,8,8,3,9,9,8,7,10,10,9,9,8,9,9,9,9,10,9,9,10,10,9,7,7,7,9,9,8,8,8,8,8,7,7,10,10,10,9,8,8,7,7,8,3,4,3,7,8,7,8,8,9,9,9,4,5,5,5,6,6
sf,svn,yafdotnet,/trunk/yafsrc/YetAnotherForum.NET/pages/admin/version.ascx.cs,buggy,cs,IssueFalse,39327,311,3033,17,4,5,4,5,8,4,2,2,2,10,10,9,9,7,8,9,9,9,9,7,7,10,10,9,9,9,9,3,3,3,2,2,2,3,2,3,10,9,9,8,7,7,4,4,3,3,2,3,8,6,4,8,8,5,6,6,8,8,8,7,7,8
sf,svn,yafdotnet,/trunk/yafsrc/YetAnotherForum.NET/pages/approve.ascx.cs,clean,cs,IssueFalse,39327,311,3033,17,5,6,6,5,7,6,7,6,5,10,9,9,9,7,8,9,9,9,10,8,7,10,9,9,7,7,7,6,5,5,4,5,4,6,5,5,10,9,9,8,7,7,8,6,5,3,3,3,8,6,5,9,9,5,7,7,4,5,5,3,5,5
sf,svn,yafdotnet,/trunk/yafsrc/YetAnotherForum.NET/pages/attachments.ascx.cs,buggy,cs,IssueFalse,39327,311,3033,17,8,8,9,8,4,9,10,9,9,10,9,9,9,8,8,9,9,9,10,10,9,10,9,9,9,9,9,9,9,9,8,9,8,4,4,4,10,10,10,10,10,10,9,9,9,4,5,5,9,10,8,8,8,6,7,7,4,5,5,5,6,6
sf,svn,yafdotnet,/trunk/yafsrc/YetAnotherForum.NET/pages/avatar.ascx.cs,clean,cs,IssueFalse,39327,311,3033,17,8,5,8,8,2,7,9,8,8,10,9,9,9,8,8,9,9,9,10,9,8,10,9,9,10,10,10,9,9,8,8,8,8,7,6,6,10,10,10,9,8,8,7,7,8,4,3,5,6,7,7,8,8,5,6,6,8,9,9,5,6,6
sf,svn,yafdotnet,/trunk/yafsrc/YetAnotherForum.NET/pages/cp_changepassword.ascx.cs,clean,cs,IssueFalse,39327,311,3033,17,4,5,5,5,7,4,5,4,4,10,10,9,9,8,8,9,9,9,9,6,6,10,10,9,7,7,7,7,6,6,5,6,5,4,4,4,10,10,10,9,8,8,5,5,4,2,2,2,6,7,4,8,8,6,7,7,8,8,9,5,6,6
sf,svn,yafdotnet,/trunk/yafsrc/YetAnotherForum.NET/pages/cp_editavatar.ascx.cs,clean,cs,IssueFalse,39327,311,3033,17,3,3,4,4,8,4,3,3,2,10,10,9,9,7,8,9,9,9,8,4,4,10,10,9,7,7,7,5,5,4,3,4,3,4,4,4,10,9,9,8,7,7,5,4,2,2,2,2,6,5,3,8,8,4,5,6,7,7,7,4,5,5
sf,svn,yafdotnet,/trunk/yafsrc/YetAnotherForum.NET/pages/cp_editprofile.ascx.cs,clean,cs,IssueFalse,39327,311,3033,17,2,4,2,4,10,4,3,3,2,10,10,9,9,7,8,9,9,9,8,4,4,10,10,9,7,7,7,5,5,4,3,4,3,4,4,4,10,9,9,8,7,7,5,4,2,2,2,2,6,5,3,9,8,3,5,6,8,9,9,3,5,5
sf,svn,yafdotnet,/trunk/yafsrc/YetAnotherForum.NET/pages/cp_message.ascx.cs,clean,cs,IssueFalse,39327,311,3033,17,7,7,8,8,5,9,9,8,8,10,10,9,9,8,8,9,9,9,10,8,8,10,10,9,7,7,7,8,7,7,7,7,6,4,4,4,10,10,10,9,9,9,8,7,8,5,5,5,7,8,7,8,8,4,6,6,6,7,7,4,5,5
sf,svn,yafdotnet,/trunk/yafsrc/YetAnotherForum.NET/pages/cp_pm.ascx.cs,clean,cs,IssueFalse,39327,311,3033,17,4,6,5,5,9,4,4,3,3,10,10,9,9,7,8,9,9,9,9,6,5,10,10,9,8,8,8,5,5,4,3,4,3,4,4,4,10,9,9,8,7,7,5,5,3,3,2,2,7,7,4,9,9,5,7,7,7,8,8,8,8,9
sf,svn,yafdotnet,/trunk/yafsrc/YetAnotherForum.NET/pages/cp_profile.ascx.cs,clean,cs,IssueFalse,39327,311,3033,17,3,4,4,4,8,4,3,3,2,10,10,9,9,7,8,9,9,9,8,4,4,10,10,9,7,7,7,5,5,4,3,4,3,4,4,4,10,9,9,8,7,7,5,4,2,2,2,2,5,4,3,8,8,4,5,6,7,7,7,4,4,5
sf,svn,yafdotnet,/trunk/yafsrc/YetAnotherForum.NET/pages/cp_signature.ascx.cs,clean,cs,IssueFalse,39327,311,3033,17,2,4,3,4,9,4,4,3,3,10,10,9,9,7,8,9,9,9,8,4,4,10,10,9,7,7,7,5,5,4,3,4,3,4,4,4,10,9,9,8,7,7,6,5,3,2,2,2,8,6,4,9,8,4,5,6,8,8,9,6,6,8
sf,svn,yafdotnet,/trunk/yafsrc/YetAnotherForum.NET/pages/cp_subscriptions.ascx.cs,clean,cs,IssueFalse,39327,311,3033,17,6,4,7,7,4,6,8,7,6,10,10,9,9,8,8,9,9,9,10,8,8,10,10,9,7,7,7,9,8,8,7,7,7,4,4,4,10,10,10,9,8,8,7,6,6,3,4,3,7,5,6,9,10,3,5,6,6,7,7,5,6,7
sf,svn,yafdotnet,/trunk/yafsrc/YetAnotherForum.NET/pages/deletemessage.ascx.cs,buggy,cs,IssueFalse,39327,311,3033,17,8,8,9,9,4,9,9,8,8,10,9,9,9,8,8,9,9,9,10,9,9,10,9,9,10,10,10,9,9,8,8,8,8,6,5,5,10,10,10,9,9,9,7,8,9,4,5,6,7,10,8,7,5,4,5,5,5,6,6,5,5,5
sf,svn,yafdotnet,/trunk/yafsrc/YetAnotherForum.NET/pages/emailtopic.ascx.cs,clean,cs,IssueFalse,39327,311,3033,17,5,4,6,5,6,6,6,5,4,10,9,9,9,7,8,9,9,9,10,7,7,10,9,9,7,7,7,6,5,5,4,5,4,4,4,4,10,10,10,8,7,7,8,6,4,2,2,2,10,9,6,8,8,3,5,5,4,5,5,6,6,7
sf,svn,yafdotnet,/trunk/yafsrc/YetAnotherForum.NET/pages/error.ascx.cs,clean,cs,IssueFalse,39327,311,3033,17,3,6,4,5,9,2,4,3,3,10,9,9,9,7,8,9,9,9,7,2,2,10,9,9,7,7,7,7,6,6,5,6,5,4,4,4,10,10,10,9,8,8,3,3,3,2,2,2,2,2,2,4,5,5,5,5,4,5,5,3,3,3
sf,svn,yafdotnet,/trunk/yafsrc/YetAnotherForum.NET/pages/forum.ascx.cs,buggy,cs,IssueFalse,39327,311,3033,17,3,4,4,4,7,7,4,4,3,10,9,9,9,7,8,9,9,9,9,5,4,10,9,9,7,7,7,5,5,4,3,4,3,4,4,4,10,9,9,8,7,7,7,6,3,2,2,2,9,7,4,10,9,3,5,6,10,10,10,2,5,5
sf,svn,yafdotnet,/trunk/yafsrc/YetAnotherForum.NET/pages/help/index.ascx.cs,clean,cs,IssueFalse,39327,311,3033,17,4,4,4,6,7,4,5,4,4,10,9,9,9,8,8,9,9,9,9,5,4,10,9,9,7,7,7,8,7,7,6,6,6,4,4,4,10,10,10,9,9,9,4,4,4,2,3,3,2,4,3,4,5,4,5,5,4,5,5,6,5,4
sf,svn,yafdotnet,/trunk/yafsrc/YetAnotherForum.NET/pages/help/recover.ascx.cs,clean,cs,IssueFalse,39327,311,3033,17,3,4,4,5,8,4,4,4,3,10,9,9,9,7,8,9,9,9,8,3,3,10,9,9,7,7,7,7,6,6,5,6,5,4,4,4,10,10,10,9,8,8,4,4,3,2,2,2,3,4,3,4,5,4,5,5,4,5,5,6,5,5
sf,svn,yafdotnet,/trunk/yafsrc/YetAnotherForum.NET/pages/im_aim.ascx.cs,clean,cs,IssueFalse,39327,311,3033,17,3,5,4,5,8,6,4,4,3,10,9,9,9,7,8,9,9,9,9,7,6,10,9,9,7,7,7,5,5,4,3,4,3,4,4,4,10,9,9,8,7,7,6,6,4,2,2,2,8,7,4,7,8,3,4,4,8,8,8,6,6,6
sf,svn,yafdotnet,/trunk/yafsrc/YetAnotherForum.NET/pages/im_email.ascx.cs,clean,cs,IssueFalse,39327,311,3033,17,5,5,5,5,7,6,6,5,4,10,9,9,9,7,8,9,9,9,10,8,7,10,9,9,7,7,7,6,5,5,4,5,4,4,4,4,10,10,10,8,7,7,7,6,5,2,3,2,9,7,6,7,8,3,4,4,8,8,8,7,6,7
sf,svn,yafdotnet,/trunk/yafsrc/YetAnotherForum.NET/pages/im_icq.ascx.cs,clean,cs,IssueFalse,39327,311,3033,17,5,5,6,5,7,6,5,4,4,10,9,9,9,7,8,9,9,9,9,7,7,10,9,9,7,7,7,6,5,5,4,5,4,4,4,4,10,10,10,8,7,7,6,6,4,2,2,2,7,7,5,7,8,4,5,5,4,5,5,5,5,5
sf,svn,yafdotnet,/trunk/yafsrc/YetAnotherForum.NET/pages/im_skype.ascx.cs,clean,cs,IssueFalse,39327,311,3033,17,4,4,5,5,7,6,4,4,3,10,9,9,9,7,8,9,9,9,9,7,6,10,9,9,7,7,7,5,5,4,3,4,3,4,4,4,10,9,9,8,7,7,6,6,4,2,2,2,8,7,4,7,8,4,5,5,4,5,5,5,5,5
sf,svn,yafdotnet,/trunk/yafsrc/YetAnotherForum.NET/pages/im_yim.ascx.cs,clean,cs,IssueFalse,39327,311,3033,17,4,5,5,5,8,6,4,4,3,10,9,9,9,7,8,9,9,9,9,7,6,10,9,9,7,7,7,5,5,4,3,4,3,4,4,4,10,9,9,8,7,7,6,6,4,2,2,2,8,7,4,7,8,4,5,5,4,5,5,5,5,5
sf,svn,yafdotnet,/trunk/yafsrc/YetAnotherForum.NET/pages/info.ascx.cs,clean,cs,IssueFalse,39327,311,3033,17,6,9,8,6,8,7,8,7,6,10,9,9,9,8,8,9,9,9,9,6,6,10,9,9,7,7,7,8,7,7,6,6,6,4,4,4,10,10,10,9,8,8,8,8,6,2,2,3,6,7,5,8,8,3,5,5,5,6,6,3,4,5
sf,svn,yafdotnet,/trunk/yafsrc/YetAnotherForum.NET/pages/login.ascx.cs,clean,cs,IssueFalse,39327,311,3033,17,6,6,7,7,6,6,8,7,6,10,9,9,9,8,8,9,9,9,10,7,7,10,9,9,7,7,7,8,7,7,6,6,6,4,4,4,10,10,10,8,7,7,7,7,6,2,2,2,6,7,5,9,8,6,8,8,6,7,8,7,7,8
sf,svn,yafdotnet,/trunk/yafsrc/YetAnotherForum.NET/pages/logout.ascx.cs,clean,cs,IssueFalse,39327,311,3033,17,3,6,4,5,9,2,4,3,3,10,9,9,9,7,8,9,9,9,8,3,3,10,9,9,7,7,7,7,6,6,5,6,5,4,4,4,10,10,10,9,8,8,3,3,3,2,2,2,2,3,3,7,5,3,5,5,4,5,5,4,4,4
sf,svn,yafdotnet,/trunk/yafsrc/YetAnotherForum.NET/pages/members.ascx.cs,buggy,cs,IssueFalse,39327,311,3033,17,7,8,8,8,6,9,9,8,7,10,9,9,9,8,8,9,9,9,10,8,8,10,9,9,7,7,7,9,9,8,8,8,8,4,4,4,10,10,10,9,9,9,6,8,7,4,7,5,5,8,6,7,5,3,5,5,8,7,8,10,9,9
sf,svn,yafdotnet,/trunk/yafsrc/YetAnotherForum.NET/pages/mod_forumuser.ascx.cs,buggy,cs,IssueFalse,39327,311,3033,17,7,9,8,7,8,9,8,8,7,10,9,9,9,8,8,9,9,9,10,8,8,10,9,9,7,7,7,9,8,8,7,7,7,6,5,5,10,10,10,8,7,7,8,6,7,2,2,3,9,7,7,7,5,4,5,5,4,5,5,6,6,6
sf,svn,yafdotnet,/trunk/yafsrc/YetAnotherForum.NET/pages/moderate.ascx.cs,clean,cs,IssueFalse,39327,311,3033,17,6,6,8,8,5,6,8,7,7,10,9,9,9,8,8,9,9,9,10,9,9,10,9,9,7,7,7,9,9,9,8,9,8,4,4,4,10,10,10,10,10,10,5,6,7,4,5,5,6,8,7,7,5,4,5,5,5,6,6,6,6,6
sf,svn,yafdotnet,/trunk/yafsrc/YetAnotherForum.NET/pages/moderate/index.ascx.cs,clean,cs,IssueFalse,39327,311,3033,17,5,8,6,7,9,4,7,6,6,10,9,9,9,8,8,9,9,9,9,6,6,10,9,9,7,7,7,9,8,8,7,7,7,4,4,4,10,10,10,9,9,9,6,6,6,3,2,3,4,4,5,7,5,3,5,5,4,5,5,3,3,4
sf,svn,yafdotnet,/trunk/yafsrc/YetAnotherForum.NET/pages/moderate/reportedposts.ascx.cs,buggy,cs,IssueFalse,39327,311,3033,17,6,9,7,8,9,4,8,7,7,10,9,9,9,8,8,9,9,9,10,8,8,10,9,9,7,7,7,9,9,8,8,8,8,4,4,4,10,10,10,10,9,9,6,7,7,3,3,4,6,6,7,4,5,4,5,5,4,5,5,6,5,4
sf,svn,yafdotnet,/trunk/yafsrc/YetAnotherForum.NET/pages/moderate/reportedspam.ascx.cs,clean,cs,IssueFalse,39327,311,3033,17,6,9,7,8,9,4,8,7,7,10,9,9,9,8,8,9,9,9,10,8,8,10,9,9,7,7,7,9,9,8,8,8,8,4,4,4,10,10,10,10,9,9,6,7,7,3,3,4,6,6,7,4,5,3,4,4,8,7,7,6,5,5
sf,svn,yafdotnet,/trunk/yafsrc/YetAnotherForum.NET/pages/moderate/unapprovedposts.ascx.cs,clean,cs,IssueFalse,39327,311,3033,17,6,9,7,8,9,4,8,7,7,10,9,9,9,8,8,9,9,9,10,8,8,10,9,9,7,7,7,9,9,8,8,8,8,4,4,4,10,10,10,10,9,9,6,6,7,3,3,4,6,6,7,7,5,4,5,5,4,5,5,5,5,5
sf,svn,yafdotnet,/trunk/yafsrc/YetAnotherForum.NET/pages/movemessage.ascx.cs,clean,cs,IssueFalse,39327,311,3033,17,5,4,6,7,5,4,7,6,6,10,9,9,9,8,8,9,9,9,9,5,5,10,9,9,7,7,7,8,7,7,7,7,6,4,4,4,10,10,10,8,7,7,6,5,6,3,3,3,9,9,7,7,5,3,4,4,10,9,9,3,4,4
sf,svn,yafdotnet,/trunk/yafsrc/YetAnotherForum.NET/pages/movetopic.ascx.cs,clean,cs,IssueFalse,39327,311,3033,17,5,6,6,6,8,6,7,6,5,10,9,9,9,8,8,9,9,9,9,6,5,10,9,9,7,7,7,8,7,7,6,6,6,4,4,4,10,10,10,9,8,8,7,6,5,2,2,2,9,9,6,4,5,4,5,5,4,5,5,7,6,5
sf,svn,yafdotnet,/trunk/yafsrc/YetAnotherForum.NET/pages/pmessage.ascx.cs,buggy,cs,IssueFalse,39327,311,3033,17,9,10,10,8,7,10,10,9,9,10,9,9,9,8,8,9,9,9,10,10,9,10,9,9,8,8,8,9,9,8,8,8,8,4,4,4,10,10,10,8,7,7,9,9,9,3,2,4,10,10,9,10,9,3,6,6,9,10,10,4,6,7
sf,svn,yafdotnet,/trunk/yafsrc/YetAnotherForum.NET/pages/postmessage.ascx.cs,buggy,cs,IssueFalse,39327,311,3033,17,10,10,10,10,3,10,10,10,10,10,9,9,10,9,9,9,9,9,10,10,10,10,9,9,9,9,9,10,10,10,10,10,10,4,4,4,10,10,10,10,10,10,9,9,10,6,7,8,10,10,10,10,10,9,10,10,9,10,10,8,9,10
sf,svn,yafdotnet,/trunk/yafsrc/YetAnotherForum.NET/pages/posts.ascx.cs,buggy,cs,IssueFalse,39327,311,3033,17,10,9,10,10,2,10,10,10,10,10,9,9,10,9,9,9,9,9,10,10,10,10,9,9,10,10,10,10,10,10,10,10,10,4,4,4,10,10,10,10,10,10,9,9,10,4,8,8,9,10,10,10,9,5,6,7,8,9,9,8,9,9
sf,svn,yafdotnet,/trunk/yafsrc/YetAnotherForum.NET/pages/printtopic.ascx.cs,clean,cs,IssueFalse,39327,311,3033,17,5,6,6,7,7,6,6,5,5,10,9,9,9,8,8,9,9,9,10,8,8,10,9,9,7,7,7,8,7,7,7,7,6,4,4,4,10,10,10,9,8,8,5,6,5,3,2,3,7,9,6,4,5,5,5,5,4,5,5,7,6,5
sf,svn,yafdotnet,/trunk/yafsrc/YetAnotherForum.NET/pages/profile.ascx.cs,buggy,cs,IssueFalse,39327,311,3033,17,8,6,9,6,4,6,8,7,7,10,9,9,9,8,8,9,9,9,10,10,9,10,9,9,8,8,8,8,7,7,6,6,6,4,4,4,10,10,10,9,8,8,9,7,7,3,4,3,10,10,9,10,10,4,7,8,6,8,9,8,10,10
sf,svn,yafdotnet,/trunk/yafsrc/YetAnotherForum.NET/pages/recoverpassword.ascx.cs,clean,cs,IssueFalse,39327,311,3033,17,7,7,8,8,6,9,7,6,6,10,9,9,9,8,8,9,9,9,10,9,9,10,9,9,7,7,7,9,8,8,7,8,7,4,4,4,10,10,10,8,7,7,5,6,6,2,2,2,8,9,7,10,10,6,8,8,7,8,9,8,9,10
sf,svn,yafdotnet,/trunk/yafsrc/YetAnotherForum.NET/pages/register.ascx.cs,buggy,cs,IssueFalse,39327,311,3033,17,8,8,9,8,4,7,9,9,8,10,9,9,9,8,8,9,9,9,10,10,10,10,9,9,7,7,7,9,8,8,7,8,7,4,4,4,10,10,10,8,7,7,9,9,8,2,2,2,10,10,9,10,10,7,9,9,9,10,10,6,6,8
sf,svn,yafdotnet,/trunk/yafsrc/YetAnotherForum.NET/pages/rsstopic.ascx.cs,buggy,cs,IssueFalse,39327,311,3033,17,7,6,7,5,4,9,9,8,8,10,9,9,9,7,8,9,9,9,10,8,8,10,9,9,7,7,7,7,6,6,5,6,5,4,4,4,10,10,10,9,8,8,10,9,8,2,2,2,9,10,6,7,5,3,5,5,7,7,7,8,7,8
sf,svn,yafdotnet,/trunk/yafsrc/YetAnotherForum.NET/pages/rules.ascx.cs,clean,cs,IssueFalse,39327,311,3033,17,3,4,3,6,9,4,4,4,3,10,9,9,9,7,8,9,9,9,8,4,4,10,9,9,7,7,7,7,6,6,5,6,5,4,4,4,10,10,10,8,7,7,4,4,4,2,2,2,3,4,3,4,5,3,4,4,9,8,8,7,6,5
sf,svn,yafdotnet,/trunk/yafsrc/YetAnotherForum.NET/pages/search.ascx.cs,buggy,cs,IssueFalse,39327,311,3033,17,9,9,10,9,4,9,10,9,9,10,9,9,9,8,9,9,9,9,10,10,9,10,9,9,9,9,9,10,9,9,9,9,9,4,4,4,10,10,10,9,9,9,7,8,9,4,5,6,7,9,9,10,10,9,10,10,8,9,10,7,9,10
sf,svn,yafdotnet,/trunk/yafsrc/YetAnotherForum.NET/pages/showsmilies.ascx.cs,clean,cs,IssueFalse,39327,311,3033,17,3,4,4,5,8,2,4,3,3,10,9,9,9,7,8,9,9,9,8,4,4,10,9,9,7,7,7,7,6,6,5,6,5,4,4,4,10,10,10,9,8,8,3,3,3,3,3,3,5,4,4,7,8,3,5,5,8,8,8,5,5,5
sf,svn,yafdotnet,/trunk/yafsrc/YetAnotherForum.NET/pages/topics.ascx.cs,buggy,cs,IssueFalse,39327,311,3033,17,9,8,9,9,4,7,10,9,9,10,9,9,9,8,9,9,9,9,10,9,9,10,9,9,9,9,9,10,9,9,9,9,9,4,4,4,10,10,10,10,10,10,9,9,9,4,7,5,9,10,9,8,8,4,6,6,4,5,5,6,6,7
