commit_hash,author_name,author_date_unix_timestamp,author_email,author_date,commit_message,fix,classification,linked,contains_bug,fixes,ns,nd,nf,entropy,la,ld,fileschanged,lt,ndev,age,nuc,exp,rexp,sexp,glm_probability,rf_probability,repository_id,issue_id,issue_date,issue_type
17c3452e24c4f6d5819007ca2b61cdb8d113d558,JanainaLudwig,1538773645,janainaludwig@alunos.utfpr.edu.br,Fri Oct 5 18:07:25 2018 -0300,Instructions for login ,False,None,False,False,,1.0,1.0,1.0,0.0,7.0,0.0,"README.md,CAS_DELIMITER",26.0,1.0,0.013564814814814814,1.0,41.0,18.316666666666663,10.0,0.0,0.0,cc4f1150-1b3b-46d0-85ab-4b4025636a22,,,
942f43f1b0754c32cac1e1d943024c054674040e,JanainaLudwig,1538773440,janainaludwig@alunos.utfpr.edu.br,Fri Oct 5 18:04:00 2018 -0300,"Bug 4 solved; Final adjustments for release 1 For release 1:
 - Boilerplates for filters on manager, notifications on dashboard and cards of manager
 - Libs adjustments
 - Center screen after login
",True,Corrective,True,False,,3.0,14.0,23.0,1.7999502690043003,1115.0,694.0,".idea/dataSources/f6447ca6-5520-41cd-a909-5b591d606c59.xml,CAS_DELIMITER,.idea/dataSources/f6447ca6-5520-41cd-a909-5b591d606c59/storage_v2/_src_/database/healthtime.KccqNg/schema/public.abK9xQ.meta,CAS_DELIMITER,.idea/libraries/HealthTime.xml,CAS_DELIMITER,.idea/libraries/jfoenix_8_0_5.xml,CAS_DELIMITER,.idea/libraries/jfoenix_8_0_7.xml,CAS_DELIMITER,.idea/libraries/postgresql_9_4_1209.xml,CAS_DELIMITER,.idea/workspace.xml,CAS_DELIMITER,HealthTime.iml,CAS_DELIMITER,src/DAO/DAODoctorSpecialty.java,CAS_DELIMITER,src/dashboard/Doctor.java,CAS_DELIMITER,src/dashboard/Specialty.java,CAS_DELIMITER,src/dashboard/modal/ConfirmAppointment.java,CAS_DELIMITER,src/dashboard/view/DashboardController.java,CAS_DELIMITER,src/dashboard/view/DashboardMonth.fxml,CAS_DELIMITER,src/dashboard/view/DashboardMonthController.java,CAS_DELIMITER,src/dashboard/view/DashboardWeek.fxml,CAS_DELIMITER,src/dashboard/view/DashboardWeekController.java,CAS_DELIMITER,src/healthtime/HealthTime.java,CAS_DELIMITER,src/manager/view/AppointmentManager.fxml,CAS_DELIMITER,src/manager/view/card/AppointmentManagerCard.fxml,CAS_DELIMITER,src/manager/view/card/AppointmentManagerCardController.java,CAS_DELIMITER,src/manager/view/modal/CancelAppointment.java,CAS_DELIMITER,src/utils/ControllerUtils.java,CAS_DELIMITER",168.65217391304347,3.0,6.668142109500805,11.0,40.0,17.316666666666663,13.666666666666666,0.0,0.0,cc4f1150-1b3b-46d0-85ab-4b4025636a22,,,
d490b0c6639b5e2616d4390ae90ec56c0ea5269d,JanainaLudwig,1538772473,janainaludwig@alunos.utfpr.edu.br,Fri Oct 5 17:47:53 2018 -0300,Installation instructions ,False,None,False,False,,1.0,1.0,1.0,0.0,9.0,0.0,"README.md,CAS_DELIMITER",17.0,1.0,0.009143518518518518,1.0,39.0,16.316666666666663,8.0,0.0,0.0,cc4f1150-1b3b-46d0-85ab-4b4025636a22,,,
46dda9903a69f06887995c79e7f82975298a3372,JanainaLudwig,1538771683,janainaludwig@alunos.utfpr.edu.br,Fri Oct 5 17:34:43 2018 -0300,Update infos for release 1 ,False,None,False,False,,1.0,1.0,1.0,0.0,16.0,0.0,"README.md,CAS_DELIMITER",1.0,1.0,38.035810185185184,1.0,38.0,15.316666666666665,7.0,0.0,0.0,cc4f1150-1b3b-46d0-85ab-4b4025636a22,,,
0df51e44d5d731cd2412df39d2bb5062123cd113,JanainaLudwig,1538742003,janainaludwig@alunos.utfpr.edu.br,Fri Oct 5 09:20:03 2018 -0300,Add user city on schedule ,False,Feature Addition,False,False,,2.0,4.0,6.0,2.3219280948873626,22.0,8.0,"database/healthtime.ddl,CAS_DELIMITER,database/healthtime.dml,CAS_DELIMITER,src/DAO/DAOAppointment.java,CAS_DELIMITER,src/DAO/DAOUser.java,CAS_DELIMITER,src/dashboard/Appointment.java,CAS_DELIMITER,src/dashboard/view/DashboardController.java,CAS_DELIMITER",119.5,2.0,0.9549209104938271,3.0,37.0,14.316666666666665,19.0,0.0,0.0,cc4f1150-1b3b-46d0-85ab-4b4025636a22,,,
fdbf2dc72569a5cd89172d47e6418f4e07d53ab6,JanainaLudwig,1538704213,janainaludwig@alunos.utfpr.edu.br,Thu Oct 4 22:50:13 2018 -0300,Fix schedule update on appointment cancel ,True,Corrective,True,False,,1.0,5.0,5.0,2.1405621243153936,34.0,4.0,"src/DAO/DAOUser.java,CAS_DELIMITER,src/dashboard/User.java,CAS_DELIMITER,src/manager/view/AppointmentManagerController.java,CAS_DELIMITER,src/manager/view/card/AppointmentManagerCardController.java,CAS_DELIMITER,src/manager/view/modal/CancelAppointment.java,CAS_DELIMITER",77.4,1.0,0.3507708333333334,2.0,36.0,13.566666666666663,29.0,0.0,0.0,cc4f1150-1b3b-46d0-85ab-4b4025636a22,,,
b71b920d42298c7a8421689f06a32f1c2e0e85fe,JanainaLudwig,1538697258,janainaludwig@alunos.utfpr.edu.br,Thu Oct 4 20:54:18 2018 -0300,Cancel appointments ,False,None,False,True,"[""fdbf2dc72569a5cd89172d47e6418f4e07d53ab6""]",2.0,6.0,10.0,2.47609750882548,244.0,18.0,"database/healthtime.ddl,CAS_DELIMITER,database/healthtime.dml,CAS_DELIMITER,src/DAO/DAOAppointment.java,CAS_DELIMITER,src/DAO/DAOUser.java,CAS_DELIMITER,src/manager/UserAppointment.java,CAS_DELIMITER,src/manager/view/AppointmentManagerController.java,CAS_DELIMITER,src/manager/view/card/AppointmentManagerCard.fxml,CAS_DELIMITER,src/manager/view/card/AppointmentManagerCardController.java,CAS_DELIMITER,src/manager/view/modal/CancelAppointment.fxml,CAS_DELIMITER,src/manager/view/modal/CancelAppointment.java,CAS_DELIMITER",64.2,2.0,2.779249999999999,4.0,35.0,12.566666666666663,17.5,0.0,0.0,cc4f1150-1b3b-46d0-85ab-4b4025636a22,,,
cb99deb30cc85dae1679d70573216e2bd468498c,ricardobalbinot,1538590734,ricardo.balbinot@hotmail.com,Wed Oct 3 15:18:54 2018 -0300,Atualização dos horários disponíveis na troca de visão ,False,None,False,True,"[""942f43f1b0754c32cac1e1d943024c054674040e""]",1.0,1.0,2.0,0.9819407868640977,17.0,2.0,"src/dashboard/view/DashboardMonthController.java,CAS_DELIMITER,src/dashboard/view/DashboardWeekController.java,CAS_DELIMITER",234.5,2.0,0.9689293981481482,2.0,12.0,5.833333333333333,10.0,0.0,0.0,cc4f1150-1b3b-46d0-85ab-4b4025636a22,,,
0c883bf9c91cc1d267137549e460792de9810daf,JanainaLudwig,1538580500,janainaludwig@alunos.utfpr.edu.br,Wed Oct 3 12:28:20 2018 -0300,Appointment manager ,False,None,False,True,"[""942f43f1b0754c32cac1e1d943024c054674040e""]",1.0,9.0,16.0,3.37453517847204,321.0,142.0,"src/DAO/DAOSpecialty.java,CAS_DELIMITER,src/DAO/DAOUser.java,CAS_DELIMITER,src/dashboard/Appointment.java,CAS_DELIMITER,src/dashboard/Specialty.java,CAS_DELIMITER,src/dashboard/User.java,CAS_DELIMITER,src/dashboard/modal/ConfirmAppointment.java,CAS_DELIMITER,src/dashboard/view/DashboardController.java,CAS_DELIMITER,src/dashboard/view/DashboardMonthController.java,CAS_DELIMITER,src/manager/AppointmentManagerController.java,CAS_DELIMITER,src/manager/card/AppointmentManagerCard.fxml,CAS_DELIMITER,src/manager/card/AppointmentManagerCardController.java,CAS_DELIMITER,src/manager/view/AppointmentManager.fxml,CAS_DELIMITER,src/manager/view/AppointmentManagerController.java,CAS_DELIMITER,src/manager/view/card/AppointmentManagerCard.fxml,CAS_DELIMITER,src/manager/view/card/AppointmentManagerCardController.java,CAS_DELIMITER,src/resources/css/managerCard.css,CAS_DELIMITER",52.5625,2.0,2.145786313657408,5.0,34.0,12.833333333333332,27.0,0.0,0.0,cc4f1150-1b3b-46d0-85ab-4b4025636a22,,,
af58960ec184c665df68ebc1c30d599cd9dfc150,JanainaLudwig,1538496715,janainaludwig@alunos.utfpr.edu.br,Tue Oct 2 13:11:55 2018 -0300,Doctor refactoring - on Appointment ,False,Non Functional,False,False,,1.0,3.0,6.0,2.2794842243899236,61.0,13.0,"src/DAO/DAOAppointment.java,CAS_DELIMITER,src/DAO/DAODoctor.java,CAS_DELIMITER,src/dashboard/Appointment.java,CAS_DELIMITER,src/dashboard/AvailableAppointment.java,CAS_DELIMITER,src/dashboard/Doctor.java,CAS_DELIMITER,src/manager/UserAppointment.java,CAS_DELIMITER",37.666666666666664,2.0,3.6119290123456795,2.0,33.0,12.166666666666664,26.0,0.0,0.0,cc4f1150-1b3b-46d0-85ab-4b4025636a22,,,
a6dc7a85baf407fcef1ceeecf6a115be1d7973ca,ricardobalbinot,1538433537,ricardo.balbinot@hotmail.com,Mon Oct 1 19:38:57 2018 -0300,Combo box id now is persisted after 2 views transit ,False,None,False,True,"[""942f43f1b0754c32cac1e1d943024c054674040e""]",1.0,1.0,2.0,1.0,8.0,10.0,"src/dashboard/view/DashboardMonthController.java,CAS_DELIMITER,src/dashboard/view/DashboardWeekController.java,CAS_DELIMITER",235.0,2.0,2.1341666666666668,2.0,11.0,5.25,9.0,0.0,0.0,cc4f1150-1b3b-46d0-85ab-4b4025636a22,,,
38a53d63fcde277abfd158f67f0bc5255970a9b9,JanainaLudwig,1538432421,janainaludwig@alunos.utfpr.edu.br,Mon Oct 1 19:20:21 2018 -0300,Refactoring of Appointments and scroll pane in manager modal ,False,Perfective,False,True,"[""942f43f1b0754c32cac1e1d943024c054674040e""]",1.0,9.0,17.0,3.848063752536724,298.0,115.0,"src/DAO/DAOAppointment.java,CAS_DELIMITER,src/DAO/DAOUser.java,CAS_DELIMITER,src/dashboard/Appointment.java,CAS_DELIMITER,src/dashboard/AvailableAppointment.java,CAS_DELIMITER,src/dashboard/User.java,CAS_DELIMITER,src/dashboard/WeekDay.java,CAS_DELIMITER,src/dashboard/appointmentCard/AppointmentCard.java,CAS_DELIMITER,src/dashboard/appointmentManager/AppointmentManager.fxml,CAS_DELIMITER,src/dashboard/modal/ConfirmAppointment.java,CAS_DELIMITER,src/dashboard/view/DashboardController.java,CAS_DELIMITER,src/dashboard/view/DashboardWeekController.java,CAS_DELIMITER,src/manager/AppointmentManager.fxml,CAS_DELIMITER,src/manager/AppointmentManagerController.java,CAS_DELIMITER,src/manager/UserAppointment.java,CAS_DELIMITER,src/manager/card/AppointmentManagerCard.fxml,CAS_DELIMITER,src/manager/card/AppointmentManagerCardController.java,CAS_DELIMITER,src/utils/DateUtils.java,CAS_DELIMITER",63.294117647058826,2.0,5.7542994281045745,7.0,32.0,11.499999999999998,25.0,0.0,0.0,cc4f1150-1b3b-46d0-85ab-4b4025636a22,,,
dedcaf2429c0cd02a70ff41517e4dca6f3dc8bc7,JanainaLudwig,1538178377,janainaludwig@alunos.utfpr.edu.br,Fri Sep 28 20:46:17 2018 -0300,Appointment manager opens a modal ,False,None,False,False,,1.0,2.0,5.0,1.7533002970615719,95.0,6.0,"src/dashboard/appointmentManager/AppointmentManager.fxml,CAS_DELIMITER,src/dashboard/appointmentManager/AppointmentManagerController.java,CAS_DELIMITER,src/dashboard/view/DashboardController.java,CAS_DELIMITER,src/dashboard/view/DashboardMonth.fxml,CAS_DELIMITER,src/dashboard/view/DashboardWeek.fxml,CAS_DELIMITER",186.0,2.0,3.8738495370370374,3.0,31.0,11.716666666666665,24.0,0.0,0.0,cc4f1150-1b3b-46d0-85ab-4b4025636a22,,,
097f44424dcf51a033387847f423d9043c35f449,JanainaLudwig,1538065869,janainaludwig@alunos.utfpr.edu.br,Thu Sep 27 13:31:09 2018 -0300,Bug 3 fixed ,True,Corrective,True,False,,3.0,12.0,20.0,1.8390829916334825,1859.0,139.0,".idea/artifacts/HealthTime.xml,CAS_DELIMITER,.idea/dataSources.local.xml,CAS_DELIMITER,.idea/dataSources.xml,CAS_DELIMITER,.idea/dataSources/f6447ca6-5520-41cd-a909-5b591d606c59.xml,CAS_DELIMITER,.idea/dataSources/f6447ca6-5520-41cd-a909-5b591d606c59/storage_v2/_src_/database/healthtime.KccqNg.meta,CAS_DELIMITER,.idea/dataSources/f6447ca6-5520-41cd-a909-5b591d606c59/storage_v2/_src_/database/healthtime.KccqNg/schema/public.abK9xQ.meta,CAS_DELIMITER,.idea/encodings.xml,CAS_DELIMITER,.idea/libraries/HealthTime.xml,CAS_DELIMITER,.idea/libraries/jfoenix_8_0_5.xml,CAS_DELIMITER,.idea/libraries/postgresql_9_4_1209.xml,CAS_DELIMITER,.idea/uiDesigner.xml,CAS_DELIMITER,.idea/vcs.xml,CAS_DELIMITER,.idea/workspace.xml,CAS_DELIMITER,database/healthtime.ddl,CAS_DELIMITER,src/DAO/DAOAppointment.java,CAS_DELIMITER,src/dashboard/Appointment.java,CAS_DELIMITER,src/dashboard/MonthDay.java,CAS_DELIMITER,src/dashboard/view/DashboardMonthController.java,CAS_DELIMITER,src/healthtime/HealthTime.java,CAS_DELIMITER,src/login/view/LoginController.java,CAS_DELIMITER",51.75,3.0,5.2220734953703705,7.0,30.0,12.766666666666667,9.666666666666666,0.0,0.0,cc4f1150-1b3b-46d0-85ab-4b4025636a22,,,
b7a139ee13c3a6fb1b6c1301458f9dc7e97a0441,ricardobalbinot,1538059628,ricardo.balbinot@hotmail.com,Thu Sep 27 11:47:08 2018 -0300,Fixed BUG5 - filter combo box id now is persisted after views transitions ,True,Corrective,True,True,"[""942f43f1b0754c32cac1e1d943024c054674040e""]",1.0,2.0,4.0,1.6573598638913374,53.0,11.0,"src/dashboard/view/DashboardController.java,CAS_DELIMITER,src/dashboard/view/DashboardMonthController.java,CAS_DELIMITER,src/dashboard/view/DashboardWeekController.java,CAS_DELIMITER,src/resources/css/comboBox.css,CAS_DELIMITER",161.0,2.0,4.704129050925927,4.0,10.0,5.166666666666666,8.0,0.0,0.0,cc4f1150-1b3b-46d0-85ab-4b4025636a22,,,
07ee6345c799a5570d03e780f3e961fe8f3ff1a0,JanainaLudwig,1537796395,janainaludwig@alunos.utfpr.edu.br,Mon Sep 24 10:39:55 2018 -0300,Bug: weekly vision was showing the past ,True,Corrective,True,False,,1.0,1.0,1.0,0.0,5.0,0.0,"src/dashboard/view/DashboardMonthController.java,CAS_DELIMITER",185.0,2.0,0.045474537037037036,1.0,29.0,14.166666666666668,22.0,0.0,0.0,cc4f1150-1b3b-46d0-85ab-4b4025636a22,,,
639a116f13127bf1b4f2038d7e90214ada95ee99,ricardobalbinot,1537795493,ricardo.balbinot@hotmail.com,Mon Sep 24 10:24:53 2018 -0300,Show only released specialties ,False,None,False,True,"[""942f43f1b0754c32cac1e1d943024c054674040e""]",2.0,3.0,4.0,1.5940222793697916,29.0,17.0,"database/healthtime.ddl,CAS_DELIMITER,database/healthtime.dml,CAS_DELIMITER,src/DAO/DAODoctorSpecialty.java,CAS_DELIMITER,src/dashboard/view/DashboardController.java,CAS_DELIMITER",122.5,2.0,4.834673032407407,3.0,9.0,6.833333333333333,4.5,0.0,0.0,cc4f1150-1b3b-46d0-85ab-4b4025636a22,,,
9444e2558469802d0e4337f6080696e3702d724c,JanainaLudwig,1537792466,janainaludwig@alunos.utfpr.edu.br,Mon Sep 24 09:34:26 2018 -0300,Keep the date when the vision is changed ,False,None,False,True,"[""b7a139ee13c3a6fb1b6c1301458f9dc7e97a0441""]",1.0,1.0,2.0,0.6500224216483541,10.0,2.0,"src/dashboard/view/DashboardMonthController.java,CAS_DELIMITER,src/dashboard/view/DashboardWeekController.java,CAS_DELIMITER",217.5,2.0,4.052413194444444,2.0,28.0,13.166666666666668,21.0,0.0,0.0,cc4f1150-1b3b-46d0-85ab-4b4025636a22,,,
4059426d43f49f240fd73716a8c9403006e236e1,JanainaLudwig,1537484855,janainaludwig@alunos.utfpr.edu.br,Thu Sep 20 20:07:35 2018 -0300,Appointment schedule ,False,None,False,True,"[""b7a139ee13c3a6fb1b6c1301458f9dc7e97a0441"", ""097f44424dcf51a033387847f423d9043c35f449""]",1.0,4.0,8.0,2.608752390701233,108.0,31.0,"src/DAO/DAOAppointment.java,CAS_DELIMITER,src/dashboard/Appointment.java,CAS_DELIMITER,src/dashboard/User.java,CAS_DELIMITER,src/dashboard/WeekDay.java,CAS_DELIMITER,src/dashboard/modal/ConfirmAppointment.fxml,CAS_DELIMITER,src/dashboard/modal/ConfirmAppointment.java,CAS_DELIMITER,src/dashboard/view/DashboardController.java,CAS_DELIMITER,src/dashboard/view/DashboardWeekController.java,CAS_DELIMITER",96.0,2.0,3.0137861689814813,4.0,27.0,16.166666666666668,20.0,0.0,0.0,cc4f1150-1b3b-46d0-85ab-4b4025636a22,,,
80d3ad76e2bda4a227bf9cf7ecbc3543ae36ac71,ricardobalbinot,1537403332,ricardo.balbinot@hotmail.com,Wed Sep 19 21:28:52 2018 -0300,Week vision ComboBoxes ,False,None,False,False,,1.0,1.0,1.0,0.0,41.0,23.0,"src/dashboard/view/DashboardWeek.fxml,CAS_DELIMITER",334.0,1.0,5.890509259259259,1.0,8.0,7.0,6.0,0.0,0.0,cc4f1150-1b3b-46d0-85ab-4b4025636a22,,,
e8972f78904527e2705b7ca828ce622b36d9128a,ricardobalbinot,1537399820,ricardo.balbinot@hotmail.com,Wed Sep 19 20:30:20 2018 -0300,Alter createCalendar function call ,False,Feature Addition,False,False,,1.0,1.0,3.0,1.3709505944546687,11.0,4.0,"src/dashboard/view/DashboardController.java,CAS_DELIMITER,src/dashboard/view/DashboardMonthController.java,CAS_DELIMITER,src/dashboard/view/DashboardWeekController.java,CAS_DELIMITER",202.33333333333334,2.0,0.016319444444444442,2.0,7.0,6.0,5.0,0.0,0.0,cc4f1150-1b3b-46d0-85ab-4b4025636a22,,,
96b44352608dadbc6d48c3fd4c0c235696dbdbbe,ricardobalbinot,1537398668,ricardo.balbinot@hotmail.com,Wed Sep 19 20:11:08 2018 -0300,ComboBoxes selection check ,False,None,False,True,"[""b7a139ee13c3a6fb1b6c1301458f9dc7e97a0441"", ""942f43f1b0754c32cac1e1d943024c054674040e""]",2.0,3.0,4.0,0.9274479232123118,32.0,14.0,"database/healthtime.dml,CAS_DELIMITER,src/DAO/DAODoctorSpecialty.java,CAS_DELIMITER,src/dashboard/view/DashboardController.java,CAS_DELIMITER,src/dashboard/view/DashboardMonth.fxml,CAS_DELIMITER",173.5,2.0,1.480842013888889,3.0,6.0,5.0,2.5,0.0,0.0,cc4f1150-1b3b-46d0-85ab-4b4025636a22,,,
b9bb3a63032dfb6a6fb3e6c3751869e0a4ccaa26,JanainaLudwig,1537398281,janainaludwig@alunos.utfpr.edu.br,Wed Sep 19 20:04:41 2018 -0300,Confirmation modal for appointment ,False,None,False,True,"[""097f44424dcf51a033387847f423d9043c35f449""]",1.0,6.0,11.0,2.481448729919996,203.0,17.0,"src/DAO/DAOAppointment.java,CAS_DELIMITER,src/DAO/DAODoctorSpecialty.java,CAS_DELIMITER,src/dashboard/Appointment.java,CAS_DELIMITER,src/dashboard/appointmentCard/AppointmentCard.fxml,CAS_DELIMITER,src/dashboard/appointmentCard/AppointmentCard.java,CAS_DELIMITER,src/dashboard/modal/ConfirmAppointment.fxml,CAS_DELIMITER,src/dashboard/modal/ConfirmAppointment.java,CAS_DELIMITER,src/dashboard/view/DashboardMonthController.java,CAS_DELIMITER,src/dashboard/view/DashboardWeekController.java,CAS_DELIMITER,src/utils/ControllerUtils.java,CAS_DELIMITER,src/utils/DateUtils.java,CAS_DELIMITER",72.81818181818181,2.0,4.320502946127946,6.0,26.0,16.416666666666668,19.0,0.0,0.0,cc4f1150-1b3b-46d0-85ab-4b4025636a22,,,
cbce5c0e97391d8edca2c696e01541aa2599bb47,JanainaLudwig,1537228922,janainaludwig@alunos.utfpr.edu.br,Mon Sep 17 21:02:02 2018 -0300,Merge branch 'master' of https://github.com/ricardobalbinot/HealthTime ,,Merge,False,False,,0.0,0.0,0.0,0.0,0.0,0.0,,0.0,0.0,0.0,0.0,0.0,0.0,0.0,0.0,0.0,cc4f1150-1b3b-46d0-85ab-4b4025636a22,,,
94176a1fc793c8fd48c740939426e839c0cd74c0,JanainaLudwig,1537228918,janainaludwig@alunos.utfpr.edu.br,Mon Sep 17 21:01:58 2018 -0300,Filters for schedule ,False,None,False,True,"[""b7a139ee13c3a6fb1b6c1301458f9dc7e97a0441"", ""097f44424dcf51a033387847f423d9043c35f449"", ""942f43f1b0754c32cac1e1d943024c054674040e""]",2.0,4.0,7.0,2.5542263978244257,47.0,25.0,"database/healthtime.ddl,CAS_DELIMITER,database/healthtime.dml,CAS_DELIMITER,src/DAO/DAOAppointment.java,CAS_DELIMITER,src/dashboard/MonthDay.java,CAS_DELIMITER,src/dashboard/view/DashboardController.java,CAS_DELIMITER,src/dashboard/view/DashboardMonthController.java,CAS_DELIMITER,src/dashboard/view/DashboardWeekController.java,CAS_DELIMITER",131.14285714285714,2.0,3.115877976190476,6.0,25.0,17.333333333333336,11.5,0.0,0.0,cc4f1150-1b3b-46d0-85ab-4b4025636a22,,,
4e87f679e80902e1abc04b094f084d7238f6721b,ricardobalbinot,1537228411,ricardo.balbinot@hotmail.com,Mon Sep 17 20:53:31 2018 -0300,Final ComboBoxes stylization ,False,None,False,False,,1.0,1.0,1.0,0.0,6.0,8.0,"src/resources/css/comboBox.css,CAS_DELIMITER",20.0,1.0,0.01892361111111111,1.0,5.0,4.5,3.0,0.0,0.0,cc4f1150-1b3b-46d0-85ab-4b4025636a22,,,
ed7ac2d8500a028f8990df2ba4e271c15a613c89,ricardobalbinot,1537226817,ricardo.balbinot@hotmail.com,Mon Sep 17 20:26:57 2018 -0300,Merge branch 'master' of https://github.com/ricardobalbinot/HealthTime ,,Merge,False,False,,0.0,0.0,0.0,0.0,0.0,0.0,,0.0,0.0,0.0,0.0,0.0,0.0,0.0,0.0,0.0,cc4f1150-1b3b-46d0-85ab-4b4025636a22,,,
a610132a0382c922f1c85af00848698b39433c40,ricardobalbinot,1537226776,ricardo.balbinot@hotmail.com,Mon Sep 17 20:26:16 2018 -0300,Improvements in ComboBoxes stylization ,False,None,False,False,,1.0,2.0,3.0,0.9912642605354288,24.0,2.0,"src/dashboard/view/DashboardController.java,CAS_DELIMITER,src/dashboard/view/DashboardMonth.fxml,CAS_DELIMITER,src/resources/css/comboBox.css,CAS_DELIMITER",175.66666666666666,2.0,2.6644212962962963,1.0,4.0,3.5,2.0,0.0,0.0,cc4f1150-1b3b-46d0-85ab-4b4025636a22,,,
e59d861082c43248aa0e08f9eb8d77ec48fb76b4,JanainaLudwig,1537226697,janainaludwig@alunos.utfpr.edu.br,Mon Sep 17 20:24:57 2018 -0300,App icon and title ,False,None,False,True,"[""942f43f1b0754c32cac1e1d943024c054674040e""]",1.0,1.0,1.0,0.0,5.0,7.0,"src/healthtime/HealthTime.java,CAS_DELIMITER",54.0,1.0,5.043043981481482,1.0,24.0,16.333333333333336,17.0,0.0,0.0,cc4f1150-1b3b-46d0-85ab-4b4025636a22,,,
23ef2744157e50ea36488ee1df399e7dbb98b957,z3rocall,1537138121,alessandrosilva@alunos.utfpr.edu.br,Sun Sep 16 19:48:41 2018 -0300,Update .gitignore Update of .gitignore in order to be team-friendly,False,None,False,False,,1.0,1.0,1.0,0.0,2.0,1.0,".gitignore,CAS_DELIMITER",2.0,2.0,1.972164351851852,1.0,0.0,0.0,0.0,0.0,0.0,cc4f1150-1b3b-46d0-85ab-4b4025636a22,,,
838c139cc85a63a6ad5b6f5d816f54dfa51f3318,Alessandro Gambin da Silva,1536967726,alessandrosilva@alunos.utfpr.edu.br,Fri Sep 14 20:28:46 2018 -0300,Maintenance in project structure ,False,None,False,False,,4.0,11.0,21.0,2.7008711106404335,331.0,16865.0,".gitignore,CAS_DELIMITER,.idea/libraries/jfoenix_8_0_5.xml,CAS_DELIMITER,.idea/libraries/postgresql_9_4_1209.xml,CAS_DELIMITER,.idea/misc.xml,CAS_DELIMITER,.idea/modules.xml,CAS_DELIMITER,.idea/vcs.xml,CAS_DELIMITER,.idea/workspace.xml,CAS_DELIMITER,build/built-jar.properties,CAS_DELIMITER,build/classes/login/view/Login.fxml,CAS_DELIMITER,build/classes/resources/css/login.css,CAS_DELIMITER,build/classes/resources/images/intro.svg,CAS_DELIMITER,build/classes/resources/images/logo.ai,CAS_DELIMITER,build/classes/resources/images/logo.svg,CAS_DELIMITER,build/classes/resources/images/logonew.ai,CAS_DELIMITER,build/classes/resources/images/logonew.svg,CAS_DELIMITER,dist/HealthTime.html,CAS_DELIMITER,dist/HealthTime.jnlp,CAS_DELIMITER,dist/run1475590214/HealthTime.html,CAS_DELIMITER,dist/run1475590214/HealthTime.jnlp,CAS_DELIMITER,dist/run1475590214/web-files/dtjava.js,CAS_DELIMITER,dist/web-files/dtjava.js,CAS_DELIMITER",803.047619047619,1.0,10.026735559964726,3.0,1.0,1.0,0.0,0.0,0.0,cc4f1150-1b3b-46d0-85ab-4b4025636a22,,,
a31d75c0859a4d51f539023865ba4cdf33e9695b,Alessandro Gambin da Silva,1536966539,alessandrosilva@alunos.utfpr.edu.br,Fri Sep 14 20:08:59 2018 -0300,Maintenance in project structure ,False,None,False,False,,1.0,5.0,11.0,2.5513274374918318,0.0,10082.0,"out/production/HealthTime/dashboard/appointmentCard/AppointmentCard.fxml,CAS_DELIMITER,out/production/HealthTime/dashboard/view/DashboardMonth.fxml,CAS_DELIMITER,out/production/HealthTime/dashboard/view/DashboardWeek.fxml,CAS_DELIMITER,out/production/HealthTime/login/view/Login.fxml,CAS_DELIMITER,out/production/HealthTime/resources/css/login.css,CAS_DELIMITER,out/production/HealthTime/resources/images/arrow_left.ai,CAS_DELIMITER,out/production/HealthTime/resources/images/intro.svg,CAS_DELIMITER,out/production/HealthTime/resources/images/logo.ai,CAS_DELIMITER,out/production/HealthTime/resources/images/logo.svg,CAS_DELIMITER,out/production/HealthTime/resources/images/logonew.ai,CAS_DELIMITER,out/production/HealthTime/resources/images/logonew.svg,CAS_DELIMITER",916.4545454545455,1.0,9.550854377104377,6.0,0.0,0.0,0.0,0.0,0.0,cc4f1150-1b3b-46d0-85ab-4b4025636a22,,,
cfc8273632560e8432fc92f73a09f70fe9f043f7,JanainaLudwig,1536964981,janainaludwig@alunos.utfpr.edu.br,Fri Sep 14 19:43:01 2018 -0300,alterado gitignore ,False,None,False,False,,1.0,1.0,1.0,0.0,2.0,1.0,".gitignore,CAS_DELIMITER",2.0,1.0,0.005208333333333333,1.0,23.0,16.5,6.0,0.0,0.0,cc4f1150-1b3b-46d0-85ab-4b4025636a22,,,
235924027b9e23c6ba9f25b7329424b98e6edb70,JanainaLudwig,1536964531,janainaludwig@alunos.utfpr.edu.br,Fri Sep 14 19:35:31 2018 -0300,git ignore out ,False,None,False,False,,2.0,2.0,2.0,0.9182958340544896,2.0,1.0,".gitignore,CAS_DELIMITER,src/dashboard/view/DashboardMonthController.java,CAS_DELIMITER",89.0,2.0,0.39004629629629634,2.0,22.0,15.5,10.5,0.0,0.0,cc4f1150-1b3b-46d0-85ab-4b4025636a22,,,
b0f56066ba879317743362752f36317765dd8b7f,JanainaLudwig,1536964185,janainaludwig@alunos.utfpr.edu.br,Fri Sep 14 19:29:45 2018 -0300,git ignore ,False,None,False,False,,2.0,2.0,3.0,0.9609476580095212,6.0,29.0,".gitignore,CAS_DELIMITER,out/production/HealthTime/dashboard/view/DashboardMonth.fxml,CAS_DELIMITER,out/production/HealthTime/dashboard/view/DashboardWeek.fxml,CAS_DELIMITER",246.66666666666666,1.0,1.8818595679012347,3.0,21.0,14.5,7.0,0.0,0.0,cc4f1150-1b3b-46d0-85ab-4b4025636a22,,,
d22c6e31533379ba34d70738063e6ac819c2e267,ricardobalbinot,1536963941,ricardo.balbinot@hotmail.com,Fri Sep 14 19:25:41 2018 -0300,New doctors insertion ,False,Feature Addition,False,False,,1.0,1.0,1.0,0.0,12.0,3.0,"database/healthtime.dml,CAS_DELIMITER",67.0,2.0,0.7692592592592593,1.0,3.0,3.0,0.0,0.0,0.0,cc4f1150-1b3b-46d0-85ab-4b4025636a22,,,
237f3917f8458eacaf36503465bcfe9d7d0f94ad,JanainaLudwig,1536897477,janainaludwig@alunos.utfpr.edu.br,Fri Sep 14 00:57:57 2018 -0300,Available appointment days (month vision) ,False,None,False,False,,2.0,5.0,6.0,2.095855528931481,44.0,54.0,"database/healthtime.dml,CAS_DELIMITER,src/DAO/DAOAppointment.java,CAS_DELIMITER,src/dashboard/MonthDay.java,CAS_DELIMITER,src/dashboard/WeekDay.java,CAS_DELIMITER,src/dashboard/view/DashboardMonthController.java,CAS_DELIMITER,src/utils/DateUtils.java,CAS_DELIMITER",76.16666666666667,2.0,0.8159413580246914,5.0,20.0,13.666666666666666,9.5,0.0,0.0,cc4f1150-1b3b-46d0-85ab-4b4025636a22,,,
0f13b093bda24d978409baeda00203442af6a7f8,JanainaLudwig,1536897338,janainaludwig@alunos.utfpr.edu.br,Fri Sep 14 00:55:38 2018 -0300,gitignore correction ,True,Corrective,True,False,,1.0,1.0,1.0,0.0,1.0,1.0,".gitignore,CAS_DELIMITER",2.0,1.0,0.2800578703703704,1.0,19.0,12.666666666666666,3.0,0.0,0.0,cc4f1150-1b3b-46d0-85ab-4b4025636a22,,,
0e560b45742ea679c812abf2d74054fd975d0fb4,JanainaLudwig,1536894392,janainaludwig@alunos.utfpr.edu.br,Fri Sep 14 00:06:32 2018 -0300,Weekly calendar corrections ,True,Corrective,True,False,,1.0,2.0,3.0,1.102985711275273,36.0,7.0,"src/dashboard/view/DashboardWeek.fxml,CAS_DELIMITER,src/dashboard/view/DashboardWeekController.java,CAS_DELIMITER,src/utils/DateUtils.java,CAS_DELIMITER",206.33333333333334,1.0,0.21171296296296296,2.0,18.0,11.666666666666666,14.0,0.0,0.0,cc4f1150-1b3b-46d0-85ab-4b4025636a22,,,
cd89399a077b09aa7c591e0629e8b48f4dfddcdc,JanainaLudwig,1536881602,janainaludwig@alunos.utfpr.edu.br,Thu Sep 13 20:33:22 2018 -0300,Calendar exibition (month) ,False,None,False,False,,2.0,4.0,4.0,1.762702200344974,42.0,15.0,"database/healthtime.dml,CAS_DELIMITER,src/DAO/DAOAppointment.java,CAS_DELIMITER,src/dashboard/view/DashboardWeekController.java,CAS_DELIMITER,src/resources/css/dashboardCalendar.css,CAS_DELIMITER",94.0,2.0,1.0088020833333333,2.0,17.0,10.666666666666666,8.0,0.0,0.0,cc4f1150-1b3b-46d0-85ab-4b4025636a22,,,
5f57b668ab6ab3f04b0ea539997146aa52f35121,ricardobalbinot,1536881467,ricardo.balbinot@hotmail.com,Thu Sep 13 20:31:07 2018 -0300,Initial combobox association ,False,Feature Addition,False,True,"[""b7a139ee13c3a6fb1b6c1301458f9dc7e97a0441"", ""942f43f1b0754c32cac1e1d943024c054674040e""]",1.0,3.0,6.0,2.3156098843430564,144.0,39.0,"src/DAO/DAODoctorSpecialty.java,CAS_DELIMITER,src/dashboard/Doctor.java,CAS_DELIMITER,src/dashboard/Specialty.java,CAS_DELIMITER,src/dashboard/view/DashboardController.java,CAS_DELIMITER,src/dashboard/view/DashboardMonth.fxml,CAS_DELIMITER,src/dashboard/view/DashboardMonthController.java,CAS_DELIMITER",115.66666666666667,2.0,1.0546604938271606,3.0,2.0,2.0,1.0,0.0,0.0,cc4f1150-1b3b-46d0-85ab-4b4025636a22,,,
f83832e6273788924bb84dd98e0040a9d481a411,JanainaLudwig,1536873349,janainaludwig@alunos.utfpr.edu.br,Thu Sep 13 18:15:49 2018 -0300,Exibition of available appointments in weekly vision ,False,None,False,True,"[""0e560b45742ea679c812abf2d74054fd975d0fb4""]",2.0,6.0,9.0,2.626361890175487,246.0,27.0,"database/healthtime.ddl,CAS_DELIMITER,src/DAO/DAOAppointment.java,CAS_DELIMITER,src/dashboard/Appointment.java,CAS_DELIMITER,src/dashboard/AppointmentTime.java,CAS_DELIMITER,src/dashboard/WeekDay.java,CAS_DELIMITER,src/dashboard/appointmentCard/AppointmentCard.java,CAS_DELIMITER,src/dashboard/view/DashboardWeek.fxml,CAS_DELIMITER,src/dashboard/view/DashboardWeekController.java,CAS_DELIMITER,src/utils/DateUtils.java,CAS_DELIMITER",94.88888888888889,2.0,2.3713130144032926,4.0,16.0,9.666666666666666,7.0,0.0,0.0,cc4f1150-1b3b-46d0-85ab-4b4025636a22,,,
8b8c050b0e2d12b6f68265f107dd397b3df99fac,JanainaLudwig,1536873141,janainaludwig@alunos.utfpr.edu.br,Thu Sep 13 18:12:21 2018 -0300,Gitignore out ,False,None,False,False,,1.0,1.0,1.0,0.0,1.0,0.0,".gitignore,CAS_DELIMITER",2.0,1.0,16.058599537037036,1.0,15.0,8.666666666666666,2.0,0.0,0.0,cc4f1150-1b3b-46d0-85ab-4b4025636a22,,,
5cc8e905c1d29c3d796726f9aea34fec4a1c1a8b,JanainaLudwig,1536790978,janainaludwig@alunos.utfpr.edu.br,Wed Sep 12 19:22:58 2018 -0300,Remove of unused files ,False,None,False,False,,2.0,3.0,5.0,1.597090743094555,64.0,849.0,"out/production/HealthTime/dashboard/view/Dashboard.fxml,CAS_DELIMITER,out/production/HealthTime/dashboard/view/DashboardMonth.fxml,CAS_DELIMITER,src/dashboard/view/Dashboard.fxml,CAS_DELIMITER,src/dashboard/view/DashboardMonth.fxml,CAS_DELIMITER,src/healthtime/HealthTime.java,CAS_DELIMITER",327.8,1.0,2.022152777777778,2.0,14.0,8.166666666666666,10.0,0.0,0.0,cc4f1150-1b3b-46d0-85ab-4b4025636a22,,,
3c6028543c4cab58b3a38987365ed6a5915f4e88,ricardobalbinot,1536755232,ricardo.balbinot@hotmail.com,Wed Sep 12 09:27:12 2018 -0300, Initial availability filters ,False,Feature Addition,False,False,,1.0,1.0,1.0,0.0,59.0,0.0,"src/DAO/DAODoctorSpecialty.java,CAS_DELIMITER",0.0,0.0,0.0,0.0,1.0,1.0,0.0,0.0,0.0,cc4f1150-1b3b-46d0-85ab-4b4025636a22,,,
438eca4be05f7949e9d43ac01844ae8d126f8cea,JanainaLudwig,1536716461,janainaludwig@alunos.utfpr.edu.br,Tue Sep 11 22:41:01 2018 -0300,Navegação semanal ,False,None,False,True,"[""097f44424dcf51a033387847f423d9043c35f449""]",2.0,6.0,12.0,2.842445858149194,174.0,113.0,"out/production/HealthTime/dashboard/appointmentCard/AppointmentCard.fxml,CAS_DELIMITER,out/production/HealthTime/dashboard/view/DashboardMonth.fxml,CAS_DELIMITER,out/production/HealthTime/dashboard/view/DashboardWeek.fxml,CAS_DELIMITER,out/production/HealthTime/resources/css/login.css,CAS_DELIMITER,src/dashboard/appointmentCard/AppointmentCard.fxml,CAS_DELIMITER,src/dashboard/appointmentCard/AppointmentCard.java,CAS_DELIMITER,src/dashboard/view/DashboardController.java,CAS_DELIMITER,src/dashboard/view/DashboardMonth.fxml,CAS_DELIMITER,src/dashboard/view/DashboardMonthController.java,CAS_DELIMITER,src/dashboard/view/DashboardWeek.fxml,CAS_DELIMITER,src/dashboard/view/DashboardWeekController.java,CAS_DELIMITER,src/resources/css/login.css,CAS_DELIMITER",171.16666666666666,1.0,2.0118325617283954,4.0,13.0,7.333333333333333,9.0,0.0,0.0,cc4f1150-1b3b-46d0-85ab-4b4025636a22,,,
91e9b2ff90e3ce9739ac54086d660f5026ebb802,JanainaLudwig,1536694537,janainaludwig@alunos.utfpr.edu.br,Tue Sep 11 16:35:37 2018 -0300,Weekly navigation ,False,None,False,True,"[""0e560b45742ea679c812abf2d74054fd975d0fb4"", ""097f44424dcf51a033387847f423d9043c35f449""]",2.0,4.0,8.0,1.960457731721535,361.0,401.0,"out/production/HealthTime/dashboard/view/DashboardWeek.fxml,CAS_DELIMITER,src/dashboard/Appointment.java,CAS_DELIMITER,src/dashboard/WeekDay.java,CAS_DELIMITER,src/dashboard/appointmentCard/AppointmentCard.java,CAS_DELIMITER,src/dashboard/view/DashboardController.java,CAS_DELIMITER,src/dashboard/view/DashboardMonthController.java,CAS_DELIMITER,src/dashboard/view/DashboardWeek.fxml,CAS_DELIMITER,src/dashboard/view/DashboardWeekController.java,CAS_DELIMITER",154.375,1.0,1.4691796875,1.0,12.0,7.0,8.0,0.0,0.0,cc4f1150-1b3b-46d0-85ab-4b4025636a22,,,
2a106aad028d7de5b5ecc91bce18b2f87176ccfe,JanainaLudwig,1536549466,janainaludwig@alunos.utfpr.edu.br,Mon Sep 10 00:17:46 2018 -0300,Controllers refactoring and weekly view (incomplete) ,False,Perfective,False,True,"[""097f44424dcf51a033387847f423d9043c35f449"", ""942f43f1b0754c32cac1e1d943024c054674040e""]",3.0,10.0,21.0,3.522019057656085,2784.0,292.0,"database/healthtime.ddl,CAS_DELIMITER,database/healthtime.dml,CAS_DELIMITER,out/production/HealthTime/dashboard/appointmentCard/AppointmentCard.fxml,CAS_DELIMITER,out/production/HealthTime/dashboard/view/Dashboard.fxml,CAS_DELIMITER,out/production/HealthTime/dashboard/view/DashboardMonth.fxml,CAS_DELIMITER,out/production/HealthTime/dashboard/view/DashboardWeek.fxml,CAS_DELIMITER,out/production/HealthTime/resources/images/arrow_left.ai,CAS_DELIMITER,src/dashboard/AppointmentTime.java,CAS_DELIMITER,src/dashboard/MonthDay.java,CAS_DELIMITER,src/dashboard/WeekDay.java,CAS_DELIMITER,src/dashboard/appointmentCard/AppointmentCard.fxml,CAS_DELIMITER,src/dashboard/appointmentCard/AppointmentCard.java,CAS_DELIMITER,src/dashboard/view/Dashboard.fxml,CAS_DELIMITER,src/dashboard/view/DashboardController.java,CAS_DELIMITER,src/dashboard/view/DashboardMonth.fxml,CAS_DELIMITER,src/dashboard/view/DashboardMonthController.java,CAS_DELIMITER,src/dashboard/view/DashboardWeek.fxml,CAS_DELIMITER,src/dashboard/view/DashboardWeekController.java,CAS_DELIMITER,src/healthtime/HealthTime.java,CAS_DELIMITER,src/login/view/LoginController.java,CAS_DELIMITER,src/utils/ControllerUtils.java,CAS_DELIMITER",61.95238095238095,2.0,0.5003742283950616,4.0,11.0,6.0,5.0,0.0,0.0,cc4f1150-1b3b-46d0-85ab-4b4025636a22,,,
f9fba78973886cc4a2e64a73f067d154f1c7e7fe,JanainaLudwig,1536505470,janainaludwig@alunos.utfpr.edu.br,Sun Sep 9 12:04:30 2018 -0300,Today highlight ,False,None,False,True,"[""097f44424dcf51a033387847f423d9043c35f449""]",1.0,10.0,21.0,3.079082885514212,2900.0,2421.0,"src/DAO/DAODoctorLogin.java,CAS_DELIMITER,src/DAO/DAOPatientLogin.java,CAS_DELIMITER,src/DAO/DAOUser.java,CAS_DELIMITER,src/dashboard/Day.java,CAS_DELIMITER,src/dashboard/User.java,CAS_DELIMITER,src/dashboard/view/Dashboard.fxml,CAS_DELIMITER,src/dashboard/view/DashboardController.java,CAS_DELIMITER,src/database/ConnectionDB.java,CAS_DELIMITER,src/healthtime/HealthTime.java,CAS_DELIMITER,src/login/ConsultantLogin.java,CAS_DELIMITER,src/login/DoctorLogin.java,CAS_DELIMITER,src/login/Hash.java,CAS_DELIMITER,src/login/IUserLogin.java,CAS_DELIMITER,src/login/UserLogin.java,CAS_DELIMITER,src/login/view/LoginController.java,CAS_DELIMITER,src/resources/css/login.css,CAS_DELIMITER,src/resources/images/arrow_left.ai,CAS_DELIMITER,src/resources/images/intro.svg,CAS_DELIMITER,src/resources/images/logo.svg,CAS_DELIMITER,src/resources/images/logonew.svg,CAS_DELIMITER,src/utils/DateUtils.java,CAS_DELIMITER",412.0,1.0,8.485703813932982,5.0,10.0,5.5,7.0,0.0,0.0,cc4f1150-1b3b-46d0-85ab-4b4025636a22,,,
98ff530f8cc25f0f1d7484cb4d8e77c2fb43037c,ricardobalbinot,1536502230,33067827+ricardobalbinot@users.noreply.github.com,Sun Sep 9 11:10:30 2018 -0300,Initial appointment's filters ddl and dml ,False,Feature Addition,False,False,,1.0,1.0,2.0,0.8390040613676977,141.0,64.0,"database/healthtime.ddl,CAS_DELIMITER,database/healthtime.dml,CAS_DELIMITER",31.5,1.0,11.762118055555556,1.0,0.0,0.0,0.0,0.0,0.0,cc4f1150-1b3b-46d0-85ab-4b4025636a22,,,
bf16b49d23087bd93b69ed3e8895e7e2c0cee39a,JanainaLudwig,1535912044,janainaludwig@alunos.utfpr.edu.br,Sun Sep 2 15:14:04 2018 -0300,Calendar refactoring ,False,Perfective,False,False,,3.0,5.0,12.0,2.4307697541771303,8937.0,727.0,"build/classes/resources/css/login.css,CAS_DELIMITER,build/classes/resources/images/intro.svg,CAS_DELIMITER,build/classes/resources/images/logo.ai,CAS_DELIMITER,build/classes/resources/images/logo.svg,CAS_DELIMITER,build/classes/resources/images/logonew.ai,CAS_DELIMITER,build/classes/resources/images/logonew.svg,CAS_DELIMITER,out/production/HealthTime/dashboard/view/Dashboard - Copia.fxml,CAS_DELIMITER,out/production/HealthTime/dashboard/view/Dashboard.fxml,CAS_DELIMITER,src/dashboard/Day.java,CAS_DELIMITER,src/dashboard/view/Dashboard - Copia.fxml,CAS_DELIMITER,src/dashboard/view/Dashboard.fxml,CAS_DELIMITER,src/dashboard/view/DashboardController.java,CAS_DELIMITER",134.08333333333334,1.0,1.044247685185185,2.0,9.0,9.0,4.0,0.0,0.0,cc4f1150-1b3b-46d0-85ab-4b4025636a22,,,
e7dda11dbbd9484e4b59068ae3faf3334d973b0e,JanainaLudwig,1535749696,janainaludwig@alunos.utfpr.edu.br,Fri Aug 31 18:08:16 2018 -0300,Login refactoring ,False,Perfective,False,False,,2.0,6.0,14.0,2.9200500936560334,1009.0,168.0,"out/production/HealthTime/dashboard/view/Dashboard - Copia.fxml,CAS_DELIMITER,out/production/HealthTime/dashboard/view/Dashboard.fxml,CAS_DELIMITER,src/DAO/DAODoctorLogin.java,CAS_DELIMITER,src/DAO/DAOPatientLogin.java,CAS_DELIMITER,src/dashboard/view/Dashboard - Copia.fxml,CAS_DELIMITER,src/dashboard/view/Dashboard.fxml,CAS_DELIMITER,src/dashboard/view/DashboardController.java,CAS_DELIMITER,src/healthtime/HealthTime.java,CAS_DELIMITER,src/login/ConsultantLogin.java,CAS_DELIMITER,src/login/DoctorLogin.java,CAS_DELIMITER,src/login/IUserLogin.java,CAS_DELIMITER,src/login/User.java,CAS_DELIMITER,src/login/UserLogin.java,CAS_DELIMITER,src/login/view/LoginController.java,CAS_DELIMITER",78.0,1.0,0.9895924272486772,5.0,8.0,8.0,4.5,0.0,0.0,cc4f1150-1b3b-46d0-85ab-4b4025636a22,,,
ca02da2d96e2ccf2a5692ef2113cfa035c3b4cde,JanainaLudwig,1535641108,janainaludwig@alunos.utfpr.edu.br,Thu Aug 30 11:58:28 2018 -0300,Month exibition of calendar ,False,None,False,False,,2.0,9.0,13.0,2.6009655427274265,3633.0,465.0,"out/production/HealthTime/dashboard/view/Dashboard - Copia.fxml,CAS_DELIMITER,out/production/HealthTime/dashboard/view/Dashboard.fxml,CAS_DELIMITER,out/production/HealthTime/login/view/Login.fxml,CAS_DELIMITER,out/production/HealthTime/resources/css/login.css,CAS_DELIMITER,out/production/HealthTime/resources/images/logo.ai,CAS_DELIMITER,out/production/HealthTime/resources/images/logonew.ai,CAS_DELIMITER,out/production/HealthTime/resources/images/logonew.svg,CAS_DELIMITER,src/dashboard/Day.java,CAS_DELIMITER,src/dashboard/view/Dashboard.fxml,CAS_DELIMITER,src/dashboard/view/DashboardController.java,CAS_DELIMITER,src/login/view/Login.fxml,CAS_DELIMITER,src/resources/css/login.css,CAS_DELIMITER,src/resources/images/logonew.ai,CAS_DELIMITER",86.46153846153847,1.0,0.33670673076923074,2.0,7.0,7.0,3.5,0.0,0.0,cc4f1150-1b3b-46d0-85ab-4b4025636a22,,,
6466d612a2a41dcd6f76ef1f975aad913e40c131,JanainaLudwig,1535641063,janainaludwig@alunos.utfpr.edu.br,Thu Aug 30 11:57:43 2018 -0300,Month exibition of calendar ,False,None,False,False,,1.0,2.0,2.0,0.11911602665564837,5.0,305.0,"src/dashboard/Day.java,CAS_DELIMITER,src/dashboard/view/Dashboard - Copia.fxml,CAS_DELIMITER",152.5,1.0,0.27328125,1.0,6.0,6.0,3.0,0.0,0.0,cc4f1150-1b3b-46d0-85ab-4b4025636a22,,,
339fb9e4b7adab8311003f8290006450000016fd,JanainaLudwig,1535593840,janainaludwig@alunos.utfpr.edu.br,Wed Aug 29 22:50:40 2018 -0300,Login screen ,False,None,False,False,,2.0,10.0,15.0,2.2967055115469446,10740.0,233.0,"out/production/HealthTime/dashboard/view/Dashboard - Copia.fxml,CAS_DELIMITER,out/production/HealthTime/dashboard/view/Dashboard.fxml,CAS_DELIMITER,out/production/HealthTime/login/view/Login.fxml,CAS_DELIMITER,out/production/HealthTime/resources/css/login.css,CAS_DELIMITER,out/production/HealthTime/resources/images/intro.svg,CAS_DELIMITER,src/DAO/DAOUser.java,CAS_DELIMITER,src/dashboard/User.java,CAS_DELIMITER,src/dashboard/view/Dashboard - Copia.fxml,CAS_DELIMITER,src/dashboard/view/Dashboard.fxml,CAS_DELIMITER,src/dashboard/view/DashboardController.java,CAS_DELIMITER,src/login/view/Login.fxml,CAS_DELIMITER,src/resources/css/login.css,CAS_DELIMITER,src/resources/images/intro.svg,CAS_DELIMITER,src/resources/images/logo.ai,CAS_DELIMITER,src/resources/images/logonew.svg,CAS_DELIMITER",51.4,1.0,0.3784591049382716,2.0,5.0,5.0,2.0,0.0,0.0,cc4f1150-1b3b-46d0-85ab-4b4025636a22,,,
0446eb7205941b0c021bb048e3254e643087ef04,JanainaLudwig,1535554649,janainaludwig@alunos.utfpr.edu.br,Wed Aug 29 11:57:29 2018 -0300,Sucessful login goes to patient dashboard ,False,None,False,False,,2.0,8.0,10.0,1.8241173059141478,650.0,39.0,"out/production/HealthTime/dashboard/view/Dashboard.fxml,CAS_DELIMITER,out/production/HealthTime/resources/css/login.css,CAS_DELIMITER,src/DAO/DAOUser.java,CAS_DELIMITER,src/dashboard/User.java,CAS_DELIMITER,src/dashboard/dashboard.java,CAS_DELIMITER,src/dashboard/view/Dashboard.fxml,CAS_DELIMITER,src/dashboard/view/DashboardController.java,CAS_DELIMITER,src/healthtime/HealthTime.java,CAS_DELIMITER,src/login/view/LoginController.java,CAS_DELIMITER,src/resources/css/login.css,CAS_DELIMITER",20.8,1.0,0.6377962962962962,1.0,4.0,4.0,1.0,0.0,0.0,cc4f1150-1b3b-46d0-85ab-4b4025636a22,,,
a5da7c97b8af0dc72e7b0a84723b4d2689337880,JanainaLudwig,1535485983,janainaludwig@alunos.utfpr.edu.br,Tue Aug 28 16:53:03 2018 -0300,Initial database ddl and dml ,False,Feature Addition,False,False,,1.0,1.0,2.0,0.877437311089633,64.0,0.0,"database/healthtime.ddl,CAS_DELIMITER,database/healthtime.dml,CAS_DELIMITER",0.0,0.0,0.0,0.0,3.0,3.0,0.0,0.0,0.0,cc4f1150-1b3b-46d0-85ab-4b4025636a22,,,
b95c686eca66e2357223e9c9025b7207995edc3f,JanainaLudwig,1535485767,janainaludwig@alunos.utfpr.edu.br,Tue Aug 28 16:49:27 2018 -0300,Login module ,False,None,False,False,,5.0,20.0,29.0,2.392903497271597,13082.0,0.0,"HealthTime.iml,CAS_DELIMITER,build.xml,CAS_DELIMITER,build/built-jar.properties,CAS_DELIMITER,build/classes/login/view/Login.fxml,CAS_DELIMITER,dist/HealthTime.html,CAS_DELIMITER,dist/HealthTime.jnlp,CAS_DELIMITER,dist/run1475590214/HealthTime.html,CAS_DELIMITER,dist/run1475590214/HealthTime.jnlp,CAS_DELIMITER,dist/run1475590214/web-files/dtjava.js,CAS_DELIMITER,dist/web-files/dtjava.js,CAS_DELIMITER,manifest.mf,CAS_DELIMITER,out/production/HealthTime/dashboard/view/Dashboard.fxml,CAS_DELIMITER,out/production/HealthTime/login/view/Login.fxml,CAS_DELIMITER,out/production/HealthTime/resources/css/login.css,CAS_DELIMITER,out/production/HealthTime/resources/images/logo.svg,CAS_DELIMITER,src/DAO/DAOLogin.java,CAS_DELIMITER,src/dashboard/dashboard.java,CAS_DELIMITER,src/dashboard/view/Dashboard.fxml,CAS_DELIMITER,src/dashboard/view/DashboardController.java,CAS_DELIMITER,src/database/ConnectionDB.java,CAS_DELIMITER,src/healthtime/HealthTime.java,CAS_DELIMITER,src/login/Consultant.java,CAS_DELIMITER,src/login/Doctor.java,CAS_DELIMITER,src/login/Hash.java,CAS_DELIMITER,src/login/User.java,CAS_DELIMITER,src/login/view/Login.fxml,CAS_DELIMITER,src/login/view/LoginController.java,CAS_DELIMITER,src/resources/css/login.css,CAS_DELIMITER,src/resources/images/logo.svg,CAS_DELIMITER",0.0,0.0,0.0,0.0,2.0,2.0,0.2,0.0,0.0,cc4f1150-1b3b-46d0-85ab-4b4025636a22,,,
cf79d2fc9cfadf4868ea2992f76fdfc39f88729c,JanainaLudwig,1535485678,janainaludwig@alunos.utfpr.edu.br,Tue Aug 28 16:47:58 2018 -0300,.gitignore: netbeans/intelliJ projects ,False,None,False,False,,1.0,1.0,1.0,0.0,2.0,0.0,".gitignore,CAS_DELIMITER",0.0,0.0,0.0,0.0,1.0,1.0,0.0,0.0,0.0,cc4f1150-1b3b-46d0-85ab-4b4025636a22,,,
e5a4e782115f5bbeaa27e522b76519d50a806c26,JanainaLudwig,1535485389,janainaludwig@alunos.utfpr.edu.br,Tue Aug 28 16:43:09 2018 -0300,first commit ,False,None,False,False,,1.0,1.0,1.0,0.0,1.0,0.0,"README.md,CAS_DELIMITER",0.0,0.0,0.0,0.0,0.0,0.0,0.0,0.0,0.0,cc4f1150-1b3b-46d0-85ab-4b4025636a22,,,
